2022-10-14 11:01:17 [restartedMain] INFO  com.capstone.LoanApiApplication - Starting LoanApiApplication using Java 17.0.2 on MOHAN with PID 2404 (C:\Users\mohan\Downloads\Natwest Capstone\frontend\spring-master\loan-api\target\classes started by mohan in C:\Users\mohan\Downloads\Natwest Capstone\frontend\spring-master\loan-api)
2022-10-14 11:01:17 [restartedMain] INFO  com.capstone.LoanApiApplication - No active profile set, falling back to 1 default profile: "default"
2022-10-14 11:01:17 [restartedMain] INFO  o.s.b.d.e.DevToolsPropertyDefaultsPostProcessor - Devtools property defaults active! Set 'spring.devtools.add-properties' to 'false' to disable
2022-10-14 11:01:17 [restartedMain] INFO  o.s.b.d.e.DevToolsPropertyDefaultsPostProcessor - For additional web related logging consider setting the 'logging.level.web' property to 'DEBUG'
2022-10-14 11:01:17 [restartedMain] INFO  o.s.d.r.c.RepositoryConfigurationDelegate - Bootstrapping Spring Data JPA repositories in DEFAULT mode.
2022-10-14 11:01:18 [restartedMain] INFO  o.s.d.r.c.RepositoryConfigurationDelegate - Finished Spring Data repository scanning in 128 ms. Found 1 JPA repository interfaces.
2022-10-14 11:01:18 [restartedMain] INFO  o.s.cloud.context.scope.GenericScope - BeanFactory id=45fe97d3-c3fe-391b-82f8-b9579b09bcd6
2022-10-14 11:01:19 [restartedMain] INFO  o.s.b.w.e.tomcat.TomcatWebServer - Tomcat initialized with port(s): 8084 (http)
2022-10-14 11:01:19 [restartedMain] INFO  o.a.coyote.http11.Http11NioProtocol - Initializing ProtocolHandler ["http-nio-8084"]
2022-10-14 11:01:19 [restartedMain] INFO  o.a.catalina.core.StandardService - Starting service [Tomcat]
2022-10-14 11:01:19 [restartedMain] INFO  o.a.catalina.core.StandardEngine - Starting Servlet engine: [Apache Tomcat/9.0.65]
2022-10-14 11:01:19 [restartedMain] INFO  o.a.c.c.C.[Tomcat].[localhost].[/] - Initializing Spring embedded WebApplicationContext
2022-10-14 11:01:19 [restartedMain] INFO  o.s.b.w.s.c.ServletWebServerApplicationContext - Root WebApplicationContext: initialization completed in 2222 ms
2022-10-14 11:01:19 [restartedMain] INFO  o.a.catalina.core.StandardContext - Suspicious URL pattern: [/api/**] in context [], see sections 12.1 and 12.2 of the Servlet specification
2022-10-14 11:01:19 [restartedMain] INFO  o.h.jpa.internal.util.LogHelper - HHH000204: Processing PersistenceUnitInfo [name: default]
2022-10-14 11:01:19 [restartedMain] INFO  org.hibernate.Version - HHH000412: Hibernate ORM core version 5.6.11.Final
2022-10-14 11:01:19 [restartedMain] INFO  o.h.annotations.common.Version - HCANN000001: Hibernate Commons Annotations {5.1.2.Final}
2022-10-14 11:01:20 [restartedMain] INFO  com.zaxxer.hikari.HikariDataSource - HikariPool-1 - Starting...
2022-10-14 11:01:20 [restartedMain] INFO  com.zaxxer.hikari.HikariDataSource - HikariPool-1 - Start completed.
2022-10-14 11:01:20 [restartedMain] INFO  org.hibernate.dialect.Dialect - HHH000400: Using dialect: org.hibernate.dialect.MySQL8Dialect
2022-10-14 11:01:21 [restartedMain] INFO  o.h.e.t.j.p.i.JtaPlatformInitiator - HHH000490: Using JtaPlatform implementation: [org.hibernate.engine.transaction.jta.platform.internal.NoJtaPlatform]
2022-10-14 11:01:21 [restartedMain] INFO  o.s.o.j.LocalContainerEntityManagerFactoryBean - Initialized JPA EntityManagerFactory for persistence unit 'default'
2022-10-14 11:01:21 [restartedMain] WARN  o.s.b.a.o.j.JpaBaseConfiguration$JpaWebConfiguration - spring.jpa.open-in-view is enabled by default. Therefore, database queries may be performed during view rendering. Explicitly configure spring.jpa.open-in-view to disable this warning
2022-10-14 11:01:21 [restartedMain] WARN  o.s.b.d.a.OptionalLiveReloadServer - Unable to start LiveReload server
2022-10-14 11:01:22 [restartedMain] INFO  o.s.c.n.e.c.DiscoveryClientOptionalArgsConfiguration - Eureka HTTP Client uses RestTemplate.
2022-10-14 11:01:22 [restartedMain] WARN  o.s.c.l.c.LoadBalancerCacheAutoConfiguration$LoadBalancerCaffeineWarnLogger - Spring Cloud LoadBalancer is currently working with the default cache. While this cache implementation is useful for development and tests, it's recommended to use Caffeine cache in production.You can switch to using Caffeine cache, by adding it and org.springframework.cache.caffeine.CaffeineCacheManager to the classpath.
2022-10-14 11:01:22 [restartedMain] INFO  o.s.c.n.eureka.InstanceInfoFactory - Setting initial instance status as: STARTING
2022-10-14 11:01:22 [restartedMain] INFO  c.netflix.discovery.DiscoveryClient - Initializing Eureka in region us-east-1
2022-10-14 11:01:22 [restartedMain] INFO  c.n.d.s.r.aws.ConfigClusterResolver - Resolving eureka endpoints via configuration
2022-10-14 11:01:22 [restartedMain] INFO  c.netflix.discovery.DiscoveryClient - Disable delta property : false
2022-10-14 11:01:22 [restartedMain] INFO  c.netflix.discovery.DiscoveryClient - Single vip registry refresh property : null
2022-10-14 11:01:22 [restartedMain] INFO  c.netflix.discovery.DiscoveryClient - Force full registry fetch : false
2022-10-14 11:01:22 [restartedMain] INFO  c.netflix.discovery.DiscoveryClient - Application is null : false
2022-10-14 11:01:22 [restartedMain] INFO  c.netflix.discovery.DiscoveryClient - Registered Applications size is zero : true
2022-10-14 11:01:22 [restartedMain] INFO  c.netflix.discovery.DiscoveryClient - Application version is -1: true
2022-10-14 11:01:22 [restartedMain] INFO  c.netflix.discovery.DiscoveryClient - Getting all instance registry info from the eureka server
2022-10-14 11:01:22 [restartedMain] INFO  c.n.d.s.t.d.RedirectingEurekaHttpClient - Request execution error. endpoint=DefaultEndpoint{ serviceUrl='http://localhost:8761/eureka/}, exception=I/O error on GET request for "http://localhost:8761/eureka/apps/": Connect to localhost:8761 [localhost/127.0.0.1, localhost/0:0:0:0:0:0:0:1] failed: Connection refused: connect; nested exception is org.apache.http.conn.HttpHostConnectException: Connect to localhost:8761 [localhost/127.0.0.1, localhost/0:0:0:0:0:0:0:1] failed: Connection refused: connect stacktrace=org.springframework.web.client.ResourceAccessException: I/O error on GET request for "http://localhost:8761/eureka/apps/": Connect to localhost:8761 [localhost/127.0.0.1, localhost/0:0:0:0:0:0:0:1] failed: Connection refused: connect; nested exception is org.apache.http.conn.HttpHostConnectException: Connect to localhost:8761 [localhost/127.0.0.1, localhost/0:0:0:0:0:0:0:1] failed: Connection refused: connect
	at org.springframework.web.client.RestTemplate.doExecute(RestTemplate.java:785)
	at org.springframework.web.client.RestTemplate.execute(RestTemplate.java:711)
	at org.springframework.web.client.RestTemplate.exchange(RestTemplate.java:602)
	at org.springframework.cloud.netflix.eureka.http.RestTemplateEurekaHttpClient.getApplicationsInternal(RestTemplateEurekaHttpClient.java:145)
	at org.springframework.cloud.netflix.eureka.http.RestTemplateEurekaHttpClient.getApplications(RestTemplateEurekaHttpClient.java:135)
	at com.netflix.discovery.shared.transport.decorator.EurekaHttpClientDecorator$6.execute(EurekaHttpClientDecorator.java:137)
	at com.netflix.discovery.shared.transport.decorator.RedirectingEurekaHttpClient.executeOnNewServer(RedirectingEurekaHttpClient.java:121)
	at com.netflix.discovery.shared.transport.decorator.RedirectingEurekaHttpClient.execute(RedirectingEurekaHttpClient.java:80)
	at com.netflix.discovery.shared.transport.decorator.EurekaHttpClientDecorator.getApplications(EurekaHttpClientDecorator.java:134)
	at com.netflix.discovery.shared.transport.decorator.EurekaHttpClientDecorator$6.execute(EurekaHttpClientDecorator.java:137)
	at com.netflix.discovery.shared.transport.decorator.RetryableEurekaHttpClient.execute(RetryableEurekaHttpClient.java:120)
	at com.netflix.discovery.shared.transport.decorator.EurekaHttpClientDecorator.getApplications(EurekaHttpClientDecorator.java:134)
	at com.netflix.discovery.shared.transport.decorator.EurekaHttpClientDecorator$6.execute(EurekaHttpClientDecorator.java:137)
	at com.netflix.discovery.shared.transport.decorator.SessionedEurekaHttpClient.execute(SessionedEurekaHttpClient.java:77)
	at com.netflix.discovery.shared.transport.decorator.EurekaHttpClientDecorator.getApplications(EurekaHttpClientDecorator.java:134)
	at com.netflix.discovery.DiscoveryClient.getAndStoreFullRegistry(DiscoveryClient.java:1101)
	at com.netflix.discovery.DiscoveryClient.fetchRegistry(DiscoveryClient.java:1014)
	at com.netflix.discovery.DiscoveryClient.<init>(DiscoveryClient.java:441)
	at com.netflix.discovery.DiscoveryClient.<init>(DiscoveryClient.java:283)
	at com.netflix.discovery.DiscoveryClient.<init>(DiscoveryClient.java:279)
	at org.springframework.cloud.netflix.eureka.CloudEurekaClient.<init>(CloudEurekaClient.java:66)
	at org.springframework.cloud.netflix.eureka.EurekaClientAutoConfiguration$RefreshableEurekaClientConfiguration.eurekaClient(EurekaClientAutoConfiguration.java:295)
	at java.base/jdk.internal.reflect.NativeMethodAccessorImpl.invoke0(Native Method)
	at java.base/jdk.internal.reflect.NativeMethodAccessorImpl.invoke(NativeMethodAccessorImpl.java:77)
	at java.base/jdk.internal.reflect.DelegatingMethodAccessorImpl.invoke(DelegatingMethodAccessorImpl.java:43)
	at java.base/java.lang.reflect.Method.invoke(Method.java:568)
	at org.springframework.beans.factory.support.SimpleInstantiationStrategy.instantiate(SimpleInstantiationStrategy.java:154)
	at org.springframework.beans.factory.support.ConstructorResolver.instantiate(ConstructorResolver.java:653)
	at org.springframework.beans.factory.support.ConstructorResolver.instantiateUsingFactoryMethod(ConstructorResolver.java:638)
	at org.springframework.beans.factory.support.AbstractAutowireCapableBeanFactory.instantiateUsingFactoryMethod(AbstractAutowireCapableBeanFactory.java:1352)
	at org.springframework.beans.factory.support.AbstractAutowireCapableBeanFactory.createBeanInstance(AbstractAutowireCapableBeanFactory.java:1195)
	at org.springframework.beans.factory.support.AbstractAutowireCapableBeanFactory.doCreateBean(AbstractAutowireCapableBeanFactory.java:582)
	at org.springframework.beans.factory.support.AbstractAutowireCapableBeanFactory.createBean(AbstractAutowireCapableBeanFactory.java:542)
	at org.springframework.beans.factory.support.AbstractBeanFactory.lambda$doGetBean$1(AbstractBeanFactory.java:374)
	at org.springframework.cloud.context.scope.GenericScope$BeanLifecycleWrapper.getBean(GenericScope.java:376)
	at org.springframework.cloud.context.scope.GenericScope.get(GenericScope.java:179)
	at org.springframework.beans.factory.support.AbstractBeanFactory.doGetBean(AbstractBeanFactory.java:371)
	at org.springframework.beans.factory.support.AbstractBeanFactory.getBean(AbstractBeanFactory.java:208)
	at org.springframework.aop.target.SimpleBeanTargetSource.getTarget(SimpleBeanTargetSource.java:35)
	at org.springframework.cloud.netflix.eureka.serviceregistry.EurekaRegistration.getTargetObject(EurekaRegistration.java:127)
	at org.springframework.cloud.netflix.eureka.serviceregistry.EurekaRegistration.getEurekaClient(EurekaRegistration.java:115)
	at java.base/jdk.internal.reflect.NativeMethodAccessorImpl.invoke0(Native Method)
	at java.base/jdk.internal.reflect.NativeMethodAccessorImpl.invoke(NativeMethodAccessorImpl.java:77)
	at java.base/jdk.internal.reflect.DelegatingMethodAccessorImpl.invoke(DelegatingMethodAccessorImpl.java:43)
	at java.base/java.lang.reflect.Method.invoke(Method.java:568)
	at org.springframework.util.ReflectionUtils.invokeMethod(ReflectionUtils.java:282)
	at org.springframework.cloud.context.scope.GenericScope$LockedScopedProxyFactoryBean.invoke(GenericScope.java:485)
	at org.springframework.aop.framework.ReflectiveMethodInvocation.proceed(ReflectiveMethodInvocation.java:186)
	at org.springframework.aop.framework.CglibAopProxy$CglibMethodInvocation.proceed(CglibAopProxy.java:763)
	at org.springframework.aop.framework.CglibAopProxy$DynamicAdvisedInterceptor.intercept(CglibAopProxy.java:708)
	at org.springframework.cloud.netflix.eureka.serviceregistry.EurekaRegistration$$EnhancerBySpringCGLIB$$ddaf49dd.getEurekaClient(<generated>)
	at org.springframework.cloud.netflix.eureka.serviceregistry.EurekaServiceRegistry.maybeInitializeClient(EurekaServiceRegistry.java:54)
	at org.springframework.cloud.netflix.eureka.serviceregistry.EurekaServiceRegistry.register(EurekaServiceRegistry.java:38)
	at org.springframework.cloud.netflix.eureka.serviceregistry.EurekaAutoServiceRegistration.start(EurekaAutoServiceRegistration.java:83)
	at org.springframework.context.support.DefaultLifecycleProcessor.doStart(DefaultLifecycleProcessor.java:178)
	at org.springframework.context.support.DefaultLifecycleProcessor.access$200(DefaultLifecycleProcessor.java:54)
	at org.springframework.context.support.DefaultLifecycleProcessor$LifecycleGroup.start(DefaultLifecycleProcessor.java:356)
	at java.base/java.lang.Iterable.forEach(Iterable.java:75)
	at org.springframework.context.support.DefaultLifecycleProcessor.startBeans(DefaultLifecycleProcessor.java:155)
	at org.springframework.context.support.DefaultLifecycleProcessor.onRefresh(DefaultLifecycleProcessor.java:123)
	at org.springframework.context.support.AbstractApplicationContext.finishRefresh(AbstractApplicationContext.java:935)
	at org.springframework.context.support.AbstractApplicationContext.refresh(AbstractApplicationContext.java:586)
	at org.springframework.boot.web.servlet.context.ServletWebServerApplicationContext.refresh(ServletWebServerApplicationContext.java:147)
	at org.springframework.boot.SpringApplication.refresh(SpringApplication.java:734)
	at org.springframework.boot.SpringApplication.refreshContext(SpringApplication.java:408)
	at org.springframework.boot.SpringApplication.run(SpringApplication.java:308)
	at org.springframework.boot.SpringApplication.run(SpringApplication.java:1306)
	at org.springframework.boot.SpringApplication.run(SpringApplication.java:1295)
	at com.capstone.LoanApiApplication.main(LoanApiApplication.java:14)
	at java.base/jdk.internal.reflect.NativeMethodAccessorImpl.invoke0(Native Method)
	at java.base/jdk.internal.reflect.NativeMethodAccessorImpl.invoke(NativeMethodAccessorImpl.java:77)
	at java.base/jdk.internal.reflect.DelegatingMethodAccessorImpl.invoke(DelegatingMethodAccessorImpl.java:43)
	at java.base/java.lang.reflect.Method.invoke(Method.java:568)
	at org.springframework.boot.devtools.restart.RestartLauncher.run(RestartLauncher.java:49)
Caused by: org.apache.http.conn.HttpHostConnectException: Connect to localhost:8761 [localhost/127.0.0.1, localhost/0:0:0:0:0:0:0:1] failed: Connection refused: connect
	at org.apache.http.impl.conn.DefaultHttpClientConnectionOperator.connect(DefaultHttpClientConnectionOperator.java:156)
	at org.apache.http.impl.conn.PoolingHttpClientConnectionManager.connect(PoolingHttpClientConnectionManager.java:376)
	at org.apache.http.impl.execchain.MainClientExec.establishRoute(MainClientExec.java:393)
	at org.apache.http.impl.execchain.MainClientExec.execute(MainClientExec.java:236)
	at org.apache.http.impl.execchain.ProtocolExec.execute(ProtocolExec.java:186)
	at org.apache.http.impl.execchain.RetryExec.execute(RetryExec.java:89)
	at org.apache.http.impl.execchain.RedirectExec.execute(RedirectExec.java:110)
	at org.apache.http.impl.client.InternalHttpClient.doExecute(InternalHttpClient.java:185)
	at org.apache.http.impl.client.CloseableHttpClient.execute(CloseableHttpClient.java:83)
	at org.apache.http.impl.client.CloseableHttpClient.execute(CloseableHttpClient.java:56)
	at org.springframework.http.client.HttpComponentsClientHttpRequest.executeInternal(HttpComponentsClientHttpRequest.java:87)
	at org.springframework.http.client.AbstractBufferingClientHttpRequest.executeInternal(AbstractBufferingClientHttpRequest.java:48)
	at org.springframework.http.client.AbstractClientHttpRequest.execute(AbstractClientHttpRequest.java:66)
	at org.springframework.web.client.RestTemplate.doExecute(RestTemplate.java:776)
	... 73 more
Caused by: java.net.ConnectException: Connection refused: connect
	at java.base/sun.nio.ch.Net.connect0(Native Method)
	at java.base/sun.nio.ch.Net.connect(Net.java:579)
	at java.base/sun.nio.ch.Net.connect(Net.java:568)
	at java.base/sun.nio.ch.NioSocketImpl.connect(NioSocketImpl.java:588)
	at java.base/java.net.SocksSocketImpl.connect(SocksSocketImpl.java:327)
	at java.base/java.net.Socket.connect(Socket.java:633)
	at org.apache.http.conn.socket.PlainConnectionSocketFactory.connectSocket(PlainConnectionSocketFactory.java:75)
	at org.apache.http.impl.conn.DefaultHttpClientConnectionOperator.connect(DefaultHttpClientConnectionOperator.java:142)
	... 86 more

2022-10-14 11:01:22 [restartedMain] WARN  c.n.d.s.t.d.RetryableEurekaHttpClient - Request execution failed with message: I/O error on GET request for "http://localhost:8761/eureka/apps/": Connect to localhost:8761 [localhost/127.0.0.1, localhost/0:0:0:0:0:0:0:1] failed: Connection refused: connect; nested exception is org.apache.http.conn.HttpHostConnectException: Connect to localhost:8761 [localhost/127.0.0.1, localhost/0:0:0:0:0:0:0:1] failed: Connection refused: connect
2022-10-14 11:01:22 [restartedMain] INFO  c.netflix.discovery.DiscoveryClient - DiscoveryClient_LOAN-API/192.168.0.7:loan-api:8084 - was unable to refresh its cache! This periodic background refresh will be retried in 30 seconds. status = Cannot execute request on any known server stacktrace = com.netflix.discovery.shared.transport.TransportException: Cannot execute request on any known server
	at com.netflix.discovery.shared.transport.decorator.RetryableEurekaHttpClient.execute(RetryableEurekaHttpClient.java:112)
	at com.netflix.discovery.shared.transport.decorator.EurekaHttpClientDecorator.getApplications(EurekaHttpClientDecorator.java:134)
	at com.netflix.discovery.shared.transport.decorator.EurekaHttpClientDecorator$6.execute(EurekaHttpClientDecorator.java:137)
	at com.netflix.discovery.shared.transport.decorator.SessionedEurekaHttpClient.execute(SessionedEurekaHttpClient.java:77)
	at com.netflix.discovery.shared.transport.decorator.EurekaHttpClientDecorator.getApplications(EurekaHttpClientDecorator.java:134)
	at com.netflix.discovery.DiscoveryClient.getAndStoreFullRegistry(DiscoveryClient.java:1101)
	at com.netflix.discovery.DiscoveryClient.fetchRegistry(DiscoveryClient.java:1014)
	at com.netflix.discovery.DiscoveryClient.<init>(DiscoveryClient.java:441)
	at com.netflix.discovery.DiscoveryClient.<init>(DiscoveryClient.java:283)
	at com.netflix.discovery.DiscoveryClient.<init>(DiscoveryClient.java:279)
	at org.springframework.cloud.netflix.eureka.CloudEurekaClient.<init>(CloudEurekaClient.java:66)
	at org.springframework.cloud.netflix.eureka.EurekaClientAutoConfiguration$RefreshableEurekaClientConfiguration.eurekaClient(EurekaClientAutoConfiguration.java:295)
	at java.base/jdk.internal.reflect.NativeMethodAccessorImpl.invoke0(Native Method)
	at java.base/jdk.internal.reflect.NativeMethodAccessorImpl.invoke(NativeMethodAccessorImpl.java:77)
	at java.base/jdk.internal.reflect.DelegatingMethodAccessorImpl.invoke(DelegatingMethodAccessorImpl.java:43)
	at java.base/java.lang.reflect.Method.invoke(Method.java:568)
	at org.springframework.beans.factory.support.SimpleInstantiationStrategy.instantiate(SimpleInstantiationStrategy.java:154)
	at org.springframework.beans.factory.support.ConstructorResolver.instantiate(ConstructorResolver.java:653)
	at org.springframework.beans.factory.support.ConstructorResolver.instantiateUsingFactoryMethod(ConstructorResolver.java:638)
	at org.springframework.beans.factory.support.AbstractAutowireCapableBeanFactory.instantiateUsingFactoryMethod(AbstractAutowireCapableBeanFactory.java:1352)
	at org.springframework.beans.factory.support.AbstractAutowireCapableBeanFactory.createBeanInstance(AbstractAutowireCapableBeanFactory.java:1195)
	at org.springframework.beans.factory.support.AbstractAutowireCapableBeanFactory.doCreateBean(AbstractAutowireCapableBeanFactory.java:582)
	at org.springframework.beans.factory.support.AbstractAutowireCapableBeanFactory.createBean(AbstractAutowireCapableBeanFactory.java:542)
	at org.springframework.beans.factory.support.AbstractBeanFactory.lambda$doGetBean$1(AbstractBeanFactory.java:374)
	at org.springframework.cloud.context.scope.GenericScope$BeanLifecycleWrapper.getBean(GenericScope.java:376)
	at org.springframework.cloud.context.scope.GenericScope.get(GenericScope.java:179)
	at org.springframework.beans.factory.support.AbstractBeanFactory.doGetBean(AbstractBeanFactory.java:371)
	at org.springframework.beans.factory.support.AbstractBeanFactory.getBean(AbstractBeanFactory.java:208)
	at org.springframework.aop.target.SimpleBeanTargetSource.getTarget(SimpleBeanTargetSource.java:35)
	at org.springframework.cloud.netflix.eureka.serviceregistry.EurekaRegistration.getTargetObject(EurekaRegistration.java:127)
	at org.springframework.cloud.netflix.eureka.serviceregistry.EurekaRegistration.getEurekaClient(EurekaRegistration.java:115)
	at java.base/jdk.internal.reflect.NativeMethodAccessorImpl.invoke0(Native Method)
	at java.base/jdk.internal.reflect.NativeMethodAccessorImpl.invoke(NativeMethodAccessorImpl.java:77)
	at java.base/jdk.internal.reflect.DelegatingMethodAccessorImpl.invoke(DelegatingMethodAccessorImpl.java:43)
	at java.base/java.lang.reflect.Method.invoke(Method.java:568)
	at org.springframework.util.ReflectionUtils.invokeMethod(ReflectionUtils.java:282)
	at org.springframework.cloud.context.scope.GenericScope$LockedScopedProxyFactoryBean.invoke(GenericScope.java:485)
	at org.springframework.aop.framework.ReflectiveMethodInvocation.proceed(ReflectiveMethodInvocation.java:186)
	at org.springframework.aop.framework.CglibAopProxy$CglibMethodInvocation.proceed(CglibAopProxy.java:763)
	at org.springframework.aop.framework.CglibAopProxy$DynamicAdvisedInterceptor.intercept(CglibAopProxy.java:708)
	at org.springframework.cloud.netflix.eureka.serviceregistry.EurekaRegistration$$EnhancerBySpringCGLIB$$ddaf49dd.getEurekaClient(<generated>)
	at org.springframework.cloud.netflix.eureka.serviceregistry.EurekaServiceRegistry.maybeInitializeClient(EurekaServiceRegistry.java:54)
	at org.springframework.cloud.netflix.eureka.serviceregistry.EurekaServiceRegistry.register(EurekaServiceRegistry.java:38)
	at org.springframework.cloud.netflix.eureka.serviceregistry.EurekaAutoServiceRegistration.start(EurekaAutoServiceRegistration.java:83)
	at org.springframework.context.support.DefaultLifecycleProcessor.doStart(DefaultLifecycleProcessor.java:178)
	at org.springframework.context.support.DefaultLifecycleProcessor.access$200(DefaultLifecycleProcessor.java:54)
	at org.springframework.context.support.DefaultLifecycleProcessor$LifecycleGroup.start(DefaultLifecycleProcessor.java:356)
	at java.base/java.lang.Iterable.forEach(Iterable.java:75)
	at org.springframework.context.support.DefaultLifecycleProcessor.startBeans(DefaultLifecycleProcessor.java:155)
	at org.springframework.context.support.DefaultLifecycleProcessor.onRefresh(DefaultLifecycleProcessor.java:123)
	at org.springframework.context.support.AbstractApplicationContext.finishRefresh(AbstractApplicationContext.java:935)
	at org.springframework.context.support.AbstractApplicationContext.refresh(AbstractApplicationContext.java:586)
	at org.springframework.boot.web.servlet.context.ServletWebServerApplicationContext.refresh(ServletWebServerApplicationContext.java:147)
	at org.springframework.boot.SpringApplication.refresh(SpringApplication.java:734)
	at org.springframework.boot.SpringApplication.refreshContext(SpringApplication.java:408)
	at org.springframework.boot.SpringApplication.run(SpringApplication.java:308)
	at org.springframework.boot.SpringApplication.run(SpringApplication.java:1306)
	at org.springframework.boot.SpringApplication.run(SpringApplication.java:1295)
	at com.capstone.LoanApiApplication.main(LoanApiApplication.java:14)
	at java.base/jdk.internal.reflect.NativeMethodAccessorImpl.invoke0(Native Method)
	at java.base/jdk.internal.reflect.NativeMethodAccessorImpl.invoke(NativeMethodAccessorImpl.java:77)
	at java.base/jdk.internal.reflect.DelegatingMethodAccessorImpl.invoke(DelegatingMethodAccessorImpl.java:43)
	at java.base/java.lang.reflect.Method.invoke(Method.java:568)
	at org.springframework.boot.devtools.restart.RestartLauncher.run(RestartLauncher.java:49)

2022-10-14 11:01:22 [restartedMain] INFO  c.netflix.discovery.DiscoveryClient - Initial registry fetch from primary servers failed
2022-10-14 11:01:22 [restartedMain] WARN  c.netflix.discovery.DiscoveryClient - Using default backup registry implementation which does not do anything.
2022-10-14 11:01:22 [restartedMain] INFO  c.netflix.discovery.DiscoveryClient - Initial registry fetch from backup servers failed
2022-10-14 11:01:22 [restartedMain] INFO  c.netflix.discovery.DiscoveryClient - Starting heartbeat executor: renew interval is: 30
2022-10-14 11:01:22 [restartedMain] INFO  c.n.discovery.InstanceInfoReplicator - InstanceInfoReplicator onDemand update allowed rate per min is 4
2022-10-14 11:01:22 [restartedMain] INFO  c.netflix.discovery.DiscoveryClient - Discovery Client initialized at timestamp 1665725482912 with initial instances count: 0
2022-10-14 11:01:22 [restartedMain] INFO  o.s.c.n.e.s.EurekaServiceRegistry - Registering application LOAN-API with eureka with status UP
2022-10-14 11:01:22 [restartedMain] INFO  c.netflix.discovery.DiscoveryClient - Saw local status change event StatusChangeEvent [timestamp=1665725482918, current=UP, previous=STARTING]
2022-10-14 11:01:22 [DiscoveryClient-InstanceInfoReplicator-0] INFO  c.netflix.discovery.DiscoveryClient - DiscoveryClient_LOAN-API/192.168.0.7:loan-api:8084: registering service...
2022-10-14 11:01:22 [restartedMain] INFO  o.a.coyote.http11.Http11NioProtocol - Starting ProtocolHandler ["http-nio-8084"]
2022-10-14 11:01:22 [restartedMain] INFO  o.s.b.w.e.tomcat.TomcatWebServer - Tomcat started on port(s): 8084 (http) with context path ''
2022-10-14 11:01:22 [restartedMain] INFO  o.s.c.n.e.s.EurekaAutoServiceRegistration - Updating port to 8084
2022-10-14 11:01:22 [DiscoveryClient-InstanceInfoReplicator-0] INFO  c.n.d.s.t.d.RedirectingEurekaHttpClient - Request execution error. endpoint=DefaultEndpoint{ serviceUrl='http://localhost:8761/eureka/}, exception=I/O error on POST request for "http://localhost:8761/eureka/apps/LOAN-API": Connect to localhost:8761 [localhost/127.0.0.1, localhost/0:0:0:0:0:0:0:1] failed: Connection refused: connect; nested exception is org.apache.http.conn.HttpHostConnectException: Connect to localhost:8761 [localhost/127.0.0.1, localhost/0:0:0:0:0:0:0:1] failed: Connection refused: connect stacktrace=org.springframework.web.client.ResourceAccessException: I/O error on POST request for "http://localhost:8761/eureka/apps/LOAN-API": Connect to localhost:8761 [localhost/127.0.0.1, localhost/0:0:0:0:0:0:0:1] failed: Connection refused: connect; nested exception is org.apache.http.conn.HttpHostConnectException: Connect to localhost:8761 [localhost/127.0.0.1, localhost/0:0:0:0:0:0:0:1] failed: Connection refused: connect
	at org.springframework.web.client.RestTemplate.doExecute(RestTemplate.java:785)
	at org.springframework.web.client.RestTemplate.execute(RestTemplate.java:711)
	at org.springframework.web.client.RestTemplate.exchange(RestTemplate.java:602)
	at org.springframework.cloud.netflix.eureka.http.RestTemplateEurekaHttpClient.register(RestTemplateEurekaHttpClient.java:77)
	at com.netflix.discovery.shared.transport.decorator.EurekaHttpClientDecorator$1.execute(EurekaHttpClientDecorator.java:59)
	at com.netflix.discovery.shared.transport.decorator.RedirectingEurekaHttpClient.executeOnNewServer(RedirectingEurekaHttpClient.java:121)
	at com.netflix.discovery.shared.transport.decorator.RedirectingEurekaHttpClient.execute(RedirectingEurekaHttpClient.java:80)
	at com.netflix.discovery.shared.transport.decorator.EurekaHttpClientDecorator.register(EurekaHttpClientDecorator.java:56)
	at com.netflix.discovery.shared.transport.decorator.EurekaHttpClientDecorator$1.execute(EurekaHttpClientDecorator.java:59)
	at com.netflix.discovery.shared.transport.decorator.RetryableEurekaHttpClient.execute(RetryableEurekaHttpClient.java:120)
	at com.netflix.discovery.shared.transport.decorator.EurekaHttpClientDecorator.register(EurekaHttpClientDecorator.java:56)
	at com.netflix.discovery.shared.transport.decorator.EurekaHttpClientDecorator$1.execute(EurekaHttpClientDecorator.java:59)
	at com.netflix.discovery.shared.transport.decorator.SessionedEurekaHttpClient.execute(SessionedEurekaHttpClient.java:77)
	at com.netflix.discovery.shared.transport.decorator.EurekaHttpClientDecorator.register(EurekaHttpClientDecorator.java:56)
	at com.netflix.discovery.DiscoveryClient.register(DiscoveryClient.java:876)
	at com.netflix.discovery.InstanceInfoReplicator.run(InstanceInfoReplicator.java:121)
	at com.netflix.discovery.InstanceInfoReplicator$1.run(InstanceInfoReplicator.java:101)
	at java.base/java.util.concurrent.Executors$RunnableAdapter.call(Executors.java:539)
	at java.base/java.util.concurrent.FutureTask.run(FutureTask.java:264)
	at java.base/java.util.concurrent.ScheduledThreadPoolExecutor$ScheduledFutureTask.run(ScheduledThreadPoolExecutor.java:304)
	at java.base/java.util.concurrent.ThreadPoolExecutor.runWorker(ThreadPoolExecutor.java:1136)
	at java.base/java.util.concurrent.ThreadPoolExecutor$Worker.run(ThreadPoolExecutor.java:635)
	at java.base/java.lang.Thread.run(Thread.java:833)
Caused by: org.apache.http.conn.HttpHostConnectException: Connect to localhost:8761 [localhost/127.0.0.1, localhost/0:0:0:0:0:0:0:1] failed: Connection refused: connect
	at org.apache.http.impl.conn.DefaultHttpClientConnectionOperator.connect(DefaultHttpClientConnectionOperator.java:156)
	at org.apache.http.impl.conn.PoolingHttpClientConnectionManager.connect(PoolingHttpClientConnectionManager.java:376)
	at org.apache.http.impl.execchain.MainClientExec.establishRoute(MainClientExec.java:393)
	at org.apache.http.impl.execchain.MainClientExec.execute(MainClientExec.java:236)
	at org.apache.http.impl.execchain.ProtocolExec.execute(ProtocolExec.java:186)
	at org.apache.http.impl.execchain.RetryExec.execute(RetryExec.java:89)
	at org.apache.http.impl.execchain.RedirectExec.execute(RedirectExec.java:110)
	at org.apache.http.impl.client.InternalHttpClient.doExecute(InternalHttpClient.java:185)
	at org.apache.http.impl.client.CloseableHttpClient.execute(CloseableHttpClient.java:83)
	at org.apache.http.impl.client.CloseableHttpClient.execute(CloseableHttpClient.java:56)
	at org.springframework.http.client.HttpComponentsClientHttpRequest.executeInternal(HttpComponentsClientHttpRequest.java:87)
	at org.springframework.http.client.AbstractBufferingClientHttpRequest.executeInternal(AbstractBufferingClientHttpRequest.java:48)
	at org.springframework.http.client.AbstractClientHttpRequest.execute(AbstractClientHttpRequest.java:66)
	at org.springframework.web.client.RestTemplate.doExecute(RestTemplate.java:776)
	... 22 more
Caused by: java.net.ConnectException: Connection refused: connect
	at java.base/sun.nio.ch.Net.connect0(Native Method)
	at java.base/sun.nio.ch.Net.connect(Net.java:579)
	at java.base/sun.nio.ch.Net.connect(Net.java:568)
	at java.base/sun.nio.ch.NioSocketImpl.connect(NioSocketImpl.java:588)
	at java.base/java.net.SocksSocketImpl.connect(SocksSocketImpl.java:327)
	at java.base/java.net.Socket.connect(Socket.java:633)
	at org.apache.http.conn.socket.PlainConnectionSocketFactory.connectSocket(PlainConnectionSocketFactory.java:75)
	at org.apache.http.impl.conn.DefaultHttpClientConnectionOperator.connect(DefaultHttpClientConnectionOperator.java:142)
	... 35 more

2022-10-14 11:01:22 [DiscoveryClient-InstanceInfoReplicator-0] WARN  c.n.d.s.t.d.RetryableEurekaHttpClient - Request execution failed with message: I/O error on POST request for "http://localhost:8761/eureka/apps/LOAN-API": Connect to localhost:8761 [localhost/127.0.0.1, localhost/0:0:0:0:0:0:0:1] failed: Connection refused: connect; nested exception is org.apache.http.conn.HttpHostConnectException: Connect to localhost:8761 [localhost/127.0.0.1, localhost/0:0:0:0:0:0:0:1] failed: Connection refused: connect
2022-10-14 11:01:22 [DiscoveryClient-InstanceInfoReplicator-0] WARN  c.netflix.discovery.DiscoveryClient - DiscoveryClient_LOAN-API/192.168.0.7:loan-api:8084 - registration failed Cannot execute request on any known server
com.netflix.discovery.shared.transport.TransportException: Cannot execute request on any known server
	at com.netflix.discovery.shared.transport.decorator.RetryableEurekaHttpClient.execute(RetryableEurekaHttpClient.java:112)
	at com.netflix.discovery.shared.transport.decorator.EurekaHttpClientDecorator.register(EurekaHttpClientDecorator.java:56)
	at com.netflix.discovery.shared.transport.decorator.EurekaHttpClientDecorator$1.execute(EurekaHttpClientDecorator.java:59)
	at com.netflix.discovery.shared.transport.decorator.SessionedEurekaHttpClient.execute(SessionedEurekaHttpClient.java:77)
	at com.netflix.discovery.shared.transport.decorator.EurekaHttpClientDecorator.register(EurekaHttpClientDecorator.java:56)
	at com.netflix.discovery.DiscoveryClient.register(DiscoveryClient.java:876)
	at com.netflix.discovery.InstanceInfoReplicator.run(InstanceInfoReplicator.java:121)
	at com.netflix.discovery.InstanceInfoReplicator$1.run(InstanceInfoReplicator.java:101)
	at java.base/java.util.concurrent.Executors$RunnableAdapter.call(Executors.java:539)
	at java.base/java.util.concurrent.FutureTask.run(FutureTask.java:264)
	at java.base/java.util.concurrent.ScheduledThreadPoolExecutor$ScheduledFutureTask.run(ScheduledThreadPoolExecutor.java:304)
	at java.base/java.util.concurrent.ThreadPoolExecutor.runWorker(ThreadPoolExecutor.java:1136)
	at java.base/java.util.concurrent.ThreadPoolExecutor$Worker.run(ThreadPoolExecutor.java:635)
	at java.base/java.lang.Thread.run(Thread.java:833)
2022-10-14 11:01:22 [DiscoveryClient-InstanceInfoReplicator-0] WARN  c.n.discovery.InstanceInfoReplicator - There was a problem with the instance info replicator
com.netflix.discovery.shared.transport.TransportException: Cannot execute request on any known server
	at com.netflix.discovery.shared.transport.decorator.RetryableEurekaHttpClient.execute(RetryableEurekaHttpClient.java:112)
	at com.netflix.discovery.shared.transport.decorator.EurekaHttpClientDecorator.register(EurekaHttpClientDecorator.java:56)
	at com.netflix.discovery.shared.transport.decorator.EurekaHttpClientDecorator$1.execute(EurekaHttpClientDecorator.java:59)
	at com.netflix.discovery.shared.transport.decorator.SessionedEurekaHttpClient.execute(SessionedEurekaHttpClient.java:77)
	at com.netflix.discovery.shared.transport.decorator.EurekaHttpClientDecorator.register(EurekaHttpClientDecorator.java:56)
	at com.netflix.discovery.DiscoveryClient.register(DiscoveryClient.java:876)
	at com.netflix.discovery.InstanceInfoReplicator.run(InstanceInfoReplicator.java:121)
	at com.netflix.discovery.InstanceInfoReplicator$1.run(InstanceInfoReplicator.java:101)
	at java.base/java.util.concurrent.Executors$RunnableAdapter.call(Executors.java:539)
	at java.base/java.util.concurrent.FutureTask.run(FutureTask.java:264)
	at java.base/java.util.concurrent.ScheduledThreadPoolExecutor$ScheduledFutureTask.run(ScheduledThreadPoolExecutor.java:304)
	at java.base/java.util.concurrent.ThreadPoolExecutor.runWorker(ThreadPoolExecutor.java:1136)
	at java.base/java.util.concurrent.ThreadPoolExecutor$Worker.run(ThreadPoolExecutor.java:635)
	at java.base/java.lang.Thread.run(Thread.java:833)
2022-10-14 11:01:23 [restartedMain] INFO  com.capstone.LoanApiApplication - Started LoanApiApplication in 6.472 seconds (JVM running for 7.301)
2022-10-14 11:01:52 [DiscoveryClient-CacheRefreshExecutor-0] INFO  c.netflix.discovery.DiscoveryClient - Disable delta property : false
2022-10-14 11:01:52 [DiscoveryClient-CacheRefreshExecutor-0] INFO  c.netflix.discovery.DiscoveryClient - Single vip registry refresh property : null
2022-10-14 11:01:52 [DiscoveryClient-CacheRefreshExecutor-0] INFO  c.netflix.discovery.DiscoveryClient - Force full registry fetch : false
2022-10-14 11:01:52 [DiscoveryClient-CacheRefreshExecutor-0] INFO  c.netflix.discovery.DiscoveryClient - Application is null : false
2022-10-14 11:01:52 [DiscoveryClient-CacheRefreshExecutor-0] INFO  c.netflix.discovery.DiscoveryClient - Registered Applications size is zero : true
2022-10-14 11:01:52 [DiscoveryClient-CacheRefreshExecutor-0] INFO  c.netflix.discovery.DiscoveryClient - Application version is -1: true
2022-10-14 11:01:52 [DiscoveryClient-CacheRefreshExecutor-0] INFO  c.netflix.discovery.DiscoveryClient - Getting all instance registry info from the eureka server
2022-10-14 11:01:52 [DiscoveryClient-CacheRefreshExecutor-0] INFO  c.n.d.s.t.d.RedirectingEurekaHttpClient - Request execution error. endpoint=DefaultEndpoint{ serviceUrl='http://localhost:8761/eureka/}, exception=I/O error on GET request for "http://localhost:8761/eureka/apps/": Connect to localhost:8761 [localhost/127.0.0.1, localhost/0:0:0:0:0:0:0:1] failed: Connection refused: connect; nested exception is org.apache.http.conn.HttpHostConnectException: Connect to localhost:8761 [localhost/127.0.0.1, localhost/0:0:0:0:0:0:0:1] failed: Connection refused: connect stacktrace=org.springframework.web.client.ResourceAccessException: I/O error on GET request for "http://localhost:8761/eureka/apps/": Connect to localhost:8761 [localhost/127.0.0.1, localhost/0:0:0:0:0:0:0:1] failed: Connection refused: connect; nested exception is org.apache.http.conn.HttpHostConnectException: Connect to localhost:8761 [localhost/127.0.0.1, localhost/0:0:0:0:0:0:0:1] failed: Connection refused: connect
	at org.springframework.web.client.RestTemplate.doExecute(RestTemplate.java:785)
	at org.springframework.web.client.RestTemplate.execute(RestTemplate.java:711)
	at org.springframework.web.client.RestTemplate.exchange(RestTemplate.java:602)
	at org.springframework.cloud.netflix.eureka.http.RestTemplateEurekaHttpClient.getApplicationsInternal(RestTemplateEurekaHttpClient.java:145)
	at org.springframework.cloud.netflix.eureka.http.RestTemplateEurekaHttpClient.getApplications(RestTemplateEurekaHttpClient.java:135)
	at com.netflix.discovery.shared.transport.decorator.EurekaHttpClientDecorator$6.execute(EurekaHttpClientDecorator.java:137)
	at com.netflix.discovery.shared.transport.decorator.RedirectingEurekaHttpClient.executeOnNewServer(RedirectingEurekaHttpClient.java:121)
	at com.netflix.discovery.shared.transport.decorator.RedirectingEurekaHttpClient.execute(RedirectingEurekaHttpClient.java:80)
	at com.netflix.discovery.shared.transport.decorator.EurekaHttpClientDecorator.getApplications(EurekaHttpClientDecorator.java:134)
	at com.netflix.discovery.shared.transport.decorator.EurekaHttpClientDecorator$6.execute(EurekaHttpClientDecorator.java:137)
	at com.netflix.discovery.shared.transport.decorator.RetryableEurekaHttpClient.execute(RetryableEurekaHttpClient.java:120)
	at com.netflix.discovery.shared.transport.decorator.EurekaHttpClientDecorator.getApplications(EurekaHttpClientDecorator.java:134)
	at com.netflix.discovery.shared.transport.decorator.EurekaHttpClientDecorator$6.execute(EurekaHttpClientDecorator.java:137)
	at com.netflix.discovery.shared.transport.decorator.SessionedEurekaHttpClient.execute(SessionedEurekaHttpClient.java:77)
	at com.netflix.discovery.shared.transport.decorator.EurekaHttpClientDecorator.getApplications(EurekaHttpClientDecorator.java:134)
	at com.netflix.discovery.DiscoveryClient.getAndStoreFullRegistry(DiscoveryClient.java:1101)
	at com.netflix.discovery.DiscoveryClient.fetchRegistry(DiscoveryClient.java:1014)
	at com.netflix.discovery.DiscoveryClient.refreshRegistry(DiscoveryClient.java:1531)
	at com.netflix.discovery.DiscoveryClient$CacheRefreshThread.run(DiscoveryClient.java:1498)
	at java.base/java.util.concurrent.Executors$RunnableAdapter.call(Executors.java:539)
	at java.base/java.util.concurrent.FutureTask.run(FutureTask.java:264)
	at java.base/java.util.concurrent.ThreadPoolExecutor.runWorker(ThreadPoolExecutor.java:1136)
	at java.base/java.util.concurrent.ThreadPoolExecutor$Worker.run(ThreadPoolExecutor.java:635)
	at java.base/java.lang.Thread.run(Thread.java:833)
Caused by: org.apache.http.conn.HttpHostConnectException: Connect to localhost:8761 [localhost/127.0.0.1, localhost/0:0:0:0:0:0:0:1] failed: Connection refused: connect
	at org.apache.http.impl.conn.DefaultHttpClientConnectionOperator.connect(DefaultHttpClientConnectionOperator.java:156)
	at org.apache.http.impl.conn.PoolingHttpClientConnectionManager.connect(PoolingHttpClientConnectionManager.java:376)
	at org.apache.http.impl.execchain.MainClientExec.establishRoute(MainClientExec.java:393)
	at org.apache.http.impl.execchain.MainClientExec.execute(MainClientExec.java:236)
	at org.apache.http.impl.execchain.ProtocolExec.execute(ProtocolExec.java:186)
	at org.apache.http.impl.execchain.RetryExec.execute(RetryExec.java:89)
	at org.apache.http.impl.execchain.RedirectExec.execute(RedirectExec.java:110)
	at org.apache.http.impl.client.InternalHttpClient.doExecute(InternalHttpClient.java:185)
	at org.apache.http.impl.client.CloseableHttpClient.execute(CloseableHttpClient.java:83)
	at org.apache.http.impl.client.CloseableHttpClient.execute(CloseableHttpClient.java:56)
	at org.springframework.http.client.HttpComponentsClientHttpRequest.executeInternal(HttpComponentsClientHttpRequest.java:87)
	at org.springframework.http.client.AbstractBufferingClientHttpRequest.executeInternal(AbstractBufferingClientHttpRequest.java:48)
	at org.springframework.http.client.AbstractClientHttpRequest.execute(AbstractClientHttpRequest.java:66)
	at org.springframework.web.client.RestTemplate.doExecute(RestTemplate.java:776)
	... 23 more
Caused by: java.net.ConnectException: Connection refused: connect
	at java.base/sun.nio.ch.Net.connect0(Native Method)
	at java.base/sun.nio.ch.Net.connect(Net.java:579)
	at java.base/sun.nio.ch.Net.connect(Net.java:568)
	at java.base/sun.nio.ch.NioSocketImpl.connect(NioSocketImpl.java:588)
	at java.base/java.net.SocksSocketImpl.connect(SocksSocketImpl.java:327)
	at java.base/java.net.Socket.connect(Socket.java:633)
	at org.apache.http.conn.socket.PlainConnectionSocketFactory.connectSocket(PlainConnectionSocketFactory.java:75)
	at org.apache.http.impl.conn.DefaultHttpClientConnectionOperator.connect(DefaultHttpClientConnectionOperator.java:142)
	... 36 more

2022-10-14 11:01:52 [DiscoveryClient-HeartbeatExecutor-0] INFO  c.n.d.s.t.d.RedirectingEurekaHttpClient - Request execution error. endpoint=DefaultEndpoint{ serviceUrl='http://localhost:8761/eureka/}, exception=I/O error on PUT request for "http://localhost:8761/eureka/apps/LOAN-API/192.168.0.7:loan-api:8084": Connect to localhost:8761 [localhost/127.0.0.1, localhost/0:0:0:0:0:0:0:1] failed: Connection refused: connect; nested exception is org.apache.http.conn.HttpHostConnectException: Connect to localhost:8761 [localhost/127.0.0.1, localhost/0:0:0:0:0:0:0:1] failed: Connection refused: connect stacktrace=org.springframework.web.client.ResourceAccessException: I/O error on PUT request for "http://localhost:8761/eureka/apps/LOAN-API/192.168.0.7:loan-api:8084": Connect to localhost:8761 [localhost/127.0.0.1, localhost/0:0:0:0:0:0:0:1] failed: Connection refused: connect; nested exception is org.apache.http.conn.HttpHostConnectException: Connect to localhost:8761 [localhost/127.0.0.1, localhost/0:0:0:0:0:0:0:1] failed: Connection refused: connect
	at org.springframework.web.client.RestTemplate.doExecute(RestTemplate.java:785)
	at org.springframework.web.client.RestTemplate.execute(RestTemplate.java:711)
	at org.springframework.web.client.RestTemplate.exchange(RestTemplate.java:602)
	at org.springframework.cloud.netflix.eureka.http.RestTemplateEurekaHttpClient.sendHeartBeat(RestTemplateEurekaHttpClient.java:99)
	at com.netflix.discovery.shared.transport.decorator.EurekaHttpClientDecorator$3.execute(EurekaHttpClientDecorator.java:92)
	at com.netflix.discovery.shared.transport.decorator.RedirectingEurekaHttpClient.executeOnNewServer(RedirectingEurekaHttpClient.java:121)
	at com.netflix.discovery.shared.transport.decorator.RedirectingEurekaHttpClient.execute(RedirectingEurekaHttpClient.java:80)
	at com.netflix.discovery.shared.transport.decorator.EurekaHttpClientDecorator.sendHeartBeat(EurekaHttpClientDecorator.java:89)
	at com.netflix.discovery.shared.transport.decorator.EurekaHttpClientDecorator$3.execute(EurekaHttpClientDecorator.java:92)
	at com.netflix.discovery.shared.transport.decorator.RetryableEurekaHttpClient.execute(RetryableEurekaHttpClient.java:120)
	at com.netflix.discovery.shared.transport.decorator.EurekaHttpClientDecorator.sendHeartBeat(EurekaHttpClientDecorator.java:89)
	at com.netflix.discovery.shared.transport.decorator.EurekaHttpClientDecorator$3.execute(EurekaHttpClientDecorator.java:92)
	at com.netflix.discovery.shared.transport.decorator.SessionedEurekaHttpClient.execute(SessionedEurekaHttpClient.java:77)
	at com.netflix.discovery.shared.transport.decorator.EurekaHttpClientDecorator.sendHeartBeat(EurekaHttpClientDecorator.java:89)
	at com.netflix.discovery.DiscoveryClient.renew(DiscoveryClient.java:893)
	at com.netflix.discovery.DiscoveryClient$HeartbeatThread.run(DiscoveryClient.java:1457)
	at java.base/java.util.concurrent.Executors$RunnableAdapter.call(Executors.java:539)
	at java.base/java.util.concurrent.FutureTask.run(FutureTask.java:264)
	at java.base/java.util.concurrent.ThreadPoolExecutor.runWorker(ThreadPoolExecutor.java:1136)
	at java.base/java.util.concurrent.ThreadPoolExecutor$Worker.run(ThreadPoolExecutor.java:635)
	at java.base/java.lang.Thread.run(Thread.java:833)
Caused by: org.apache.http.conn.HttpHostConnectException: Connect to localhost:8761 [localhost/127.0.0.1, localhost/0:0:0:0:0:0:0:1] failed: Connection refused: connect
	at org.apache.http.impl.conn.DefaultHttpClientConnectionOperator.connect(DefaultHttpClientConnectionOperator.java:156)
	at org.apache.http.impl.conn.PoolingHttpClientConnectionManager.connect(PoolingHttpClientConnectionManager.java:376)
	at org.apache.http.impl.execchain.MainClientExec.establishRoute(MainClientExec.java:393)
	at org.apache.http.impl.execchain.MainClientExec.execute(MainClientExec.java:236)
	at org.apache.http.impl.execchain.ProtocolExec.execute(ProtocolExec.java:186)
	at org.apache.http.impl.execchain.RetryExec.execute(RetryExec.java:89)
	at org.apache.http.impl.execchain.RedirectExec.execute(RedirectExec.java:110)
	at org.apache.http.impl.client.InternalHttpClient.doExecute(InternalHttpClient.java:185)
	at org.apache.http.impl.client.CloseableHttpClient.execute(CloseableHttpClient.java:83)
	at org.apache.http.impl.client.CloseableHttpClient.execute(CloseableHttpClient.java:56)
	at org.springframework.http.client.HttpComponentsClientHttpRequest.executeInternal(HttpComponentsClientHttpRequest.java:87)
	at org.springframework.http.client.AbstractBufferingClientHttpRequest.executeInternal(AbstractBufferingClientHttpRequest.java:48)
	at org.springframework.http.client.AbstractClientHttpRequest.execute(AbstractClientHttpRequest.java:66)
	at org.springframework.web.client.RestTemplate.doExecute(RestTemplate.java:776)
	... 20 more
Caused by: java.net.ConnectException: Connection refused: connect
	at java.base/sun.nio.ch.Net.connect0(Native Method)
	at java.base/sun.nio.ch.Net.connect(Net.java:579)
	at java.base/sun.nio.ch.Net.connect(Net.java:568)
	at java.base/sun.nio.ch.NioSocketImpl.connect(NioSocketImpl.java:588)
	at java.base/java.net.SocksSocketImpl.connect(SocksSocketImpl.java:327)
	at java.base/java.net.Socket.connect(Socket.java:633)
	at org.apache.http.conn.socket.PlainConnectionSocketFactory.connectSocket(PlainConnectionSocketFactory.java:75)
	at org.apache.http.impl.conn.DefaultHttpClientConnectionOperator.connect(DefaultHttpClientConnectionOperator.java:142)
	... 33 more

2022-10-14 11:01:52 [DiscoveryClient-HeartbeatExecutor-0] WARN  c.n.d.s.t.d.RetryableEurekaHttpClient - Request execution failed with message: I/O error on PUT request for "http://localhost:8761/eureka/apps/LOAN-API/192.168.0.7:loan-api:8084": Connect to localhost:8761 [localhost/127.0.0.1, localhost/0:0:0:0:0:0:0:1] failed: Connection refused: connect; nested exception is org.apache.http.conn.HttpHostConnectException: Connect to localhost:8761 [localhost/127.0.0.1, localhost/0:0:0:0:0:0:0:1] failed: Connection refused: connect
2022-10-14 11:01:52 [DiscoveryClient-CacheRefreshExecutor-0] WARN  c.n.d.s.t.d.RetryableEurekaHttpClient - Request execution failed with message: I/O error on GET request for "http://localhost:8761/eureka/apps/": Connect to localhost:8761 [localhost/127.0.0.1, localhost/0:0:0:0:0:0:0:1] failed: Connection refused: connect; nested exception is org.apache.http.conn.HttpHostConnectException: Connect to localhost:8761 [localhost/127.0.0.1, localhost/0:0:0:0:0:0:0:1] failed: Connection refused: connect
2022-10-14 11:01:52 [DiscoveryClient-HeartbeatExecutor-0] ERROR c.netflix.discovery.DiscoveryClient - DiscoveryClient_LOAN-API/192.168.0.7:loan-api:8084 - was unable to send heartbeat!
com.netflix.discovery.shared.transport.TransportException: Cannot execute request on any known server
	at com.netflix.discovery.shared.transport.decorator.RetryableEurekaHttpClient.execute(RetryableEurekaHttpClient.java:112)
	at com.netflix.discovery.shared.transport.decorator.EurekaHttpClientDecorator.sendHeartBeat(EurekaHttpClientDecorator.java:89)
	at com.netflix.discovery.shared.transport.decorator.EurekaHttpClientDecorator$3.execute(EurekaHttpClientDecorator.java:92)
	at com.netflix.discovery.shared.transport.decorator.SessionedEurekaHttpClient.execute(SessionedEurekaHttpClient.java:77)
	at com.netflix.discovery.shared.transport.decorator.EurekaHttpClientDecorator.sendHeartBeat(EurekaHttpClientDecorator.java:89)
	at com.netflix.discovery.DiscoveryClient.renew(DiscoveryClient.java:893)
	at com.netflix.discovery.DiscoveryClient$HeartbeatThread.run(DiscoveryClient.java:1457)
	at java.base/java.util.concurrent.Executors$RunnableAdapter.call(Executors.java:539)
	at java.base/java.util.concurrent.FutureTask.run(FutureTask.java:264)
	at java.base/java.util.concurrent.ThreadPoolExecutor.runWorker(ThreadPoolExecutor.java:1136)
	at java.base/java.util.concurrent.ThreadPoolExecutor$Worker.run(ThreadPoolExecutor.java:635)
	at java.base/java.lang.Thread.run(Thread.java:833)
2022-10-14 11:01:52 [DiscoveryClient-CacheRefreshExecutor-0] INFO  c.netflix.discovery.DiscoveryClient - DiscoveryClient_LOAN-API/192.168.0.7:loan-api:8084 - was unable to refresh its cache! This periodic background refresh will be retried in 30 seconds. status = Cannot execute request on any known server stacktrace = com.netflix.discovery.shared.transport.TransportException: Cannot execute request on any known server
	at com.netflix.discovery.shared.transport.decorator.RetryableEurekaHttpClient.execute(RetryableEurekaHttpClient.java:112)
	at com.netflix.discovery.shared.transport.decorator.EurekaHttpClientDecorator.getApplications(EurekaHttpClientDecorator.java:134)
	at com.netflix.discovery.shared.transport.decorator.EurekaHttpClientDecorator$6.execute(EurekaHttpClientDecorator.java:137)
	at com.netflix.discovery.shared.transport.decorator.SessionedEurekaHttpClient.execute(SessionedEurekaHttpClient.java:77)
	at com.netflix.discovery.shared.transport.decorator.EurekaHttpClientDecorator.getApplications(EurekaHttpClientDecorator.java:134)
	at com.netflix.discovery.DiscoveryClient.getAndStoreFullRegistry(DiscoveryClient.java:1101)
	at com.netflix.discovery.DiscoveryClient.fetchRegistry(DiscoveryClient.java:1014)
	at com.netflix.discovery.DiscoveryClient.refreshRegistry(DiscoveryClient.java:1531)
	at com.netflix.discovery.DiscoveryClient$CacheRefreshThread.run(DiscoveryClient.java:1498)
	at java.base/java.util.concurrent.Executors$RunnableAdapter.call(Executors.java:539)
	at java.base/java.util.concurrent.FutureTask.run(FutureTask.java:264)
	at java.base/java.util.concurrent.ThreadPoolExecutor.runWorker(ThreadPoolExecutor.java:1136)
	at java.base/java.util.concurrent.ThreadPoolExecutor$Worker.run(ThreadPoolExecutor.java:635)
	at java.base/java.lang.Thread.run(Thread.java:833)

2022-10-14 11:01:52 [DiscoveryClient-InstanceInfoReplicator-0] INFO  c.netflix.discovery.DiscoveryClient - DiscoveryClient_LOAN-API/192.168.0.7:loan-api:8084: registering service...
2022-10-14 11:01:53 [DiscoveryClient-InstanceInfoReplicator-0] INFO  c.n.d.s.t.d.RedirectingEurekaHttpClient - Request execution error. endpoint=DefaultEndpoint{ serviceUrl='http://localhost:8761/eureka/}, exception=I/O error on POST request for "http://localhost:8761/eureka/apps/LOAN-API": Connect to localhost:8761 [localhost/127.0.0.1, localhost/0:0:0:0:0:0:0:1] failed: Connection refused: connect; nested exception is org.apache.http.conn.HttpHostConnectException: Connect to localhost:8761 [localhost/127.0.0.1, localhost/0:0:0:0:0:0:0:1] failed: Connection refused: connect stacktrace=org.springframework.web.client.ResourceAccessException: I/O error on POST request for "http://localhost:8761/eureka/apps/LOAN-API": Connect to localhost:8761 [localhost/127.0.0.1, localhost/0:0:0:0:0:0:0:1] failed: Connection refused: connect; nested exception is org.apache.http.conn.HttpHostConnectException: Connect to localhost:8761 [localhost/127.0.0.1, localhost/0:0:0:0:0:0:0:1] failed: Connection refused: connect
	at org.springframework.web.client.RestTemplate.doExecute(RestTemplate.java:785)
	at org.springframework.web.client.RestTemplate.execute(RestTemplate.java:711)
	at org.springframework.web.client.RestTemplate.exchange(RestTemplate.java:602)
	at org.springframework.cloud.netflix.eureka.http.RestTemplateEurekaHttpClient.register(RestTemplateEurekaHttpClient.java:77)
	at com.netflix.discovery.shared.transport.decorator.EurekaHttpClientDecorator$1.execute(EurekaHttpClientDecorator.java:59)
	at com.netflix.discovery.shared.transport.decorator.RedirectingEurekaHttpClient.executeOnNewServer(RedirectingEurekaHttpClient.java:121)
	at com.netflix.discovery.shared.transport.decorator.RedirectingEurekaHttpClient.execute(RedirectingEurekaHttpClient.java:80)
	at com.netflix.discovery.shared.transport.decorator.EurekaHttpClientDecorator.register(EurekaHttpClientDecorator.java:56)
	at com.netflix.discovery.shared.transport.decorator.EurekaHttpClientDecorator$1.execute(EurekaHttpClientDecorator.java:59)
	at com.netflix.discovery.shared.transport.decorator.RetryableEurekaHttpClient.execute(RetryableEurekaHttpClient.java:120)
	at com.netflix.discovery.shared.transport.decorator.EurekaHttpClientDecorator.register(EurekaHttpClientDecorator.java:56)
	at com.netflix.discovery.shared.transport.decorator.EurekaHttpClientDecorator$1.execute(EurekaHttpClientDecorator.java:59)
	at com.netflix.discovery.shared.transport.decorator.SessionedEurekaHttpClient.execute(SessionedEurekaHttpClient.java:77)
	at com.netflix.discovery.shared.transport.decorator.EurekaHttpClientDecorator.register(EurekaHttpClientDecorator.java:56)
	at com.netflix.discovery.DiscoveryClient.register(DiscoveryClient.java:876)
	at com.netflix.discovery.InstanceInfoReplicator.run(InstanceInfoReplicator.java:121)
	at java.base/java.util.concurrent.Executors$RunnableAdapter.call(Executors.java:539)
	at java.base/java.util.concurrent.FutureTask.run(FutureTask.java:264)
	at java.base/java.util.concurrent.ScheduledThreadPoolExecutor$ScheduledFutureTask.run(ScheduledThreadPoolExecutor.java:304)
	at java.base/java.util.concurrent.ThreadPoolExecutor.runWorker(ThreadPoolExecutor.java:1136)
	at java.base/java.util.concurrent.ThreadPoolExecutor$Worker.run(ThreadPoolExecutor.java:635)
	at java.base/java.lang.Thread.run(Thread.java:833)
Caused by: org.apache.http.conn.HttpHostConnectException: Connect to localhost:8761 [localhost/127.0.0.1, localhost/0:0:0:0:0:0:0:1] failed: Connection refused: connect
	at org.apache.http.impl.conn.DefaultHttpClientConnectionOperator.connect(DefaultHttpClientConnectionOperator.java:156)
	at org.apache.http.impl.conn.PoolingHttpClientConnectionManager.connect(PoolingHttpClientConnectionManager.java:376)
	at org.apache.http.impl.execchain.MainClientExec.establishRoute(MainClientExec.java:393)
	at org.apache.http.impl.execchain.MainClientExec.execute(MainClientExec.java:236)
	at org.apache.http.impl.execchain.ProtocolExec.execute(ProtocolExec.java:186)
	at org.apache.http.impl.execchain.RetryExec.execute(RetryExec.java:89)
	at org.apache.http.impl.execchain.RedirectExec.execute(RedirectExec.java:110)
	at org.apache.http.impl.client.InternalHttpClient.doExecute(InternalHttpClient.java:185)
	at org.apache.http.impl.client.CloseableHttpClient.execute(CloseableHttpClient.java:83)
	at org.apache.http.impl.client.CloseableHttpClient.execute(CloseableHttpClient.java:56)
	at org.springframework.http.client.HttpComponentsClientHttpRequest.executeInternal(HttpComponentsClientHttpRequest.java:87)
	at org.springframework.http.client.AbstractBufferingClientHttpRequest.executeInternal(AbstractBufferingClientHttpRequest.java:48)
	at org.springframework.http.client.AbstractClientHttpRequest.execute(AbstractClientHttpRequest.java:66)
	at org.springframework.web.client.RestTemplate.doExecute(RestTemplate.java:776)
	... 21 more
Caused by: java.net.ConnectException: Connection refused: connect
	at java.base/sun.nio.ch.Net.connect0(Native Method)
	at java.base/sun.nio.ch.Net.connect(Net.java:579)
	at java.base/sun.nio.ch.Net.connect(Net.java:568)
	at java.base/sun.nio.ch.NioSocketImpl.connect(NioSocketImpl.java:588)
	at java.base/java.net.SocksSocketImpl.connect(SocksSocketImpl.java:327)
	at java.base/java.net.Socket.connect(Socket.java:633)
	at org.apache.http.conn.socket.PlainConnectionSocketFactory.connectSocket(PlainConnectionSocketFactory.java:75)
	at org.apache.http.impl.conn.DefaultHttpClientConnectionOperator.connect(DefaultHttpClientConnectionOperator.java:142)
	... 34 more

2022-10-14 11:01:53 [DiscoveryClient-InstanceInfoReplicator-0] WARN  c.n.d.s.t.d.RetryableEurekaHttpClient - Request execution failed with message: I/O error on POST request for "http://localhost:8761/eureka/apps/LOAN-API": Connect to localhost:8761 [localhost/127.0.0.1, localhost/0:0:0:0:0:0:0:1] failed: Connection refused: connect; nested exception is org.apache.http.conn.HttpHostConnectException: Connect to localhost:8761 [localhost/127.0.0.1, localhost/0:0:0:0:0:0:0:1] failed: Connection refused: connect
2022-10-14 11:01:53 [DiscoveryClient-InstanceInfoReplicator-0] WARN  c.netflix.discovery.DiscoveryClient - DiscoveryClient_LOAN-API/192.168.0.7:loan-api:8084 - registration failed Cannot execute request on any known server
com.netflix.discovery.shared.transport.TransportException: Cannot execute request on any known server
	at com.netflix.discovery.shared.transport.decorator.RetryableEurekaHttpClient.execute(RetryableEurekaHttpClient.java:112)
	at com.netflix.discovery.shared.transport.decorator.EurekaHttpClientDecorator.register(EurekaHttpClientDecorator.java:56)
	at com.netflix.discovery.shared.transport.decorator.EurekaHttpClientDecorator$1.execute(EurekaHttpClientDecorator.java:59)
	at com.netflix.discovery.shared.transport.decorator.SessionedEurekaHttpClient.execute(SessionedEurekaHttpClient.java:77)
	at com.netflix.discovery.shared.transport.decorator.EurekaHttpClientDecorator.register(EurekaHttpClientDecorator.java:56)
	at com.netflix.discovery.DiscoveryClient.register(DiscoveryClient.java:876)
	at com.netflix.discovery.InstanceInfoReplicator.run(InstanceInfoReplicator.java:121)
	at java.base/java.util.concurrent.Executors$RunnableAdapter.call(Executors.java:539)
	at java.base/java.util.concurrent.FutureTask.run(FutureTask.java:264)
	at java.base/java.util.concurrent.ScheduledThreadPoolExecutor$ScheduledFutureTask.run(ScheduledThreadPoolExecutor.java:304)
	at java.base/java.util.concurrent.ThreadPoolExecutor.runWorker(ThreadPoolExecutor.java:1136)
	at java.base/java.util.concurrent.ThreadPoolExecutor$Worker.run(ThreadPoolExecutor.java:635)
	at java.base/java.lang.Thread.run(Thread.java:833)
2022-10-14 11:01:53 [DiscoveryClient-InstanceInfoReplicator-0] WARN  c.n.discovery.InstanceInfoReplicator - There was a problem with the instance info replicator
com.netflix.discovery.shared.transport.TransportException: Cannot execute request on any known server
	at com.netflix.discovery.shared.transport.decorator.RetryableEurekaHttpClient.execute(RetryableEurekaHttpClient.java:112)
	at com.netflix.discovery.shared.transport.decorator.EurekaHttpClientDecorator.register(EurekaHttpClientDecorator.java:56)
	at com.netflix.discovery.shared.transport.decorator.EurekaHttpClientDecorator$1.execute(EurekaHttpClientDecorator.java:59)
	at com.netflix.discovery.shared.transport.decorator.SessionedEurekaHttpClient.execute(SessionedEurekaHttpClient.java:77)
	at com.netflix.discovery.shared.transport.decorator.EurekaHttpClientDecorator.register(EurekaHttpClientDecorator.java:56)
	at com.netflix.discovery.DiscoveryClient.register(DiscoveryClient.java:876)
	at com.netflix.discovery.InstanceInfoReplicator.run(InstanceInfoReplicator.java:121)
	at java.base/java.util.concurrent.Executors$RunnableAdapter.call(Executors.java:539)
	at java.base/java.util.concurrent.FutureTask.run(FutureTask.java:264)
	at java.base/java.util.concurrent.ScheduledThreadPoolExecutor$ScheduledFutureTask.run(ScheduledThreadPoolExecutor.java:304)
	at java.base/java.util.concurrent.ThreadPoolExecutor.runWorker(ThreadPoolExecutor.java:1136)
	at java.base/java.util.concurrent.ThreadPoolExecutor$Worker.run(ThreadPoolExecutor.java:635)
	at java.base/java.lang.Thread.run(Thread.java:833)
2022-10-14 11:02:22 [DiscoveryClient-CacheRefreshExecutor-0] INFO  c.netflix.discovery.DiscoveryClient - Disable delta property : false
2022-10-14 11:02:22 [DiscoveryClient-CacheRefreshExecutor-0] INFO  c.netflix.discovery.DiscoveryClient - Single vip registry refresh property : null
2022-10-14 11:02:22 [DiscoveryClient-CacheRefreshExecutor-0] INFO  c.netflix.discovery.DiscoveryClient - Force full registry fetch : false
2022-10-14 11:02:22 [DiscoveryClient-CacheRefreshExecutor-0] INFO  c.netflix.discovery.DiscoveryClient - Application is null : false
2022-10-14 11:02:22 [DiscoveryClient-CacheRefreshExecutor-0] INFO  c.netflix.discovery.DiscoveryClient - Registered Applications size is zero : true
2022-10-14 11:02:22 [DiscoveryClient-CacheRefreshExecutor-0] INFO  c.netflix.discovery.DiscoveryClient - Application version is -1: true
2022-10-14 11:02:22 [DiscoveryClient-CacheRefreshExecutor-0] INFO  c.netflix.discovery.DiscoveryClient - Getting all instance registry info from the eureka server
2022-10-14 11:02:23 [DiscoveryClient-InstanceInfoReplicator-0] INFO  c.netflix.discovery.DiscoveryClient - DiscoveryClient_LOAN-API/192.168.0.7:loan-api:8084: registering service...
2022-10-14 11:02:23 [DiscoveryClient-HeartbeatExecutor-0] INFO  c.netflix.discovery.DiscoveryClient - DiscoveryClient_LOAN-API/192.168.0.7:loan-api:8084 - Re-registering apps/LOAN-API
2022-10-14 11:02:23 [DiscoveryClient-HeartbeatExecutor-0] INFO  c.netflix.discovery.DiscoveryClient - DiscoveryClient_LOAN-API/192.168.0.7:loan-api:8084: registering service...
2022-10-14 11:02:23 [DiscoveryClient-CacheRefreshExecutor-0] INFO  c.netflix.discovery.DiscoveryClient - The response status is 200
2022-10-14 11:02:23 [DiscoveryClient-InstanceInfoReplicator-0] INFO  c.netflix.discovery.DiscoveryClient - DiscoveryClient_LOAN-API/192.168.0.7:loan-api:8084 - registration status: 204
2022-10-14 11:02:23 [DiscoveryClient-HeartbeatExecutor-0] INFO  c.netflix.discovery.DiscoveryClient - DiscoveryClient_LOAN-API/192.168.0.7:loan-api:8084 - registration status: 204
2022-10-14 11:02:53 [DiscoveryClient-CacheRefreshExecutor-0] INFO  c.netflix.discovery.DiscoveryClient - Disable delta property : false
2022-10-14 11:02:53 [DiscoveryClient-CacheRefreshExecutor-0] INFO  c.netflix.discovery.DiscoveryClient - Single vip registry refresh property : null
2022-10-14 11:02:53 [DiscoveryClient-CacheRefreshExecutor-0] INFO  c.netflix.discovery.DiscoveryClient - Force full registry fetch : false
2022-10-14 11:02:53 [DiscoveryClient-CacheRefreshExecutor-0] INFO  c.netflix.discovery.DiscoveryClient - Application is null : false
2022-10-14 11:02:53 [DiscoveryClient-CacheRefreshExecutor-0] INFO  c.netflix.discovery.DiscoveryClient - Registered Applications size is zero : true
2022-10-14 11:02:53 [DiscoveryClient-CacheRefreshExecutor-0] INFO  c.netflix.discovery.DiscoveryClient - Application version is -1: false
2022-10-14 11:02:53 [DiscoveryClient-CacheRefreshExecutor-0] INFO  c.netflix.discovery.DiscoveryClient - Getting all instance registry info from the eureka server
2022-10-14 11:02:53 [DiscoveryClient-CacheRefreshExecutor-0] INFO  c.netflix.discovery.DiscoveryClient - The response status is 200
2022-10-14 11:03:29 [http-nio-8084-exec-1] INFO  o.a.c.c.C.[Tomcat].[localhost].[/] - Initializing Spring DispatcherServlet 'dispatcherServlet'
2022-10-14 11:03:29 [http-nio-8084-exec-1] INFO  o.s.web.servlet.DispatcherServlet - Initializing Servlet 'dispatcherServlet'
2022-10-14 11:03:29 [http-nio-8084-exec-1] INFO  o.s.web.servlet.DispatcherServlet - Completed initialization in 7 ms
2022-10-14 11:03:29 [http-nio-8084-exec-1] INFO  com.capstone.aspect.LoggerAspect - Method name: com.capstone.controller.loanController
2022-10-14 11:03:29 [http-nio-8084-exec-1] INFO  com.capstone.aspect.LoggerAspect - Method arguments:[Ljava.lang.Object;@24e36610
2022-10-14 11:03:29 [http-nio-8084-exec-1] INFO  com.capstone.aspect.LoggerAspect - *************************************
2022-10-14 11:03:29 [http-nio-8084-exec-1] INFO  com.capstone.aspect.LoggerAspect - Method name: com.capstone.service.loanServiceImp
2022-10-14 11:03:29 [http-nio-8084-exec-1] INFO  com.capstone.aspect.LoggerAspect - Method arguments:[Ljava.lang.Object;@502f0bcf
2022-10-14 11:03:29 [http-nio-8084-exec-1] INFO  com.capstone.aspect.LoggerAspect - *************************************
2022-10-14 11:03:30 [http-nio-8084-exec-1] INFO  com.capstone.aspect.LoggerAspect - During: class com.capstone.service.loanServiceImp.getLoanAccByCust() with arguments=[loan [loanaccno=202211051, category=Personal, loan_amount=500000.0, custid=202200005, interest_rate=7.0, tenure=4]]
2022-10-14 11:03:30 [http-nio-8084-exec-1] INFO  com.capstone.aspect.LoggerAspect - *************************************
2022-10-14 11:03:30 [http-nio-8084-exec-1] INFO  com.capstone.aspect.LoggerAspect - During: class com.capstone.controller.loanController.getloanDetailsbyCust() with arguments=<200 OK OK,[loan [loanaccno=202211051, category=Personal, loan_amount=500000.0, custid=202200005, interest_rate=7.0, tenure=4]],[]>
2022-10-14 11:03:30 [http-nio-8084-exec-1] INFO  com.capstone.aspect.LoggerAspect - *************************************
2022-10-14 11:03:41 [http-nio-8084-exec-4] INFO  com.capstone.aspect.LoggerAspect - Method name: com.capstone.controller.loanController
2022-10-14 11:03:41 [http-nio-8084-exec-4] INFO  com.capstone.aspect.LoggerAspect - Method arguments:[Ljava.lang.Object;@126a667d
2022-10-14 11:03:41 [http-nio-8084-exec-4] INFO  com.capstone.aspect.LoggerAspect - *************************************
2022-10-14 11:03:41 [http-nio-8084-exec-4] INFO  com.capstone.aspect.LoggerAspect - Method name: com.capstone.service.loanServiceImp
2022-10-14 11:03:41 [http-nio-8084-exec-4] INFO  com.capstone.aspect.LoggerAspect - Method arguments:[Ljava.lang.Object;@5768fa54
2022-10-14 11:03:41 [http-nio-8084-exec-4] INFO  com.capstone.aspect.LoggerAspect - *************************************
2022-10-14 11:03:41 [http-nio-8084-exec-4] INFO  com.capstone.aspect.LoggerAspect - During: class com.capstone.service.loanServiceImp.getLoanAccByCust() with arguments=[loan [loanaccno=202211051, category=Personal, loan_amount=500000.0, custid=202200005, interest_rate=7.0, tenure=4]]
2022-10-14 11:03:41 [http-nio-8084-exec-4] INFO  com.capstone.aspect.LoggerAspect - *************************************
2022-10-14 11:03:41 [http-nio-8084-exec-4] INFO  com.capstone.aspect.LoggerAspect - During: class com.capstone.controller.loanController.getloanDetailsbyCust() with arguments=<200 OK OK,[loan [loanaccno=202211051, category=Personal, loan_amount=500000.0, custid=202200005, interest_rate=7.0, tenure=4]],[]>
2022-10-14 11:03:41 [http-nio-8084-exec-4] INFO  com.capstone.aspect.LoggerAspect - *************************************
2022-10-14 11:03:53 [http-nio-8084-exec-6] INFO  com.capstone.aspect.LoggerAspect - Method name: com.capstone.controller.loanController
2022-10-14 11:03:53 [http-nio-8084-exec-6] INFO  com.capstone.aspect.LoggerAspect - Method arguments:[Ljava.lang.Object;@5a8cd8b7
2022-10-14 11:03:53 [http-nio-8084-exec-6] INFO  com.capstone.aspect.LoggerAspect - *************************************
2022-10-14 11:03:53 [http-nio-8084-exec-6] INFO  com.capstone.aspect.LoggerAspect - Method name: com.capstone.service.loanServiceImp
2022-10-14 11:03:53 [http-nio-8084-exec-6] INFO  com.capstone.aspect.LoggerAspect - Method arguments:[Ljava.lang.Object;@1f8e4d82
2022-10-14 11:03:53 [http-nio-8084-exec-6] INFO  com.capstone.aspect.LoggerAspect - *************************************
2022-10-14 11:03:53 [http-nio-8084-exec-6] INFO  com.capstone.aspect.LoggerAspect - During: class com.capstone.service.loanServiceImp.getLoanAccByCust() with arguments=[loan [loanaccno=202211051, category=Personal, loan_amount=500000.0, custid=202200005, interest_rate=7.0, tenure=4]]
2022-10-14 11:03:53 [http-nio-8084-exec-6] INFO  com.capstone.aspect.LoggerAspect - *************************************
2022-10-14 11:03:53 [http-nio-8084-exec-6] INFO  com.capstone.aspect.LoggerAspect - During: class com.capstone.controller.loanController.getloanDetailsbyCust() with arguments=<200 OK OK,[loan [loanaccno=202211051, category=Personal, loan_amount=500000.0, custid=202200005, interest_rate=7.0, tenure=4]],[]>
2022-10-14 11:03:53 [http-nio-8084-exec-6] INFO  com.capstone.aspect.LoggerAspect - *************************************
2022-10-14 11:03:55 [http-nio-8084-exec-8] INFO  com.capstone.aspect.LoggerAspect - Method name: com.capstone.controller.loanController
2022-10-14 11:03:55 [http-nio-8084-exec-8] INFO  com.capstone.aspect.LoggerAspect - Method arguments:[Ljava.lang.Object;@48a60447
2022-10-14 11:03:55 [http-nio-8084-exec-8] INFO  com.capstone.aspect.LoggerAspect - *************************************
2022-10-14 11:03:55 [http-nio-8084-exec-8] INFO  com.capstone.aspect.LoggerAspect - Method name: com.capstone.service.loanServiceImp
2022-10-14 11:03:55 [http-nio-8084-exec-8] INFO  com.capstone.aspect.LoggerAspect - Method arguments:[Ljava.lang.Object;@4661f323
2022-10-14 11:03:55 [http-nio-8084-exec-8] INFO  com.capstone.aspect.LoggerAspect - *************************************
2022-10-14 11:03:55 [http-nio-8084-exec-8] INFO  com.capstone.aspect.LoggerAspect - During: class com.capstone.service.loanServiceImp.getloanDetailsofCustbyLoan() with arguments=loan [loanaccno=202211051, category=Personal, loan_amount=500000.0, custid=202200005, interest_rate=7.0, tenure=4]
2022-10-14 11:03:55 [http-nio-8084-exec-8] INFO  com.capstone.aspect.LoggerAspect - *************************************
2022-10-14 11:03:55 [http-nio-8084-exec-8] INFO  com.capstone.aspect.LoggerAspect - During: class com.capstone.controller.loanController.getloanDetailsofCustbyLoan() with arguments=<200 OK OK,loan [loanaccno=202211051, category=Personal, loan_amount=500000.0, custid=202200005, interest_rate=7.0, tenure=4],[]>
2022-10-14 11:03:55 [http-nio-8084-exec-8] INFO  com.capstone.aspect.LoggerAspect - *************************************
2022-10-14 11:03:59 [http-nio-8084-exec-9] INFO  com.capstone.aspect.LoggerAspect - Method name: com.capstone.controller.loanController
2022-10-14 11:03:59 [http-nio-8084-exec-9] INFO  com.capstone.aspect.LoggerAspect - Method arguments:[Ljava.lang.Object;@338928fc
2022-10-14 11:03:59 [http-nio-8084-exec-9] INFO  com.capstone.aspect.LoggerAspect - *************************************
2022-10-14 11:03:59 [http-nio-8084-exec-9] INFO  com.capstone.aspect.LoggerAspect - Method name: com.capstone.service.loanServiceImp
2022-10-14 11:03:59 [http-nio-8084-exec-9] INFO  com.capstone.aspect.LoggerAspect - Method arguments:[Ljava.lang.Object;@3d4ec0fd
2022-10-14 11:03:59 [http-nio-8084-exec-9] INFO  com.capstone.aspect.LoggerAspect - *************************************
2022-10-14 11:03:59 [http-nio-8084-exec-9] INFO  com.capstone.aspect.LoggerAspect - During: class com.capstone.service.loanServiceImp.getLoanAccByCust() with arguments=[loan [loanaccno=202211051, category=Personal, loan_amount=500000.0, custid=202200005, interest_rate=7.0, tenure=4]]
2022-10-14 11:03:59 [http-nio-8084-exec-9] INFO  com.capstone.aspect.LoggerAspect - *************************************
2022-10-14 11:03:59 [http-nio-8084-exec-9] INFO  com.capstone.aspect.LoggerAspect - During: class com.capstone.controller.loanController.getloanDetailsbyCust() with arguments=<200 OK OK,[loan [loanaccno=202211051, category=Personal, loan_amount=500000.0, custid=202200005, interest_rate=7.0, tenure=4]],[]>
2022-10-14 11:03:59 [http-nio-8084-exec-9] INFO  com.capstone.aspect.LoggerAspect - *************************************
2022-10-14 11:04:09 [http-nio-8084-exec-2] INFO  com.capstone.aspect.LoggerAspect - Method name: com.capstone.controller.loanController
2022-10-14 11:04:09 [http-nio-8084-exec-2] INFO  com.capstone.aspect.LoggerAspect - Method arguments:[Ljava.lang.Object;@578628
2022-10-14 11:04:09 [http-nio-8084-exec-2] INFO  com.capstone.aspect.LoggerAspect - *************************************
2022-10-14 11:04:09 [http-nio-8084-exec-2] INFO  com.capstone.aspect.LoggerAspect - Method name: com.capstone.service.loanServiceImp
2022-10-14 11:04:09 [http-nio-8084-exec-2] INFO  com.capstone.aspect.LoggerAspect - Method arguments:[Ljava.lang.Object;@e907852
2022-10-14 11:04:09 [http-nio-8084-exec-2] INFO  com.capstone.aspect.LoggerAspect - *************************************
2022-10-14 11:04:09 [http-nio-8084-exec-2] INFO  com.capstone.aspect.LoggerAspect - During: class com.capstone.service.loanServiceImp.getLoanAccByCust() with arguments=[loan [loanaccno=202211051, category=Personal, loan_amount=500000.0, custid=202200005, interest_rate=7.0, tenure=4]]
2022-10-14 11:04:09 [http-nio-8084-exec-2] INFO  com.capstone.aspect.LoggerAspect - *************************************
2022-10-14 11:04:09 [http-nio-8084-exec-2] INFO  com.capstone.aspect.LoggerAspect - During: class com.capstone.controller.loanController.getloanDetailsbyCust() with arguments=<200 OK OK,[loan [loanaccno=202211051, category=Personal, loan_amount=500000.0, custid=202200005, interest_rate=7.0, tenure=4]],[]>
2022-10-14 11:04:09 [http-nio-8084-exec-2] INFO  com.capstone.aspect.LoggerAspect - *************************************
2022-10-14 11:05:02 [http-nio-8084-exec-3] INFO  com.capstone.aspect.LoggerAspect - Method name: com.capstone.controller.loanController
2022-10-14 11:05:02 [http-nio-8084-exec-3] INFO  com.capstone.aspect.LoggerAspect - Method arguments:[Ljava.lang.Object;@2f2527fb
2022-10-14 11:05:02 [http-nio-8084-exec-3] INFO  com.capstone.aspect.LoggerAspect - *************************************
2022-10-14 11:05:02 [http-nio-8084-exec-3] INFO  com.capstone.aspect.LoggerAspect - Method name: com.capstone.service.loanServiceImp
2022-10-14 11:05:02 [http-nio-8084-exec-3] INFO  com.capstone.aspect.LoggerAspect - Method arguments:[Ljava.lang.Object;@21e2cc6f
2022-10-14 11:05:02 [http-nio-8084-exec-3] INFO  com.capstone.aspect.LoggerAspect - *************************************
2022-10-14 11:05:02 [http-nio-8084-exec-3] INFO  com.capstone.aspect.LoggerAspect - During: class com.capstone.service.loanServiceImp.getLoanAccByCust() with arguments=[loan [loanaccno=202211051, category=Personal, loan_amount=500000.0, custid=202200005, interest_rate=7.0, tenure=4]]
2022-10-14 11:05:02 [http-nio-8084-exec-3] INFO  com.capstone.aspect.LoggerAspect - *************************************
2022-10-14 11:05:02 [http-nio-8084-exec-3] INFO  com.capstone.aspect.LoggerAspect - During: class com.capstone.controller.loanController.getloanDetailsbyCust() with arguments=<200 OK OK,[loan [loanaccno=202211051, category=Personal, loan_amount=500000.0, custid=202200005, interest_rate=7.0, tenure=4]],[]>
2022-10-14 11:05:02 [http-nio-8084-exec-3] INFO  com.capstone.aspect.LoggerAspect - *************************************
2022-10-14 11:06:22 [AsyncResolver-bootstrap-executor-0] INFO  c.n.d.s.r.aws.ConfigClusterResolver - Resolving eureka endpoints via configuration
2022-10-14 11:06:37 [http-nio-8084-exec-5] INFO  com.capstone.aspect.LoggerAspect - Method name: com.capstone.controller.loanController
2022-10-14 11:06:37 [http-nio-8084-exec-5] INFO  com.capstone.aspect.LoggerAspect - Method arguments:[Ljava.lang.Object;@724c8a6d
2022-10-14 11:06:37 [http-nio-8084-exec-5] INFO  com.capstone.aspect.LoggerAspect - *************************************
2022-10-14 11:06:37 [http-nio-8084-exec-5] INFO  com.capstone.aspect.LoggerAspect - Method name: com.capstone.service.loanServiceImp
2022-10-14 11:06:37 [http-nio-8084-exec-5] INFO  com.capstone.aspect.LoggerAspect - Method arguments:[Ljava.lang.Object;@3db6706f
2022-10-14 11:06:37 [http-nio-8084-exec-5] INFO  com.capstone.aspect.LoggerAspect - *************************************
2022-10-14 11:06:37 [http-nio-8084-exec-5] INFO  com.capstone.aspect.LoggerAspect - During: class com.capstone.service.loanServiceImp.getLoanAccByCust() with arguments=[loan [loanaccno=202211051, category=Personal, loan_amount=500000.0, custid=202200005, interest_rate=7.0, tenure=4]]
2022-10-14 11:06:37 [http-nio-8084-exec-5] INFO  com.capstone.aspect.LoggerAspect - *************************************
2022-10-14 11:06:37 [http-nio-8084-exec-5] INFO  com.capstone.aspect.LoggerAspect - During: class com.capstone.controller.loanController.getloanDetailsbyCust() with arguments=<200 OK OK,[loan [loanaccno=202211051, category=Personal, loan_amount=500000.0, custid=202200005, interest_rate=7.0, tenure=4]],[]>
2022-10-14 11:06:37 [http-nio-8084-exec-5] INFO  com.capstone.aspect.LoggerAspect - *************************************
2022-10-14 11:09:09 [http-nio-8084-exec-7] INFO  com.capstone.aspect.LoggerAspect - Method name: com.capstone.controller.loanController
2022-10-14 11:09:09 [http-nio-8084-exec-7] INFO  com.capstone.aspect.LoggerAspect - Method arguments:[Ljava.lang.Object;@60cec70
2022-10-14 11:09:09 [http-nio-8084-exec-7] INFO  com.capstone.aspect.LoggerAspect - *************************************
2022-10-14 11:09:09 [http-nio-8084-exec-7] INFO  com.capstone.aspect.LoggerAspect - Method name: com.capstone.service.loanServiceImp
2022-10-14 11:09:09 [http-nio-8084-exec-7] INFO  com.capstone.aspect.LoggerAspect - Method arguments:[Ljava.lang.Object;@8cb12c1
2022-10-14 11:09:09 [http-nio-8084-exec-7] INFO  com.capstone.aspect.LoggerAspect - *************************************
2022-10-14 11:09:09 [http-nio-8084-exec-7] INFO  com.capstone.aspect.LoggerAspect - During: class com.capstone.service.loanServiceImp.getLoanAccByCust() with arguments=[loan [loanaccno=202211051, category=Personal, loan_amount=500000.0, custid=202200005, interest_rate=7.0, tenure=4]]
2022-10-14 11:09:09 [http-nio-8084-exec-7] INFO  com.capstone.aspect.LoggerAspect - *************************************
2022-10-14 11:09:09 [http-nio-8084-exec-7] INFO  com.capstone.aspect.LoggerAspect - During: class com.capstone.controller.loanController.getloanDetailsbyCust() with arguments=<200 OK OK,[loan [loanaccno=202211051, category=Personal, loan_amount=500000.0, custid=202200005, interest_rate=7.0, tenure=4]],[]>
2022-10-14 11:09:09 [http-nio-8084-exec-7] INFO  com.capstone.aspect.LoggerAspect - *************************************
2022-10-14 11:11:02 [http-nio-8084-exec-9] INFO  com.capstone.aspect.LoggerAspect - Method name: com.capstone.controller.loanController
2022-10-14 11:11:02 [http-nio-8084-exec-9] INFO  com.capstone.aspect.LoggerAspect - Method arguments:[Ljava.lang.Object;@7e9be566
2022-10-14 11:11:02 [http-nio-8084-exec-9] INFO  com.capstone.aspect.LoggerAspect - *************************************
2022-10-14 11:11:02 [http-nio-8084-exec-9] INFO  com.capstone.aspect.LoggerAspect - Method name: com.capstone.service.loanServiceImp
2022-10-14 11:11:02 [http-nio-8084-exec-9] INFO  com.capstone.aspect.LoggerAspect - Method arguments:[Ljava.lang.Object;@1c5c3589
2022-10-14 11:11:02 [http-nio-8084-exec-9] INFO  com.capstone.aspect.LoggerAspect - *************************************
2022-10-14 11:11:02 [http-nio-8084-exec-9] INFO  com.capstone.aspect.LoggerAspect - During: class com.capstone.service.loanServiceImp.getLoanAccByCust() with arguments=[loan [loanaccno=202211051, category=Personal, loan_amount=500000.0, custid=202200005, interest_rate=7.0, tenure=4]]
2022-10-14 11:11:02 [http-nio-8084-exec-9] INFO  com.capstone.aspect.LoggerAspect - *************************************
2022-10-14 11:11:02 [http-nio-8084-exec-9] INFO  com.capstone.aspect.LoggerAspect - During: class com.capstone.controller.loanController.getloanDetailsbyCust() with arguments=<200 OK OK,[loan [loanaccno=202211051, category=Personal, loan_amount=500000.0, custid=202200005, interest_rate=7.0, tenure=4]],[]>
2022-10-14 11:11:02 [http-nio-8084-exec-9] INFO  com.capstone.aspect.LoggerAspect - *************************************
2022-10-14 11:11:10 [http-nio-8084-exec-2] INFO  com.capstone.aspect.LoggerAspect - Method name: com.capstone.controller.loanController
2022-10-14 11:11:10 [http-nio-8084-exec-2] INFO  com.capstone.aspect.LoggerAspect - Method arguments:[Ljava.lang.Object;@b189816
2022-10-14 11:11:10 [http-nio-8084-exec-2] INFO  com.capstone.aspect.LoggerAspect - *************************************
2022-10-14 11:11:10 [http-nio-8084-exec-2] INFO  com.capstone.aspect.LoggerAspect - Method name: com.capstone.service.loanServiceImp
2022-10-14 11:11:10 [http-nio-8084-exec-2] INFO  com.capstone.aspect.LoggerAspect - Method arguments:[Ljava.lang.Object;@2f828d26
2022-10-14 11:11:10 [http-nio-8084-exec-2] INFO  com.capstone.aspect.LoggerAspect - *************************************
2022-10-14 11:11:10 [http-nio-8084-exec-2] INFO  com.capstone.aspect.LoggerAspect - During: class com.capstone.service.loanServiceImp.getLoanAccByCust() with arguments=[loan [loanaccno=202211051, category=Personal, loan_amount=500000.0, custid=202200005, interest_rate=7.0, tenure=4]]
2022-10-14 11:11:10 [http-nio-8084-exec-2] INFO  com.capstone.aspect.LoggerAspect - *************************************
2022-10-14 11:11:10 [http-nio-8084-exec-2] INFO  com.capstone.aspect.LoggerAspect - During: class com.capstone.controller.loanController.getloanDetailsbyCust() with arguments=<200 OK OK,[loan [loanaccno=202211051, category=Personal, loan_amount=500000.0, custid=202200005, interest_rate=7.0, tenure=4]],[]>
2022-10-14 11:11:10 [http-nio-8084-exec-2] INFO  com.capstone.aspect.LoggerAspect - *************************************
2022-10-14 11:11:16 [http-nio-8084-exec-3] INFO  com.capstone.aspect.LoggerAspect - Method name: com.capstone.controller.loanController
2022-10-14 11:11:16 [http-nio-8084-exec-3] INFO  com.capstone.aspect.LoggerAspect - Method arguments:[Ljava.lang.Object;@7f366739
2022-10-14 11:11:16 [http-nio-8084-exec-3] INFO  com.capstone.aspect.LoggerAspect - *************************************
2022-10-14 11:11:16 [http-nio-8084-exec-3] INFO  com.capstone.aspect.LoggerAspect - Method name: com.capstone.service.loanServiceImp
2022-10-14 11:11:16 [http-nio-8084-exec-3] INFO  com.capstone.aspect.LoggerAspect - Method arguments:[Ljava.lang.Object;@6886941
2022-10-14 11:11:16 [http-nio-8084-exec-3] INFO  com.capstone.aspect.LoggerAspect - *************************************
2022-10-14 11:11:16 [http-nio-8084-exec-3] INFO  com.capstone.aspect.LoggerAspect - During: class com.capstone.service.loanServiceImp.getLoanAccByCust() with arguments=[loan [loanaccno=202211051, category=Personal, loan_amount=500000.0, custid=202200005, interest_rate=7.0, tenure=4]]
2022-10-14 11:11:16 [http-nio-8084-exec-3] INFO  com.capstone.aspect.LoggerAspect - *************************************
2022-10-14 11:11:16 [http-nio-8084-exec-3] INFO  com.capstone.aspect.LoggerAspect - During: class com.capstone.controller.loanController.getloanDetailsbyCust() with arguments=<200 OK OK,[loan [loanaccno=202211051, category=Personal, loan_amount=500000.0, custid=202200005, interest_rate=7.0, tenure=4]],[]>
2022-10-14 11:11:16 [http-nio-8084-exec-3] INFO  com.capstone.aspect.LoggerAspect - *************************************
2022-10-14 11:11:22 [AsyncResolver-bootstrap-executor-0] INFO  c.n.d.s.r.aws.ConfigClusterResolver - Resolving eureka endpoints via configuration
2022-10-14 11:16:22 [AsyncResolver-bootstrap-executor-0] INFO  c.n.d.s.r.aws.ConfigClusterResolver - Resolving eureka endpoints via configuration
2022-10-14 11:21:22 [AsyncResolver-bootstrap-executor-0] INFO  c.n.d.s.r.aws.ConfigClusterResolver - Resolving eureka endpoints via configuration
2022-10-14 11:26:22 [AsyncResolver-bootstrap-executor-0] INFO  c.n.d.s.r.aws.ConfigClusterResolver - Resolving eureka endpoints via configuration
2022-10-14 11:31:22 [AsyncResolver-bootstrap-executor-0] INFO  c.n.d.s.r.aws.ConfigClusterResolver - Resolving eureka endpoints via configuration
2022-10-14 11:36:22 [AsyncResolver-bootstrap-executor-0] INFO  c.n.d.s.r.aws.ConfigClusterResolver - Resolving eureka endpoints via configuration
2022-10-14 11:41:22 [AsyncResolver-bootstrap-executor-0] INFO  c.n.d.s.r.aws.ConfigClusterResolver - Resolving eureka endpoints via configuration
2022-10-14 11:46:22 [AsyncResolver-bootstrap-executor-0] INFO  c.n.d.s.r.aws.ConfigClusterResolver - Resolving eureka endpoints via configuration
2022-10-14 11:48:08 [http-nio-8084-exec-6] INFO  com.capstone.aspect.LoggerAspect - Method name: com.capstone.controller.loanController
2022-10-14 11:48:08 [http-nio-8084-exec-6] INFO  com.capstone.aspect.LoggerAspect - Method arguments:[Ljava.lang.Object;@9aa55f7
2022-10-14 11:48:08 [http-nio-8084-exec-6] INFO  com.capstone.aspect.LoggerAspect - *************************************
2022-10-14 11:48:08 [http-nio-8084-exec-6] INFO  com.capstone.aspect.LoggerAspect - Method name: com.capstone.service.loanServiceImp
2022-10-14 11:48:08 [http-nio-8084-exec-6] INFO  com.capstone.aspect.LoggerAspect - Method arguments:[Ljava.lang.Object;@7befa9d5
2022-10-14 11:48:08 [http-nio-8084-exec-6] INFO  com.capstone.aspect.LoggerAspect - *************************************
2022-10-14 11:48:08 [http-nio-8084-exec-6] INFO  com.capstone.aspect.LoggerAspect - During: class com.capstone.service.loanServiceImp.getLoanAccByCust() with arguments=[loan [loanaccno=202211051, category=Personal, loan_amount=500000.0, custid=202200005, interest_rate=7.0, tenure=4]]
2022-10-14 11:48:08 [http-nio-8084-exec-6] INFO  com.capstone.aspect.LoggerAspect - *************************************
2022-10-14 11:48:08 [http-nio-8084-exec-6] INFO  com.capstone.aspect.LoggerAspect - During: class com.capstone.controller.loanController.getloanDetailsbyCust() with arguments=<200 OK OK,[loan [loanaccno=202211051, category=Personal, loan_amount=500000.0, custid=202200005, interest_rate=7.0, tenure=4]],[]>
2022-10-14 11:48:08 [http-nio-8084-exec-6] INFO  com.capstone.aspect.LoggerAspect - *************************************
2022-10-14 11:51:22 [AsyncResolver-bootstrap-executor-0] INFO  c.n.d.s.r.aws.ConfigClusterResolver - Resolving eureka endpoints via configuration
2022-10-14 11:56:22 [AsyncResolver-bootstrap-executor-0] INFO  c.n.d.s.r.aws.ConfigClusterResolver - Resolving eureka endpoints via configuration
2022-10-14 12:01:22 [AsyncResolver-bootstrap-executor-0] INFO  c.n.d.s.r.aws.ConfigClusterResolver - Resolving eureka endpoints via configuration
2022-10-14 12:06:22 [AsyncResolver-bootstrap-executor-0] INFO  c.n.d.s.r.aws.ConfigClusterResolver - Resolving eureka endpoints via configuration
2022-10-14 12:09:02 [http-nio-8084-exec-8] INFO  com.capstone.aspect.LoggerAspect - Method name: com.capstone.controller.loanController
2022-10-14 12:09:02 [http-nio-8084-exec-8] INFO  com.capstone.aspect.LoggerAspect - Method arguments:[Ljava.lang.Object;@782bcae4
2022-10-14 12:09:02 [http-nio-8084-exec-8] INFO  com.capstone.aspect.LoggerAspect - *************************************
2022-10-14 12:09:02 [http-nio-8084-exec-8] INFO  com.capstone.aspect.LoggerAspect - Method name: com.capstone.service.loanServiceImp
2022-10-14 12:09:02 [http-nio-8084-exec-8] INFO  com.capstone.aspect.LoggerAspect - Method arguments:[Ljava.lang.Object;@3637752f
2022-10-14 12:09:02 [http-nio-8084-exec-8] INFO  com.capstone.aspect.LoggerAspect - *************************************
2022-10-14 12:09:02 [http-nio-8084-exec-8] INFO  com.capstone.aspect.LoggerAspect - During: class com.capstone.service.loanServiceImp.getLoanAccByCust() with arguments=[loan [loanaccno=202211051, category=Personal, loan_amount=500000.0, custid=202200005, interest_rate=7.0, tenure=4]]
2022-10-14 12:09:02 [http-nio-8084-exec-8] INFO  com.capstone.aspect.LoggerAspect - *************************************
2022-10-14 12:09:02 [http-nio-8084-exec-8] INFO  com.capstone.aspect.LoggerAspect - During: class com.capstone.controller.loanController.getloanDetailsbyCust() with arguments=<200 OK OK,[loan [loanaccno=202211051, category=Personal, loan_amount=500000.0, custid=202200005, interest_rate=7.0, tenure=4]],[]>
2022-10-14 12:09:02 [http-nio-8084-exec-8] INFO  com.capstone.aspect.LoggerAspect - *************************************
2022-10-14 12:09:14 [http-nio-8084-exec-9] INFO  com.capstone.aspect.LoggerAspect - Method name: com.capstone.controller.loanController
2022-10-14 12:09:14 [http-nio-8084-exec-9] INFO  com.capstone.aspect.LoggerAspect - Method arguments:[Ljava.lang.Object;@7e860d9a
2022-10-14 12:09:14 [http-nio-8084-exec-9] INFO  com.capstone.aspect.LoggerAspect - *************************************
2022-10-14 12:09:14 [http-nio-8084-exec-9] INFO  com.capstone.aspect.LoggerAspect - Method name: com.capstone.service.loanServiceImp
2022-10-14 12:09:14 [http-nio-8084-exec-9] INFO  com.capstone.aspect.LoggerAspect - Method arguments:[Ljava.lang.Object;@4b35ade2
2022-10-14 12:09:14 [http-nio-8084-exec-9] INFO  com.capstone.aspect.LoggerAspect - *************************************
2022-10-14 12:09:14 [http-nio-8084-exec-9] INFO  com.capstone.aspect.LoggerAspect - During: class com.capstone.service.loanServiceImp.getLoanAccByCust() with arguments=[loan [loanaccno=202211051, category=Personal, loan_amount=500000.0, custid=202200005, interest_rate=7.0, tenure=4]]
2022-10-14 12:09:14 [http-nio-8084-exec-9] INFO  com.capstone.aspect.LoggerAspect - *************************************
2022-10-14 12:09:14 [http-nio-8084-exec-9] INFO  com.capstone.aspect.LoggerAspect - During: class com.capstone.controller.loanController.getloanDetailsbyCust() with arguments=<200 OK OK,[loan [loanaccno=202211051, category=Personal, loan_amount=500000.0, custid=202200005, interest_rate=7.0, tenure=4]],[]>
2022-10-14 12:09:14 [http-nio-8084-exec-9] INFO  com.capstone.aspect.LoggerAspect - *************************************
2022-10-14 12:09:28 [http-nio-8084-exec-10] INFO  com.capstone.aspect.LoggerAspect - Method name: com.capstone.controller.loanController
2022-10-14 12:09:28 [http-nio-8084-exec-10] INFO  com.capstone.aspect.LoggerAspect - Method arguments:[Ljava.lang.Object;@5fa33722
2022-10-14 12:09:28 [http-nio-8084-exec-10] INFO  com.capstone.aspect.LoggerAspect - *************************************
2022-10-14 12:09:28 [http-nio-8084-exec-10] INFO  com.capstone.aspect.LoggerAspect - Method name: com.capstone.service.loanServiceImp
2022-10-14 12:09:28 [http-nio-8084-exec-10] INFO  com.capstone.aspect.LoggerAspect - Method arguments:[Ljava.lang.Object;@5164d2a6
2022-10-14 12:09:28 [http-nio-8084-exec-10] INFO  com.capstone.aspect.LoggerAspect - *************************************
2022-10-14 12:09:28 [http-nio-8084-exec-10] INFO  com.capstone.aspect.LoggerAspect - During: class com.capstone.service.loanServiceImp.getLoanAccByCust() with arguments=[loan [loanaccno=202211051, category=Personal, loan_amount=500000.0, custid=202200005, interest_rate=7.0, tenure=4]]
2022-10-14 12:09:28 [http-nio-8084-exec-10] INFO  com.capstone.aspect.LoggerAspect - *************************************
2022-10-14 12:09:28 [http-nio-8084-exec-10] INFO  com.capstone.aspect.LoggerAspect - During: class com.capstone.controller.loanController.getloanDetailsbyCust() with arguments=<200 OK OK,[loan [loanaccno=202211051, category=Personal, loan_amount=500000.0, custid=202200005, interest_rate=7.0, tenure=4]],[]>
2022-10-14 12:09:28 [http-nio-8084-exec-10] INFO  com.capstone.aspect.LoggerAspect - *************************************
2022-10-14 12:11:22 [AsyncResolver-bootstrap-executor-0] INFO  c.n.d.s.r.aws.ConfigClusterResolver - Resolving eureka endpoints via configuration
2022-10-14 12:16:22 [AsyncResolver-bootstrap-executor-0] INFO  c.n.d.s.r.aws.ConfigClusterResolver - Resolving eureka endpoints via configuration
2022-10-14 12:21:22 [AsyncResolver-bootstrap-executor-0] INFO  c.n.d.s.r.aws.ConfigClusterResolver - Resolving eureka endpoints via configuration
2022-10-14 12:26:22 [AsyncResolver-bootstrap-executor-0] INFO  c.n.d.s.r.aws.ConfigClusterResolver - Resolving eureka endpoints via configuration
2022-10-14 12:31:22 [AsyncResolver-bootstrap-executor-0] INFO  c.n.d.s.r.aws.ConfigClusterResolver - Resolving eureka endpoints via configuration
2022-10-14 12:32:26 [http-nio-8084-exec-3] INFO  com.capstone.aspect.LoggerAspect - Method name: com.capstone.controller.loanController
2022-10-14 12:32:26 [http-nio-8084-exec-3] INFO  com.capstone.aspect.LoggerAspect - Method arguments:[Ljava.lang.Object;@61b240a2
2022-10-14 12:32:26 [http-nio-8084-exec-3] INFO  com.capstone.aspect.LoggerAspect - *************************************
2022-10-14 12:32:26 [http-nio-8084-exec-3] INFO  com.capstone.aspect.LoggerAspect - Method name: com.capstone.service.loanServiceImp
2022-10-14 12:32:26 [http-nio-8084-exec-3] INFO  com.capstone.aspect.LoggerAspect - Method arguments:[Ljava.lang.Object;@3ae8329f
2022-10-14 12:32:26 [http-nio-8084-exec-3] INFO  com.capstone.aspect.LoggerAspect - *************************************
2022-10-14 12:32:26 [http-nio-8084-exec-3] INFO  com.capstone.aspect.LoggerAspect - During: class com.capstone.service.loanServiceImp.getLoanAccByCust() with arguments=[loan [loanaccno=202211051, category=Personal, loan_amount=500000.0, custid=202200005, interest_rate=7.0, tenure=4]]
2022-10-14 12:32:26 [http-nio-8084-exec-3] INFO  com.capstone.aspect.LoggerAspect - *************************************
2022-10-14 12:32:26 [http-nio-8084-exec-3] INFO  com.capstone.aspect.LoggerAspect - During: class com.capstone.controller.loanController.getloanDetailsbyCust() with arguments=<200 OK OK,[loan [loanaccno=202211051, category=Personal, loan_amount=500000.0, custid=202200005, interest_rate=7.0, tenure=4]],[]>
2022-10-14 12:32:26 [http-nio-8084-exec-3] INFO  com.capstone.aspect.LoggerAspect - *************************************
2022-10-14 12:34:18 [http-nio-8084-exec-5] INFO  com.capstone.aspect.LoggerAspect - Method name: com.capstone.controller.loanController
2022-10-14 12:34:18 [http-nio-8084-exec-5] INFO  com.capstone.aspect.LoggerAspect - Method arguments:[Ljava.lang.Object;@4d7faa76
2022-10-14 12:34:18 [http-nio-8084-exec-5] INFO  com.capstone.aspect.LoggerAspect - *************************************
2022-10-14 12:34:18 [http-nio-8084-exec-5] INFO  com.capstone.aspect.LoggerAspect - Method name: com.capstone.service.loanServiceImp
2022-10-14 12:34:18 [http-nio-8084-exec-5] INFO  com.capstone.aspect.LoggerAspect - Method arguments:[Ljava.lang.Object;@5f7d312b
2022-10-14 12:34:18 [http-nio-8084-exec-5] INFO  com.capstone.aspect.LoggerAspect - *************************************
2022-10-14 12:34:18 [http-nio-8084-exec-5] INFO  com.capstone.aspect.LoggerAspect - During: class com.capstone.service.loanServiceImp.getLoanAccByCust() with arguments=[loan [loanaccno=202211051, category=Personal, loan_amount=500000.0, custid=202200005, interest_rate=7.0, tenure=4]]
2022-10-14 12:34:18 [http-nio-8084-exec-5] INFO  com.capstone.aspect.LoggerAspect - *************************************
2022-10-14 12:34:18 [http-nio-8084-exec-5] INFO  com.capstone.aspect.LoggerAspect - During: class com.capstone.controller.loanController.getloanDetailsbyCust() with arguments=<200 OK OK,[loan [loanaccno=202211051, category=Personal, loan_amount=500000.0, custid=202200005, interest_rate=7.0, tenure=4]],[]>
2022-10-14 12:34:18 [http-nio-8084-exec-5] INFO  com.capstone.aspect.LoggerAspect - *************************************
2022-10-14 12:34:22 [http-nio-8084-exec-6] INFO  com.capstone.aspect.LoggerAspect - Method name: com.capstone.controller.loanController
2022-10-14 12:34:22 [http-nio-8084-exec-6] INFO  com.capstone.aspect.LoggerAspect - Method arguments:[Ljava.lang.Object;@2f7c05a4
2022-10-14 12:34:22 [http-nio-8084-exec-6] INFO  com.capstone.aspect.LoggerAspect - *************************************
2022-10-14 12:34:22 [http-nio-8084-exec-6] INFO  com.capstone.aspect.LoggerAspect - Method name: com.capstone.service.loanServiceImp
2022-10-14 12:34:22 [http-nio-8084-exec-6] INFO  com.capstone.aspect.LoggerAspect - Method arguments:[Ljava.lang.Object;@24d68792
2022-10-14 12:34:22 [http-nio-8084-exec-6] INFO  com.capstone.aspect.LoggerAspect - *************************************
2022-10-14 12:34:22 [http-nio-8084-exec-6] INFO  com.capstone.aspect.LoggerAspect - During: class com.capstone.service.loanServiceImp.getLoanAccByCust() with arguments=[loan [loanaccno=202211051, category=Personal, loan_amount=500000.0, custid=202200005, interest_rate=7.0, tenure=4]]
2022-10-14 12:34:22 [http-nio-8084-exec-6] INFO  com.capstone.aspect.LoggerAspect - *************************************
2022-10-14 12:34:22 [http-nio-8084-exec-6] INFO  com.capstone.aspect.LoggerAspect - During: class com.capstone.controller.loanController.getloanDetailsbyCust() with arguments=<200 OK OK,[loan [loanaccno=202211051, category=Personal, loan_amount=500000.0, custid=202200005, interest_rate=7.0, tenure=4]],[]>
2022-10-14 12:34:22 [http-nio-8084-exec-6] INFO  com.capstone.aspect.LoggerAspect - *************************************
2022-10-14 12:34:41 [http-nio-8084-exec-8] INFO  com.capstone.aspect.LoggerAspect - Method name: com.capstone.controller.loanController
2022-10-14 12:34:41 [http-nio-8084-exec-8] INFO  com.capstone.aspect.LoggerAspect - Method arguments:[Ljava.lang.Object;@63927809
2022-10-14 12:34:41 [http-nio-8084-exec-8] INFO  com.capstone.aspect.LoggerAspect - *************************************
2022-10-14 12:34:41 [http-nio-8084-exec-8] INFO  com.capstone.aspect.LoggerAspect - Method name: com.capstone.service.loanServiceImp
2022-10-14 12:34:41 [http-nio-8084-exec-8] INFO  com.capstone.aspect.LoggerAspect - Method arguments:[Ljava.lang.Object;@5d15e429
2022-10-14 12:34:41 [http-nio-8084-exec-8] INFO  com.capstone.aspect.LoggerAspect - *************************************
2022-10-14 12:34:41 [http-nio-8084-exec-8] INFO  com.capstone.aspect.LoggerAspect - During: class com.capstone.service.loanServiceImp.getLoanAccByCust() with arguments=[loan [loanaccno=202211051, category=Personal, loan_amount=500000.0, custid=202200005, interest_rate=7.0, tenure=4]]
2022-10-14 12:34:41 [http-nio-8084-exec-8] INFO  com.capstone.aspect.LoggerAspect - *************************************
2022-10-14 12:34:41 [http-nio-8084-exec-8] INFO  com.capstone.aspect.LoggerAspect - During: class com.capstone.controller.loanController.getloanDetailsbyCust() with arguments=<200 OK OK,[loan [loanaccno=202211051, category=Personal, loan_amount=500000.0, custid=202200005, interest_rate=7.0, tenure=4]],[]>
2022-10-14 12:34:41 [http-nio-8084-exec-8] INFO  com.capstone.aspect.LoggerAspect - *************************************
2022-10-14 12:34:43 [http-nio-8084-exec-9] INFO  com.capstone.aspect.LoggerAspect - Method name: com.capstone.controller.loanController
2022-10-14 12:34:43 [http-nio-8084-exec-9] INFO  com.capstone.aspect.LoggerAspect - Method arguments:[Ljava.lang.Object;@6d479ef5
2022-10-14 12:34:43 [http-nio-8084-exec-9] INFO  com.capstone.aspect.LoggerAspect - *************************************
2022-10-14 12:34:43 [http-nio-8084-exec-9] INFO  com.capstone.aspect.LoggerAspect - Method name: com.capstone.service.loanServiceImp
2022-10-14 12:34:43 [http-nio-8084-exec-9] INFO  com.capstone.aspect.LoggerAspect - Method arguments:[Ljava.lang.Object;@459dd858
2022-10-14 12:34:43 [http-nio-8084-exec-9] INFO  com.capstone.aspect.LoggerAspect - *************************************
2022-10-14 12:34:43 [http-nio-8084-exec-9] INFO  com.capstone.aspect.LoggerAspect - During: class com.capstone.service.loanServiceImp.getloanDetailsofCustbyLoan() with arguments=loan [loanaccno=202211051, category=Personal, loan_amount=500000.0, custid=202200005, interest_rate=7.0, tenure=4]
2022-10-14 12:34:43 [http-nio-8084-exec-9] INFO  com.capstone.aspect.LoggerAspect - *************************************
2022-10-14 12:34:43 [http-nio-8084-exec-9] INFO  com.capstone.aspect.LoggerAspect - During: class com.capstone.controller.loanController.getloanDetailsofCustbyLoan() with arguments=<200 OK OK,loan [loanaccno=202211051, category=Personal, loan_amount=500000.0, custid=202200005, interest_rate=7.0, tenure=4],[]>
2022-10-14 12:34:43 [http-nio-8084-exec-9] INFO  com.capstone.aspect.LoggerAspect - *************************************
2022-10-14 12:34:56 [http-nio-8084-exec-2] INFO  com.capstone.aspect.LoggerAspect - Method name: com.capstone.controller.loanController
2022-10-14 12:34:56 [http-nio-8084-exec-2] INFO  com.capstone.aspect.LoggerAspect - Method arguments:[Ljava.lang.Object;@56ad588c
2022-10-14 12:34:56 [http-nio-8084-exec-2] INFO  com.capstone.aspect.LoggerAspect - *************************************
2022-10-14 12:34:56 [http-nio-8084-exec-2] INFO  com.capstone.aspect.LoggerAspect - Method name: com.capstone.service.loanServiceImp
2022-10-14 12:34:56 [http-nio-8084-exec-2] INFO  com.capstone.aspect.LoggerAspect - Method arguments:[Ljava.lang.Object;@5268baaa
2022-10-14 12:34:56 [http-nio-8084-exec-2] INFO  com.capstone.aspect.LoggerAspect - *************************************
2022-10-14 12:34:56 [http-nio-8084-exec-2] INFO  com.capstone.aspect.LoggerAspect - During: class com.capstone.service.loanServiceImp.getloanDetailsofCustbyLoan() with arguments=loan [loanaccno=202211051, category=Personal, loan_amount=500000.0, custid=202200005, interest_rate=7.0, tenure=4]
2022-10-14 12:34:56 [http-nio-8084-exec-2] INFO  com.capstone.aspect.LoggerAspect - *************************************
2022-10-14 12:34:56 [http-nio-8084-exec-2] INFO  com.capstone.aspect.LoggerAspect - During: class com.capstone.controller.loanController.getloanDetailsofCustbyLoan() with arguments=<200 OK OK,loan [loanaccno=202211051, category=Personal, loan_amount=500000.0, custid=202200005, interest_rate=7.0, tenure=4],[]>
2022-10-14 12:34:56 [http-nio-8084-exec-2] INFO  com.capstone.aspect.LoggerAspect - *************************************
2022-10-14 12:36:07 [http-nio-8084-exec-3] INFO  com.capstone.aspect.LoggerAspect - Method name: com.capstone.controller.loanController
2022-10-14 12:36:07 [http-nio-8084-exec-3] INFO  com.capstone.aspect.LoggerAspect - Method arguments:[Ljava.lang.Object;@d869b09
2022-10-14 12:36:07 [http-nio-8084-exec-3] INFO  com.capstone.aspect.LoggerAspect - *************************************
2022-10-14 12:36:07 [http-nio-8084-exec-3] INFO  com.capstone.aspect.LoggerAspect - Method name: com.capstone.service.loanServiceImp
2022-10-14 12:36:07 [http-nio-8084-exec-3] INFO  com.capstone.aspect.LoggerAspect - Method arguments:[Ljava.lang.Object;@1060f616
2022-10-14 12:36:07 [http-nio-8084-exec-3] INFO  com.capstone.aspect.LoggerAspect - *************************************
2022-10-14 12:36:07 [http-nio-8084-exec-3] INFO  com.capstone.aspect.LoggerAspect - During: class com.capstone.service.loanServiceImp.getloanDetailsofCustbyLoan() with arguments=loan [loanaccno=202211051, category=Personal, loan_amount=500000.0, custid=202200005, interest_rate=7.0, tenure=4]
2022-10-14 12:36:07 [http-nio-8084-exec-3] INFO  com.capstone.aspect.LoggerAspect - *************************************
2022-10-14 12:36:07 [http-nio-8084-exec-3] INFO  com.capstone.aspect.LoggerAspect - During: class com.capstone.controller.loanController.getloanDetailsofCustbyLoan() with arguments=<200 OK OK,loan [loanaccno=202211051, category=Personal, loan_amount=500000.0, custid=202200005, interest_rate=7.0, tenure=4],[]>
2022-10-14 12:36:07 [http-nio-8084-exec-3] INFO  com.capstone.aspect.LoggerAspect - *************************************
2022-10-14 12:36:11 [http-nio-8084-exec-4] INFO  com.capstone.aspect.LoggerAspect - Method name: com.capstone.controller.loanController
2022-10-14 12:36:11 [http-nio-8084-exec-4] INFO  com.capstone.aspect.LoggerAspect - Method arguments:[Ljava.lang.Object;@3b2f10d5
2022-10-14 12:36:11 [http-nio-8084-exec-4] INFO  com.capstone.aspect.LoggerAspect - *************************************
2022-10-14 12:36:11 [http-nio-8084-exec-4] INFO  com.capstone.aspect.LoggerAspect - Method name: com.capstone.service.loanServiceImp
2022-10-14 12:36:11 [http-nio-8084-exec-4] INFO  com.capstone.aspect.LoggerAspect - Method arguments:[Ljava.lang.Object;@744326e7
2022-10-14 12:36:11 [http-nio-8084-exec-4] INFO  com.capstone.aspect.LoggerAspect - *************************************
2022-10-14 12:36:11 [http-nio-8084-exec-4] INFO  com.capstone.aspect.LoggerAspect - During: class com.capstone.service.loanServiceImp.getloanDetailsofCustbyLoan() with arguments=loan [loanaccno=202211051, category=Personal, loan_amount=500000.0, custid=202200005, interest_rate=7.0, tenure=4]
2022-10-14 12:36:11 [http-nio-8084-exec-4] INFO  com.capstone.aspect.LoggerAspect - *************************************
2022-10-14 12:36:11 [http-nio-8084-exec-4] INFO  com.capstone.aspect.LoggerAspect - During: class com.capstone.controller.loanController.getloanDetailsofCustbyLoan() with arguments=<200 OK OK,loan [loanaccno=202211051, category=Personal, loan_amount=500000.0, custid=202200005, interest_rate=7.0, tenure=4],[]>
2022-10-14 12:36:11 [http-nio-8084-exec-4] INFO  com.capstone.aspect.LoggerAspect - *************************************
2022-10-14 12:36:22 [AsyncResolver-bootstrap-executor-0] INFO  c.n.d.s.r.aws.ConfigClusterResolver - Resolving eureka endpoints via configuration
2022-10-14 12:37:25 [http-nio-8084-exec-6] INFO  com.capstone.aspect.LoggerAspect - Method name: com.capstone.controller.loanController
2022-10-14 12:37:25 [http-nio-8084-exec-6] INFO  com.capstone.aspect.LoggerAspect - Method arguments:[Ljava.lang.Object;@59e4d3bf
2022-10-14 12:37:25 [http-nio-8084-exec-6] INFO  com.capstone.aspect.LoggerAspect - *************************************
2022-10-14 12:37:25 [http-nio-8084-exec-6] INFO  com.capstone.aspect.LoggerAspect - Method name: com.capstone.service.loanServiceImp
2022-10-14 12:37:25 [http-nio-8084-exec-6] INFO  com.capstone.aspect.LoggerAspect - Method arguments:[Ljava.lang.Object;@14048d1c
2022-10-14 12:37:25 [http-nio-8084-exec-6] INFO  com.capstone.aspect.LoggerAspect - *************************************
2022-10-14 12:37:25 [http-nio-8084-exec-6] INFO  com.capstone.aspect.LoggerAspect - During: class com.capstone.service.loanServiceImp.getloanDetailsofCustbyLoan() with arguments=loan [loanaccno=202211051, category=Personal, loan_amount=500000.0, custid=202200005, interest_rate=7.0, tenure=4]
2022-10-14 12:37:25 [http-nio-8084-exec-6] INFO  com.capstone.aspect.LoggerAspect - *************************************
2022-10-14 12:37:25 [http-nio-8084-exec-6] INFO  com.capstone.aspect.LoggerAspect - During: class com.capstone.controller.loanController.getloanDetailsofCustbyLoan() with arguments=<200 OK OK,loan [loanaccno=202211051, category=Personal, loan_amount=500000.0, custid=202200005, interest_rate=7.0, tenure=4],[]>
2022-10-14 12:37:25 [http-nio-8084-exec-6] INFO  com.capstone.aspect.LoggerAspect - *************************************
2022-10-14 12:37:34 [http-nio-8084-exec-8] INFO  com.capstone.aspect.LoggerAspect - Method name: com.capstone.controller.loanController
2022-10-14 12:37:34 [http-nio-8084-exec-8] INFO  com.capstone.aspect.LoggerAspect - Method arguments:[Ljava.lang.Object;@3b2bafaa
2022-10-14 12:37:34 [http-nio-8084-exec-8] INFO  com.capstone.aspect.LoggerAspect - *************************************
2022-10-14 12:37:34 [http-nio-8084-exec-8] INFO  com.capstone.aspect.LoggerAspect - Method name: com.capstone.service.loanServiceImp
2022-10-14 12:37:34 [http-nio-8084-exec-8] INFO  com.capstone.aspect.LoggerAspect - Method arguments:[Ljava.lang.Object;@22e5ab8
2022-10-14 12:37:34 [http-nio-8084-exec-8] INFO  com.capstone.aspect.LoggerAspect - *************************************
2022-10-14 12:37:34 [http-nio-8084-exec-8] INFO  com.capstone.aspect.LoggerAspect - During: class com.capstone.service.loanServiceImp.getloanDetailsofCustbyLoan() with arguments=loan [loanaccno=202211051, category=Personal, loan_amount=500000.0, custid=202200005, interest_rate=7.0, tenure=4]
2022-10-14 12:37:34 [http-nio-8084-exec-8] INFO  com.capstone.aspect.LoggerAspect - *************************************
2022-10-14 12:37:34 [http-nio-8084-exec-8] INFO  com.capstone.aspect.LoggerAspect - During: class com.capstone.controller.loanController.getloanDetailsofCustbyLoan() with arguments=<200 OK OK,loan [loanaccno=202211051, category=Personal, loan_amount=500000.0, custid=202200005, interest_rate=7.0, tenure=4],[]>
2022-10-14 12:37:34 [http-nio-8084-exec-8] INFO  com.capstone.aspect.LoggerAspect - *************************************
2022-10-14 12:38:09 [http-nio-8084-exec-9] INFO  com.capstone.aspect.LoggerAspect - Method name: com.capstone.controller.loanController
2022-10-14 12:38:09 [http-nio-8084-exec-9] INFO  com.capstone.aspect.LoggerAspect - Method arguments:[Ljava.lang.Object;@2cd21cb7
2022-10-14 12:38:09 [http-nio-8084-exec-9] INFO  com.capstone.aspect.LoggerAspect - *************************************
2022-10-14 12:38:09 [http-nio-8084-exec-9] INFO  com.capstone.aspect.LoggerAspect - Method name: com.capstone.service.loanServiceImp
2022-10-14 12:38:09 [http-nio-8084-exec-9] INFO  com.capstone.aspect.LoggerAspect - Method arguments:[Ljava.lang.Object;@49a01bd2
2022-10-14 12:38:09 [http-nio-8084-exec-9] INFO  com.capstone.aspect.LoggerAspect - *************************************
2022-10-14 12:38:09 [http-nio-8084-exec-9] INFO  com.capstone.aspect.LoggerAspect - During: class com.capstone.service.loanServiceImp.getloanDetailsofCustbyLoan() with arguments=loan [loanaccno=202211051, category=Personal, loan_amount=500000.0, custid=202200005, interest_rate=7.0, tenure=4]
2022-10-14 12:38:09 [http-nio-8084-exec-9] INFO  com.capstone.aspect.LoggerAspect - *************************************
2022-10-14 12:38:09 [http-nio-8084-exec-9] INFO  com.capstone.aspect.LoggerAspect - During: class com.capstone.controller.loanController.getloanDetailsofCustbyLoan() with arguments=<200 OK OK,loan [loanaccno=202211051, category=Personal, loan_amount=500000.0, custid=202200005, interest_rate=7.0, tenure=4],[]>
2022-10-14 12:38:09 [http-nio-8084-exec-9] INFO  com.capstone.aspect.LoggerAspect - *************************************
2022-10-14 12:38:51 [http-nio-8084-exec-10] INFO  com.capstone.aspect.LoggerAspect - Method name: com.capstone.controller.loanController
2022-10-14 12:38:51 [http-nio-8084-exec-10] INFO  com.capstone.aspect.LoggerAspect - Method arguments:[Ljava.lang.Object;@3becda86
2022-10-14 12:38:51 [http-nio-8084-exec-10] INFO  com.capstone.aspect.LoggerAspect - *************************************
2022-10-14 12:38:51 [http-nio-8084-exec-10] INFO  com.capstone.aspect.LoggerAspect - Method name: com.capstone.service.loanServiceImp
2022-10-14 12:38:51 [http-nio-8084-exec-10] INFO  com.capstone.aspect.LoggerAspect - Method arguments:[Ljava.lang.Object;@7c71bbef
2022-10-14 12:38:51 [http-nio-8084-exec-10] INFO  com.capstone.aspect.LoggerAspect - *************************************
2022-10-14 12:38:51 [http-nio-8084-exec-10] INFO  com.capstone.aspect.LoggerAspect - During: class com.capstone.service.loanServiceImp.getloanDetailsofCustbyLoan() with arguments=loan [loanaccno=202211051, category=Personal, loan_amount=500000.0, custid=202200005, interest_rate=7.0, tenure=4]
2022-10-14 12:38:51 [http-nio-8084-exec-10] INFO  com.capstone.aspect.LoggerAspect - *************************************
2022-10-14 12:38:51 [http-nio-8084-exec-10] INFO  com.capstone.aspect.LoggerAspect - During: class com.capstone.controller.loanController.getloanDetailsofCustbyLoan() with arguments=<200 OK OK,loan [loanaccno=202211051, category=Personal, loan_amount=500000.0, custid=202200005, interest_rate=7.0, tenure=4],[]>
2022-10-14 12:38:51 [http-nio-8084-exec-10] INFO  com.capstone.aspect.LoggerAspect - *************************************
2022-10-14 12:41:22 [AsyncResolver-bootstrap-executor-0] INFO  c.n.d.s.r.aws.ConfigClusterResolver - Resolving eureka endpoints via configuration
2022-10-14 12:43:12 [http-nio-8084-exec-1] INFO  com.capstone.aspect.LoggerAspect - Method name: com.capstone.controller.loanController
2022-10-14 12:43:12 [http-nio-8084-exec-1] INFO  com.capstone.aspect.LoggerAspect - Method arguments:[Ljava.lang.Object;@6511fb7
2022-10-14 12:43:12 [http-nio-8084-exec-1] INFO  com.capstone.aspect.LoggerAspect - *************************************
2022-10-14 12:43:12 [http-nio-8084-exec-1] INFO  com.capstone.aspect.LoggerAspect - Method name: com.capstone.service.loanServiceImp
2022-10-14 12:43:12 [http-nio-8084-exec-1] INFO  com.capstone.aspect.LoggerAspect - Method arguments:[Ljava.lang.Object;@73f02942
2022-10-14 12:43:12 [http-nio-8084-exec-1] INFO  com.capstone.aspect.LoggerAspect - *************************************
2022-10-14 12:43:12 [http-nio-8084-exec-1] INFO  com.capstone.aspect.LoggerAspect - During: class com.capstone.service.loanServiceImp.getloanDetailsofCustbyLoan() with arguments=loan [loanaccno=202211051, category=Personal, loan_amount=500000.0, custid=202200005, interest_rate=7.0, tenure=4]
2022-10-14 12:43:12 [http-nio-8084-exec-1] INFO  com.capstone.aspect.LoggerAspect - *************************************
2022-10-14 12:43:12 [http-nio-8084-exec-1] INFO  com.capstone.aspect.LoggerAspect - During: class com.capstone.controller.loanController.getloanDetailsofCustbyLoan() with arguments=<200 OK OK,loan [loanaccno=202211051, category=Personal, loan_amount=500000.0, custid=202200005, interest_rate=7.0, tenure=4],[]>
2022-10-14 12:43:12 [http-nio-8084-exec-1] INFO  com.capstone.aspect.LoggerAspect - *************************************
2022-10-14 12:43:23 [http-nio-8084-exec-3] INFO  com.capstone.aspect.LoggerAspect - Method name: com.capstone.controller.loanController
2022-10-14 12:43:23 [http-nio-8084-exec-3] INFO  com.capstone.aspect.LoggerAspect - Method arguments:[Ljava.lang.Object;@1ebd8f9c
2022-10-14 12:43:23 [http-nio-8084-exec-3] INFO  com.capstone.aspect.LoggerAspect - *************************************
2022-10-14 12:43:23 [http-nio-8084-exec-3] INFO  com.capstone.aspect.LoggerAspect - Method name: com.capstone.service.loanServiceImp
2022-10-14 12:43:23 [http-nio-8084-exec-3] INFO  com.capstone.aspect.LoggerAspect - Method arguments:[Ljava.lang.Object;@7a264b8a
2022-10-14 12:43:23 [http-nio-8084-exec-3] INFO  com.capstone.aspect.LoggerAspect - *************************************
2022-10-14 12:43:23 [http-nio-8084-exec-3] INFO  com.capstone.aspect.LoggerAspect - During: class com.capstone.service.loanServiceImp.getloanDetailsofCustbyLoan() with arguments=loan [loanaccno=202211051, category=Personal, loan_amount=500000.0, custid=202200005, interest_rate=7.0, tenure=4]
2022-10-14 12:43:23 [http-nio-8084-exec-3] INFO  com.capstone.aspect.LoggerAspect - *************************************
2022-10-14 12:43:23 [http-nio-8084-exec-3] INFO  com.capstone.aspect.LoggerAspect - During: class com.capstone.controller.loanController.getloanDetailsofCustbyLoan() with arguments=<200 OK OK,loan [loanaccno=202211051, category=Personal, loan_amount=500000.0, custid=202200005, interest_rate=7.0, tenure=4],[]>
2022-10-14 12:43:23 [http-nio-8084-exec-3] INFO  com.capstone.aspect.LoggerAspect - *************************************
2022-10-14 12:43:37 [http-nio-8084-exec-4] INFO  com.capstone.aspect.LoggerAspect - Method name: com.capstone.controller.loanController
2022-10-14 12:43:37 [http-nio-8084-exec-4] INFO  com.capstone.aspect.LoggerAspect - Method arguments:[Ljava.lang.Object;@6e3d41d6
2022-10-14 12:43:37 [http-nio-8084-exec-4] INFO  com.capstone.aspect.LoggerAspect - *************************************
2022-10-14 12:43:37 [http-nio-8084-exec-4] INFO  com.capstone.aspect.LoggerAspect - Method name: com.capstone.service.loanServiceImp
2022-10-14 12:43:37 [http-nio-8084-exec-4] INFO  com.capstone.aspect.LoggerAspect - Method arguments:[Ljava.lang.Object;@173a94ca
2022-10-14 12:43:37 [http-nio-8084-exec-4] INFO  com.capstone.aspect.LoggerAspect - *************************************
2022-10-14 12:43:37 [http-nio-8084-exec-4] INFO  com.capstone.aspect.LoggerAspect - During: class com.capstone.service.loanServiceImp.getloanDetailsofCustbyLoan() with arguments=loan [loanaccno=202211051, category=Personal, loan_amount=500000.0, custid=202200005, interest_rate=7.0, tenure=4]
2022-10-14 12:43:37 [http-nio-8084-exec-4] INFO  com.capstone.aspect.LoggerAspect - *************************************
2022-10-14 12:43:37 [http-nio-8084-exec-4] INFO  com.capstone.aspect.LoggerAspect - During: class com.capstone.controller.loanController.getloanDetailsofCustbyLoan() with arguments=<200 OK OK,loan [loanaccno=202211051, category=Personal, loan_amount=500000.0, custid=202200005, interest_rate=7.0, tenure=4],[]>
2022-10-14 12:43:37 [http-nio-8084-exec-4] INFO  com.capstone.aspect.LoggerAspect - *************************************
2022-10-14 12:43:41 [http-nio-8084-exec-5] INFO  com.capstone.aspect.LoggerAspect - Method name: com.capstone.controller.loanController
2022-10-14 12:43:41 [http-nio-8084-exec-5] INFO  com.capstone.aspect.LoggerAspect - Method arguments:[Ljava.lang.Object;@6477e5a1
2022-10-14 12:43:41 [http-nio-8084-exec-5] INFO  com.capstone.aspect.LoggerAspect - *************************************
2022-10-14 12:43:41 [http-nio-8084-exec-5] INFO  com.capstone.aspect.LoggerAspect - Method name: com.capstone.service.loanServiceImp
2022-10-14 12:43:41 [http-nio-8084-exec-5] INFO  com.capstone.aspect.LoggerAspect - Method arguments:[Ljava.lang.Object;@3fa80126
2022-10-14 12:43:41 [http-nio-8084-exec-5] INFO  com.capstone.aspect.LoggerAspect - *************************************
2022-10-14 12:43:41 [http-nio-8084-exec-5] INFO  com.capstone.aspect.LoggerAspect - During: class com.capstone.service.loanServiceImp.getloanDetailsofCustbyLoan() with arguments=loan [loanaccno=202211051, category=Personal, loan_amount=500000.0, custid=202200005, interest_rate=7.0, tenure=4]
2022-10-14 12:43:41 [http-nio-8084-exec-5] INFO  com.capstone.aspect.LoggerAspect - *************************************
2022-10-14 12:43:41 [http-nio-8084-exec-5] INFO  com.capstone.aspect.LoggerAspect - During: class com.capstone.controller.loanController.getloanDetailsofCustbyLoan() with arguments=<200 OK OK,loan [loanaccno=202211051, category=Personal, loan_amount=500000.0, custid=202200005, interest_rate=7.0, tenure=4],[]>
2022-10-14 12:43:41 [http-nio-8084-exec-5] INFO  com.capstone.aspect.LoggerAspect - *************************************
2022-10-14 12:44:21 [http-nio-8084-exec-7] INFO  com.capstone.aspect.LoggerAspect - Method name: com.capstone.controller.loanController
2022-10-14 12:44:21 [http-nio-8084-exec-7] INFO  com.capstone.aspect.LoggerAspect - Method arguments:[Ljava.lang.Object;@50911495
2022-10-14 12:44:21 [http-nio-8084-exec-7] INFO  com.capstone.aspect.LoggerAspect - *************************************
2022-10-14 12:44:21 [http-nio-8084-exec-7] INFO  com.capstone.aspect.LoggerAspect - Method name: com.capstone.service.loanServiceImp
2022-10-14 12:44:21 [http-nio-8084-exec-7] INFO  com.capstone.aspect.LoggerAspect - Method arguments:[Ljava.lang.Object;@29d9e7b5
2022-10-14 12:44:21 [http-nio-8084-exec-7] INFO  com.capstone.aspect.LoggerAspect - *************************************
2022-10-14 12:44:21 [http-nio-8084-exec-7] INFO  com.capstone.aspect.LoggerAspect - During: class com.capstone.service.loanServiceImp.getloanDetailsofCustbyLoan() with arguments=loan [loanaccno=202211051, category=Personal, loan_amount=500000.0, custid=202200005, interest_rate=7.0, tenure=4]
2022-10-14 12:44:21 [http-nio-8084-exec-7] INFO  com.capstone.aspect.LoggerAspect - *************************************
2022-10-14 12:44:21 [http-nio-8084-exec-7] INFO  com.capstone.aspect.LoggerAspect - During: class com.capstone.controller.loanController.getloanDetailsofCustbyLoan() with arguments=<200 OK OK,loan [loanaccno=202211051, category=Personal, loan_amount=500000.0, custid=202200005, interest_rate=7.0, tenure=4],[]>
2022-10-14 12:44:21 [http-nio-8084-exec-7] INFO  com.capstone.aspect.LoggerAspect - *************************************
2022-10-14 12:44:27 [http-nio-8084-exec-8] INFO  com.capstone.aspect.LoggerAspect - Method name: com.capstone.controller.loanController
2022-10-14 12:44:27 [http-nio-8084-exec-8] INFO  com.capstone.aspect.LoggerAspect - Method arguments:[Ljava.lang.Object;@5940a9a3
2022-10-14 12:44:27 [http-nio-8084-exec-8] INFO  com.capstone.aspect.LoggerAspect - *************************************
2022-10-14 12:44:27 [http-nio-8084-exec-8] INFO  com.capstone.aspect.LoggerAspect - Method name: com.capstone.service.loanServiceImp
2022-10-14 12:44:27 [http-nio-8084-exec-8] INFO  com.capstone.aspect.LoggerAspect - Method arguments:[Ljava.lang.Object;@42e2c501
2022-10-14 12:44:27 [http-nio-8084-exec-8] INFO  com.capstone.aspect.LoggerAspect - *************************************
2022-10-14 12:44:27 [http-nio-8084-exec-8] INFO  com.capstone.aspect.LoggerAspect - During: class com.capstone.service.loanServiceImp.getloanDetailsofCustbyLoan() with arguments=loan [loanaccno=202211051, category=Personal, loan_amount=500000.0, custid=202200005, interest_rate=7.0, tenure=4]
2022-10-14 12:44:27 [http-nio-8084-exec-8] INFO  com.capstone.aspect.LoggerAspect - *************************************
2022-10-14 12:44:27 [http-nio-8084-exec-8] INFO  com.capstone.aspect.LoggerAspect - During: class com.capstone.controller.loanController.getloanDetailsofCustbyLoan() with arguments=<200 OK OK,loan [loanaccno=202211051, category=Personal, loan_amount=500000.0, custid=202200005, interest_rate=7.0, tenure=4],[]>
2022-10-14 12:44:27 [http-nio-8084-exec-8] INFO  com.capstone.aspect.LoggerAspect - *************************************
2022-10-14 12:45:50 [http-nio-8084-exec-10] INFO  com.capstone.aspect.LoggerAspect - Method name: com.capstone.controller.loanController
2022-10-14 12:45:50 [http-nio-8084-exec-10] INFO  com.capstone.aspect.LoggerAspect - Method arguments:[Ljava.lang.Object;@452abd9e
2022-10-14 12:45:50 [http-nio-8084-exec-10] INFO  com.capstone.aspect.LoggerAspect - *************************************
2022-10-14 12:45:50 [http-nio-8084-exec-10] INFO  com.capstone.aspect.LoggerAspect - Method name: com.capstone.service.loanServiceImp
2022-10-14 12:45:50 [http-nio-8084-exec-10] INFO  com.capstone.aspect.LoggerAspect - Method arguments:[Ljava.lang.Object;@62349135
2022-10-14 12:45:50 [http-nio-8084-exec-10] INFO  com.capstone.aspect.LoggerAspect - *************************************
2022-10-14 12:45:50 [http-nio-8084-exec-10] INFO  com.capstone.aspect.LoggerAspect - During: class com.capstone.service.loanServiceImp.getLoanAccByCust() with arguments=[loan [loanaccno=202211051, category=Personal, loan_amount=500000.0, custid=202200005, interest_rate=7.0, tenure=4]]
2022-10-14 12:45:50 [http-nio-8084-exec-10] INFO  com.capstone.aspect.LoggerAspect - *************************************
2022-10-14 12:45:50 [http-nio-8084-exec-10] INFO  com.capstone.aspect.LoggerAspect - During: class com.capstone.controller.loanController.getloanDetailsbyCust() with arguments=<200 OK OK,[loan [loanaccno=202211051, category=Personal, loan_amount=500000.0, custid=202200005, interest_rate=7.0, tenure=4]],[]>
2022-10-14 12:45:50 [http-nio-8084-exec-10] INFO  com.capstone.aspect.LoggerAspect - *************************************
2022-10-14 12:45:51 [http-nio-8084-exec-2] INFO  com.capstone.aspect.LoggerAspect - Method name: com.capstone.controller.loanController
2022-10-14 12:45:51 [http-nio-8084-exec-2] INFO  com.capstone.aspect.LoggerAspect - Method arguments:[Ljava.lang.Object;@507feee2
2022-10-14 12:45:51 [http-nio-8084-exec-2] INFO  com.capstone.aspect.LoggerAspect - *************************************
2022-10-14 12:45:51 [http-nio-8084-exec-2] INFO  com.capstone.aspect.LoggerAspect - Method name: com.capstone.service.loanServiceImp
2022-10-14 12:45:51 [http-nio-8084-exec-2] INFO  com.capstone.aspect.LoggerAspect - Method arguments:[Ljava.lang.Object;@4619e9c7
2022-10-14 12:45:51 [http-nio-8084-exec-2] INFO  com.capstone.aspect.LoggerAspect - *************************************
2022-10-14 12:45:51 [http-nio-8084-exec-2] INFO  com.capstone.aspect.LoggerAspect - During: class com.capstone.service.loanServiceImp.getloanDetailsofCustbyLoan() with arguments=loan [loanaccno=202211051, category=Personal, loan_amount=500000.0, custid=202200005, interest_rate=7.0, tenure=4]
2022-10-14 12:45:51 [http-nio-8084-exec-2] INFO  com.capstone.aspect.LoggerAspect - *************************************
2022-10-14 12:45:51 [http-nio-8084-exec-2] INFO  com.capstone.aspect.LoggerAspect - During: class com.capstone.controller.loanController.getloanDetailsofCustbyLoan() with arguments=<200 OK OK,loan [loanaccno=202211051, category=Personal, loan_amount=500000.0, custid=202200005, interest_rate=7.0, tenure=4],[]>
2022-10-14 12:45:51 [http-nio-8084-exec-2] INFO  com.capstone.aspect.LoggerAspect - *************************************
2022-10-14 12:46:22 [AsyncResolver-bootstrap-executor-0] INFO  c.n.d.s.r.aws.ConfigClusterResolver - Resolving eureka endpoints via configuration
2022-10-14 12:46:40 [http-nio-8084-exec-3] INFO  com.capstone.aspect.LoggerAspect - Method name: com.capstone.controller.loanController
2022-10-14 12:46:40 [http-nio-8084-exec-3] INFO  com.capstone.aspect.LoggerAspect - Method arguments:[Ljava.lang.Object;@60beef31
2022-10-14 12:46:40 [http-nio-8084-exec-3] INFO  com.capstone.aspect.LoggerAspect - *************************************
2022-10-14 12:46:40 [http-nio-8084-exec-3] INFO  com.capstone.aspect.LoggerAspect - Method name: com.capstone.service.loanServiceImp
2022-10-14 12:46:40 [http-nio-8084-exec-3] INFO  com.capstone.aspect.LoggerAspect - Method arguments:[Ljava.lang.Object;@24b50921
2022-10-14 12:46:40 [http-nio-8084-exec-3] INFO  com.capstone.aspect.LoggerAspect - *************************************
2022-10-14 12:46:40 [http-nio-8084-exec-3] INFO  com.capstone.aspect.LoggerAspect - During: class com.capstone.service.loanServiceImp.getLoanAccByCust() with arguments=[loan [loanaccno=202211051, category=Personal, loan_amount=500000.0, custid=202200005, interest_rate=7.0, tenure=4]]
2022-10-14 12:46:40 [http-nio-8084-exec-3] INFO  com.capstone.aspect.LoggerAspect - *************************************
2022-10-14 12:46:40 [http-nio-8084-exec-3] INFO  com.capstone.aspect.LoggerAspect - During: class com.capstone.controller.loanController.getloanDetailsbyCust() with arguments=<200 OK OK,[loan [loanaccno=202211051, category=Personal, loan_amount=500000.0, custid=202200005, interest_rate=7.0, tenure=4]],[]>
2022-10-14 12:46:40 [http-nio-8084-exec-3] INFO  com.capstone.aspect.LoggerAspect - *************************************
2022-10-14 12:46:41 [http-nio-8084-exec-4] INFO  com.capstone.aspect.LoggerAspect - Method name: com.capstone.controller.loanController
2022-10-14 12:46:41 [http-nio-8084-exec-4] INFO  com.capstone.aspect.LoggerAspect - Method arguments:[Ljava.lang.Object;@68f4dcc3
2022-10-14 12:46:41 [http-nio-8084-exec-4] INFO  com.capstone.aspect.LoggerAspect - *************************************
2022-10-14 12:46:41 [http-nio-8084-exec-4] INFO  com.capstone.aspect.LoggerAspect - Method name: com.capstone.service.loanServiceImp
2022-10-14 12:46:41 [http-nio-8084-exec-4] INFO  com.capstone.aspect.LoggerAspect - Method arguments:[Ljava.lang.Object;@4aa90d45
2022-10-14 12:46:41 [http-nio-8084-exec-4] INFO  com.capstone.aspect.LoggerAspect - *************************************
2022-10-14 12:46:41 [http-nio-8084-exec-4] INFO  com.capstone.aspect.LoggerAspect - During: class com.capstone.service.loanServiceImp.getloanDetailsofCustbyLoan() with arguments=loan [loanaccno=202211051, category=Personal, loan_amount=500000.0, custid=202200005, interest_rate=7.0, tenure=4]
2022-10-14 12:46:41 [http-nio-8084-exec-4] INFO  com.capstone.aspect.LoggerAspect - *************************************
2022-10-14 12:46:41 [http-nio-8084-exec-4] INFO  com.capstone.aspect.LoggerAspect - During: class com.capstone.controller.loanController.getloanDetailsofCustbyLoan() with arguments=<200 OK OK,loan [loanaccno=202211051, category=Personal, loan_amount=500000.0, custid=202200005, interest_rate=7.0, tenure=4],[]>
2022-10-14 12:46:41 [http-nio-8084-exec-4] INFO  com.capstone.aspect.LoggerAspect - *************************************
2022-10-14 12:46:42 [http-nio-8084-exec-5] INFO  com.capstone.aspect.LoggerAspect - Method name: com.capstone.controller.loanController
2022-10-14 12:46:42 [http-nio-8084-exec-5] INFO  com.capstone.aspect.LoggerAspect - Method arguments:[Ljava.lang.Object;@6b455858
2022-10-14 12:46:42 [http-nio-8084-exec-5] INFO  com.capstone.aspect.LoggerAspect - *************************************
2022-10-14 12:46:42 [http-nio-8084-exec-5] INFO  com.capstone.aspect.LoggerAspect - Method name: com.capstone.service.loanServiceImp
2022-10-14 12:46:42 [http-nio-8084-exec-5] INFO  com.capstone.aspect.LoggerAspect - Method arguments:[Ljava.lang.Object;@4d85e542
2022-10-14 12:46:42 [http-nio-8084-exec-5] INFO  com.capstone.aspect.LoggerAspect - *************************************
2022-10-14 12:46:42 [http-nio-8084-exec-5] INFO  com.capstone.aspect.LoggerAspect - During: class com.capstone.service.loanServiceImp.getloanDetailsofCustbyLoan() with arguments=loan [loanaccno=202211051, category=Personal, loan_amount=500000.0, custid=202200005, interest_rate=7.0, tenure=4]
2022-10-14 12:46:42 [http-nio-8084-exec-5] INFO  com.capstone.aspect.LoggerAspect - *************************************
2022-10-14 12:46:42 [http-nio-8084-exec-5] INFO  com.capstone.aspect.LoggerAspect - During: class com.capstone.controller.loanController.getloanDetailsofCustbyLoan() with arguments=<200 OK OK,loan [loanaccno=202211051, category=Personal, loan_amount=500000.0, custid=202200005, interest_rate=7.0, tenure=4],[]>
2022-10-14 12:46:42 [http-nio-8084-exec-5] INFO  com.capstone.aspect.LoggerAspect - *************************************
2022-10-14 12:47:37 [http-nio-8084-exec-7] INFO  com.capstone.aspect.LoggerAspect - Method name: com.capstone.controller.loanController
2022-10-14 12:47:37 [http-nio-8084-exec-7] INFO  com.capstone.aspect.LoggerAspect - Method arguments:[Ljava.lang.Object;@1203ea95
2022-10-14 12:47:37 [http-nio-8084-exec-7] INFO  com.capstone.aspect.LoggerAspect - *************************************
2022-10-14 12:47:37 [http-nio-8084-exec-7] INFO  com.capstone.aspect.LoggerAspect - Method name: com.capstone.service.loanServiceImp
2022-10-14 12:47:37 [http-nio-8084-exec-7] INFO  com.capstone.aspect.LoggerAspect - Method arguments:[Ljava.lang.Object;@453493dd
2022-10-14 12:47:37 [http-nio-8084-exec-7] INFO  com.capstone.aspect.LoggerAspect - *************************************
2022-10-14 12:47:37 [http-nio-8084-exec-7] INFO  com.capstone.aspect.LoggerAspect - During: class com.capstone.service.loanServiceImp.getloanDetailsofCustbyLoan() with arguments=loan [loanaccno=202211051, category=Personal, loan_amount=500000.0, custid=202200005, interest_rate=7.0, tenure=4]
2022-10-14 12:47:37 [http-nio-8084-exec-7] INFO  com.capstone.aspect.LoggerAspect - *************************************
2022-10-14 12:47:37 [http-nio-8084-exec-7] INFO  com.capstone.aspect.LoggerAspect - During: class com.capstone.controller.loanController.getloanDetailsofCustbyLoan() with arguments=<200 OK OK,loan [loanaccno=202211051, category=Personal, loan_amount=500000.0, custid=202200005, interest_rate=7.0, tenure=4],[]>
2022-10-14 12:47:37 [http-nio-8084-exec-7] INFO  com.capstone.aspect.LoggerAspect - *************************************
2022-10-14 12:47:52 [http-nio-8084-exec-9] INFO  com.capstone.aspect.LoggerAspect - Method name: com.capstone.controller.loanController
2022-10-14 12:47:52 [http-nio-8084-exec-9] INFO  com.capstone.aspect.LoggerAspect - Method arguments:[Ljava.lang.Object;@4e63d433
2022-10-14 12:47:52 [http-nio-8084-exec-9] INFO  com.capstone.aspect.LoggerAspect - *************************************
2022-10-14 12:47:52 [http-nio-8084-exec-9] INFO  com.capstone.aspect.LoggerAspect - Method name: com.capstone.service.loanServiceImp
2022-10-14 12:47:52 [http-nio-8084-exec-9] INFO  com.capstone.aspect.LoggerAspect - Method arguments:[Ljava.lang.Object;@5b7a4112
2022-10-14 12:47:52 [http-nio-8084-exec-9] INFO  com.capstone.aspect.LoggerAspect - *************************************
2022-10-14 12:47:52 [http-nio-8084-exec-9] INFO  com.capstone.aspect.LoggerAspect - During: class com.capstone.service.loanServiceImp.getloanDetailsofCustbyLoan() with arguments=loan [loanaccno=202211051, category=Personal, loan_amount=500000.0, custid=202200005, interest_rate=7.0, tenure=4]
2022-10-14 12:47:52 [http-nio-8084-exec-9] INFO  com.capstone.aspect.LoggerAspect - *************************************
2022-10-14 12:47:52 [http-nio-8084-exec-9] INFO  com.capstone.aspect.LoggerAspect - During: class com.capstone.controller.loanController.getloanDetailsofCustbyLoan() with arguments=<200 OK OK,loan [loanaccno=202211051, category=Personal, loan_amount=500000.0, custid=202200005, interest_rate=7.0, tenure=4],[]>
2022-10-14 12:47:52 [http-nio-8084-exec-9] INFO  com.capstone.aspect.LoggerAspect - *************************************
2022-10-14 12:47:53 [http-nio-8084-exec-10] INFO  com.capstone.aspect.LoggerAspect - Method name: com.capstone.controller.loanController
2022-10-14 12:47:53 [http-nio-8084-exec-10] INFO  com.capstone.aspect.LoggerAspect - Method arguments:[Ljava.lang.Object;@2ed9db9a
2022-10-14 12:47:53 [http-nio-8084-exec-10] INFO  com.capstone.aspect.LoggerAspect - *************************************
2022-10-14 12:47:53 [http-nio-8084-exec-10] INFO  com.capstone.aspect.LoggerAspect - Method name: com.capstone.service.loanServiceImp
2022-10-14 12:47:53 [http-nio-8084-exec-10] INFO  com.capstone.aspect.LoggerAspect - Method arguments:[Ljava.lang.Object;@337f5ddb
2022-10-14 12:47:53 [http-nio-8084-exec-10] INFO  com.capstone.aspect.LoggerAspect - *************************************
2022-10-14 12:47:53 [http-nio-8084-exec-10] INFO  com.capstone.aspect.LoggerAspect - During: class com.capstone.service.loanServiceImp.getloanDetailsofCustbyLoan() with arguments=loan [loanaccno=202211051, category=Personal, loan_amount=500000.0, custid=202200005, interest_rate=7.0, tenure=4]
2022-10-14 12:47:53 [http-nio-8084-exec-10] INFO  com.capstone.aspect.LoggerAspect - *************************************
2022-10-14 12:47:53 [http-nio-8084-exec-10] INFO  com.capstone.aspect.LoggerAspect - During: class com.capstone.controller.loanController.getloanDetailsofCustbyLoan() with arguments=<200 OK OK,loan [loanaccno=202211051, category=Personal, loan_amount=500000.0, custid=202200005, interest_rate=7.0, tenure=4],[]>
2022-10-14 12:47:53 [http-nio-8084-exec-10] INFO  com.capstone.aspect.LoggerAspect - *************************************
2022-10-14 12:48:00 [http-nio-8084-exec-1] INFO  com.capstone.aspect.LoggerAspect - Method name: com.capstone.controller.loanController
2022-10-14 12:48:00 [http-nio-8084-exec-1] INFO  com.capstone.aspect.LoggerAspect - Method arguments:[Ljava.lang.Object;@6432a3f
2022-10-14 12:48:00 [http-nio-8084-exec-1] INFO  com.capstone.aspect.LoggerAspect - *************************************
2022-10-14 12:48:00 [http-nio-8084-exec-1] INFO  com.capstone.aspect.LoggerAspect - Method name: com.capstone.service.loanServiceImp
2022-10-14 12:48:00 [http-nio-8084-exec-1] INFO  com.capstone.aspect.LoggerAspect - Method arguments:[Ljava.lang.Object;@515ecb7f
2022-10-14 12:48:00 [http-nio-8084-exec-1] INFO  com.capstone.aspect.LoggerAspect - *************************************
2022-10-14 12:48:00 [http-nio-8084-exec-1] INFO  com.capstone.aspect.LoggerAspect - During: class com.capstone.service.loanServiceImp.getloanDetailsofCustbyLoan() with arguments=loan [loanaccno=202211051, category=Personal, loan_amount=500000.0, custid=202200005, interest_rate=7.0, tenure=4]
2022-10-14 12:48:00 [http-nio-8084-exec-1] INFO  com.capstone.aspect.LoggerAspect - *************************************
2022-10-14 12:48:00 [http-nio-8084-exec-1] INFO  com.capstone.aspect.LoggerAspect - During: class com.capstone.controller.loanController.getloanDetailsofCustbyLoan() with arguments=<200 OK OK,loan [loanaccno=202211051, category=Personal, loan_amount=500000.0, custid=202200005, interest_rate=7.0, tenure=4],[]>
2022-10-14 12:48:00 [http-nio-8084-exec-1] INFO  com.capstone.aspect.LoggerAspect - *************************************
2022-10-14 12:48:36 [http-nio-8084-exec-4] INFO  com.capstone.aspect.LoggerAspect - Method name: com.capstone.controller.loanController
2022-10-14 12:48:36 [http-nio-8084-exec-4] INFO  com.capstone.aspect.LoggerAspect - Method arguments:[Ljava.lang.Object;@25fa586d
2022-10-14 12:48:36 [http-nio-8084-exec-4] INFO  com.capstone.aspect.LoggerAspect - *************************************
2022-10-14 12:48:36 [http-nio-8084-exec-4] INFO  com.capstone.aspect.LoggerAspect - Method name: com.capstone.service.loanServiceImp
2022-10-14 12:48:36 [http-nio-8084-exec-4] INFO  com.capstone.aspect.LoggerAspect - Method arguments:[Ljava.lang.Object;@2b5e6c9
2022-10-14 12:48:36 [http-nio-8084-exec-4] INFO  com.capstone.aspect.LoggerAspect - *************************************
2022-10-14 12:48:36 [http-nio-8084-exec-4] INFO  com.capstone.aspect.LoggerAspect - During: class com.capstone.service.loanServiceImp.getloanDetailsofCustbyLoan() with arguments=loan [loanaccno=202211051, category=Personal, loan_amount=500000.0, custid=202200005, interest_rate=7.0, tenure=4]
2022-10-14 12:48:36 [http-nio-8084-exec-4] INFO  com.capstone.aspect.LoggerAspect - *************************************
2022-10-14 12:48:36 [http-nio-8084-exec-4] INFO  com.capstone.aspect.LoggerAspect - During: class com.capstone.controller.loanController.getloanDetailsofCustbyLoan() with arguments=<200 OK OK,loan [loanaccno=202211051, category=Personal, loan_amount=500000.0, custid=202200005, interest_rate=7.0, tenure=4],[]>
2022-10-14 12:48:36 [http-nio-8084-exec-4] INFO  com.capstone.aspect.LoggerAspect - *************************************
2022-10-14 12:49:57 [http-nio-8084-exec-6] INFO  com.capstone.aspect.LoggerAspect - Method name: com.capstone.controller.loanController
2022-10-14 12:49:57 [http-nio-8084-exec-6] INFO  com.capstone.aspect.LoggerAspect - Method arguments:[Ljava.lang.Object;@10ef7149
2022-10-14 12:49:57 [http-nio-8084-exec-6] INFO  com.capstone.aspect.LoggerAspect - *************************************
2022-10-14 12:49:57 [http-nio-8084-exec-6] INFO  com.capstone.aspect.LoggerAspect - Method name: com.capstone.service.loanServiceImp
2022-10-14 12:49:57 [http-nio-8084-exec-6] INFO  com.capstone.aspect.LoggerAspect - Method arguments:[Ljava.lang.Object;@6a4672d9
2022-10-14 12:49:57 [http-nio-8084-exec-6] INFO  com.capstone.aspect.LoggerAspect - *************************************
2022-10-14 12:49:57 [http-nio-8084-exec-6] INFO  com.capstone.aspect.LoggerAspect - During: class com.capstone.service.loanServiceImp.getLoanAccByCust() with arguments=[loan [loanaccno=202211051, category=Personal, loan_amount=500000.0, custid=202200005, interest_rate=7.0, tenure=4]]
2022-10-14 12:49:57 [http-nio-8084-exec-6] INFO  com.capstone.aspect.LoggerAspect - *************************************
2022-10-14 12:49:57 [http-nio-8084-exec-6] INFO  com.capstone.aspect.LoggerAspect - During: class com.capstone.controller.loanController.getloanDetailsbyCust() with arguments=<200 OK OK,[loan [loanaccno=202211051, category=Personal, loan_amount=500000.0, custid=202200005, interest_rate=7.0, tenure=4]],[]>
2022-10-14 12:49:57 [http-nio-8084-exec-6] INFO  com.capstone.aspect.LoggerAspect - *************************************
2022-10-14 12:49:59 [http-nio-8084-exec-7] INFO  com.capstone.aspect.LoggerAspect - Method name: com.capstone.controller.loanController
2022-10-14 12:49:59 [http-nio-8084-exec-7] INFO  com.capstone.aspect.LoggerAspect - Method arguments:[Ljava.lang.Object;@7f015d51
2022-10-14 12:49:59 [http-nio-8084-exec-7] INFO  com.capstone.aspect.LoggerAspect - *************************************
2022-10-14 12:49:59 [http-nio-8084-exec-7] INFO  com.capstone.aspect.LoggerAspect - Method name: com.capstone.service.loanServiceImp
2022-10-14 12:49:59 [http-nio-8084-exec-7] INFO  com.capstone.aspect.LoggerAspect - Method arguments:[Ljava.lang.Object;@42333e03
2022-10-14 12:49:59 [http-nio-8084-exec-7] INFO  com.capstone.aspect.LoggerAspect - *************************************
2022-10-14 12:49:59 [http-nio-8084-exec-7] INFO  com.capstone.aspect.LoggerAspect - During: class com.capstone.service.loanServiceImp.getloanDetailsofCustbyLoan() with arguments=loan [loanaccno=202211051, category=Personal, loan_amount=500000.0, custid=202200005, interest_rate=7.0, tenure=4]
2022-10-14 12:49:59 [http-nio-8084-exec-7] INFO  com.capstone.aspect.LoggerAspect - *************************************
2022-10-14 12:49:59 [http-nio-8084-exec-7] INFO  com.capstone.aspect.LoggerAspect - During: class com.capstone.controller.loanController.getloanDetailsofCustbyLoan() with arguments=<200 OK OK,loan [loanaccno=202211051, category=Personal, loan_amount=500000.0, custid=202200005, interest_rate=7.0, tenure=4],[]>
2022-10-14 12:49:59 [http-nio-8084-exec-7] INFO  com.capstone.aspect.LoggerAspect - *************************************
2022-10-14 12:50:02 [http-nio-8084-exec-9] INFO  com.capstone.aspect.LoggerAspect - Method name: com.capstone.controller.loanController
2022-10-14 12:50:02 [http-nio-8084-exec-9] INFO  com.capstone.aspect.LoggerAspect - Method arguments:[Ljava.lang.Object;@c80ddbe
2022-10-14 12:50:02 [http-nio-8084-exec-9] INFO  com.capstone.aspect.LoggerAspect - *************************************
2022-10-14 12:50:02 [http-nio-8084-exec-9] INFO  com.capstone.aspect.LoggerAspect - Method name: com.capstone.service.loanServiceImp
2022-10-14 12:50:02 [http-nio-8084-exec-9] INFO  com.capstone.aspect.LoggerAspect - Method arguments:[Ljava.lang.Object;@1f4e769d
2022-10-14 12:50:02 [http-nio-8084-exec-9] INFO  com.capstone.aspect.LoggerAspect - *************************************
2022-10-14 12:50:02 [http-nio-8084-exec-9] INFO  com.capstone.aspect.LoggerAspect - During: class com.capstone.service.loanServiceImp.getloanDetailsofCustbyLoan() with arguments=loan [loanaccno=202211051, category=Personal, loan_amount=500000.0, custid=202200005, interest_rate=7.0, tenure=4]
2022-10-14 12:50:02 [http-nio-8084-exec-9] INFO  com.capstone.aspect.LoggerAspect - *************************************
2022-10-14 12:50:02 [http-nio-8084-exec-9] INFO  com.capstone.aspect.LoggerAspect - During: class com.capstone.controller.loanController.getloanDetailsofCustbyLoan() with arguments=<200 OK OK,loan [loanaccno=202211051, category=Personal, loan_amount=500000.0, custid=202200005, interest_rate=7.0, tenure=4],[]>
2022-10-14 12:50:02 [http-nio-8084-exec-9] INFO  com.capstone.aspect.LoggerAspect - *************************************
2022-10-14 12:51:22 [AsyncResolver-bootstrap-executor-0] INFO  c.n.d.s.r.aws.ConfigClusterResolver - Resolving eureka endpoints via configuration
2022-10-14 12:52:33 [http-nio-8084-exec-2] INFO  com.capstone.aspect.LoggerAspect - Method name: com.capstone.controller.loanController
2022-10-14 12:52:33 [http-nio-8084-exec-2] INFO  com.capstone.aspect.LoggerAspect - Method arguments:[Ljava.lang.Object;@273965a1
2022-10-14 12:52:33 [http-nio-8084-exec-2] INFO  com.capstone.aspect.LoggerAspect - *************************************
2022-10-14 12:52:33 [http-nio-8084-exec-2] INFO  com.capstone.aspect.LoggerAspect - Method name: com.capstone.service.loanServiceImp
2022-10-14 12:52:33 [http-nio-8084-exec-2] INFO  com.capstone.aspect.LoggerAspect - Method arguments:[Ljava.lang.Object;@3e7a2ace
2022-10-14 12:52:33 [http-nio-8084-exec-2] INFO  com.capstone.aspect.LoggerAspect - *************************************
2022-10-14 12:52:33 [http-nio-8084-exec-2] INFO  com.capstone.aspect.LoggerAspect - During: class com.capstone.service.loanServiceImp.getloanDetailsofCustbyLoan() with arguments=loan [loanaccno=202211051, category=Personal, loan_amount=500000.0, custid=202200005, interest_rate=7.0, tenure=4]
2022-10-14 12:52:33 [http-nio-8084-exec-2] INFO  com.capstone.aspect.LoggerAspect - *************************************
2022-10-14 12:52:33 [http-nio-8084-exec-2] INFO  com.capstone.aspect.LoggerAspect - During: class com.capstone.controller.loanController.getloanDetailsofCustbyLoan() with arguments=<200 OK OK,loan [loanaccno=202211051, category=Personal, loan_amount=500000.0, custid=202200005, interest_rate=7.0, tenure=4],[]>
2022-10-14 12:52:33 [http-nio-8084-exec-2] INFO  com.capstone.aspect.LoggerAspect - *************************************
2022-10-14 12:53:59 [http-nio-8084-exec-3] INFO  com.capstone.aspect.LoggerAspect - Method name: com.capstone.controller.loanController
2022-10-14 12:53:59 [http-nio-8084-exec-3] INFO  com.capstone.aspect.LoggerAspect - Method arguments:[Ljava.lang.Object;@4a4c681a
2022-10-14 12:53:59 [http-nio-8084-exec-3] INFO  com.capstone.aspect.LoggerAspect - *************************************
2022-10-14 12:53:59 [http-nio-8084-exec-3] INFO  com.capstone.aspect.LoggerAspect - Method name: com.capstone.service.loanServiceImp
2022-10-14 12:53:59 [http-nio-8084-exec-3] INFO  com.capstone.aspect.LoggerAspect - Method arguments:[Ljava.lang.Object;@2839922e
2022-10-14 12:53:59 [http-nio-8084-exec-3] INFO  com.capstone.aspect.LoggerAspect - *************************************
2022-10-14 12:53:59 [http-nio-8084-exec-3] INFO  com.capstone.aspect.LoggerAspect - During: class com.capstone.service.loanServiceImp.getloanDetailsofCustbyLoan() with arguments=loan [loanaccno=202211051, category=Personal, loan_amount=500000.0, custid=202200005, interest_rate=7.0, tenure=4]
2022-10-14 12:53:59 [http-nio-8084-exec-3] INFO  com.capstone.aspect.LoggerAspect - *************************************
2022-10-14 12:53:59 [http-nio-8084-exec-3] INFO  com.capstone.aspect.LoggerAspect - During: class com.capstone.controller.loanController.getloanDetailsofCustbyLoan() with arguments=<200 OK OK,loan [loanaccno=202211051, category=Personal, loan_amount=500000.0, custid=202200005, interest_rate=7.0, tenure=4],[]>
2022-10-14 12:53:59 [http-nio-8084-exec-3] INFO  com.capstone.aspect.LoggerAspect - *************************************
2022-10-14 12:54:22 [http-nio-8084-exec-5] INFO  com.capstone.aspect.LoggerAspect - Method name: com.capstone.controller.loanController
2022-10-14 12:54:22 [http-nio-8084-exec-5] INFO  com.capstone.aspect.LoggerAspect - Method arguments:[Ljava.lang.Object;@73496e89
2022-10-14 12:54:22 [http-nio-8084-exec-5] INFO  com.capstone.aspect.LoggerAspect - *************************************
2022-10-14 12:54:22 [http-nio-8084-exec-5] INFO  com.capstone.aspect.LoggerAspect - Method name: com.capstone.service.loanServiceImp
2022-10-14 12:54:22 [http-nio-8084-exec-5] INFO  com.capstone.aspect.LoggerAspect - Method arguments:[Ljava.lang.Object;@1363652
2022-10-14 12:54:22 [http-nio-8084-exec-5] INFO  com.capstone.aspect.LoggerAspect - *************************************
2022-10-14 12:54:22 [http-nio-8084-exec-5] INFO  com.capstone.aspect.LoggerAspect - During: class com.capstone.service.loanServiceImp.getLoanAccByCust() with arguments=[loan [loanaccno=202211051, category=Personal, loan_amount=500000.0, custid=202200005, interest_rate=7.0, tenure=4]]
2022-10-14 12:54:22 [http-nio-8084-exec-5] INFO  com.capstone.aspect.LoggerAspect - *************************************
2022-10-14 12:54:22 [http-nio-8084-exec-5] INFO  com.capstone.aspect.LoggerAspect - During: class com.capstone.controller.loanController.getloanDetailsbyCust() with arguments=<200 OK OK,[loan [loanaccno=202211051, category=Personal, loan_amount=500000.0, custid=202200005, interest_rate=7.0, tenure=4]],[]>
2022-10-14 12:54:22 [http-nio-8084-exec-5] INFO  com.capstone.aspect.LoggerAspect - *************************************
2022-10-14 12:54:32 [http-nio-8084-exec-6] INFO  com.capstone.aspect.LoggerAspect - Method name: com.capstone.controller.loanController
2022-10-14 12:54:32 [http-nio-8084-exec-6] INFO  com.capstone.aspect.LoggerAspect - Method arguments:[Ljava.lang.Object;@4f7221e8
2022-10-14 12:54:32 [http-nio-8084-exec-6] INFO  com.capstone.aspect.LoggerAspect - *************************************
2022-10-14 12:54:32 [http-nio-8084-exec-6] INFO  com.capstone.aspect.LoggerAspect - Method name: com.capstone.service.loanServiceImp
2022-10-14 12:54:32 [http-nio-8084-exec-6] INFO  com.capstone.aspect.LoggerAspect - Method arguments:[Ljava.lang.Object;@1d53d855
2022-10-14 12:54:32 [http-nio-8084-exec-6] INFO  com.capstone.aspect.LoggerAspect - *************************************
2022-10-14 12:54:32 [http-nio-8084-exec-6] INFO  com.capstone.aspect.LoggerAspect - During: class com.capstone.service.loanServiceImp.getLoanAccByCust() with arguments=[loan [loanaccno=202211051, category=Personal, loan_amount=500000.0, custid=202200005, interest_rate=7.0, tenure=4]]
2022-10-14 12:54:32 [http-nio-8084-exec-6] INFO  com.capstone.aspect.LoggerAspect - *************************************
2022-10-14 12:54:32 [http-nio-8084-exec-6] INFO  com.capstone.aspect.LoggerAspect - During: class com.capstone.controller.loanController.getloanDetailsbyCust() with arguments=<200 OK OK,[loan [loanaccno=202211051, category=Personal, loan_amount=500000.0, custid=202200005, interest_rate=7.0, tenure=4]],[]>
2022-10-14 12:54:32 [http-nio-8084-exec-6] INFO  com.capstone.aspect.LoggerAspect - *************************************
2022-10-14 12:54:35 [http-nio-8084-exec-7] INFO  com.capstone.aspect.LoggerAspect - Method name: com.capstone.controller.loanController
2022-10-14 12:54:35 [http-nio-8084-exec-7] INFO  com.capstone.aspect.LoggerAspect - Method arguments:[Ljava.lang.Object;@2a407b9
2022-10-14 12:54:35 [http-nio-8084-exec-7] INFO  com.capstone.aspect.LoggerAspect - *************************************
2022-10-14 12:54:35 [http-nio-8084-exec-7] INFO  com.capstone.aspect.LoggerAspect - Method name: com.capstone.service.loanServiceImp
2022-10-14 12:54:35 [http-nio-8084-exec-7] INFO  com.capstone.aspect.LoggerAspect - Method arguments:[Ljava.lang.Object;@76ac228b
2022-10-14 12:54:35 [http-nio-8084-exec-7] INFO  com.capstone.aspect.LoggerAspect - *************************************
2022-10-14 12:54:35 [http-nio-8084-exec-7] INFO  com.capstone.aspect.LoggerAspect - During: class com.capstone.service.loanServiceImp.getLoanAccByCust() with arguments=[loan [loanaccno=202211051, category=Personal, loan_amount=500000.0, custid=202200005, interest_rate=7.0, tenure=4]]
2022-10-14 12:54:35 [http-nio-8084-exec-7] INFO  com.capstone.aspect.LoggerAspect - *************************************
2022-10-14 12:54:35 [http-nio-8084-exec-7] INFO  com.capstone.aspect.LoggerAspect - During: class com.capstone.controller.loanController.getloanDetailsbyCust() with arguments=<200 OK OK,[loan [loanaccno=202211051, category=Personal, loan_amount=500000.0, custid=202200005, interest_rate=7.0, tenure=4]],[]>
2022-10-14 12:54:35 [http-nio-8084-exec-7] INFO  com.capstone.aspect.LoggerAspect - *************************************
2022-10-14 12:54:40 [http-nio-8084-exec-8] INFO  com.capstone.aspect.LoggerAspect - Method name: com.capstone.controller.loanController
2022-10-14 12:54:40 [http-nio-8084-exec-8] INFO  com.capstone.aspect.LoggerAspect - Method arguments:[Ljava.lang.Object;@35417dc1
2022-10-14 12:54:40 [http-nio-8084-exec-8] INFO  com.capstone.aspect.LoggerAspect - *************************************
2022-10-14 12:54:40 [http-nio-8084-exec-8] INFO  com.capstone.aspect.LoggerAspect - Method name: com.capstone.service.loanServiceImp
2022-10-14 12:54:40 [http-nio-8084-exec-8] INFO  com.capstone.aspect.LoggerAspect - Method arguments:[Ljava.lang.Object;@13b53e10
2022-10-14 12:54:40 [http-nio-8084-exec-8] INFO  com.capstone.aspect.LoggerAspect - *************************************
2022-10-14 12:54:40 [http-nio-8084-exec-8] INFO  com.capstone.aspect.LoggerAspect - During: class com.capstone.service.loanServiceImp.getloanDetailsofCustbyLoan() with arguments=loan [loanaccno=202211051, category=Personal, loan_amount=500000.0, custid=202200005, interest_rate=7.0, tenure=4]
2022-10-14 12:54:40 [http-nio-8084-exec-8] INFO  com.capstone.aspect.LoggerAspect - *************************************
2022-10-14 12:54:40 [http-nio-8084-exec-8] INFO  com.capstone.aspect.LoggerAspect - During: class com.capstone.controller.loanController.getloanDetailsofCustbyLoan() with arguments=<200 OK OK,loan [loanaccno=202211051, category=Personal, loan_amount=500000.0, custid=202200005, interest_rate=7.0, tenure=4],[]>
2022-10-14 12:54:40 [http-nio-8084-exec-8] INFO  com.capstone.aspect.LoggerAspect - *************************************
2022-10-14 12:54:41 [http-nio-8084-exec-9] INFO  com.capstone.aspect.LoggerAspect - Method name: com.capstone.controller.loanController
2022-10-14 12:54:41 [http-nio-8084-exec-9] INFO  com.capstone.aspect.LoggerAspect - Method arguments:[Ljava.lang.Object;@25f73401
2022-10-14 12:54:41 [http-nio-8084-exec-9] INFO  com.capstone.aspect.LoggerAspect - *************************************
2022-10-14 12:54:41 [http-nio-8084-exec-9] INFO  com.capstone.aspect.LoggerAspect - Method name: com.capstone.service.loanServiceImp
2022-10-14 12:54:41 [http-nio-8084-exec-9] INFO  com.capstone.aspect.LoggerAspect - Method arguments:[Ljava.lang.Object;@7f29e423
2022-10-14 12:54:41 [http-nio-8084-exec-9] INFO  com.capstone.aspect.LoggerAspect - *************************************
2022-10-14 12:54:41 [http-nio-8084-exec-9] INFO  com.capstone.aspect.LoggerAspect - During: class com.capstone.service.loanServiceImp.getloanDetailsofCustbyLoan() with arguments=loan [loanaccno=202211051, category=Personal, loan_amount=500000.0, custid=202200005, interest_rate=7.0, tenure=4]
2022-10-14 12:54:41 [http-nio-8084-exec-9] INFO  com.capstone.aspect.LoggerAspect - *************************************
2022-10-14 12:54:41 [http-nio-8084-exec-9] INFO  com.capstone.aspect.LoggerAspect - During: class com.capstone.controller.loanController.getloanDetailsofCustbyLoan() with arguments=<200 OK OK,loan [loanaccno=202211051, category=Personal, loan_amount=500000.0, custid=202200005, interest_rate=7.0, tenure=4],[]>
2022-10-14 12:54:41 [http-nio-8084-exec-9] INFO  com.capstone.aspect.LoggerAspect - *************************************
2022-10-14 12:55:11 [http-nio-8084-exec-2] INFO  com.capstone.aspect.LoggerAspect - Method name: com.capstone.controller.loanController
2022-10-14 12:55:11 [http-nio-8084-exec-2] INFO  com.capstone.aspect.LoggerAspect - Method arguments:[Ljava.lang.Object;@78b47a35
2022-10-14 12:55:11 [http-nio-8084-exec-2] INFO  com.capstone.aspect.LoggerAspect - *************************************
2022-10-14 12:55:11 [http-nio-8084-exec-2] INFO  com.capstone.aspect.LoggerAspect - Method name: com.capstone.service.loanServiceImp
2022-10-14 12:55:11 [http-nio-8084-exec-2] INFO  com.capstone.aspect.LoggerAspect - Method arguments:[Ljava.lang.Object;@704a5c09
2022-10-14 12:55:11 [http-nio-8084-exec-2] INFO  com.capstone.aspect.LoggerAspect - *************************************
2022-10-14 12:55:12 [http-nio-8084-exec-2] INFO  com.capstone.aspect.LoggerAspect - During: class com.capstone.service.loanServiceImp.getloanDetailsofCustbyLoan() with arguments=loan [loanaccno=202211051, category=Personal, loan_amount=500000.0, custid=202200005, interest_rate=7.0, tenure=4]
2022-10-14 12:55:12 [http-nio-8084-exec-2] INFO  com.capstone.aspect.LoggerAspect - *************************************
2022-10-14 12:55:12 [http-nio-8084-exec-2] INFO  com.capstone.aspect.LoggerAspect - During: class com.capstone.controller.loanController.getloanDetailsofCustbyLoan() with arguments=<200 OK OK,loan [loanaccno=202211051, category=Personal, loan_amount=500000.0, custid=202200005, interest_rate=7.0, tenure=4],[]>
2022-10-14 12:55:12 [http-nio-8084-exec-2] INFO  com.capstone.aspect.LoggerAspect - *************************************
2022-10-14 12:55:43 [http-nio-8084-exec-3] INFO  com.capstone.aspect.LoggerAspect - Method name: com.capstone.controller.loanController
2022-10-14 12:55:43 [http-nio-8084-exec-3] INFO  com.capstone.aspect.LoggerAspect - Method arguments:[Ljava.lang.Object;@2fa8b6f1
2022-10-14 12:55:43 [http-nio-8084-exec-3] INFO  com.capstone.aspect.LoggerAspect - *************************************
2022-10-14 12:55:43 [http-nio-8084-exec-3] INFO  com.capstone.aspect.LoggerAspect - Method name: com.capstone.service.loanServiceImp
2022-10-14 12:55:43 [http-nio-8084-exec-3] INFO  com.capstone.aspect.LoggerAspect - Method arguments:[Ljava.lang.Object;@153b3ff2
2022-10-14 12:55:43 [http-nio-8084-exec-3] INFO  com.capstone.aspect.LoggerAspect - *************************************
2022-10-14 12:55:43 [http-nio-8084-exec-3] INFO  com.capstone.aspect.LoggerAspect - During: class com.capstone.service.loanServiceImp.getLoanAccByCust() with arguments=[loan [loanaccno=202211051, category=Personal, loan_amount=500000.0, custid=202200005, interest_rate=7.0, tenure=4]]
2022-10-14 12:55:43 [http-nio-8084-exec-3] INFO  com.capstone.aspect.LoggerAspect - *************************************
2022-10-14 12:55:43 [http-nio-8084-exec-3] INFO  com.capstone.aspect.LoggerAspect - During: class com.capstone.controller.loanController.getloanDetailsbyCust() with arguments=<200 OK OK,[loan [loanaccno=202211051, category=Personal, loan_amount=500000.0, custid=202200005, interest_rate=7.0, tenure=4]],[]>
2022-10-14 12:55:43 [http-nio-8084-exec-3] INFO  com.capstone.aspect.LoggerAspect - *************************************
2022-10-14 12:55:48 [http-nio-8084-exec-4] INFO  com.capstone.aspect.LoggerAspect - Method name: com.capstone.controller.loanController
2022-10-14 12:55:48 [http-nio-8084-exec-4] INFO  com.capstone.aspect.LoggerAspect - Method arguments:[Ljava.lang.Object;@34e662cd
2022-10-14 12:55:48 [http-nio-8084-exec-4] INFO  com.capstone.aspect.LoggerAspect - *************************************
2022-10-14 12:55:48 [http-nio-8084-exec-4] INFO  com.capstone.aspect.LoggerAspect - Method name: com.capstone.service.loanServiceImp
2022-10-14 12:55:48 [http-nio-8084-exec-4] INFO  com.capstone.aspect.LoggerAspect - Method arguments:[Ljava.lang.Object;@268bd5b
2022-10-14 12:55:48 [http-nio-8084-exec-4] INFO  com.capstone.aspect.LoggerAspect - *************************************
2022-10-14 12:55:48 [http-nio-8084-exec-4] INFO  com.capstone.aspect.LoggerAspect - During: class com.capstone.service.loanServiceImp.getloanDetailsofCustbyLoan() with arguments=loan [loanaccno=202211051, category=Personal, loan_amount=500000.0, custid=202200005, interest_rate=7.0, tenure=4]
2022-10-14 12:55:48 [http-nio-8084-exec-4] INFO  com.capstone.aspect.LoggerAspect - *************************************
2022-10-14 12:55:48 [http-nio-8084-exec-4] INFO  com.capstone.aspect.LoggerAspect - During: class com.capstone.controller.loanController.getloanDetailsofCustbyLoan() with arguments=<200 OK OK,loan [loanaccno=202211051, category=Personal, loan_amount=500000.0, custid=202200005, interest_rate=7.0, tenure=4],[]>
2022-10-14 12:55:48 [http-nio-8084-exec-4] INFO  com.capstone.aspect.LoggerAspect - *************************************
2022-10-14 12:55:50 [http-nio-8084-exec-5] INFO  com.capstone.aspect.LoggerAspect - Method name: com.capstone.controller.loanController
2022-10-14 12:55:50 [http-nio-8084-exec-5] INFO  com.capstone.aspect.LoggerAspect - Method arguments:[Ljava.lang.Object;@33aa3cf8
2022-10-14 12:55:50 [http-nio-8084-exec-5] INFO  com.capstone.aspect.LoggerAspect - *************************************
2022-10-14 12:55:50 [http-nio-8084-exec-5] INFO  com.capstone.aspect.LoggerAspect - Method name: com.capstone.service.loanServiceImp
2022-10-14 12:55:50 [http-nio-8084-exec-5] INFO  com.capstone.aspect.LoggerAspect - Method arguments:[Ljava.lang.Object;@325042dd
2022-10-14 12:55:50 [http-nio-8084-exec-5] INFO  com.capstone.aspect.LoggerAspect - *************************************
2022-10-14 12:55:50 [http-nio-8084-exec-5] INFO  com.capstone.aspect.LoggerAspect - During: class com.capstone.service.loanServiceImp.getloanDetailsofCustbyLoan() with arguments=loan [loanaccno=202211051, category=Personal, loan_amount=500000.0, custid=202200005, interest_rate=7.0, tenure=4]
2022-10-14 12:55:50 [http-nio-8084-exec-5] INFO  com.capstone.aspect.LoggerAspect - *************************************
2022-10-14 12:55:50 [http-nio-8084-exec-5] INFO  com.capstone.aspect.LoggerAspect - During: class com.capstone.controller.loanController.getloanDetailsofCustbyLoan() with arguments=<200 OK OK,loan [loanaccno=202211051, category=Personal, loan_amount=500000.0, custid=202200005, interest_rate=7.0, tenure=4],[]>
2022-10-14 12:55:50 [http-nio-8084-exec-5] INFO  com.capstone.aspect.LoggerAspect - *************************************
2022-10-14 12:56:22 [AsyncResolver-bootstrap-executor-0] INFO  c.n.d.s.r.aws.ConfigClusterResolver - Resolving eureka endpoints via configuration
2022-10-14 12:59:48 [http-nio-8084-exec-7] INFO  com.capstone.aspect.LoggerAspect - Method name: com.capstone.controller.loanController
2022-10-14 12:59:48 [http-nio-8084-exec-7] INFO  com.capstone.aspect.LoggerAspect - Method arguments:[Ljava.lang.Object;@62688523
2022-10-14 12:59:48 [http-nio-8084-exec-7] INFO  com.capstone.aspect.LoggerAspect - *************************************
2022-10-14 12:59:48 [http-nio-8084-exec-7] INFO  com.capstone.aspect.LoggerAspect - Method name: com.capstone.service.loanServiceImp
2022-10-14 12:59:48 [http-nio-8084-exec-7] INFO  com.capstone.aspect.LoggerAspect - Method arguments:[Ljava.lang.Object;@41ce9d6b
2022-10-14 12:59:48 [http-nio-8084-exec-7] INFO  com.capstone.aspect.LoggerAspect - *************************************
2022-10-14 12:59:48 [http-nio-8084-exec-7] INFO  com.capstone.aspect.LoggerAspect - During: class com.capstone.service.loanServiceImp.getLoanAccByCust() with arguments=[loan [loanaccno=202211051, category=Personal, loan_amount=500000.0, custid=202200005, interest_rate=7.0, tenure=4]]
2022-10-14 12:59:48 [http-nio-8084-exec-7] INFO  com.capstone.aspect.LoggerAspect - *************************************
2022-10-14 12:59:48 [http-nio-8084-exec-7] INFO  com.capstone.aspect.LoggerAspect - During: class com.capstone.controller.loanController.getloanDetailsbyCust() with arguments=<200 OK OK,[loan [loanaccno=202211051, category=Personal, loan_amount=500000.0, custid=202200005, interest_rate=7.0, tenure=4]],[]>
2022-10-14 12:59:48 [http-nio-8084-exec-7] INFO  com.capstone.aspect.LoggerAspect - *************************************
2022-10-14 12:59:50 [http-nio-8084-exec-8] INFO  com.capstone.aspect.LoggerAspect - Method name: com.capstone.controller.loanController
2022-10-14 12:59:50 [http-nio-8084-exec-8] INFO  com.capstone.aspect.LoggerAspect - Method arguments:[Ljava.lang.Object;@1442f3b1
2022-10-14 12:59:50 [http-nio-8084-exec-8] INFO  com.capstone.aspect.LoggerAspect - *************************************
2022-10-14 12:59:50 [http-nio-8084-exec-8] INFO  com.capstone.aspect.LoggerAspect - Method name: com.capstone.service.loanServiceImp
2022-10-14 12:59:50 [http-nio-8084-exec-8] INFO  com.capstone.aspect.LoggerAspect - Method arguments:[Ljava.lang.Object;@b407f0
2022-10-14 12:59:50 [http-nio-8084-exec-8] INFO  com.capstone.aspect.LoggerAspect - *************************************
2022-10-14 12:59:50 [http-nio-8084-exec-8] INFO  com.capstone.aspect.LoggerAspect - During: class com.capstone.service.loanServiceImp.getloanDetailsofCustbyLoan() with arguments=loan [loanaccno=202211051, category=Personal, loan_amount=500000.0, custid=202200005, interest_rate=7.0, tenure=4]
2022-10-14 12:59:50 [http-nio-8084-exec-8] INFO  com.capstone.aspect.LoggerAspect - *************************************
2022-10-14 12:59:50 [http-nio-8084-exec-8] INFO  com.capstone.aspect.LoggerAspect - During: class com.capstone.controller.loanController.getloanDetailsofCustbyLoan() with arguments=<200 OK OK,loan [loanaccno=202211051, category=Personal, loan_amount=500000.0, custid=202200005, interest_rate=7.0, tenure=4],[]>
2022-10-14 12:59:50 [http-nio-8084-exec-8] INFO  com.capstone.aspect.LoggerAspect - *************************************
2022-10-14 12:59:51 [http-nio-8084-exec-9] INFO  com.capstone.aspect.LoggerAspect - Method name: com.capstone.controller.loanController
2022-10-14 12:59:51 [http-nio-8084-exec-9] INFO  com.capstone.aspect.LoggerAspect - Method arguments:[Ljava.lang.Object;@6745cddb
2022-10-14 12:59:51 [http-nio-8084-exec-9] INFO  com.capstone.aspect.LoggerAspect - *************************************
2022-10-14 12:59:51 [http-nio-8084-exec-9] INFO  com.capstone.aspect.LoggerAspect - Method name: com.capstone.service.loanServiceImp
2022-10-14 12:59:51 [http-nio-8084-exec-9] INFO  com.capstone.aspect.LoggerAspect - Method arguments:[Ljava.lang.Object;@4b3a08f9
2022-10-14 12:59:51 [http-nio-8084-exec-9] INFO  com.capstone.aspect.LoggerAspect - *************************************
2022-10-14 12:59:51 [http-nio-8084-exec-9] INFO  com.capstone.aspect.LoggerAspect - During: class com.capstone.service.loanServiceImp.getloanDetailsofCustbyLoan() with arguments=loan [loanaccno=202211051, category=Personal, loan_amount=500000.0, custid=202200005, interest_rate=7.0, tenure=4]
2022-10-14 12:59:51 [http-nio-8084-exec-9] INFO  com.capstone.aspect.LoggerAspect - *************************************
2022-10-14 12:59:51 [http-nio-8084-exec-9] INFO  com.capstone.aspect.LoggerAspect - During: class com.capstone.controller.loanController.getloanDetailsofCustbyLoan() with arguments=<200 OK OK,loan [loanaccno=202211051, category=Personal, loan_amount=500000.0, custid=202200005, interest_rate=7.0, tenure=4],[]>
2022-10-14 12:59:51 [http-nio-8084-exec-9] INFO  com.capstone.aspect.LoggerAspect - *************************************
2022-10-14 13:01:22 [AsyncResolver-bootstrap-executor-0] INFO  c.n.d.s.r.aws.ConfigClusterResolver - Resolving eureka endpoints via configuration
2022-10-14 13:01:53 [http-nio-8084-exec-2] INFO  com.capstone.aspect.LoggerAspect - Method name: com.capstone.controller.loanController
2022-10-14 13:01:53 [http-nio-8084-exec-2] INFO  com.capstone.aspect.LoggerAspect - Method arguments:[Ljava.lang.Object;@5c21d9ea
2022-10-14 13:01:53 [http-nio-8084-exec-2] INFO  com.capstone.aspect.LoggerAspect - *************************************
2022-10-14 13:01:53 [http-nio-8084-exec-2] INFO  com.capstone.aspect.LoggerAspect - Method name: com.capstone.service.loanServiceImp
2022-10-14 13:01:53 [http-nio-8084-exec-2] INFO  com.capstone.aspect.LoggerAspect - Method arguments:[Ljava.lang.Object;@6fef2c91
2022-10-14 13:01:53 [http-nio-8084-exec-2] INFO  com.capstone.aspect.LoggerAspect - *************************************
2022-10-14 13:01:53 [http-nio-8084-exec-2] INFO  com.capstone.aspect.LoggerAspect - During: class com.capstone.service.loanServiceImp.getLoanAccByCust() with arguments=[loan [loanaccno=202211051, category=Personal, loan_amount=500000.0, custid=202200005, interest_rate=7.0, tenure=4]]
2022-10-14 13:01:53 [http-nio-8084-exec-2] INFO  com.capstone.aspect.LoggerAspect - *************************************
2022-10-14 13:01:53 [http-nio-8084-exec-2] INFO  com.capstone.aspect.LoggerAspect - During: class com.capstone.controller.loanController.getloanDetailsbyCust() with arguments=<200 OK OK,[loan [loanaccno=202211051, category=Personal, loan_amount=500000.0, custid=202200005, interest_rate=7.0, tenure=4]],[]>
2022-10-14 13:01:53 [http-nio-8084-exec-2] INFO  com.capstone.aspect.LoggerAspect - *************************************
2022-10-14 13:01:54 [http-nio-8084-exec-1] INFO  com.capstone.aspect.LoggerAspect - Method name: com.capstone.controller.loanController
2022-10-14 13:01:54 [http-nio-8084-exec-1] INFO  com.capstone.aspect.LoggerAspect - Method arguments:[Ljava.lang.Object;@9dd3517
2022-10-14 13:01:54 [http-nio-8084-exec-1] INFO  com.capstone.aspect.LoggerAspect - *************************************
2022-10-14 13:01:54 [http-nio-8084-exec-1] INFO  com.capstone.aspect.LoggerAspect - Method name: com.capstone.service.loanServiceImp
2022-10-14 13:01:54 [http-nio-8084-exec-1] INFO  com.capstone.aspect.LoggerAspect - Method arguments:[Ljava.lang.Object;@310ac139
2022-10-14 13:01:54 [http-nio-8084-exec-1] INFO  com.capstone.aspect.LoggerAspect - *************************************
2022-10-14 13:01:54 [http-nio-8084-exec-1] INFO  com.capstone.aspect.LoggerAspect - During: class com.capstone.service.loanServiceImp.getloanDetailsofCustbyLoan() with arguments=loan [loanaccno=202211051, category=Personal, loan_amount=500000.0, custid=202200005, interest_rate=7.0, tenure=4]
2022-10-14 13:01:54 [http-nio-8084-exec-1] INFO  com.capstone.aspect.LoggerAspect - *************************************
2022-10-14 13:01:54 [http-nio-8084-exec-1] INFO  com.capstone.aspect.LoggerAspect - During: class com.capstone.controller.loanController.getloanDetailsofCustbyLoan() with arguments=<200 OK OK,loan [loanaccno=202211051, category=Personal, loan_amount=500000.0, custid=202200005, interest_rate=7.0, tenure=4],[]>
2022-10-14 13:01:54 [http-nio-8084-exec-1] INFO  com.capstone.aspect.LoggerAspect - *************************************
2022-10-14 13:03:58 [http-nio-8084-exec-4] INFO  com.capstone.aspect.LoggerAspect - Method name: com.capstone.controller.loanController
2022-10-14 13:03:58 [http-nio-8084-exec-4] INFO  com.capstone.aspect.LoggerAspect - Method arguments:[Ljava.lang.Object;@7a4c3ed1
2022-10-14 13:03:58 [http-nio-8084-exec-4] INFO  com.capstone.aspect.LoggerAspect - *************************************
2022-10-14 13:03:58 [http-nio-8084-exec-4] INFO  com.capstone.aspect.LoggerAspect - Method name: com.capstone.service.loanServiceImp
2022-10-14 13:03:58 [http-nio-8084-exec-4] INFO  com.capstone.aspect.LoggerAspect - Method arguments:[Ljava.lang.Object;@69f7f54d
2022-10-14 13:03:58 [http-nio-8084-exec-4] INFO  com.capstone.aspect.LoggerAspect - *************************************
2022-10-14 13:03:58 [http-nio-8084-exec-4] INFO  com.capstone.aspect.LoggerAspect - During: class com.capstone.service.loanServiceImp.getloanDetailsofCustbyLoan() with arguments=loan [loanaccno=202211051, category=Personal, loan_amount=500000.0, custid=202200005, interest_rate=7.0, tenure=4]
2022-10-14 13:03:58 [http-nio-8084-exec-4] INFO  com.capstone.aspect.LoggerAspect - *************************************
2022-10-14 13:03:58 [http-nio-8084-exec-4] INFO  com.capstone.aspect.LoggerAspect - During: class com.capstone.controller.loanController.getloanDetailsofCustbyLoan() with arguments=<200 OK OK,loan [loanaccno=202211051, category=Personal, loan_amount=500000.0, custid=202200005, interest_rate=7.0, tenure=4],[]>
2022-10-14 13:03:58 [http-nio-8084-exec-4] INFO  com.capstone.aspect.LoggerAspect - *************************************
2022-10-14 13:05:22 [http-nio-8084-exec-6] INFO  com.capstone.aspect.LoggerAspect - Method name: com.capstone.controller.loanController
2022-10-14 13:05:22 [http-nio-8084-exec-6] INFO  com.capstone.aspect.LoggerAspect - Method arguments:[Ljava.lang.Object;@620eb425
2022-10-14 13:05:22 [http-nio-8084-exec-6] INFO  com.capstone.aspect.LoggerAspect - *************************************
2022-10-14 13:05:22 [http-nio-8084-exec-6] INFO  com.capstone.aspect.LoggerAspect - Method name: com.capstone.service.loanServiceImp
2022-10-14 13:05:22 [http-nio-8084-exec-6] INFO  com.capstone.aspect.LoggerAspect - Method arguments:[Ljava.lang.Object;@3f0e5f21
2022-10-14 13:05:22 [http-nio-8084-exec-6] INFO  com.capstone.aspect.LoggerAspect - *************************************
2022-10-14 13:05:22 [http-nio-8084-exec-6] INFO  com.capstone.aspect.LoggerAspect - During: class com.capstone.service.loanServiceImp.getloanDetailsofCustbyLoan() with arguments=loan [loanaccno=202211051, category=Personal, loan_amount=500000.0, custid=202200005, interest_rate=7.0, tenure=4]
2022-10-14 13:05:22 [http-nio-8084-exec-6] INFO  com.capstone.aspect.LoggerAspect - *************************************
2022-10-14 13:05:22 [http-nio-8084-exec-6] INFO  com.capstone.aspect.LoggerAspect - During: class com.capstone.controller.loanController.getloanDetailsofCustbyLoan() with arguments=<200 OK OK,loan [loanaccno=202211051, category=Personal, loan_amount=500000.0, custid=202200005, interest_rate=7.0, tenure=4],[]>
2022-10-14 13:05:22 [http-nio-8084-exec-6] INFO  com.capstone.aspect.LoggerAspect - *************************************
2022-10-14 13:05:29 [http-nio-8084-exec-8] INFO  com.capstone.aspect.LoggerAspect - Method name: com.capstone.controller.loanController
2022-10-14 13:05:29 [http-nio-8084-exec-8] INFO  com.capstone.aspect.LoggerAspect - Method arguments:[Ljava.lang.Object;@4d732532
2022-10-14 13:05:29 [http-nio-8084-exec-8] INFO  com.capstone.aspect.LoggerAspect - *************************************
2022-10-14 13:05:29 [http-nio-8084-exec-8] INFO  com.capstone.aspect.LoggerAspect - Method name: com.capstone.service.loanServiceImp
2022-10-14 13:05:29 [http-nio-8084-exec-8] INFO  com.capstone.aspect.LoggerAspect - Method arguments:[Ljava.lang.Object;@5d2ed3de
2022-10-14 13:05:29 [http-nio-8084-exec-8] INFO  com.capstone.aspect.LoggerAspect - *************************************
2022-10-14 13:05:29 [http-nio-8084-exec-8] INFO  com.capstone.aspect.LoggerAspect - During: class com.capstone.service.loanServiceImp.getloanDetailsofCustbyLoan() with arguments=loan [loanaccno=202211051, category=Personal, loan_amount=500000.0, custid=202200005, interest_rate=7.0, tenure=4]
2022-10-14 13:05:29 [http-nio-8084-exec-8] INFO  com.capstone.aspect.LoggerAspect - *************************************
2022-10-14 13:05:29 [http-nio-8084-exec-8] INFO  com.capstone.aspect.LoggerAspect - During: class com.capstone.controller.loanController.getloanDetailsofCustbyLoan() with arguments=<200 OK OK,loan [loanaccno=202211051, category=Personal, loan_amount=500000.0, custid=202200005, interest_rate=7.0, tenure=4],[]>
2022-10-14 13:05:29 [http-nio-8084-exec-8] INFO  com.capstone.aspect.LoggerAspect - *************************************
2022-10-14 13:05:34 [http-nio-8084-exec-9] INFO  com.capstone.aspect.LoggerAspect - Method name: com.capstone.controller.loanController
2022-10-14 13:05:34 [http-nio-8084-exec-9] INFO  com.capstone.aspect.LoggerAspect - Method arguments:[Ljava.lang.Object;@49133168
2022-10-14 13:05:34 [http-nio-8084-exec-9] INFO  com.capstone.aspect.LoggerAspect - *************************************
2022-10-14 13:05:34 [http-nio-8084-exec-9] INFO  com.capstone.aspect.LoggerAspect - Method name: com.capstone.service.loanServiceImp
2022-10-14 13:05:34 [http-nio-8084-exec-9] INFO  com.capstone.aspect.LoggerAspect - Method arguments:[Ljava.lang.Object;@a9f7bcb
2022-10-14 13:05:34 [http-nio-8084-exec-9] INFO  com.capstone.aspect.LoggerAspect - *************************************
2022-10-14 13:05:34 [http-nio-8084-exec-9] INFO  com.capstone.aspect.LoggerAspect - During: class com.capstone.service.loanServiceImp.getloanDetailsofCustbyLoan() with arguments=loan [loanaccno=202211051, category=Personal, loan_amount=500000.0, custid=202200005, interest_rate=7.0, tenure=4]
2022-10-14 13:05:34 [http-nio-8084-exec-9] INFO  com.capstone.aspect.LoggerAspect - *************************************
2022-10-14 13:05:34 [http-nio-8084-exec-9] INFO  com.capstone.aspect.LoggerAspect - During: class com.capstone.controller.loanController.getloanDetailsofCustbyLoan() with arguments=<200 OK OK,loan [loanaccno=202211051, category=Personal, loan_amount=500000.0, custid=202200005, interest_rate=7.0, tenure=4],[]>
2022-10-14 13:05:34 [http-nio-8084-exec-9] INFO  com.capstone.aspect.LoggerAspect - *************************************
2022-10-14 13:05:45 [http-nio-8084-exec-2] INFO  com.capstone.aspect.LoggerAspect - Method name: com.capstone.controller.loanController
2022-10-14 13:05:45 [http-nio-8084-exec-2] INFO  com.capstone.aspect.LoggerAspect - Method arguments:[Ljava.lang.Object;@6f8bfd44
2022-10-14 13:05:45 [http-nio-8084-exec-2] INFO  com.capstone.aspect.LoggerAspect - *************************************
2022-10-14 13:05:45 [http-nio-8084-exec-2] INFO  com.capstone.aspect.LoggerAspect - Method name: com.capstone.service.loanServiceImp
2022-10-14 13:05:45 [http-nio-8084-exec-2] INFO  com.capstone.aspect.LoggerAspect - Method arguments:[Ljava.lang.Object;@1fbadc16
2022-10-14 13:05:45 [http-nio-8084-exec-2] INFO  com.capstone.aspect.LoggerAspect - *************************************
2022-10-14 13:05:45 [http-nio-8084-exec-2] INFO  com.capstone.aspect.LoggerAspect - During: class com.capstone.service.loanServiceImp.getloanDetailsofCustbyLoan() with arguments=loan [loanaccno=202211051, category=Personal, loan_amount=500000.0, custid=202200005, interest_rate=7.0, tenure=4]
2022-10-14 13:05:45 [http-nio-8084-exec-2] INFO  com.capstone.aspect.LoggerAspect - *************************************
2022-10-14 13:05:45 [http-nio-8084-exec-2] INFO  com.capstone.aspect.LoggerAspect - During: class com.capstone.controller.loanController.getloanDetailsofCustbyLoan() with arguments=<200 OK OK,loan [loanaccno=202211051, category=Personal, loan_amount=500000.0, custid=202200005, interest_rate=7.0, tenure=4],[]>
2022-10-14 13:05:45 [http-nio-8084-exec-2] INFO  com.capstone.aspect.LoggerAspect - *************************************
2022-10-14 13:05:53 [http-nio-8084-exec-3] INFO  com.capstone.aspect.LoggerAspect - Method name: com.capstone.controller.loanController
2022-10-14 13:05:53 [http-nio-8084-exec-3] INFO  com.capstone.aspect.LoggerAspect - Method arguments:[Ljava.lang.Object;@659f97aa
2022-10-14 13:05:53 [http-nio-8084-exec-3] INFO  com.capstone.aspect.LoggerAspect - *************************************
2022-10-14 13:05:53 [http-nio-8084-exec-3] INFO  com.capstone.aspect.LoggerAspect - Method name: com.capstone.service.loanServiceImp
2022-10-14 13:05:53 [http-nio-8084-exec-3] INFO  com.capstone.aspect.LoggerAspect - Method arguments:[Ljava.lang.Object;@19d1b26d
2022-10-14 13:05:53 [http-nio-8084-exec-3] INFO  com.capstone.aspect.LoggerAspect - *************************************
2022-10-14 13:05:53 [http-nio-8084-exec-3] INFO  com.capstone.aspect.LoggerAspect - During: class com.capstone.service.loanServiceImp.getloanDetailsofCustbyLoan() with arguments=loan [loanaccno=202211051, category=Personal, loan_amount=500000.0, custid=202200005, interest_rate=7.0, tenure=4]
2022-10-14 13:05:53 [http-nio-8084-exec-3] INFO  com.capstone.aspect.LoggerAspect - *************************************
2022-10-14 13:05:53 [http-nio-8084-exec-3] INFO  com.capstone.aspect.LoggerAspect - During: class com.capstone.controller.loanController.getloanDetailsofCustbyLoan() with arguments=<200 OK OK,loan [loanaccno=202211051, category=Personal, loan_amount=500000.0, custid=202200005, interest_rate=7.0, tenure=4],[]>
2022-10-14 13:05:53 [http-nio-8084-exec-3] INFO  com.capstone.aspect.LoggerAspect - *************************************
2022-10-14 13:06:14 [http-nio-8084-exec-5] INFO  com.capstone.aspect.LoggerAspect - Method name: com.capstone.controller.loanController
2022-10-14 13:06:14 [http-nio-8084-exec-5] INFO  com.capstone.aspect.LoggerAspect - Method arguments:[Ljava.lang.Object;@be3e558
2022-10-14 13:06:14 [http-nio-8084-exec-5] INFO  com.capstone.aspect.LoggerAspect - *************************************
2022-10-14 13:06:14 [http-nio-8084-exec-5] INFO  com.capstone.aspect.LoggerAspect - Method name: com.capstone.service.loanServiceImp
2022-10-14 13:06:14 [http-nio-8084-exec-5] INFO  com.capstone.aspect.LoggerAspect - Method arguments:[Ljava.lang.Object;@37b8052c
2022-10-14 13:06:14 [http-nio-8084-exec-5] INFO  com.capstone.aspect.LoggerAspect - *************************************
2022-10-14 13:06:14 [http-nio-8084-exec-5] INFO  com.capstone.aspect.LoggerAspect - During: class com.capstone.service.loanServiceImp.getloanDetailsofCustbyLoan() with arguments=loan [loanaccno=202211051, category=Personal, loan_amount=500000.0, custid=202200005, interest_rate=7.0, tenure=4]
2022-10-14 13:06:14 [http-nio-8084-exec-5] INFO  com.capstone.aspect.LoggerAspect - *************************************
2022-10-14 13:06:14 [http-nio-8084-exec-5] INFO  com.capstone.aspect.LoggerAspect - During: class com.capstone.controller.loanController.getloanDetailsofCustbyLoan() with arguments=<200 OK OK,loan [loanaccno=202211051, category=Personal, loan_amount=500000.0, custid=202200005, interest_rate=7.0, tenure=4],[]>
2022-10-14 13:06:14 [http-nio-8084-exec-5] INFO  com.capstone.aspect.LoggerAspect - *************************************
2022-10-14 13:06:15 [http-nio-8084-exec-6] INFO  com.capstone.aspect.LoggerAspect - Method name: com.capstone.controller.loanController
2022-10-14 13:06:15 [http-nio-8084-exec-6] INFO  com.capstone.aspect.LoggerAspect - Method arguments:[Ljava.lang.Object;@52a6dfa3
2022-10-14 13:06:15 [http-nio-8084-exec-6] INFO  com.capstone.aspect.LoggerAspect - *************************************
2022-10-14 13:06:15 [http-nio-8084-exec-6] INFO  com.capstone.aspect.LoggerAspect - Method name: com.capstone.service.loanServiceImp
2022-10-14 13:06:15 [http-nio-8084-exec-6] INFO  com.capstone.aspect.LoggerAspect - Method arguments:[Ljava.lang.Object;@7c33dba1
2022-10-14 13:06:15 [http-nio-8084-exec-6] INFO  com.capstone.aspect.LoggerAspect - *************************************
2022-10-14 13:06:15 [http-nio-8084-exec-6] INFO  com.capstone.aspect.LoggerAspect - During: class com.capstone.service.loanServiceImp.getloanDetailsofCustbyLoan() with arguments=loan [loanaccno=202211051, category=Personal, loan_amount=500000.0, custid=202200005, interest_rate=7.0, tenure=4]
2022-10-14 13:06:15 [http-nio-8084-exec-6] INFO  com.capstone.aspect.LoggerAspect - *************************************
2022-10-14 13:06:15 [http-nio-8084-exec-6] INFO  com.capstone.aspect.LoggerAspect - During: class com.capstone.controller.loanController.getloanDetailsofCustbyLoan() with arguments=<200 OK OK,loan [loanaccno=202211051, category=Personal, loan_amount=500000.0, custid=202200005, interest_rate=7.0, tenure=4],[]>
2022-10-14 13:06:15 [http-nio-8084-exec-6] INFO  com.capstone.aspect.LoggerAspect - *************************************
2022-10-14 13:06:22 [AsyncResolver-bootstrap-executor-0] INFO  c.n.d.s.r.aws.ConfigClusterResolver - Resolving eureka endpoints via configuration
2022-10-14 13:06:23 [http-nio-8084-exec-8] INFO  com.capstone.aspect.LoggerAspect - Method name: com.capstone.controller.loanController
2022-10-14 13:06:23 [http-nio-8084-exec-8] INFO  com.capstone.aspect.LoggerAspect - Method arguments:[Ljava.lang.Object;@20fa1307
2022-10-14 13:06:23 [http-nio-8084-exec-8] INFO  com.capstone.aspect.LoggerAspect - *************************************
2022-10-14 13:06:23 [http-nio-8084-exec-8] INFO  com.capstone.aspect.LoggerAspect - Method name: com.capstone.service.loanServiceImp
2022-10-14 13:06:23 [http-nio-8084-exec-8] INFO  com.capstone.aspect.LoggerAspect - Method arguments:[Ljava.lang.Object;@423860da
2022-10-14 13:06:23 [http-nio-8084-exec-8] INFO  com.capstone.aspect.LoggerAspect - *************************************
2022-10-14 13:06:23 [http-nio-8084-exec-8] INFO  com.capstone.aspect.LoggerAspect - During: class com.capstone.service.loanServiceImp.getloanDetailsofCustbyLoan() with arguments=loan [loanaccno=202211051, category=Personal, loan_amount=500000.0, custid=202200005, interest_rate=7.0, tenure=4]
2022-10-14 13:06:23 [http-nio-8084-exec-8] INFO  com.capstone.aspect.LoggerAspect - *************************************
2022-10-14 13:06:23 [http-nio-8084-exec-8] INFO  com.capstone.aspect.LoggerAspect - During: class com.capstone.controller.loanController.getloanDetailsofCustbyLoan() with arguments=<200 OK OK,loan [loanaccno=202211051, category=Personal, loan_amount=500000.0, custid=202200005, interest_rate=7.0, tenure=4],[]>
2022-10-14 13:06:23 [http-nio-8084-exec-8] INFO  com.capstone.aspect.LoggerAspect - *************************************
2022-10-14 13:07:56 [http-nio-8084-exec-10] INFO  com.capstone.aspect.LoggerAspect - Method name: com.capstone.controller.loanController
2022-10-14 13:07:56 [http-nio-8084-exec-10] INFO  com.capstone.aspect.LoggerAspect - Method arguments:[Ljava.lang.Object;@64f63b1b
2022-10-14 13:07:56 [http-nio-8084-exec-10] INFO  com.capstone.aspect.LoggerAspect - *************************************
2022-10-14 13:07:56 [http-nio-8084-exec-10] INFO  com.capstone.aspect.LoggerAspect - Method name: com.capstone.service.loanServiceImp
2022-10-14 13:07:56 [http-nio-8084-exec-10] INFO  com.capstone.aspect.LoggerAspect - Method arguments:[Ljava.lang.Object;@7879766a
2022-10-14 13:07:56 [http-nio-8084-exec-10] INFO  com.capstone.aspect.LoggerAspect - *************************************
2022-10-14 13:07:56 [http-nio-8084-exec-10] INFO  com.capstone.aspect.LoggerAspect - During: class com.capstone.service.loanServiceImp.getloanDetailsofCustbyLoan() with arguments=loan [loanaccno=202211051, category=Personal, loan_amount=500000.0, custid=202200005, interest_rate=7.0, tenure=4]
2022-10-14 13:07:56 [http-nio-8084-exec-10] INFO  com.capstone.aspect.LoggerAspect - *************************************
2022-10-14 13:07:56 [http-nio-8084-exec-10] INFO  com.capstone.aspect.LoggerAspect - During: class com.capstone.controller.loanController.getloanDetailsofCustbyLoan() with arguments=<200 OK OK,loan [loanaccno=202211051, category=Personal, loan_amount=500000.0, custid=202200005, interest_rate=7.0, tenure=4],[]>
2022-10-14 13:07:56 [http-nio-8084-exec-10] INFO  com.capstone.aspect.LoggerAspect - *************************************
2022-10-14 13:07:59 [http-nio-8084-exec-2] INFO  com.capstone.aspect.LoggerAspect - Method name: com.capstone.controller.loanController
2022-10-14 13:07:59 [http-nio-8084-exec-2] INFO  com.capstone.aspect.LoggerAspect - Method arguments:[Ljava.lang.Object;@6eacb15a
2022-10-14 13:07:59 [http-nio-8084-exec-2] INFO  com.capstone.aspect.LoggerAspect - *************************************
2022-10-14 13:07:59 [http-nio-8084-exec-2] INFO  com.capstone.aspect.LoggerAspect - Method name: com.capstone.service.loanServiceImp
2022-10-14 13:07:59 [http-nio-8084-exec-2] INFO  com.capstone.aspect.LoggerAspect - Method arguments:[Ljava.lang.Object;@51dae3d5
2022-10-14 13:07:59 [http-nio-8084-exec-2] INFO  com.capstone.aspect.LoggerAspect - *************************************
2022-10-14 13:07:59 [http-nio-8084-exec-2] INFO  com.capstone.aspect.LoggerAspect - During: class com.capstone.service.loanServiceImp.getloanDetailsofCustbyLoan() with arguments=loan [loanaccno=202211051, category=Personal, loan_amount=500000.0, custid=202200005, interest_rate=7.0, tenure=4]
2022-10-14 13:07:59 [http-nio-8084-exec-2] INFO  com.capstone.aspect.LoggerAspect - *************************************
2022-10-14 13:07:59 [http-nio-8084-exec-2] INFO  com.capstone.aspect.LoggerAspect - During: class com.capstone.controller.loanController.getloanDetailsofCustbyLoan() with arguments=<200 OK OK,loan [loanaccno=202211051, category=Personal, loan_amount=500000.0, custid=202200005, interest_rate=7.0, tenure=4],[]>
2022-10-14 13:07:59 [http-nio-8084-exec-2] INFO  com.capstone.aspect.LoggerAspect - *************************************
2022-10-14 13:08:30 [http-nio-8084-exec-1] INFO  com.capstone.aspect.LoggerAspect - Method name: com.capstone.controller.loanController
2022-10-14 13:08:30 [http-nio-8084-exec-1] INFO  com.capstone.aspect.LoggerAspect - Method arguments:[Ljava.lang.Object;@708a330f
2022-10-14 13:08:30 [http-nio-8084-exec-1] INFO  com.capstone.aspect.LoggerAspect - *************************************
2022-10-14 13:08:30 [http-nio-8084-exec-1] INFO  com.capstone.aspect.LoggerAspect - Method name: com.capstone.service.loanServiceImp
2022-10-14 13:08:30 [http-nio-8084-exec-1] INFO  com.capstone.aspect.LoggerAspect - Method arguments:[Ljava.lang.Object;@5736e7b4
2022-10-14 13:08:30 [http-nio-8084-exec-1] INFO  com.capstone.aspect.LoggerAspect - *************************************
2022-10-14 13:08:30 [http-nio-8084-exec-1] INFO  com.capstone.aspect.LoggerAspect - During: class com.capstone.service.loanServiceImp.getloanDetailsofCustbyLoan() with arguments=loan [loanaccno=202211051, category=Personal, loan_amount=500000.0, custid=202200005, interest_rate=7.0, tenure=4]
2022-10-14 13:08:30 [http-nio-8084-exec-1] INFO  com.capstone.aspect.LoggerAspect - *************************************
2022-10-14 13:08:30 [http-nio-8084-exec-1] INFO  com.capstone.aspect.LoggerAspect - During: class com.capstone.controller.loanController.getloanDetailsofCustbyLoan() with arguments=<200 OK OK,loan [loanaccno=202211051, category=Personal, loan_amount=500000.0, custid=202200005, interest_rate=7.0, tenure=4],[]>
2022-10-14 13:08:30 [http-nio-8084-exec-1] INFO  com.capstone.aspect.LoggerAspect - *************************************
2022-10-14 13:09:02 [http-nio-8084-exec-4] INFO  com.capstone.aspect.LoggerAspect - Method name: com.capstone.controller.loanController
2022-10-14 13:09:02 [http-nio-8084-exec-4] INFO  com.capstone.aspect.LoggerAspect - Method arguments:[Ljava.lang.Object;@5616617d
2022-10-14 13:09:02 [http-nio-8084-exec-4] INFO  com.capstone.aspect.LoggerAspect - *************************************
2022-10-14 13:09:02 [http-nio-8084-exec-4] INFO  com.capstone.aspect.LoggerAspect - Method name: com.capstone.service.loanServiceImp
2022-10-14 13:09:02 [http-nio-8084-exec-4] INFO  com.capstone.aspect.LoggerAspect - Method arguments:[Ljava.lang.Object;@2f65671
2022-10-14 13:09:02 [http-nio-8084-exec-4] INFO  com.capstone.aspect.LoggerAspect - *************************************
2022-10-14 13:09:02 [http-nio-8084-exec-4] INFO  com.capstone.aspect.LoggerAspect - During: class com.capstone.service.loanServiceImp.getloanDetailsofCustbyLoan() with arguments=loan [loanaccno=202211051, category=Personal, loan_amount=500000.0, custid=202200005, interest_rate=7.0, tenure=4]
2022-10-14 13:09:02 [http-nio-8084-exec-4] INFO  com.capstone.aspect.LoggerAspect - *************************************
2022-10-14 13:09:02 [http-nio-8084-exec-4] INFO  com.capstone.aspect.LoggerAspect - During: class com.capstone.controller.loanController.getloanDetailsofCustbyLoan() with arguments=<200 OK OK,loan [loanaccno=202211051, category=Personal, loan_amount=500000.0, custid=202200005, interest_rate=7.0, tenure=4],[]>
2022-10-14 13:09:02 [http-nio-8084-exec-4] INFO  com.capstone.aspect.LoggerAspect - *************************************
2022-10-14 13:09:15 [http-nio-8084-exec-6] INFO  com.capstone.aspect.LoggerAspect - Method name: com.capstone.controller.loanController
2022-10-14 13:09:15 [http-nio-8084-exec-6] INFO  com.capstone.aspect.LoggerAspect - Method arguments:[Ljava.lang.Object;@1144af68
2022-10-14 13:09:15 [http-nio-8084-exec-6] INFO  com.capstone.aspect.LoggerAspect - *************************************
2022-10-14 13:09:15 [http-nio-8084-exec-6] INFO  com.capstone.aspect.LoggerAspect - Method name: com.capstone.service.loanServiceImp
2022-10-14 13:09:15 [http-nio-8084-exec-6] INFO  com.capstone.aspect.LoggerAspect - Method arguments:[Ljava.lang.Object;@48ebc22
2022-10-14 13:09:15 [http-nio-8084-exec-6] INFO  com.capstone.aspect.LoggerAspect - *************************************
2022-10-14 13:09:15 [http-nio-8084-exec-6] INFO  com.capstone.aspect.LoggerAspect - During: class com.capstone.service.loanServiceImp.getloanDetailsofCustbyLoan() with arguments=loan [loanaccno=202211051, category=Personal, loan_amount=500000.0, custid=202200005, interest_rate=7.0, tenure=4]
2022-10-14 13:09:15 [http-nio-8084-exec-6] INFO  com.capstone.aspect.LoggerAspect - *************************************
2022-10-14 13:09:15 [http-nio-8084-exec-6] INFO  com.capstone.aspect.LoggerAspect - During: class com.capstone.controller.loanController.getloanDetailsofCustbyLoan() with arguments=<200 OK OK,loan [loanaccno=202211051, category=Personal, loan_amount=500000.0, custid=202200005, interest_rate=7.0, tenure=4],[]>
2022-10-14 13:09:15 [http-nio-8084-exec-6] INFO  com.capstone.aspect.LoggerAspect - *************************************
2022-10-14 13:09:18 [http-nio-8084-exec-8] INFO  com.capstone.aspect.LoggerAspect - Method name: com.capstone.controller.loanController
2022-10-14 13:09:18 [http-nio-8084-exec-8] INFO  com.capstone.aspect.LoggerAspect - Method arguments:[Ljava.lang.Object;@3177ff23
2022-10-14 13:09:18 [http-nio-8084-exec-8] INFO  com.capstone.aspect.LoggerAspect - *************************************
2022-10-14 13:09:18 [http-nio-8084-exec-8] INFO  com.capstone.aspect.LoggerAspect - Method name: com.capstone.service.loanServiceImp
2022-10-14 13:09:18 [http-nio-8084-exec-8] INFO  com.capstone.aspect.LoggerAspect - Method arguments:[Ljava.lang.Object;@51695f5b
2022-10-14 13:09:18 [http-nio-8084-exec-8] INFO  com.capstone.aspect.LoggerAspect - *************************************
2022-10-14 13:09:18 [http-nio-8084-exec-8] INFO  com.capstone.aspect.LoggerAspect - During: class com.capstone.service.loanServiceImp.getloanDetailsofCustbyLoan() with arguments=loan [loanaccno=202211051, category=Personal, loan_amount=500000.0, custid=202200005, interest_rate=7.0, tenure=4]
2022-10-14 13:09:18 [http-nio-8084-exec-8] INFO  com.capstone.aspect.LoggerAspect - *************************************
2022-10-14 13:09:18 [http-nio-8084-exec-8] INFO  com.capstone.aspect.LoggerAspect - During: class com.capstone.controller.loanController.getloanDetailsofCustbyLoan() with arguments=<200 OK OK,loan [loanaccno=202211051, category=Personal, loan_amount=500000.0, custid=202200005, interest_rate=7.0, tenure=4],[]>
2022-10-14 13:09:18 [http-nio-8084-exec-8] INFO  com.capstone.aspect.LoggerAspect - *************************************
2022-10-14 13:09:24 [http-nio-8084-exec-9] INFO  com.capstone.aspect.LoggerAspect - Method name: com.capstone.controller.loanController
2022-10-14 13:09:24 [http-nio-8084-exec-9] INFO  com.capstone.aspect.LoggerAspect - Method arguments:[Ljava.lang.Object;@9db6c02
2022-10-14 13:09:24 [http-nio-8084-exec-9] INFO  com.capstone.aspect.LoggerAspect - *************************************
2022-10-14 13:09:24 [http-nio-8084-exec-9] INFO  com.capstone.aspect.LoggerAspect - Method name: com.capstone.service.loanServiceImp
2022-10-14 13:09:24 [http-nio-8084-exec-9] INFO  com.capstone.aspect.LoggerAspect - Method arguments:[Ljava.lang.Object;@76e5b5ef
2022-10-14 13:09:24 [http-nio-8084-exec-9] INFO  com.capstone.aspect.LoggerAspect - *************************************
2022-10-14 13:09:24 [http-nio-8084-exec-9] INFO  com.capstone.aspect.LoggerAspect - During: class com.capstone.service.loanServiceImp.getloanDetailsofCustbyLoan() with arguments=loan [loanaccno=202211051, category=Personal, loan_amount=500000.0, custid=202200005, interest_rate=7.0, tenure=4]
2022-10-14 13:09:24 [http-nio-8084-exec-9] INFO  com.capstone.aspect.LoggerAspect - *************************************
2022-10-14 13:09:24 [http-nio-8084-exec-9] INFO  com.capstone.aspect.LoggerAspect - During: class com.capstone.controller.loanController.getloanDetailsofCustbyLoan() with arguments=<200 OK OK,loan [loanaccno=202211051, category=Personal, loan_amount=500000.0, custid=202200005, interest_rate=7.0, tenure=4],[]>
2022-10-14 13:09:24 [http-nio-8084-exec-9] INFO  com.capstone.aspect.LoggerAspect - *************************************
2022-10-14 13:09:42 [http-nio-8084-exec-2] INFO  com.capstone.aspect.LoggerAspect - Method name: com.capstone.controller.loanController
2022-10-14 13:09:42 [http-nio-8084-exec-2] INFO  com.capstone.aspect.LoggerAspect - Method arguments:[Ljava.lang.Object;@78bcb12e
2022-10-14 13:09:42 [http-nio-8084-exec-2] INFO  com.capstone.aspect.LoggerAspect - *************************************
2022-10-14 13:09:42 [http-nio-8084-exec-2] INFO  com.capstone.aspect.LoggerAspect - Method name: com.capstone.service.loanServiceImp
2022-10-14 13:09:42 [http-nio-8084-exec-2] INFO  com.capstone.aspect.LoggerAspect - Method arguments:[Ljava.lang.Object;@2f28c2ab
2022-10-14 13:09:42 [http-nio-8084-exec-2] INFO  com.capstone.aspect.LoggerAspect - *************************************
2022-10-14 13:09:42 [http-nio-8084-exec-2] INFO  com.capstone.aspect.LoggerAspect - During: class com.capstone.service.loanServiceImp.getloanDetailsofCustbyLoan() with arguments=loan [loanaccno=202211051, category=Personal, loan_amount=500000.0, custid=202200005, interest_rate=7.0, tenure=4]
2022-10-14 13:09:42 [http-nio-8084-exec-2] INFO  com.capstone.aspect.LoggerAspect - *************************************
2022-10-14 13:09:42 [http-nio-8084-exec-2] INFO  com.capstone.aspect.LoggerAspect - During: class com.capstone.controller.loanController.getloanDetailsofCustbyLoan() with arguments=<200 OK OK,loan [loanaccno=202211051, category=Personal, loan_amount=500000.0, custid=202200005, interest_rate=7.0, tenure=4],[]>
2022-10-14 13:09:42 [http-nio-8084-exec-2] INFO  com.capstone.aspect.LoggerAspect - *************************************
2022-10-14 13:10:05 [http-nio-8084-exec-3] INFO  com.capstone.aspect.LoggerAspect - Method name: com.capstone.controller.loanController
2022-10-14 13:10:05 [http-nio-8084-exec-3] INFO  com.capstone.aspect.LoggerAspect - Method arguments:[Ljava.lang.Object;@19b54b04
2022-10-14 13:10:05 [http-nio-8084-exec-3] INFO  com.capstone.aspect.LoggerAspect - *************************************
2022-10-14 13:10:05 [http-nio-8084-exec-3] INFO  com.capstone.aspect.LoggerAspect - Method name: com.capstone.service.loanServiceImp
2022-10-14 13:10:05 [http-nio-8084-exec-3] INFO  com.capstone.aspect.LoggerAspect - Method arguments:[Ljava.lang.Object;@21adaa53
2022-10-14 13:10:05 [http-nio-8084-exec-3] INFO  com.capstone.aspect.LoggerAspect - *************************************
2022-10-14 13:10:05 [http-nio-8084-exec-3] INFO  com.capstone.aspect.LoggerAspect - During: class com.capstone.service.loanServiceImp.getloanDetailsofCustbyLoan() with arguments=loan [loanaccno=202211051, category=Personal, loan_amount=500000.0, custid=202200005, interest_rate=7.0, tenure=4]
2022-10-14 13:10:05 [http-nio-8084-exec-3] INFO  com.capstone.aspect.LoggerAspect - *************************************
2022-10-14 13:10:05 [http-nio-8084-exec-3] INFO  com.capstone.aspect.LoggerAspect - During: class com.capstone.controller.loanController.getloanDetailsofCustbyLoan() with arguments=<200 OK OK,loan [loanaccno=202211051, category=Personal, loan_amount=500000.0, custid=202200005, interest_rate=7.0, tenure=4],[]>
2022-10-14 13:10:05 [http-nio-8084-exec-3] INFO  com.capstone.aspect.LoggerAspect - *************************************
2022-10-14 13:10:12 [http-nio-8084-exec-5] INFO  com.capstone.aspect.LoggerAspect - Method name: com.capstone.controller.loanController
2022-10-14 13:10:12 [http-nio-8084-exec-5] INFO  com.capstone.aspect.LoggerAspect - Method arguments:[Ljava.lang.Object;@6e275e6
2022-10-14 13:10:12 [http-nio-8084-exec-5] INFO  com.capstone.aspect.LoggerAspect - *************************************
2022-10-14 13:10:12 [http-nio-8084-exec-5] INFO  com.capstone.aspect.LoggerAspect - Method name: com.capstone.service.loanServiceImp
2022-10-14 13:10:12 [http-nio-8084-exec-5] INFO  com.capstone.aspect.LoggerAspect - Method arguments:[Ljava.lang.Object;@69ef2623
2022-10-14 13:10:12 [http-nio-8084-exec-5] INFO  com.capstone.aspect.LoggerAspect - *************************************
2022-10-14 13:10:12 [http-nio-8084-exec-5] INFO  com.capstone.aspect.LoggerAspect - During: class com.capstone.service.loanServiceImp.getloanDetailsofCustbyLoan() with arguments=loan [loanaccno=202211051, category=Personal, loan_amount=500000.0, custid=202200005, interest_rate=7.0, tenure=4]
2022-10-14 13:10:12 [http-nio-8084-exec-5] INFO  com.capstone.aspect.LoggerAspect - *************************************
2022-10-14 13:10:12 [http-nio-8084-exec-5] INFO  com.capstone.aspect.LoggerAspect - During: class com.capstone.controller.loanController.getloanDetailsofCustbyLoan() with arguments=<200 OK OK,loan [loanaccno=202211051, category=Personal, loan_amount=500000.0, custid=202200005, interest_rate=7.0, tenure=4],[]>
2022-10-14 13:10:12 [http-nio-8084-exec-5] INFO  com.capstone.aspect.LoggerAspect - *************************************
2022-10-14 13:11:05 [http-nio-8084-exec-7] INFO  com.capstone.aspect.LoggerAspect - Method name: com.capstone.controller.loanController
2022-10-14 13:11:05 [http-nio-8084-exec-7] INFO  com.capstone.aspect.LoggerAspect - Method arguments:[Ljava.lang.Object;@31dcc43b
2022-10-14 13:11:05 [http-nio-8084-exec-7] INFO  com.capstone.aspect.LoggerAspect - *************************************
2022-10-14 13:11:05 [http-nio-8084-exec-7] INFO  com.capstone.aspect.LoggerAspect - Method name: com.capstone.service.loanServiceImp
2022-10-14 13:11:05 [http-nio-8084-exec-7] INFO  com.capstone.aspect.LoggerAspect - Method arguments:[Ljava.lang.Object;@21b368dd
2022-10-14 13:11:05 [http-nio-8084-exec-7] INFO  com.capstone.aspect.LoggerAspect - *************************************
2022-10-14 13:11:05 [http-nio-8084-exec-7] INFO  com.capstone.aspect.LoggerAspect - During: class com.capstone.service.loanServiceImp.getloanDetailsofCustbyLoan() with arguments=loan [loanaccno=202211051, category=Personal, loan_amount=500000.0, custid=202200005, interest_rate=7.0, tenure=4]
2022-10-14 13:11:05 [http-nio-8084-exec-7] INFO  com.capstone.aspect.LoggerAspect - *************************************
2022-10-14 13:11:05 [http-nio-8084-exec-7] INFO  com.capstone.aspect.LoggerAspect - During: class com.capstone.controller.loanController.getloanDetailsofCustbyLoan() with arguments=<200 OK OK,loan [loanaccno=202211051, category=Personal, loan_amount=500000.0, custid=202200005, interest_rate=7.0, tenure=4],[]>
2022-10-14 13:11:05 [http-nio-8084-exec-7] INFO  com.capstone.aspect.LoggerAspect - *************************************
2022-10-14 13:11:22 [AsyncResolver-bootstrap-executor-0] INFO  c.n.d.s.r.aws.ConfigClusterResolver - Resolving eureka endpoints via configuration
2022-10-14 13:11:55 [http-nio-8084-exec-9] INFO  com.capstone.aspect.LoggerAspect - Method name: com.capstone.controller.loanController
2022-10-14 13:11:55 [http-nio-8084-exec-9] INFO  com.capstone.aspect.LoggerAspect - Method arguments:[Ljava.lang.Object;@56dbdaee
2022-10-14 13:11:55 [http-nio-8084-exec-9] INFO  com.capstone.aspect.LoggerAspect - *************************************
2022-10-14 13:11:55 [http-nio-8084-exec-9] INFO  com.capstone.aspect.LoggerAspect - Method name: com.capstone.service.loanServiceImp
2022-10-14 13:11:55 [http-nio-8084-exec-9] INFO  com.capstone.aspect.LoggerAspect - Method arguments:[Ljava.lang.Object;@7080ba98
2022-10-14 13:11:55 [http-nio-8084-exec-9] INFO  com.capstone.aspect.LoggerAspect - *************************************
2022-10-14 13:11:55 [http-nio-8084-exec-9] INFO  com.capstone.aspect.LoggerAspect - During: class com.capstone.service.loanServiceImp.getloanDetailsofCustbyLoan() with arguments=loan [loanaccno=202211051, category=Personal, loan_amount=500000.0, custid=202200005, interest_rate=7.0, tenure=4]
2022-10-14 13:11:55 [http-nio-8084-exec-9] INFO  com.capstone.aspect.LoggerAspect - *************************************
2022-10-14 13:11:55 [http-nio-8084-exec-9] INFO  com.capstone.aspect.LoggerAspect - During: class com.capstone.controller.loanController.getloanDetailsofCustbyLoan() with arguments=<200 OK OK,loan [loanaccno=202211051, category=Personal, loan_amount=500000.0, custid=202200005, interest_rate=7.0, tenure=4],[]>
2022-10-14 13:11:55 [http-nio-8084-exec-9] INFO  com.capstone.aspect.LoggerAspect - *************************************
2022-10-14 13:12:07 [http-nio-8084-exec-2] INFO  com.capstone.aspect.LoggerAspect - Method name: com.capstone.controller.loanController
2022-10-14 13:12:07 [http-nio-8084-exec-2] INFO  com.capstone.aspect.LoggerAspect - Method arguments:[Ljava.lang.Object;@1228b7d6
2022-10-14 13:12:07 [http-nio-8084-exec-2] INFO  com.capstone.aspect.LoggerAspect - *************************************
2022-10-14 13:12:07 [http-nio-8084-exec-2] INFO  com.capstone.aspect.LoggerAspect - Method name: com.capstone.service.loanServiceImp
2022-10-14 13:12:07 [http-nio-8084-exec-2] INFO  com.capstone.aspect.LoggerAspect - Method arguments:[Ljava.lang.Object;@599ded38
2022-10-14 13:12:07 [http-nio-8084-exec-2] INFO  com.capstone.aspect.LoggerAspect - *************************************
2022-10-14 13:12:07 [http-nio-8084-exec-2] INFO  com.capstone.aspect.LoggerAspect - During: class com.capstone.service.loanServiceImp.getloanDetailsofCustbyLoan() with arguments=loan [loanaccno=202211051, category=Personal, loan_amount=500000.0, custid=202200005, interest_rate=7.0, tenure=4]
2022-10-14 13:12:07 [http-nio-8084-exec-2] INFO  com.capstone.aspect.LoggerAspect - *************************************
2022-10-14 13:12:07 [http-nio-8084-exec-2] INFO  com.capstone.aspect.LoggerAspect - During: class com.capstone.controller.loanController.getloanDetailsofCustbyLoan() with arguments=<200 OK OK,loan [loanaccno=202211051, category=Personal, loan_amount=500000.0, custid=202200005, interest_rate=7.0, tenure=4],[]>
2022-10-14 13:12:07 [http-nio-8084-exec-2] INFO  com.capstone.aspect.LoggerAspect - *************************************
2022-10-14 13:12:09 [http-nio-8084-exec-1] INFO  com.capstone.aspect.LoggerAspect - Method name: com.capstone.controller.loanController
2022-10-14 13:12:09 [http-nio-8084-exec-1] INFO  com.capstone.aspect.LoggerAspect - Method arguments:[Ljava.lang.Object;@7204b0f9
2022-10-14 13:12:09 [http-nio-8084-exec-1] INFO  com.capstone.aspect.LoggerAspect - *************************************
2022-10-14 13:12:09 [http-nio-8084-exec-1] INFO  com.capstone.aspect.LoggerAspect - Method name: com.capstone.service.loanServiceImp
2022-10-14 13:12:09 [http-nio-8084-exec-1] INFO  com.capstone.aspect.LoggerAspect - Method arguments:[Ljava.lang.Object;@795df209
2022-10-14 13:12:09 [http-nio-8084-exec-1] INFO  com.capstone.aspect.LoggerAspect - *************************************
2022-10-14 13:12:09 [http-nio-8084-exec-1] INFO  com.capstone.aspect.LoggerAspect - During: class com.capstone.service.loanServiceImp.getloanDetailsofCustbyLoan() with arguments=loan [loanaccno=202211051, category=Personal, loan_amount=500000.0, custid=202200005, interest_rate=7.0, tenure=4]
2022-10-14 13:12:09 [http-nio-8084-exec-1] INFO  com.capstone.aspect.LoggerAspect - *************************************
2022-10-14 13:12:09 [http-nio-8084-exec-1] INFO  com.capstone.aspect.LoggerAspect - During: class com.capstone.controller.loanController.getloanDetailsofCustbyLoan() with arguments=<200 OK OK,loan [loanaccno=202211051, category=Personal, loan_amount=500000.0, custid=202200005, interest_rate=7.0, tenure=4],[]>
2022-10-14 13:12:09 [http-nio-8084-exec-1] INFO  com.capstone.aspect.LoggerAspect - *************************************
2022-10-14 13:12:51 [http-nio-8084-exec-4] INFO  com.capstone.aspect.LoggerAspect - Method name: com.capstone.controller.loanController
2022-10-14 13:12:51 [http-nio-8084-exec-4] INFO  com.capstone.aspect.LoggerAspect - Method arguments:[Ljava.lang.Object;@2bf335b6
2022-10-14 13:12:51 [http-nio-8084-exec-4] INFO  com.capstone.aspect.LoggerAspect - *************************************
2022-10-14 13:12:51 [http-nio-8084-exec-4] INFO  com.capstone.aspect.LoggerAspect - Method name: com.capstone.service.loanServiceImp
2022-10-14 13:12:51 [http-nio-8084-exec-4] INFO  com.capstone.aspect.LoggerAspect - Method arguments:[Ljava.lang.Object;@694a31fd
2022-10-14 13:12:51 [http-nio-8084-exec-4] INFO  com.capstone.aspect.LoggerAspect - *************************************
2022-10-14 13:12:52 [http-nio-8084-exec-4] INFO  com.capstone.aspect.LoggerAspect - During: class com.capstone.service.loanServiceImp.getloanDetailsofCustbyLoan() with arguments=loan [loanaccno=202211051, category=Personal, loan_amount=500000.0, custid=202200005, interest_rate=7.0, tenure=4]
2022-10-14 13:12:52 [http-nio-8084-exec-4] INFO  com.capstone.aspect.LoggerAspect - *************************************
2022-10-14 13:12:52 [http-nio-8084-exec-4] INFO  com.capstone.aspect.LoggerAspect - During: class com.capstone.controller.loanController.getloanDetailsofCustbyLoan() with arguments=<200 OK OK,loan [loanaccno=202211051, category=Personal, loan_amount=500000.0, custid=202200005, interest_rate=7.0, tenure=4],[]>
2022-10-14 13:12:52 [http-nio-8084-exec-4] INFO  com.capstone.aspect.LoggerAspect - *************************************
2022-10-14 13:14:05 [http-nio-8084-exec-6] INFO  com.capstone.aspect.LoggerAspect - Method name: com.capstone.controller.loanController
2022-10-14 13:14:05 [http-nio-8084-exec-6] INFO  com.capstone.aspect.LoggerAspect - Method arguments:[Ljava.lang.Object;@6fdbbee0
2022-10-14 13:14:05 [http-nio-8084-exec-6] INFO  com.capstone.aspect.LoggerAspect - *************************************
2022-10-14 13:14:05 [http-nio-8084-exec-6] INFO  com.capstone.aspect.LoggerAspect - Method name: com.capstone.service.loanServiceImp
2022-10-14 13:14:05 [http-nio-8084-exec-6] INFO  com.capstone.aspect.LoggerAspect - Method arguments:[Ljava.lang.Object;@3bdb102e
2022-10-14 13:14:05 [http-nio-8084-exec-6] INFO  com.capstone.aspect.LoggerAspect - *************************************
2022-10-14 13:14:05 [http-nio-8084-exec-6] INFO  com.capstone.aspect.LoggerAspect - During: class com.capstone.service.loanServiceImp.getloanDetailsofCustbyLoan() with arguments=loan [loanaccno=202211051, category=Personal, loan_amount=500000.0, custid=202200005, interest_rate=7.0, tenure=4]
2022-10-14 13:14:05 [http-nio-8084-exec-6] INFO  com.capstone.aspect.LoggerAspect - *************************************
2022-10-14 13:14:05 [http-nio-8084-exec-6] INFO  com.capstone.aspect.LoggerAspect - During: class com.capstone.controller.loanController.getloanDetailsofCustbyLoan() with arguments=<200 OK OK,loan [loanaccno=202211051, category=Personal, loan_amount=500000.0, custid=202200005, interest_rate=7.0, tenure=4],[]>
2022-10-14 13:14:05 [http-nio-8084-exec-6] INFO  com.capstone.aspect.LoggerAspect - *************************************
2022-10-14 13:14:08 [http-nio-8084-exec-7] INFO  com.capstone.aspect.LoggerAspect - Method name: com.capstone.controller.loanController
2022-10-14 13:14:08 [http-nio-8084-exec-7] INFO  com.capstone.aspect.LoggerAspect - Method arguments:[Ljava.lang.Object;@23e3ce69
2022-10-14 13:14:08 [http-nio-8084-exec-7] INFO  com.capstone.aspect.LoggerAspect - *************************************
2022-10-14 13:14:08 [http-nio-8084-exec-7] INFO  com.capstone.aspect.LoggerAspect - Method name: com.capstone.service.loanServiceImp
2022-10-14 13:14:08 [http-nio-8084-exec-7] INFO  com.capstone.aspect.LoggerAspect - Method arguments:[Ljava.lang.Object;@62a06321
2022-10-14 13:14:08 [http-nio-8084-exec-7] INFO  com.capstone.aspect.LoggerAspect - *************************************
2022-10-14 13:14:08 [http-nio-8084-exec-7] INFO  com.capstone.aspect.LoggerAspect - During: class com.capstone.service.loanServiceImp.getloanDetailsofCustbyLoan() with arguments=loan [loanaccno=202211051, category=Personal, loan_amount=500000.0, custid=202200005, interest_rate=7.0, tenure=4]
2022-10-14 13:14:08 [http-nio-8084-exec-7] INFO  com.capstone.aspect.LoggerAspect - *************************************
2022-10-14 13:14:08 [http-nio-8084-exec-7] INFO  com.capstone.aspect.LoggerAspect - During: class com.capstone.controller.loanController.getloanDetailsofCustbyLoan() with arguments=<200 OK OK,loan [loanaccno=202211051, category=Personal, loan_amount=500000.0, custid=202200005, interest_rate=7.0, tenure=4],[]>
2022-10-14 13:14:08 [http-nio-8084-exec-7] INFO  com.capstone.aspect.LoggerAspect - *************************************
2022-10-14 13:14:43 [http-nio-8084-exec-9] INFO  com.capstone.aspect.LoggerAspect - Method name: com.capstone.controller.loanController
2022-10-14 13:14:43 [http-nio-8084-exec-9] INFO  com.capstone.aspect.LoggerAspect - Method arguments:[Ljava.lang.Object;@1b25c304
2022-10-14 13:14:43 [http-nio-8084-exec-9] INFO  com.capstone.aspect.LoggerAspect - *************************************
2022-10-14 13:14:43 [http-nio-8084-exec-9] INFO  com.capstone.aspect.LoggerAspect - Method name: com.capstone.service.loanServiceImp
2022-10-14 13:14:43 [http-nio-8084-exec-9] INFO  com.capstone.aspect.LoggerAspect - Method arguments:[Ljava.lang.Object;@77d46b4e
2022-10-14 13:14:43 [http-nio-8084-exec-9] INFO  com.capstone.aspect.LoggerAspect - *************************************
2022-10-14 13:14:43 [http-nio-8084-exec-9] INFO  com.capstone.aspect.LoggerAspect - During: class com.capstone.service.loanServiceImp.getloanDetailsofCustbyLoan() with arguments=loan [loanaccno=202211051, category=Personal, loan_amount=500000.0, custid=202200005, interest_rate=7.0, tenure=4]
2022-10-14 13:14:43 [http-nio-8084-exec-9] INFO  com.capstone.aspect.LoggerAspect - *************************************
2022-10-14 13:14:43 [http-nio-8084-exec-9] INFO  com.capstone.aspect.LoggerAspect - During: class com.capstone.controller.loanController.getloanDetailsofCustbyLoan() with arguments=<200 OK OK,loan [loanaccno=202211051, category=Personal, loan_amount=500000.0, custid=202200005, interest_rate=7.0, tenure=4],[]>
2022-10-14 13:14:43 [http-nio-8084-exec-9] INFO  com.capstone.aspect.LoggerAspect - *************************************
2022-10-14 13:15:26 [http-nio-8084-exec-2] INFO  com.capstone.aspect.LoggerAspect - Method name: com.capstone.controller.loanController
2022-10-14 13:15:26 [http-nio-8084-exec-2] INFO  com.capstone.aspect.LoggerAspect - Method arguments:[Ljava.lang.Object;@386cbd18
2022-10-14 13:15:26 [http-nio-8084-exec-2] INFO  com.capstone.aspect.LoggerAspect - *************************************
2022-10-14 13:15:26 [http-nio-8084-exec-2] INFO  com.capstone.aspect.LoggerAspect - Method name: com.capstone.service.loanServiceImp
2022-10-14 13:15:26 [http-nio-8084-exec-2] INFO  com.capstone.aspect.LoggerAspect - Method arguments:[Ljava.lang.Object;@4ccdbee9
2022-10-14 13:15:26 [http-nio-8084-exec-2] INFO  com.capstone.aspect.LoggerAspect - *************************************
2022-10-14 13:15:26 [http-nio-8084-exec-2] INFO  com.capstone.aspect.LoggerAspect - During: class com.capstone.service.loanServiceImp.getloanDetailsofCustbyLoan() with arguments=loan [loanaccno=202211051, category=Personal, loan_amount=500000.0, custid=202200005, interest_rate=7.0, tenure=4]
2022-10-14 13:15:26 [http-nio-8084-exec-2] INFO  com.capstone.aspect.LoggerAspect - *************************************
2022-10-14 13:15:26 [http-nio-8084-exec-2] INFO  com.capstone.aspect.LoggerAspect - During: class com.capstone.controller.loanController.getloanDetailsofCustbyLoan() with arguments=<200 OK OK,loan [loanaccno=202211051, category=Personal, loan_amount=500000.0, custid=202200005, interest_rate=7.0, tenure=4],[]>
2022-10-14 13:15:26 [http-nio-8084-exec-2] INFO  com.capstone.aspect.LoggerAspect - *************************************
2022-10-14 13:16:22 [AsyncResolver-bootstrap-executor-0] INFO  c.n.d.s.r.aws.ConfigClusterResolver - Resolving eureka endpoints via configuration
2022-10-14 13:16:23 [http-nio-8084-exec-3] INFO  com.capstone.aspect.LoggerAspect - Method name: com.capstone.controller.loanController
2022-10-14 13:16:23 [http-nio-8084-exec-3] INFO  com.capstone.aspect.LoggerAspect - Method arguments:[Ljava.lang.Object;@8512423
2022-10-14 13:16:23 [http-nio-8084-exec-3] INFO  com.capstone.aspect.LoggerAspect - *************************************
2022-10-14 13:16:23 [http-nio-8084-exec-3] INFO  com.capstone.aspect.LoggerAspect - Method name: com.capstone.service.loanServiceImp
2022-10-14 13:16:23 [http-nio-8084-exec-3] INFO  com.capstone.aspect.LoggerAspect - Method arguments:[Ljava.lang.Object;@34e09ae
2022-10-14 13:16:23 [http-nio-8084-exec-3] INFO  com.capstone.aspect.LoggerAspect - *************************************
2022-10-14 13:16:23 [http-nio-8084-exec-3] INFO  com.capstone.aspect.LoggerAspect - During: class com.capstone.service.loanServiceImp.getloanDetailsofCustbyLoan() with arguments=loan [loanaccno=202211051, category=Personal, loan_amount=500000.0, custid=202200005, interest_rate=7.0, tenure=4]
2022-10-14 13:16:23 [http-nio-8084-exec-3] INFO  com.capstone.aspect.LoggerAspect - *************************************
2022-10-14 13:16:23 [http-nio-8084-exec-3] INFO  com.capstone.aspect.LoggerAspect - During: class com.capstone.controller.loanController.getloanDetailsofCustbyLoan() with arguments=<200 OK OK,loan [loanaccno=202211051, category=Personal, loan_amount=500000.0, custid=202200005, interest_rate=7.0, tenure=4],[]>
2022-10-14 13:16:23 [http-nio-8084-exec-3] INFO  com.capstone.aspect.LoggerAspect - *************************************
2022-10-14 13:19:15 [http-nio-8084-exec-5] INFO  com.capstone.aspect.LoggerAspect - Method name: com.capstone.controller.loanController
2022-10-14 13:19:15 [http-nio-8084-exec-5] INFO  com.capstone.aspect.LoggerAspect - Method arguments:[Ljava.lang.Object;@6def209c
2022-10-14 13:19:15 [http-nio-8084-exec-5] INFO  com.capstone.aspect.LoggerAspect - *************************************
2022-10-14 13:19:15 [http-nio-8084-exec-5] INFO  com.capstone.aspect.LoggerAspect - Method name: com.capstone.service.loanServiceImp
2022-10-14 13:19:15 [http-nio-8084-exec-5] INFO  com.capstone.aspect.LoggerAspect - Method arguments:[Ljava.lang.Object;@3a94155e
2022-10-14 13:19:15 [http-nio-8084-exec-5] INFO  com.capstone.aspect.LoggerAspect - *************************************
2022-10-14 13:19:15 [http-nio-8084-exec-5] INFO  com.capstone.aspect.LoggerAspect - During: class com.capstone.service.loanServiceImp.getloanDetailsofCustbyLoan() with arguments=loan [loanaccno=202211051, category=Personal, loan_amount=500000.0, custid=202200005, interest_rate=7.0, tenure=4]
2022-10-14 13:19:15 [http-nio-8084-exec-5] INFO  com.capstone.aspect.LoggerAspect - *************************************
2022-10-14 13:19:15 [http-nio-8084-exec-5] INFO  com.capstone.aspect.LoggerAspect - During: class com.capstone.controller.loanController.getloanDetailsofCustbyLoan() with arguments=<200 OK OK,loan [loanaccno=202211051, category=Personal, loan_amount=500000.0, custid=202200005, interest_rate=7.0, tenure=4],[]>
2022-10-14 13:19:15 [http-nio-8084-exec-5] INFO  com.capstone.aspect.LoggerAspect - *************************************
2022-10-14 13:19:26 [http-nio-8084-exec-6] INFO  com.capstone.aspect.LoggerAspect - Method name: com.capstone.controller.loanController
2022-10-14 13:19:26 [http-nio-8084-exec-6] INFO  com.capstone.aspect.LoggerAspect - Method arguments:[Ljava.lang.Object;@21df7559
2022-10-14 13:19:26 [http-nio-8084-exec-6] INFO  com.capstone.aspect.LoggerAspect - *************************************
2022-10-14 13:19:26 [http-nio-8084-exec-6] INFO  com.capstone.aspect.LoggerAspect - Method name: com.capstone.service.loanServiceImp
2022-10-14 13:19:26 [http-nio-8084-exec-6] INFO  com.capstone.aspect.LoggerAspect - Method arguments:[Ljava.lang.Object;@72fbcd6c
2022-10-14 13:19:26 [http-nio-8084-exec-6] INFO  com.capstone.aspect.LoggerAspect - *************************************
2022-10-14 13:19:26 [http-nio-8084-exec-6] INFO  com.capstone.aspect.LoggerAspect - During: class com.capstone.service.loanServiceImp.getloanDetailsofCustbyLoan() with arguments=loan [loanaccno=202211051, category=Personal, loan_amount=500000.0, custid=202200005, interest_rate=7.0, tenure=4]
2022-10-14 13:19:26 [http-nio-8084-exec-6] INFO  com.capstone.aspect.LoggerAspect - *************************************
2022-10-14 13:19:26 [http-nio-8084-exec-6] INFO  com.capstone.aspect.LoggerAspect - During: class com.capstone.controller.loanController.getloanDetailsofCustbyLoan() with arguments=<200 OK OK,loan [loanaccno=202211051, category=Personal, loan_amount=500000.0, custid=202200005, interest_rate=7.0, tenure=4],[]>
2022-10-14 13:19:26 [http-nio-8084-exec-6] INFO  com.capstone.aspect.LoggerAspect - *************************************
2022-10-14 13:20:13 [http-nio-8084-exec-8] INFO  com.capstone.aspect.LoggerAspect - Method name: com.capstone.controller.loanController
2022-10-14 13:20:13 [http-nio-8084-exec-8] INFO  com.capstone.aspect.LoggerAspect - Method arguments:[Ljava.lang.Object;@32309704
2022-10-14 13:20:13 [http-nio-8084-exec-8] INFO  com.capstone.aspect.LoggerAspect - *************************************
2022-10-14 13:20:13 [http-nio-8084-exec-8] INFO  com.capstone.aspect.LoggerAspect - Method name: com.capstone.service.loanServiceImp
2022-10-14 13:20:13 [http-nio-8084-exec-8] INFO  com.capstone.aspect.LoggerAspect - Method arguments:[Ljava.lang.Object;@77292592
2022-10-14 13:20:13 [http-nio-8084-exec-8] INFO  com.capstone.aspect.LoggerAspect - *************************************
2022-10-14 13:20:13 [http-nio-8084-exec-8] INFO  com.capstone.aspect.LoggerAspect - During: class com.capstone.service.loanServiceImp.getloanDetailsofCustbyLoan() with arguments=loan [loanaccno=202211051, category=Personal, loan_amount=500000.0, custid=202200005, interest_rate=7.0, tenure=4]
2022-10-14 13:20:13 [http-nio-8084-exec-8] INFO  com.capstone.aspect.LoggerAspect - *************************************
2022-10-14 13:20:13 [http-nio-8084-exec-8] INFO  com.capstone.aspect.LoggerAspect - During: class com.capstone.controller.loanController.getloanDetailsofCustbyLoan() with arguments=<200 OK OK,loan [loanaccno=202211051, category=Personal, loan_amount=500000.0, custid=202200005, interest_rate=7.0, tenure=4],[]>
2022-10-14 13:20:13 [http-nio-8084-exec-8] INFO  com.capstone.aspect.LoggerAspect - *************************************
2022-10-14 13:21:09 [http-nio-8084-exec-10] INFO  com.capstone.aspect.LoggerAspect - Method name: com.capstone.controller.loanController
2022-10-14 13:21:09 [http-nio-8084-exec-10] INFO  com.capstone.aspect.LoggerAspect - Method arguments:[Ljava.lang.Object;@d46f502
2022-10-14 13:21:09 [http-nio-8084-exec-10] INFO  com.capstone.aspect.LoggerAspect - *************************************
2022-10-14 13:21:09 [http-nio-8084-exec-10] INFO  com.capstone.aspect.LoggerAspect - Method name: com.capstone.service.loanServiceImp
2022-10-14 13:21:09 [http-nio-8084-exec-10] INFO  com.capstone.aspect.LoggerAspect - Method arguments:[Ljava.lang.Object;@607ea36a
2022-10-14 13:21:09 [http-nio-8084-exec-10] INFO  com.capstone.aspect.LoggerAspect - *************************************
2022-10-14 13:21:09 [http-nio-8084-exec-10] INFO  com.capstone.aspect.LoggerAspect - During: class com.capstone.service.loanServiceImp.getloanDetailsofCustbyLoan() with arguments=loan [loanaccno=202211051, category=Personal, loan_amount=500000.0, custid=202200005, interest_rate=7.0, tenure=4]
2022-10-14 13:21:09 [http-nio-8084-exec-10] INFO  com.capstone.aspect.LoggerAspect - *************************************
2022-10-14 13:21:09 [http-nio-8084-exec-10] INFO  com.capstone.aspect.LoggerAspect - During: class com.capstone.controller.loanController.getloanDetailsofCustbyLoan() with arguments=<200 OK OK,loan [loanaccno=202211051, category=Personal, loan_amount=500000.0, custid=202200005, interest_rate=7.0, tenure=4],[]>
2022-10-14 13:21:09 [http-nio-8084-exec-10] INFO  com.capstone.aspect.LoggerAspect - *************************************
2022-10-14 13:21:13 [http-nio-8084-exec-1] INFO  com.capstone.aspect.LoggerAspect - Method name: com.capstone.controller.loanController
2022-10-14 13:21:13 [http-nio-8084-exec-1] INFO  com.capstone.aspect.LoggerAspect - Method arguments:[Ljava.lang.Object;@7fe21c4b
2022-10-14 13:21:13 [http-nio-8084-exec-1] INFO  com.capstone.aspect.LoggerAspect - *************************************
2022-10-14 13:21:13 [http-nio-8084-exec-1] INFO  com.capstone.aspect.LoggerAspect - Method name: com.capstone.service.loanServiceImp
2022-10-14 13:21:13 [http-nio-8084-exec-1] INFO  com.capstone.aspect.LoggerAspect - Method arguments:[Ljava.lang.Object;@6cf3d26f
2022-10-14 13:21:13 [http-nio-8084-exec-1] INFO  com.capstone.aspect.LoggerAspect - *************************************
2022-10-14 13:21:13 [http-nio-8084-exec-1] INFO  com.capstone.aspect.LoggerAspect - During: class com.capstone.service.loanServiceImp.getloanDetailsofCustbyLoan() with arguments=loan [loanaccno=202211051, category=Personal, loan_amount=500000.0, custid=202200005, interest_rate=7.0, tenure=4]
2022-10-14 13:21:13 [http-nio-8084-exec-1] INFO  com.capstone.aspect.LoggerAspect - *************************************
2022-10-14 13:21:13 [http-nio-8084-exec-1] INFO  com.capstone.aspect.LoggerAspect - During: class com.capstone.controller.loanController.getloanDetailsofCustbyLoan() with arguments=<200 OK OK,loan [loanaccno=202211051, category=Personal, loan_amount=500000.0, custid=202200005, interest_rate=7.0, tenure=4],[]>
2022-10-14 13:21:13 [http-nio-8084-exec-1] INFO  com.capstone.aspect.LoggerAspect - *************************************
2022-10-14 13:21:22 [AsyncResolver-bootstrap-executor-0] INFO  c.n.d.s.r.aws.ConfigClusterResolver - Resolving eureka endpoints via configuration
2022-10-14 13:22:16 [http-nio-8084-exec-4] INFO  com.capstone.aspect.LoggerAspect - Method name: com.capstone.controller.loanController
2022-10-14 13:22:16 [http-nio-8084-exec-4] INFO  com.capstone.aspect.LoggerAspect - Method arguments:[Ljava.lang.Object;@4c1ce815
2022-10-14 13:22:16 [http-nio-8084-exec-4] INFO  com.capstone.aspect.LoggerAspect - *************************************
2022-10-14 13:22:16 [http-nio-8084-exec-4] INFO  com.capstone.aspect.LoggerAspect - Method name: com.capstone.service.loanServiceImp
2022-10-14 13:22:16 [http-nio-8084-exec-4] INFO  com.capstone.aspect.LoggerAspect - Method arguments:[Ljava.lang.Object;@31517d0d
2022-10-14 13:22:16 [http-nio-8084-exec-4] INFO  com.capstone.aspect.LoggerAspect - *************************************
2022-10-14 13:22:16 [http-nio-8084-exec-4] INFO  com.capstone.aspect.LoggerAspect - During: class com.capstone.service.loanServiceImp.getloanDetailsofCustbyLoan() with arguments=loan [loanaccno=202211051, category=Personal, loan_amount=500000.0, custid=202200005, interest_rate=7.0, tenure=4]
2022-10-14 13:22:16 [http-nio-8084-exec-4] INFO  com.capstone.aspect.LoggerAspect - *************************************
2022-10-14 13:22:16 [http-nio-8084-exec-4] INFO  com.capstone.aspect.LoggerAspect - During: class com.capstone.controller.loanController.getloanDetailsofCustbyLoan() with arguments=<200 OK OK,loan [loanaccno=202211051, category=Personal, loan_amount=500000.0, custid=202200005, interest_rate=7.0, tenure=4],[]>
2022-10-14 13:22:16 [http-nio-8084-exec-4] INFO  com.capstone.aspect.LoggerAspect - *************************************
2022-10-14 13:22:27 [http-nio-8084-exec-6] INFO  com.capstone.aspect.LoggerAspect - Method name: com.capstone.controller.loanController
2022-10-14 13:22:27 [http-nio-8084-exec-6] INFO  com.capstone.aspect.LoggerAspect - Method arguments:[Ljava.lang.Object;@3349ef0
2022-10-14 13:22:27 [http-nio-8084-exec-6] INFO  com.capstone.aspect.LoggerAspect - *************************************
2022-10-14 13:22:27 [http-nio-8084-exec-6] INFO  com.capstone.aspect.LoggerAspect - Method name: com.capstone.service.loanServiceImp
2022-10-14 13:22:27 [http-nio-8084-exec-6] INFO  com.capstone.aspect.LoggerAspect - Method arguments:[Ljava.lang.Object;@7f77c882
2022-10-14 13:22:27 [http-nio-8084-exec-6] INFO  com.capstone.aspect.LoggerAspect - *************************************
2022-10-14 13:22:27 [http-nio-8084-exec-6] INFO  com.capstone.aspect.LoggerAspect - During: class com.capstone.service.loanServiceImp.getloanDetailsofCustbyLoan() with arguments=loan [loanaccno=202211051, category=Personal, loan_amount=500000.0, custid=202200005, interest_rate=7.0, tenure=4]
2022-10-14 13:22:27 [http-nio-8084-exec-6] INFO  com.capstone.aspect.LoggerAspect - *************************************
2022-10-14 13:22:27 [http-nio-8084-exec-6] INFO  com.capstone.aspect.LoggerAspect - During: class com.capstone.controller.loanController.getloanDetailsofCustbyLoan() with arguments=<200 OK OK,loan [loanaccno=202211051, category=Personal, loan_amount=500000.0, custid=202200005, interest_rate=7.0, tenure=4],[]>
2022-10-14 13:22:27 [http-nio-8084-exec-6] INFO  com.capstone.aspect.LoggerAspect - *************************************
2022-10-14 13:22:30 [http-nio-8084-exec-7] INFO  com.capstone.aspect.LoggerAspect - Method name: com.capstone.controller.loanController
2022-10-14 13:22:30 [http-nio-8084-exec-7] INFO  com.capstone.aspect.LoggerAspect - Method arguments:[Ljava.lang.Object;@4576df44
2022-10-14 13:22:30 [http-nio-8084-exec-7] INFO  com.capstone.aspect.LoggerAspect - *************************************
2022-10-14 13:22:30 [http-nio-8084-exec-7] INFO  com.capstone.aspect.LoggerAspect - Method name: com.capstone.service.loanServiceImp
2022-10-14 13:22:30 [http-nio-8084-exec-7] INFO  com.capstone.aspect.LoggerAspect - Method arguments:[Ljava.lang.Object;@61690b7c
2022-10-14 13:22:30 [http-nio-8084-exec-7] INFO  com.capstone.aspect.LoggerAspect - *************************************
2022-10-14 13:22:30 [http-nio-8084-exec-7] INFO  com.capstone.aspect.LoggerAspect - During: class com.capstone.service.loanServiceImp.getloanDetailsofCustbyLoan() with arguments=loan [loanaccno=202211051, category=Personal, loan_amount=500000.0, custid=202200005, interest_rate=7.0, tenure=4]
2022-10-14 13:22:30 [http-nio-8084-exec-7] INFO  com.capstone.aspect.LoggerAspect - *************************************
2022-10-14 13:22:30 [http-nio-8084-exec-7] INFO  com.capstone.aspect.LoggerAspect - During: class com.capstone.controller.loanController.getloanDetailsofCustbyLoan() with arguments=<200 OK OK,loan [loanaccno=202211051, category=Personal, loan_amount=500000.0, custid=202200005, interest_rate=7.0, tenure=4],[]>
2022-10-14 13:22:30 [http-nio-8084-exec-7] INFO  com.capstone.aspect.LoggerAspect - *************************************
2022-10-14 13:22:40 [http-nio-8084-exec-9] INFO  com.capstone.aspect.LoggerAspect - Method name: com.capstone.controller.loanController
2022-10-14 13:22:40 [http-nio-8084-exec-9] INFO  com.capstone.aspect.LoggerAspect - Method arguments:[Ljava.lang.Object;@134b854c
2022-10-14 13:22:40 [http-nio-8084-exec-9] INFO  com.capstone.aspect.LoggerAspect - *************************************
2022-10-14 13:22:40 [http-nio-8084-exec-9] INFO  com.capstone.aspect.LoggerAspect - Method name: com.capstone.service.loanServiceImp
2022-10-14 13:22:40 [http-nio-8084-exec-9] INFO  com.capstone.aspect.LoggerAspect - Method arguments:[Ljava.lang.Object;@14560c47
2022-10-14 13:22:40 [http-nio-8084-exec-9] INFO  com.capstone.aspect.LoggerAspect - *************************************
2022-10-14 13:22:40 [http-nio-8084-exec-9] INFO  com.capstone.aspect.LoggerAspect - During: class com.capstone.service.loanServiceImp.getloanDetailsofCustbyLoan() with arguments=loan [loanaccno=202211051, category=Personal, loan_amount=500000.0, custid=202200005, interest_rate=7.0, tenure=4]
2022-10-14 13:22:40 [http-nio-8084-exec-9] INFO  com.capstone.aspect.LoggerAspect - *************************************
2022-10-14 13:22:40 [http-nio-8084-exec-9] INFO  com.capstone.aspect.LoggerAspect - During: class com.capstone.controller.loanController.getloanDetailsofCustbyLoan() with arguments=<200 OK OK,loan [loanaccno=202211051, category=Personal, loan_amount=500000.0, custid=202200005, interest_rate=7.0, tenure=4],[]>
2022-10-14 13:22:40 [http-nio-8084-exec-9] INFO  com.capstone.aspect.LoggerAspect - *************************************
2022-10-14 13:22:42 [http-nio-8084-exec-10] INFO  com.capstone.aspect.LoggerAspect - Method name: com.capstone.controller.loanController
2022-10-14 13:22:42 [http-nio-8084-exec-10] INFO  com.capstone.aspect.LoggerAspect - Method arguments:[Ljava.lang.Object;@77049bd4
2022-10-14 13:22:42 [http-nio-8084-exec-10] INFO  com.capstone.aspect.LoggerAspect - *************************************
2022-10-14 13:22:42 [http-nio-8084-exec-10] INFO  com.capstone.aspect.LoggerAspect - Method name: com.capstone.service.loanServiceImp
2022-10-14 13:22:42 [http-nio-8084-exec-10] INFO  com.capstone.aspect.LoggerAspect - Method arguments:[Ljava.lang.Object;@6ca4297
2022-10-14 13:22:42 [http-nio-8084-exec-10] INFO  com.capstone.aspect.LoggerAspect - *************************************
2022-10-14 13:22:42 [http-nio-8084-exec-10] INFO  com.capstone.aspect.LoggerAspect - During: class com.capstone.service.loanServiceImp.getloanDetailsofCustbyLoan() with arguments=loan [loanaccno=202211051, category=Personal, loan_amount=500000.0, custid=202200005, interest_rate=7.0, tenure=4]
2022-10-14 13:22:42 [http-nio-8084-exec-10] INFO  com.capstone.aspect.LoggerAspect - *************************************
2022-10-14 13:22:42 [http-nio-8084-exec-10] INFO  com.capstone.aspect.LoggerAspect - During: class com.capstone.controller.loanController.getloanDetailsofCustbyLoan() with arguments=<200 OK OK,loan [loanaccno=202211051, category=Personal, loan_amount=500000.0, custid=202200005, interest_rate=7.0, tenure=4],[]>
2022-10-14 13:22:42 [http-nio-8084-exec-10] INFO  com.capstone.aspect.LoggerAspect - *************************************
2022-10-14 13:22:48 [http-nio-8084-exec-2] INFO  com.capstone.aspect.LoggerAspect - Method name: com.capstone.controller.loanController
2022-10-14 13:22:48 [http-nio-8084-exec-2] INFO  com.capstone.aspect.LoggerAspect - Method arguments:[Ljava.lang.Object;@1c55c2c0
2022-10-14 13:22:48 [http-nio-8084-exec-2] INFO  com.capstone.aspect.LoggerAspect - *************************************
2022-10-14 13:22:48 [http-nio-8084-exec-2] INFO  com.capstone.aspect.LoggerAspect - Method name: com.capstone.service.loanServiceImp
2022-10-14 13:22:48 [http-nio-8084-exec-2] INFO  com.capstone.aspect.LoggerAspect - Method arguments:[Ljava.lang.Object;@5e2135fa
2022-10-14 13:22:48 [http-nio-8084-exec-2] INFO  com.capstone.aspect.LoggerAspect - *************************************
2022-10-14 13:22:48 [http-nio-8084-exec-2] INFO  com.capstone.aspect.LoggerAspect - During: class com.capstone.service.loanServiceImp.getloanDetailsofCustbyLoan() with arguments=loan [loanaccno=202211051, category=Personal, loan_amount=500000.0, custid=202200005, interest_rate=7.0, tenure=4]
2022-10-14 13:22:48 [http-nio-8084-exec-2] INFO  com.capstone.aspect.LoggerAspect - *************************************
2022-10-14 13:22:48 [http-nio-8084-exec-2] INFO  com.capstone.aspect.LoggerAspect - During: class com.capstone.controller.loanController.getloanDetailsofCustbyLoan() with arguments=<200 OK OK,loan [loanaccno=202211051, category=Personal, loan_amount=500000.0, custid=202200005, interest_rate=7.0, tenure=4],[]>
2022-10-14 13:22:48 [http-nio-8084-exec-2] INFO  com.capstone.aspect.LoggerAspect - *************************************
2022-10-14 13:22:51 [http-nio-8084-exec-1] INFO  com.capstone.aspect.LoggerAspect - Method name: com.capstone.controller.loanController
2022-10-14 13:22:51 [http-nio-8084-exec-1] INFO  com.capstone.aspect.LoggerAspect - Method arguments:[Ljava.lang.Object;@789b557a
2022-10-14 13:22:51 [http-nio-8084-exec-1] INFO  com.capstone.aspect.LoggerAspect - *************************************
2022-10-14 13:22:51 [http-nio-8084-exec-1] INFO  com.capstone.aspect.LoggerAspect - Method name: com.capstone.service.loanServiceImp
2022-10-14 13:22:51 [http-nio-8084-exec-1] INFO  com.capstone.aspect.LoggerAspect - Method arguments:[Ljava.lang.Object;@3bde7d05
2022-10-14 13:22:51 [http-nio-8084-exec-1] INFO  com.capstone.aspect.LoggerAspect - *************************************
2022-10-14 13:22:51 [http-nio-8084-exec-1] INFO  com.capstone.aspect.LoggerAspect - During: class com.capstone.service.loanServiceImp.getloanDetailsofCustbyLoan() with arguments=loan [loanaccno=202211051, category=Personal, loan_amount=500000.0, custid=202200005, interest_rate=7.0, tenure=4]
2022-10-14 13:22:51 [http-nio-8084-exec-1] INFO  com.capstone.aspect.LoggerAspect - *************************************
2022-10-14 13:22:51 [http-nio-8084-exec-1] INFO  com.capstone.aspect.LoggerAspect - During: class com.capstone.controller.loanController.getloanDetailsofCustbyLoan() with arguments=<200 OK OK,loan [loanaccno=202211051, category=Personal, loan_amount=500000.0, custid=202200005, interest_rate=7.0, tenure=4],[]>
2022-10-14 13:22:51 [http-nio-8084-exec-1] INFO  com.capstone.aspect.LoggerAspect - *************************************
2022-10-14 13:23:00 [http-nio-8084-exec-4] INFO  com.capstone.aspect.LoggerAspect - Method name: com.capstone.controller.loanController
2022-10-14 13:23:00 [http-nio-8084-exec-4] INFO  com.capstone.aspect.LoggerAspect - Method arguments:[Ljava.lang.Object;@2fae610d
2022-10-14 13:23:00 [http-nio-8084-exec-4] INFO  com.capstone.aspect.LoggerAspect - *************************************
2022-10-14 13:23:00 [http-nio-8084-exec-4] INFO  com.capstone.aspect.LoggerAspect - Method name: com.capstone.service.loanServiceImp
2022-10-14 13:23:00 [http-nio-8084-exec-4] INFO  com.capstone.aspect.LoggerAspect - Method arguments:[Ljava.lang.Object;@193fa4ae
2022-10-14 13:23:00 [http-nio-8084-exec-4] INFO  com.capstone.aspect.LoggerAspect - *************************************
2022-10-14 13:23:00 [http-nio-8084-exec-4] INFO  com.capstone.aspect.LoggerAspect - During: class com.capstone.service.loanServiceImp.getloanDetailsofCustbyLoan() with arguments=loan [loanaccno=202211051, category=Personal, loan_amount=500000.0, custid=202200005, interest_rate=7.0, tenure=4]
2022-10-14 13:23:00 [http-nio-8084-exec-4] INFO  com.capstone.aspect.LoggerAspect - *************************************
2022-10-14 13:23:00 [http-nio-8084-exec-4] INFO  com.capstone.aspect.LoggerAspect - During: class com.capstone.controller.loanController.getloanDetailsofCustbyLoan() with arguments=<200 OK OK,loan [loanaccno=202211051, category=Personal, loan_amount=500000.0, custid=202200005, interest_rate=7.0, tenure=4],[]>
2022-10-14 13:23:00 [http-nio-8084-exec-4] INFO  com.capstone.aspect.LoggerAspect - *************************************
2022-10-14 13:23:05 [http-nio-8084-exec-6] INFO  com.capstone.aspect.LoggerAspect - Method name: com.capstone.controller.loanController
2022-10-14 13:23:05 [http-nio-8084-exec-6] INFO  com.capstone.aspect.LoggerAspect - Method arguments:[Ljava.lang.Object;@746e1e93
2022-10-14 13:23:05 [http-nio-8084-exec-6] INFO  com.capstone.aspect.LoggerAspect - *************************************
2022-10-14 13:23:05 [http-nio-8084-exec-6] INFO  com.capstone.aspect.LoggerAspect - Method name: com.capstone.service.loanServiceImp
2022-10-14 13:23:05 [http-nio-8084-exec-6] INFO  com.capstone.aspect.LoggerAspect - Method arguments:[Ljava.lang.Object;@13129daf
2022-10-14 13:23:05 [http-nio-8084-exec-6] INFO  com.capstone.aspect.LoggerAspect - *************************************
2022-10-14 13:23:05 [http-nio-8084-exec-6] INFO  com.capstone.aspect.LoggerAspect - During: class com.capstone.service.loanServiceImp.getloanDetailsofCustbyLoan() with arguments=loan [loanaccno=202211051, category=Personal, loan_amount=500000.0, custid=202200005, interest_rate=7.0, tenure=4]
2022-10-14 13:23:05 [http-nio-8084-exec-6] INFO  com.capstone.aspect.LoggerAspect - *************************************
2022-10-14 13:23:05 [http-nio-8084-exec-6] INFO  com.capstone.aspect.LoggerAspect - During: class com.capstone.controller.loanController.getloanDetailsofCustbyLoan() with arguments=<200 OK OK,loan [loanaccno=202211051, category=Personal, loan_amount=500000.0, custid=202200005, interest_rate=7.0, tenure=4],[]>
2022-10-14 13:23:05 [http-nio-8084-exec-6] INFO  com.capstone.aspect.LoggerAspect - *************************************
2022-10-14 13:23:08 [http-nio-8084-exec-7] INFO  com.capstone.aspect.LoggerAspect - Method name: com.capstone.controller.loanController
2022-10-14 13:23:08 [http-nio-8084-exec-7] INFO  com.capstone.aspect.LoggerAspect - Method arguments:[Ljava.lang.Object;@5ae54a82
2022-10-14 13:23:08 [http-nio-8084-exec-7] INFO  com.capstone.aspect.LoggerAspect - *************************************
2022-10-14 13:23:08 [http-nio-8084-exec-7] INFO  com.capstone.aspect.LoggerAspect - Method name: com.capstone.service.loanServiceImp
2022-10-14 13:23:08 [http-nio-8084-exec-7] INFO  com.capstone.aspect.LoggerAspect - Method arguments:[Ljava.lang.Object;@49a9c63a
2022-10-14 13:23:08 [http-nio-8084-exec-7] INFO  com.capstone.aspect.LoggerAspect - *************************************
2022-10-14 13:23:08 [http-nio-8084-exec-7] INFO  com.capstone.aspect.LoggerAspect - During: class com.capstone.service.loanServiceImp.getloanDetailsofCustbyLoan() with arguments=loan [loanaccno=202211051, category=Personal, loan_amount=500000.0, custid=202200005, interest_rate=7.0, tenure=4]
2022-10-14 13:23:08 [http-nio-8084-exec-7] INFO  com.capstone.aspect.LoggerAspect - *************************************
2022-10-14 13:23:08 [http-nio-8084-exec-7] INFO  com.capstone.aspect.LoggerAspect - During: class com.capstone.controller.loanController.getloanDetailsofCustbyLoan() with arguments=<200 OK OK,loan [loanaccno=202211051, category=Personal, loan_amount=500000.0, custid=202200005, interest_rate=7.0, tenure=4],[]>
2022-10-14 13:23:08 [http-nio-8084-exec-7] INFO  com.capstone.aspect.LoggerAspect - *************************************
2022-10-14 13:23:57 [http-nio-8084-exec-9] INFO  com.capstone.aspect.LoggerAspect - Method name: com.capstone.controller.loanController
2022-10-14 13:23:57 [http-nio-8084-exec-9] INFO  com.capstone.aspect.LoggerAspect - Method arguments:[Ljava.lang.Object;@7dd83e08
2022-10-14 13:23:57 [http-nio-8084-exec-9] INFO  com.capstone.aspect.LoggerAspect - *************************************
2022-10-14 13:23:57 [http-nio-8084-exec-9] INFO  com.capstone.aspect.LoggerAspect - Method name: com.capstone.service.loanServiceImp
2022-10-14 13:23:57 [http-nio-8084-exec-9] INFO  com.capstone.aspect.LoggerAspect - Method arguments:[Ljava.lang.Object;@2c642275
2022-10-14 13:23:57 [http-nio-8084-exec-9] INFO  com.capstone.aspect.LoggerAspect - *************************************
2022-10-14 13:23:57 [http-nio-8084-exec-9] INFO  com.capstone.aspect.LoggerAspect - During: class com.capstone.service.loanServiceImp.getloanDetailsofCustbyLoan() with arguments=loan [loanaccno=202211051, category=Personal, loan_amount=500000.0, custid=202200005, interest_rate=7.0, tenure=4]
2022-10-14 13:23:57 [http-nio-8084-exec-9] INFO  com.capstone.aspect.LoggerAspect - *************************************
2022-10-14 13:23:57 [http-nio-8084-exec-9] INFO  com.capstone.aspect.LoggerAspect - During: class com.capstone.controller.loanController.getloanDetailsofCustbyLoan() with arguments=<200 OK OK,loan [loanaccno=202211051, category=Personal, loan_amount=500000.0, custid=202200005, interest_rate=7.0, tenure=4],[]>
2022-10-14 13:23:57 [http-nio-8084-exec-9] INFO  com.capstone.aspect.LoggerAspect - *************************************
2022-10-14 13:24:17 [http-nio-8084-exec-2] INFO  com.capstone.aspect.LoggerAspect - Method name: com.capstone.controller.loanController
2022-10-14 13:24:17 [http-nio-8084-exec-2] INFO  com.capstone.aspect.LoggerAspect - Method arguments:[Ljava.lang.Object;@4816694
2022-10-14 13:24:17 [http-nio-8084-exec-2] INFO  com.capstone.aspect.LoggerAspect - *************************************
2022-10-14 13:24:17 [http-nio-8084-exec-2] INFO  com.capstone.aspect.LoggerAspect - Method name: com.capstone.service.loanServiceImp
2022-10-14 13:24:17 [http-nio-8084-exec-2] INFO  com.capstone.aspect.LoggerAspect - Method arguments:[Ljava.lang.Object;@4e939b0
2022-10-14 13:24:17 [http-nio-8084-exec-2] INFO  com.capstone.aspect.LoggerAspect - *************************************
2022-10-14 13:24:17 [http-nio-8084-exec-2] INFO  com.capstone.aspect.LoggerAspect - During: class com.capstone.service.loanServiceImp.getloanDetailsofCustbyLoan() with arguments=loan [loanaccno=202211051, category=Personal, loan_amount=500000.0, custid=202200005, interest_rate=7.0, tenure=4]
2022-10-14 13:24:17 [http-nio-8084-exec-2] INFO  com.capstone.aspect.LoggerAspect - *************************************
2022-10-14 13:24:17 [http-nio-8084-exec-2] INFO  com.capstone.aspect.LoggerAspect - During: class com.capstone.controller.loanController.getloanDetailsofCustbyLoan() with arguments=<200 OK OK,loan [loanaccno=202211051, category=Personal, loan_amount=500000.0, custid=202200005, interest_rate=7.0, tenure=4],[]>
2022-10-14 13:24:17 [http-nio-8084-exec-2] INFO  com.capstone.aspect.LoggerAspect - *************************************
2022-10-14 13:24:28 [http-nio-8084-exec-3] INFO  com.capstone.aspect.LoggerAspect - Method name: com.capstone.controller.loanController
2022-10-14 13:24:28 [http-nio-8084-exec-3] INFO  com.capstone.aspect.LoggerAspect - Method arguments:[Ljava.lang.Object;@39ac2d5f
2022-10-14 13:24:28 [http-nio-8084-exec-3] INFO  com.capstone.aspect.LoggerAspect - *************************************
2022-10-14 13:24:28 [http-nio-8084-exec-3] INFO  com.capstone.aspect.LoggerAspect - Method name: com.capstone.service.loanServiceImp
2022-10-14 13:24:28 [http-nio-8084-exec-3] INFO  com.capstone.aspect.LoggerAspect - Method arguments:[Ljava.lang.Object;@5f34fdd8
2022-10-14 13:24:28 [http-nio-8084-exec-3] INFO  com.capstone.aspect.LoggerAspect - *************************************
2022-10-14 13:24:28 [http-nio-8084-exec-3] INFO  com.capstone.aspect.LoggerAspect - During: class com.capstone.service.loanServiceImp.getloanDetailsofCustbyLoan() with arguments=loan [loanaccno=202211051, category=Personal, loan_amount=500000.0, custid=202200005, interest_rate=7.0, tenure=4]
2022-10-14 13:24:28 [http-nio-8084-exec-3] INFO  com.capstone.aspect.LoggerAspect - *************************************
2022-10-14 13:24:28 [http-nio-8084-exec-3] INFO  com.capstone.aspect.LoggerAspect - During: class com.capstone.controller.loanController.getloanDetailsofCustbyLoan() with arguments=<200 OK OK,loan [loanaccno=202211051, category=Personal, loan_amount=500000.0, custid=202200005, interest_rate=7.0, tenure=4],[]>
2022-10-14 13:24:28 [http-nio-8084-exec-3] INFO  com.capstone.aspect.LoggerAspect - *************************************
2022-10-14 13:25:13 [http-nio-8084-exec-5] INFO  com.capstone.aspect.LoggerAspect - Method name: com.capstone.controller.loanController
2022-10-14 13:25:13 [http-nio-8084-exec-5] INFO  com.capstone.aspect.LoggerAspect - Method arguments:[Ljava.lang.Object;@69206a35
2022-10-14 13:25:13 [http-nio-8084-exec-5] INFO  com.capstone.aspect.LoggerAspect - *************************************
2022-10-14 13:25:13 [http-nio-8084-exec-5] INFO  com.capstone.aspect.LoggerAspect - Method name: com.capstone.service.loanServiceImp
2022-10-14 13:25:13 [http-nio-8084-exec-5] INFO  com.capstone.aspect.LoggerAspect - Method arguments:[Ljava.lang.Object;@47963fb5
2022-10-14 13:25:13 [http-nio-8084-exec-5] INFO  com.capstone.aspect.LoggerAspect - *************************************
2022-10-14 13:25:13 [http-nio-8084-exec-5] INFO  com.capstone.aspect.LoggerAspect - During: class com.capstone.service.loanServiceImp.getloanDetailsofCustbyLoan() with arguments=loan [loanaccno=202211051, category=Personal, loan_amount=500000.0, custid=202200005, interest_rate=7.0, tenure=4]
2022-10-14 13:25:13 [http-nio-8084-exec-5] INFO  com.capstone.aspect.LoggerAspect - *************************************
2022-10-14 13:25:13 [http-nio-8084-exec-5] INFO  com.capstone.aspect.LoggerAspect - During: class com.capstone.controller.loanController.getloanDetailsofCustbyLoan() with arguments=<200 OK OK,loan [loanaccno=202211051, category=Personal, loan_amount=500000.0, custid=202200005, interest_rate=7.0, tenure=4],[]>
2022-10-14 13:25:13 [http-nio-8084-exec-5] INFO  com.capstone.aspect.LoggerAspect - *************************************
2022-10-14 13:26:22 [AsyncResolver-bootstrap-executor-0] INFO  c.n.d.s.r.aws.ConfigClusterResolver - Resolving eureka endpoints via configuration
2022-10-14 13:28:35 [http-nio-8084-exec-7] INFO  com.capstone.aspect.LoggerAspect - Method name: com.capstone.controller.loanController
2022-10-14 13:28:35 [http-nio-8084-exec-7] INFO  com.capstone.aspect.LoggerAspect - Method arguments:[Ljava.lang.Object;@558eb585
2022-10-14 13:28:35 [http-nio-8084-exec-7] INFO  com.capstone.aspect.LoggerAspect - *************************************
2022-10-14 13:28:35 [http-nio-8084-exec-7] INFO  com.capstone.aspect.LoggerAspect - Method name: com.capstone.service.loanServiceImp
2022-10-14 13:28:35 [http-nio-8084-exec-7] INFO  com.capstone.aspect.LoggerAspect - Method arguments:[Ljava.lang.Object;@a6a64ae
2022-10-14 13:28:35 [http-nio-8084-exec-7] INFO  com.capstone.aspect.LoggerAspect - *************************************
2022-10-14 13:28:35 [http-nio-8084-exec-7] INFO  com.capstone.aspect.LoggerAspect - During: class com.capstone.service.loanServiceImp.getloanDetailsofCustbyLoan() with arguments=loan [loanaccno=202211051, category=Personal, loan_amount=500000.0, custid=202200005, interest_rate=7.0, tenure=4]
2022-10-14 13:28:35 [http-nio-8084-exec-7] INFO  com.capstone.aspect.LoggerAspect - *************************************
2022-10-14 13:28:35 [http-nio-8084-exec-7] INFO  com.capstone.aspect.LoggerAspect - During: class com.capstone.controller.loanController.getloanDetailsofCustbyLoan() with arguments=<200 OK OK,loan [loanaccno=202211051, category=Personal, loan_amount=500000.0, custid=202200005, interest_rate=7.0, tenure=4],[]>
2022-10-14 13:28:35 [http-nio-8084-exec-7] INFO  com.capstone.aspect.LoggerAspect - *************************************
2022-10-14 13:30:58 [http-nio-8084-exec-9] INFO  com.capstone.aspect.LoggerAspect - Method name: com.capstone.controller.loanController
2022-10-14 13:30:58 [http-nio-8084-exec-9] INFO  com.capstone.aspect.LoggerAspect - Method arguments:[Ljava.lang.Object;@1cd58c81
2022-10-14 13:30:58 [http-nio-8084-exec-9] INFO  com.capstone.aspect.LoggerAspect - *************************************
2022-10-14 13:30:58 [http-nio-8084-exec-9] INFO  com.capstone.aspect.LoggerAspect - Method name: com.capstone.service.loanServiceImp
2022-10-14 13:30:58 [http-nio-8084-exec-9] INFO  com.capstone.aspect.LoggerAspect - Method arguments:[Ljava.lang.Object;@56b7e34f
2022-10-14 13:30:58 [http-nio-8084-exec-9] INFO  com.capstone.aspect.LoggerAspect - *************************************
2022-10-14 13:30:58 [http-nio-8084-exec-9] INFO  com.capstone.aspect.LoggerAspect - During: class com.capstone.service.loanServiceImp.getloanDetailsofCustbyLoan() with arguments=loan [loanaccno=202211051, category=Personal, loan_amount=500000.0, custid=202200005, interest_rate=7.0, tenure=4]
2022-10-14 13:30:58 [http-nio-8084-exec-9] INFO  com.capstone.aspect.LoggerAspect - *************************************
2022-10-14 13:30:58 [http-nio-8084-exec-9] INFO  com.capstone.aspect.LoggerAspect - During: class com.capstone.controller.loanController.getloanDetailsofCustbyLoan() with arguments=<200 OK OK,loan [loanaccno=202211051, category=Personal, loan_amount=500000.0, custid=202200005, interest_rate=7.0, tenure=4],[]>
2022-10-14 13:30:58 [http-nio-8084-exec-9] INFO  com.capstone.aspect.LoggerAspect - *************************************
2022-10-14 13:31:12 [http-nio-8084-exec-2] INFO  com.capstone.aspect.LoggerAspect - Method name: com.capstone.controller.loanController
2022-10-14 13:31:12 [http-nio-8084-exec-2] INFO  com.capstone.aspect.LoggerAspect - Method arguments:[Ljava.lang.Object;@59894c7e
2022-10-14 13:31:12 [http-nio-8084-exec-2] INFO  com.capstone.aspect.LoggerAspect - *************************************
2022-10-14 13:31:12 [http-nio-8084-exec-2] INFO  com.capstone.aspect.LoggerAspect - Method name: com.capstone.service.loanServiceImp
2022-10-14 13:31:12 [http-nio-8084-exec-2] INFO  com.capstone.aspect.LoggerAspect - Method arguments:[Ljava.lang.Object;@7b239ae9
2022-10-14 13:31:12 [http-nio-8084-exec-2] INFO  com.capstone.aspect.LoggerAspect - *************************************
2022-10-14 13:31:12 [http-nio-8084-exec-2] INFO  com.capstone.aspect.LoggerAspect - During: class com.capstone.service.loanServiceImp.getloanDetailsofCustbyLoan() with arguments=loan [loanaccno=202211051, category=Personal, loan_amount=500000.0, custid=202200005, interest_rate=7.0, tenure=4]
2022-10-14 13:31:12 [http-nio-8084-exec-2] INFO  com.capstone.aspect.LoggerAspect - *************************************
2022-10-14 13:31:12 [http-nio-8084-exec-2] INFO  com.capstone.aspect.LoggerAspect - During: class com.capstone.controller.loanController.getloanDetailsofCustbyLoan() with arguments=<200 OK OK,loan [loanaccno=202211051, category=Personal, loan_amount=500000.0, custid=202200005, interest_rate=7.0, tenure=4],[]>
2022-10-14 13:31:12 [http-nio-8084-exec-2] INFO  com.capstone.aspect.LoggerAspect - *************************************
2022-10-14 13:31:21 [http-nio-8084-exec-3] INFO  com.capstone.aspect.LoggerAspect - Method name: com.capstone.controller.loanController
2022-10-14 13:31:21 [http-nio-8084-exec-3] INFO  com.capstone.aspect.LoggerAspect - Method arguments:[Ljava.lang.Object;@9d1bb4
2022-10-14 13:31:21 [http-nio-8084-exec-3] INFO  com.capstone.aspect.LoggerAspect - *************************************
2022-10-14 13:31:21 [http-nio-8084-exec-3] INFO  com.capstone.aspect.LoggerAspect - Method name: com.capstone.service.loanServiceImp
2022-10-14 13:31:21 [http-nio-8084-exec-3] INFO  com.capstone.aspect.LoggerAspect - Method arguments:[Ljava.lang.Object;@3d617cec
2022-10-14 13:31:21 [http-nio-8084-exec-3] INFO  com.capstone.aspect.LoggerAspect - *************************************
2022-10-14 13:31:21 [http-nio-8084-exec-3] INFO  com.capstone.aspect.LoggerAspect - During: class com.capstone.service.loanServiceImp.getloanDetailsofCustbyLoan() with arguments=loan [loanaccno=202211051, category=Personal, loan_amount=500000.0, custid=202200005, interest_rate=7.0, tenure=4]
2022-10-14 13:31:21 [http-nio-8084-exec-3] INFO  com.capstone.aspect.LoggerAspect - *************************************
2022-10-14 13:31:21 [http-nio-8084-exec-3] INFO  com.capstone.aspect.LoggerAspect - During: class com.capstone.controller.loanController.getloanDetailsofCustbyLoan() with arguments=<200 OK OK,loan [loanaccno=202211051, category=Personal, loan_amount=500000.0, custid=202200005, interest_rate=7.0, tenure=4],[]>
2022-10-14 13:31:21 [http-nio-8084-exec-3] INFO  com.capstone.aspect.LoggerAspect - *************************************
2022-10-14 13:31:22 [AsyncResolver-bootstrap-executor-0] INFO  c.n.d.s.r.aws.ConfigClusterResolver - Resolving eureka endpoints via configuration
2022-10-14 13:31:24 [http-nio-8084-exec-5] INFO  com.capstone.aspect.LoggerAspect - Method name: com.capstone.controller.loanController
2022-10-14 13:31:24 [http-nio-8084-exec-5] INFO  com.capstone.aspect.LoggerAspect - Method arguments:[Ljava.lang.Object;@77c5264d
2022-10-14 13:31:24 [http-nio-8084-exec-5] INFO  com.capstone.aspect.LoggerAspect - *************************************
2022-10-14 13:31:24 [http-nio-8084-exec-5] INFO  com.capstone.aspect.LoggerAspect - Method name: com.capstone.service.loanServiceImp
2022-10-14 13:31:24 [http-nio-8084-exec-5] INFO  com.capstone.aspect.LoggerAspect - Method arguments:[Ljava.lang.Object;@2b91c89d
2022-10-14 13:31:24 [http-nio-8084-exec-5] INFO  com.capstone.aspect.LoggerAspect - *************************************
2022-10-14 13:31:24 [http-nio-8084-exec-5] INFO  com.capstone.aspect.LoggerAspect - During: class com.capstone.service.loanServiceImp.getloanDetailsofCustbyLoan() with arguments=loan [loanaccno=202211051, category=Personal, loan_amount=500000.0, custid=202200005, interest_rate=7.0, tenure=4]
2022-10-14 13:31:24 [http-nio-8084-exec-5] INFO  com.capstone.aspect.LoggerAspect - *************************************
2022-10-14 13:31:24 [http-nio-8084-exec-5] INFO  com.capstone.aspect.LoggerAspect - During: class com.capstone.controller.loanController.getloanDetailsofCustbyLoan() with arguments=<200 OK OK,loan [loanaccno=202211051, category=Personal, loan_amount=500000.0, custid=202200005, interest_rate=7.0, tenure=4],[]>
2022-10-14 13:31:24 [http-nio-8084-exec-5] INFO  com.capstone.aspect.LoggerAspect - *************************************
2022-10-14 13:32:24 [http-nio-8084-exec-8] INFO  com.capstone.aspect.LoggerAspect - Method name: com.capstone.controller.loanController
2022-10-14 13:32:24 [http-nio-8084-exec-8] INFO  com.capstone.aspect.LoggerAspect - Method arguments:[Ljava.lang.Object;@62afde8a
2022-10-14 13:32:24 [http-nio-8084-exec-8] INFO  com.capstone.aspect.LoggerAspect - *************************************
2022-10-14 13:32:24 [http-nio-8084-exec-8] INFO  com.capstone.aspect.LoggerAspect - Method name: com.capstone.service.loanServiceImp
2022-10-14 13:32:24 [http-nio-8084-exec-8] INFO  com.capstone.aspect.LoggerAspect - Method arguments:[Ljava.lang.Object;@38ccfbb4
2022-10-14 13:32:24 [http-nio-8084-exec-8] INFO  com.capstone.aspect.LoggerAspect - *************************************
2022-10-14 13:32:24 [http-nio-8084-exec-8] INFO  com.capstone.aspect.LoggerAspect - During: class com.capstone.service.loanServiceImp.getLoanAccByCust() with arguments=[loan [loanaccno=202211051, category=Personal, loan_amount=500000.0, custid=202200005, interest_rate=7.0, tenure=4]]
2022-10-14 13:32:24 [http-nio-8084-exec-8] INFO  com.capstone.aspect.LoggerAspect - *************************************
2022-10-14 13:32:24 [http-nio-8084-exec-8] INFO  com.capstone.aspect.LoggerAspect - During: class com.capstone.controller.loanController.getloanDetailsbyCust() with arguments=<200 OK OK,[loan [loanaccno=202211051, category=Personal, loan_amount=500000.0, custid=202200005, interest_rate=7.0, tenure=4]],[]>
2022-10-14 13:32:24 [http-nio-8084-exec-8] INFO  com.capstone.aspect.LoggerAspect - *************************************
2022-10-14 13:32:38 [http-nio-8084-exec-9] INFO  com.capstone.aspect.LoggerAspect - Method name: com.capstone.controller.loanController
2022-10-14 13:32:38 [http-nio-8084-exec-9] INFO  com.capstone.aspect.LoggerAspect - Method arguments:[Ljava.lang.Object;@1dac63ed
2022-10-14 13:32:38 [http-nio-8084-exec-9] INFO  com.capstone.aspect.LoggerAspect - *************************************
2022-10-14 13:32:38 [http-nio-8084-exec-9] INFO  com.capstone.aspect.LoggerAspect - Method name: com.capstone.service.loanServiceImp
2022-10-14 13:32:38 [http-nio-8084-exec-9] INFO  com.capstone.aspect.LoggerAspect - Method arguments:[Ljava.lang.Object;@45915aa0
2022-10-14 13:32:38 [http-nio-8084-exec-9] INFO  com.capstone.aspect.LoggerAspect - *************************************
2022-10-14 13:32:38 [http-nio-8084-exec-9] INFO  com.capstone.aspect.LoggerAspect - During: class com.capstone.service.loanServiceImp.getLoanAccByCust() with arguments=[loan [loanaccno=202211051, category=Personal, loan_amount=500000.0, custid=202200005, interest_rate=7.0, tenure=4]]
2022-10-14 13:32:38 [http-nio-8084-exec-9] INFO  com.capstone.aspect.LoggerAspect - *************************************
2022-10-14 13:32:38 [http-nio-8084-exec-9] INFO  com.capstone.aspect.LoggerAspect - During: class com.capstone.controller.loanController.getloanDetailsbyCust() with arguments=<200 OK OK,[loan [loanaccno=202211051, category=Personal, loan_amount=500000.0, custid=202200005, interest_rate=7.0, tenure=4]],[]>
2022-10-14 13:32:38 [http-nio-8084-exec-9] INFO  com.capstone.aspect.LoggerAspect - *************************************
2022-10-14 13:36:07 [http-nio-8084-exec-2] INFO  com.capstone.aspect.LoggerAspect - Method name: com.capstone.controller.loanController
2022-10-14 13:36:07 [http-nio-8084-exec-2] INFO  com.capstone.aspect.LoggerAspect - Method arguments:[Ljava.lang.Object;@645edd3d
2022-10-14 13:36:07 [http-nio-8084-exec-2] INFO  com.capstone.aspect.LoggerAspect - *************************************
2022-10-14 13:36:07 [http-nio-8084-exec-2] INFO  com.capstone.aspect.LoggerAspect - Method name: com.capstone.service.loanServiceImp
2022-10-14 13:36:07 [http-nio-8084-exec-2] INFO  com.capstone.aspect.LoggerAspect - Method arguments:[Ljava.lang.Object;@3e56679f
2022-10-14 13:36:07 [http-nio-8084-exec-2] INFO  com.capstone.aspect.LoggerAspect - *************************************
2022-10-14 13:36:07 [http-nio-8084-exec-2] INFO  com.capstone.aspect.LoggerAspect - During: class com.capstone.service.loanServiceImp.getLoanAccByCust() with arguments=[loan [loanaccno=202211051, category=Personal, loan_amount=500000.0, custid=202200005, interest_rate=7.0, tenure=4]]
2022-10-14 13:36:07 [http-nio-8084-exec-2] INFO  com.capstone.aspect.LoggerAspect - *************************************
2022-10-14 13:36:07 [http-nio-8084-exec-2] INFO  com.capstone.aspect.LoggerAspect - During: class com.capstone.controller.loanController.getloanDetailsbyCust() with arguments=<200 OK OK,[loan [loanaccno=202211051, category=Personal, loan_amount=500000.0, custid=202200005, interest_rate=7.0, tenure=4]],[]>
2022-10-14 13:36:07 [http-nio-8084-exec-2] INFO  com.capstone.aspect.LoggerAspect - *************************************
2022-10-14 13:36:09 [http-nio-8084-exec-1] INFO  com.capstone.aspect.LoggerAspect - Method name: com.capstone.controller.loanController
2022-10-14 13:36:09 [http-nio-8084-exec-1] INFO  com.capstone.aspect.LoggerAspect - Method arguments:[Ljava.lang.Object;@5ac96b79
2022-10-14 13:36:09 [http-nio-8084-exec-1] INFO  com.capstone.aspect.LoggerAspect - *************************************
2022-10-14 13:36:09 [http-nio-8084-exec-1] INFO  com.capstone.aspect.LoggerAspect - Method name: com.capstone.service.loanServiceImp
2022-10-14 13:36:09 [http-nio-8084-exec-1] INFO  com.capstone.aspect.LoggerAspect - Method arguments:[Ljava.lang.Object;@497965e
2022-10-14 13:36:09 [http-nio-8084-exec-1] INFO  com.capstone.aspect.LoggerAspect - *************************************
2022-10-14 13:36:09 [http-nio-8084-exec-1] INFO  com.capstone.aspect.LoggerAspect - During: class com.capstone.service.loanServiceImp.getloanDetailsofCustbyLoan() with arguments=loan [loanaccno=202211051, category=Personal, loan_amount=500000.0, custid=202200005, interest_rate=7.0, tenure=4]
2022-10-14 13:36:09 [http-nio-8084-exec-1] INFO  com.capstone.aspect.LoggerAspect - *************************************
2022-10-14 13:36:09 [http-nio-8084-exec-1] INFO  com.capstone.aspect.LoggerAspect - During: class com.capstone.controller.loanController.getloanDetailsofCustbyLoan() with arguments=<200 OK OK,loan [loanaccno=202211051, category=Personal, loan_amount=500000.0, custid=202200005, interest_rate=7.0, tenure=4],[]>
2022-10-14 13:36:09 [http-nio-8084-exec-1] INFO  com.capstone.aspect.LoggerAspect - *************************************
2022-10-14 13:36:10 [http-nio-8084-exec-3] INFO  com.capstone.aspect.LoggerAspect - Method name: com.capstone.controller.loanController
2022-10-14 13:36:10 [http-nio-8084-exec-3] INFO  com.capstone.aspect.LoggerAspect - Method arguments:[Ljava.lang.Object;@62b2ff81
2022-10-14 13:36:10 [http-nio-8084-exec-3] INFO  com.capstone.aspect.LoggerAspect - *************************************
2022-10-14 13:36:10 [http-nio-8084-exec-3] INFO  com.capstone.aspect.LoggerAspect - Method name: com.capstone.service.loanServiceImp
2022-10-14 13:36:10 [http-nio-8084-exec-3] INFO  com.capstone.aspect.LoggerAspect - Method arguments:[Ljava.lang.Object;@134ac7c0
2022-10-14 13:36:10 [http-nio-8084-exec-3] INFO  com.capstone.aspect.LoggerAspect - *************************************
2022-10-14 13:36:11 [http-nio-8084-exec-3] INFO  com.capstone.aspect.LoggerAspect - During: class com.capstone.service.loanServiceImp.getloanDetailsofCustbyLoan() with arguments=loan [loanaccno=202211051, category=Personal, loan_amount=500000.0, custid=202200005, interest_rate=7.0, tenure=4]
2022-10-14 13:36:11 [http-nio-8084-exec-3] INFO  com.capstone.aspect.LoggerAspect - *************************************
2022-10-14 13:36:11 [http-nio-8084-exec-3] INFO  com.capstone.aspect.LoggerAspect - During: class com.capstone.controller.loanController.getloanDetailsofCustbyLoan() with arguments=<200 OK OK,loan [loanaccno=202211051, category=Personal, loan_amount=500000.0, custid=202200005, interest_rate=7.0, tenure=4],[]>
2022-10-14 13:36:11 [http-nio-8084-exec-3] INFO  com.capstone.aspect.LoggerAspect - *************************************
2022-10-14 13:36:22 [AsyncResolver-bootstrap-executor-0] INFO  c.n.d.s.r.aws.ConfigClusterResolver - Resolving eureka endpoints via configuration
2022-10-14 13:37:36 [http-nio-8084-exec-5] INFO  com.capstone.aspect.LoggerAspect - Method name: com.capstone.controller.loanController
2022-10-14 13:37:36 [http-nio-8084-exec-5] INFO  com.capstone.aspect.LoggerAspect - Method arguments:[Ljava.lang.Object;@421ac72d
2022-10-14 13:37:36 [http-nio-8084-exec-5] INFO  com.capstone.aspect.LoggerAspect - *************************************
2022-10-14 13:37:36 [http-nio-8084-exec-5] INFO  com.capstone.aspect.LoggerAspect - Method name: com.capstone.service.loanServiceImp
2022-10-14 13:37:36 [http-nio-8084-exec-5] INFO  com.capstone.aspect.LoggerAspect - Method arguments:[Ljava.lang.Object;@7b54040a
2022-10-14 13:37:36 [http-nio-8084-exec-5] INFO  com.capstone.aspect.LoggerAspect - *************************************
2022-10-14 13:37:36 [http-nio-8084-exec-5] INFO  com.capstone.aspect.LoggerAspect - During: class com.capstone.service.loanServiceImp.getloanDetailsofCustbyLoan() with arguments=loan [loanaccno=202211051, category=Personal, loan_amount=500000.0, custid=202200005, interest_rate=7.0, tenure=4]
2022-10-14 13:37:36 [http-nio-8084-exec-5] INFO  com.capstone.aspect.LoggerAspect - *************************************
2022-10-14 13:37:36 [http-nio-8084-exec-5] INFO  com.capstone.aspect.LoggerAspect - During: class com.capstone.controller.loanController.getloanDetailsofCustbyLoan() with arguments=<200 OK OK,loan [loanaccno=202211051, category=Personal, loan_amount=500000.0, custid=202200005, interest_rate=7.0, tenure=4],[]>
2022-10-14 13:37:36 [http-nio-8084-exec-5] INFO  com.capstone.aspect.LoggerAspect - *************************************
2022-10-14 13:37:39 [http-nio-8084-exec-7] INFO  com.capstone.aspect.LoggerAspect - Method name: com.capstone.controller.loanController
2022-10-14 13:37:39 [http-nio-8084-exec-7] INFO  com.capstone.aspect.LoggerAspect - Method arguments:[Ljava.lang.Object;@22802a0a
2022-10-14 13:37:39 [http-nio-8084-exec-7] INFO  com.capstone.aspect.LoggerAspect - *************************************
2022-10-14 13:37:39 [http-nio-8084-exec-7] INFO  com.capstone.aspect.LoggerAspect - Method name: com.capstone.service.loanServiceImp
2022-10-14 13:37:39 [http-nio-8084-exec-7] INFO  com.capstone.aspect.LoggerAspect - Method arguments:[Ljava.lang.Object;@59341668
2022-10-14 13:37:39 [http-nio-8084-exec-7] INFO  com.capstone.aspect.LoggerAspect - *************************************
2022-10-14 13:37:39 [http-nio-8084-exec-7] INFO  com.capstone.aspect.LoggerAspect - During: class com.capstone.service.loanServiceImp.getloanDetailsofCustbyLoan() with arguments=loan [loanaccno=202211051, category=Personal, loan_amount=500000.0, custid=202200005, interest_rate=7.0, tenure=4]
2022-10-14 13:37:39 [http-nio-8084-exec-7] INFO  com.capstone.aspect.LoggerAspect - *************************************
2022-10-14 13:37:39 [http-nio-8084-exec-7] INFO  com.capstone.aspect.LoggerAspect - During: class com.capstone.controller.loanController.getloanDetailsofCustbyLoan() with arguments=<200 OK OK,loan [loanaccno=202211051, category=Personal, loan_amount=500000.0, custid=202200005, interest_rate=7.0, tenure=4],[]>
2022-10-14 13:37:39 [http-nio-8084-exec-7] INFO  com.capstone.aspect.LoggerAspect - *************************************
2022-10-14 13:38:03 [http-nio-8084-exec-9] INFO  com.capstone.aspect.LoggerAspect - Method name: com.capstone.controller.loanController
2022-10-14 13:38:03 [http-nio-8084-exec-9] INFO  com.capstone.aspect.LoggerAspect - Method arguments:[Ljava.lang.Object;@1c7c3e14
2022-10-14 13:38:03 [http-nio-8084-exec-9] INFO  com.capstone.aspect.LoggerAspect - *************************************
2022-10-14 13:38:03 [http-nio-8084-exec-9] INFO  com.capstone.aspect.LoggerAspect - Method name: com.capstone.service.loanServiceImp
2022-10-14 13:38:03 [http-nio-8084-exec-9] INFO  com.capstone.aspect.LoggerAspect - Method arguments:[Ljava.lang.Object;@2640feab
2022-10-14 13:38:03 [http-nio-8084-exec-9] INFO  com.capstone.aspect.LoggerAspect - *************************************
2022-10-14 13:38:04 [http-nio-8084-exec-9] INFO  com.capstone.aspect.LoggerAspect - During: class com.capstone.service.loanServiceImp.getLoanAccByCust() with arguments=[loan [loanaccno=202211051, category=Personal, loan_amount=500000.0, custid=202200005, interest_rate=7.0, tenure=4]]
2022-10-14 13:38:04 [http-nio-8084-exec-9] INFO  com.capstone.aspect.LoggerAspect - *************************************
2022-10-14 13:38:04 [http-nio-8084-exec-9] INFO  com.capstone.aspect.LoggerAspect - During: class com.capstone.controller.loanController.getloanDetailsbyCust() with arguments=<200 OK OK,[loan [loanaccno=202211051, category=Personal, loan_amount=500000.0, custid=202200005, interest_rate=7.0, tenure=4]],[]>
2022-10-14 13:38:04 [http-nio-8084-exec-9] INFO  com.capstone.aspect.LoggerAspect - *************************************
2022-10-14 13:38:07 [http-nio-8084-exec-10] INFO  com.capstone.aspect.LoggerAspect - Method name: com.capstone.controller.loanController
2022-10-14 13:38:07 [http-nio-8084-exec-10] INFO  com.capstone.aspect.LoggerAspect - Method arguments:[Ljava.lang.Object;@3546294a
2022-10-14 13:38:07 [http-nio-8084-exec-10] INFO  com.capstone.aspect.LoggerAspect - *************************************
2022-10-14 13:38:07 [http-nio-8084-exec-10] INFO  com.capstone.aspect.LoggerAspect - Method name: com.capstone.service.loanServiceImp
2022-10-14 13:38:07 [http-nio-8084-exec-10] INFO  com.capstone.aspect.LoggerAspect - Method arguments:[Ljava.lang.Object;@6e5c293c
2022-10-14 13:38:07 [http-nio-8084-exec-10] INFO  com.capstone.aspect.LoggerAspect - *************************************
2022-10-14 13:38:07 [http-nio-8084-exec-10] INFO  com.capstone.aspect.LoggerAspect - During: class com.capstone.service.loanServiceImp.getloanDetailsofCustbyLoan() with arguments=loan [loanaccno=202211051, category=Personal, loan_amount=500000.0, custid=202200005, interest_rate=7.0, tenure=4]
2022-10-14 13:38:07 [http-nio-8084-exec-10] INFO  com.capstone.aspect.LoggerAspect - *************************************
2022-10-14 13:38:07 [http-nio-8084-exec-10] INFO  com.capstone.aspect.LoggerAspect - During: class com.capstone.controller.loanController.getloanDetailsofCustbyLoan() with arguments=<200 OK OK,loan [loanaccno=202211051, category=Personal, loan_amount=500000.0, custid=202200005, interest_rate=7.0, tenure=4],[]>
2022-10-14 13:38:07 [http-nio-8084-exec-10] INFO  com.capstone.aspect.LoggerAspect - *************************************
2022-10-14 13:38:46 [http-nio-8084-exec-2] INFO  com.capstone.aspect.LoggerAspect - Method name: com.capstone.controller.loanController
2022-10-14 13:38:46 [http-nio-8084-exec-2] INFO  com.capstone.aspect.LoggerAspect - Method arguments:[Ljava.lang.Object;@72ee1961
2022-10-14 13:38:46 [http-nio-8084-exec-2] INFO  com.capstone.aspect.LoggerAspect - *************************************
2022-10-14 13:38:46 [http-nio-8084-exec-2] INFO  com.capstone.aspect.LoggerAspect - Method name: com.capstone.service.loanServiceImp
2022-10-14 13:38:46 [http-nio-8084-exec-2] INFO  com.capstone.aspect.LoggerAspect - Method arguments:[Ljava.lang.Object;@2aeb9db1
2022-10-14 13:38:46 [http-nio-8084-exec-2] INFO  com.capstone.aspect.LoggerAspect - *************************************
2022-10-14 13:38:46 [http-nio-8084-exec-2] INFO  com.capstone.aspect.LoggerAspect - During: class com.capstone.service.loanServiceImp.getloanDetailsofCustbyLoan() with arguments=loan [loanaccno=202211051, category=Personal, loan_amount=500000.0, custid=202200005, interest_rate=7.0, tenure=4]
2022-10-14 13:38:46 [http-nio-8084-exec-2] INFO  com.capstone.aspect.LoggerAspect - *************************************
2022-10-14 13:38:46 [http-nio-8084-exec-2] INFO  com.capstone.aspect.LoggerAspect - During: class com.capstone.controller.loanController.getloanDetailsofCustbyLoan() with arguments=<200 OK OK,loan [loanaccno=202211051, category=Personal, loan_amount=500000.0, custid=202200005, interest_rate=7.0, tenure=4],[]>
2022-10-14 13:38:46 [http-nio-8084-exec-2] INFO  com.capstone.aspect.LoggerAspect - *************************************
2022-10-14 13:38:54 [http-nio-8084-exec-3] INFO  com.capstone.aspect.LoggerAspect - Method name: com.capstone.controller.loanController
2022-10-14 13:38:54 [http-nio-8084-exec-3] INFO  com.capstone.aspect.LoggerAspect - Method arguments:[Ljava.lang.Object;@25f4370f
2022-10-14 13:38:54 [http-nio-8084-exec-3] INFO  com.capstone.aspect.LoggerAspect - *************************************
2022-10-14 13:38:54 [http-nio-8084-exec-3] INFO  com.capstone.aspect.LoggerAspect - Method name: com.capstone.service.loanServiceImp
2022-10-14 13:38:54 [http-nio-8084-exec-3] INFO  com.capstone.aspect.LoggerAspect - Method arguments:[Ljava.lang.Object;@2e797187
2022-10-14 13:38:54 [http-nio-8084-exec-3] INFO  com.capstone.aspect.LoggerAspect - *************************************
2022-10-14 13:38:54 [http-nio-8084-exec-3] INFO  com.capstone.aspect.LoggerAspect - During: class com.capstone.service.loanServiceImp.getloanDetailsofCustbyLoan() with arguments=loan [loanaccno=202211051, category=Personal, loan_amount=500000.0, custid=202200005, interest_rate=7.0, tenure=4]
2022-10-14 13:38:54 [http-nio-8084-exec-3] INFO  com.capstone.aspect.LoggerAspect - *************************************
2022-10-14 13:38:54 [http-nio-8084-exec-3] INFO  com.capstone.aspect.LoggerAspect - During: class com.capstone.controller.loanController.getloanDetailsofCustbyLoan() with arguments=<200 OK OK,loan [loanaccno=202211051, category=Personal, loan_amount=500000.0, custid=202200005, interest_rate=7.0, tenure=4],[]>
2022-10-14 13:38:54 [http-nio-8084-exec-3] INFO  com.capstone.aspect.LoggerAspect - *************************************
2022-10-14 13:39:01 [http-nio-8084-exec-4] INFO  com.capstone.aspect.LoggerAspect - Method name: com.capstone.controller.loanController
2022-10-14 13:39:01 [http-nio-8084-exec-4] INFO  com.capstone.aspect.LoggerAspect - Method arguments:[Ljava.lang.Object;@7195120d
2022-10-14 13:39:01 [http-nio-8084-exec-4] INFO  com.capstone.aspect.LoggerAspect - *************************************
2022-10-14 13:39:01 [http-nio-8084-exec-4] INFO  com.capstone.aspect.LoggerAspect - Method name: com.capstone.service.loanServiceImp
2022-10-14 13:39:01 [http-nio-8084-exec-4] INFO  com.capstone.aspect.LoggerAspect - Method arguments:[Ljava.lang.Object;@45b0c9eb
2022-10-14 13:39:01 [http-nio-8084-exec-4] INFO  com.capstone.aspect.LoggerAspect - *************************************
2022-10-14 13:39:01 [http-nio-8084-exec-4] INFO  com.capstone.aspect.LoggerAspect - During: class com.capstone.service.loanServiceImp.getloanDetailsofCustbyLoan() with arguments=loan [loanaccno=202211051, category=Personal, loan_amount=500000.0, custid=202200005, interest_rate=7.0, tenure=4]
2022-10-14 13:39:01 [http-nio-8084-exec-4] INFO  com.capstone.aspect.LoggerAspect - *************************************
2022-10-14 13:39:01 [http-nio-8084-exec-4] INFO  com.capstone.aspect.LoggerAspect - During: class com.capstone.controller.loanController.getloanDetailsofCustbyLoan() with arguments=<200 OK OK,loan [loanaccno=202211051, category=Personal, loan_amount=500000.0, custid=202200005, interest_rate=7.0, tenure=4],[]>
2022-10-14 13:39:01 [http-nio-8084-exec-4] INFO  com.capstone.aspect.LoggerAspect - *************************************
2022-10-14 13:39:08 [http-nio-8084-exec-5] INFO  com.capstone.aspect.LoggerAspect - Method name: com.capstone.controller.loanController
2022-10-14 13:39:08 [http-nio-8084-exec-5] INFO  com.capstone.aspect.LoggerAspect - Method arguments:[Ljava.lang.Object;@16a6f90e
2022-10-14 13:39:08 [http-nio-8084-exec-5] INFO  com.capstone.aspect.LoggerAspect - *************************************
2022-10-14 13:39:08 [http-nio-8084-exec-5] INFO  com.capstone.aspect.LoggerAspect - Method name: com.capstone.service.loanServiceImp
2022-10-14 13:39:08 [http-nio-8084-exec-5] INFO  com.capstone.aspect.LoggerAspect - Method arguments:[Ljava.lang.Object;@7346bec3
2022-10-14 13:39:08 [http-nio-8084-exec-5] INFO  com.capstone.aspect.LoggerAspect - *************************************
2022-10-14 13:39:08 [http-nio-8084-exec-5] INFO  com.capstone.aspect.LoggerAspect - During: class com.capstone.service.loanServiceImp.getloanDetailsofCustbyLoan() with arguments=loan [loanaccno=202211051, category=Personal, loan_amount=500000.0, custid=202200005, interest_rate=7.0, tenure=4]
2022-10-14 13:39:08 [http-nio-8084-exec-5] INFO  com.capstone.aspect.LoggerAspect - *************************************
2022-10-14 13:39:08 [http-nio-8084-exec-5] INFO  com.capstone.aspect.LoggerAspect - During: class com.capstone.controller.loanController.getloanDetailsofCustbyLoan() with arguments=<200 OK OK,loan [loanaccno=202211051, category=Personal, loan_amount=500000.0, custid=202200005, interest_rate=7.0, tenure=4],[]>
2022-10-14 13:39:08 [http-nio-8084-exec-5] INFO  com.capstone.aspect.LoggerAspect - *************************************
2022-10-14 13:39:16 [http-nio-8084-exec-7] INFO  com.capstone.aspect.LoggerAspect - Method name: com.capstone.controller.loanController
2022-10-14 13:39:16 [http-nio-8084-exec-7] INFO  com.capstone.aspect.LoggerAspect - Method arguments:[Ljava.lang.Object;@c6ee349
2022-10-14 13:39:16 [http-nio-8084-exec-7] INFO  com.capstone.aspect.LoggerAspect - *************************************
2022-10-14 13:39:16 [http-nio-8084-exec-7] INFO  com.capstone.aspect.LoggerAspect - Method name: com.capstone.service.loanServiceImp
2022-10-14 13:39:16 [http-nio-8084-exec-7] INFO  com.capstone.aspect.LoggerAspect - Method arguments:[Ljava.lang.Object;@13909754
2022-10-14 13:39:16 [http-nio-8084-exec-7] INFO  com.capstone.aspect.LoggerAspect - *************************************
2022-10-14 13:39:16 [http-nio-8084-exec-7] INFO  com.capstone.aspect.LoggerAspect - During: class com.capstone.service.loanServiceImp.getloanDetailsofCustbyLoan() with arguments=loan [loanaccno=202211051, category=Personal, loan_amount=500000.0, custid=202200005, interest_rate=7.0, tenure=4]
2022-10-14 13:39:16 [http-nio-8084-exec-7] INFO  com.capstone.aspect.LoggerAspect - *************************************
2022-10-14 13:39:16 [http-nio-8084-exec-7] INFO  com.capstone.aspect.LoggerAspect - During: class com.capstone.controller.loanController.getloanDetailsofCustbyLoan() with arguments=<200 OK OK,loan [loanaccno=202211051, category=Personal, loan_amount=500000.0, custid=202200005, interest_rate=7.0, tenure=4],[]>
2022-10-14 13:39:16 [http-nio-8084-exec-7] INFO  com.capstone.aspect.LoggerAspect - *************************************
2022-10-14 13:39:19 [http-nio-8084-exec-8] INFO  com.capstone.aspect.LoggerAspect - Method name: com.capstone.controller.loanController
2022-10-14 13:39:19 [http-nio-8084-exec-8] INFO  com.capstone.aspect.LoggerAspect - Method arguments:[Ljava.lang.Object;@31868526
2022-10-14 13:39:19 [http-nio-8084-exec-8] INFO  com.capstone.aspect.LoggerAspect - *************************************
2022-10-14 13:39:19 [http-nio-8084-exec-8] INFO  com.capstone.aspect.LoggerAspect - Method name: com.capstone.service.loanServiceImp
2022-10-14 13:39:19 [http-nio-8084-exec-8] INFO  com.capstone.aspect.LoggerAspect - Method arguments:[Ljava.lang.Object;@6a3d8f2
2022-10-14 13:39:19 [http-nio-8084-exec-8] INFO  com.capstone.aspect.LoggerAspect - *************************************
2022-10-14 13:39:19 [http-nio-8084-exec-8] INFO  com.capstone.aspect.LoggerAspect - During: class com.capstone.service.loanServiceImp.getloanDetailsofCustbyLoan() with arguments=loan [loanaccno=202211051, category=Personal, loan_amount=500000.0, custid=202200005, interest_rate=7.0, tenure=4]
2022-10-14 13:39:19 [http-nio-8084-exec-8] INFO  com.capstone.aspect.LoggerAspect - *************************************
2022-10-14 13:39:19 [http-nio-8084-exec-8] INFO  com.capstone.aspect.LoggerAspect - During: class com.capstone.controller.loanController.getloanDetailsofCustbyLoan() with arguments=<200 OK OK,loan [loanaccno=202211051, category=Personal, loan_amount=500000.0, custid=202200005, interest_rate=7.0, tenure=4],[]>
2022-10-14 13:39:19 [http-nio-8084-exec-8] INFO  com.capstone.aspect.LoggerAspect - *************************************
2022-10-14 13:39:24 [http-nio-8084-exec-10] INFO  com.capstone.aspect.LoggerAspect - Method name: com.capstone.controller.loanController
2022-10-14 13:39:24 [http-nio-8084-exec-10] INFO  com.capstone.aspect.LoggerAspect - Method arguments:[Ljava.lang.Object;@1198d210
2022-10-14 13:39:24 [http-nio-8084-exec-10] INFO  com.capstone.aspect.LoggerAspect - *************************************
2022-10-14 13:39:24 [http-nio-8084-exec-10] INFO  com.capstone.aspect.LoggerAspect - Method name: com.capstone.service.loanServiceImp
2022-10-14 13:39:24 [http-nio-8084-exec-10] INFO  com.capstone.aspect.LoggerAspect - Method arguments:[Ljava.lang.Object;@5f248242
2022-10-14 13:39:24 [http-nio-8084-exec-10] INFO  com.capstone.aspect.LoggerAspect - *************************************
2022-10-14 13:39:24 [http-nio-8084-exec-10] INFO  com.capstone.aspect.LoggerAspect - During: class com.capstone.service.loanServiceImp.getLoanAccByCust() with arguments=[loan [loanaccno=202211051, category=Personal, loan_amount=500000.0, custid=202200005, interest_rate=7.0, tenure=4]]
2022-10-14 13:39:24 [http-nio-8084-exec-10] INFO  com.capstone.aspect.LoggerAspect - *************************************
2022-10-14 13:39:24 [http-nio-8084-exec-10] INFO  com.capstone.aspect.LoggerAspect - During: class com.capstone.controller.loanController.getloanDetailsbyCust() with arguments=<200 OK OK,[loan [loanaccno=202211051, category=Personal, loan_amount=500000.0, custid=202200005, interest_rate=7.0, tenure=4]],[]>
2022-10-14 13:39:24 [http-nio-8084-exec-10] INFO  com.capstone.aspect.LoggerAspect - *************************************
2022-10-14 13:41:22 [AsyncResolver-bootstrap-executor-0] INFO  c.n.d.s.r.aws.ConfigClusterResolver - Resolving eureka endpoints via configuration
2022-10-14 13:46:22 [AsyncResolver-bootstrap-executor-0] INFO  c.n.d.s.r.aws.ConfigClusterResolver - Resolving eureka endpoints via configuration
2022-10-14 13:51:22 [AsyncResolver-bootstrap-executor-0] INFO  c.n.d.s.r.aws.ConfigClusterResolver - Resolving eureka endpoints via configuration
2022-10-14 13:56:22 [AsyncResolver-bootstrap-executor-0] INFO  c.n.d.s.r.aws.ConfigClusterResolver - Resolving eureka endpoints via configuration
2022-10-14 14:01:22 [AsyncResolver-bootstrap-executor-0] INFO  c.n.d.s.r.aws.ConfigClusterResolver - Resolving eureka endpoints via configuration
2022-10-14 14:03:34 [http-nio-8084-exec-3] INFO  com.capstone.aspect.LoggerAspect - Method name: com.capstone.controller.loanController
2022-10-14 14:03:34 [http-nio-8084-exec-3] INFO  com.capstone.aspect.LoggerAspect - Method arguments:[Ljava.lang.Object;@60ae31c2
2022-10-14 14:03:34 [http-nio-8084-exec-3] INFO  com.capstone.aspect.LoggerAspect - *************************************
2022-10-14 14:03:34 [http-nio-8084-exec-3] INFO  com.capstone.aspect.LoggerAspect - Method name: com.capstone.service.loanServiceImp
2022-10-14 14:03:34 [http-nio-8084-exec-3] INFO  com.capstone.aspect.LoggerAspect - Method arguments:[Ljava.lang.Object;@666bcf12
2022-10-14 14:03:34 [http-nio-8084-exec-3] INFO  com.capstone.aspect.LoggerAspect - *************************************
2022-10-14 14:03:34 [http-nio-8084-exec-3] INFO  com.capstone.aspect.LoggerAspect - During: class com.capstone.service.loanServiceImp.getLoanAccByCust() with arguments=[loan [loanaccno=202211051, category=Personal, loan_amount=500000.0, custid=202200005, interest_rate=7.0, tenure=4]]
2022-10-14 14:03:34 [http-nio-8084-exec-3] INFO  com.capstone.aspect.LoggerAspect - *************************************
2022-10-14 14:03:34 [http-nio-8084-exec-3] INFO  com.capstone.aspect.LoggerAspect - During: class com.capstone.controller.loanController.getloanDetailsbyCust() with arguments=<200 OK OK,[loan [loanaccno=202211051, category=Personal, loan_amount=500000.0, custid=202200005, interest_rate=7.0, tenure=4]],[]>
2022-10-14 14:03:34 [http-nio-8084-exec-3] INFO  com.capstone.aspect.LoggerAspect - *************************************
2022-10-14 14:05:29 [http-nio-8084-exec-5] INFO  com.capstone.aspect.LoggerAspect - Method name: com.capstone.controller.loanController
2022-10-14 14:05:29 [http-nio-8084-exec-5] INFO  com.capstone.aspect.LoggerAspect - Method arguments:[Ljava.lang.Object;@29e09fb1
2022-10-14 14:05:29 [http-nio-8084-exec-5] INFO  com.capstone.aspect.LoggerAspect - *************************************
2022-10-14 14:05:29 [http-nio-8084-exec-5] INFO  com.capstone.aspect.LoggerAspect - Method name: com.capstone.service.loanServiceImp
2022-10-14 14:05:29 [http-nio-8084-exec-5] INFO  com.capstone.aspect.LoggerAspect - Method arguments:[Ljava.lang.Object;@5be305c1
2022-10-14 14:05:29 [http-nio-8084-exec-5] INFO  com.capstone.aspect.LoggerAspect - *************************************
2022-10-14 14:05:29 [http-nio-8084-exec-5] INFO  com.capstone.aspect.LoggerAspect - During: class com.capstone.service.loanServiceImp.getLoanAccByCust() with arguments=[loan [loanaccno=202211051, category=Personal, loan_amount=500000.0, custid=202200005, interest_rate=7.0, tenure=4]]
2022-10-14 14:05:29 [http-nio-8084-exec-5] INFO  com.capstone.aspect.LoggerAspect - *************************************
2022-10-14 14:05:29 [http-nio-8084-exec-5] INFO  com.capstone.aspect.LoggerAspect - During: class com.capstone.controller.loanController.getloanDetailsbyCust() with arguments=<200 OK OK,[loan [loanaccno=202211051, category=Personal, loan_amount=500000.0, custid=202200005, interest_rate=7.0, tenure=4]],[]>
2022-10-14 14:05:29 [http-nio-8084-exec-5] INFO  com.capstone.aspect.LoggerAspect - *************************************
2022-10-14 14:05:43 [http-nio-8084-exec-7] INFO  com.capstone.aspect.LoggerAspect - Method name: com.capstone.controller.loanController
2022-10-14 14:05:43 [http-nio-8084-exec-7] INFO  com.capstone.aspect.LoggerAspect - Method arguments:[Ljava.lang.Object;@52dc8ef0
2022-10-14 14:05:43 [http-nio-8084-exec-7] INFO  com.capstone.aspect.LoggerAspect - *************************************
2022-10-14 14:05:43 [http-nio-8084-exec-7] INFO  com.capstone.aspect.LoggerAspect - Method name: com.capstone.service.loanServiceImp
2022-10-14 14:05:43 [http-nio-8084-exec-7] INFO  com.capstone.aspect.LoggerAspect - Method arguments:[Ljava.lang.Object;@1451080
2022-10-14 14:05:43 [http-nio-8084-exec-7] INFO  com.capstone.aspect.LoggerAspect - *************************************
2022-10-14 14:05:43 [http-nio-8084-exec-7] INFO  com.capstone.aspect.LoggerAspect - During: class com.capstone.service.loanServiceImp.getLoanAccByCust() with arguments=[loan [loanaccno=202211051, category=Personal, loan_amount=500000.0, custid=202200005, interest_rate=7.0, tenure=4]]
2022-10-14 14:05:43 [http-nio-8084-exec-7] INFO  com.capstone.aspect.LoggerAspect - *************************************
2022-10-14 14:05:43 [http-nio-8084-exec-7] INFO  com.capstone.aspect.LoggerAspect - During: class com.capstone.controller.loanController.getloanDetailsbyCust() with arguments=<200 OK OK,[loan [loanaccno=202211051, category=Personal, loan_amount=500000.0, custid=202200005, interest_rate=7.0, tenure=4]],[]>
2022-10-14 14:05:43 [http-nio-8084-exec-7] INFO  com.capstone.aspect.LoggerAspect - *************************************
2022-10-14 14:06:22 [AsyncResolver-bootstrap-executor-0] INFO  c.n.d.s.r.aws.ConfigClusterResolver - Resolving eureka endpoints via configuration
2022-10-14 14:08:16 [http-nio-8084-exec-9] INFO  com.capstone.aspect.LoggerAspect - Method name: com.capstone.controller.loanController
2022-10-14 14:08:16 [http-nio-8084-exec-9] INFO  com.capstone.aspect.LoggerAspect - Method arguments:[Ljava.lang.Object;@671c2b0f
2022-10-14 14:08:16 [http-nio-8084-exec-9] INFO  com.capstone.aspect.LoggerAspect - *************************************
2022-10-14 14:08:16 [http-nio-8084-exec-9] INFO  com.capstone.aspect.LoggerAspect - Method name: com.capstone.service.loanServiceImp
2022-10-14 14:08:16 [http-nio-8084-exec-9] INFO  com.capstone.aspect.LoggerAspect - Method arguments:[Ljava.lang.Object;@51916fff
2022-10-14 14:08:16 [http-nio-8084-exec-9] INFO  com.capstone.aspect.LoggerAspect - *************************************
2022-10-14 14:08:16 [http-nio-8084-exec-9] INFO  com.capstone.aspect.LoggerAspect - During: class com.capstone.service.loanServiceImp.getLoanAccByCust() with arguments=[loan [loanaccno=202211051, category=Personal, loan_amount=500000.0, custid=202200005, interest_rate=7.0, tenure=4]]
2022-10-14 14:08:16 [http-nio-8084-exec-9] INFO  com.capstone.aspect.LoggerAspect - *************************************
2022-10-14 14:08:16 [http-nio-8084-exec-9] INFO  com.capstone.aspect.LoggerAspect - During: class com.capstone.controller.loanController.getloanDetailsbyCust() with arguments=<200 OK OK,[loan [loanaccno=202211051, category=Personal, loan_amount=500000.0, custid=202200005, interest_rate=7.0, tenure=4]],[]>
2022-10-14 14:08:16 [http-nio-8084-exec-9] INFO  com.capstone.aspect.LoggerAspect - *************************************
2022-10-14 14:08:18 [http-nio-8084-exec-10] INFO  com.capstone.aspect.LoggerAspect - Method name: com.capstone.controller.loanController
2022-10-14 14:08:18 [http-nio-8084-exec-10] INFO  com.capstone.aspect.LoggerAspect - Method arguments:[Ljava.lang.Object;@569a6b92
2022-10-14 14:08:18 [http-nio-8084-exec-10] INFO  com.capstone.aspect.LoggerAspect - *************************************
2022-10-14 14:08:18 [http-nio-8084-exec-10] INFO  com.capstone.aspect.LoggerAspect - Method name: com.capstone.service.loanServiceImp
2022-10-14 14:08:18 [http-nio-8084-exec-10] INFO  com.capstone.aspect.LoggerAspect - Method arguments:[Ljava.lang.Object;@2e8ce79e
2022-10-14 14:08:18 [http-nio-8084-exec-10] INFO  com.capstone.aspect.LoggerAspect - *************************************
2022-10-14 14:08:18 [http-nio-8084-exec-10] INFO  com.capstone.aspect.LoggerAspect - During: class com.capstone.service.loanServiceImp.getloanDetailsofCustbyLoan() with arguments=loan [loanaccno=202211051, category=Personal, loan_amount=500000.0, custid=202200005, interest_rate=7.0, tenure=4]
2022-10-14 14:08:18 [http-nio-8084-exec-10] INFO  com.capstone.aspect.LoggerAspect - *************************************
2022-10-14 14:08:18 [http-nio-8084-exec-10] INFO  com.capstone.aspect.LoggerAspect - During: class com.capstone.controller.loanController.getloanDetailsofCustbyLoan() with arguments=<200 OK OK,loan [loanaccno=202211051, category=Personal, loan_amount=500000.0, custid=202200005, interest_rate=7.0, tenure=4],[]>
2022-10-14 14:08:18 [http-nio-8084-exec-10] INFO  com.capstone.aspect.LoggerAspect - *************************************
2022-10-14 14:08:34 [http-nio-8084-exec-2] INFO  com.capstone.aspect.LoggerAspect - Method name: com.capstone.controller.loanController
2022-10-14 14:08:34 [http-nio-8084-exec-2] INFO  com.capstone.aspect.LoggerAspect - Method arguments:[Ljava.lang.Object;@e3a67e7
2022-10-14 14:08:34 [http-nio-8084-exec-2] INFO  com.capstone.aspect.LoggerAspect - *************************************
2022-10-14 14:08:34 [http-nio-8084-exec-2] INFO  com.capstone.aspect.LoggerAspect - Method name: com.capstone.service.loanServiceImp
2022-10-14 14:08:34 [http-nio-8084-exec-2] INFO  com.capstone.aspect.LoggerAspect - Method arguments:[Ljava.lang.Object;@335bf1e4
2022-10-14 14:08:34 [http-nio-8084-exec-2] INFO  com.capstone.aspect.LoggerAspect - *************************************
2022-10-14 14:08:34 [http-nio-8084-exec-2] INFO  com.capstone.aspect.LoggerAspect - During: class com.capstone.service.loanServiceImp.getloanDetailsofCustbyLoan() with arguments=loan [loanaccno=202211051, category=Personal, loan_amount=500000.0, custid=202200005, interest_rate=7.0, tenure=4]
2022-10-14 14:08:34 [http-nio-8084-exec-2] INFO  com.capstone.aspect.LoggerAspect - *************************************
2022-10-14 14:08:34 [http-nio-8084-exec-2] INFO  com.capstone.aspect.LoggerAspect - During: class com.capstone.controller.loanController.getloanDetailsofCustbyLoan() with arguments=<200 OK OK,loan [loanaccno=202211051, category=Personal, loan_amount=500000.0, custid=202200005, interest_rate=7.0, tenure=4],[]>
2022-10-14 14:08:34 [http-nio-8084-exec-2] INFO  com.capstone.aspect.LoggerAspect - *************************************
2022-10-14 14:09:19 [http-nio-8084-exec-1] INFO  com.capstone.aspect.LoggerAspect - Method name: com.capstone.controller.loanController
2022-10-14 14:09:19 [http-nio-8084-exec-1] INFO  com.capstone.aspect.LoggerAspect - Method arguments:[Ljava.lang.Object;@181f9a81
2022-10-14 14:09:19 [http-nio-8084-exec-1] INFO  com.capstone.aspect.LoggerAspect - *************************************
2022-10-14 14:09:19 [http-nio-8084-exec-1] INFO  com.capstone.aspect.LoggerAspect - Method name: com.capstone.service.loanServiceImp
2022-10-14 14:09:19 [http-nio-8084-exec-1] INFO  com.capstone.aspect.LoggerAspect - Method arguments:[Ljava.lang.Object;@9cdacb3
2022-10-14 14:09:19 [http-nio-8084-exec-1] INFO  com.capstone.aspect.LoggerAspect - *************************************
2022-10-14 14:09:19 [http-nio-8084-exec-1] INFO  com.capstone.aspect.LoggerAspect - During: class com.capstone.service.loanServiceImp.getLoanAccByCust() with arguments=[loan [loanaccno=202211051, category=Personal, loan_amount=500000.0, custid=202200005, interest_rate=7.0, tenure=4]]
2022-10-14 14:09:19 [http-nio-8084-exec-1] INFO  com.capstone.aspect.LoggerAspect - *************************************
2022-10-14 14:09:19 [http-nio-8084-exec-1] INFO  com.capstone.aspect.LoggerAspect - During: class com.capstone.controller.loanController.getloanDetailsbyCust() with arguments=<200 OK OK,[loan [loanaccno=202211051, category=Personal, loan_amount=500000.0, custid=202200005, interest_rate=7.0, tenure=4]],[]>
2022-10-14 14:09:19 [http-nio-8084-exec-1] INFO  com.capstone.aspect.LoggerAspect - *************************************
2022-10-14 14:09:21 [http-nio-8084-exec-3] INFO  com.capstone.aspect.LoggerAspect - Method name: com.capstone.controller.loanController
2022-10-14 14:09:21 [http-nio-8084-exec-3] INFO  com.capstone.aspect.LoggerAspect - Method arguments:[Ljava.lang.Object;@7d1b7754
2022-10-14 14:09:21 [http-nio-8084-exec-3] INFO  com.capstone.aspect.LoggerAspect - *************************************
2022-10-14 14:09:21 [http-nio-8084-exec-3] INFO  com.capstone.aspect.LoggerAspect - Method name: com.capstone.service.loanServiceImp
2022-10-14 14:09:21 [http-nio-8084-exec-3] INFO  com.capstone.aspect.LoggerAspect - Method arguments:[Ljava.lang.Object;@366a8ae
2022-10-14 14:09:21 [http-nio-8084-exec-3] INFO  com.capstone.aspect.LoggerAspect - *************************************
2022-10-14 14:09:21 [http-nio-8084-exec-3] INFO  com.capstone.aspect.LoggerAspect - During: class com.capstone.service.loanServiceImp.getloanDetailsofCustbyLoan() with arguments=loan [loanaccno=202211051, category=Personal, loan_amount=500000.0, custid=202200005, interest_rate=7.0, tenure=4]
2022-10-14 14:09:21 [http-nio-8084-exec-3] INFO  com.capstone.aspect.LoggerAspect - *************************************
2022-10-14 14:09:21 [http-nio-8084-exec-3] INFO  com.capstone.aspect.LoggerAspect - During: class com.capstone.controller.loanController.getloanDetailsofCustbyLoan() with arguments=<200 OK OK,loan [loanaccno=202211051, category=Personal, loan_amount=500000.0, custid=202200005, interest_rate=7.0, tenure=4],[]>
2022-10-14 14:09:21 [http-nio-8084-exec-3] INFO  com.capstone.aspect.LoggerAspect - *************************************
2022-10-14 14:09:22 [http-nio-8084-exec-4] INFO  com.capstone.aspect.LoggerAspect - Method name: com.capstone.controller.loanController
2022-10-14 14:09:22 [http-nio-8084-exec-4] INFO  com.capstone.aspect.LoggerAspect - Method arguments:[Ljava.lang.Object;@35f24748
2022-10-14 14:09:22 [http-nio-8084-exec-4] INFO  com.capstone.aspect.LoggerAspect - *************************************
2022-10-14 14:09:22 [http-nio-8084-exec-4] INFO  com.capstone.aspect.LoggerAspect - Method name: com.capstone.service.loanServiceImp
2022-10-14 14:09:22 [http-nio-8084-exec-4] INFO  com.capstone.aspect.LoggerAspect - Method arguments:[Ljava.lang.Object;@95a2e3d
2022-10-14 14:09:22 [http-nio-8084-exec-4] INFO  com.capstone.aspect.LoggerAspect - *************************************
2022-10-14 14:09:22 [http-nio-8084-exec-4] INFO  com.capstone.aspect.LoggerAspect - During: class com.capstone.service.loanServiceImp.getloanDetailsofCustbyLoan() with arguments=loan [loanaccno=202211051, category=Personal, loan_amount=500000.0, custid=202200005, interest_rate=7.0, tenure=4]
2022-10-14 14:09:22 [http-nio-8084-exec-4] INFO  com.capstone.aspect.LoggerAspect - *************************************
2022-10-14 14:09:22 [http-nio-8084-exec-4] INFO  com.capstone.aspect.LoggerAspect - During: class com.capstone.controller.loanController.getloanDetailsofCustbyLoan() with arguments=<200 OK OK,loan [loanaccno=202211051, category=Personal, loan_amount=500000.0, custid=202200005, interest_rate=7.0, tenure=4],[]>
2022-10-14 14:09:22 [http-nio-8084-exec-4] INFO  com.capstone.aspect.LoggerAspect - *************************************
2022-10-14 14:10:06 [http-nio-8084-exec-6] INFO  com.capstone.aspect.LoggerAspect - Method name: com.capstone.controller.loanController
2022-10-14 14:10:06 [http-nio-8084-exec-6] INFO  com.capstone.aspect.LoggerAspect - Method arguments:[Ljava.lang.Object;@cf1d36
2022-10-14 14:10:06 [http-nio-8084-exec-6] INFO  com.capstone.aspect.LoggerAspect - *************************************
2022-10-14 14:10:06 [http-nio-8084-exec-6] INFO  com.capstone.aspect.LoggerAspect - Method name: com.capstone.service.loanServiceImp
2022-10-14 14:10:06 [http-nio-8084-exec-6] INFO  com.capstone.aspect.LoggerAspect - Method arguments:[Ljava.lang.Object;@9d2ece7
2022-10-14 14:10:06 [http-nio-8084-exec-6] INFO  com.capstone.aspect.LoggerAspect - *************************************
2022-10-14 14:10:06 [http-nio-8084-exec-6] INFO  com.capstone.aspect.LoggerAspect - During: class com.capstone.service.loanServiceImp.getLoanAccByCust() with arguments=[loan [loanaccno=202211051, category=Personal, loan_amount=500000.0, custid=202200005, interest_rate=7.0, tenure=4]]
2022-10-14 14:10:06 [http-nio-8084-exec-6] INFO  com.capstone.aspect.LoggerAspect - *************************************
2022-10-14 14:10:06 [http-nio-8084-exec-6] INFO  com.capstone.aspect.LoggerAspect - During: class com.capstone.controller.loanController.getloanDetailsbyCust() with arguments=<200 OK OK,[loan [loanaccno=202211051, category=Personal, loan_amount=500000.0, custid=202200005, interest_rate=7.0, tenure=4]],[]>
2022-10-14 14:10:06 [http-nio-8084-exec-6] INFO  com.capstone.aspect.LoggerAspect - *************************************
2022-10-14 14:10:07 [http-nio-8084-exec-7] INFO  com.capstone.aspect.LoggerAspect - Method name: com.capstone.controller.loanController
2022-10-14 14:10:07 [http-nio-8084-exec-7] INFO  com.capstone.aspect.LoggerAspect - Method arguments:[Ljava.lang.Object;@1850f77e
2022-10-14 14:10:07 [http-nio-8084-exec-7] INFO  com.capstone.aspect.LoggerAspect - *************************************
2022-10-14 14:10:07 [http-nio-8084-exec-7] INFO  com.capstone.aspect.LoggerAspect - Method name: com.capstone.service.loanServiceImp
2022-10-14 14:10:07 [http-nio-8084-exec-7] INFO  com.capstone.aspect.LoggerAspect - Method arguments:[Ljava.lang.Object;@386aec5c
2022-10-14 14:10:07 [http-nio-8084-exec-7] INFO  com.capstone.aspect.LoggerAspect - *************************************
2022-10-14 14:10:07 [http-nio-8084-exec-7] INFO  com.capstone.aspect.LoggerAspect - During: class com.capstone.service.loanServiceImp.getloanDetailsofCustbyLoan() with arguments=loan [loanaccno=202211051, category=Personal, loan_amount=500000.0, custid=202200005, interest_rate=7.0, tenure=4]
2022-10-14 14:10:07 [http-nio-8084-exec-7] INFO  com.capstone.aspect.LoggerAspect - *************************************
2022-10-14 14:10:07 [http-nio-8084-exec-7] INFO  com.capstone.aspect.LoggerAspect - During: class com.capstone.controller.loanController.getloanDetailsofCustbyLoan() with arguments=<200 OK OK,loan [loanaccno=202211051, category=Personal, loan_amount=500000.0, custid=202200005, interest_rate=7.0, tenure=4],[]>
2022-10-14 14:10:07 [http-nio-8084-exec-7] INFO  com.capstone.aspect.LoggerAspect - *************************************
2022-10-14 14:10:10 [http-nio-8084-exec-8] INFO  com.capstone.aspect.LoggerAspect - Method name: com.capstone.controller.loanController
2022-10-14 14:10:10 [http-nio-8084-exec-8] INFO  com.capstone.aspect.LoggerAspect - Method arguments:[Ljava.lang.Object;@19afc41d
2022-10-14 14:10:10 [http-nio-8084-exec-8] INFO  com.capstone.aspect.LoggerAspect - *************************************
2022-10-14 14:10:10 [http-nio-8084-exec-8] INFO  com.capstone.aspect.LoggerAspect - Method name: com.capstone.service.loanServiceImp
2022-10-14 14:10:10 [http-nio-8084-exec-8] INFO  com.capstone.aspect.LoggerAspect - Method arguments:[Ljava.lang.Object;@658b00ee
2022-10-14 14:10:10 [http-nio-8084-exec-8] INFO  com.capstone.aspect.LoggerAspect - *************************************
2022-10-14 14:10:10 [http-nio-8084-exec-8] INFO  com.capstone.aspect.LoggerAspect - During: class com.capstone.service.loanServiceImp.getloanDetailsofCustbyLoan() with arguments=loan [loanaccno=202211051, category=Personal, loan_amount=500000.0, custid=202200005, interest_rate=7.0, tenure=4]
2022-10-14 14:10:10 [http-nio-8084-exec-8] INFO  com.capstone.aspect.LoggerAspect - *************************************
2022-10-14 14:10:10 [http-nio-8084-exec-8] INFO  com.capstone.aspect.LoggerAspect - During: class com.capstone.controller.loanController.getloanDetailsofCustbyLoan() with arguments=<200 OK OK,loan [loanaccno=202211051, category=Personal, loan_amount=500000.0, custid=202200005, interest_rate=7.0, tenure=4],[]>
2022-10-14 14:10:10 [http-nio-8084-exec-8] INFO  com.capstone.aspect.LoggerAspect - *************************************
2022-10-14 14:11:22 [AsyncResolver-bootstrap-executor-0] INFO  c.n.d.s.r.aws.ConfigClusterResolver - Resolving eureka endpoints via configuration
2022-10-14 14:16:22 [AsyncResolver-bootstrap-executor-0] INFO  c.n.d.s.r.aws.ConfigClusterResolver - Resolving eureka endpoints via configuration
2022-10-14 14:16:38 [http-nio-8084-exec-10] INFO  com.capstone.aspect.LoggerAspect - Method name: com.capstone.controller.loanController
2022-10-14 14:16:38 [http-nio-8084-exec-10] INFO  com.capstone.aspect.LoggerAspect - Method arguments:[Ljava.lang.Object;@6d563d03
2022-10-14 14:16:38 [http-nio-8084-exec-10] INFO  com.capstone.aspect.LoggerAspect - *************************************
2022-10-14 14:16:38 [http-nio-8084-exec-10] INFO  com.capstone.aspect.LoggerAspect - Method name: com.capstone.service.loanServiceImp
2022-10-14 14:16:38 [http-nio-8084-exec-10] INFO  com.capstone.aspect.LoggerAspect - Method arguments:[Ljava.lang.Object;@530283a0
2022-10-14 14:16:38 [http-nio-8084-exec-10] INFO  com.capstone.aspect.LoggerAspect - *************************************
2022-10-14 14:16:38 [http-nio-8084-exec-10] INFO  com.capstone.aspect.LoggerAspect - During: class com.capstone.service.loanServiceImp.getloanDetailsofCustbyLoan() with arguments=loan [loanaccno=202211051, category=Personal, loan_amount=500000.0, custid=202200005, interest_rate=7.0, tenure=4]
2022-10-14 14:16:38 [http-nio-8084-exec-10] INFO  com.capstone.aspect.LoggerAspect - *************************************
2022-10-14 14:16:38 [http-nio-8084-exec-10] INFO  com.capstone.aspect.LoggerAspect - During: class com.capstone.controller.loanController.getloanDetailsofCustbyLoan() with arguments=<200 OK OK,loan [loanaccno=202211051, category=Personal, loan_amount=500000.0, custid=202200005, interest_rate=7.0, tenure=4],[]>
2022-10-14 14:16:38 [http-nio-8084-exec-10] INFO  com.capstone.aspect.LoggerAspect - *************************************
2022-10-14 14:17:38 [http-nio-8084-exec-1] INFO  com.capstone.aspect.LoggerAspect - Method name: com.capstone.controller.loanController
2022-10-14 14:17:38 [http-nio-8084-exec-1] INFO  com.capstone.aspect.LoggerAspect - Method arguments:[Ljava.lang.Object;@60ae5688
2022-10-14 14:17:38 [http-nio-8084-exec-1] INFO  com.capstone.aspect.LoggerAspect - *************************************
2022-10-14 14:17:38 [http-nio-8084-exec-1] INFO  com.capstone.aspect.LoggerAspect - Method name: com.capstone.service.loanServiceImp
2022-10-14 14:17:38 [http-nio-8084-exec-1] INFO  com.capstone.aspect.LoggerAspect - Method arguments:[Ljava.lang.Object;@167362c8
2022-10-14 14:17:38 [http-nio-8084-exec-1] INFO  com.capstone.aspect.LoggerAspect - *************************************
2022-10-14 14:17:38 [http-nio-8084-exec-1] INFO  com.capstone.aspect.LoggerAspect - During: class com.capstone.service.loanServiceImp.getloanDetailsofCustbyLoan() with arguments=loan [loanaccno=202211051, category=Personal, loan_amount=500000.0, custid=202200005, interest_rate=7.0, tenure=4]
2022-10-14 14:17:38 [http-nio-8084-exec-1] INFO  com.capstone.aspect.LoggerAspect - *************************************
2022-10-14 14:17:38 [http-nio-8084-exec-1] INFO  com.capstone.aspect.LoggerAspect - During: class com.capstone.controller.loanController.getloanDetailsofCustbyLoan() with arguments=<200 OK OK,loan [loanaccno=202211051, category=Personal, loan_amount=500000.0, custid=202200005, interest_rate=7.0, tenure=4],[]>
2022-10-14 14:17:38 [http-nio-8084-exec-1] INFO  com.capstone.aspect.LoggerAspect - *************************************
2022-10-14 14:17:53 [http-nio-8084-exec-4] INFO  com.capstone.aspect.LoggerAspect - Method name: com.capstone.controller.loanController
2022-10-14 14:17:53 [http-nio-8084-exec-4] INFO  com.capstone.aspect.LoggerAspect - Method arguments:[Ljava.lang.Object;@1cfb7fa8
2022-10-14 14:17:53 [http-nio-8084-exec-4] INFO  com.capstone.aspect.LoggerAspect - *************************************
2022-10-14 14:17:53 [http-nio-8084-exec-4] INFO  com.capstone.aspect.LoggerAspect - Method name: com.capstone.service.loanServiceImp
2022-10-14 14:17:53 [http-nio-8084-exec-4] INFO  com.capstone.aspect.LoggerAspect - Method arguments:[Ljava.lang.Object;@6b343421
2022-10-14 14:17:53 [http-nio-8084-exec-4] INFO  com.capstone.aspect.LoggerAspect - *************************************
2022-10-14 14:17:53 [http-nio-8084-exec-4] INFO  com.capstone.aspect.LoggerAspect - During: class com.capstone.service.loanServiceImp.getloanDetailsofCustbyLoan() with arguments=loan [loanaccno=202211051, category=Personal, loan_amount=500000.0, custid=202200005, interest_rate=7.0, tenure=4]
2022-10-14 14:17:53 [http-nio-8084-exec-4] INFO  com.capstone.aspect.LoggerAspect - *************************************
2022-10-14 14:17:53 [http-nio-8084-exec-4] INFO  com.capstone.aspect.LoggerAspect - During: class com.capstone.controller.loanController.getloanDetailsofCustbyLoan() with arguments=<200 OK OK,loan [loanaccno=202211051, category=Personal, loan_amount=500000.0, custid=202200005, interest_rate=7.0, tenure=4],[]>
2022-10-14 14:17:53 [http-nio-8084-exec-4] INFO  com.capstone.aspect.LoggerAspect - *************************************
2022-10-14 14:18:25 [http-nio-8084-exec-6] INFO  com.capstone.aspect.LoggerAspect - Method name: com.capstone.controller.loanController
2022-10-14 14:18:25 [http-nio-8084-exec-6] INFO  com.capstone.aspect.LoggerAspect - Method arguments:[Ljava.lang.Object;@5b636aeb
2022-10-14 14:18:25 [http-nio-8084-exec-6] INFO  com.capstone.aspect.LoggerAspect - *************************************
2022-10-14 14:18:25 [http-nio-8084-exec-6] INFO  com.capstone.aspect.LoggerAspect - Method name: com.capstone.service.loanServiceImp
2022-10-14 14:18:25 [http-nio-8084-exec-6] INFO  com.capstone.aspect.LoggerAspect - Method arguments:[Ljava.lang.Object;@60f2a9ec
2022-10-14 14:18:25 [http-nio-8084-exec-6] INFO  com.capstone.aspect.LoggerAspect - *************************************
2022-10-14 14:18:25 [http-nio-8084-exec-6] INFO  com.capstone.aspect.LoggerAspect - During: class com.capstone.service.loanServiceImp.getloanDetailsofCustbyLoan() with arguments=loan [loanaccno=202211051, category=Personal, loan_amount=500000.0, custid=202200005, interest_rate=7.0, tenure=4]
2022-10-14 14:18:25 [http-nio-8084-exec-6] INFO  com.capstone.aspect.LoggerAspect - *************************************
2022-10-14 14:18:25 [http-nio-8084-exec-6] INFO  com.capstone.aspect.LoggerAspect - During: class com.capstone.controller.loanController.getloanDetailsofCustbyLoan() with arguments=<200 OK OK,loan [loanaccno=202211051, category=Personal, loan_amount=500000.0, custid=202200005, interest_rate=7.0, tenure=4],[]>
2022-10-14 14:18:25 [http-nio-8084-exec-6] INFO  com.capstone.aspect.LoggerAspect - *************************************
2022-10-14 14:18:49 [http-nio-8084-exec-8] INFO  com.capstone.aspect.LoggerAspect - Method name: com.capstone.controller.loanController
2022-10-14 14:18:49 [http-nio-8084-exec-8] INFO  com.capstone.aspect.LoggerAspect - Method arguments:[Ljava.lang.Object;@5f0fb6f4
2022-10-14 14:18:49 [http-nio-8084-exec-8] INFO  com.capstone.aspect.LoggerAspect - *************************************
2022-10-14 14:18:49 [http-nio-8084-exec-8] INFO  com.capstone.aspect.LoggerAspect - Method name: com.capstone.service.loanServiceImp
2022-10-14 14:18:49 [http-nio-8084-exec-8] INFO  com.capstone.aspect.LoggerAspect - Method arguments:[Ljava.lang.Object;@45e05633
2022-10-14 14:18:49 [http-nio-8084-exec-8] INFO  com.capstone.aspect.LoggerAspect - *************************************
2022-10-14 14:18:49 [http-nio-8084-exec-8] INFO  com.capstone.aspect.LoggerAspect - During: class com.capstone.service.loanServiceImp.getloanDetailsofCustbyLoan() with arguments=loan [loanaccno=202211051, category=Personal, loan_amount=500000.0, custid=202200005, interest_rate=7.0, tenure=4]
2022-10-14 14:18:49 [http-nio-8084-exec-8] INFO  com.capstone.aspect.LoggerAspect - *************************************
2022-10-14 14:18:49 [http-nio-8084-exec-8] INFO  com.capstone.aspect.LoggerAspect - During: class com.capstone.controller.loanController.getloanDetailsofCustbyLoan() with arguments=<200 OK OK,loan [loanaccno=202211051, category=Personal, loan_amount=500000.0, custid=202200005, interest_rate=7.0, tenure=4],[]>
2022-10-14 14:18:49 [http-nio-8084-exec-8] INFO  com.capstone.aspect.LoggerAspect - *************************************
2022-10-14 14:18:50 [http-nio-8084-exec-9] INFO  com.capstone.aspect.LoggerAspect - Method name: com.capstone.controller.loanController
2022-10-14 14:18:50 [http-nio-8084-exec-9] INFO  com.capstone.aspect.LoggerAspect - Method arguments:[Ljava.lang.Object;@728d827e
2022-10-14 14:18:50 [http-nio-8084-exec-9] INFO  com.capstone.aspect.LoggerAspect - *************************************
2022-10-14 14:18:50 [http-nio-8084-exec-9] INFO  com.capstone.aspect.LoggerAspect - Method name: com.capstone.service.loanServiceImp
2022-10-14 14:18:50 [http-nio-8084-exec-9] INFO  com.capstone.aspect.LoggerAspect - Method arguments:[Ljava.lang.Object;@26241c6d
2022-10-14 14:18:50 [http-nio-8084-exec-9] INFO  com.capstone.aspect.LoggerAspect - *************************************
2022-10-14 14:18:50 [http-nio-8084-exec-9] INFO  com.capstone.aspect.LoggerAspect - During: class com.capstone.service.loanServiceImp.getloanDetailsofCustbyLoan() with arguments=loan [loanaccno=202211051, category=Personal, loan_amount=500000.0, custid=202200005, interest_rate=7.0, tenure=4]
2022-10-14 14:18:50 [http-nio-8084-exec-9] INFO  com.capstone.aspect.LoggerAspect - *************************************
2022-10-14 14:18:50 [http-nio-8084-exec-9] INFO  com.capstone.aspect.LoggerAspect - During: class com.capstone.controller.loanController.getloanDetailsofCustbyLoan() with arguments=<200 OK OK,loan [loanaccno=202211051, category=Personal, loan_amount=500000.0, custid=202200005, interest_rate=7.0, tenure=4],[]>
2022-10-14 14:18:50 [http-nio-8084-exec-9] INFO  com.capstone.aspect.LoggerAspect - *************************************
2022-10-14 14:18:57 [http-nio-8084-exec-10] INFO  com.capstone.aspect.LoggerAspect - Method name: com.capstone.controller.loanController
2022-10-14 14:18:57 [http-nio-8084-exec-10] INFO  com.capstone.aspect.LoggerAspect - Method arguments:[Ljava.lang.Object;@6affa7f9
2022-10-14 14:18:57 [http-nio-8084-exec-10] INFO  com.capstone.aspect.LoggerAspect - *************************************
2022-10-14 14:18:57 [http-nio-8084-exec-10] INFO  com.capstone.aspect.LoggerAspect - Method name: com.capstone.service.loanServiceImp
2022-10-14 14:18:57 [http-nio-8084-exec-10] INFO  com.capstone.aspect.LoggerAspect - Method arguments:[Ljava.lang.Object;@4e9b2db7
2022-10-14 14:18:57 [http-nio-8084-exec-10] INFO  com.capstone.aspect.LoggerAspect - *************************************
2022-10-14 14:18:57 [http-nio-8084-exec-10] INFO  com.capstone.aspect.LoggerAspect - During: class com.capstone.service.loanServiceImp.getloanDetailsofCustbyLoan() with arguments=loan [loanaccno=202211051, category=Personal, loan_amount=500000.0, custid=202200005, interest_rate=7.0, tenure=4]
2022-10-14 14:18:57 [http-nio-8084-exec-10] INFO  com.capstone.aspect.LoggerAspect - *************************************
2022-10-14 14:18:57 [http-nio-8084-exec-10] INFO  com.capstone.aspect.LoggerAspect - During: class com.capstone.controller.loanController.getloanDetailsofCustbyLoan() with arguments=<200 OK OK,loan [loanaccno=202211051, category=Personal, loan_amount=500000.0, custid=202200005, interest_rate=7.0, tenure=4],[]>
2022-10-14 14:18:57 [http-nio-8084-exec-10] INFO  com.capstone.aspect.LoggerAspect - *************************************
2022-10-14 14:19:02 [http-nio-8084-exec-1] INFO  com.capstone.aspect.LoggerAspect - Method name: com.capstone.controller.loanController
2022-10-14 14:19:02 [http-nio-8084-exec-1] INFO  com.capstone.aspect.LoggerAspect - Method arguments:[Ljava.lang.Object;@17649b3f
2022-10-14 14:19:02 [http-nio-8084-exec-1] INFO  com.capstone.aspect.LoggerAspect - *************************************
2022-10-14 14:19:02 [http-nio-8084-exec-1] INFO  com.capstone.aspect.LoggerAspect - Method name: com.capstone.service.loanServiceImp
2022-10-14 14:19:02 [http-nio-8084-exec-1] INFO  com.capstone.aspect.LoggerAspect - Method arguments:[Ljava.lang.Object;@23a87248
2022-10-14 14:19:02 [http-nio-8084-exec-1] INFO  com.capstone.aspect.LoggerAspect - *************************************
2022-10-14 14:19:02 [http-nio-8084-exec-1] INFO  com.capstone.aspect.LoggerAspect - During: class com.capstone.service.loanServiceImp.getloanDetailsofCustbyLoan() with arguments=loan [loanaccno=202211051, category=Personal, loan_amount=500000.0, custid=202200005, interest_rate=7.0, tenure=4]
2022-10-14 14:19:02 [http-nio-8084-exec-1] INFO  com.capstone.aspect.LoggerAspect - *************************************
2022-10-14 14:19:02 [http-nio-8084-exec-1] INFO  com.capstone.aspect.LoggerAspect - During: class com.capstone.controller.loanController.getloanDetailsofCustbyLoan() with arguments=<200 OK OK,loan [loanaccno=202211051, category=Personal, loan_amount=500000.0, custid=202200005, interest_rate=7.0, tenure=4],[]>
2022-10-14 14:19:02 [http-nio-8084-exec-1] INFO  com.capstone.aspect.LoggerAspect - *************************************
2022-10-14 14:19:59 [http-nio-8084-exec-4] INFO  com.capstone.aspect.LoggerAspect - Method name: com.capstone.controller.loanController
2022-10-14 14:19:59 [http-nio-8084-exec-4] INFO  com.capstone.aspect.LoggerAspect - Method arguments:[Ljava.lang.Object;@166fb310
2022-10-14 14:19:59 [http-nio-8084-exec-4] INFO  com.capstone.aspect.LoggerAspect - *************************************
2022-10-14 14:19:59 [http-nio-8084-exec-4] INFO  com.capstone.aspect.LoggerAspect - Method name: com.capstone.service.loanServiceImp
2022-10-14 14:19:59 [http-nio-8084-exec-4] INFO  com.capstone.aspect.LoggerAspect - Method arguments:[Ljava.lang.Object;@349536b3
2022-10-14 14:19:59 [http-nio-8084-exec-4] INFO  com.capstone.aspect.LoggerAspect - *************************************
2022-10-14 14:20:00 [http-nio-8084-exec-4] INFO  com.capstone.aspect.LoggerAspect - During: class com.capstone.service.loanServiceImp.getLoanAccByCust() with arguments=[loan [loanaccno=202211051, category=Personal, loan_amount=500000.0, custid=202200005, interest_rate=7.0, tenure=4]]
2022-10-14 14:20:00 [http-nio-8084-exec-4] INFO  com.capstone.aspect.LoggerAspect - *************************************
2022-10-14 14:20:00 [http-nio-8084-exec-4] INFO  com.capstone.aspect.LoggerAspect - During: class com.capstone.controller.loanController.getloanDetailsbyCust() with arguments=<200 OK OK,[loan [loanaccno=202211051, category=Personal, loan_amount=500000.0, custid=202200005, interest_rate=7.0, tenure=4]],[]>
2022-10-14 14:20:00 [http-nio-8084-exec-4] INFO  com.capstone.aspect.LoggerAspect - *************************************
2022-10-14 14:20:01 [http-nio-8084-exec-5] INFO  com.capstone.aspect.LoggerAspect - Method name: com.capstone.controller.loanController
2022-10-14 14:20:01 [http-nio-8084-exec-5] INFO  com.capstone.aspect.LoggerAspect - Method arguments:[Ljava.lang.Object;@5722dc08
2022-10-14 14:20:01 [http-nio-8084-exec-5] INFO  com.capstone.aspect.LoggerAspect - *************************************
2022-10-14 14:20:01 [http-nio-8084-exec-5] INFO  com.capstone.aspect.LoggerAspect - Method name: com.capstone.service.loanServiceImp
2022-10-14 14:20:01 [http-nio-8084-exec-5] INFO  com.capstone.aspect.LoggerAspect - Method arguments:[Ljava.lang.Object;@7cc391ab
2022-10-14 14:20:01 [http-nio-8084-exec-5] INFO  com.capstone.aspect.LoggerAspect - *************************************
2022-10-14 14:20:01 [http-nio-8084-exec-5] INFO  com.capstone.aspect.LoggerAspect - During: class com.capstone.service.loanServiceImp.getloanDetailsofCustbyLoan() with arguments=loan [loanaccno=202211051, category=Personal, loan_amount=500000.0, custid=202200005, interest_rate=7.0, tenure=4]
2022-10-14 14:20:01 [http-nio-8084-exec-5] INFO  com.capstone.aspect.LoggerAspect - *************************************
2022-10-14 14:20:01 [http-nio-8084-exec-5] INFO  com.capstone.aspect.LoggerAspect - During: class com.capstone.controller.loanController.getloanDetailsofCustbyLoan() with arguments=<200 OK OK,loan [loanaccno=202211051, category=Personal, loan_amount=500000.0, custid=202200005, interest_rate=7.0, tenure=4],[]>
2022-10-14 14:20:01 [http-nio-8084-exec-5] INFO  com.capstone.aspect.LoggerAspect - *************************************
2022-10-14 14:20:02 [http-nio-8084-exec-6] INFO  com.capstone.aspect.LoggerAspect - Method name: com.capstone.controller.loanController
2022-10-14 14:20:02 [http-nio-8084-exec-6] INFO  com.capstone.aspect.LoggerAspect - Method arguments:[Ljava.lang.Object;@5b68cb5b
2022-10-14 14:20:02 [http-nio-8084-exec-6] INFO  com.capstone.aspect.LoggerAspect - *************************************
2022-10-14 14:20:02 [http-nio-8084-exec-6] INFO  com.capstone.aspect.LoggerAspect - Method name: com.capstone.service.loanServiceImp
2022-10-14 14:20:02 [http-nio-8084-exec-6] INFO  com.capstone.aspect.LoggerAspect - Method arguments:[Ljava.lang.Object;@65d0528c
2022-10-14 14:20:02 [http-nio-8084-exec-6] INFO  com.capstone.aspect.LoggerAspect - *************************************
2022-10-14 14:20:02 [http-nio-8084-exec-6] INFO  com.capstone.aspect.LoggerAspect - During: class com.capstone.service.loanServiceImp.getloanDetailsofCustbyLoan() with arguments=loan [loanaccno=202211051, category=Personal, loan_amount=500000.0, custid=202200005, interest_rate=7.0, tenure=4]
2022-10-14 14:20:02 [http-nio-8084-exec-6] INFO  com.capstone.aspect.LoggerAspect - *************************************
2022-10-14 14:20:02 [http-nio-8084-exec-6] INFO  com.capstone.aspect.LoggerAspect - During: class com.capstone.controller.loanController.getloanDetailsofCustbyLoan() with arguments=<200 OK OK,loan [loanaccno=202211051, category=Personal, loan_amount=500000.0, custid=202200005, interest_rate=7.0, tenure=4],[]>
2022-10-14 14:20:02 [http-nio-8084-exec-6] INFO  com.capstone.aspect.LoggerAspect - *************************************
2022-10-14 14:20:48 [http-nio-8084-exec-8] INFO  com.capstone.aspect.LoggerAspect - Method name: com.capstone.controller.loanController
2022-10-14 14:20:48 [http-nio-8084-exec-8] INFO  com.capstone.aspect.LoggerAspect - Method arguments:[Ljava.lang.Object;@68cb02ed
2022-10-14 14:20:48 [http-nio-8084-exec-8] INFO  com.capstone.aspect.LoggerAspect - *************************************
2022-10-14 14:20:48 [http-nio-8084-exec-8] INFO  com.capstone.aspect.LoggerAspect - Method name: com.capstone.service.loanServiceImp
2022-10-14 14:20:48 [http-nio-8084-exec-8] INFO  com.capstone.aspect.LoggerAspect - Method arguments:[Ljava.lang.Object;@7f81ae27
2022-10-14 14:20:48 [http-nio-8084-exec-8] INFO  com.capstone.aspect.LoggerAspect - *************************************
2022-10-14 14:20:48 [http-nio-8084-exec-8] INFO  com.capstone.aspect.LoggerAspect - During: class com.capstone.service.loanServiceImp.getloanDetailsofCustbyLoan() with arguments=loan [loanaccno=202211051, category=Personal, loan_amount=500000.0, custid=202200005, interest_rate=7.0, tenure=4]
2022-10-14 14:20:48 [http-nio-8084-exec-8] INFO  com.capstone.aspect.LoggerAspect - *************************************
2022-10-14 14:20:48 [http-nio-8084-exec-8] INFO  com.capstone.aspect.LoggerAspect - During: class com.capstone.controller.loanController.getloanDetailsofCustbyLoan() with arguments=<200 OK OK,loan [loanaccno=202211051, category=Personal, loan_amount=500000.0, custid=202200005, interest_rate=7.0, tenure=4],[]>
2022-10-14 14:20:48 [http-nio-8084-exec-8] INFO  com.capstone.aspect.LoggerAspect - *************************************
2022-10-14 14:21:13 [http-nio-8084-exec-10] INFO  com.capstone.aspect.LoggerAspect - Method name: com.capstone.controller.loanController
2022-10-14 14:21:13 [http-nio-8084-exec-10] INFO  com.capstone.aspect.LoggerAspect - Method arguments:[Ljava.lang.Object;@338e0ac4
2022-10-14 14:21:13 [http-nio-8084-exec-10] INFO  com.capstone.aspect.LoggerAspect - *************************************
2022-10-14 14:21:13 [http-nio-8084-exec-10] INFO  com.capstone.aspect.LoggerAspect - Method name: com.capstone.service.loanServiceImp
2022-10-14 14:21:13 [http-nio-8084-exec-10] INFO  com.capstone.aspect.LoggerAspect - Method arguments:[Ljava.lang.Object;@2ec252d8
2022-10-14 14:21:13 [http-nio-8084-exec-10] INFO  com.capstone.aspect.LoggerAspect - *************************************
2022-10-14 14:21:13 [http-nio-8084-exec-10] INFO  com.capstone.aspect.LoggerAspect - During: class com.capstone.service.loanServiceImp.getloanDetailsofCustbyLoan() with arguments=loan [loanaccno=202211051, category=Personal, loan_amount=500000.0, custid=202200005, interest_rate=7.0, tenure=4]
2022-10-14 14:21:13 [http-nio-8084-exec-10] INFO  com.capstone.aspect.LoggerAspect - *************************************
2022-10-14 14:21:13 [http-nio-8084-exec-10] INFO  com.capstone.aspect.LoggerAspect - During: class com.capstone.controller.loanController.getloanDetailsofCustbyLoan() with arguments=<200 OK OK,loan [loanaccno=202211051, category=Personal, loan_amount=500000.0, custid=202200005, interest_rate=7.0, tenure=4],[]>
2022-10-14 14:21:13 [http-nio-8084-exec-10] INFO  com.capstone.aspect.LoggerAspect - *************************************
2022-10-14 14:21:22 [AsyncResolver-bootstrap-executor-0] INFO  c.n.d.s.r.aws.ConfigClusterResolver - Resolving eureka endpoints via configuration
2022-10-14 14:22:37 [http-nio-8084-exec-1] INFO  com.capstone.aspect.LoggerAspect - Method name: com.capstone.controller.loanController
2022-10-14 14:22:37 [http-nio-8084-exec-1] INFO  com.capstone.aspect.LoggerAspect - Method arguments:[Ljava.lang.Object;@19c1bb74
2022-10-14 14:22:37 [http-nio-8084-exec-1] INFO  com.capstone.aspect.LoggerAspect - *************************************
2022-10-14 14:22:37 [http-nio-8084-exec-1] INFO  com.capstone.aspect.LoggerAspect - Method name: com.capstone.service.loanServiceImp
2022-10-14 14:22:37 [http-nio-8084-exec-1] INFO  com.capstone.aspect.LoggerAspect - Method arguments:[Ljava.lang.Object;@53ab3a72
2022-10-14 14:22:37 [http-nio-8084-exec-1] INFO  com.capstone.aspect.LoggerAspect - *************************************
2022-10-14 14:22:37 [http-nio-8084-exec-1] INFO  com.capstone.aspect.LoggerAspect - During: class com.capstone.service.loanServiceImp.getloanDetailsofCustbyLoan() with arguments=loan [loanaccno=202211051, category=Personal, loan_amount=500000.0, custid=202200005, interest_rate=7.0, tenure=4]
2022-10-14 14:22:37 [http-nio-8084-exec-1] INFO  com.capstone.aspect.LoggerAspect - *************************************
2022-10-14 14:22:37 [http-nio-8084-exec-1] INFO  com.capstone.aspect.LoggerAspect - During: class com.capstone.controller.loanController.getloanDetailsofCustbyLoan() with arguments=<200 OK OK,loan [loanaccno=202211051, category=Personal, loan_amount=500000.0, custid=202200005, interest_rate=7.0, tenure=4],[]>
2022-10-14 14:22:37 [http-nio-8084-exec-1] INFO  com.capstone.aspect.LoggerAspect - *************************************
2022-10-14 14:23:04 [http-nio-8084-exec-4] INFO  com.capstone.aspect.LoggerAspect - Method name: com.capstone.controller.loanController
2022-10-14 14:23:04 [http-nio-8084-exec-4] INFO  com.capstone.aspect.LoggerAspect - Method arguments:[Ljava.lang.Object;@2ab51514
2022-10-14 14:23:04 [http-nio-8084-exec-4] INFO  com.capstone.aspect.LoggerAspect - *************************************
2022-10-14 14:23:04 [http-nio-8084-exec-4] INFO  com.capstone.aspect.LoggerAspect - Method name: com.capstone.service.loanServiceImp
2022-10-14 14:23:04 [http-nio-8084-exec-4] INFO  com.capstone.aspect.LoggerAspect - Method arguments:[Ljava.lang.Object;@58c08c6d
2022-10-14 14:23:04 [http-nio-8084-exec-4] INFO  com.capstone.aspect.LoggerAspect - *************************************
2022-10-14 14:23:04 [http-nio-8084-exec-4] INFO  com.capstone.aspect.LoggerAspect - During: class com.capstone.service.loanServiceImp.getloanDetailsofCustbyLoan() with arguments=loan [loanaccno=202211051, category=Personal, loan_amount=500000.0, custid=202200005, interest_rate=7.0, tenure=4]
2022-10-14 14:23:04 [http-nio-8084-exec-4] INFO  com.capstone.aspect.LoggerAspect - *************************************
2022-10-14 14:23:04 [http-nio-8084-exec-4] INFO  com.capstone.aspect.LoggerAspect - During: class com.capstone.controller.loanController.getloanDetailsofCustbyLoan() with arguments=<200 OK OK,loan [loanaccno=202211051, category=Personal, loan_amount=500000.0, custid=202200005, interest_rate=7.0, tenure=4],[]>
2022-10-14 14:23:04 [http-nio-8084-exec-4] INFO  com.capstone.aspect.LoggerAspect - *************************************
2022-10-14 14:23:06 [http-nio-8084-exec-5] INFO  com.capstone.aspect.LoggerAspect - Method name: com.capstone.controller.loanController
2022-10-14 14:23:06 [http-nio-8084-exec-5] INFO  com.capstone.aspect.LoggerAspect - Method arguments:[Ljava.lang.Object;@2ea10776
2022-10-14 14:23:06 [http-nio-8084-exec-5] INFO  com.capstone.aspect.LoggerAspect - *************************************
2022-10-14 14:23:06 [http-nio-8084-exec-5] INFO  com.capstone.aspect.LoggerAspect - Method name: com.capstone.service.loanServiceImp
2022-10-14 14:23:06 [http-nio-8084-exec-5] INFO  com.capstone.aspect.LoggerAspect - Method arguments:[Ljava.lang.Object;@122fb126
2022-10-14 14:23:06 [http-nio-8084-exec-5] INFO  com.capstone.aspect.LoggerAspect - *************************************
2022-10-14 14:23:06 [http-nio-8084-exec-5] INFO  com.capstone.aspect.LoggerAspect - During: class com.capstone.service.loanServiceImp.getloanDetailsofCustbyLoan() with arguments=loan [loanaccno=202211051, category=Personal, loan_amount=500000.0, custid=202200005, interest_rate=7.0, tenure=4]
2022-10-14 14:23:06 [http-nio-8084-exec-5] INFO  com.capstone.aspect.LoggerAspect - *************************************
2022-10-14 14:23:06 [http-nio-8084-exec-5] INFO  com.capstone.aspect.LoggerAspect - During: class com.capstone.controller.loanController.getloanDetailsofCustbyLoan() with arguments=<200 OK OK,loan [loanaccno=202211051, category=Personal, loan_amount=500000.0, custid=202200005, interest_rate=7.0, tenure=4],[]>
2022-10-14 14:23:06 [http-nio-8084-exec-5] INFO  com.capstone.aspect.LoggerAspect - *************************************
2022-10-14 14:23:09 [http-nio-8084-exec-6] INFO  com.capstone.aspect.LoggerAspect - Method name: com.capstone.controller.loanController
2022-10-14 14:23:09 [http-nio-8084-exec-6] INFO  com.capstone.aspect.LoggerAspect - Method arguments:[Ljava.lang.Object;@6c40fe39
2022-10-14 14:23:09 [http-nio-8084-exec-6] INFO  com.capstone.aspect.LoggerAspect - *************************************
2022-10-14 14:23:09 [http-nio-8084-exec-6] INFO  com.capstone.aspect.LoggerAspect - Method name: com.capstone.service.loanServiceImp
2022-10-14 14:23:09 [http-nio-8084-exec-6] INFO  com.capstone.aspect.LoggerAspect - Method arguments:[Ljava.lang.Object;@69855680
2022-10-14 14:23:09 [http-nio-8084-exec-6] INFO  com.capstone.aspect.LoggerAspect - *************************************
2022-10-14 14:23:09 [http-nio-8084-exec-6] INFO  com.capstone.aspect.LoggerAspect - During: class com.capstone.service.loanServiceImp.getloanDetailsofCustbyLoan() with arguments=loan [loanaccno=202211051, category=Personal, loan_amount=500000.0, custid=202200005, interest_rate=7.0, tenure=4]
2022-10-14 14:23:09 [http-nio-8084-exec-6] INFO  com.capstone.aspect.LoggerAspect - *************************************
2022-10-14 14:23:09 [http-nio-8084-exec-6] INFO  com.capstone.aspect.LoggerAspect - During: class com.capstone.controller.loanController.getloanDetailsofCustbyLoan() with arguments=<200 OK OK,loan [loanaccno=202211051, category=Personal, loan_amount=500000.0, custid=202200005, interest_rate=7.0, tenure=4],[]>
2022-10-14 14:23:09 [http-nio-8084-exec-6] INFO  com.capstone.aspect.LoggerAspect - *************************************
2022-10-14 14:23:19 [http-nio-8084-exec-8] INFO  com.capstone.aspect.LoggerAspect - Method name: com.capstone.controller.loanController
2022-10-14 14:23:19 [http-nio-8084-exec-8] INFO  com.capstone.aspect.LoggerAspect - Method arguments:[Ljava.lang.Object;@673db28b
2022-10-14 14:23:19 [http-nio-8084-exec-8] INFO  com.capstone.aspect.LoggerAspect - *************************************
2022-10-14 14:23:19 [http-nio-8084-exec-8] INFO  com.capstone.aspect.LoggerAspect - Method name: com.capstone.service.loanServiceImp
2022-10-14 14:23:19 [http-nio-8084-exec-8] INFO  com.capstone.aspect.LoggerAspect - Method arguments:[Ljava.lang.Object;@1f948478
2022-10-14 14:23:19 [http-nio-8084-exec-8] INFO  com.capstone.aspect.LoggerAspect - *************************************
2022-10-14 14:23:19 [http-nio-8084-exec-8] INFO  com.capstone.aspect.LoggerAspect - During: class com.capstone.service.loanServiceImp.getloanDetailsofCustbyLoan() with arguments=loan [loanaccno=202211051, category=Personal, loan_amount=500000.0, custid=202200005, interest_rate=7.0, tenure=4]
2022-10-14 14:23:19 [http-nio-8084-exec-8] INFO  com.capstone.aspect.LoggerAspect - *************************************
2022-10-14 14:23:19 [http-nio-8084-exec-8] INFO  com.capstone.aspect.LoggerAspect - During: class com.capstone.controller.loanController.getloanDetailsofCustbyLoan() with arguments=<200 OK OK,loan [loanaccno=202211051, category=Personal, loan_amount=500000.0, custid=202200005, interest_rate=7.0, tenure=4],[]>
2022-10-14 14:23:19 [http-nio-8084-exec-8] INFO  com.capstone.aspect.LoggerAspect - *************************************
2022-10-14 14:23:36 [http-nio-8084-exec-9] INFO  com.capstone.aspect.LoggerAspect - Method name: com.capstone.controller.loanController
2022-10-14 14:23:36 [http-nio-8084-exec-9] INFO  com.capstone.aspect.LoggerAspect - Method arguments:[Ljava.lang.Object;@3b169888
2022-10-14 14:23:36 [http-nio-8084-exec-9] INFO  com.capstone.aspect.LoggerAspect - *************************************
2022-10-14 14:23:36 [http-nio-8084-exec-9] INFO  com.capstone.aspect.LoggerAspect - Method name: com.capstone.service.loanServiceImp
2022-10-14 14:23:36 [http-nio-8084-exec-9] INFO  com.capstone.aspect.LoggerAspect - Method arguments:[Ljava.lang.Object;@44ecb462
2022-10-14 14:23:36 [http-nio-8084-exec-9] INFO  com.capstone.aspect.LoggerAspect - *************************************
2022-10-14 14:23:36 [http-nio-8084-exec-9] INFO  com.capstone.aspect.LoggerAspect - During: class com.capstone.service.loanServiceImp.getloanDetailsofCustbyLoan() with arguments=loan [loanaccno=202211051, category=Personal, loan_amount=500000.0, custid=202200005, interest_rate=7.0, tenure=4]
2022-10-14 14:23:36 [http-nio-8084-exec-9] INFO  com.capstone.aspect.LoggerAspect - *************************************
2022-10-14 14:23:36 [http-nio-8084-exec-9] INFO  com.capstone.aspect.LoggerAspect - During: class com.capstone.controller.loanController.getloanDetailsofCustbyLoan() with arguments=<200 OK OK,loan [loanaccno=202211051, category=Personal, loan_amount=500000.0, custid=202200005, interest_rate=7.0, tenure=4],[]>
2022-10-14 14:23:36 [http-nio-8084-exec-9] INFO  com.capstone.aspect.LoggerAspect - *************************************
2022-10-14 14:23:43 [http-nio-8084-exec-2] INFO  com.capstone.aspect.LoggerAspect - Method name: com.capstone.controller.loanController
2022-10-14 14:23:43 [http-nio-8084-exec-2] INFO  com.capstone.aspect.LoggerAspect - Method arguments:[Ljava.lang.Object;@29a0e0da
2022-10-14 14:23:43 [http-nio-8084-exec-2] INFO  com.capstone.aspect.LoggerAspect - *************************************
2022-10-14 14:23:43 [http-nio-8084-exec-2] INFO  com.capstone.aspect.LoggerAspect - Method name: com.capstone.service.loanServiceImp
2022-10-14 14:23:43 [http-nio-8084-exec-2] INFO  com.capstone.aspect.LoggerAspect - Method arguments:[Ljava.lang.Object;@3added0c
2022-10-14 14:23:43 [http-nio-8084-exec-2] INFO  com.capstone.aspect.LoggerAspect - *************************************
2022-10-14 14:23:43 [http-nio-8084-exec-2] INFO  com.capstone.aspect.LoggerAspect - During: class com.capstone.service.loanServiceImp.getloanDetailsofCustbyLoan() with arguments=loan [loanaccno=202211051, category=Personal, loan_amount=500000.0, custid=202200005, interest_rate=7.0, tenure=4]
2022-10-14 14:23:43 [http-nio-8084-exec-2] INFO  com.capstone.aspect.LoggerAspect - *************************************
2022-10-14 14:23:43 [http-nio-8084-exec-2] INFO  com.capstone.aspect.LoggerAspect - During: class com.capstone.controller.loanController.getloanDetailsofCustbyLoan() with arguments=<200 OK OK,loan [loanaccno=202211051, category=Personal, loan_amount=500000.0, custid=202200005, interest_rate=7.0, tenure=4],[]>
2022-10-14 14:23:43 [http-nio-8084-exec-2] INFO  com.capstone.aspect.LoggerAspect - *************************************
2022-10-14 14:23:51 [http-nio-8084-exec-3] INFO  com.capstone.aspect.LoggerAspect - Method name: com.capstone.controller.loanController
2022-10-14 14:23:51 [http-nio-8084-exec-3] INFO  com.capstone.aspect.LoggerAspect - Method arguments:[Ljava.lang.Object;@43c951d4
2022-10-14 14:23:51 [http-nio-8084-exec-3] INFO  com.capstone.aspect.LoggerAspect - *************************************
2022-10-14 14:23:51 [http-nio-8084-exec-3] INFO  com.capstone.aspect.LoggerAspect - Method name: com.capstone.service.loanServiceImp
2022-10-14 14:23:51 [http-nio-8084-exec-3] INFO  com.capstone.aspect.LoggerAspect - Method arguments:[Ljava.lang.Object;@7186d822
2022-10-14 14:23:51 [http-nio-8084-exec-3] INFO  com.capstone.aspect.LoggerAspect - *************************************
2022-10-14 14:23:51 [http-nio-8084-exec-3] INFO  com.capstone.aspect.LoggerAspect - During: class com.capstone.service.loanServiceImp.getloanDetailsofCustbyLoan() with arguments=loan [loanaccno=202211051, category=Personal, loan_amount=500000.0, custid=202200005, interest_rate=7.0, tenure=4]
2022-10-14 14:23:51 [http-nio-8084-exec-3] INFO  com.capstone.aspect.LoggerAspect - *************************************
2022-10-14 14:23:51 [http-nio-8084-exec-3] INFO  com.capstone.aspect.LoggerAspect - During: class com.capstone.controller.loanController.getloanDetailsofCustbyLoan() with arguments=<200 OK OK,loan [loanaccno=202211051, category=Personal, loan_amount=500000.0, custid=202200005, interest_rate=7.0, tenure=4],[]>
2022-10-14 14:23:51 [http-nio-8084-exec-3] INFO  com.capstone.aspect.LoggerAspect - *************************************
2022-10-14 14:24:07 [http-nio-8084-exec-5] INFO  com.capstone.aspect.LoggerAspect - Method name: com.capstone.controller.loanController
2022-10-14 14:24:07 [http-nio-8084-exec-5] INFO  com.capstone.aspect.LoggerAspect - Method arguments:[Ljava.lang.Object;@1f49aa79
2022-10-14 14:24:07 [http-nio-8084-exec-5] INFO  com.capstone.aspect.LoggerAspect - *************************************
2022-10-14 14:24:07 [http-nio-8084-exec-5] INFO  com.capstone.aspect.LoggerAspect - Method name: com.capstone.service.loanServiceImp
2022-10-14 14:24:07 [http-nio-8084-exec-5] INFO  com.capstone.aspect.LoggerAspect - Method arguments:[Ljava.lang.Object;@2b2973c6
2022-10-14 14:24:07 [http-nio-8084-exec-5] INFO  com.capstone.aspect.LoggerAspect - *************************************
2022-10-14 14:24:07 [http-nio-8084-exec-5] INFO  com.capstone.aspect.LoggerAspect - During: class com.capstone.service.loanServiceImp.getLoanAccByCust() with arguments=[loan [loanaccno=202211051, category=Personal, loan_amount=500000.0, custid=202200005, interest_rate=7.0, tenure=4]]
2022-10-14 14:24:07 [http-nio-8084-exec-5] INFO  com.capstone.aspect.LoggerAspect - *************************************
2022-10-14 14:24:07 [http-nio-8084-exec-5] INFO  com.capstone.aspect.LoggerAspect - During: class com.capstone.controller.loanController.getloanDetailsbyCust() with arguments=<200 OK OK,[loan [loanaccno=202211051, category=Personal, loan_amount=500000.0, custid=202200005, interest_rate=7.0, tenure=4]],[]>
2022-10-14 14:24:07 [http-nio-8084-exec-5] INFO  com.capstone.aspect.LoggerAspect - *************************************
2022-10-14 14:24:07 [http-nio-8084-exec-6] INFO  com.capstone.aspect.LoggerAspect - Method name: com.capstone.controller.loanController
2022-10-14 14:24:07 [http-nio-8084-exec-6] INFO  com.capstone.aspect.LoggerAspect - Method arguments:[Ljava.lang.Object;@251a0f04
2022-10-14 14:24:07 [http-nio-8084-exec-6] INFO  com.capstone.aspect.LoggerAspect - *************************************
2022-10-14 14:24:07 [http-nio-8084-exec-6] INFO  com.capstone.aspect.LoggerAspect - Method name: com.capstone.service.loanServiceImp
2022-10-14 14:24:07 [http-nio-8084-exec-6] INFO  com.capstone.aspect.LoggerAspect - Method arguments:[Ljava.lang.Object;@3ac893e1
2022-10-14 14:24:07 [http-nio-8084-exec-6] INFO  com.capstone.aspect.LoggerAspect - *************************************
2022-10-14 14:24:07 [http-nio-8084-exec-6] INFO  com.capstone.aspect.LoggerAspect - During: class com.capstone.service.loanServiceImp.getloanDetailsofCustbyLoan() with arguments=loan [loanaccno=202211051, category=Personal, loan_amount=500000.0, custid=202200005, interest_rate=7.0, tenure=4]
2022-10-14 14:24:07 [http-nio-8084-exec-6] INFO  com.capstone.aspect.LoggerAspect - *************************************
2022-10-14 14:24:07 [http-nio-8084-exec-6] INFO  com.capstone.aspect.LoggerAspect - During: class com.capstone.controller.loanController.getloanDetailsofCustbyLoan() with arguments=<200 OK OK,loan [loanaccno=202211051, category=Personal, loan_amount=500000.0, custid=202200005, interest_rate=7.0, tenure=4],[]>
2022-10-14 14:24:07 [http-nio-8084-exec-6] INFO  com.capstone.aspect.LoggerAspect - *************************************
2022-10-14 14:24:08 [http-nio-8084-exec-7] INFO  com.capstone.aspect.LoggerAspect - Method name: com.capstone.controller.loanController
2022-10-14 14:24:08 [http-nio-8084-exec-7] INFO  com.capstone.aspect.LoggerAspect - Method arguments:[Ljava.lang.Object;@5b699a8a
2022-10-14 14:24:08 [http-nio-8084-exec-7] INFO  com.capstone.aspect.LoggerAspect - *************************************
2022-10-14 14:24:08 [http-nio-8084-exec-7] INFO  com.capstone.aspect.LoggerAspect - Method name: com.capstone.service.loanServiceImp
2022-10-14 14:24:08 [http-nio-8084-exec-7] INFO  com.capstone.aspect.LoggerAspect - Method arguments:[Ljava.lang.Object;@44e0189b
2022-10-14 14:24:08 [http-nio-8084-exec-7] INFO  com.capstone.aspect.LoggerAspect - *************************************
2022-10-14 14:24:08 [http-nio-8084-exec-7] INFO  com.capstone.aspect.LoggerAspect - During: class com.capstone.service.loanServiceImp.getloanDetailsofCustbyLoan() with arguments=loan [loanaccno=202211051, category=Personal, loan_amount=500000.0, custid=202200005, interest_rate=7.0, tenure=4]
2022-10-14 14:24:08 [http-nio-8084-exec-7] INFO  com.capstone.aspect.LoggerAspect - *************************************
2022-10-14 14:24:08 [http-nio-8084-exec-7] INFO  com.capstone.aspect.LoggerAspect - During: class com.capstone.controller.loanController.getloanDetailsofCustbyLoan() with arguments=<200 OK OK,loan [loanaccno=202211051, category=Personal, loan_amount=500000.0, custid=202200005, interest_rate=7.0, tenure=4],[]>
2022-10-14 14:24:08 [http-nio-8084-exec-7] INFO  com.capstone.aspect.LoggerAspect - *************************************
2022-10-14 14:25:26 [http-nio-8084-exec-9] INFO  com.capstone.aspect.LoggerAspect - Method name: com.capstone.controller.loanController
2022-10-14 14:25:26 [http-nio-8084-exec-9] INFO  com.capstone.aspect.LoggerAspect - Method arguments:[Ljava.lang.Object;@4527dfe4
2022-10-14 14:25:26 [http-nio-8084-exec-9] INFO  com.capstone.aspect.LoggerAspect - *************************************
2022-10-14 14:25:26 [http-nio-8084-exec-9] INFO  com.capstone.aspect.LoggerAspect - Method name: com.capstone.service.loanServiceImp
2022-10-14 14:25:26 [http-nio-8084-exec-9] INFO  com.capstone.aspect.LoggerAspect - Method arguments:[Ljava.lang.Object;@77767f86
2022-10-14 14:25:26 [http-nio-8084-exec-9] INFO  com.capstone.aspect.LoggerAspect - *************************************
2022-10-14 14:25:26 [http-nio-8084-exec-9] INFO  com.capstone.aspect.LoggerAspect - During: class com.capstone.service.loanServiceImp.getloanDetailsofCustbyLoan() with arguments=loan [loanaccno=202211051, category=Personal, loan_amount=500000.0, custid=202200005, interest_rate=7.0, tenure=4]
2022-10-14 14:25:26 [http-nio-8084-exec-9] INFO  com.capstone.aspect.LoggerAspect - *************************************
2022-10-14 14:25:26 [http-nio-8084-exec-9] INFO  com.capstone.aspect.LoggerAspect - During: class com.capstone.controller.loanController.getloanDetailsofCustbyLoan() with arguments=<200 OK OK,loan [loanaccno=202211051, category=Personal, loan_amount=500000.0, custid=202200005, interest_rate=7.0, tenure=4],[]>
2022-10-14 14:25:26 [http-nio-8084-exec-9] INFO  com.capstone.aspect.LoggerAspect - *************************************
2022-10-14 14:26:19 [http-nio-8084-exec-2] INFO  com.capstone.aspect.LoggerAspect - Method name: com.capstone.controller.loanController
2022-10-14 14:26:19 [http-nio-8084-exec-2] INFO  com.capstone.aspect.LoggerAspect - Method arguments:[Ljava.lang.Object;@60ed1df6
2022-10-14 14:26:19 [http-nio-8084-exec-2] INFO  com.capstone.aspect.LoggerAspect - *************************************
2022-10-14 14:26:19 [http-nio-8084-exec-2] INFO  com.capstone.aspect.LoggerAspect - Method name: com.capstone.service.loanServiceImp
2022-10-14 14:26:19 [http-nio-8084-exec-2] INFO  com.capstone.aspect.LoggerAspect - Method arguments:[Ljava.lang.Object;@3419eab2
2022-10-14 14:26:19 [http-nio-8084-exec-2] INFO  com.capstone.aspect.LoggerAspect - *************************************
2022-10-14 14:26:19 [http-nio-8084-exec-2] INFO  com.capstone.aspect.LoggerAspect - During: class com.capstone.service.loanServiceImp.getloanDetailsofCustbyLoan() with arguments=loan [loanaccno=202211051, category=Personal, loan_amount=500000.0, custid=202200005, interest_rate=7.0, tenure=4]
2022-10-14 14:26:19 [http-nio-8084-exec-2] INFO  com.capstone.aspect.LoggerAspect - *************************************
2022-10-14 14:26:19 [http-nio-8084-exec-2] INFO  com.capstone.aspect.LoggerAspect - During: class com.capstone.controller.loanController.getloanDetailsofCustbyLoan() with arguments=<200 OK OK,loan [loanaccno=202211051, category=Personal, loan_amount=500000.0, custid=202200005, interest_rate=7.0, tenure=4],[]>
2022-10-14 14:26:19 [http-nio-8084-exec-2] INFO  com.capstone.aspect.LoggerAspect - *************************************
2022-10-14 14:26:22 [AsyncResolver-bootstrap-executor-0] INFO  c.n.d.s.r.aws.ConfigClusterResolver - Resolving eureka endpoints via configuration
2022-10-14 14:27:09 [http-nio-8084-exec-3] INFO  com.capstone.aspect.LoggerAspect - Method name: com.capstone.controller.loanController
2022-10-14 14:27:09 [http-nio-8084-exec-3] INFO  com.capstone.aspect.LoggerAspect - Method arguments:[Ljava.lang.Object;@4949cab1
2022-10-14 14:27:09 [http-nio-8084-exec-3] INFO  com.capstone.aspect.LoggerAspect - *************************************
2022-10-14 14:27:09 [http-nio-8084-exec-3] INFO  com.capstone.aspect.LoggerAspect - Method name: com.capstone.service.loanServiceImp
2022-10-14 14:27:09 [http-nio-8084-exec-3] INFO  com.capstone.aspect.LoggerAspect - Method arguments:[Ljava.lang.Object;@13fb54b3
2022-10-14 14:27:09 [http-nio-8084-exec-3] INFO  com.capstone.aspect.LoggerAspect - *************************************
2022-10-14 14:27:09 [http-nio-8084-exec-3] INFO  com.capstone.aspect.LoggerAspect - During: class com.capstone.service.loanServiceImp.getloanDetailsofCustbyLoan() with arguments=loan [loanaccno=202211051, category=Personal, loan_amount=500000.0, custid=202200005, interest_rate=7.0, tenure=4]
2022-10-14 14:27:09 [http-nio-8084-exec-3] INFO  com.capstone.aspect.LoggerAspect - *************************************
2022-10-14 14:27:09 [http-nio-8084-exec-3] INFO  com.capstone.aspect.LoggerAspect - During: class com.capstone.controller.loanController.getloanDetailsofCustbyLoan() with arguments=<200 OK OK,loan [loanaccno=202211051, category=Personal, loan_amount=500000.0, custid=202200005, interest_rate=7.0, tenure=4],[]>
2022-10-14 14:27:09 [http-nio-8084-exec-3] INFO  com.capstone.aspect.LoggerAspect - *************************************
2022-10-14 14:27:21 [http-nio-8084-exec-5] INFO  com.capstone.aspect.LoggerAspect - Method name: com.capstone.controller.loanController
2022-10-14 14:27:21 [http-nio-8084-exec-5] INFO  com.capstone.aspect.LoggerAspect - Method arguments:[Ljava.lang.Object;@34facb90
2022-10-14 14:27:21 [http-nio-8084-exec-5] INFO  com.capstone.aspect.LoggerAspect - *************************************
2022-10-14 14:27:21 [http-nio-8084-exec-5] INFO  com.capstone.aspect.LoggerAspect - Method name: com.capstone.service.loanServiceImp
2022-10-14 14:27:21 [http-nio-8084-exec-5] INFO  com.capstone.aspect.LoggerAspect - Method arguments:[Ljava.lang.Object;@60a504d2
2022-10-14 14:27:21 [http-nio-8084-exec-5] INFO  com.capstone.aspect.LoggerAspect - *************************************
2022-10-14 14:27:21 [http-nio-8084-exec-5] INFO  com.capstone.aspect.LoggerAspect - During: class com.capstone.service.loanServiceImp.getloanDetailsofCustbyLoan() with arguments=loan [loanaccno=202211051, category=Personal, loan_amount=500000.0, custid=202200005, interest_rate=7.0, tenure=4]
2022-10-14 14:27:21 [http-nio-8084-exec-5] INFO  com.capstone.aspect.LoggerAspect - *************************************
2022-10-14 14:27:21 [http-nio-8084-exec-5] INFO  com.capstone.aspect.LoggerAspect - During: class com.capstone.controller.loanController.getloanDetailsofCustbyLoan() with arguments=<200 OK OK,loan [loanaccno=202211051, category=Personal, loan_amount=500000.0, custid=202200005, interest_rate=7.0, tenure=4],[]>
2022-10-14 14:27:21 [http-nio-8084-exec-5] INFO  com.capstone.aspect.LoggerAspect - *************************************
2022-10-14 14:27:31 [http-nio-8084-exec-7] INFO  com.capstone.aspect.LoggerAspect - Method name: com.capstone.controller.loanController
2022-10-14 14:27:31 [http-nio-8084-exec-7] INFO  com.capstone.aspect.LoggerAspect - Method arguments:[Ljava.lang.Object;@29f3602d
2022-10-14 14:27:31 [http-nio-8084-exec-7] INFO  com.capstone.aspect.LoggerAspect - *************************************
2022-10-14 14:27:31 [http-nio-8084-exec-7] INFO  com.capstone.aspect.LoggerAspect - Method name: com.capstone.service.loanServiceImp
2022-10-14 14:27:31 [http-nio-8084-exec-7] INFO  com.capstone.aspect.LoggerAspect - Method arguments:[Ljava.lang.Object;@6c2b6474
2022-10-14 14:27:31 [http-nio-8084-exec-7] INFO  com.capstone.aspect.LoggerAspect - *************************************
2022-10-14 14:27:31 [http-nio-8084-exec-7] INFO  com.capstone.aspect.LoggerAspect - During: class com.capstone.service.loanServiceImp.getloanDetailsofCustbyLoan() with arguments=loan [loanaccno=202211051, category=Personal, loan_amount=500000.0, custid=202200005, interest_rate=7.0, tenure=4]
2022-10-14 14:27:31 [http-nio-8084-exec-7] INFO  com.capstone.aspect.LoggerAspect - *************************************
2022-10-14 14:27:31 [http-nio-8084-exec-7] INFO  com.capstone.aspect.LoggerAspect - During: class com.capstone.controller.loanController.getloanDetailsofCustbyLoan() with arguments=<200 OK OK,loan [loanaccno=202211051, category=Personal, loan_amount=500000.0, custid=202200005, interest_rate=7.0, tenure=4],[]>
2022-10-14 14:27:31 [http-nio-8084-exec-7] INFO  com.capstone.aspect.LoggerAspect - *************************************
2022-10-14 14:27:57 [http-nio-8084-exec-9] INFO  com.capstone.aspect.LoggerAspect - Method name: com.capstone.controller.loanController
2022-10-14 14:27:57 [http-nio-8084-exec-9] INFO  com.capstone.aspect.LoggerAspect - Method arguments:[Ljava.lang.Object;@3b8f2db0
2022-10-14 14:27:57 [http-nio-8084-exec-9] INFO  com.capstone.aspect.LoggerAspect - *************************************
2022-10-14 14:27:57 [http-nio-8084-exec-9] INFO  com.capstone.aspect.LoggerAspect - Method name: com.capstone.service.loanServiceImp
2022-10-14 14:27:57 [http-nio-8084-exec-9] INFO  com.capstone.aspect.LoggerAspect - Method arguments:[Ljava.lang.Object;@1d4d60f6
2022-10-14 14:27:57 [http-nio-8084-exec-9] INFO  com.capstone.aspect.LoggerAspect - *************************************
2022-10-14 14:27:57 [http-nio-8084-exec-9] INFO  com.capstone.aspect.LoggerAspect - During: class com.capstone.service.loanServiceImp.getloanDetailsofCustbyLoan() with arguments=loan [loanaccno=202211051, category=Personal, loan_amount=500000.0, custid=202200005, interest_rate=7.0, tenure=4]
2022-10-14 14:27:57 [http-nio-8084-exec-9] INFO  com.capstone.aspect.LoggerAspect - *************************************
2022-10-14 14:27:57 [http-nio-8084-exec-9] INFO  com.capstone.aspect.LoggerAspect - During: class com.capstone.controller.loanController.getloanDetailsofCustbyLoan() with arguments=<200 OK OK,loan [loanaccno=202211051, category=Personal, loan_amount=500000.0, custid=202200005, interest_rate=7.0, tenure=4],[]>
2022-10-14 14:27:57 [http-nio-8084-exec-9] INFO  com.capstone.aspect.LoggerAspect - *************************************
2022-10-14 14:28:13 [http-nio-8084-exec-2] INFO  com.capstone.aspect.LoggerAspect - Method name: com.capstone.controller.loanController
2022-10-14 14:28:13 [http-nio-8084-exec-2] INFO  com.capstone.aspect.LoggerAspect - Method arguments:[Ljava.lang.Object;@69ab8b28
2022-10-14 14:28:13 [http-nio-8084-exec-2] INFO  com.capstone.aspect.LoggerAspect - *************************************
2022-10-14 14:28:13 [http-nio-8084-exec-2] INFO  com.capstone.aspect.LoggerAspect - Method name: com.capstone.service.loanServiceImp
2022-10-14 14:28:13 [http-nio-8084-exec-2] INFO  com.capstone.aspect.LoggerAspect - Method arguments:[Ljava.lang.Object;@22a077
2022-10-14 14:28:13 [http-nio-8084-exec-2] INFO  com.capstone.aspect.LoggerAspect - *************************************
2022-10-14 14:28:13 [http-nio-8084-exec-2] INFO  com.capstone.aspect.LoggerAspect - During: class com.capstone.service.loanServiceImp.getloanDetailsofCustbyLoan() with arguments=loan [loanaccno=202211051, category=Personal, loan_amount=500000.0, custid=202200005, interest_rate=7.0, tenure=4]
2022-10-14 14:28:13 [http-nio-8084-exec-2] INFO  com.capstone.aspect.LoggerAspect - *************************************
2022-10-14 14:28:13 [http-nio-8084-exec-2] INFO  com.capstone.aspect.LoggerAspect - During: class com.capstone.controller.loanController.getloanDetailsofCustbyLoan() with arguments=<200 OK OK,loan [loanaccno=202211051, category=Personal, loan_amount=500000.0, custid=202200005, interest_rate=7.0, tenure=4],[]>
2022-10-14 14:28:13 [http-nio-8084-exec-2] INFO  com.capstone.aspect.LoggerAspect - *************************************
2022-10-14 14:28:22 [http-nio-8084-exec-3] INFO  com.capstone.aspect.LoggerAspect - Method name: com.capstone.controller.loanController
2022-10-14 14:28:22 [http-nio-8084-exec-3] INFO  com.capstone.aspect.LoggerAspect - Method arguments:[Ljava.lang.Object;@3d055b06
2022-10-14 14:28:22 [http-nio-8084-exec-3] INFO  com.capstone.aspect.LoggerAspect - *************************************
2022-10-14 14:28:22 [http-nio-8084-exec-3] INFO  com.capstone.aspect.LoggerAspect - Method name: com.capstone.service.loanServiceImp
2022-10-14 14:28:22 [http-nio-8084-exec-3] INFO  com.capstone.aspect.LoggerAspect - Method arguments:[Ljava.lang.Object;@5f6896c1
2022-10-14 14:28:22 [http-nio-8084-exec-3] INFO  com.capstone.aspect.LoggerAspect - *************************************
2022-10-14 14:28:22 [http-nio-8084-exec-3] INFO  com.capstone.aspect.LoggerAspect - During: class com.capstone.service.loanServiceImp.getloanDetailsofCustbyLoan() with arguments=loan [loanaccno=202211051, category=Personal, loan_amount=500000.0, custid=202200005, interest_rate=7.0, tenure=4]
2022-10-14 14:28:22 [http-nio-8084-exec-3] INFO  com.capstone.aspect.LoggerAspect - *************************************
2022-10-14 14:28:22 [http-nio-8084-exec-3] INFO  com.capstone.aspect.LoggerAspect - During: class com.capstone.controller.loanController.getloanDetailsofCustbyLoan() with arguments=<200 OK OK,loan [loanaccno=202211051, category=Personal, loan_amount=500000.0, custid=202200005, interest_rate=7.0, tenure=4],[]>
2022-10-14 14:28:22 [http-nio-8084-exec-3] INFO  com.capstone.aspect.LoggerAspect - *************************************
2022-10-14 14:28:36 [http-nio-8084-exec-5] INFO  com.capstone.aspect.LoggerAspect - Method name: com.capstone.controller.loanController
2022-10-14 14:28:36 [http-nio-8084-exec-5] INFO  com.capstone.aspect.LoggerAspect - Method arguments:[Ljava.lang.Object;@418d2eda
2022-10-14 14:28:36 [http-nio-8084-exec-5] INFO  com.capstone.aspect.LoggerAspect - *************************************
2022-10-14 14:28:36 [http-nio-8084-exec-5] INFO  com.capstone.aspect.LoggerAspect - Method name: com.capstone.service.loanServiceImp
2022-10-14 14:28:36 [http-nio-8084-exec-5] INFO  com.capstone.aspect.LoggerAspect - Method arguments:[Ljava.lang.Object;@496df11f
2022-10-14 14:28:36 [http-nio-8084-exec-5] INFO  com.capstone.aspect.LoggerAspect - *************************************
2022-10-14 14:28:36 [http-nio-8084-exec-5] INFO  com.capstone.aspect.LoggerAspect - During: class com.capstone.service.loanServiceImp.getloanDetailsofCustbyLoan() with arguments=loan [loanaccno=202211051, category=Personal, loan_amount=500000.0, custid=202200005, interest_rate=7.0, tenure=4]
2022-10-14 14:28:36 [http-nio-8084-exec-5] INFO  com.capstone.aspect.LoggerAspect - *************************************
2022-10-14 14:28:36 [http-nio-8084-exec-5] INFO  com.capstone.aspect.LoggerAspect - During: class com.capstone.controller.loanController.getloanDetailsofCustbyLoan() with arguments=<200 OK OK,loan [loanaccno=202211051, category=Personal, loan_amount=500000.0, custid=202200005, interest_rate=7.0, tenure=4],[]>
2022-10-14 14:28:36 [http-nio-8084-exec-5] INFO  com.capstone.aspect.LoggerAspect - *************************************
2022-10-14 14:28:54 [http-nio-8084-exec-7] INFO  com.capstone.aspect.LoggerAspect - Method name: com.capstone.controller.loanController
2022-10-14 14:28:54 [http-nio-8084-exec-7] INFO  com.capstone.aspect.LoggerAspect - Method arguments:[Ljava.lang.Object;@661efe9f
2022-10-14 14:28:54 [http-nio-8084-exec-7] INFO  com.capstone.aspect.LoggerAspect - *************************************
2022-10-14 14:28:54 [http-nio-8084-exec-7] INFO  com.capstone.aspect.LoggerAspect - Method name: com.capstone.service.loanServiceImp
2022-10-14 14:28:54 [http-nio-8084-exec-7] INFO  com.capstone.aspect.LoggerAspect - Method arguments:[Ljava.lang.Object;@391a37f0
2022-10-14 14:28:54 [http-nio-8084-exec-7] INFO  com.capstone.aspect.LoggerAspect - *************************************
2022-10-14 14:28:54 [http-nio-8084-exec-7] INFO  com.capstone.aspect.LoggerAspect - During: class com.capstone.service.loanServiceImp.getloanDetailsofCustbyLoan() with arguments=loan [loanaccno=202211051, category=Personal, loan_amount=500000.0, custid=202200005, interest_rate=7.0, tenure=4]
2022-10-14 14:28:54 [http-nio-8084-exec-7] INFO  com.capstone.aspect.LoggerAspect - *************************************
2022-10-14 14:28:54 [http-nio-8084-exec-7] INFO  com.capstone.aspect.LoggerAspect - During: class com.capstone.controller.loanController.getloanDetailsofCustbyLoan() with arguments=<200 OK OK,loan [loanaccno=202211051, category=Personal, loan_amount=500000.0, custid=202200005, interest_rate=7.0, tenure=4],[]>
2022-10-14 14:28:54 [http-nio-8084-exec-7] INFO  com.capstone.aspect.LoggerAspect - *************************************
2022-10-14 14:28:58 [http-nio-8084-exec-9] INFO  com.capstone.aspect.LoggerAspect - Method name: com.capstone.controller.loanController
2022-10-14 14:28:58 [http-nio-8084-exec-9] INFO  com.capstone.aspect.LoggerAspect - Method arguments:[Ljava.lang.Object;@7b29d2da
2022-10-14 14:28:58 [http-nio-8084-exec-9] INFO  com.capstone.aspect.LoggerAspect - *************************************
2022-10-14 14:28:58 [http-nio-8084-exec-9] INFO  com.capstone.aspect.LoggerAspect - Method name: com.capstone.service.loanServiceImp
2022-10-14 14:28:58 [http-nio-8084-exec-9] INFO  com.capstone.aspect.LoggerAspect - Method arguments:[Ljava.lang.Object;@794ebcbf
2022-10-14 14:28:58 [http-nio-8084-exec-9] INFO  com.capstone.aspect.LoggerAspect - *************************************
2022-10-14 14:28:58 [http-nio-8084-exec-9] INFO  com.capstone.aspect.LoggerAspect - During: class com.capstone.service.loanServiceImp.getLoanAccByCust() with arguments=[loan [loanaccno=202211051, category=Personal, loan_amount=500000.0, custid=202200005, interest_rate=7.0, tenure=4]]
2022-10-14 14:28:58 [http-nio-8084-exec-9] INFO  com.capstone.aspect.LoggerAspect - *************************************
2022-10-14 14:28:58 [http-nio-8084-exec-9] INFO  com.capstone.aspect.LoggerAspect - During: class com.capstone.controller.loanController.getloanDetailsbyCust() with arguments=<200 OK OK,[loan [loanaccno=202211051, category=Personal, loan_amount=500000.0, custid=202200005, interest_rate=7.0, tenure=4]],[]>
2022-10-14 14:28:58 [http-nio-8084-exec-9] INFO  com.capstone.aspect.LoggerAspect - *************************************
2022-10-14 14:31:22 [AsyncResolver-bootstrap-executor-0] INFO  c.n.d.s.r.aws.ConfigClusterResolver - Resolving eureka endpoints via configuration
2022-10-14 14:36:22 [AsyncResolver-bootstrap-executor-0] INFO  c.n.d.s.r.aws.ConfigClusterResolver - Resolving eureka endpoints via configuration
2022-10-14 14:39:59 [http-nio-8084-exec-1] INFO  com.capstone.aspect.LoggerAspect - Method name: com.capstone.controller.loanController
2022-10-14 14:39:59 [http-nio-8084-exec-1] INFO  com.capstone.aspect.LoggerAspect - Method arguments:[Ljava.lang.Object;@447e6a0
2022-10-14 14:39:59 [http-nio-8084-exec-1] INFO  com.capstone.aspect.LoggerAspect - *************************************
2022-10-14 14:39:59 [http-nio-8084-exec-1] INFO  com.capstone.aspect.LoggerAspect - Method name: com.capstone.service.loanServiceImp
2022-10-14 14:39:59 [http-nio-8084-exec-1] INFO  com.capstone.aspect.LoggerAspect - Method arguments:[Ljava.lang.Object;@f2612d5
2022-10-14 14:39:59 [http-nio-8084-exec-1] INFO  com.capstone.aspect.LoggerAspect - *************************************
2022-10-14 14:39:59 [http-nio-8084-exec-1] INFO  com.capstone.aspect.LoggerAspect - During: class com.capstone.service.loanServiceImp.getLoanAccByCust() with arguments=[loan [loanaccno=202211051, category=Personal, loan_amount=500000.0, custid=202200005, interest_rate=7.0, tenure=4]]
2022-10-14 14:39:59 [http-nio-8084-exec-1] INFO  com.capstone.aspect.LoggerAspect - *************************************
2022-10-14 14:39:59 [http-nio-8084-exec-1] INFO  com.capstone.aspect.LoggerAspect - During: class com.capstone.controller.loanController.getloanDetailsbyCust() with arguments=<200 OK OK,[loan [loanaccno=202211051, category=Personal, loan_amount=500000.0, custid=202200005, interest_rate=7.0, tenure=4]],[]>
2022-10-14 14:39:59 [http-nio-8084-exec-1] INFO  com.capstone.aspect.LoggerAspect - *************************************
2022-10-14 14:40:12 [http-nio-8084-exec-4] INFO  com.capstone.aspect.LoggerAspect - Method name: com.capstone.controller.loanController
2022-10-14 14:40:12 [http-nio-8084-exec-4] INFO  com.capstone.aspect.LoggerAspect - Method arguments:[Ljava.lang.Object;@65e863a9
2022-10-14 14:40:12 [http-nio-8084-exec-4] INFO  com.capstone.aspect.LoggerAspect - *************************************
2022-10-14 14:40:12 [http-nio-8084-exec-4] INFO  com.capstone.aspect.LoggerAspect - Method name: com.capstone.service.loanServiceImp
2022-10-14 14:40:12 [http-nio-8084-exec-4] INFO  com.capstone.aspect.LoggerAspect - Method arguments:[Ljava.lang.Object;@6c18c37a
2022-10-14 14:40:12 [http-nio-8084-exec-4] INFO  com.capstone.aspect.LoggerAspect - *************************************
2022-10-14 14:40:12 [http-nio-8084-exec-4] INFO  com.capstone.aspect.LoggerAspect - During: class com.capstone.service.loanServiceImp.getLoanAccByCust() with arguments=[loan [loanaccno=202211051, category=Personal, loan_amount=500000.0, custid=202200005, interest_rate=7.0, tenure=4]]
2022-10-14 14:40:12 [http-nio-8084-exec-4] INFO  com.capstone.aspect.LoggerAspect - *************************************
2022-10-14 14:40:12 [http-nio-8084-exec-4] INFO  com.capstone.aspect.LoggerAspect - During: class com.capstone.controller.loanController.getloanDetailsbyCust() with arguments=<200 OK OK,[loan [loanaccno=202211051, category=Personal, loan_amount=500000.0, custid=202200005, interest_rate=7.0, tenure=4]],[]>
2022-10-14 14:40:12 [http-nio-8084-exec-4] INFO  com.capstone.aspect.LoggerAspect - *************************************
2022-10-14 14:40:27 [http-nio-8084-exec-6] INFO  com.capstone.aspect.LoggerAspect - Method name: com.capstone.controller.loanController
2022-10-14 14:40:27 [http-nio-8084-exec-6] INFO  com.capstone.aspect.LoggerAspect - Method arguments:[Ljava.lang.Object;@6e7d06f4
2022-10-14 14:40:27 [http-nio-8084-exec-6] INFO  com.capstone.aspect.LoggerAspect - *************************************
2022-10-14 14:40:27 [http-nio-8084-exec-6] INFO  com.capstone.aspect.LoggerAspect - Method name: com.capstone.service.loanServiceImp
2022-10-14 14:40:27 [http-nio-8084-exec-6] INFO  com.capstone.aspect.LoggerAspect - Method arguments:[Ljava.lang.Object;@5443c22d
2022-10-14 14:40:27 [http-nio-8084-exec-6] INFO  com.capstone.aspect.LoggerAspect - *************************************
2022-10-14 14:40:27 [http-nio-8084-exec-6] INFO  com.capstone.aspect.LoggerAspect - During: class com.capstone.service.loanServiceImp.getloanDetailsofCustbyLoan() with arguments=loan [loanaccno=202211051, category=Personal, loan_amount=500000.0, custid=202200005, interest_rate=7.0, tenure=4]
2022-10-14 14:40:27 [http-nio-8084-exec-6] INFO  com.capstone.aspect.LoggerAspect - *************************************
2022-10-14 14:40:27 [http-nio-8084-exec-6] INFO  com.capstone.aspect.LoggerAspect - During: class com.capstone.controller.loanController.getloanDetailsofCustbyLoan() with arguments=<200 OK OK,loan [loanaccno=202211051, category=Personal, loan_amount=500000.0, custid=202200005, interest_rate=7.0, tenure=4],[]>
2022-10-14 14:40:27 [http-nio-8084-exec-6] INFO  com.capstone.aspect.LoggerAspect - *************************************
2022-10-14 14:40:55 [http-nio-8084-exec-8] INFO  com.capstone.aspect.LoggerAspect - Method name: com.capstone.controller.loanController
2022-10-14 14:40:55 [http-nio-8084-exec-8] INFO  com.capstone.aspect.LoggerAspect - Method arguments:[Ljava.lang.Object;@1c48a793
2022-10-14 14:40:55 [http-nio-8084-exec-8] INFO  com.capstone.aspect.LoggerAspect - *************************************
2022-10-14 14:40:55 [http-nio-8084-exec-8] INFO  com.capstone.aspect.LoggerAspect - Method name: com.capstone.service.loanServiceImp
2022-10-14 14:40:55 [http-nio-8084-exec-8] INFO  com.capstone.aspect.LoggerAspect - Method arguments:[Ljava.lang.Object;@10279c60
2022-10-14 14:40:55 [http-nio-8084-exec-8] INFO  com.capstone.aspect.LoggerAspect - *************************************
2022-10-14 14:40:55 [http-nio-8084-exec-8] INFO  com.capstone.aspect.LoggerAspect - During: class com.capstone.service.loanServiceImp.getloanDetailsofCustbyLoan() with arguments=loan [loanaccno=202211051, category=Personal, loan_amount=500000.0, custid=202200005, interest_rate=7.0, tenure=4]
2022-10-14 14:40:55 [http-nio-8084-exec-8] INFO  com.capstone.aspect.LoggerAspect - *************************************
2022-10-14 14:40:55 [http-nio-8084-exec-8] INFO  com.capstone.aspect.LoggerAspect - During: class com.capstone.controller.loanController.getloanDetailsofCustbyLoan() with arguments=<200 OK OK,loan [loanaccno=202211051, category=Personal, loan_amount=500000.0, custid=202200005, interest_rate=7.0, tenure=4],[]>
2022-10-14 14:40:55 [http-nio-8084-exec-8] INFO  com.capstone.aspect.LoggerAspect - *************************************
2022-10-14 14:41:22 [AsyncResolver-bootstrap-executor-0] INFO  c.n.d.s.r.aws.ConfigClusterResolver - Resolving eureka endpoints via configuration
2022-10-14 14:42:36 [http-nio-8084-exec-10] INFO  com.capstone.aspect.LoggerAspect - Method name: com.capstone.controller.loanController
2022-10-14 14:42:36 [http-nio-8084-exec-10] INFO  com.capstone.aspect.LoggerAspect - Method arguments:[Ljava.lang.Object;@424d5f02
2022-10-14 14:42:36 [http-nio-8084-exec-10] INFO  com.capstone.aspect.LoggerAspect - *************************************
2022-10-14 14:42:36 [http-nio-8084-exec-10] INFO  com.capstone.aspect.LoggerAspect - Method name: com.capstone.service.loanServiceImp
2022-10-14 14:42:36 [http-nio-8084-exec-10] INFO  com.capstone.aspect.LoggerAspect - Method arguments:[Ljava.lang.Object;@13d64350
2022-10-14 14:42:36 [http-nio-8084-exec-10] INFO  com.capstone.aspect.LoggerAspect - *************************************
2022-10-14 14:42:36 [http-nio-8084-exec-10] INFO  com.capstone.aspect.LoggerAspect - During: class com.capstone.service.loanServiceImp.getLoanAccByCust() with arguments=[loan [loanaccno=202211051, category=Personal, loan_amount=500000.0, custid=202200005, interest_rate=7.0, tenure=4]]
2022-10-14 14:42:36 [http-nio-8084-exec-10] INFO  com.capstone.aspect.LoggerAspect - *************************************
2022-10-14 14:42:36 [http-nio-8084-exec-10] INFO  com.capstone.aspect.LoggerAspect - During: class com.capstone.controller.loanController.getloanDetailsbyCust() with arguments=<200 OK OK,[loan [loanaccno=202211051, category=Personal, loan_amount=500000.0, custid=202200005, interest_rate=7.0, tenure=4]],[]>
2022-10-14 14:42:36 [http-nio-8084-exec-10] INFO  com.capstone.aspect.LoggerAspect - *************************************
2022-10-14 14:42:38 [http-nio-8084-exec-2] INFO  com.capstone.aspect.LoggerAspect - Method name: com.capstone.controller.loanController
2022-10-14 14:42:38 [http-nio-8084-exec-2] INFO  com.capstone.aspect.LoggerAspect - Method arguments:[Ljava.lang.Object;@63f6cea2
2022-10-14 14:42:38 [http-nio-8084-exec-2] INFO  com.capstone.aspect.LoggerAspect - *************************************
2022-10-14 14:42:38 [http-nio-8084-exec-2] INFO  com.capstone.aspect.LoggerAspect - Method name: com.capstone.service.loanServiceImp
2022-10-14 14:42:38 [http-nio-8084-exec-2] INFO  com.capstone.aspect.LoggerAspect - Method arguments:[Ljava.lang.Object;@6e92af57
2022-10-14 14:42:38 [http-nio-8084-exec-2] INFO  com.capstone.aspect.LoggerAspect - *************************************
2022-10-14 14:42:38 [http-nio-8084-exec-2] INFO  com.capstone.aspect.LoggerAspect - During: class com.capstone.service.loanServiceImp.getloanDetailsofCustbyLoan() with arguments=loan [loanaccno=202211051, category=Personal, loan_amount=500000.0, custid=202200005, interest_rate=7.0, tenure=4]
2022-10-14 14:42:38 [http-nio-8084-exec-2] INFO  com.capstone.aspect.LoggerAspect - *************************************
2022-10-14 14:42:38 [http-nio-8084-exec-2] INFO  com.capstone.aspect.LoggerAspect - During: class com.capstone.controller.loanController.getloanDetailsofCustbyLoan() with arguments=<200 OK OK,loan [loanaccno=202211051, category=Personal, loan_amount=500000.0, custid=202200005, interest_rate=7.0, tenure=4],[]>
2022-10-14 14:42:38 [http-nio-8084-exec-2] INFO  com.capstone.aspect.LoggerAspect - *************************************
2022-10-14 14:43:43 [http-nio-8084-exec-3] INFO  com.capstone.aspect.LoggerAspect - Method name: com.capstone.controller.loanController
2022-10-14 14:43:43 [http-nio-8084-exec-3] INFO  com.capstone.aspect.LoggerAspect - Method arguments:[Ljava.lang.Object;@625b3324
2022-10-14 14:43:43 [http-nio-8084-exec-3] INFO  com.capstone.aspect.LoggerAspect - *************************************
2022-10-14 14:43:43 [http-nio-8084-exec-3] INFO  com.capstone.aspect.LoggerAspect - Method name: com.capstone.service.loanServiceImp
2022-10-14 14:43:43 [http-nio-8084-exec-3] INFO  com.capstone.aspect.LoggerAspect - Method arguments:[Ljava.lang.Object;@3c9c2c05
2022-10-14 14:43:43 [http-nio-8084-exec-3] INFO  com.capstone.aspect.LoggerAspect - *************************************
2022-10-14 14:43:43 [http-nio-8084-exec-3] INFO  com.capstone.aspect.LoggerAspect - During: class com.capstone.service.loanServiceImp.getLoanAccByCust() with arguments=[loan [loanaccno=202211051, category=Personal, loan_amount=500000.0, custid=202200005, interest_rate=7.0, tenure=4]]
2022-10-14 14:43:43 [http-nio-8084-exec-3] INFO  com.capstone.aspect.LoggerAspect - *************************************
2022-10-14 14:43:43 [http-nio-8084-exec-3] INFO  com.capstone.aspect.LoggerAspect - During: class com.capstone.controller.loanController.getloanDetailsbyCust() with arguments=<200 OK OK,[loan [loanaccno=202211051, category=Personal, loan_amount=500000.0, custid=202200005, interest_rate=7.0, tenure=4]],[]>
2022-10-14 14:43:43 [http-nio-8084-exec-3] INFO  com.capstone.aspect.LoggerAspect - *************************************
2022-10-14 14:43:51 [http-nio-8084-exec-5] INFO  com.capstone.aspect.LoggerAspect - Method name: com.capstone.controller.loanController
2022-10-14 14:43:51 [http-nio-8084-exec-5] INFO  com.capstone.aspect.LoggerAspect - Method arguments:[Ljava.lang.Object;@3d3267c4
2022-10-14 14:43:51 [http-nio-8084-exec-5] INFO  com.capstone.aspect.LoggerAspect - *************************************
2022-10-14 14:43:51 [http-nio-8084-exec-5] INFO  com.capstone.aspect.LoggerAspect - Method name: com.capstone.service.loanServiceImp
2022-10-14 14:43:51 [http-nio-8084-exec-5] INFO  com.capstone.aspect.LoggerAspect - Method arguments:[Ljava.lang.Object;@6bf68263
2022-10-14 14:43:51 [http-nio-8084-exec-5] INFO  com.capstone.aspect.LoggerAspect - *************************************
2022-10-14 14:43:51 [http-nio-8084-exec-5] INFO  com.capstone.aspect.LoggerAspect - During: class com.capstone.service.loanServiceImp.getloanDetailsofCustbyLoan() with arguments=loan [loanaccno=202211051, category=Personal, loan_amount=500000.0, custid=202200005, interest_rate=7.0, tenure=4]
2022-10-14 14:43:51 [http-nio-8084-exec-5] INFO  com.capstone.aspect.LoggerAspect - *************************************
2022-10-14 14:43:51 [http-nio-8084-exec-5] INFO  com.capstone.aspect.LoggerAspect - During: class com.capstone.controller.loanController.getloanDetailsofCustbyLoan() with arguments=<200 OK OK,loan [loanaccno=202211051, category=Personal, loan_amount=500000.0, custid=202200005, interest_rate=7.0, tenure=4],[]>
2022-10-14 14:43:51 [http-nio-8084-exec-5] INFO  com.capstone.aspect.LoggerAspect - *************************************
2022-10-14 14:43:53 [http-nio-8084-exec-6] INFO  com.capstone.aspect.LoggerAspect - Method name: com.capstone.controller.loanController
2022-10-14 14:43:53 [http-nio-8084-exec-6] INFO  com.capstone.aspect.LoggerAspect - Method arguments:[Ljava.lang.Object;@38efef89
2022-10-14 14:43:53 [http-nio-8084-exec-6] INFO  com.capstone.aspect.LoggerAspect - *************************************
2022-10-14 14:43:53 [http-nio-8084-exec-6] INFO  com.capstone.aspect.LoggerAspect - Method name: com.capstone.service.loanServiceImp
2022-10-14 14:43:53 [http-nio-8084-exec-6] INFO  com.capstone.aspect.LoggerAspect - Method arguments:[Ljava.lang.Object;@69e949d9
2022-10-14 14:43:53 [http-nio-8084-exec-6] INFO  com.capstone.aspect.LoggerAspect - *************************************
2022-10-14 14:43:53 [http-nio-8084-exec-6] INFO  com.capstone.aspect.LoggerAspect - During: class com.capstone.service.loanServiceImp.getloanDetailsofCustbyLoan() with arguments=loan [loanaccno=202211051, category=Personal, loan_amount=500000.0, custid=202200005, interest_rate=7.0, tenure=4]
2022-10-14 14:43:53 [http-nio-8084-exec-6] INFO  com.capstone.aspect.LoggerAspect - *************************************
2022-10-14 14:43:53 [http-nio-8084-exec-6] INFO  com.capstone.aspect.LoggerAspect - During: class com.capstone.controller.loanController.getloanDetailsofCustbyLoan() with arguments=<200 OK OK,loan [loanaccno=202211051, category=Personal, loan_amount=500000.0, custid=202200005, interest_rate=7.0, tenure=4],[]>
2022-10-14 14:43:53 [http-nio-8084-exec-6] INFO  com.capstone.aspect.LoggerAspect - *************************************
2022-10-14 14:45:42 [http-nio-8084-exec-8] INFO  com.capstone.aspect.LoggerAspect - Method name: com.capstone.controller.loanController
2022-10-14 14:45:42 [http-nio-8084-exec-8] INFO  com.capstone.aspect.LoggerAspect - Method arguments:[Ljava.lang.Object;@43db667b
2022-10-14 14:45:42 [http-nio-8084-exec-8] INFO  com.capstone.aspect.LoggerAspect - *************************************
2022-10-14 14:45:42 [http-nio-8084-exec-8] INFO  com.capstone.aspect.LoggerAspect - Method name: com.capstone.service.loanServiceImp
2022-10-14 14:45:42 [http-nio-8084-exec-8] INFO  com.capstone.aspect.LoggerAspect - Method arguments:[Ljava.lang.Object;@5a00bf86
2022-10-14 14:45:42 [http-nio-8084-exec-8] INFO  com.capstone.aspect.LoggerAspect - *************************************
2022-10-14 14:45:42 [http-nio-8084-exec-8] INFO  com.capstone.aspect.LoggerAspect - During: class com.capstone.service.loanServiceImp.getLoanAccByCust() with arguments=[loan [loanaccno=202211051, category=Personal, loan_amount=500000.0, custid=202200005, interest_rate=7.0, tenure=4]]
2022-10-14 14:45:42 [http-nio-8084-exec-8] INFO  com.capstone.aspect.LoggerAspect - *************************************
2022-10-14 14:45:42 [http-nio-8084-exec-8] INFO  com.capstone.aspect.LoggerAspect - During: class com.capstone.controller.loanController.getloanDetailsbyCust() with arguments=<200 OK OK,[loan [loanaccno=202211051, category=Personal, loan_amount=500000.0, custid=202200005, interest_rate=7.0, tenure=4]],[]>
2022-10-14 14:45:42 [http-nio-8084-exec-8] INFO  com.capstone.aspect.LoggerAspect - *************************************
2022-10-14 14:45:47 [http-nio-8084-exec-10] INFO  com.capstone.aspect.LoggerAspect - Method name: com.capstone.controller.loanController
2022-10-14 14:45:47 [http-nio-8084-exec-10] INFO  com.capstone.aspect.LoggerAspect - Method arguments:[Ljava.lang.Object;@428542a1
2022-10-14 14:45:47 [http-nio-8084-exec-10] INFO  com.capstone.aspect.LoggerAspect - *************************************
2022-10-14 14:45:47 [http-nio-8084-exec-10] INFO  com.capstone.aspect.LoggerAspect - Method name: com.capstone.service.loanServiceImp
2022-10-14 14:45:47 [http-nio-8084-exec-10] INFO  com.capstone.aspect.LoggerAspect - Method arguments:[Ljava.lang.Object;@1398d7c9
2022-10-14 14:45:47 [http-nio-8084-exec-10] INFO  com.capstone.aspect.LoggerAspect - *************************************
2022-10-14 14:45:47 [http-nio-8084-exec-10] INFO  com.capstone.aspect.LoggerAspect - During: class com.capstone.service.loanServiceImp.getloanDetailsofCustbyLoan() with arguments=loan [loanaccno=202211051, category=Personal, loan_amount=500000.0, custid=202200005, interest_rate=7.0, tenure=4]
2022-10-14 14:45:47 [http-nio-8084-exec-10] INFO  com.capstone.aspect.LoggerAspect - *************************************
2022-10-14 14:45:47 [http-nio-8084-exec-10] INFO  com.capstone.aspect.LoggerAspect - During: class com.capstone.controller.loanController.getloanDetailsofCustbyLoan() with arguments=<200 OK OK,loan [loanaccno=202211051, category=Personal, loan_amount=500000.0, custid=202200005, interest_rate=7.0, tenure=4],[]>
2022-10-14 14:45:47 [http-nio-8084-exec-10] INFO  com.capstone.aspect.LoggerAspect - *************************************
2022-10-14 14:45:57 [http-nio-8084-exec-1] INFO  com.capstone.aspect.LoggerAspect - Method name: com.capstone.controller.loanController
2022-10-14 14:45:57 [http-nio-8084-exec-1] INFO  com.capstone.aspect.LoggerAspect - Method arguments:[Ljava.lang.Object;@5a84f98b
2022-10-14 14:45:57 [http-nio-8084-exec-1] INFO  com.capstone.aspect.LoggerAspect - *************************************
2022-10-14 14:45:57 [http-nio-8084-exec-1] INFO  com.capstone.aspect.LoggerAspect - Method name: com.capstone.service.loanServiceImp
2022-10-14 14:45:57 [http-nio-8084-exec-1] INFO  com.capstone.aspect.LoggerAspect - Method arguments:[Ljava.lang.Object;@772a1e4
2022-10-14 14:45:57 [http-nio-8084-exec-1] INFO  com.capstone.aspect.LoggerAspect - *************************************
2022-10-14 14:45:57 [http-nio-8084-exec-1] INFO  com.capstone.aspect.LoggerAspect - During: class com.capstone.service.loanServiceImp.getLoanAccByCust() with arguments=[loan [loanaccno=202211051, category=Personal, loan_amount=500000.0, custid=202200005, interest_rate=7.0, tenure=4]]
2022-10-14 14:45:57 [http-nio-8084-exec-1] INFO  com.capstone.aspect.LoggerAspect - *************************************
2022-10-14 14:45:57 [http-nio-8084-exec-1] INFO  com.capstone.aspect.LoggerAspect - During: class com.capstone.controller.loanController.getloanDetailsbyCust() with arguments=<200 OK OK,[loan [loanaccno=202211051, category=Personal, loan_amount=500000.0, custid=202200005, interest_rate=7.0, tenure=4]],[]>
2022-10-14 14:45:57 [http-nio-8084-exec-1] INFO  com.capstone.aspect.LoggerAspect - *************************************
2022-10-14 14:45:58 [http-nio-8084-exec-3] INFO  com.capstone.aspect.LoggerAspect - Method name: com.capstone.controller.loanController
2022-10-14 14:45:58 [http-nio-8084-exec-3] INFO  com.capstone.aspect.LoggerAspect - Method arguments:[Ljava.lang.Object;@18f0e59c
2022-10-14 14:45:58 [http-nio-8084-exec-3] INFO  com.capstone.aspect.LoggerAspect - *************************************
2022-10-14 14:45:58 [http-nio-8084-exec-3] INFO  com.capstone.aspect.LoggerAspect - Method name: com.capstone.service.loanServiceImp
2022-10-14 14:45:58 [http-nio-8084-exec-3] INFO  com.capstone.aspect.LoggerAspect - Method arguments:[Ljava.lang.Object;@2ac3e54f
2022-10-14 14:45:58 [http-nio-8084-exec-3] INFO  com.capstone.aspect.LoggerAspect - *************************************
2022-10-14 14:45:58 [http-nio-8084-exec-3] INFO  com.capstone.aspect.LoggerAspect - During: class com.capstone.service.loanServiceImp.getloanDetailsofCustbyLoan() with arguments=loan [loanaccno=202211051, category=Personal, loan_amount=500000.0, custid=202200005, interest_rate=7.0, tenure=4]
2022-10-14 14:45:58 [http-nio-8084-exec-3] INFO  com.capstone.aspect.LoggerAspect - *************************************
2022-10-14 14:45:58 [http-nio-8084-exec-3] INFO  com.capstone.aspect.LoggerAspect - During: class com.capstone.controller.loanController.getloanDetailsofCustbyLoan() with arguments=<200 OK OK,loan [loanaccno=202211051, category=Personal, loan_amount=500000.0, custid=202200005, interest_rate=7.0, tenure=4],[]>
2022-10-14 14:45:58 [http-nio-8084-exec-3] INFO  com.capstone.aspect.LoggerAspect - *************************************
2022-10-14 14:46:22 [AsyncResolver-bootstrap-executor-0] INFO  c.n.d.s.r.aws.ConfigClusterResolver - Resolving eureka endpoints via configuration
2022-10-14 14:47:27 [File Watcher] INFO  o.s.b.d.a.LocalDevToolsAutoConfiguration$RestartingClassPathChangeChangedEventListener - Restarting due to 3 class path changes (0 additions, 0 deletions, 3 modifications)
2022-10-14 14:47:27 [Thread-1] INFO  o.s.c.n.e.s.EurekaServiceRegistry - Unregistering application LOAN-API with eureka with status DOWN
2022-10-14 14:47:27 [Thread-1] INFO  c.netflix.discovery.DiscoveryClient - Saw local status change event StatusChangeEvent [timestamp=1665739047439, current=DOWN, previous=UP]
2022-10-14 14:47:27 [DiscoveryClient-InstanceInfoReplicator-0] INFO  c.netflix.discovery.DiscoveryClient - DiscoveryClient_LOAN-API/192.168.0.7:loan-api:8084: registering service...
2022-10-14 14:47:27 [DiscoveryClient-InstanceInfoReplicator-0] INFO  c.netflix.discovery.DiscoveryClient - DiscoveryClient_LOAN-API/192.168.0.7:loan-api:8084 - registration status: 204
2022-10-14 14:47:27 [Thread-1] INFO  o.a.coyote.http11.Http11NioProtocol - Pausing ProtocolHandler ["http-nio-8084"]
2022-10-14 14:47:27 [Thread-1] INFO  o.a.catalina.core.StandardService - Stopping service [Tomcat]
2022-10-14 14:47:27 [Thread-1] INFO  o.a.c.c.C.[Tomcat].[localhost].[/] - Destroying Spring FrameworkServlet 'dispatcherServlet'
2022-10-14 14:47:27 [Thread-1] INFO  o.a.coyote.http11.Http11NioProtocol - Stopping ProtocolHandler ["http-nio-8084"]
2022-10-14 14:47:27 [Thread-1] INFO  o.a.coyote.http11.Http11NioProtocol - Destroying ProtocolHandler ["http-nio-8084"]
2022-10-14 14:47:27 [Thread-1] INFO  o.s.o.j.LocalContainerEntityManagerFactoryBean - Closing JPA EntityManagerFactory for persistence unit 'default'
2022-10-14 14:47:27 [Thread-1] INFO  com.zaxxer.hikari.HikariDataSource - HikariPool-1 - Shutdown initiated...
2022-10-14 14:47:37 [Thread-1] INFO  com.zaxxer.hikari.HikariDataSource - HikariPool-1 - Shutdown completed.
2022-10-14 14:47:37 [Thread-1] INFO  c.netflix.discovery.DiscoveryClient - Shutting down DiscoveryClient ...
2022-10-14 14:47:40 [Thread-1] INFO  c.netflix.discovery.DiscoveryClient - Unregistering ...
2022-10-14 14:47:40 [Thread-1] INFO  c.netflix.discovery.DiscoveryClient - DiscoveryClient_LOAN-API/192.168.0.7:loan-api:8084 - deregister  status: 200
2022-10-14 14:47:41 [Thread-1] INFO  c.netflix.discovery.DiscoveryClient - Completed shut down of DiscoveryClient
2022-10-14 14:47:42 [restartedMain] INFO  com.capstone.LoanApiApplication - Starting LoanApiApplication using Java 17.0.2 on MOHAN with PID 2404 (C:\Users\mohan\Downloads\Natwest Capstone\frontend\spring-master\loan-api\target\classes started by mohan in C:\Users\mohan\Downloads\Natwest Capstone\frontend\spring-master\loan-api)
2022-10-14 14:47:42 [restartedMain] INFO  com.capstone.LoanApiApplication - No active profile set, falling back to 1 default profile: "default"
2022-10-14 14:47:44 [restartedMain] INFO  o.s.d.r.c.RepositoryConfigurationDelegate - Bootstrapping Spring Data JPA repositories in DEFAULT mode.
2022-10-14 14:47:44 [restartedMain] INFO  o.s.d.r.c.RepositoryConfigurationDelegate - Finished Spring Data repository scanning in 21 ms. Found 1 JPA repository interfaces.
2022-10-14 14:47:44 [restartedMain] INFO  o.s.cloud.context.scope.GenericScope - BeanFactory id=45fe97d3-c3fe-391b-82f8-b9579b09bcd6
2022-10-14 14:47:44 [restartedMain] INFO  o.s.b.w.e.tomcat.TomcatWebServer - Tomcat initialized with port(s): 8084 (http)
2022-10-14 14:47:44 [restartedMain] INFO  o.a.coyote.http11.Http11NioProtocol - Initializing ProtocolHandler ["http-nio-8084"]
2022-10-14 14:47:44 [restartedMain] INFO  o.a.catalina.core.StandardService - Starting service [Tomcat]
2022-10-14 14:47:44 [restartedMain] INFO  o.a.catalina.core.StandardEngine - Starting Servlet engine: [Apache Tomcat/9.0.65]
2022-10-14 14:47:45 [restartedMain] INFO  o.a.c.c.C.[Tomcat].[localhost].[/] - Initializing Spring embedded WebApplicationContext
2022-10-14 14:47:45 [restartedMain] INFO  o.s.b.w.s.c.ServletWebServerApplicationContext - Root WebApplicationContext: initialization completed in 2190 ms
2022-10-14 14:47:45 [restartedMain] INFO  o.a.catalina.core.StandardContext - Suspicious URL pattern: [/api/**] in context [], see sections 12.1 and 12.2 of the Servlet specification
2022-10-14 14:47:45 [restartedMain] INFO  o.h.jpa.internal.util.LogHelper - HHH000204: Processing PersistenceUnitInfo [name: default]
2022-10-14 14:47:45 [restartedMain] INFO  com.zaxxer.hikari.HikariDataSource - HikariPool-2 - Starting...
2022-10-14 14:47:45 [restartedMain] INFO  com.zaxxer.hikari.HikariDataSource - HikariPool-2 - Start completed.
2022-10-14 14:47:45 [restartedMain] INFO  org.hibernate.dialect.Dialect - HHH000400: Using dialect: org.hibernate.dialect.MySQL8Dialect
2022-10-14 14:47:46 [restartedMain] INFO  o.h.e.t.j.p.i.JtaPlatformInitiator - HHH000490: Using JtaPlatform implementation: [org.hibernate.engine.transaction.jta.platform.internal.NoJtaPlatform]
2022-10-14 14:47:46 [restartedMain] INFO  o.s.o.j.LocalContainerEntityManagerFactoryBean - Initialized JPA EntityManagerFactory for persistence unit 'default'
2022-10-14 14:47:46 [restartedMain] WARN  o.s.b.a.o.j.JpaBaseConfiguration$JpaWebConfiguration - spring.jpa.open-in-view is enabled by default. Therefore, database queries may be performed during view rendering. Explicitly configure spring.jpa.open-in-view to disable this warning
2022-10-14 14:47:47 [restartedMain] WARN  o.s.b.d.a.OptionalLiveReloadServer - Unable to start LiveReload server
2022-10-14 14:47:47 [restartedMain] INFO  o.s.c.n.e.c.DiscoveryClientOptionalArgsConfiguration - Eureka HTTP Client uses RestTemplate.
2022-10-14 14:47:47 [restartedMain] WARN  o.s.c.l.c.LoadBalancerCacheAutoConfiguration$LoadBalancerCaffeineWarnLogger - Spring Cloud LoadBalancer is currently working with the default cache. While this cache implementation is useful for development and tests, it's recommended to use Caffeine cache in production.You can switch to using Caffeine cache, by adding it and org.springframework.cache.caffeine.CaffeineCacheManager to the classpath.
2022-10-14 14:47:47 [restartedMain] INFO  o.s.c.n.eureka.InstanceInfoFactory - Setting initial instance status as: STARTING
2022-10-14 14:47:47 [restartedMain] INFO  c.netflix.discovery.DiscoveryClient - Initializing Eureka in region us-east-1
2022-10-14 14:47:47 [restartedMain] INFO  c.n.d.s.r.aws.ConfigClusterResolver - Resolving eureka endpoints via configuration
2022-10-14 14:47:47 [restartedMain] INFO  c.netflix.discovery.DiscoveryClient - Disable delta property : false
2022-10-14 14:47:47 [restartedMain] INFO  c.netflix.discovery.DiscoveryClient - Single vip registry refresh property : null
2022-10-14 14:47:47 [restartedMain] INFO  c.netflix.discovery.DiscoveryClient - Force full registry fetch : false
2022-10-14 14:47:47 [restartedMain] INFO  c.netflix.discovery.DiscoveryClient - Application is null : false
2022-10-14 14:47:47 [restartedMain] INFO  c.netflix.discovery.DiscoveryClient - Registered Applications size is zero : true
2022-10-14 14:47:47 [restartedMain] INFO  c.netflix.discovery.DiscoveryClient - Application version is -1: true
2022-10-14 14:47:47 [restartedMain] INFO  c.netflix.discovery.DiscoveryClient - Getting all instance registry info from the eureka server
2022-10-14 14:47:48 [restartedMain] INFO  c.netflix.discovery.DiscoveryClient - The response status is 200
2022-10-14 14:47:48 [restartedMain] INFO  c.netflix.discovery.DiscoveryClient - Starting heartbeat executor: renew interval is: 30
2022-10-14 14:47:48 [restartedMain] INFO  c.n.discovery.InstanceInfoReplicator - InstanceInfoReplicator onDemand update allowed rate per min is 4
2022-10-14 14:47:48 [restartedMain] INFO  c.netflix.discovery.DiscoveryClient - Discovery Client initialized at timestamp 1665739068086 with initial instances count: 7
2022-10-14 14:47:48 [restartedMain] INFO  o.s.c.n.e.s.EurekaServiceRegistry - Registering application LOAN-API with eureka with status UP
2022-10-14 14:47:48 [restartedMain] INFO  c.netflix.discovery.DiscoveryClient - Saw local status change event StatusChangeEvent [timestamp=1665739068088, current=UP, previous=STARTING]
2022-10-14 14:47:48 [restartedMain] INFO  o.a.coyote.http11.Http11NioProtocol - Starting ProtocolHandler ["http-nio-8084"]
2022-10-14 14:47:48 [restartedMain] INFO  o.s.b.w.e.tomcat.TomcatWebServer - Tomcat started on port(s): 8084 (http) with context path ''
2022-10-14 14:47:48 [restartedMain] INFO  o.s.c.n.e.s.EurekaAutoServiceRegistration - Updating port to 8084
2022-10-14 14:47:48 [DiscoveryClient-InstanceInfoReplicator-0] INFO  c.netflix.discovery.DiscoveryClient - DiscoveryClient_LOAN-API/192.168.0.7:loan-api:8084: registering service...
2022-10-14 14:47:48 [DiscoveryClient-InstanceInfoReplicator-0] INFO  c.netflix.discovery.DiscoveryClient - DiscoveryClient_LOAN-API/192.168.0.7:loan-api:8084 - registration status: 204
2022-10-14 14:47:48 [restartedMain] INFO  com.capstone.LoanApiApplication - Started LoanApiApplication in 6.06 seconds (JVM running for 13592.491)
2022-10-14 14:47:48 [restartedMain] INFO  o.s.b.d.a.ConditionEvaluationDeltaLoggingListener - Condition evaluation unchanged
2022-10-14 14:48:40 [http-nio-8084-exec-1] INFO  o.a.c.c.C.[Tomcat].[localhost].[/] - Initializing Spring DispatcherServlet 'dispatcherServlet'
2022-10-14 14:48:40 [http-nio-8084-exec-1] INFO  o.s.web.servlet.DispatcherServlet - Initializing Servlet 'dispatcherServlet'
2022-10-14 14:48:40 [http-nio-8084-exec-1] INFO  o.s.web.servlet.DispatcherServlet - Completed initialization in 3 ms
2022-10-14 14:48:40 [http-nio-8084-exec-1] INFO  com.capstone.aspect.LoggerAspect - Method name: com.capstone.controller.loanController
2022-10-14 14:48:40 [http-nio-8084-exec-1] INFO  com.capstone.aspect.LoggerAspect - Method arguments:[Ljava.lang.Object;@2ada094c
2022-10-14 14:48:40 [http-nio-8084-exec-1] INFO  com.capstone.aspect.LoggerAspect - *************************************
2022-10-14 14:48:40 [http-nio-8084-exec-1] INFO  com.capstone.aspect.LoggerAspect - Method name: com.capstone.service.loanServiceImp
2022-10-14 14:48:40 [http-nio-8084-exec-1] INFO  com.capstone.aspect.LoggerAspect - Method arguments:[Ljava.lang.Object;@273e6636
2022-10-14 14:48:40 [http-nio-8084-exec-1] INFO  com.capstone.aspect.LoggerAspect - *************************************
2022-10-14 14:48:40 [http-nio-8084-exec-1] INFO  com.capstone.aspect.LoggerAspect - During: class com.capstone.service.loanServiceImp.getLoanAccByCust() with arguments=[loan [loanaccno=202211051, category=Personal, loan_amount=500000.0, custid=202200005, interest_rate=7.0, tenure=4]]
2022-10-14 14:48:40 [http-nio-8084-exec-1] INFO  com.capstone.aspect.LoggerAspect - *************************************
2022-10-14 14:48:40 [http-nio-8084-exec-1] INFO  com.capstone.aspect.LoggerAspect - During: class com.capstone.controller.loanController.getloanDetailsbyCust() with arguments=<200 OK OK,[loan [loanaccno=202211051, category=Personal, loan_amount=500000.0, custid=202200005, interest_rate=7.0, tenure=4]],[]>
2022-10-14 14:48:40 [http-nio-8084-exec-1] INFO  com.capstone.aspect.LoggerAspect - *************************************
2022-10-14 14:48:43 [http-nio-8084-exec-4] INFO  com.capstone.aspect.LoggerAspect - Method name: com.capstone.controller.loanController
2022-10-14 14:48:43 [http-nio-8084-exec-4] INFO  com.capstone.aspect.LoggerAspect - Method arguments:[Ljava.lang.Object;@1bbe80bc
2022-10-14 14:48:43 [http-nio-8084-exec-4] INFO  com.capstone.aspect.LoggerAspect - *************************************
2022-10-14 14:48:43 [http-nio-8084-exec-4] INFO  com.capstone.aspect.LoggerAspect - Method name: com.capstone.service.loanServiceImp
2022-10-14 14:48:43 [http-nio-8084-exec-4] INFO  com.capstone.aspect.LoggerAspect - Method arguments:[Ljava.lang.Object;@15796dbb
2022-10-14 14:48:43 [http-nio-8084-exec-4] INFO  com.capstone.aspect.LoggerAspect - *************************************
2022-10-14 14:48:43 [http-nio-8084-exec-4] INFO  com.capstone.aspect.LoggerAspect - During: class com.capstone.service.loanServiceImp.getLoanAccByCust() with arguments=[loan [loanaccno=202211051, category=Personal, loan_amount=500000.0, custid=202200005, interest_rate=7.0, tenure=4]]
2022-10-14 14:48:43 [http-nio-8084-exec-4] INFO  com.capstone.aspect.LoggerAspect - *************************************
2022-10-14 14:48:43 [http-nio-8084-exec-4] INFO  com.capstone.aspect.LoggerAspect - During: class com.capstone.controller.loanController.getloanDetailsbyCust() with arguments=<200 OK OK,[loan [loanaccno=202211051, category=Personal, loan_amount=500000.0, custid=202200005, interest_rate=7.0, tenure=4]],[]>
2022-10-14 14:48:43 [http-nio-8084-exec-4] INFO  com.capstone.aspect.LoggerAspect - *************************************
2022-10-14 14:48:44 [http-nio-8084-exec-2] INFO  com.capstone.aspect.LoggerAspect - Method name: com.capstone.controller.loanController
2022-10-14 14:48:44 [http-nio-8084-exec-2] INFO  com.capstone.aspect.LoggerAspect - Method arguments:[Ljava.lang.Object;@1890fef3
2022-10-14 14:48:44 [http-nio-8084-exec-2] INFO  com.capstone.aspect.LoggerAspect - *************************************
2022-10-14 14:48:44 [http-nio-8084-exec-2] INFO  com.capstone.aspect.LoggerAspect - Method name: com.capstone.service.loanServiceImp
2022-10-14 14:48:44 [http-nio-8084-exec-2] INFO  com.capstone.aspect.LoggerAspect - Method arguments:[Ljava.lang.Object;@5d927385
2022-10-14 14:48:44 [http-nio-8084-exec-2] INFO  com.capstone.aspect.LoggerAspect - *************************************
2022-10-14 14:48:44 [http-nio-8084-exec-2] INFO  com.capstone.aspect.LoggerAspect - During: class com.capstone.service.loanServiceImp.getloanDetailsofCustbyLoan() with arguments=loan [loanaccno=202211051, category=Personal, loan_amount=500000.0, custid=202200005, interest_rate=7.0, tenure=4]
2022-10-14 14:48:44 [http-nio-8084-exec-2] INFO  com.capstone.aspect.LoggerAspect - *************************************
2022-10-14 14:48:44 [http-nio-8084-exec-2] INFO  com.capstone.aspect.LoggerAspect - During: class com.capstone.controller.loanController.getloanDetailsofCustbyLoan() with arguments=<200 OK OK,loan [loanaccno=202211051, category=Personal, loan_amount=500000.0, custid=202200005, interest_rate=7.0, tenure=4],[]>
2022-10-14 14:48:44 [http-nio-8084-exec-2] INFO  com.capstone.aspect.LoggerAspect - *************************************
2022-10-14 14:51:55 [http-nio-8084-exec-7] INFO  com.capstone.aspect.LoggerAspect - Method name: com.capstone.controller.loanController
2022-10-14 14:51:55 [http-nio-8084-exec-7] INFO  com.capstone.aspect.LoggerAspect - Method arguments:[Ljava.lang.Object;@64204dea
2022-10-14 14:51:55 [http-nio-8084-exec-7] INFO  com.capstone.aspect.LoggerAspect - *************************************
2022-10-14 14:51:55 [http-nio-8084-exec-7] INFO  com.capstone.aspect.LoggerAspect - Method name: com.capstone.service.loanServiceImp
2022-10-14 14:51:55 [http-nio-8084-exec-7] INFO  com.capstone.aspect.LoggerAspect - Method arguments:[Ljava.lang.Object;@7a8e3174
2022-10-14 14:51:55 [http-nio-8084-exec-7] INFO  com.capstone.aspect.LoggerAspect - *************************************
2022-10-14 14:51:55 [http-nio-8084-exec-7] INFO  com.capstone.aspect.LoggerAspect - During: class com.capstone.service.loanServiceImp.getloanDetailsofCustbyLoan() with arguments=loan [loanaccno=202211051, category=Personal, loan_amount=500000.0, custid=202200005, interest_rate=7.0, tenure=4]
2022-10-14 14:51:55 [http-nio-8084-exec-7] INFO  com.capstone.aspect.LoggerAspect - *************************************
2022-10-14 14:51:55 [http-nio-8084-exec-7] INFO  com.capstone.aspect.LoggerAspect - During: class com.capstone.controller.loanController.getloanDetailsofCustbyLoan() with arguments=<200 OK OK,loan [loanaccno=202211051, category=Personal, loan_amount=500000.0, custid=202200005, interest_rate=7.0, tenure=4],[]>
2022-10-14 14:51:55 [http-nio-8084-exec-7] INFO  com.capstone.aspect.LoggerAspect - *************************************
2022-10-14 14:52:27 [http-nio-8084-exec-5] INFO  com.capstone.aspect.LoggerAspect - Method name: com.capstone.controller.loanController
2022-10-14 14:52:27 [http-nio-8084-exec-5] INFO  com.capstone.aspect.LoggerAspect - Method arguments:[Ljava.lang.Object;@5f63109b
2022-10-14 14:52:27 [http-nio-8084-exec-5] INFO  com.capstone.aspect.LoggerAspect - *************************************
2022-10-14 14:52:27 [http-nio-8084-exec-5] INFO  com.capstone.aspect.LoggerAspect - Method name: com.capstone.service.loanServiceImp
2022-10-14 14:52:27 [http-nio-8084-exec-5] INFO  com.capstone.aspect.LoggerAspect - Method arguments:[Ljava.lang.Object;@51a4e507
2022-10-14 14:52:27 [http-nio-8084-exec-5] INFO  com.capstone.aspect.LoggerAspect - *************************************
2022-10-14 14:52:27 [http-nio-8084-exec-5] INFO  com.capstone.aspect.LoggerAspect - During: class com.capstone.service.loanServiceImp.getloanDetailsofCustbyLoan() with arguments=loan [loanaccno=202211051, category=Personal, loan_amount=500000.0, custid=202200005, interest_rate=7.0, tenure=4]
2022-10-14 14:52:27 [http-nio-8084-exec-5] INFO  com.capstone.aspect.LoggerAspect - *************************************
2022-10-14 14:52:27 [http-nio-8084-exec-5] INFO  com.capstone.aspect.LoggerAspect - During: class com.capstone.controller.loanController.getloanDetailsofCustbyLoan() with arguments=<200 OK OK,loan [loanaccno=202211051, category=Personal, loan_amount=500000.0, custid=202200005, interest_rate=7.0, tenure=4],[]>
2022-10-14 14:52:27 [http-nio-8084-exec-5] INFO  com.capstone.aspect.LoggerAspect - *************************************
2022-10-14 14:52:48 [AsyncResolver-bootstrap-executor-0] INFO  c.n.d.s.r.aws.ConfigClusterResolver - Resolving eureka endpoints via configuration
2022-10-14 14:53:28 [http-nio-8084-exec-9] INFO  com.capstone.aspect.LoggerAspect - Method name: com.capstone.controller.loanController
2022-10-14 14:53:28 [http-nio-8084-exec-9] INFO  com.capstone.aspect.LoggerAspect - Method arguments:[Ljava.lang.Object;@2084c6d8
2022-10-14 14:53:28 [http-nio-8084-exec-9] INFO  com.capstone.aspect.LoggerAspect - *************************************
2022-10-14 14:53:28 [http-nio-8084-exec-9] INFO  com.capstone.aspect.LoggerAspect - Method name: com.capstone.service.loanServiceImp
2022-10-14 14:53:28 [http-nio-8084-exec-9] INFO  com.capstone.aspect.LoggerAspect - Method arguments:[Ljava.lang.Object;@9557ec5
2022-10-14 14:53:28 [http-nio-8084-exec-9] INFO  com.capstone.aspect.LoggerAspect - *************************************
2022-10-14 14:53:28 [http-nio-8084-exec-9] INFO  com.capstone.aspect.LoggerAspect - During: class com.capstone.service.loanServiceImp.getloanDetailsofCustbyLoan() with arguments=loan [loanaccno=202211051, category=Personal, loan_amount=500000.0, custid=202200005, interest_rate=7.0, tenure=4]
2022-10-14 14:53:28 [http-nio-8084-exec-9] INFO  com.capstone.aspect.LoggerAspect - *************************************
2022-10-14 14:53:28 [http-nio-8084-exec-9] INFO  com.capstone.aspect.LoggerAspect - During: class com.capstone.controller.loanController.getloanDetailsofCustbyLoan() with arguments=<200 OK OK,loan [loanaccno=202211051, category=Personal, loan_amount=500000.0, custid=202200005, interest_rate=7.0, tenure=4],[]>
2022-10-14 14:53:28 [http-nio-8084-exec-9] INFO  com.capstone.aspect.LoggerAspect - *************************************
2022-10-14 14:57:48 [AsyncResolver-bootstrap-executor-0] INFO  c.n.d.s.r.aws.ConfigClusterResolver - Resolving eureka endpoints via configuration
2022-10-14 15:02:48 [AsyncResolver-bootstrap-executor-0] INFO  c.n.d.s.r.aws.ConfigClusterResolver - Resolving eureka endpoints via configuration
2022-10-14 15:07:48 [AsyncResolver-bootstrap-executor-0] INFO  c.n.d.s.r.aws.ConfigClusterResolver - Resolving eureka endpoints via configuration
2022-10-14 15:08:14 [http-nio-8084-exec-1] INFO  com.capstone.aspect.LoggerAspect - Method name: com.capstone.controller.loanController
2022-10-14 15:08:14 [http-nio-8084-exec-1] INFO  com.capstone.aspect.LoggerAspect - Method arguments:[Ljava.lang.Object;@48f039b4
2022-10-14 15:08:14 [http-nio-8084-exec-1] INFO  com.capstone.aspect.LoggerAspect - *************************************
2022-10-14 15:08:14 [http-nio-8084-exec-1] INFO  com.capstone.aspect.LoggerAspect - Method name: com.capstone.service.loanServiceImp
2022-10-14 15:08:14 [http-nio-8084-exec-1] INFO  com.capstone.aspect.LoggerAspect - Method arguments:[Ljava.lang.Object;@37e7842
2022-10-14 15:08:14 [http-nio-8084-exec-1] INFO  com.capstone.aspect.LoggerAspect - *************************************
2022-10-14 15:08:14 [http-nio-8084-exec-1] INFO  com.capstone.aspect.LoggerAspect - During: class com.capstone.service.loanServiceImp.getLoanAccByCust() with arguments=[loan [loanaccno=202211051, category=Personal, loan_amount=500000.0, custid=202200005, interest_rate=7.0, tenure=4]]
2022-10-14 15:08:14 [http-nio-8084-exec-1] INFO  com.capstone.aspect.LoggerAspect - *************************************
2022-10-14 15:08:14 [http-nio-8084-exec-1] INFO  com.capstone.aspect.LoggerAspect - During: class com.capstone.controller.loanController.getloanDetailsbyCust() with arguments=<200 OK OK,[loan [loanaccno=202211051, category=Personal, loan_amount=500000.0, custid=202200005, interest_rate=7.0, tenure=4]],[]>
2022-10-14 15:08:14 [http-nio-8084-exec-1] INFO  com.capstone.aspect.LoggerAspect - *************************************
2022-10-14 15:08:17 [http-nio-8084-exec-4] INFO  com.capstone.aspect.LoggerAspect - Method name: com.capstone.controller.loanController
2022-10-14 15:08:17 [http-nio-8084-exec-4] INFO  com.capstone.aspect.LoggerAspect - Method arguments:[Ljava.lang.Object;@43649f44
2022-10-14 15:08:17 [http-nio-8084-exec-4] INFO  com.capstone.aspect.LoggerAspect - *************************************
2022-10-14 15:08:17 [http-nio-8084-exec-4] INFO  com.capstone.aspect.LoggerAspect - Method name: com.capstone.service.loanServiceImp
2022-10-14 15:08:17 [http-nio-8084-exec-4] INFO  com.capstone.aspect.LoggerAspect - Method arguments:[Ljava.lang.Object;@3f193026
2022-10-14 15:08:17 [http-nio-8084-exec-4] INFO  com.capstone.aspect.LoggerAspect - *************************************
2022-10-14 15:08:17 [http-nio-8084-exec-4] INFO  com.capstone.aspect.LoggerAspect - During: class com.capstone.service.loanServiceImp.getloanDetailsofCustbyLoan() with arguments=loan [loanaccno=202211051, category=Personal, loan_amount=500000.0, custid=202200005, interest_rate=7.0, tenure=4]
2022-10-14 15:08:17 [http-nio-8084-exec-4] INFO  com.capstone.aspect.LoggerAspect - *************************************
2022-10-14 15:08:17 [http-nio-8084-exec-4] INFO  com.capstone.aspect.LoggerAspect - During: class com.capstone.controller.loanController.getloanDetailsofCustbyLoan() with arguments=<200 OK OK,loan [loanaccno=202211051, category=Personal, loan_amount=500000.0, custid=202200005, interest_rate=7.0, tenure=4],[]>
2022-10-14 15:08:17 [http-nio-8084-exec-4] INFO  com.capstone.aspect.LoggerAspect - *************************************
2022-10-14 15:10:18 [http-nio-8084-exec-7] INFO  com.capstone.aspect.LoggerAspect - Method name: com.capstone.controller.loanController
2022-10-14 15:10:18 [http-nio-8084-exec-7] INFO  com.capstone.aspect.LoggerAspect - Method arguments:[Ljava.lang.Object;@2bf6693d
2022-10-14 15:10:18 [http-nio-8084-exec-7] INFO  com.capstone.aspect.LoggerAspect - *************************************
2022-10-14 15:10:18 [http-nio-8084-exec-7] INFO  com.capstone.aspect.LoggerAspect - Method name: com.capstone.service.loanServiceImp
2022-10-14 15:10:18 [http-nio-8084-exec-7] INFO  com.capstone.aspect.LoggerAspect - Method arguments:[Ljava.lang.Object;@50f563dd
2022-10-14 15:10:18 [http-nio-8084-exec-7] INFO  com.capstone.aspect.LoggerAspect - *************************************
2022-10-14 15:10:18 [http-nio-8084-exec-7] INFO  com.capstone.aspect.LoggerAspect - During: class com.capstone.service.loanServiceImp.getLoanAccByCust() with arguments=[loan [loanaccno=202211051, category=Personal, loan_amount=500000.0, custid=202200005, interest_rate=7.0, tenure=4]]
2022-10-14 15:10:18 [http-nio-8084-exec-7] INFO  com.capstone.aspect.LoggerAspect - *************************************
2022-10-14 15:10:18 [http-nio-8084-exec-7] INFO  com.capstone.aspect.LoggerAspect - During: class com.capstone.controller.loanController.getloanDetailsbyCust() with arguments=<200 OK OK,[loan [loanaccno=202211051, category=Personal, loan_amount=500000.0, custid=202200005, interest_rate=7.0, tenure=4]],[]>
2022-10-14 15:10:18 [http-nio-8084-exec-7] INFO  com.capstone.aspect.LoggerAspect - *************************************
2022-10-14 15:10:19 [http-nio-8084-exec-10] INFO  com.capstone.aspect.LoggerAspect - Method name: com.capstone.controller.loanController
2022-10-14 15:10:19 [http-nio-8084-exec-10] INFO  com.capstone.aspect.LoggerAspect - Method arguments:[Ljava.lang.Object;@41e7e34c
2022-10-14 15:10:19 [http-nio-8084-exec-10] INFO  com.capstone.aspect.LoggerAspect - *************************************
2022-10-14 15:10:19 [http-nio-8084-exec-10] INFO  com.capstone.aspect.LoggerAspect - Method name: com.capstone.service.loanServiceImp
2022-10-14 15:10:19 [http-nio-8084-exec-10] INFO  com.capstone.aspect.LoggerAspect - Method arguments:[Ljava.lang.Object;@4f200500
2022-10-14 15:10:19 [http-nio-8084-exec-10] INFO  com.capstone.aspect.LoggerAspect - *************************************
2022-10-14 15:10:19 [http-nio-8084-exec-10] INFO  com.capstone.aspect.LoggerAspect - During: class com.capstone.service.loanServiceImp.getloanDetailsofCustbyLoan() with arguments=loan [loanaccno=202211051, category=Personal, loan_amount=500000.0, custid=202200005, interest_rate=7.0, tenure=4]
2022-10-14 15:10:19 [http-nio-8084-exec-10] INFO  com.capstone.aspect.LoggerAspect - *************************************
2022-10-14 15:10:19 [http-nio-8084-exec-10] INFO  com.capstone.aspect.LoggerAspect - During: class com.capstone.controller.loanController.getloanDetailsofCustbyLoan() with arguments=<200 OK OK,loan [loanaccno=202211051, category=Personal, loan_amount=500000.0, custid=202200005, interest_rate=7.0, tenure=4],[]>
2022-10-14 15:10:19 [http-nio-8084-exec-10] INFO  com.capstone.aspect.LoggerAspect - *************************************
2022-10-14 15:10:44 [http-nio-8084-exec-8] INFO  com.capstone.aspect.LoggerAspect - Method name: com.capstone.controller.loanController
2022-10-14 15:10:44 [http-nio-8084-exec-8] INFO  com.capstone.aspect.LoggerAspect - Method arguments:[Ljava.lang.Object;@50bd3bdc
2022-10-14 15:10:44 [http-nio-8084-exec-8] INFO  com.capstone.aspect.LoggerAspect - *************************************
2022-10-14 15:10:44 [http-nio-8084-exec-8] INFO  com.capstone.aspect.LoggerAspect - Method name: com.capstone.service.loanServiceImp
2022-10-14 15:10:44 [http-nio-8084-exec-8] INFO  com.capstone.aspect.LoggerAspect - Method arguments:[Ljava.lang.Object;@5e7acfbb
2022-10-14 15:10:44 [http-nio-8084-exec-8] INFO  com.capstone.aspect.LoggerAspect - *************************************
2022-10-14 15:10:44 [http-nio-8084-exec-8] INFO  com.capstone.aspect.LoggerAspect - During: class com.capstone.service.loanServiceImp.getLoanAccByCust() with arguments=[loan [loanaccno=202211051, category=Personal, loan_amount=500000.0, custid=202200005, interest_rate=7.0, tenure=4]]
2022-10-14 15:10:44 [http-nio-8084-exec-8] INFO  com.capstone.aspect.LoggerAspect - *************************************
2022-10-14 15:10:44 [http-nio-8084-exec-8] INFO  com.capstone.aspect.LoggerAspect - During: class com.capstone.controller.loanController.getloanDetailsbyCust() with arguments=<200 OK OK,[loan [loanaccno=202211051, category=Personal, loan_amount=500000.0, custid=202200005, interest_rate=7.0, tenure=4]],[]>
2022-10-14 15:10:44 [http-nio-8084-exec-8] INFO  com.capstone.aspect.LoggerAspect - *************************************
2022-10-14 15:10:46 [http-nio-8084-exec-9] INFO  com.capstone.aspect.LoggerAspect - Method name: com.capstone.controller.loanController
2022-10-14 15:10:46 [http-nio-8084-exec-9] INFO  com.capstone.aspect.LoggerAspect - Method arguments:[Ljava.lang.Object;@43988d5b
2022-10-14 15:10:46 [http-nio-8084-exec-9] INFO  com.capstone.aspect.LoggerAspect - *************************************
2022-10-14 15:10:46 [http-nio-8084-exec-9] INFO  com.capstone.aspect.LoggerAspect - Method name: com.capstone.service.loanServiceImp
2022-10-14 15:10:46 [http-nio-8084-exec-9] INFO  com.capstone.aspect.LoggerAspect - Method arguments:[Ljava.lang.Object;@5cc6c504
2022-10-14 15:10:46 [http-nio-8084-exec-9] INFO  com.capstone.aspect.LoggerAspect - *************************************
2022-10-14 15:10:46 [http-nio-8084-exec-9] INFO  com.capstone.aspect.LoggerAspect - During: class com.capstone.service.loanServiceImp.getloanDetailsofCustbyLoan() with arguments=loan [loanaccno=202211051, category=Personal, loan_amount=500000.0, custid=202200005, interest_rate=7.0, tenure=4]
2022-10-14 15:10:46 [http-nio-8084-exec-9] INFO  com.capstone.aspect.LoggerAspect - *************************************
2022-10-14 15:10:46 [http-nio-8084-exec-9] INFO  com.capstone.aspect.LoggerAspect - During: class com.capstone.controller.loanController.getloanDetailsofCustbyLoan() with arguments=<200 OK OK,loan [loanaccno=202211051, category=Personal, loan_amount=500000.0, custid=202200005, interest_rate=7.0, tenure=4],[]>
2022-10-14 15:10:46 [http-nio-8084-exec-9] INFO  com.capstone.aspect.LoggerAspect - *************************************
2022-10-14 15:11:02 [http-nio-8084-exec-4] INFO  com.capstone.aspect.LoggerAspect - Method name: com.capstone.controller.loanController
2022-10-14 15:11:02 [http-nio-8084-exec-4] INFO  com.capstone.aspect.LoggerAspect - Method arguments:[Ljava.lang.Object;@1ba94b06
2022-10-14 15:11:02 [http-nio-8084-exec-4] INFO  com.capstone.aspect.LoggerAspect - *************************************
2022-10-14 15:11:02 [http-nio-8084-exec-4] INFO  com.capstone.aspect.LoggerAspect - Method name: com.capstone.service.loanServiceImp
2022-10-14 15:11:02 [http-nio-8084-exec-4] INFO  com.capstone.aspect.LoggerAspect - Method arguments:[Ljava.lang.Object;@1167d74f
2022-10-14 15:11:02 [http-nio-8084-exec-4] INFO  com.capstone.aspect.LoggerAspect - *************************************
2022-10-14 15:11:02 [http-nio-8084-exec-4] INFO  com.capstone.aspect.LoggerAspect - During: class com.capstone.service.loanServiceImp.getLoanAccByCust() with arguments=[loan [loanaccno=202211011, category=Home, loan_amount=1500000.0, custid=202200001, interest_rate=5.0, tenure=10], loan [loanaccno=202211012, category=Vehicle, loan_amount=110000.0, custid=202200001, interest_rate=3.7, tenure=2]]
2022-10-14 15:11:02 [http-nio-8084-exec-4] INFO  com.capstone.aspect.LoggerAspect - *************************************
2022-10-14 15:11:02 [http-nio-8084-exec-4] INFO  com.capstone.aspect.LoggerAspect - During: class com.capstone.controller.loanController.getloanDetailsbyCust() with arguments=<200 OK OK,[loan [loanaccno=202211011, category=Home, loan_amount=1500000.0, custid=202200001, interest_rate=5.0, tenure=10], loan [loanaccno=202211012, category=Vehicle, loan_amount=110000.0, custid=202200001, interest_rate=3.7, tenure=2]],[]>
2022-10-14 15:11:02 [http-nio-8084-exec-4] INFO  com.capstone.aspect.LoggerAspect - *************************************
2022-10-14 15:11:35 [http-nio-8084-exec-3] INFO  com.capstone.aspect.LoggerAspect - Method name: com.capstone.controller.loanController
2022-10-14 15:11:35 [http-nio-8084-exec-3] INFO  com.capstone.aspect.LoggerAspect - Method arguments:[Ljava.lang.Object;@302b9f9d
2022-10-14 15:11:35 [http-nio-8084-exec-3] INFO  com.capstone.aspect.LoggerAspect - *************************************
2022-10-14 15:11:35 [http-nio-8084-exec-3] INFO  com.capstone.aspect.LoggerAspect - Method name: com.capstone.service.loanServiceImp
2022-10-14 15:11:35 [http-nio-8084-exec-3] INFO  com.capstone.aspect.LoggerAspect - Method arguments:[Ljava.lang.Object;@752917fc
2022-10-14 15:11:35 [http-nio-8084-exec-3] INFO  com.capstone.aspect.LoggerAspect - *************************************
2022-10-14 15:11:35 [http-nio-8084-exec-3] INFO  com.capstone.aspect.LoggerAspect - During: class com.capstone.service.loanServiceImp.getLoanAccByCust() with arguments=[loan [loanaccno=202211011, category=Home, loan_amount=1500000.0, custid=202200001, interest_rate=5.0, tenure=10], loan [loanaccno=202211012, category=Vehicle, loan_amount=110000.0, custid=202200001, interest_rate=3.7, tenure=2]]
2022-10-14 15:11:35 [http-nio-8084-exec-3] INFO  com.capstone.aspect.LoggerAspect - *************************************
2022-10-14 15:11:35 [http-nio-8084-exec-3] INFO  com.capstone.aspect.LoggerAspect - During: class com.capstone.controller.loanController.getloanDetailsbyCust() with arguments=<200 OK OK,[loan [loanaccno=202211011, category=Home, loan_amount=1500000.0, custid=202200001, interest_rate=5.0, tenure=10], loan [loanaccno=202211012, category=Vehicle, loan_amount=110000.0, custid=202200001, interest_rate=3.7, tenure=2]],[]>
2022-10-14 15:11:35 [http-nio-8084-exec-3] INFO  com.capstone.aspect.LoggerAspect - *************************************
2022-10-14 15:11:40 [http-nio-8084-exec-10] INFO  com.capstone.aspect.LoggerAspect - Method name: com.capstone.controller.loanController
2022-10-14 15:11:40 [http-nio-8084-exec-10] INFO  com.capstone.aspect.LoggerAspect - Method arguments:[Ljava.lang.Object;@8b0428e
2022-10-14 15:11:40 [http-nio-8084-exec-10] INFO  com.capstone.aspect.LoggerAspect - *************************************
2022-10-14 15:11:40 [http-nio-8084-exec-10] INFO  com.capstone.aspect.LoggerAspect - Method name: com.capstone.service.loanServiceImp
2022-10-14 15:11:40 [http-nio-8084-exec-10] INFO  com.capstone.aspect.LoggerAspect - Method arguments:[Ljava.lang.Object;@6e32f074
2022-10-14 15:11:40 [http-nio-8084-exec-10] INFO  com.capstone.aspect.LoggerAspect - *************************************
2022-10-14 15:11:40 [http-nio-8084-exec-10] INFO  com.capstone.aspect.LoggerAspect - During: class com.capstone.service.loanServiceImp.getloanDetailsofCustbyLoan() with arguments=loan [loanaccno=202211011, category=Home, loan_amount=1500000.0, custid=202200001, interest_rate=5.0, tenure=10]
2022-10-14 15:11:40 [http-nio-8084-exec-10] INFO  com.capstone.aspect.LoggerAspect - *************************************
2022-10-14 15:11:40 [http-nio-8084-exec-10] INFO  com.capstone.aspect.LoggerAspect - During: class com.capstone.controller.loanController.getloanDetailsofCustbyLoan() with arguments=<200 OK OK,loan [loanaccno=202211011, category=Home, loan_amount=1500000.0, custid=202200001, interest_rate=5.0, tenure=10],[]>
2022-10-14 15:11:40 [http-nio-8084-exec-10] INFO  com.capstone.aspect.LoggerAspect - *************************************
2022-10-14 15:12:21 [http-nio-8084-exec-8] INFO  com.capstone.aspect.LoggerAspect - Method name: com.capstone.controller.loanController
2022-10-14 15:12:21 [http-nio-8084-exec-8] INFO  com.capstone.aspect.LoggerAspect - Method arguments:[Ljava.lang.Object;@5ea28f5e
2022-10-14 15:12:21 [http-nio-8084-exec-8] INFO  com.capstone.aspect.LoggerAspect - *************************************
2022-10-14 15:12:21 [http-nio-8084-exec-8] INFO  com.capstone.aspect.LoggerAspect - Method name: com.capstone.service.loanServiceImp
2022-10-14 15:12:21 [http-nio-8084-exec-8] INFO  com.capstone.aspect.LoggerAspect - Method arguments:[Ljava.lang.Object;@7f683acf
2022-10-14 15:12:21 [http-nio-8084-exec-8] INFO  com.capstone.aspect.LoggerAspect - *************************************
2022-10-14 15:12:22 [http-nio-8084-exec-8] INFO  com.capstone.aspect.LoggerAspect - During: class com.capstone.service.loanServiceImp.getloanDetailsofCustbyLoan() with arguments=loan [loanaccno=202211011, category=Home, loan_amount=1500000.0, custid=202200001, interest_rate=5.0, tenure=10]
2022-10-14 15:12:22 [http-nio-8084-exec-8] INFO  com.capstone.aspect.LoggerAspect - *************************************
2022-10-14 15:12:22 [http-nio-8084-exec-8] INFO  com.capstone.aspect.LoggerAspect - During: class com.capstone.controller.loanController.getloanDetailsofCustbyLoan() with arguments=<200 OK OK,loan [loanaccno=202211011, category=Home, loan_amount=1500000.0, custid=202200001, interest_rate=5.0, tenure=10],[]>
2022-10-14 15:12:22 [http-nio-8084-exec-8] INFO  com.capstone.aspect.LoggerAspect - *************************************
2022-10-14 15:12:48 [AsyncResolver-bootstrap-executor-0] INFO  c.n.d.s.r.aws.ConfigClusterResolver - Resolving eureka endpoints via configuration
2022-10-14 15:12:54 [http-nio-8084-exec-6] INFO  com.capstone.aspect.LoggerAspect - Method name: com.capstone.controller.loanController
2022-10-14 15:12:54 [http-nio-8084-exec-6] INFO  com.capstone.aspect.LoggerAspect - Method arguments:[Ljava.lang.Object;@697f009e
2022-10-14 15:12:54 [http-nio-8084-exec-6] INFO  com.capstone.aspect.LoggerAspect - *************************************
2022-10-14 15:12:54 [http-nio-8084-exec-6] INFO  com.capstone.aspect.LoggerAspect - Method name: com.capstone.service.loanServiceImp
2022-10-14 15:12:54 [http-nio-8084-exec-6] INFO  com.capstone.aspect.LoggerAspect - Method arguments:[Ljava.lang.Object;@67b8e3c1
2022-10-14 15:12:54 [http-nio-8084-exec-6] INFO  com.capstone.aspect.LoggerAspect - *************************************
2022-10-14 15:12:54 [http-nio-8084-exec-6] INFO  com.capstone.aspect.LoggerAspect - During: class com.capstone.service.loanServiceImp.getloanDetailsofCustbyLoan() with arguments=loan [loanaccno=202211011, category=Home, loan_amount=1500000.0, custid=202200001, interest_rate=5.0, tenure=10]
2022-10-14 15:12:54 [http-nio-8084-exec-6] INFO  com.capstone.aspect.LoggerAspect - *************************************
2022-10-14 15:12:54 [http-nio-8084-exec-6] INFO  com.capstone.aspect.LoggerAspect - During: class com.capstone.controller.loanController.getloanDetailsofCustbyLoan() with arguments=<200 OK OK,loan [loanaccno=202211011, category=Home, loan_amount=1500000.0, custid=202200001, interest_rate=5.0, tenure=10],[]>
2022-10-14 15:12:54 [http-nio-8084-exec-6] INFO  com.capstone.aspect.LoggerAspect - *************************************
2022-10-14 15:12:56 [http-nio-8084-exec-1] INFO  com.capstone.aspect.LoggerAspect - Method name: com.capstone.controller.loanController
2022-10-14 15:12:56 [http-nio-8084-exec-1] INFO  com.capstone.aspect.LoggerAspect - Method arguments:[Ljava.lang.Object;@58c9cc44
2022-10-14 15:12:56 [http-nio-8084-exec-1] INFO  com.capstone.aspect.LoggerAspect - *************************************
2022-10-14 15:12:56 [http-nio-8084-exec-1] INFO  com.capstone.aspect.LoggerAspect - Method name: com.capstone.service.loanServiceImp
2022-10-14 15:12:56 [http-nio-8084-exec-1] INFO  com.capstone.aspect.LoggerAspect - Method arguments:[Ljava.lang.Object;@712a0676
2022-10-14 15:12:56 [http-nio-8084-exec-1] INFO  com.capstone.aspect.LoggerAspect - *************************************
2022-10-14 15:12:56 [http-nio-8084-exec-1] INFO  com.capstone.aspect.LoggerAspect - During: class com.capstone.service.loanServiceImp.getloanDetailsofCustbyLoan() with arguments=loan [loanaccno=202211011, category=Home, loan_amount=1500000.0, custid=202200001, interest_rate=5.0, tenure=10]
2022-10-14 15:12:56 [http-nio-8084-exec-1] INFO  com.capstone.aspect.LoggerAspect - *************************************
2022-10-14 15:12:56 [http-nio-8084-exec-1] INFO  com.capstone.aspect.LoggerAspect - During: class com.capstone.controller.loanController.getloanDetailsofCustbyLoan() with arguments=<200 OK OK,loan [loanaccno=202211011, category=Home, loan_amount=1500000.0, custid=202200001, interest_rate=5.0, tenure=10],[]>
2022-10-14 15:12:56 [http-nio-8084-exec-1] INFO  com.capstone.aspect.LoggerAspect - *************************************
2022-10-14 15:12:57 [http-nio-8084-exec-4] INFO  com.capstone.aspect.LoggerAspect - Method name: com.capstone.controller.loanController
2022-10-14 15:12:57 [http-nio-8084-exec-4] INFO  com.capstone.aspect.LoggerAspect - Method arguments:[Ljava.lang.Object;@574426df
2022-10-14 15:12:57 [http-nio-8084-exec-4] INFO  com.capstone.aspect.LoggerAspect - *************************************
2022-10-14 15:12:57 [http-nio-8084-exec-4] INFO  com.capstone.aspect.LoggerAspect - Method name: com.capstone.service.loanServiceImp
2022-10-14 15:12:57 [http-nio-8084-exec-4] INFO  com.capstone.aspect.LoggerAspect - Method arguments:[Ljava.lang.Object;@2235efa5
2022-10-14 15:12:57 [http-nio-8084-exec-4] INFO  com.capstone.aspect.LoggerAspect - *************************************
2022-10-14 15:12:57 [http-nio-8084-exec-4] INFO  com.capstone.aspect.LoggerAspect - During: class com.capstone.service.loanServiceImp.getloanDetailsofCustbyLoan() with arguments=loan [loanaccno=202211011, category=Home, loan_amount=1500000.0, custid=202200001, interest_rate=5.0, tenure=10]
2022-10-14 15:12:57 [http-nio-8084-exec-4] INFO  com.capstone.aspect.LoggerAspect - *************************************
2022-10-14 15:12:57 [http-nio-8084-exec-4] INFO  com.capstone.aspect.LoggerAspect - During: class com.capstone.controller.loanController.getloanDetailsofCustbyLoan() with arguments=<200 OK OK,loan [loanaccno=202211011, category=Home, loan_amount=1500000.0, custid=202200001, interest_rate=5.0, tenure=10],[]>
2022-10-14 15:12:57 [http-nio-8084-exec-4] INFO  com.capstone.aspect.LoggerAspect - *************************************
2022-10-14 15:14:29 [http-nio-8084-exec-3] INFO  com.capstone.aspect.LoggerAspect - Method name: com.capstone.controller.loanController
2022-10-14 15:14:29 [http-nio-8084-exec-3] INFO  com.capstone.aspect.LoggerAspect - Method arguments:[Ljava.lang.Object;@2a6a4a5b
2022-10-14 15:14:29 [http-nio-8084-exec-3] INFO  com.capstone.aspect.LoggerAspect - *************************************
2022-10-14 15:14:29 [http-nio-8084-exec-3] INFO  com.capstone.aspect.LoggerAspect - Method name: com.capstone.service.loanServiceImp
2022-10-14 15:14:29 [http-nio-8084-exec-3] INFO  com.capstone.aspect.LoggerAspect - Method arguments:[Ljava.lang.Object;@7f2d97d3
2022-10-14 15:14:29 [http-nio-8084-exec-3] INFO  com.capstone.aspect.LoggerAspect - *************************************
2022-10-14 15:14:29 [http-nio-8084-exec-3] INFO  com.capstone.aspect.LoggerAspect - During: class com.capstone.service.loanServiceImp.getloanDetailsofCustbyLoan() with arguments=loan [loanaccno=202211011, category=Home, loan_amount=1500000.0, custid=202200001, interest_rate=5.0, tenure=10]
2022-10-14 15:14:29 [http-nio-8084-exec-3] INFO  com.capstone.aspect.LoggerAspect - *************************************
2022-10-14 15:14:29 [http-nio-8084-exec-3] INFO  com.capstone.aspect.LoggerAspect - During: class com.capstone.controller.loanController.getloanDetailsofCustbyLoan() with arguments=<200 OK OK,loan [loanaccno=202211011, category=Home, loan_amount=1500000.0, custid=202200001, interest_rate=5.0, tenure=10],[]>
2022-10-14 15:14:29 [http-nio-8084-exec-3] INFO  com.capstone.aspect.LoggerAspect - *************************************
2022-10-14 15:14:32 [http-nio-8084-exec-7] INFO  com.capstone.aspect.LoggerAspect - Method name: com.capstone.controller.loanController
2022-10-14 15:14:32 [http-nio-8084-exec-7] INFO  com.capstone.aspect.LoggerAspect - Method arguments:[Ljava.lang.Object;@211dadae
2022-10-14 15:14:32 [http-nio-8084-exec-7] INFO  com.capstone.aspect.LoggerAspect - *************************************
2022-10-14 15:14:32 [http-nio-8084-exec-7] INFO  com.capstone.aspect.LoggerAspect - Method name: com.capstone.service.loanServiceImp
2022-10-14 15:14:32 [http-nio-8084-exec-7] INFO  com.capstone.aspect.LoggerAspect - Method arguments:[Ljava.lang.Object;@60f0aae1
2022-10-14 15:14:32 [http-nio-8084-exec-7] INFO  com.capstone.aspect.LoggerAspect - *************************************
2022-10-14 15:14:32 [http-nio-8084-exec-7] INFO  com.capstone.aspect.LoggerAspect - During: class com.capstone.service.loanServiceImp.getloanDetailsofCustbyLoan() with arguments=loan [loanaccno=202211011, category=Home, loan_amount=1500000.0, custid=202200001, interest_rate=5.0, tenure=10]
2022-10-14 15:14:32 [http-nio-8084-exec-7] INFO  com.capstone.aspect.LoggerAspect - *************************************
2022-10-14 15:14:32 [http-nio-8084-exec-7] INFO  com.capstone.aspect.LoggerAspect - During: class com.capstone.controller.loanController.getloanDetailsofCustbyLoan() with arguments=<200 OK OK,loan [loanaccno=202211011, category=Home, loan_amount=1500000.0, custid=202200001, interest_rate=5.0, tenure=10],[]>
2022-10-14 15:14:32 [http-nio-8084-exec-7] INFO  com.capstone.aspect.LoggerAspect - *************************************
2022-10-14 15:15:25 [http-nio-8084-exec-5] INFO  com.capstone.aspect.LoggerAspect - Method name: com.capstone.controller.loanController
2022-10-14 15:15:25 [http-nio-8084-exec-5] INFO  com.capstone.aspect.LoggerAspect - Method arguments:[Ljava.lang.Object;@2f09faa1
2022-10-14 15:15:25 [http-nio-8084-exec-5] INFO  com.capstone.aspect.LoggerAspect - *************************************
2022-10-14 15:15:25 [http-nio-8084-exec-5] INFO  com.capstone.aspect.LoggerAspect - Method name: com.capstone.service.loanServiceImp
2022-10-14 15:15:25 [http-nio-8084-exec-5] INFO  com.capstone.aspect.LoggerAspect - Method arguments:[Ljava.lang.Object;@70b61073
2022-10-14 15:15:25 [http-nio-8084-exec-5] INFO  com.capstone.aspect.LoggerAspect - *************************************
2022-10-14 15:15:25 [http-nio-8084-exec-5] INFO  com.capstone.aspect.LoggerAspect - During: class com.capstone.service.loanServiceImp.getloanDetailsofCustbyLoan() with arguments=loan [loanaccno=202211011, category=Home, loan_amount=1500000.0, custid=202200001, interest_rate=5.0, tenure=10]
2022-10-14 15:15:25 [http-nio-8084-exec-5] INFO  com.capstone.aspect.LoggerAspect - *************************************
2022-10-14 15:15:25 [http-nio-8084-exec-5] INFO  com.capstone.aspect.LoggerAspect - During: class com.capstone.controller.loanController.getloanDetailsofCustbyLoan() with arguments=<200 OK OK,loan [loanaccno=202211011, category=Home, loan_amount=1500000.0, custid=202200001, interest_rate=5.0, tenure=10],[]>
2022-10-14 15:15:25 [http-nio-8084-exec-5] INFO  com.capstone.aspect.LoggerAspect - *************************************
2022-10-14 15:16:40 [http-nio-8084-exec-9] INFO  com.capstone.aspect.LoggerAspect - Method name: com.capstone.controller.loanController
2022-10-14 15:16:40 [http-nio-8084-exec-9] INFO  com.capstone.aspect.LoggerAspect - Method arguments:[Ljava.lang.Object;@5efb8459
2022-10-14 15:16:40 [http-nio-8084-exec-9] INFO  com.capstone.aspect.LoggerAspect - *************************************
2022-10-14 15:16:40 [http-nio-8084-exec-9] INFO  com.capstone.aspect.LoggerAspect - Method name: com.capstone.service.loanServiceImp
2022-10-14 15:16:40 [http-nio-8084-exec-9] INFO  com.capstone.aspect.LoggerAspect - Method arguments:[Ljava.lang.Object;@cdcf194
2022-10-14 15:16:40 [http-nio-8084-exec-9] INFO  com.capstone.aspect.LoggerAspect - *************************************
2022-10-14 15:16:40 [http-nio-8084-exec-9] INFO  com.capstone.aspect.LoggerAspect - During: class com.capstone.service.loanServiceImp.getloanDetailsofCustbyLoan() with arguments=loan [loanaccno=202211011, category=Home, loan_amount=1500000.0, custid=202200001, interest_rate=5.0, tenure=10]
2022-10-14 15:16:40 [http-nio-8084-exec-9] INFO  com.capstone.aspect.LoggerAspect - *************************************
2022-10-14 15:16:40 [http-nio-8084-exec-9] INFO  com.capstone.aspect.LoggerAspect - During: class com.capstone.controller.loanController.getloanDetailsofCustbyLoan() with arguments=<200 OK OK,loan [loanaccno=202211011, category=Home, loan_amount=1500000.0, custid=202200001, interest_rate=5.0, tenure=10],[]>
2022-10-14 15:16:40 [http-nio-8084-exec-9] INFO  com.capstone.aspect.LoggerAspect - *************************************
2022-10-14 15:16:42 [http-nio-8084-exec-6] INFO  com.capstone.aspect.LoggerAspect - Method name: com.capstone.controller.loanController
2022-10-14 15:16:42 [http-nio-8084-exec-6] INFO  com.capstone.aspect.LoggerAspect - Method arguments:[Ljava.lang.Object;@4f69fc9b
2022-10-14 15:16:42 [http-nio-8084-exec-6] INFO  com.capstone.aspect.LoggerAspect - *************************************
2022-10-14 15:16:42 [http-nio-8084-exec-6] INFO  com.capstone.aspect.LoggerAspect - Method name: com.capstone.service.loanServiceImp
2022-10-14 15:16:42 [http-nio-8084-exec-6] INFO  com.capstone.aspect.LoggerAspect - Method arguments:[Ljava.lang.Object;@46aa16b5
2022-10-14 15:16:42 [http-nio-8084-exec-6] INFO  com.capstone.aspect.LoggerAspect - *************************************
2022-10-14 15:16:42 [http-nio-8084-exec-6] INFO  com.capstone.aspect.LoggerAspect - During: class com.capstone.service.loanServiceImp.getloanDetailsofCustbyLoan() with arguments=loan [loanaccno=202211011, category=Home, loan_amount=1500000.0, custid=202200001, interest_rate=5.0, tenure=10]
2022-10-14 15:16:42 [http-nio-8084-exec-6] INFO  com.capstone.aspect.LoggerAspect - *************************************
2022-10-14 15:16:42 [http-nio-8084-exec-6] INFO  com.capstone.aspect.LoggerAspect - During: class com.capstone.controller.loanController.getloanDetailsofCustbyLoan() with arguments=<200 OK OK,loan [loanaccno=202211011, category=Home, loan_amount=1500000.0, custid=202200001, interest_rate=5.0, tenure=10],[]>
2022-10-14 15:16:42 [http-nio-8084-exec-6] INFO  com.capstone.aspect.LoggerAspect - *************************************
2022-10-14 15:16:46 [http-nio-8084-exec-4] INFO  com.capstone.aspect.LoggerAspect - Method name: com.capstone.controller.loanController
2022-10-14 15:16:46 [http-nio-8084-exec-4] INFO  com.capstone.aspect.LoggerAspect - Method arguments:[Ljava.lang.Object;@75b25653
2022-10-14 15:16:46 [http-nio-8084-exec-4] INFO  com.capstone.aspect.LoggerAspect - *************************************
2022-10-14 15:16:46 [http-nio-8084-exec-4] INFO  com.capstone.aspect.LoggerAspect - Method name: com.capstone.service.loanServiceImp
2022-10-14 15:16:46 [http-nio-8084-exec-4] INFO  com.capstone.aspect.LoggerAspect - Method arguments:[Ljava.lang.Object;@5f751aad
2022-10-14 15:16:46 [http-nio-8084-exec-4] INFO  com.capstone.aspect.LoggerAspect - *************************************
2022-10-14 15:16:46 [http-nio-8084-exec-4] INFO  com.capstone.aspect.LoggerAspect - During: class com.capstone.service.loanServiceImp.getloanDetailsofCustbyLoan() with arguments=loan [loanaccno=202211011, category=Home, loan_amount=1500000.0, custid=202200001, interest_rate=5.0, tenure=10]
2022-10-14 15:16:46 [http-nio-8084-exec-4] INFO  com.capstone.aspect.LoggerAspect - *************************************
2022-10-14 15:16:46 [http-nio-8084-exec-4] INFO  com.capstone.aspect.LoggerAspect - During: class com.capstone.controller.loanController.getloanDetailsofCustbyLoan() with arguments=<200 OK OK,loan [loanaccno=202211011, category=Home, loan_amount=1500000.0, custid=202200001, interest_rate=5.0, tenure=10],[]>
2022-10-14 15:16:46 [http-nio-8084-exec-4] INFO  com.capstone.aspect.LoggerAspect - *************************************
2022-10-14 15:17:04 [http-nio-8084-exec-3] INFO  com.capstone.aspect.LoggerAspect - Method name: com.capstone.controller.loanController
2022-10-14 15:17:04 [http-nio-8084-exec-3] INFO  com.capstone.aspect.LoggerAspect - Method arguments:[Ljava.lang.Object;@5a5810f3
2022-10-14 15:17:04 [http-nio-8084-exec-3] INFO  com.capstone.aspect.LoggerAspect - *************************************
2022-10-14 15:17:04 [http-nio-8084-exec-3] INFO  com.capstone.aspect.LoggerAspect - Method name: com.capstone.service.loanServiceImp
2022-10-14 15:17:04 [http-nio-8084-exec-3] INFO  com.capstone.aspect.LoggerAspect - Method arguments:[Ljava.lang.Object;@481d59e7
2022-10-14 15:17:04 [http-nio-8084-exec-3] INFO  com.capstone.aspect.LoggerAspect - *************************************
2022-10-14 15:17:04 [http-nio-8084-exec-3] INFO  com.capstone.aspect.LoggerAspect - During: class com.capstone.service.loanServiceImp.getloanDetailsofCustbyLoan() with arguments=loan [loanaccno=202211011, category=Home, loan_amount=1500000.0, custid=202200001, interest_rate=5.0, tenure=10]
2022-10-14 15:17:04 [http-nio-8084-exec-3] INFO  com.capstone.aspect.LoggerAspect - *************************************
2022-10-14 15:17:04 [http-nio-8084-exec-3] INFO  com.capstone.aspect.LoggerAspect - During: class com.capstone.controller.loanController.getloanDetailsofCustbyLoan() with arguments=<200 OK OK,loan [loanaccno=202211011, category=Home, loan_amount=1500000.0, custid=202200001, interest_rate=5.0, tenure=10],[]>
2022-10-14 15:17:04 [http-nio-8084-exec-3] INFO  com.capstone.aspect.LoggerAspect - *************************************
2022-10-14 15:17:39 [http-nio-8084-exec-10] INFO  com.capstone.aspect.LoggerAspect - Method name: com.capstone.controller.loanController
2022-10-14 15:17:39 [http-nio-8084-exec-10] INFO  com.capstone.aspect.LoggerAspect - Method arguments:[Ljava.lang.Object;@7298c92f
2022-10-14 15:17:39 [http-nio-8084-exec-10] INFO  com.capstone.aspect.LoggerAspect - *************************************
2022-10-14 15:17:39 [http-nio-8084-exec-10] INFO  com.capstone.aspect.LoggerAspect - Method name: com.capstone.service.loanServiceImp
2022-10-14 15:17:39 [http-nio-8084-exec-10] INFO  com.capstone.aspect.LoggerAspect - Method arguments:[Ljava.lang.Object;@3b2a3042
2022-10-14 15:17:39 [http-nio-8084-exec-10] INFO  com.capstone.aspect.LoggerAspect - *************************************
2022-10-14 15:17:39 [http-nio-8084-exec-10] INFO  com.capstone.aspect.LoggerAspect - During: class com.capstone.service.loanServiceImp.getloanDetailsofCustbyLoan() with arguments=loan [loanaccno=202211011, category=Home, loan_amount=1500000.0, custid=202200001, interest_rate=5.0, tenure=10]
2022-10-14 15:17:39 [http-nio-8084-exec-10] INFO  com.capstone.aspect.LoggerAspect - *************************************
2022-10-14 15:17:39 [http-nio-8084-exec-10] INFO  com.capstone.aspect.LoggerAspect - During: class com.capstone.controller.loanController.getloanDetailsofCustbyLoan() with arguments=<200 OK OK,loan [loanaccno=202211011, category=Home, loan_amount=1500000.0, custid=202200001, interest_rate=5.0, tenure=10],[]>
2022-10-14 15:17:39 [http-nio-8084-exec-10] INFO  com.capstone.aspect.LoggerAspect - *************************************
2022-10-14 15:17:43 [http-nio-8084-exec-8] INFO  com.capstone.aspect.LoggerAspect - Method name: com.capstone.controller.loanController
2022-10-14 15:17:43 [http-nio-8084-exec-8] INFO  com.capstone.aspect.LoggerAspect - Method arguments:[Ljava.lang.Object;@48902575
2022-10-14 15:17:43 [http-nio-8084-exec-8] INFO  com.capstone.aspect.LoggerAspect - *************************************
2022-10-14 15:17:43 [http-nio-8084-exec-8] INFO  com.capstone.aspect.LoggerAspect - Method name: com.capstone.service.loanServiceImp
2022-10-14 15:17:43 [http-nio-8084-exec-8] INFO  com.capstone.aspect.LoggerAspect - Method arguments:[Ljava.lang.Object;@27493e0
2022-10-14 15:17:43 [http-nio-8084-exec-8] INFO  com.capstone.aspect.LoggerAspect - *************************************
2022-10-14 15:17:43 [http-nio-8084-exec-8] INFO  com.capstone.aspect.LoggerAspect - During: class com.capstone.service.loanServiceImp.getloanDetailsofCustbyLoan() with arguments=loan [loanaccno=202211011, category=Home, loan_amount=1500000.0, custid=202200001, interest_rate=5.0, tenure=10]
2022-10-14 15:17:43 [http-nio-8084-exec-8] INFO  com.capstone.aspect.LoggerAspect - *************************************
2022-10-14 15:17:43 [http-nio-8084-exec-8] INFO  com.capstone.aspect.LoggerAspect - During: class com.capstone.controller.loanController.getloanDetailsofCustbyLoan() with arguments=<200 OK OK,loan [loanaccno=202211011, category=Home, loan_amount=1500000.0, custid=202200001, interest_rate=5.0, tenure=10],[]>
2022-10-14 15:17:43 [http-nio-8084-exec-8] INFO  com.capstone.aspect.LoggerAspect - *************************************
2022-10-14 15:17:48 [AsyncResolver-bootstrap-executor-0] INFO  c.n.d.s.r.aws.ConfigClusterResolver - Resolving eureka endpoints via configuration
2022-10-14 15:17:59 [http-nio-8084-exec-6] INFO  com.capstone.aspect.LoggerAspect - Method name: com.capstone.controller.loanController
2022-10-14 15:17:59 [http-nio-8084-exec-6] INFO  com.capstone.aspect.LoggerAspect - Method arguments:[Ljava.lang.Object;@1422b10d
2022-10-14 15:17:59 [http-nio-8084-exec-6] INFO  com.capstone.aspect.LoggerAspect - *************************************
2022-10-14 15:17:59 [http-nio-8084-exec-6] INFO  com.capstone.aspect.LoggerAspect - Method name: com.capstone.service.loanServiceImp
2022-10-14 15:17:59 [http-nio-8084-exec-6] INFO  com.capstone.aspect.LoggerAspect - Method arguments:[Ljava.lang.Object;@45b3df26
2022-10-14 15:17:59 [http-nio-8084-exec-6] INFO  com.capstone.aspect.LoggerAspect - *************************************
2022-10-14 15:17:59 [http-nio-8084-exec-6] INFO  com.capstone.aspect.LoggerAspect - During: class com.capstone.service.loanServiceImp.getloanDetailsofCustbyLoan() with arguments=loan [loanaccno=202211011, category=Home, loan_amount=1500000.0, custid=202200001, interest_rate=5.0, tenure=10]
2022-10-14 15:17:59 [http-nio-8084-exec-6] INFO  com.capstone.aspect.LoggerAspect - *************************************
2022-10-14 15:17:59 [http-nio-8084-exec-6] INFO  com.capstone.aspect.LoggerAspect - During: class com.capstone.controller.loanController.getloanDetailsofCustbyLoan() with arguments=<200 OK OK,loan [loanaccno=202211011, category=Home, loan_amount=1500000.0, custid=202200001, interest_rate=5.0, tenure=10],[]>
2022-10-14 15:17:59 [http-nio-8084-exec-6] INFO  com.capstone.aspect.LoggerAspect - *************************************
2022-10-14 15:18:06 [http-nio-8084-exec-4] INFO  com.capstone.aspect.LoggerAspect - Method name: com.capstone.controller.loanController
2022-10-14 15:18:06 [http-nio-8084-exec-4] INFO  com.capstone.aspect.LoggerAspect - Method arguments:[Ljava.lang.Object;@17813007
2022-10-14 15:18:06 [http-nio-8084-exec-4] INFO  com.capstone.aspect.LoggerAspect - *************************************
2022-10-14 15:18:06 [http-nio-8084-exec-4] INFO  com.capstone.aspect.LoggerAspect - Method name: com.capstone.service.loanServiceImp
2022-10-14 15:18:06 [http-nio-8084-exec-4] INFO  com.capstone.aspect.LoggerAspect - Method arguments:[Ljava.lang.Object;@7ce5c828
2022-10-14 15:18:06 [http-nio-8084-exec-4] INFO  com.capstone.aspect.LoggerAspect - *************************************
2022-10-14 15:18:06 [http-nio-8084-exec-4] INFO  com.capstone.aspect.LoggerAspect - During: class com.capstone.service.loanServiceImp.getLoanAccByCust() with arguments=[loan [loanaccno=202211011, category=Home, loan_amount=1500000.0, custid=202200001, interest_rate=5.0, tenure=10], loan [loanaccno=202211012, category=Vehicle, loan_amount=110000.0, custid=202200001, interest_rate=3.7, tenure=2]]
2022-10-14 15:18:06 [http-nio-8084-exec-4] INFO  com.capstone.aspect.LoggerAspect - *************************************
2022-10-14 15:18:06 [http-nio-8084-exec-4] INFO  com.capstone.aspect.LoggerAspect - During: class com.capstone.controller.loanController.getloanDetailsbyCust() with arguments=<200 OK OK,[loan [loanaccno=202211011, category=Home, loan_amount=1500000.0, custid=202200001, interest_rate=5.0, tenure=10], loan [loanaccno=202211012, category=Vehicle, loan_amount=110000.0, custid=202200001, interest_rate=3.7, tenure=2]],[]>
2022-10-14 15:18:06 [http-nio-8084-exec-4] INFO  com.capstone.aspect.LoggerAspect - *************************************
2022-10-14 15:18:09 [http-nio-8084-exec-2] INFO  com.capstone.aspect.LoggerAspect - Method name: com.capstone.controller.loanController
2022-10-14 15:18:09 [http-nio-8084-exec-2] INFO  com.capstone.aspect.LoggerAspect - Method arguments:[Ljava.lang.Object;@6418707f
2022-10-14 15:18:09 [http-nio-8084-exec-2] INFO  com.capstone.aspect.LoggerAspect - *************************************
2022-10-14 15:18:09 [http-nio-8084-exec-2] INFO  com.capstone.aspect.LoggerAspect - Method name: com.capstone.service.loanServiceImp
2022-10-14 15:18:09 [http-nio-8084-exec-2] INFO  com.capstone.aspect.LoggerAspect - Method arguments:[Ljava.lang.Object;@4a276989
2022-10-14 15:18:09 [http-nio-8084-exec-2] INFO  com.capstone.aspect.LoggerAspect - *************************************
2022-10-14 15:18:10 [http-nio-8084-exec-2] INFO  com.capstone.aspect.LoggerAspect - During: class com.capstone.service.loanServiceImp.getloanDetailsofCustbyLoan() with arguments=loan [loanaccno=202211011, category=Home, loan_amount=1500000.0, custid=202200001, interest_rate=5.0, tenure=10]
2022-10-14 15:18:10 [http-nio-8084-exec-2] INFO  com.capstone.aspect.LoggerAspect - *************************************
2022-10-14 15:18:10 [http-nio-8084-exec-2] INFO  com.capstone.aspect.LoggerAspect - During: class com.capstone.controller.loanController.getloanDetailsofCustbyLoan() with arguments=<200 OK OK,loan [loanaccno=202211011, category=Home, loan_amount=1500000.0, custid=202200001, interest_rate=5.0, tenure=10],[]>
2022-10-14 15:18:10 [http-nio-8084-exec-2] INFO  com.capstone.aspect.LoggerAspect - *************************************
2022-10-14 15:18:49 [http-nio-8084-exec-3] INFO  com.capstone.aspect.LoggerAspect - Method name: com.capstone.controller.loanController
2022-10-14 15:18:49 [http-nio-8084-exec-3] INFO  com.capstone.aspect.LoggerAspect - Method arguments:[Ljava.lang.Object;@1a809089
2022-10-14 15:18:49 [http-nio-8084-exec-3] INFO  com.capstone.aspect.LoggerAspect - *************************************
2022-10-14 15:18:49 [http-nio-8084-exec-3] INFO  com.capstone.aspect.LoggerAspect - Method name: com.capstone.service.loanServiceImp
2022-10-14 15:18:49 [http-nio-8084-exec-3] INFO  com.capstone.aspect.LoggerAspect - Method arguments:[Ljava.lang.Object;@23e51d99
2022-10-14 15:18:49 [http-nio-8084-exec-3] INFO  com.capstone.aspect.LoggerAspect - *************************************
2022-10-14 15:18:49 [http-nio-8084-exec-3] INFO  com.capstone.aspect.LoggerAspect - During: class com.capstone.service.loanServiceImp.getloanDetailsofCustbyLoan() with arguments=loan [loanaccno=202211011, category=Home, loan_amount=1500000.0, custid=202200001, interest_rate=5.0, tenure=10]
2022-10-14 15:18:49 [http-nio-8084-exec-3] INFO  com.capstone.aspect.LoggerAspect - *************************************
2022-10-14 15:18:49 [http-nio-8084-exec-3] INFO  com.capstone.aspect.LoggerAspect - During: class com.capstone.controller.loanController.getloanDetailsofCustbyLoan() with arguments=<200 OK OK,loan [loanaccno=202211011, category=Home, loan_amount=1500000.0, custid=202200001, interest_rate=5.0, tenure=10],[]>
2022-10-14 15:18:49 [http-nio-8084-exec-3] INFO  com.capstone.aspect.LoggerAspect - *************************************
2022-10-14 15:19:12 [http-nio-8084-exec-7] INFO  com.capstone.aspect.LoggerAspect - Method name: com.capstone.controller.loanController
2022-10-14 15:19:12 [http-nio-8084-exec-7] INFO  com.capstone.aspect.LoggerAspect - Method arguments:[Ljava.lang.Object;@635b3881
2022-10-14 15:19:12 [http-nio-8084-exec-7] INFO  com.capstone.aspect.LoggerAspect - *************************************
2022-10-14 15:19:12 [http-nio-8084-exec-7] INFO  com.capstone.aspect.LoggerAspect - Method name: com.capstone.service.loanServiceImp
2022-10-14 15:19:12 [http-nio-8084-exec-7] INFO  com.capstone.aspect.LoggerAspect - Method arguments:[Ljava.lang.Object;@4aae4516
2022-10-14 15:19:12 [http-nio-8084-exec-7] INFO  com.capstone.aspect.LoggerAspect - *************************************
2022-10-14 15:19:12 [http-nio-8084-exec-7] INFO  com.capstone.aspect.LoggerAspect - During: class com.capstone.service.loanServiceImp.getLoanAccByCust() with arguments=[loan [loanaccno=202211051, category=Personal, loan_amount=500000.0, custid=202200005, interest_rate=7.0, tenure=4]]
2022-10-14 15:19:12 [http-nio-8084-exec-7] INFO  com.capstone.aspect.LoggerAspect - *************************************
2022-10-14 15:19:12 [http-nio-8084-exec-7] INFO  com.capstone.aspect.LoggerAspect - During: class com.capstone.controller.loanController.getloanDetailsbyCust() with arguments=<200 OK OK,[loan [loanaccno=202211051, category=Personal, loan_amount=500000.0, custid=202200005, interest_rate=7.0, tenure=4]],[]>
2022-10-14 15:19:12 [http-nio-8084-exec-7] INFO  com.capstone.aspect.LoggerAspect - *************************************
2022-10-14 15:19:13 [http-nio-8084-exec-10] INFO  com.capstone.aspect.LoggerAspect - Method name: com.capstone.controller.loanController
2022-10-14 15:19:13 [http-nio-8084-exec-10] INFO  com.capstone.aspect.LoggerAspect - Method arguments:[Ljava.lang.Object;@76d39a8a
2022-10-14 15:19:13 [http-nio-8084-exec-10] INFO  com.capstone.aspect.LoggerAspect - *************************************
2022-10-14 15:19:13 [http-nio-8084-exec-10] INFO  com.capstone.aspect.LoggerAspect - Method name: com.capstone.service.loanServiceImp
2022-10-14 15:19:13 [http-nio-8084-exec-10] INFO  com.capstone.aspect.LoggerAspect - Method arguments:[Ljava.lang.Object;@4798b90d
2022-10-14 15:19:13 [http-nio-8084-exec-10] INFO  com.capstone.aspect.LoggerAspect - *************************************
2022-10-14 15:19:13 [http-nio-8084-exec-10] INFO  com.capstone.aspect.LoggerAspect - During: class com.capstone.service.loanServiceImp.getloanDetailsofCustbyLoan() with arguments=loan [loanaccno=202211051, category=Personal, loan_amount=500000.0, custid=202200005, interest_rate=7.0, tenure=4]
2022-10-14 15:19:13 [http-nio-8084-exec-10] INFO  com.capstone.aspect.LoggerAspect - *************************************
2022-10-14 15:19:13 [http-nio-8084-exec-10] INFO  com.capstone.aspect.LoggerAspect - During: class com.capstone.controller.loanController.getloanDetailsofCustbyLoan() with arguments=<200 OK OK,loan [loanaccno=202211051, category=Personal, loan_amount=500000.0, custid=202200005, interest_rate=7.0, tenure=4],[]>
2022-10-14 15:19:13 [http-nio-8084-exec-10] INFO  com.capstone.aspect.LoggerAspect - *************************************
2022-10-14 15:20:21 [http-nio-8084-exec-8] INFO  com.capstone.aspect.LoggerAspect - Method name: com.capstone.controller.loanController
2022-10-14 15:20:21 [http-nio-8084-exec-8] INFO  com.capstone.aspect.LoggerAspect - Method arguments:[Ljava.lang.Object;@3ad4b36d
2022-10-14 15:20:21 [http-nio-8084-exec-8] INFO  com.capstone.aspect.LoggerAspect - *************************************
2022-10-14 15:20:21 [http-nio-8084-exec-8] INFO  com.capstone.aspect.LoggerAspect - Method name: com.capstone.service.loanServiceImp
2022-10-14 15:20:21 [http-nio-8084-exec-8] INFO  com.capstone.aspect.LoggerAspect - Method arguments:[Ljava.lang.Object;@3b737057
2022-10-14 15:20:21 [http-nio-8084-exec-8] INFO  com.capstone.aspect.LoggerAspect - *************************************
2022-10-14 15:20:21 [http-nio-8084-exec-8] INFO  com.capstone.aspect.LoggerAspect - During: class com.capstone.service.loanServiceImp.getloanDetailsofCustbyLoan() with arguments=loan [loanaccno=202211051, category=Personal, loan_amount=500000.0, custid=202200005, interest_rate=7.0, tenure=4]
2022-10-14 15:20:21 [http-nio-8084-exec-8] INFO  com.capstone.aspect.LoggerAspect - *************************************
2022-10-14 15:20:21 [http-nio-8084-exec-8] INFO  com.capstone.aspect.LoggerAspect - During: class com.capstone.controller.loanController.getloanDetailsofCustbyLoan() with arguments=<200 OK OK,loan [loanaccno=202211051, category=Personal, loan_amount=500000.0, custid=202200005, interest_rate=7.0, tenure=4],[]>
2022-10-14 15:20:21 [http-nio-8084-exec-8] INFO  com.capstone.aspect.LoggerAspect - *************************************
2022-10-14 15:20:43 [http-nio-8084-exec-6] INFO  com.capstone.aspect.LoggerAspect - Method name: com.capstone.controller.loanController
2022-10-14 15:20:43 [http-nio-8084-exec-6] INFO  com.capstone.aspect.LoggerAspect - Method arguments:[Ljava.lang.Object;@61589e15
2022-10-14 15:20:43 [http-nio-8084-exec-6] INFO  com.capstone.aspect.LoggerAspect - *************************************
2022-10-14 15:20:43 [http-nio-8084-exec-6] INFO  com.capstone.aspect.LoggerAspect - Method name: com.capstone.service.loanServiceImp
2022-10-14 15:20:43 [http-nio-8084-exec-6] INFO  com.capstone.aspect.LoggerAspect - Method arguments:[Ljava.lang.Object;@17a63cbe
2022-10-14 15:20:43 [http-nio-8084-exec-6] INFO  com.capstone.aspect.LoggerAspect - *************************************
2022-10-14 15:20:43 [http-nio-8084-exec-6] INFO  com.capstone.aspect.LoggerAspect - During: class com.capstone.service.loanServiceImp.getloanDetailsofCustbyLoan() with arguments=loan [loanaccno=202211051, category=Personal, loan_amount=500000.0, custid=202200005, interest_rate=7.0, tenure=4]
2022-10-14 15:20:43 [http-nio-8084-exec-6] INFO  com.capstone.aspect.LoggerAspect - *************************************
2022-10-14 15:20:43 [http-nio-8084-exec-6] INFO  com.capstone.aspect.LoggerAspect - During: class com.capstone.controller.loanController.getloanDetailsofCustbyLoan() with arguments=<200 OK OK,loan [loanaccno=202211051, category=Personal, loan_amount=500000.0, custid=202200005, interest_rate=7.0, tenure=4],[]>
2022-10-14 15:20:43 [http-nio-8084-exec-6] INFO  com.capstone.aspect.LoggerAspect - *************************************
2022-10-14 15:21:09 [http-nio-8084-exec-4] INFO  com.capstone.aspect.LoggerAspect - Method name: com.capstone.controller.loanController
2022-10-14 15:21:09 [http-nio-8084-exec-4] INFO  com.capstone.aspect.LoggerAspect - Method arguments:[Ljava.lang.Object;@f18b8ca
2022-10-14 15:21:09 [http-nio-8084-exec-4] INFO  com.capstone.aspect.LoggerAspect - *************************************
2022-10-14 15:21:09 [http-nio-8084-exec-4] INFO  com.capstone.aspect.LoggerAspect - Method name: com.capstone.service.loanServiceImp
2022-10-14 15:21:09 [http-nio-8084-exec-4] INFO  com.capstone.aspect.LoggerAspect - Method arguments:[Ljava.lang.Object;@7b81dcec
2022-10-14 15:21:09 [http-nio-8084-exec-4] INFO  com.capstone.aspect.LoggerAspect - *************************************
2022-10-14 15:21:09 [http-nio-8084-exec-4] INFO  com.capstone.aspect.LoggerAspect - During: class com.capstone.service.loanServiceImp.getloanDetailsofCustbyLoan() with arguments=loan [loanaccno=202211051, category=Personal, loan_amount=500000.0, custid=202200005, interest_rate=7.0, tenure=4]
2022-10-14 15:21:09 [http-nio-8084-exec-4] INFO  com.capstone.aspect.LoggerAspect - *************************************
2022-10-14 15:21:09 [http-nio-8084-exec-4] INFO  com.capstone.aspect.LoggerAspect - During: class com.capstone.controller.loanController.getloanDetailsofCustbyLoan() with arguments=<200 OK OK,loan [loanaccno=202211051, category=Personal, loan_amount=500000.0, custid=202200005, interest_rate=7.0, tenure=4],[]>
2022-10-14 15:21:09 [http-nio-8084-exec-4] INFO  com.capstone.aspect.LoggerAspect - *************************************
2022-10-14 15:22:02 [http-nio-8084-exec-3] INFO  com.capstone.aspect.LoggerAspect - Method name: com.capstone.controller.loanController
2022-10-14 15:22:02 [http-nio-8084-exec-3] INFO  com.capstone.aspect.LoggerAspect - Method arguments:[Ljava.lang.Object;@3010d73a
2022-10-14 15:22:02 [http-nio-8084-exec-3] INFO  com.capstone.aspect.LoggerAspect - *************************************
2022-10-14 15:22:02 [http-nio-8084-exec-3] INFO  com.capstone.aspect.LoggerAspect - Method name: com.capstone.service.loanServiceImp
2022-10-14 15:22:02 [http-nio-8084-exec-3] INFO  com.capstone.aspect.LoggerAspect - Method arguments:[Ljava.lang.Object;@6992b405
2022-10-14 15:22:02 [http-nio-8084-exec-3] INFO  com.capstone.aspect.LoggerAspect - *************************************
2022-10-14 15:22:02 [http-nio-8084-exec-3] INFO  com.capstone.aspect.LoggerAspect - During: class com.capstone.service.loanServiceImp.getloanDetailsofCustbyLoan() with arguments=loan [loanaccno=202211051, category=Personal, loan_amount=500000.0, custid=202200005, interest_rate=7.0, tenure=4]
2022-10-14 15:22:02 [http-nio-8084-exec-3] INFO  com.capstone.aspect.LoggerAspect - *************************************
2022-10-14 15:22:02 [http-nio-8084-exec-3] INFO  com.capstone.aspect.LoggerAspect - During: class com.capstone.controller.loanController.getloanDetailsofCustbyLoan() with arguments=<200 OK OK,loan [loanaccno=202211051, category=Personal, loan_amount=500000.0, custid=202200005, interest_rate=7.0, tenure=4],[]>
2022-10-14 15:22:02 [http-nio-8084-exec-3] INFO  com.capstone.aspect.LoggerAspect - *************************************
2022-10-14 15:22:28 [http-nio-8084-exec-10] INFO  com.capstone.aspect.LoggerAspect - Method name: com.capstone.controller.loanController
2022-10-14 15:22:28 [http-nio-8084-exec-10] INFO  com.capstone.aspect.LoggerAspect - Method arguments:[Ljava.lang.Object;@7dab978a
2022-10-14 15:22:28 [http-nio-8084-exec-10] INFO  com.capstone.aspect.LoggerAspect - *************************************
2022-10-14 15:22:28 [http-nio-8084-exec-10] INFO  com.capstone.aspect.LoggerAspect - Method name: com.capstone.service.loanServiceImp
2022-10-14 15:22:28 [http-nio-8084-exec-10] INFO  com.capstone.aspect.LoggerAspect - Method arguments:[Ljava.lang.Object;@716065b6
2022-10-14 15:22:28 [http-nio-8084-exec-10] INFO  com.capstone.aspect.LoggerAspect - *************************************
2022-10-14 15:22:28 [http-nio-8084-exec-10] INFO  com.capstone.aspect.LoggerAspect - During: class com.capstone.service.loanServiceImp.getloanDetailsofCustbyLoan() with arguments=loan [loanaccno=202211051, category=Personal, loan_amount=500000.0, custid=202200005, interest_rate=7.0, tenure=4]
2022-10-14 15:22:28 [http-nio-8084-exec-10] INFO  com.capstone.aspect.LoggerAspect - *************************************
2022-10-14 15:22:28 [http-nio-8084-exec-10] INFO  com.capstone.aspect.LoggerAspect - During: class com.capstone.controller.loanController.getloanDetailsofCustbyLoan() with arguments=<200 OK OK,loan [loanaccno=202211051, category=Personal, loan_amount=500000.0, custid=202200005, interest_rate=7.0, tenure=4],[]>
2022-10-14 15:22:28 [http-nio-8084-exec-10] INFO  com.capstone.aspect.LoggerAspect - *************************************
2022-10-14 15:22:48 [AsyncResolver-bootstrap-executor-0] INFO  c.n.d.s.r.aws.ConfigClusterResolver - Resolving eureka endpoints via configuration
2022-10-14 15:26:41 [http-nio-8084-exec-8] INFO  com.capstone.aspect.LoggerAspect - Method name: com.capstone.controller.loanController
2022-10-14 15:26:41 [http-nio-8084-exec-8] INFO  com.capstone.aspect.LoggerAspect - Method arguments:[Ljava.lang.Object;@528b64b3
2022-10-14 15:26:41 [http-nio-8084-exec-8] INFO  com.capstone.aspect.LoggerAspect - *************************************
2022-10-14 15:26:41 [http-nio-8084-exec-8] INFO  com.capstone.aspect.LoggerAspect - Method name: com.capstone.service.loanServiceImp
2022-10-14 15:26:41 [http-nio-8084-exec-8] INFO  com.capstone.aspect.LoggerAspect - Method arguments:[Ljava.lang.Object;@58e00eb1
2022-10-14 15:26:41 [http-nio-8084-exec-8] INFO  com.capstone.aspect.LoggerAspect - *************************************
2022-10-14 15:26:41 [http-nio-8084-exec-8] INFO  com.capstone.aspect.LoggerAspect - During: class com.capstone.service.loanServiceImp.getloanDetailsofCustbyLoan() with arguments=loan [loanaccno=202211051, category=Personal, loan_amount=500000.0, custid=202200005, interest_rate=7.0, tenure=4]
2022-10-14 15:26:41 [http-nio-8084-exec-8] INFO  com.capstone.aspect.LoggerAspect - *************************************
2022-10-14 15:26:41 [http-nio-8084-exec-8] INFO  com.capstone.aspect.LoggerAspect - During: class com.capstone.controller.loanController.getloanDetailsofCustbyLoan() with arguments=<200 OK OK,loan [loanaccno=202211051, category=Personal, loan_amount=500000.0, custid=202200005, interest_rate=7.0, tenure=4],[]>
2022-10-14 15:26:41 [http-nio-8084-exec-8] INFO  com.capstone.aspect.LoggerAspect - *************************************
2022-10-14 15:27:48 [AsyncResolver-bootstrap-executor-0] INFO  c.n.d.s.r.aws.ConfigClusterResolver - Resolving eureka endpoints via configuration
2022-10-14 15:28:09 [http-nio-8084-exec-6] INFO  com.capstone.aspect.LoggerAspect - Method name: com.capstone.controller.loanController
2022-10-14 15:28:09 [http-nio-8084-exec-6] INFO  com.capstone.aspect.LoggerAspect - Method arguments:[Ljava.lang.Object;@377d1127
2022-10-14 15:28:09 [http-nio-8084-exec-6] INFO  com.capstone.aspect.LoggerAspect - *************************************
2022-10-14 15:28:09 [http-nio-8084-exec-6] INFO  com.capstone.aspect.LoggerAspect - Method name: com.capstone.service.loanServiceImp
2022-10-14 15:28:09 [http-nio-8084-exec-6] INFO  com.capstone.aspect.LoggerAspect - Method arguments:[Ljava.lang.Object;@75d44b85
2022-10-14 15:28:09 [http-nio-8084-exec-6] INFO  com.capstone.aspect.LoggerAspect - *************************************
2022-10-14 15:28:09 [http-nio-8084-exec-6] INFO  com.capstone.aspect.LoggerAspect - During: class com.capstone.service.loanServiceImp.getloanDetailsofCustbyLoan() with arguments=loan [loanaccno=202211051, category=Personal, loan_amount=500000.0, custid=202200005, interest_rate=7.0, tenure=4]
2022-10-14 15:28:09 [http-nio-8084-exec-6] INFO  com.capstone.aspect.LoggerAspect - *************************************
2022-10-14 15:28:09 [http-nio-8084-exec-6] INFO  com.capstone.aspect.LoggerAspect - During: class com.capstone.controller.loanController.getloanDetailsofCustbyLoan() with arguments=<200 OK OK,loan [loanaccno=202211051, category=Personal, loan_amount=500000.0, custid=202200005, interest_rate=7.0, tenure=4],[]>
2022-10-14 15:28:09 [http-nio-8084-exec-6] INFO  com.capstone.aspect.LoggerAspect - *************************************
2022-10-14 15:28:18 [http-nio-8084-exec-4] INFO  com.capstone.aspect.LoggerAspect - Method name: com.capstone.controller.loanController
2022-10-14 15:28:18 [http-nio-8084-exec-4] INFO  com.capstone.aspect.LoggerAspect - Method arguments:[Ljava.lang.Object;@11e2cbd0
2022-10-14 15:28:18 [http-nio-8084-exec-4] INFO  com.capstone.aspect.LoggerAspect - *************************************
2022-10-14 15:28:18 [http-nio-8084-exec-4] INFO  com.capstone.aspect.LoggerAspect - Method name: com.capstone.service.loanServiceImp
2022-10-14 15:28:18 [http-nio-8084-exec-4] INFO  com.capstone.aspect.LoggerAspect - Method arguments:[Ljava.lang.Object;@1aa6c20f
2022-10-14 15:28:18 [http-nio-8084-exec-4] INFO  com.capstone.aspect.LoggerAspect - *************************************
2022-10-14 15:28:18 [http-nio-8084-exec-4] INFO  com.capstone.aspect.LoggerAspect - During: class com.capstone.service.loanServiceImp.getloanDetailsofCustbyLoan() with arguments=loan [loanaccno=202211051, category=Personal, loan_amount=500000.0, custid=202200005, interest_rate=7.0, tenure=4]
2022-10-14 15:28:18 [http-nio-8084-exec-4] INFO  com.capstone.aspect.LoggerAspect - *************************************
2022-10-14 15:28:18 [http-nio-8084-exec-4] INFO  com.capstone.aspect.LoggerAspect - During: class com.capstone.controller.loanController.getloanDetailsofCustbyLoan() with arguments=<200 OK OK,loan [loanaccno=202211051, category=Personal, loan_amount=500000.0, custid=202200005, interest_rate=7.0, tenure=4],[]>
2022-10-14 15:28:18 [http-nio-8084-exec-4] INFO  com.capstone.aspect.LoggerAspect - *************************************
2022-10-14 15:28:51 [http-nio-8084-exec-3] INFO  com.capstone.aspect.LoggerAspect - Method name: com.capstone.controller.loanController
2022-10-14 15:28:51 [http-nio-8084-exec-3] INFO  com.capstone.aspect.LoggerAspect - Method arguments:[Ljava.lang.Object;@66bb19eb
2022-10-14 15:28:51 [http-nio-8084-exec-3] INFO  com.capstone.aspect.LoggerAspect - *************************************
2022-10-14 15:28:51 [http-nio-8084-exec-3] INFO  com.capstone.aspect.LoggerAspect - Method name: com.capstone.service.loanServiceImp
2022-10-14 15:28:51 [http-nio-8084-exec-3] INFO  com.capstone.aspect.LoggerAspect - Method arguments:[Ljava.lang.Object;@3a891831
2022-10-14 15:28:51 [http-nio-8084-exec-3] INFO  com.capstone.aspect.LoggerAspect - *************************************
2022-10-14 15:28:51 [http-nio-8084-exec-3] INFO  com.capstone.aspect.LoggerAspect - During: class com.capstone.service.loanServiceImp.getloanDetailsofCustbyLoan() with arguments=loan [loanaccno=202211051, category=Personal, loan_amount=500000.0, custid=202200005, interest_rate=7.0, tenure=4]
2022-10-14 15:28:51 [http-nio-8084-exec-3] INFO  com.capstone.aspect.LoggerAspect - *************************************
2022-10-14 15:28:51 [http-nio-8084-exec-3] INFO  com.capstone.aspect.LoggerAspect - During: class com.capstone.controller.loanController.getloanDetailsofCustbyLoan() with arguments=<200 OK OK,loan [loanaccno=202211051, category=Personal, loan_amount=500000.0, custid=202200005, interest_rate=7.0, tenure=4],[]>
2022-10-14 15:28:51 [http-nio-8084-exec-3] INFO  com.capstone.aspect.LoggerAspect - *************************************
2022-10-14 15:29:29 [http-nio-8084-exec-10] INFO  com.capstone.aspect.LoggerAspect - Method name: com.capstone.controller.loanController
2022-10-14 15:29:29 [http-nio-8084-exec-10] INFO  com.capstone.aspect.LoggerAspect - Method arguments:[Ljava.lang.Object;@4482ca1f
2022-10-14 15:29:29 [http-nio-8084-exec-10] INFO  com.capstone.aspect.LoggerAspect - *************************************
2022-10-14 15:29:29 [http-nio-8084-exec-10] INFO  com.capstone.aspect.LoggerAspect - Method name: com.capstone.service.loanServiceImp
2022-10-14 15:29:29 [http-nio-8084-exec-10] INFO  com.capstone.aspect.LoggerAspect - Method arguments:[Ljava.lang.Object;@6e93c1f7
2022-10-14 15:29:29 [http-nio-8084-exec-10] INFO  com.capstone.aspect.LoggerAspect - *************************************
2022-10-14 15:29:29 [http-nio-8084-exec-10] INFO  com.capstone.aspect.LoggerAspect - During: class com.capstone.service.loanServiceImp.getloanDetailsofCustbyLoan() with arguments=loan [loanaccno=202211051, category=Personal, loan_amount=500000.0, custid=202200005, interest_rate=7.0, tenure=4]
2022-10-14 15:29:29 [http-nio-8084-exec-10] INFO  com.capstone.aspect.LoggerAspect - *************************************
2022-10-14 15:29:29 [http-nio-8084-exec-10] INFO  com.capstone.aspect.LoggerAspect - During: class com.capstone.controller.loanController.getloanDetailsofCustbyLoan() with arguments=<200 OK OK,loan [loanaccno=202211051, category=Personal, loan_amount=500000.0, custid=202200005, interest_rate=7.0, tenure=4],[]>
2022-10-14 15:29:29 [http-nio-8084-exec-10] INFO  com.capstone.aspect.LoggerAspect - *************************************
2022-10-14 15:29:39 [http-nio-8084-exec-8] INFO  com.capstone.aspect.LoggerAspect - Method name: com.capstone.controller.loanController
2022-10-14 15:29:39 [http-nio-8084-exec-8] INFO  com.capstone.aspect.LoggerAspect - Method arguments:[Ljava.lang.Object;@70b6e5de
2022-10-14 15:29:39 [http-nio-8084-exec-8] INFO  com.capstone.aspect.LoggerAspect - *************************************
2022-10-14 15:29:39 [http-nio-8084-exec-8] INFO  com.capstone.aspect.LoggerAspect - Method name: com.capstone.service.loanServiceImp
2022-10-14 15:29:39 [http-nio-8084-exec-8] INFO  com.capstone.aspect.LoggerAspect - Method arguments:[Ljava.lang.Object;@6d70b48f
2022-10-14 15:29:39 [http-nio-8084-exec-8] INFO  com.capstone.aspect.LoggerAspect - *************************************
2022-10-14 15:29:39 [http-nio-8084-exec-8] INFO  com.capstone.aspect.LoggerAspect - During: class com.capstone.service.loanServiceImp.getloanDetailsofCustbyLoan() with arguments=loan [loanaccno=202211051, category=Personal, loan_amount=500000.0, custid=202200005, interest_rate=7.0, tenure=4]
2022-10-14 15:29:39 [http-nio-8084-exec-8] INFO  com.capstone.aspect.LoggerAspect - *************************************
2022-10-14 15:29:39 [http-nio-8084-exec-8] INFO  com.capstone.aspect.LoggerAspect - During: class com.capstone.controller.loanController.getloanDetailsofCustbyLoan() with arguments=<200 OK OK,loan [loanaccno=202211051, category=Personal, loan_amount=500000.0, custid=202200005, interest_rate=7.0, tenure=4],[]>
2022-10-14 15:29:39 [http-nio-8084-exec-8] INFO  com.capstone.aspect.LoggerAspect - *************************************
2022-10-14 15:29:46 [http-nio-8084-exec-6] INFO  com.capstone.aspect.LoggerAspect - Method name: com.capstone.controller.loanController
2022-10-14 15:29:46 [http-nio-8084-exec-6] INFO  com.capstone.aspect.LoggerAspect - Method arguments:[Ljava.lang.Object;@46b9525c
2022-10-14 15:29:46 [http-nio-8084-exec-6] INFO  com.capstone.aspect.LoggerAspect - *************************************
2022-10-14 15:29:46 [http-nio-8084-exec-6] INFO  com.capstone.aspect.LoggerAspect - Method name: com.capstone.service.loanServiceImp
2022-10-14 15:29:46 [http-nio-8084-exec-6] INFO  com.capstone.aspect.LoggerAspect - Method arguments:[Ljava.lang.Object;@1a9f3b4c
2022-10-14 15:29:46 [http-nio-8084-exec-6] INFO  com.capstone.aspect.LoggerAspect - *************************************
2022-10-14 15:29:46 [http-nio-8084-exec-6] INFO  com.capstone.aspect.LoggerAspect - During: class com.capstone.service.loanServiceImp.getloanDetailsofCustbyLoan() with arguments=loan [loanaccno=202211051, category=Personal, loan_amount=500000.0, custid=202200005, interest_rate=7.0, tenure=4]
2022-10-14 15:29:46 [http-nio-8084-exec-6] INFO  com.capstone.aspect.LoggerAspect - *************************************
2022-10-14 15:29:46 [http-nio-8084-exec-6] INFO  com.capstone.aspect.LoggerAspect - During: class com.capstone.controller.loanController.getloanDetailsofCustbyLoan() with arguments=<200 OK OK,loan [loanaccno=202211051, category=Personal, loan_amount=500000.0, custid=202200005, interest_rate=7.0, tenure=4],[]>
2022-10-14 15:29:46 [http-nio-8084-exec-6] INFO  com.capstone.aspect.LoggerAspect - *************************************
2022-10-14 15:29:58 [http-nio-8084-exec-4] INFO  com.capstone.aspect.LoggerAspect - Method name: com.capstone.controller.loanController
2022-10-14 15:29:58 [http-nio-8084-exec-4] INFO  com.capstone.aspect.LoggerAspect - Method arguments:[Ljava.lang.Object;@1000b84
2022-10-14 15:29:58 [http-nio-8084-exec-4] INFO  com.capstone.aspect.LoggerAspect - *************************************
2022-10-14 15:29:58 [http-nio-8084-exec-4] INFO  com.capstone.aspect.LoggerAspect - Method name: com.capstone.service.loanServiceImp
2022-10-14 15:29:58 [http-nio-8084-exec-4] INFO  com.capstone.aspect.LoggerAspect - Method arguments:[Ljava.lang.Object;@3f793bb
2022-10-14 15:29:58 [http-nio-8084-exec-4] INFO  com.capstone.aspect.LoggerAspect - *************************************
2022-10-14 15:29:58 [http-nio-8084-exec-4] INFO  com.capstone.aspect.LoggerAspect - During: class com.capstone.service.loanServiceImp.getloanDetailsofCustbyLoan() with arguments=loan [loanaccno=202211051, category=Personal, loan_amount=500000.0, custid=202200005, interest_rate=7.0, tenure=4]
2022-10-14 15:29:58 [http-nio-8084-exec-4] INFO  com.capstone.aspect.LoggerAspect - *************************************
2022-10-14 15:29:58 [http-nio-8084-exec-4] INFO  com.capstone.aspect.LoggerAspect - During: class com.capstone.controller.loanController.getloanDetailsofCustbyLoan() with arguments=<200 OK OK,loan [loanaccno=202211051, category=Personal, loan_amount=500000.0, custid=202200005, interest_rate=7.0, tenure=4],[]>
2022-10-14 15:29:58 [http-nio-8084-exec-4] INFO  com.capstone.aspect.LoggerAspect - *************************************
2022-10-14 15:32:48 [AsyncResolver-bootstrap-executor-0] INFO  c.n.d.s.r.aws.ConfigClusterResolver - Resolving eureka endpoints via configuration
2022-10-14 15:37:48 [AsyncResolver-bootstrap-executor-0] INFO  c.n.d.s.r.aws.ConfigClusterResolver - Resolving eureka endpoints via configuration
2022-10-14 15:42:17 [http-nio-8084-exec-7] INFO  com.capstone.aspect.LoggerAspect - Method name: com.capstone.controller.loanController
2022-10-14 15:42:17 [http-nio-8084-exec-7] INFO  com.capstone.aspect.LoggerAspect - Method arguments:[Ljava.lang.Object;@1e42f3a8
2022-10-14 15:42:17 [http-nio-8084-exec-7] INFO  com.capstone.aspect.LoggerAspect - *************************************
2022-10-14 15:42:17 [http-nio-8084-exec-7] INFO  com.capstone.aspect.LoggerAspect - Method name: com.capstone.service.loanServiceImp
2022-10-14 15:42:17 [http-nio-8084-exec-7] INFO  com.capstone.aspect.LoggerAspect - Method arguments:[Ljava.lang.Object;@181389df
2022-10-14 15:42:17 [http-nio-8084-exec-7] INFO  com.capstone.aspect.LoggerAspect - *************************************
2022-10-14 15:42:17 [http-nio-8084-exec-7] INFO  com.capstone.aspect.LoggerAspect - During: class com.capstone.service.loanServiceImp.getloanDetailsofCustbyLoan() with arguments=loan [loanaccno=202211051, category=Personal, loan_amount=500000.0, custid=202200005, interest_rate=7.0, tenure=4]
2022-10-14 15:42:17 [http-nio-8084-exec-7] INFO  com.capstone.aspect.LoggerAspect - *************************************
2022-10-14 15:42:17 [http-nio-8084-exec-7] INFO  com.capstone.aspect.LoggerAspect - During: class com.capstone.controller.loanController.getloanDetailsofCustbyLoan() with arguments=<200 OK OK,loan [loanaccno=202211051, category=Personal, loan_amount=500000.0, custid=202200005, interest_rate=7.0, tenure=4],[]>
2022-10-14 15:42:17 [http-nio-8084-exec-7] INFO  com.capstone.aspect.LoggerAspect - *************************************
2022-10-14 15:42:28 [http-nio-8084-exec-5] INFO  com.capstone.aspect.LoggerAspect - Method name: com.capstone.controller.loanController
2022-10-14 15:42:28 [http-nio-8084-exec-5] INFO  com.capstone.aspect.LoggerAspect - Method arguments:[Ljava.lang.Object;@3189f80e
2022-10-14 15:42:28 [http-nio-8084-exec-5] INFO  com.capstone.aspect.LoggerAspect - *************************************
2022-10-14 15:42:28 [http-nio-8084-exec-5] INFO  com.capstone.aspect.LoggerAspect - Method name: com.capstone.service.loanServiceImp
2022-10-14 15:42:28 [http-nio-8084-exec-5] INFO  com.capstone.aspect.LoggerAspect - Method arguments:[Ljava.lang.Object;@697e8aaf
2022-10-14 15:42:28 [http-nio-8084-exec-5] INFO  com.capstone.aspect.LoggerAspect - *************************************
2022-10-14 15:42:28 [http-nio-8084-exec-5] INFO  com.capstone.aspect.LoggerAspect - During: class com.capstone.service.loanServiceImp.getloanDetailsofCustbyLoan() with arguments=loan [loanaccno=202211051, category=Personal, loan_amount=500000.0, custid=202200005, interest_rate=7.0, tenure=4]
2022-10-14 15:42:28 [http-nio-8084-exec-5] INFO  com.capstone.aspect.LoggerAspect - *************************************
2022-10-14 15:42:28 [http-nio-8084-exec-5] INFO  com.capstone.aspect.LoggerAspect - During: class com.capstone.controller.loanController.getloanDetailsofCustbyLoan() with arguments=<200 OK OK,loan [loanaccno=202211051, category=Personal, loan_amount=500000.0, custid=202200005, interest_rate=7.0, tenure=4],[]>
2022-10-14 15:42:28 [http-nio-8084-exec-5] INFO  com.capstone.aspect.LoggerAspect - *************************************
2022-10-14 15:42:48 [AsyncResolver-bootstrap-executor-0] INFO  c.n.d.s.r.aws.ConfigClusterResolver - Resolving eureka endpoints via configuration
2022-10-14 15:43:53 [http-nio-8084-exec-9] INFO  com.capstone.aspect.LoggerAspect - Method name: com.capstone.controller.loanController
2022-10-14 15:43:53 [http-nio-8084-exec-9] INFO  com.capstone.aspect.LoggerAspect - Method arguments:[Ljava.lang.Object;@5da51747
2022-10-14 15:43:53 [http-nio-8084-exec-9] INFO  com.capstone.aspect.LoggerAspect - *************************************
2022-10-14 15:43:53 [http-nio-8084-exec-9] INFO  com.capstone.aspect.LoggerAspect - Method name: com.capstone.service.loanServiceImp
2022-10-14 15:43:53 [http-nio-8084-exec-9] INFO  com.capstone.aspect.LoggerAspect - Method arguments:[Ljava.lang.Object;@49748575
2022-10-14 15:43:53 [http-nio-8084-exec-9] INFO  com.capstone.aspect.LoggerAspect - *************************************
2022-10-14 15:43:53 [http-nio-8084-exec-9] INFO  com.capstone.aspect.LoggerAspect - During: class com.capstone.service.loanServiceImp.getloanDetailsofCustbyLoan() with arguments=loan [loanaccno=202211051, category=Personal, loan_amount=500000.0, custid=202200005, interest_rate=7.0, tenure=4]
2022-10-14 15:43:53 [http-nio-8084-exec-9] INFO  com.capstone.aspect.LoggerAspect - *************************************
2022-10-14 15:43:53 [http-nio-8084-exec-9] INFO  com.capstone.aspect.LoggerAspect - During: class com.capstone.controller.loanController.getloanDetailsofCustbyLoan() with arguments=<200 OK OK,loan [loanaccno=202211051, category=Personal, loan_amount=500000.0, custid=202200005, interest_rate=7.0, tenure=4],[]>
2022-10-14 15:43:53 [http-nio-8084-exec-9] INFO  com.capstone.aspect.LoggerAspect - *************************************
2022-10-14 15:44:02 [http-nio-8084-exec-1] INFO  com.capstone.aspect.LoggerAspect - Method name: com.capstone.controller.loanController
2022-10-14 15:44:02 [http-nio-8084-exec-1] INFO  com.capstone.aspect.LoggerAspect - Method arguments:[Ljava.lang.Object;@4ace731e
2022-10-14 15:44:02 [http-nio-8084-exec-1] INFO  com.capstone.aspect.LoggerAspect - *************************************
2022-10-14 15:44:02 [http-nio-8084-exec-1] INFO  com.capstone.aspect.LoggerAspect - Method name: com.capstone.service.loanServiceImp
2022-10-14 15:44:02 [http-nio-8084-exec-1] INFO  com.capstone.aspect.LoggerAspect - Method arguments:[Ljava.lang.Object;@47ce87b1
2022-10-14 15:44:02 [http-nio-8084-exec-1] INFO  com.capstone.aspect.LoggerAspect - *************************************
2022-10-14 15:44:02 [http-nio-8084-exec-1] INFO  com.capstone.aspect.LoggerAspect - During: class com.capstone.service.loanServiceImp.getloanDetailsofCustbyLoan() with arguments=loan [loanaccno=202211051, category=Personal, loan_amount=500000.0, custid=202200005, interest_rate=7.0, tenure=4]
2022-10-14 15:44:02 [http-nio-8084-exec-1] INFO  com.capstone.aspect.LoggerAspect - *************************************
2022-10-14 15:44:02 [http-nio-8084-exec-1] INFO  com.capstone.aspect.LoggerAspect - During: class com.capstone.controller.loanController.getloanDetailsofCustbyLoan() with arguments=<200 OK OK,loan [loanaccno=202211051, category=Personal, loan_amount=500000.0, custid=202200005, interest_rate=7.0, tenure=4],[]>
2022-10-14 15:44:02 [http-nio-8084-exec-1] INFO  com.capstone.aspect.LoggerAspect - *************************************
2022-10-14 15:44:16 [http-nio-8084-exec-3] INFO  com.capstone.aspect.LoggerAspect - Method name: com.capstone.controller.loanController
2022-10-14 15:44:16 [http-nio-8084-exec-3] INFO  com.capstone.aspect.LoggerAspect - Method arguments:[Ljava.lang.Object;@71968da
2022-10-14 15:44:16 [http-nio-8084-exec-3] INFO  com.capstone.aspect.LoggerAspect - *************************************
2022-10-14 15:44:16 [http-nio-8084-exec-3] INFO  com.capstone.aspect.LoggerAspect - Method name: com.capstone.service.loanServiceImp
2022-10-14 15:44:16 [http-nio-8084-exec-3] INFO  com.capstone.aspect.LoggerAspect - Method arguments:[Ljava.lang.Object;@77313c2a
2022-10-14 15:44:16 [http-nio-8084-exec-3] INFO  com.capstone.aspect.LoggerAspect - *************************************
2022-10-14 15:44:16 [http-nio-8084-exec-3] INFO  com.capstone.aspect.LoggerAspect - During: class com.capstone.service.loanServiceImp.getLoanAccByCust() with arguments=[loan [loanaccno=202211051, category=Personal, loan_amount=500000.0, custid=202200005, interest_rate=7.0, tenure=4]]
2022-10-14 15:44:16 [http-nio-8084-exec-3] INFO  com.capstone.aspect.LoggerAspect - *************************************
2022-10-14 15:44:16 [http-nio-8084-exec-3] INFO  com.capstone.aspect.LoggerAspect - During: class com.capstone.controller.loanController.getloanDetailsbyCust() with arguments=<200 OK OK,[loan [loanaccno=202211051, category=Personal, loan_amount=500000.0, custid=202200005, interest_rate=7.0, tenure=4]],[]>
2022-10-14 15:44:16 [http-nio-8084-exec-3] INFO  com.capstone.aspect.LoggerAspect - *************************************
2022-10-14 15:44:54 [http-nio-8084-exec-7] INFO  com.capstone.aspect.LoggerAspect - Method name: com.capstone.controller.loanController
2022-10-14 15:44:54 [http-nio-8084-exec-7] INFO  com.capstone.aspect.LoggerAspect - Method arguments:[Ljava.lang.Object;@41f9f799
2022-10-14 15:44:54 [http-nio-8084-exec-7] INFO  com.capstone.aspect.LoggerAspect - *************************************
2022-10-14 15:44:54 [http-nio-8084-exec-7] INFO  com.capstone.aspect.LoggerAspect - Method name: com.capstone.service.loanServiceImp
2022-10-14 15:44:54 [http-nio-8084-exec-7] INFO  com.capstone.aspect.LoggerAspect - Method arguments:[Ljava.lang.Object;@72967ff1
2022-10-14 15:44:54 [http-nio-8084-exec-7] INFO  com.capstone.aspect.LoggerAspect - *************************************
2022-10-14 15:44:54 [http-nio-8084-exec-7] INFO  com.capstone.aspect.LoggerAspect - During: class com.capstone.service.loanServiceImp.getloanDetailsofCustbyLoan() with arguments=loan [loanaccno=202211051, category=Personal, loan_amount=500000.0, custid=202200005, interest_rate=7.0, tenure=4]
2022-10-14 15:44:54 [http-nio-8084-exec-7] INFO  com.capstone.aspect.LoggerAspect - *************************************
2022-10-14 15:44:54 [http-nio-8084-exec-7] INFO  com.capstone.aspect.LoggerAspect - During: class com.capstone.controller.loanController.getloanDetailsofCustbyLoan() with arguments=<200 OK OK,loan [loanaccno=202211051, category=Personal, loan_amount=500000.0, custid=202200005, interest_rate=7.0, tenure=4],[]>
2022-10-14 15:44:54 [http-nio-8084-exec-7] INFO  com.capstone.aspect.LoggerAspect - *************************************
2022-10-14 15:46:11 [http-nio-8084-exec-5] INFO  com.capstone.aspect.LoggerAspect - Method name: com.capstone.controller.loanController
2022-10-14 15:46:11 [http-nio-8084-exec-5] INFO  com.capstone.aspect.LoggerAspect - Method arguments:[Ljava.lang.Object;@20839427
2022-10-14 15:46:11 [http-nio-8084-exec-5] INFO  com.capstone.aspect.LoggerAspect - *************************************
2022-10-14 15:46:11 [http-nio-8084-exec-5] INFO  com.capstone.aspect.LoggerAspect - Method name: com.capstone.service.loanServiceImp
2022-10-14 15:46:11 [http-nio-8084-exec-5] INFO  com.capstone.aspect.LoggerAspect - Method arguments:[Ljava.lang.Object;@1e66a2ab
2022-10-14 15:46:11 [http-nio-8084-exec-5] INFO  com.capstone.aspect.LoggerAspect - *************************************
2022-10-14 15:46:11 [http-nio-8084-exec-5] INFO  com.capstone.aspect.LoggerAspect - During: class com.capstone.service.loanServiceImp.getloanDetailsofCustbyLoan() with arguments=loan [loanaccno=202211051, category=Personal, loan_amount=500000.0, custid=202200005, interest_rate=7.0, tenure=4]
2022-10-14 15:46:11 [http-nio-8084-exec-5] INFO  com.capstone.aspect.LoggerAspect - *************************************
2022-10-14 15:46:11 [http-nio-8084-exec-5] INFO  com.capstone.aspect.LoggerAspect - During: class com.capstone.controller.loanController.getloanDetailsofCustbyLoan() with arguments=<200 OK OK,loan [loanaccno=202211051, category=Personal, loan_amount=500000.0, custid=202200005, interest_rate=7.0, tenure=4],[]>
2022-10-14 15:46:11 [http-nio-8084-exec-5] INFO  com.capstone.aspect.LoggerAspect - *************************************
2022-10-14 15:46:43 [http-nio-8084-exec-9] INFO  com.capstone.aspect.LoggerAspect - Method name: com.capstone.controller.loanController
2022-10-14 15:46:43 [http-nio-8084-exec-9] INFO  com.capstone.aspect.LoggerAspect - Method arguments:[Ljava.lang.Object;@6636438a
2022-10-14 15:46:43 [http-nio-8084-exec-9] INFO  com.capstone.aspect.LoggerAspect - *************************************
2022-10-14 15:46:43 [http-nio-8084-exec-9] INFO  com.capstone.aspect.LoggerAspect - Method name: com.capstone.service.loanServiceImp
2022-10-14 15:46:43 [http-nio-8084-exec-9] INFO  com.capstone.aspect.LoggerAspect - Method arguments:[Ljava.lang.Object;@5fe853d6
2022-10-14 15:46:43 [http-nio-8084-exec-9] INFO  com.capstone.aspect.LoggerAspect - *************************************
2022-10-14 15:46:43 [http-nio-8084-exec-9] INFO  com.capstone.aspect.LoggerAspect - During: class com.capstone.service.loanServiceImp.getLoanAccByCust() with arguments=[loan [loanaccno=202211051, category=Personal, loan_amount=500000.0, custid=202200005, interest_rate=7.0, tenure=4]]
2022-10-14 15:46:43 [http-nio-8084-exec-9] INFO  com.capstone.aspect.LoggerAspect - *************************************
2022-10-14 15:46:43 [http-nio-8084-exec-9] INFO  com.capstone.aspect.LoggerAspect - During: class com.capstone.controller.loanController.getloanDetailsbyCust() with arguments=<200 OK OK,[loan [loanaccno=202211051, category=Personal, loan_amount=500000.0, custid=202200005, interest_rate=7.0, tenure=4]],[]>
2022-10-14 15:46:43 [http-nio-8084-exec-9] INFO  com.capstone.aspect.LoggerAspect - *************************************
2022-10-14 15:46:46 [http-nio-8084-exec-6] INFO  com.capstone.aspect.LoggerAspect - Method name: com.capstone.controller.loanController
2022-10-14 15:46:46 [http-nio-8084-exec-6] INFO  com.capstone.aspect.LoggerAspect - Method arguments:[Ljava.lang.Object;@3dcf0457
2022-10-14 15:46:46 [http-nio-8084-exec-6] INFO  com.capstone.aspect.LoggerAspect - *************************************
2022-10-14 15:46:46 [http-nio-8084-exec-6] INFO  com.capstone.aspect.LoggerAspect - Method name: com.capstone.service.loanServiceImp
2022-10-14 15:46:46 [http-nio-8084-exec-6] INFO  com.capstone.aspect.LoggerAspect - Method arguments:[Ljava.lang.Object;@356a919e
2022-10-14 15:46:46 [http-nio-8084-exec-6] INFO  com.capstone.aspect.LoggerAspect - *************************************
2022-10-14 15:46:46 [http-nio-8084-exec-6] INFO  com.capstone.aspect.LoggerAspect - During: class com.capstone.service.loanServiceImp.getloanDetailsofCustbyLoan() with arguments=loan [loanaccno=202211051, category=Personal, loan_amount=500000.0, custid=202200005, interest_rate=7.0, tenure=4]
2022-10-14 15:46:46 [http-nio-8084-exec-6] INFO  com.capstone.aspect.LoggerAspect - *************************************
2022-10-14 15:46:46 [http-nio-8084-exec-6] INFO  com.capstone.aspect.LoggerAspect - During: class com.capstone.controller.loanController.getloanDetailsofCustbyLoan() with arguments=<200 OK OK,loan [loanaccno=202211051, category=Personal, loan_amount=500000.0, custid=202200005, interest_rate=7.0, tenure=4],[]>
2022-10-14 15:46:46 [http-nio-8084-exec-6] INFO  com.capstone.aspect.LoggerAspect - *************************************
2022-10-14 15:47:40 [http-nio-8084-exec-4] INFO  com.capstone.aspect.LoggerAspect - Method name: com.capstone.controller.loanController
2022-10-14 15:47:40 [http-nio-8084-exec-4] INFO  com.capstone.aspect.LoggerAspect - Method arguments:[Ljava.lang.Object;@6a294109
2022-10-14 15:47:40 [http-nio-8084-exec-4] INFO  com.capstone.aspect.LoggerAspect - *************************************
2022-10-14 15:47:40 [http-nio-8084-exec-4] INFO  com.capstone.aspect.LoggerAspect - Method name: com.capstone.service.loanServiceImp
2022-10-14 15:47:40 [http-nio-8084-exec-4] INFO  com.capstone.aspect.LoggerAspect - Method arguments:[Ljava.lang.Object;@59cc504
2022-10-14 15:47:40 [http-nio-8084-exec-4] INFO  com.capstone.aspect.LoggerAspect - *************************************
2022-10-14 15:47:40 [http-nio-8084-exec-4] INFO  com.capstone.aspect.LoggerAspect - During: class com.capstone.service.loanServiceImp.getloanDetailsofCustbyLoan() with arguments=loan [loanaccno=202211051, category=Personal, loan_amount=500000.0, custid=202200005, interest_rate=7.0, tenure=4]
2022-10-14 15:47:40 [http-nio-8084-exec-4] INFO  com.capstone.aspect.LoggerAspect - *************************************
2022-10-14 15:47:40 [http-nio-8084-exec-4] INFO  com.capstone.aspect.LoggerAspect - During: class com.capstone.controller.loanController.getloanDetailsofCustbyLoan() with arguments=<200 OK OK,loan [loanaccno=202211051, category=Personal, loan_amount=500000.0, custid=202200005, interest_rate=7.0, tenure=4],[]>
2022-10-14 15:47:40 [http-nio-8084-exec-4] INFO  com.capstone.aspect.LoggerAspect - *************************************
2022-10-14 15:47:48 [AsyncResolver-bootstrap-executor-0] INFO  c.n.d.s.r.aws.ConfigClusterResolver - Resolving eureka endpoints via configuration
2022-10-14 15:51:40 [http-nio-8084-exec-3] INFO  com.capstone.aspect.LoggerAspect - Method name: com.capstone.controller.loanController
2022-10-14 15:51:40 [http-nio-8084-exec-3] INFO  com.capstone.aspect.LoggerAspect - Method arguments:[Ljava.lang.Object;@1c4d3903
2022-10-14 15:51:40 [http-nio-8084-exec-3] INFO  com.capstone.aspect.LoggerAspect - *************************************
2022-10-14 15:51:40 [http-nio-8084-exec-3] INFO  com.capstone.aspect.LoggerAspect - Method name: com.capstone.service.loanServiceImp
2022-10-14 15:51:40 [http-nio-8084-exec-3] INFO  com.capstone.aspect.LoggerAspect - Method arguments:[Ljava.lang.Object;@72a1f478
2022-10-14 15:51:40 [http-nio-8084-exec-3] INFO  com.capstone.aspect.LoggerAspect - *************************************
2022-10-14 15:51:40 [http-nio-8084-exec-3] INFO  com.capstone.aspect.LoggerAspect - During: class com.capstone.service.loanServiceImp.getloanDetailsofCustbyLoan() with arguments=loan [loanaccno=202211051, category=Personal, loan_amount=500000.0, custid=202200005, interest_rate=7.0, tenure=4]
2022-10-14 15:51:40 [http-nio-8084-exec-3] INFO  com.capstone.aspect.LoggerAspect - *************************************
2022-10-14 15:51:40 [http-nio-8084-exec-3] INFO  com.capstone.aspect.LoggerAspect - During: class com.capstone.controller.loanController.getloanDetailsofCustbyLoan() with arguments=<200 OK OK,loan [loanaccno=202211051, category=Personal, loan_amount=500000.0, custid=202200005, interest_rate=7.0, tenure=4],[]>
2022-10-14 15:51:40 [http-nio-8084-exec-3] INFO  com.capstone.aspect.LoggerAspect - *************************************
2022-10-14 15:51:59 [http-nio-8084-exec-10] INFO  com.capstone.aspect.LoggerAspect - Method name: com.capstone.controller.loanController
2022-10-14 15:51:59 [http-nio-8084-exec-10] INFO  com.capstone.aspect.LoggerAspect - Method arguments:[Ljava.lang.Object;@27e9a4e6
2022-10-14 15:51:59 [http-nio-8084-exec-10] INFO  com.capstone.aspect.LoggerAspect - *************************************
2022-10-14 15:51:59 [http-nio-8084-exec-10] INFO  com.capstone.aspect.LoggerAspect - Method name: com.capstone.service.loanServiceImp
2022-10-14 15:51:59 [http-nio-8084-exec-10] INFO  com.capstone.aspect.LoggerAspect - Method arguments:[Ljava.lang.Object;@7ef26628
2022-10-14 15:51:59 [http-nio-8084-exec-10] INFO  com.capstone.aspect.LoggerAspect - *************************************
2022-10-14 15:51:59 [http-nio-8084-exec-10] INFO  com.capstone.aspect.LoggerAspect - During: class com.capstone.service.loanServiceImp.getloanDetailsofCustbyLoan() with arguments=loan [loanaccno=202211051, category=Personal, loan_amount=500000.0, custid=202200005, interest_rate=7.0, tenure=4]
2022-10-14 15:51:59 [http-nio-8084-exec-10] INFO  com.capstone.aspect.LoggerAspect - *************************************
2022-10-14 15:51:59 [http-nio-8084-exec-10] INFO  com.capstone.aspect.LoggerAspect - During: class com.capstone.controller.loanController.getloanDetailsofCustbyLoan() with arguments=<200 OK OK,loan [loanaccno=202211051, category=Personal, loan_amount=500000.0, custid=202200005, interest_rate=7.0, tenure=4],[]>
2022-10-14 15:51:59 [http-nio-8084-exec-10] INFO  com.capstone.aspect.LoggerAspect - *************************************
2022-10-14 15:52:48 [AsyncResolver-bootstrap-executor-0] INFO  c.n.d.s.r.aws.ConfigClusterResolver - Resolving eureka endpoints via configuration
2022-10-14 15:56:30 [http-nio-8084-exec-8] INFO  com.capstone.aspect.LoggerAspect - Method name: com.capstone.controller.loanController
2022-10-14 15:56:30 [http-nio-8084-exec-8] INFO  com.capstone.aspect.LoggerAspect - Method arguments:[Ljava.lang.Object;@3cf03d5f
2022-10-14 15:56:30 [http-nio-8084-exec-8] INFO  com.capstone.aspect.LoggerAspect - *************************************
2022-10-14 15:56:30 [http-nio-8084-exec-8] INFO  com.capstone.aspect.LoggerAspect - Method name: com.capstone.service.loanServiceImp
2022-10-14 15:56:30 [http-nio-8084-exec-8] INFO  com.capstone.aspect.LoggerAspect - Method arguments:[Ljava.lang.Object;@2ef139
2022-10-14 15:56:30 [http-nio-8084-exec-8] INFO  com.capstone.aspect.LoggerAspect - *************************************
2022-10-14 15:56:30 [http-nio-8084-exec-8] INFO  com.capstone.aspect.LoggerAspect - During: class com.capstone.service.loanServiceImp.getloanDetailsofCustbyLoan() with arguments=loan [loanaccno=202211051, category=Personal, loan_amount=500000.0, custid=202200005, interest_rate=7.0, tenure=4]
2022-10-14 15:56:30 [http-nio-8084-exec-8] INFO  com.capstone.aspect.LoggerAspect - *************************************
2022-10-14 15:56:30 [http-nio-8084-exec-8] INFO  com.capstone.aspect.LoggerAspect - During: class com.capstone.controller.loanController.getloanDetailsofCustbyLoan() with arguments=<200 OK OK,loan [loanaccno=202211051, category=Personal, loan_amount=500000.0, custid=202200005, interest_rate=7.0, tenure=4],[]>
2022-10-14 15:56:30 [http-nio-8084-exec-8] INFO  com.capstone.aspect.LoggerAspect - *************************************
2022-10-14 15:56:42 [http-nio-8084-exec-6] INFO  com.capstone.aspect.LoggerAspect - Method name: com.capstone.controller.loanController
2022-10-14 15:56:42 [http-nio-8084-exec-6] INFO  com.capstone.aspect.LoggerAspect - Method arguments:[Ljava.lang.Object;@667bb889
2022-10-14 15:56:42 [http-nio-8084-exec-6] INFO  com.capstone.aspect.LoggerAspect - *************************************
2022-10-14 15:56:42 [http-nio-8084-exec-6] INFO  com.capstone.aspect.LoggerAspect - Method name: com.capstone.service.loanServiceImp
2022-10-14 15:56:42 [http-nio-8084-exec-6] INFO  com.capstone.aspect.LoggerAspect - Method arguments:[Ljava.lang.Object;@f39d8c6
2022-10-14 15:56:42 [http-nio-8084-exec-6] INFO  com.capstone.aspect.LoggerAspect - *************************************
2022-10-14 15:56:42 [http-nio-8084-exec-6] INFO  com.capstone.aspect.LoggerAspect - During: class com.capstone.service.loanServiceImp.getLoanAccByCust() with arguments=[loan [loanaccno=202211051, category=Personal, loan_amount=500000.0, custid=202200005, interest_rate=7.0, tenure=4]]
2022-10-14 15:56:42 [http-nio-8084-exec-6] INFO  com.capstone.aspect.LoggerAspect - *************************************
2022-10-14 15:56:42 [http-nio-8084-exec-6] INFO  com.capstone.aspect.LoggerAspect - During: class com.capstone.controller.loanController.getloanDetailsbyCust() with arguments=<200 OK OK,[loan [loanaccno=202211051, category=Personal, loan_amount=500000.0, custid=202200005, interest_rate=7.0, tenure=4]],[]>
2022-10-14 15:56:42 [http-nio-8084-exec-6] INFO  com.capstone.aspect.LoggerAspect - *************************************
2022-10-14 15:56:43 [http-nio-8084-exec-1] INFO  com.capstone.aspect.LoggerAspect - Method name: com.capstone.controller.loanController
2022-10-14 15:56:43 [http-nio-8084-exec-1] INFO  com.capstone.aspect.LoggerAspect - Method arguments:[Ljava.lang.Object;@374ac49f
2022-10-14 15:56:43 [http-nio-8084-exec-1] INFO  com.capstone.aspect.LoggerAspect - *************************************
2022-10-14 15:56:43 [http-nio-8084-exec-1] INFO  com.capstone.aspect.LoggerAspect - Method name: com.capstone.service.loanServiceImp
2022-10-14 15:56:43 [http-nio-8084-exec-1] INFO  com.capstone.aspect.LoggerAspect - Method arguments:[Ljava.lang.Object;@79e6b704
2022-10-14 15:56:43 [http-nio-8084-exec-1] INFO  com.capstone.aspect.LoggerAspect - *************************************
2022-10-14 15:56:43 [http-nio-8084-exec-1] INFO  com.capstone.aspect.LoggerAspect - During: class com.capstone.service.loanServiceImp.getloanDetailsofCustbyLoan() with arguments=loan [loanaccno=202211051, category=Personal, loan_amount=500000.0, custid=202200005, interest_rate=7.0, tenure=4]
2022-10-14 15:56:43 [http-nio-8084-exec-1] INFO  com.capstone.aspect.LoggerAspect - *************************************
2022-10-14 15:56:43 [http-nio-8084-exec-1] INFO  com.capstone.aspect.LoggerAspect - During: class com.capstone.controller.loanController.getloanDetailsofCustbyLoan() with arguments=<200 OK OK,loan [loanaccno=202211051, category=Personal, loan_amount=500000.0, custid=202200005, interest_rate=7.0, tenure=4],[]>
2022-10-14 15:56:43 [http-nio-8084-exec-1] INFO  com.capstone.aspect.LoggerAspect - *************************************
2022-10-14 15:57:48 [AsyncResolver-bootstrap-executor-0] INFO  c.n.d.s.r.aws.ConfigClusterResolver - Resolving eureka endpoints via configuration
2022-10-14 15:58:05 [http-nio-8084-exec-2] INFO  com.capstone.aspect.LoggerAspect - Method name: com.capstone.controller.loanController
2022-10-14 15:58:05 [http-nio-8084-exec-2] INFO  com.capstone.aspect.LoggerAspect - Method arguments:[Ljava.lang.Object;@59963352
2022-10-14 15:58:05 [http-nio-8084-exec-2] INFO  com.capstone.aspect.LoggerAspect - *************************************
2022-10-14 15:58:05 [http-nio-8084-exec-2] INFO  com.capstone.aspect.LoggerAspect - Method name: com.capstone.service.loanServiceImp
2022-10-14 15:58:05 [http-nio-8084-exec-2] INFO  com.capstone.aspect.LoggerAspect - Method arguments:[Ljava.lang.Object;@59daa836
2022-10-14 15:58:05 [http-nio-8084-exec-2] INFO  com.capstone.aspect.LoggerAspect - *************************************
2022-10-14 15:58:05 [http-nio-8084-exec-2] INFO  com.capstone.aspect.LoggerAspect - During: class com.capstone.service.loanServiceImp.getloanDetailsofCustbyLoan() with arguments=loan [loanaccno=202211051, category=Personal, loan_amount=500000.0, custid=202200005, interest_rate=7.0, tenure=4]
2022-10-14 15:58:05 [http-nio-8084-exec-2] INFO  com.capstone.aspect.LoggerAspect - *************************************
2022-10-14 15:58:05 [http-nio-8084-exec-2] INFO  com.capstone.aspect.LoggerAspect - During: class com.capstone.controller.loanController.getloanDetailsofCustbyLoan() with arguments=<200 OK OK,loan [loanaccno=202211051, category=Personal, loan_amount=500000.0, custid=202200005, interest_rate=7.0, tenure=4],[]>
2022-10-14 15:58:05 [http-nio-8084-exec-2] INFO  com.capstone.aspect.LoggerAspect - *************************************
2022-10-14 15:58:31 [http-nio-8084-exec-7] INFO  com.capstone.aspect.LoggerAspect - Method name: com.capstone.controller.loanController
2022-10-14 15:58:31 [http-nio-8084-exec-7] INFO  com.capstone.aspect.LoggerAspect - Method arguments:[Ljava.lang.Object;@39a7ce05
2022-10-14 15:58:31 [http-nio-8084-exec-7] INFO  com.capstone.aspect.LoggerAspect - *************************************
2022-10-14 15:58:31 [http-nio-8084-exec-7] INFO  com.capstone.aspect.LoggerAspect - Method name: com.capstone.service.loanServiceImp
2022-10-14 15:58:31 [http-nio-8084-exec-7] INFO  com.capstone.aspect.LoggerAspect - Method arguments:[Ljava.lang.Object;@6d74b10d
2022-10-14 15:58:31 [http-nio-8084-exec-7] INFO  com.capstone.aspect.LoggerAspect - *************************************
2022-10-14 15:58:31 [http-nio-8084-exec-7] INFO  com.capstone.aspect.LoggerAspect - During: class com.capstone.service.loanServiceImp.getloanDetailsofCustbyLoan() with arguments=loan [loanaccno=202211051, category=Personal, loan_amount=500000.0, custid=202200005, interest_rate=7.0, tenure=4]
2022-10-14 15:58:31 [http-nio-8084-exec-7] INFO  com.capstone.aspect.LoggerAspect - *************************************
2022-10-14 15:58:31 [http-nio-8084-exec-7] INFO  com.capstone.aspect.LoggerAspect - During: class com.capstone.controller.loanController.getloanDetailsofCustbyLoan() with arguments=<200 OK OK,loan [loanaccno=202211051, category=Personal, loan_amount=500000.0, custid=202200005, interest_rate=7.0, tenure=4],[]>
2022-10-14 15:58:31 [http-nio-8084-exec-7] INFO  com.capstone.aspect.LoggerAspect - *************************************
2022-10-14 15:58:36 [http-nio-8084-exec-10] INFO  com.capstone.aspect.LoggerAspect - Method name: com.capstone.controller.loanController
2022-10-14 15:58:36 [http-nio-8084-exec-10] INFO  com.capstone.aspect.LoggerAspect - Method arguments:[Ljava.lang.Object;@730ba85d
2022-10-14 15:58:36 [http-nio-8084-exec-10] INFO  com.capstone.aspect.LoggerAspect - *************************************
2022-10-14 15:58:36 [http-nio-8084-exec-10] INFO  com.capstone.aspect.LoggerAspect - Method name: com.capstone.service.loanServiceImp
2022-10-14 15:58:36 [http-nio-8084-exec-10] INFO  com.capstone.aspect.LoggerAspect - Method arguments:[Ljava.lang.Object;@237e157e
2022-10-14 15:58:36 [http-nio-8084-exec-10] INFO  com.capstone.aspect.LoggerAspect - *************************************
2022-10-14 15:58:36 [http-nio-8084-exec-10] INFO  com.capstone.aspect.LoggerAspect - During: class com.capstone.service.loanServiceImp.getloanDetailsofCustbyLoan() with arguments=loan [loanaccno=202211051, category=Personal, loan_amount=500000.0, custid=202200005, interest_rate=7.0, tenure=4]
2022-10-14 15:58:36 [http-nio-8084-exec-10] INFO  com.capstone.aspect.LoggerAspect - *************************************
2022-10-14 15:58:36 [http-nio-8084-exec-10] INFO  com.capstone.aspect.LoggerAspect - During: class com.capstone.controller.loanController.getloanDetailsofCustbyLoan() with arguments=<200 OK OK,loan [loanaccno=202211051, category=Personal, loan_amount=500000.0, custid=202200005, interest_rate=7.0, tenure=4],[]>
2022-10-14 15:58:36 [http-nio-8084-exec-10] INFO  com.capstone.aspect.LoggerAspect - *************************************
2022-10-14 15:58:40 [http-nio-8084-exec-5] INFO  com.capstone.aspect.LoggerAspect - Method name: com.capstone.controller.loanController
2022-10-14 15:58:40 [http-nio-8084-exec-5] INFO  com.capstone.aspect.LoggerAspect - Method arguments:[Ljava.lang.Object;@7d8afd21
2022-10-14 15:58:40 [http-nio-8084-exec-5] INFO  com.capstone.aspect.LoggerAspect - *************************************
2022-10-14 15:58:40 [http-nio-8084-exec-5] INFO  com.capstone.aspect.LoggerAspect - Method name: com.capstone.service.loanServiceImp
2022-10-14 15:58:40 [http-nio-8084-exec-5] INFO  com.capstone.aspect.LoggerAspect - Method arguments:[Ljava.lang.Object;@546bd89
2022-10-14 15:58:40 [http-nio-8084-exec-5] INFO  com.capstone.aspect.LoggerAspect - *************************************
2022-10-14 15:58:40 [http-nio-8084-exec-5] INFO  com.capstone.aspect.LoggerAspect - During: class com.capstone.service.loanServiceImp.getloanDetailsofCustbyLoan() with arguments=loan [loanaccno=202211051, category=Personal, loan_amount=500000.0, custid=202200005, interest_rate=7.0, tenure=4]
2022-10-14 15:58:40 [http-nio-8084-exec-5] INFO  com.capstone.aspect.LoggerAspect - *************************************
2022-10-14 15:58:40 [http-nio-8084-exec-5] INFO  com.capstone.aspect.LoggerAspect - During: class com.capstone.controller.loanController.getloanDetailsofCustbyLoan() with arguments=<200 OK OK,loan [loanaccno=202211051, category=Personal, loan_amount=500000.0, custid=202200005, interest_rate=7.0, tenure=4],[]>
2022-10-14 15:58:40 [http-nio-8084-exec-5] INFO  com.capstone.aspect.LoggerAspect - *************************************
2022-10-14 15:59:36 [http-nio-8084-exec-9] INFO  com.capstone.aspect.LoggerAspect - Method name: com.capstone.controller.loanController
2022-10-14 15:59:36 [http-nio-8084-exec-9] INFO  com.capstone.aspect.LoggerAspect - Method arguments:[Ljava.lang.Object;@20652e9d
2022-10-14 15:59:36 [http-nio-8084-exec-9] INFO  com.capstone.aspect.LoggerAspect - *************************************
2022-10-14 15:59:36 [http-nio-8084-exec-9] INFO  com.capstone.aspect.LoggerAspect - Method name: com.capstone.service.loanServiceImp
2022-10-14 15:59:36 [http-nio-8084-exec-9] INFO  com.capstone.aspect.LoggerAspect - Method arguments:[Ljava.lang.Object;@4bd038bf
2022-10-14 15:59:36 [http-nio-8084-exec-9] INFO  com.capstone.aspect.LoggerAspect - *************************************
2022-10-14 15:59:36 [http-nio-8084-exec-9] INFO  com.capstone.aspect.LoggerAspect - During: class com.capstone.service.loanServiceImp.getloanDetailsofCustbyLoan() with arguments=loan [loanaccno=202211051, category=Personal, loan_amount=500000.0, custid=202200005, interest_rate=7.0, tenure=4]
2022-10-14 15:59:36 [http-nio-8084-exec-9] INFO  com.capstone.aspect.LoggerAspect - *************************************
2022-10-14 15:59:36 [http-nio-8084-exec-9] INFO  com.capstone.aspect.LoggerAspect - During: class com.capstone.controller.loanController.getloanDetailsofCustbyLoan() with arguments=<200 OK OK,loan [loanaccno=202211051, category=Personal, loan_amount=500000.0, custid=202200005, interest_rate=7.0, tenure=4],[]>
2022-10-14 15:59:36 [http-nio-8084-exec-9] INFO  com.capstone.aspect.LoggerAspect - *************************************
2022-10-14 15:59:46 [http-nio-8084-exec-1] INFO  com.capstone.aspect.LoggerAspect - Method name: com.capstone.controller.loanController
2022-10-14 15:59:46 [http-nio-8084-exec-1] INFO  com.capstone.aspect.LoggerAspect - Method arguments:[Ljava.lang.Object;@78e1d094
2022-10-14 15:59:46 [http-nio-8084-exec-1] INFO  com.capstone.aspect.LoggerAspect - *************************************
2022-10-14 15:59:46 [http-nio-8084-exec-1] INFO  com.capstone.aspect.LoggerAspect - Method name: com.capstone.service.loanServiceImp
2022-10-14 15:59:46 [http-nio-8084-exec-1] INFO  com.capstone.aspect.LoggerAspect - Method arguments:[Ljava.lang.Object;@5a9fb514
2022-10-14 15:59:46 [http-nio-8084-exec-1] INFO  com.capstone.aspect.LoggerAspect - *************************************
2022-10-14 15:59:46 [http-nio-8084-exec-1] INFO  com.capstone.aspect.LoggerAspect - During: class com.capstone.service.loanServiceImp.getLoanAccByCust() with arguments=[loan [loanaccno=202211051, category=Personal, loan_amount=500000.0, custid=202200005, interest_rate=7.0, tenure=4]]
2022-10-14 15:59:46 [http-nio-8084-exec-1] INFO  com.capstone.aspect.LoggerAspect - *************************************
2022-10-14 15:59:46 [http-nio-8084-exec-1] INFO  com.capstone.aspect.LoggerAspect - During: class com.capstone.controller.loanController.getloanDetailsbyCust() with arguments=<200 OK OK,[loan [loanaccno=202211051, category=Personal, loan_amount=500000.0, custid=202200005, interest_rate=7.0, tenure=4]],[]>
2022-10-14 15:59:46 [http-nio-8084-exec-1] INFO  com.capstone.aspect.LoggerAspect - *************************************
2022-10-14 15:59:47 [http-nio-8084-exec-4] INFO  com.capstone.aspect.LoggerAspect - Method name: com.capstone.controller.loanController
2022-10-14 15:59:47 [http-nio-8084-exec-4] INFO  com.capstone.aspect.LoggerAspect - Method arguments:[Ljava.lang.Object;@325b627c
2022-10-14 15:59:47 [http-nio-8084-exec-4] INFO  com.capstone.aspect.LoggerAspect - *************************************
2022-10-14 15:59:47 [http-nio-8084-exec-4] INFO  com.capstone.aspect.LoggerAspect - Method name: com.capstone.service.loanServiceImp
2022-10-14 15:59:47 [http-nio-8084-exec-4] INFO  com.capstone.aspect.LoggerAspect - Method arguments:[Ljava.lang.Object;@51a96a49
2022-10-14 15:59:47 [http-nio-8084-exec-4] INFO  com.capstone.aspect.LoggerAspect - *************************************
2022-10-14 15:59:47 [http-nio-8084-exec-4] INFO  com.capstone.aspect.LoggerAspect - During: class com.capstone.service.loanServiceImp.getloanDetailsofCustbyLoan() with arguments=loan [loanaccno=202211051, category=Personal, loan_amount=500000.0, custid=202200005, interest_rate=7.0, tenure=4]
2022-10-14 15:59:47 [http-nio-8084-exec-4] INFO  com.capstone.aspect.LoggerAspect - *************************************
2022-10-14 15:59:47 [http-nio-8084-exec-4] INFO  com.capstone.aspect.LoggerAspect - During: class com.capstone.controller.loanController.getloanDetailsofCustbyLoan() with arguments=<200 OK OK,loan [loanaccno=202211051, category=Personal, loan_amount=500000.0, custid=202200005, interest_rate=7.0, tenure=4],[]>
2022-10-14 15:59:47 [http-nio-8084-exec-4] INFO  com.capstone.aspect.LoggerAspect - *************************************
2022-10-14 16:00:10 [http-nio-8084-exec-3] INFO  com.capstone.aspect.LoggerAspect - Method name: com.capstone.controller.loanController
2022-10-14 16:00:10 [http-nio-8084-exec-3] INFO  com.capstone.aspect.LoggerAspect - Method arguments:[Ljava.lang.Object;@10e0108e
2022-10-14 16:00:10 [http-nio-8084-exec-3] INFO  com.capstone.aspect.LoggerAspect - *************************************
2022-10-14 16:00:10 [http-nio-8084-exec-3] INFO  com.capstone.aspect.LoggerAspect - Method name: com.capstone.service.loanServiceImp
2022-10-14 16:00:10 [http-nio-8084-exec-3] INFO  com.capstone.aspect.LoggerAspect - Method arguments:[Ljava.lang.Object;@23d6f062
2022-10-14 16:00:10 [http-nio-8084-exec-3] INFO  com.capstone.aspect.LoggerAspect - *************************************
2022-10-14 16:00:10 [http-nio-8084-exec-3] INFO  com.capstone.aspect.LoggerAspect - During: class com.capstone.service.loanServiceImp.getLoanAccByCust() with arguments=[loan [loanaccno=202211051, category=Personal, loan_amount=500000.0, custid=202200005, interest_rate=7.0, tenure=4]]
2022-10-14 16:00:10 [http-nio-8084-exec-3] INFO  com.capstone.aspect.LoggerAspect - *************************************
2022-10-14 16:00:10 [http-nio-8084-exec-3] INFO  com.capstone.aspect.LoggerAspect - During: class com.capstone.controller.loanController.getloanDetailsbyCust() with arguments=<200 OK OK,[loan [loanaccno=202211051, category=Personal, loan_amount=500000.0, custid=202200005, interest_rate=7.0, tenure=4]],[]>
2022-10-14 16:00:10 [http-nio-8084-exec-3] INFO  com.capstone.aspect.LoggerAspect - *************************************
2022-10-14 16:00:12 [http-nio-8084-exec-10] INFO  com.capstone.aspect.LoggerAspect - Method name: com.capstone.controller.loanController
2022-10-14 16:00:12 [http-nio-8084-exec-10] INFO  com.capstone.aspect.LoggerAspect - Method arguments:[Ljava.lang.Object;@10d3cef2
2022-10-14 16:00:12 [http-nio-8084-exec-10] INFO  com.capstone.aspect.LoggerAspect - *************************************
2022-10-14 16:00:12 [http-nio-8084-exec-10] INFO  com.capstone.aspect.LoggerAspect - Method name: com.capstone.service.loanServiceImp
2022-10-14 16:00:12 [http-nio-8084-exec-10] INFO  com.capstone.aspect.LoggerAspect - Method arguments:[Ljava.lang.Object;@24b31641
2022-10-14 16:00:12 [http-nio-8084-exec-10] INFO  com.capstone.aspect.LoggerAspect - *************************************
2022-10-14 16:00:12 [http-nio-8084-exec-10] INFO  com.capstone.aspect.LoggerAspect - During: class com.capstone.service.loanServiceImp.getloanDetailsofCustbyLoan() with arguments=loan [loanaccno=202211051, category=Personal, loan_amount=500000.0, custid=202200005, interest_rate=7.0, tenure=4]
2022-10-14 16:00:12 [http-nio-8084-exec-10] INFO  com.capstone.aspect.LoggerAspect - *************************************
2022-10-14 16:00:12 [http-nio-8084-exec-10] INFO  com.capstone.aspect.LoggerAspect - During: class com.capstone.controller.loanController.getloanDetailsofCustbyLoan() with arguments=<200 OK OK,loan [loanaccno=202211051, category=Personal, loan_amount=500000.0, custid=202200005, interest_rate=7.0, tenure=4],[]>
2022-10-14 16:00:12 [http-nio-8084-exec-10] INFO  com.capstone.aspect.LoggerAspect - *************************************
2022-10-14 16:01:30 [http-nio-8084-exec-8] INFO  com.capstone.aspect.LoggerAspect - Method name: com.capstone.controller.loanController
2022-10-14 16:01:30 [http-nio-8084-exec-8] INFO  com.capstone.aspect.LoggerAspect - Method arguments:[Ljava.lang.Object;@7a2a1fc2
2022-10-14 16:01:30 [http-nio-8084-exec-8] INFO  com.capstone.aspect.LoggerAspect - *************************************
2022-10-14 16:01:30 [http-nio-8084-exec-8] INFO  com.capstone.aspect.LoggerAspect - Method name: com.capstone.service.loanServiceImp
2022-10-14 16:01:30 [http-nio-8084-exec-8] INFO  com.capstone.aspect.LoggerAspect - Method arguments:[Ljava.lang.Object;@674233af
2022-10-14 16:01:30 [http-nio-8084-exec-8] INFO  com.capstone.aspect.LoggerAspect - *************************************
2022-10-14 16:01:30 [http-nio-8084-exec-8] INFO  com.capstone.aspect.LoggerAspect - During: class com.capstone.service.loanServiceImp.getLoanAccByCust() with arguments=[loan [loanaccno=202211051, category=Personal, loan_amount=500000.0, custid=202200005, interest_rate=7.0, tenure=4]]
2022-10-14 16:01:30 [http-nio-8084-exec-8] INFO  com.capstone.aspect.LoggerAspect - *************************************
2022-10-14 16:01:30 [http-nio-8084-exec-8] INFO  com.capstone.aspect.LoggerAspect - During: class com.capstone.controller.loanController.getloanDetailsbyCust() with arguments=<200 OK OK,[loan [loanaccno=202211051, category=Personal, loan_amount=500000.0, custid=202200005, interest_rate=7.0, tenure=4]],[]>
2022-10-14 16:01:30 [http-nio-8084-exec-8] INFO  com.capstone.aspect.LoggerAspect - *************************************
2022-10-14 16:01:57 [http-nio-8084-exec-6] INFO  com.capstone.aspect.LoggerAspect - Method name: com.capstone.controller.loanController
2022-10-14 16:01:57 [http-nio-8084-exec-6] INFO  com.capstone.aspect.LoggerAspect - Method arguments:[Ljava.lang.Object;@3d4ef032
2022-10-14 16:01:57 [http-nio-8084-exec-6] INFO  com.capstone.aspect.LoggerAspect - *************************************
2022-10-14 16:01:57 [http-nio-8084-exec-6] INFO  com.capstone.aspect.LoggerAspect - Method name: com.capstone.service.loanServiceImp
2022-10-14 16:01:57 [http-nio-8084-exec-6] INFO  com.capstone.aspect.LoggerAspect - Method arguments:[Ljava.lang.Object;@399e21ab
2022-10-14 16:01:57 [http-nio-8084-exec-6] INFO  com.capstone.aspect.LoggerAspect - *************************************
2022-10-14 16:01:57 [http-nio-8084-exec-6] INFO  com.capstone.aspect.LoggerAspect - During: class com.capstone.service.loanServiceImp.getLoanAccByCust() with arguments=[loan [loanaccno=202211051, category=Personal, loan_amount=500000.0, custid=202200005, interest_rate=7.0, tenure=4]]
2022-10-14 16:01:57 [http-nio-8084-exec-6] INFO  com.capstone.aspect.LoggerAspect - *************************************
2022-10-14 16:01:57 [http-nio-8084-exec-6] INFO  com.capstone.aspect.LoggerAspect - During: class com.capstone.controller.loanController.getloanDetailsbyCust() with arguments=<200 OK OK,[loan [loanaccno=202211051, category=Personal, loan_amount=500000.0, custid=202200005, interest_rate=7.0, tenure=4]],[]>
2022-10-14 16:01:57 [http-nio-8084-exec-6] INFO  com.capstone.aspect.LoggerAspect - *************************************
2022-10-14 16:02:38 [http-nio-8084-exec-4] INFO  com.capstone.aspect.LoggerAspect - Method name: com.capstone.controller.loanController
2022-10-14 16:02:38 [http-nio-8084-exec-4] INFO  com.capstone.aspect.LoggerAspect - Method arguments:[Ljava.lang.Object;@6116bf52
2022-10-14 16:02:38 [http-nio-8084-exec-4] INFO  com.capstone.aspect.LoggerAspect - *************************************
2022-10-14 16:02:38 [http-nio-8084-exec-4] INFO  com.capstone.aspect.LoggerAspect - Method name: com.capstone.service.loanServiceImp
2022-10-14 16:02:38 [http-nio-8084-exec-4] INFO  com.capstone.aspect.LoggerAspect - Method arguments:[Ljava.lang.Object;@36a5e0ac
2022-10-14 16:02:38 [http-nio-8084-exec-4] INFO  com.capstone.aspect.LoggerAspect - *************************************
2022-10-14 16:02:38 [http-nio-8084-exec-4] INFO  com.capstone.aspect.LoggerAspect - During: class com.capstone.service.loanServiceImp.getLoanAccByCust() with arguments=[loan [loanaccno=202211051, category=Personal, loan_amount=500000.0, custid=202200005, interest_rate=7.0, tenure=4]]
2022-10-14 16:02:38 [http-nio-8084-exec-4] INFO  com.capstone.aspect.LoggerAspect - *************************************
2022-10-14 16:02:38 [http-nio-8084-exec-4] INFO  com.capstone.aspect.LoggerAspect - During: class com.capstone.controller.loanController.getloanDetailsbyCust() with arguments=<200 OK OK,[loan [loanaccno=202211051, category=Personal, loan_amount=500000.0, custid=202200005, interest_rate=7.0, tenure=4]],[]>
2022-10-14 16:02:38 [http-nio-8084-exec-4] INFO  com.capstone.aspect.LoggerAspect - *************************************
2022-10-14 16:02:41 [http-nio-8084-exec-2] INFO  com.capstone.aspect.LoggerAspect - Method name: com.capstone.controller.loanController
2022-10-14 16:02:41 [http-nio-8084-exec-2] INFO  com.capstone.aspect.LoggerAspect - Method arguments:[Ljava.lang.Object;@3645bcfd
2022-10-14 16:02:41 [http-nio-8084-exec-2] INFO  com.capstone.aspect.LoggerAspect - *************************************
2022-10-14 16:02:41 [http-nio-8084-exec-2] INFO  com.capstone.aspect.LoggerAspect - Method name: com.capstone.service.loanServiceImp
2022-10-14 16:02:41 [http-nio-8084-exec-2] INFO  com.capstone.aspect.LoggerAspect - Method arguments:[Ljava.lang.Object;@60920900
2022-10-14 16:02:41 [http-nio-8084-exec-2] INFO  com.capstone.aspect.LoggerAspect - *************************************
2022-10-14 16:02:41 [http-nio-8084-exec-2] INFO  com.capstone.aspect.LoggerAspect - During: class com.capstone.service.loanServiceImp.getloanDetailsofCustbyLoan() with arguments=loan [loanaccno=202211051, category=Personal, loan_amount=500000.0, custid=202200005, interest_rate=7.0, tenure=4]
2022-10-14 16:02:41 [http-nio-8084-exec-2] INFO  com.capstone.aspect.LoggerAspect - *************************************
2022-10-14 16:02:41 [http-nio-8084-exec-2] INFO  com.capstone.aspect.LoggerAspect - During: class com.capstone.controller.loanController.getloanDetailsofCustbyLoan() with arguments=<200 OK OK,loan [loanaccno=202211051, category=Personal, loan_amount=500000.0, custid=202200005, interest_rate=7.0, tenure=4],[]>
2022-10-14 16:02:41 [http-nio-8084-exec-2] INFO  com.capstone.aspect.LoggerAspect - *************************************
2022-10-14 16:02:48 [AsyncResolver-bootstrap-executor-0] INFO  c.n.d.s.r.aws.ConfigClusterResolver - Resolving eureka endpoints via configuration
2022-10-14 16:03:04 [http-nio-8084-exec-7] INFO  com.capstone.aspect.LoggerAspect - Method name: com.capstone.controller.loanController
2022-10-14 16:03:04 [http-nio-8084-exec-7] INFO  com.capstone.aspect.LoggerAspect - Method arguments:[Ljava.lang.Object;@575a1e08
2022-10-14 16:03:04 [http-nio-8084-exec-7] INFO  com.capstone.aspect.LoggerAspect - *************************************
2022-10-14 16:03:04 [http-nio-8084-exec-7] INFO  com.capstone.aspect.LoggerAspect - Method name: com.capstone.service.loanServiceImp
2022-10-14 16:03:04 [http-nio-8084-exec-7] INFO  com.capstone.aspect.LoggerAspect - Method arguments:[Ljava.lang.Object;@7becc6e2
2022-10-14 16:03:04 [http-nio-8084-exec-7] INFO  com.capstone.aspect.LoggerAspect - *************************************
2022-10-14 16:03:04 [http-nio-8084-exec-7] INFO  com.capstone.aspect.LoggerAspect - During: class com.capstone.service.loanServiceImp.getloanDetailsofCustbyLoan() with arguments=loan [loanaccno=202211051, category=Personal, loan_amount=500000.0, custid=202200005, interest_rate=7.0, tenure=4]
2022-10-14 16:03:04 [http-nio-8084-exec-7] INFO  com.capstone.aspect.LoggerAspect - *************************************
2022-10-14 16:03:04 [http-nio-8084-exec-7] INFO  com.capstone.aspect.LoggerAspect - During: class com.capstone.controller.loanController.getloanDetailsofCustbyLoan() with arguments=<200 OK OK,loan [loanaccno=202211051, category=Personal, loan_amount=500000.0, custid=202200005, interest_rate=7.0, tenure=4],[]>
2022-10-14 16:03:04 [http-nio-8084-exec-7] INFO  com.capstone.aspect.LoggerAspect - *************************************
2022-10-14 16:06:51 [http-nio-8084-exec-5] INFO  com.capstone.aspect.LoggerAspect - Method name: com.capstone.controller.loanController
2022-10-14 16:06:51 [http-nio-8084-exec-5] INFO  com.capstone.aspect.LoggerAspect - Method arguments:[Ljava.lang.Object;@183f97f3
2022-10-14 16:06:51 [http-nio-8084-exec-5] INFO  com.capstone.aspect.LoggerAspect - *************************************
2022-10-14 16:06:51 [http-nio-8084-exec-5] INFO  com.capstone.aspect.LoggerAspect - Method name: com.capstone.service.loanServiceImp
2022-10-14 16:06:51 [http-nio-8084-exec-5] INFO  com.capstone.aspect.LoggerAspect - Method arguments:[Ljava.lang.Object;@55749a21
2022-10-14 16:06:51 [http-nio-8084-exec-5] INFO  com.capstone.aspect.LoggerAspect - *************************************
2022-10-14 16:06:51 [http-nio-8084-exec-5] INFO  com.capstone.aspect.LoggerAspect - During: class com.capstone.service.loanServiceImp.getLoanAccByCust() with arguments=[loan [loanaccno=202211051, category=Personal, loan_amount=500000.0, custid=202200005, interest_rate=7.0, tenure=4]]
2022-10-14 16:06:51 [http-nio-8084-exec-5] INFO  com.capstone.aspect.LoggerAspect - *************************************
2022-10-14 16:06:51 [http-nio-8084-exec-5] INFO  com.capstone.aspect.LoggerAspect - During: class com.capstone.controller.loanController.getloanDetailsbyCust() with arguments=<200 OK OK,[loan [loanaccno=202211051, category=Personal, loan_amount=500000.0, custid=202200005, interest_rate=7.0, tenure=4]],[]>
2022-10-14 16:06:51 [http-nio-8084-exec-5] INFO  com.capstone.aspect.LoggerAspect - *************************************
2022-10-14 16:06:53 [http-nio-8084-exec-8] INFO  com.capstone.aspect.LoggerAspect - Method name: com.capstone.controller.loanController
2022-10-14 16:06:53 [http-nio-8084-exec-8] INFO  com.capstone.aspect.LoggerAspect - Method arguments:[Ljava.lang.Object;@61adf0ee
2022-10-14 16:06:53 [http-nio-8084-exec-8] INFO  com.capstone.aspect.LoggerAspect - *************************************
2022-10-14 16:06:53 [http-nio-8084-exec-8] INFO  com.capstone.aspect.LoggerAspect - Method name: com.capstone.service.loanServiceImp
2022-10-14 16:06:53 [http-nio-8084-exec-8] INFO  com.capstone.aspect.LoggerAspect - Method arguments:[Ljava.lang.Object;@53529c4a
2022-10-14 16:06:53 [http-nio-8084-exec-8] INFO  com.capstone.aspect.LoggerAspect - *************************************
2022-10-14 16:06:53 [http-nio-8084-exec-8] INFO  com.capstone.aspect.LoggerAspect - During: class com.capstone.service.loanServiceImp.getloanDetailsofCustbyLoan() with arguments=loan [loanaccno=202211051, category=Personal, loan_amount=500000.0, custid=202200005, interest_rate=7.0, tenure=4]
2022-10-14 16:06:53 [http-nio-8084-exec-8] INFO  com.capstone.aspect.LoggerAspect - *************************************
2022-10-14 16:06:53 [http-nio-8084-exec-8] INFO  com.capstone.aspect.LoggerAspect - During: class com.capstone.controller.loanController.getloanDetailsofCustbyLoan() with arguments=<200 OK OK,loan [loanaccno=202211051, category=Personal, loan_amount=500000.0, custid=202200005, interest_rate=7.0, tenure=4],[]>
2022-10-14 16:06:53 [http-nio-8084-exec-8] INFO  com.capstone.aspect.LoggerAspect - *************************************
2022-10-14 16:06:54 [http-nio-8084-exec-9] INFO  com.capstone.aspect.LoggerAspect - Method name: com.capstone.controller.loanController
2022-10-14 16:06:54 [http-nio-8084-exec-9] INFO  com.capstone.aspect.LoggerAspect - Method arguments:[Ljava.lang.Object;@5340e98f
2022-10-14 16:06:54 [http-nio-8084-exec-9] INFO  com.capstone.aspect.LoggerAspect - *************************************
2022-10-14 16:06:54 [http-nio-8084-exec-9] INFO  com.capstone.aspect.LoggerAspect - Method name: com.capstone.service.loanServiceImp
2022-10-14 16:06:54 [http-nio-8084-exec-9] INFO  com.capstone.aspect.LoggerAspect - Method arguments:[Ljava.lang.Object;@6af3848b
2022-10-14 16:06:54 [http-nio-8084-exec-9] INFO  com.capstone.aspect.LoggerAspect - *************************************
2022-10-14 16:06:54 [http-nio-8084-exec-9] INFO  com.capstone.aspect.LoggerAspect - During: class com.capstone.service.loanServiceImp.getloanDetailsofCustbyLoan() with arguments=loan [loanaccno=202211051, category=Personal, loan_amount=500000.0, custid=202200005, interest_rate=7.0, tenure=4]
2022-10-14 16:06:54 [http-nio-8084-exec-9] INFO  com.capstone.aspect.LoggerAspect - *************************************
2022-10-14 16:06:54 [http-nio-8084-exec-9] INFO  com.capstone.aspect.LoggerAspect - During: class com.capstone.controller.loanController.getloanDetailsofCustbyLoan() with arguments=<200 OK OK,loan [loanaccno=202211051, category=Personal, loan_amount=500000.0, custid=202200005, interest_rate=7.0, tenure=4],[]>
2022-10-14 16:06:54 [http-nio-8084-exec-9] INFO  com.capstone.aspect.LoggerAspect - *************************************
2022-10-14 16:07:36 [http-nio-8084-exec-1] INFO  com.capstone.aspect.LoggerAspect - Method name: com.capstone.controller.loanController
2022-10-14 16:07:36 [http-nio-8084-exec-1] INFO  com.capstone.aspect.LoggerAspect - Method arguments:[Ljava.lang.Object;@5b50f12e
2022-10-14 16:07:36 [http-nio-8084-exec-1] INFO  com.capstone.aspect.LoggerAspect - *************************************
2022-10-14 16:07:36 [http-nio-8084-exec-1] INFO  com.capstone.aspect.LoggerAspect - Method name: com.capstone.service.loanServiceImp
2022-10-14 16:07:36 [http-nio-8084-exec-1] INFO  com.capstone.aspect.LoggerAspect - Method arguments:[Ljava.lang.Object;@64fcd5e1
2022-10-14 16:07:36 [http-nio-8084-exec-1] INFO  com.capstone.aspect.LoggerAspect - *************************************
2022-10-14 16:07:36 [http-nio-8084-exec-1] INFO  com.capstone.aspect.LoggerAspect - During: class com.capstone.service.loanServiceImp.getLoanAccByCust() with arguments=[loan [loanaccno=202211051, category=Personal, loan_amount=500000.0, custid=202200005, interest_rate=7.0, tenure=4]]
2022-10-14 16:07:36 [http-nio-8084-exec-1] INFO  com.capstone.aspect.LoggerAspect - *************************************
2022-10-14 16:07:36 [http-nio-8084-exec-1] INFO  com.capstone.aspect.LoggerAspect - During: class com.capstone.controller.loanController.getloanDetailsbyCust() with arguments=<200 OK OK,[loan [loanaccno=202211051, category=Personal, loan_amount=500000.0, custid=202200005, interest_rate=7.0, tenure=4]],[]>
2022-10-14 16:07:36 [http-nio-8084-exec-1] INFO  com.capstone.aspect.LoggerAspect - *************************************
2022-10-14 16:07:48 [AsyncResolver-bootstrap-executor-0] INFO  c.n.d.s.r.aws.ConfigClusterResolver - Resolving eureka endpoints via configuration
2022-10-14 16:08:01 [http-nio-8084-exec-4] INFO  com.capstone.aspect.LoggerAspect - Method name: com.capstone.controller.loanController
2022-10-14 16:08:01 [http-nio-8084-exec-4] INFO  com.capstone.aspect.LoggerAspect - Method arguments:[Ljava.lang.Object;@12ce1c2b
2022-10-14 16:08:01 [http-nio-8084-exec-4] INFO  com.capstone.aspect.LoggerAspect - *************************************
2022-10-14 16:08:01 [http-nio-8084-exec-4] INFO  com.capstone.aspect.LoggerAspect - Method name: com.capstone.service.loanServiceImp
2022-10-14 16:08:01 [http-nio-8084-exec-4] INFO  com.capstone.aspect.LoggerAspect - Method arguments:[Ljava.lang.Object;@60002a2a
2022-10-14 16:08:01 [http-nio-8084-exec-4] INFO  com.capstone.aspect.LoggerAspect - *************************************
2022-10-14 16:08:01 [http-nio-8084-exec-4] INFO  com.capstone.aspect.LoggerAspect - During: class com.capstone.service.loanServiceImp.getLoanAccByCust() with arguments=[loan [loanaccno=202211051, category=Personal, loan_amount=500000.0, custid=202200005, interest_rate=7.0, tenure=4]]
2022-10-14 16:08:01 [http-nio-8084-exec-4] INFO  com.capstone.aspect.LoggerAspect - *************************************
2022-10-14 16:08:01 [http-nio-8084-exec-4] INFO  com.capstone.aspect.LoggerAspect - During: class com.capstone.controller.loanController.getloanDetailsbyCust() with arguments=<200 OK OK,[loan [loanaccno=202211051, category=Personal, loan_amount=500000.0, custid=202200005, interest_rate=7.0, tenure=4]],[]>
2022-10-14 16:08:01 [http-nio-8084-exec-4] INFO  com.capstone.aspect.LoggerAspect - *************************************
2022-10-14 16:08:02 [http-nio-8084-exec-2] INFO  com.capstone.aspect.LoggerAspect - Method name: com.capstone.controller.loanController
2022-10-14 16:08:02 [http-nio-8084-exec-2] INFO  com.capstone.aspect.LoggerAspect - Method arguments:[Ljava.lang.Object;@9097f1f
2022-10-14 16:08:02 [http-nio-8084-exec-2] INFO  com.capstone.aspect.LoggerAspect - *************************************
2022-10-14 16:08:02 [http-nio-8084-exec-2] INFO  com.capstone.aspect.LoggerAspect - Method name: com.capstone.service.loanServiceImp
2022-10-14 16:08:02 [http-nio-8084-exec-2] INFO  com.capstone.aspect.LoggerAspect - Method arguments:[Ljava.lang.Object;@2f2b0d1f
2022-10-14 16:08:02 [http-nio-8084-exec-2] INFO  com.capstone.aspect.LoggerAspect - *************************************
2022-10-14 16:08:02 [http-nio-8084-exec-2] INFO  com.capstone.aspect.LoggerAspect - During: class com.capstone.service.loanServiceImp.getloanDetailsofCustbyLoan() with arguments=loan [loanaccno=202211051, category=Personal, loan_amount=500000.0, custid=202200005, interest_rate=7.0, tenure=4]
2022-10-14 16:08:02 [http-nio-8084-exec-2] INFO  com.capstone.aspect.LoggerAspect - *************************************
2022-10-14 16:08:02 [http-nio-8084-exec-2] INFO  com.capstone.aspect.LoggerAspect - During: class com.capstone.controller.loanController.getloanDetailsofCustbyLoan() with arguments=<200 OK OK,loan [loanaccno=202211051, category=Personal, loan_amount=500000.0, custid=202200005, interest_rate=7.0, tenure=4],[]>
2022-10-14 16:08:02 [http-nio-8084-exec-2] INFO  com.capstone.aspect.LoggerAspect - *************************************
2022-10-14 16:08:04 [http-nio-8084-exec-3] INFO  com.capstone.aspect.LoggerAspect - Method name: com.capstone.controller.loanController
2022-10-14 16:08:04 [http-nio-8084-exec-3] INFO  com.capstone.aspect.LoggerAspect - Method arguments:[Ljava.lang.Object;@4d45970
2022-10-14 16:08:04 [http-nio-8084-exec-3] INFO  com.capstone.aspect.LoggerAspect - *************************************
2022-10-14 16:08:04 [http-nio-8084-exec-3] INFO  com.capstone.aspect.LoggerAspect - Method name: com.capstone.service.loanServiceImp
2022-10-14 16:08:04 [http-nio-8084-exec-3] INFO  com.capstone.aspect.LoggerAspect - Method arguments:[Ljava.lang.Object;@384f70f9
2022-10-14 16:08:04 [http-nio-8084-exec-3] INFO  com.capstone.aspect.LoggerAspect - *************************************
2022-10-14 16:08:04 [http-nio-8084-exec-3] INFO  com.capstone.aspect.LoggerAspect - During: class com.capstone.service.loanServiceImp.getloanDetailsofCustbyLoan() with arguments=loan [loanaccno=202211051, category=Personal, loan_amount=500000.0, custid=202200005, interest_rate=7.0, tenure=4]
2022-10-14 16:08:04 [http-nio-8084-exec-3] INFO  com.capstone.aspect.LoggerAspect - *************************************
2022-10-14 16:08:04 [http-nio-8084-exec-3] INFO  com.capstone.aspect.LoggerAspect - During: class com.capstone.controller.loanController.getloanDetailsofCustbyLoan() with arguments=<200 OK OK,loan [loanaccno=202211051, category=Personal, loan_amount=500000.0, custid=202200005, interest_rate=7.0, tenure=4],[]>
2022-10-14 16:08:04 [http-nio-8084-exec-3] INFO  com.capstone.aspect.LoggerAspect - *************************************
2022-10-14 16:12:48 [AsyncResolver-bootstrap-executor-0] INFO  c.n.d.s.r.aws.ConfigClusterResolver - Resolving eureka endpoints via configuration
2022-10-14 16:15:09 [http-nio-8084-exec-5] INFO  com.capstone.aspect.LoggerAspect - Method name: com.capstone.controller.loanController
2022-10-14 16:15:09 [http-nio-8084-exec-5] INFO  com.capstone.aspect.LoggerAspect - Method arguments:[Ljava.lang.Object;@39d7b222
2022-10-14 16:15:09 [http-nio-8084-exec-5] INFO  com.capstone.aspect.LoggerAspect - *************************************
2022-10-14 16:15:09 [http-nio-8084-exec-5] INFO  com.capstone.aspect.LoggerAspect - Method name: com.capstone.service.loanServiceImp
2022-10-14 16:15:09 [http-nio-8084-exec-5] INFO  com.capstone.aspect.LoggerAspect - Method arguments:[Ljava.lang.Object;@34632d65
2022-10-14 16:15:09 [http-nio-8084-exec-5] INFO  com.capstone.aspect.LoggerAspect - *************************************
2022-10-14 16:15:09 [http-nio-8084-exec-5] INFO  com.capstone.aspect.LoggerAspect - During: class com.capstone.service.loanServiceImp.getLoanAccByCust() with arguments=[loan [loanaccno=202211051, category=Personal, loan_amount=500000.0, custid=202200005, interest_rate=7.0, tenure=4]]
2022-10-14 16:15:09 [http-nio-8084-exec-5] INFO  com.capstone.aspect.LoggerAspect - *************************************
2022-10-14 16:15:09 [http-nio-8084-exec-5] INFO  com.capstone.aspect.LoggerAspect - During: class com.capstone.controller.loanController.getloanDetailsbyCust() with arguments=<200 OK OK,[loan [loanaccno=202211051, category=Personal, loan_amount=500000.0, custid=202200005, interest_rate=7.0, tenure=4]],[]>
2022-10-14 16:15:09 [http-nio-8084-exec-5] INFO  com.capstone.aspect.LoggerAspect - *************************************
2022-10-14 16:15:13 [http-nio-8084-exec-8] INFO  com.capstone.aspect.LoggerAspect - Method name: com.capstone.controller.loanController
2022-10-14 16:15:13 [http-nio-8084-exec-8] INFO  com.capstone.aspect.LoggerAspect - Method arguments:[Ljava.lang.Object;@33c65c83
2022-10-14 16:15:13 [http-nio-8084-exec-8] INFO  com.capstone.aspect.LoggerAspect - *************************************
2022-10-14 16:15:13 [http-nio-8084-exec-8] INFO  com.capstone.aspect.LoggerAspect - Method name: com.capstone.service.loanServiceImp
2022-10-14 16:15:13 [http-nio-8084-exec-8] INFO  com.capstone.aspect.LoggerAspect - Method arguments:[Ljava.lang.Object;@1ce37a9d
2022-10-14 16:15:13 [http-nio-8084-exec-8] INFO  com.capstone.aspect.LoggerAspect - *************************************
2022-10-14 16:15:13 [http-nio-8084-exec-8] INFO  com.capstone.aspect.LoggerAspect - During: class com.capstone.service.loanServiceImp.getLoanAccByCust() with arguments=[loan [loanaccno=202211051, category=Personal, loan_amount=500000.0, custid=202200005, interest_rate=7.0, tenure=4]]
2022-10-14 16:15:13 [http-nio-8084-exec-8] INFO  com.capstone.aspect.LoggerAspect - *************************************
2022-10-14 16:15:13 [http-nio-8084-exec-8] INFO  com.capstone.aspect.LoggerAspect - During: class com.capstone.controller.loanController.getloanDetailsbyCust() with arguments=<200 OK OK,[loan [loanaccno=202211051, category=Personal, loan_amount=500000.0, custid=202200005, interest_rate=7.0, tenure=4]],[]>
2022-10-14 16:15:13 [http-nio-8084-exec-8] INFO  com.capstone.aspect.LoggerAspect - *************************************
2022-10-14 16:15:14 [http-nio-8084-exec-6] INFO  com.capstone.aspect.LoggerAspect - Method name: com.capstone.controller.loanController
2022-10-14 16:15:14 [http-nio-8084-exec-6] INFO  com.capstone.aspect.LoggerAspect - Method arguments:[Ljava.lang.Object;@750f4374
2022-10-14 16:15:14 [http-nio-8084-exec-6] INFO  com.capstone.aspect.LoggerAspect - *************************************
2022-10-14 16:15:14 [http-nio-8084-exec-6] INFO  com.capstone.aspect.LoggerAspect - Method name: com.capstone.service.loanServiceImp
2022-10-14 16:15:14 [http-nio-8084-exec-6] INFO  com.capstone.aspect.LoggerAspect - Method arguments:[Ljava.lang.Object;@12466a2a
2022-10-14 16:15:14 [http-nio-8084-exec-6] INFO  com.capstone.aspect.LoggerAspect - *************************************
2022-10-14 16:15:14 [http-nio-8084-exec-6] INFO  com.capstone.aspect.LoggerAspect - During: class com.capstone.service.loanServiceImp.getloanDetailsofCustbyLoan() with arguments=loan [loanaccno=202211051, category=Personal, loan_amount=500000.0, custid=202200005, interest_rate=7.0, tenure=4]
2022-10-14 16:15:14 [http-nio-8084-exec-6] INFO  com.capstone.aspect.LoggerAspect - *************************************
2022-10-14 16:15:14 [http-nio-8084-exec-6] INFO  com.capstone.aspect.LoggerAspect - During: class com.capstone.controller.loanController.getloanDetailsofCustbyLoan() with arguments=<200 OK OK,loan [loanaccno=202211051, category=Personal, loan_amount=500000.0, custid=202200005, interest_rate=7.0, tenure=4],[]>
2022-10-14 16:15:14 [http-nio-8084-exec-6] INFO  com.capstone.aspect.LoggerAspect - *************************************
2022-10-14 16:15:16 [http-nio-8084-exec-1] INFO  com.capstone.aspect.LoggerAspect - Method name: com.capstone.controller.loanController
2022-10-14 16:15:16 [http-nio-8084-exec-1] INFO  com.capstone.aspect.LoggerAspect - Method arguments:[Ljava.lang.Object;@3f24b300
2022-10-14 16:15:16 [http-nio-8084-exec-1] INFO  com.capstone.aspect.LoggerAspect - *************************************
2022-10-14 16:15:16 [http-nio-8084-exec-1] INFO  com.capstone.aspect.LoggerAspect - Method name: com.capstone.service.loanServiceImp
2022-10-14 16:15:16 [http-nio-8084-exec-1] INFO  com.capstone.aspect.LoggerAspect - Method arguments:[Ljava.lang.Object;@1c47a13e
2022-10-14 16:15:16 [http-nio-8084-exec-1] INFO  com.capstone.aspect.LoggerAspect - *************************************
2022-10-14 16:15:16 [http-nio-8084-exec-1] INFO  com.capstone.aspect.LoggerAspect - During: class com.capstone.service.loanServiceImp.getloanDetailsofCustbyLoan() with arguments=loan [loanaccno=202211051, category=Personal, loan_amount=500000.0, custid=202200005, interest_rate=7.0, tenure=4]
2022-10-14 16:15:16 [http-nio-8084-exec-1] INFO  com.capstone.aspect.LoggerAspect - *************************************
2022-10-14 16:15:16 [http-nio-8084-exec-1] INFO  com.capstone.aspect.LoggerAspect - During: class com.capstone.controller.loanController.getloanDetailsofCustbyLoan() with arguments=<200 OK OK,loan [loanaccno=202211051, category=Personal, loan_amount=500000.0, custid=202200005, interest_rate=7.0, tenure=4],[]>
2022-10-14 16:15:16 [http-nio-8084-exec-1] INFO  com.capstone.aspect.LoggerAspect - *************************************
2022-10-14 16:16:35 [http-nio-8084-exec-2] INFO  com.capstone.aspect.LoggerAspect - Method name: com.capstone.controller.loanController
2022-10-14 16:16:35 [http-nio-8084-exec-2] INFO  com.capstone.aspect.LoggerAspect - Method arguments:[Ljava.lang.Object;@68798a11
2022-10-14 16:16:35 [http-nio-8084-exec-2] INFO  com.capstone.aspect.LoggerAspect - *************************************
2022-10-14 16:16:35 [http-nio-8084-exec-2] INFO  com.capstone.aspect.LoggerAspect - Method name: com.capstone.service.loanServiceImp
2022-10-14 16:16:35 [http-nio-8084-exec-2] INFO  com.capstone.aspect.LoggerAspect - Method arguments:[Ljava.lang.Object;@4662c2df
2022-10-14 16:16:35 [http-nio-8084-exec-2] INFO  com.capstone.aspect.LoggerAspect - *************************************
2022-10-14 16:16:35 [http-nio-8084-exec-2] INFO  com.capstone.aspect.LoggerAspect - During: class com.capstone.service.loanServiceImp.getLoanAccByCust() with arguments=[loan [loanaccno=202211051, category=Personal, loan_amount=500000.0, custid=202200005, interest_rate=7.0, tenure=4]]
2022-10-14 16:16:35 [http-nio-8084-exec-2] INFO  com.capstone.aspect.LoggerAspect - *************************************
2022-10-14 16:16:35 [http-nio-8084-exec-2] INFO  com.capstone.aspect.LoggerAspect - During: class com.capstone.controller.loanController.getloanDetailsbyCust() with arguments=<200 OK OK,[loan [loanaccno=202211051, category=Personal, loan_amount=500000.0, custid=202200005, interest_rate=7.0, tenure=4]],[]>
2022-10-14 16:16:35 [http-nio-8084-exec-2] INFO  com.capstone.aspect.LoggerAspect - *************************************
2022-10-14 16:17:48 [AsyncResolver-bootstrap-executor-0] INFO  c.n.d.s.r.aws.ConfigClusterResolver - Resolving eureka endpoints via configuration
2022-10-14 16:22:48 [AsyncResolver-bootstrap-executor-0] INFO  c.n.d.s.r.aws.ConfigClusterResolver - Resolving eureka endpoints via configuration
2022-10-14 16:23:08 [http-nio-8084-exec-7] INFO  com.capstone.aspect.LoggerAspect - Method name: com.capstone.controller.loanController
2022-10-14 16:23:08 [http-nio-8084-exec-7] INFO  com.capstone.aspect.LoggerAspect - Method arguments:[Ljava.lang.Object;@5ff6709
2022-10-14 16:23:08 [http-nio-8084-exec-7] INFO  com.capstone.aspect.LoggerAspect - *************************************
2022-10-14 16:23:08 [http-nio-8084-exec-7] INFO  com.capstone.aspect.LoggerAspect - Method name: com.capstone.service.loanServiceImp
2022-10-14 16:23:08 [http-nio-8084-exec-7] INFO  com.capstone.aspect.LoggerAspect - Method arguments:[Ljava.lang.Object;@10ac3ff7
2022-10-14 16:23:08 [http-nio-8084-exec-7] INFO  com.capstone.aspect.LoggerAspect - *************************************
2022-10-14 16:23:08 [http-nio-8084-exec-7] INFO  com.capstone.aspect.LoggerAspect - During: class com.capstone.service.loanServiceImp.getLoanAccByCust() with arguments=[loan [loanaccno=202211051, category=Personal, loan_amount=500000.0, custid=202200005, interest_rate=7.0, tenure=4]]
2022-10-14 16:23:08 [http-nio-8084-exec-7] INFO  com.capstone.aspect.LoggerAspect - *************************************
2022-10-14 16:23:08 [http-nio-8084-exec-7] INFO  com.capstone.aspect.LoggerAspect - During: class com.capstone.controller.loanController.getloanDetailsbyCust() with arguments=<200 OK OK,[loan [loanaccno=202211051, category=Personal, loan_amount=500000.0, custid=202200005, interest_rate=7.0, tenure=4]],[]>
2022-10-14 16:23:08 [http-nio-8084-exec-7] INFO  com.capstone.aspect.LoggerAspect - *************************************
2022-10-14 16:23:09 [http-nio-8084-exec-5] INFO  com.capstone.aspect.LoggerAspect - Method name: com.capstone.controller.loanController
2022-10-14 16:23:09 [http-nio-8084-exec-5] INFO  com.capstone.aspect.LoggerAspect - Method arguments:[Ljava.lang.Object;@6ec0788e
2022-10-14 16:23:09 [http-nio-8084-exec-5] INFO  com.capstone.aspect.LoggerAspect - *************************************
2022-10-14 16:23:09 [http-nio-8084-exec-5] INFO  com.capstone.aspect.LoggerAspect - Method name: com.capstone.service.loanServiceImp
2022-10-14 16:23:09 [http-nio-8084-exec-5] INFO  com.capstone.aspect.LoggerAspect - Method arguments:[Ljava.lang.Object;@45394c4f
2022-10-14 16:23:09 [http-nio-8084-exec-5] INFO  com.capstone.aspect.LoggerAspect - *************************************
2022-10-14 16:23:09 [http-nio-8084-exec-5] INFO  com.capstone.aspect.LoggerAspect - During: class com.capstone.service.loanServiceImp.getloanDetailsofCustbyLoan() with arguments=loan [loanaccno=202211051, category=Personal, loan_amount=500000.0, custid=202200005, interest_rate=7.0, tenure=4]
2022-10-14 16:23:09 [http-nio-8084-exec-5] INFO  com.capstone.aspect.LoggerAspect - *************************************
2022-10-14 16:23:09 [http-nio-8084-exec-5] INFO  com.capstone.aspect.LoggerAspect - During: class com.capstone.controller.loanController.getloanDetailsofCustbyLoan() with arguments=<200 OK OK,loan [loanaccno=202211051, category=Personal, loan_amount=500000.0, custid=202200005, interest_rate=7.0, tenure=4],[]>
2022-10-14 16:23:09 [http-nio-8084-exec-5] INFO  com.capstone.aspect.LoggerAspect - *************************************
2022-10-14 16:24:10 [http-nio-8084-exec-9] INFO  com.capstone.aspect.LoggerAspect - Method name: com.capstone.controller.loanController
2022-10-14 16:24:10 [http-nio-8084-exec-9] INFO  com.capstone.aspect.LoggerAspect - Method arguments:[Ljava.lang.Object;@5f8920a7
2022-10-14 16:24:10 [http-nio-8084-exec-9] INFO  com.capstone.aspect.LoggerAspect - *************************************
2022-10-14 16:24:10 [http-nio-8084-exec-9] INFO  com.capstone.aspect.LoggerAspect - Method name: com.capstone.service.loanServiceImp
2022-10-14 16:24:10 [http-nio-8084-exec-9] INFO  com.capstone.aspect.LoggerAspect - Method arguments:[Ljava.lang.Object;@2a24512
2022-10-14 16:24:10 [http-nio-8084-exec-9] INFO  com.capstone.aspect.LoggerAspect - *************************************
2022-10-14 16:24:10 [http-nio-8084-exec-9] INFO  com.capstone.aspect.LoggerAspect - During: class com.capstone.service.loanServiceImp.getLoanAccByCust() with arguments=[loan [loanaccno=202211051, category=Personal, loan_amount=500000.0, custid=202200005, interest_rate=7.0, tenure=4]]
2022-10-14 16:24:10 [http-nio-8084-exec-9] INFO  com.capstone.aspect.LoggerAspect - *************************************
2022-10-14 16:24:10 [http-nio-8084-exec-9] INFO  com.capstone.aspect.LoggerAspect - During: class com.capstone.controller.loanController.getloanDetailsbyCust() with arguments=<200 OK OK,[loan [loanaccno=202211051, category=Personal, loan_amount=500000.0, custid=202200005, interest_rate=7.0, tenure=4]],[]>
2022-10-14 16:24:10 [http-nio-8084-exec-9] INFO  com.capstone.aspect.LoggerAspect - *************************************
2022-10-14 16:27:48 [AsyncResolver-bootstrap-executor-0] INFO  c.n.d.s.r.aws.ConfigClusterResolver - Resolving eureka endpoints via configuration
2022-10-14 16:32:48 [AsyncResolver-bootstrap-executor-0] INFO  c.n.d.s.r.aws.ConfigClusterResolver - Resolving eureka endpoints via configuration
2022-10-14 16:37:48 [AsyncResolver-bootstrap-executor-0] INFO  c.n.d.s.r.aws.ConfigClusterResolver - Resolving eureka endpoints via configuration
2022-10-14 16:42:48 [AsyncResolver-bootstrap-executor-0] INFO  c.n.d.s.r.aws.ConfigClusterResolver - Resolving eureka endpoints via configuration
2022-10-14 16:47:48 [AsyncResolver-bootstrap-executor-0] INFO  c.n.d.s.r.aws.ConfigClusterResolver - Resolving eureka endpoints via configuration
2022-10-14 16:52:48 [AsyncResolver-bootstrap-executor-0] INFO  c.n.d.s.r.aws.ConfigClusterResolver - Resolving eureka endpoints via configuration
2022-10-14 16:57:48 [AsyncResolver-bootstrap-executor-0] INFO  c.n.d.s.r.aws.ConfigClusterResolver - Resolving eureka endpoints via configuration
2022-10-14 17:02:48 [AsyncResolver-bootstrap-executor-0] INFO  c.n.d.s.r.aws.ConfigClusterResolver - Resolving eureka endpoints via configuration
2022-10-14 17:07:48 [AsyncResolver-bootstrap-executor-0] INFO  c.n.d.s.r.aws.ConfigClusterResolver - Resolving eureka endpoints via configuration
2022-10-14 17:08:38 [File Watcher] INFO  o.s.b.d.a.LocalDevToolsAutoConfiguration$RestartingClassPathChangeChangedEventListener - Restarting due to 1 class path change (0 additions, 0 deletions, 1 modification)
2022-10-14 17:08:39 [Thread-7] INFO  o.s.c.n.e.s.EurekaServiceRegistry - Unregistering application LOAN-API with eureka with status DOWN
2022-10-14 17:08:39 [Thread-7] INFO  c.netflix.discovery.DiscoveryClient - Saw local status change event StatusChangeEvent [timestamp=1665747519082, current=DOWN, previous=UP]
2022-10-14 17:08:39 [DiscoveryClient-InstanceInfoReplicator-0] INFO  c.netflix.discovery.DiscoveryClient - DiscoveryClient_LOAN-API/192.168.0.7:loan-api:8084: registering service...
2022-10-14 17:08:39 [DiscoveryClient-InstanceInfoReplicator-0] INFO  c.netflix.discovery.DiscoveryClient - DiscoveryClient_LOAN-API/192.168.0.7:loan-api:8084 - registration status: 204
2022-10-14 17:08:39 [Thread-7] INFO  o.a.coyote.http11.Http11NioProtocol - Pausing ProtocolHandler ["http-nio-8084"]
2022-10-14 17:08:39 [Thread-7] INFO  o.a.catalina.core.StandardService - Stopping service [Tomcat]
2022-10-14 17:08:39 [Thread-7] INFO  o.a.c.c.C.[Tomcat].[localhost].[/] - Destroying Spring FrameworkServlet 'dispatcherServlet'
2022-10-14 17:08:39 [Thread-7] INFO  o.a.coyote.http11.Http11NioProtocol - Stopping ProtocolHandler ["http-nio-8084"]
2022-10-14 17:08:39 [Thread-7] INFO  o.a.coyote.http11.Http11NioProtocol - Destroying ProtocolHandler ["http-nio-8084"]
2022-10-14 17:08:39 [Thread-7] INFO  o.s.o.j.LocalContainerEntityManagerFactoryBean - Closing JPA EntityManagerFactory for persistence unit 'default'
2022-10-14 17:08:39 [Thread-7] INFO  com.zaxxer.hikari.HikariDataSource - HikariPool-2 - Shutdown initiated...
2022-10-14 17:08:49 [Thread-7] INFO  com.zaxxer.hikari.HikariDataSource - HikariPool-2 - Shutdown completed.
2022-10-14 17:08:49 [Thread-7] INFO  c.netflix.discovery.DiscoveryClient - Shutting down DiscoveryClient ...
2022-10-14 17:08:52 [Thread-7] INFO  c.netflix.discovery.DiscoveryClient - Unregistering ...
2022-10-14 17:08:52 [Thread-7] INFO  c.netflix.discovery.DiscoveryClient - DiscoveryClient_LOAN-API/192.168.0.7:loan-api:8084 - deregister  status: 200
2022-10-14 17:08:52 [Thread-7] INFO  c.netflix.discovery.DiscoveryClient - Completed shut down of DiscoveryClient
2022-10-14 17:08:53 [restartedMain] INFO  com.capstone.LoanApiApplication - Starting LoanApiApplication using Java 17.0.2 on MOHAN with PID 2404 (C:\Users\mohan\Downloads\Natwest Capstone\frontend\spring-master\loan-api\target\classes started by mohan in C:\Users\mohan\Downloads\Natwest Capstone\frontend\spring-master\loan-api)
2022-10-14 17:08:53 [restartedMain] INFO  com.capstone.LoanApiApplication - No active profile set, falling back to 1 default profile: "default"
2022-10-14 17:08:53 [restartedMain] INFO  o.s.d.r.c.RepositoryConfigurationDelegate - Bootstrapping Spring Data JPA repositories in DEFAULT mode.
2022-10-14 17:08:53 [restartedMain] INFO  o.s.d.r.c.RepositoryConfigurationDelegate - Finished Spring Data repository scanning in 13 ms. Found 1 JPA repository interfaces.
2022-10-14 17:08:53 [restartedMain] INFO  o.s.cloud.context.scope.GenericScope - BeanFactory id=45fe97d3-c3fe-391b-82f8-b9579b09bcd6
2022-10-14 17:08:54 [restartedMain] INFO  o.s.b.w.e.tomcat.TomcatWebServer - Tomcat initialized with port(s): 8084 (http)
2022-10-14 17:08:54 [restartedMain] INFO  o.a.coyote.http11.Http11NioProtocol - Initializing ProtocolHandler ["http-nio-8084"]
2022-10-14 17:08:54 [restartedMain] INFO  o.a.catalina.core.StandardService - Starting service [Tomcat]
2022-10-14 17:08:54 [restartedMain] INFO  o.a.catalina.core.StandardEngine - Starting Servlet engine: [Apache Tomcat/9.0.65]
2022-10-14 17:08:54 [restartedMain] INFO  o.a.c.c.C.[Tomcat].[localhost].[/] - Initializing Spring embedded WebApplicationContext
2022-10-14 17:08:54 [restartedMain] INFO  o.s.b.w.s.c.ServletWebServerApplicationContext - Root WebApplicationContext: initialization completed in 697 ms
2022-10-14 17:08:54 [restartedMain] INFO  o.h.jpa.internal.util.LogHelper - HHH000204: Processing PersistenceUnitInfo [name: default]
2022-10-14 17:08:54 [restartedMain] INFO  com.zaxxer.hikari.HikariDataSource - HikariPool-3 - Starting...
2022-10-14 17:08:54 [restartedMain] INFO  com.zaxxer.hikari.HikariDataSource - HikariPool-3 - Start completed.
2022-10-14 17:08:54 [restartedMain] INFO  org.hibernate.dialect.Dialect - HHH000400: Using dialect: org.hibernate.dialect.MySQL8Dialect
2022-10-14 17:08:54 [restartedMain] INFO  o.h.e.t.j.p.i.JtaPlatformInitiator - HHH000490: Using JtaPlatform implementation: [org.hibernate.engine.transaction.jta.platform.internal.NoJtaPlatform]
2022-10-14 17:08:54 [restartedMain] INFO  o.s.o.j.LocalContainerEntityManagerFactoryBean - Initialized JPA EntityManagerFactory for persistence unit 'default'
2022-10-14 17:08:54 [restartedMain] WARN  o.s.b.a.o.j.JpaBaseConfiguration$JpaWebConfiguration - spring.jpa.open-in-view is enabled by default. Therefore, database queries may be performed during view rendering. Explicitly configure spring.jpa.open-in-view to disable this warning
2022-10-14 17:08:54 [restartedMain] WARN  o.s.b.d.a.OptionalLiveReloadServer - Unable to start LiveReload server
2022-10-14 17:08:54 [restartedMain] INFO  o.s.c.n.e.c.DiscoveryClientOptionalArgsConfiguration - Eureka HTTP Client uses RestTemplate.
2022-10-14 17:08:55 [restartedMain] WARN  o.s.c.l.c.LoadBalancerCacheAutoConfiguration$LoadBalancerCaffeineWarnLogger - Spring Cloud LoadBalancer is currently working with the default cache. While this cache implementation is useful for development and tests, it's recommended to use Caffeine cache in production.You can switch to using Caffeine cache, by adding it and org.springframework.cache.caffeine.CaffeineCacheManager to the classpath.
2022-10-14 17:08:55 [restartedMain] INFO  o.s.c.n.eureka.InstanceInfoFactory - Setting initial instance status as: STARTING
2022-10-14 17:08:55 [restartedMain] INFO  c.netflix.discovery.DiscoveryClient - Initializing Eureka in region us-east-1
2022-10-14 17:08:55 [restartedMain] INFO  c.n.d.s.r.aws.ConfigClusterResolver - Resolving eureka endpoints via configuration
2022-10-14 17:08:55 [restartedMain] INFO  c.netflix.discovery.DiscoveryClient - Disable delta property : false
2022-10-14 17:08:55 [restartedMain] INFO  c.netflix.discovery.DiscoveryClient - Single vip registry refresh property : null
2022-10-14 17:08:55 [restartedMain] INFO  c.netflix.discovery.DiscoveryClient - Force full registry fetch : false
2022-10-14 17:08:55 [restartedMain] INFO  c.netflix.discovery.DiscoveryClient - Application is null : false
2022-10-14 17:08:55 [restartedMain] INFO  c.netflix.discovery.DiscoveryClient - Registered Applications size is zero : true
2022-10-14 17:08:55 [restartedMain] INFO  c.netflix.discovery.DiscoveryClient - Application version is -1: true
2022-10-14 17:08:55 [restartedMain] INFO  c.netflix.discovery.DiscoveryClient - Getting all instance registry info from the eureka server
2022-10-14 17:08:55 [restartedMain] INFO  c.netflix.discovery.DiscoveryClient - The response status is 200
2022-10-14 17:08:55 [restartedMain] INFO  c.netflix.discovery.DiscoveryClient - Starting heartbeat executor: renew interval is: 30
2022-10-14 17:08:55 [restartedMain] INFO  c.n.discovery.InstanceInfoReplicator - InstanceInfoReplicator onDemand update allowed rate per min is 4
2022-10-14 17:08:55 [restartedMain] INFO  c.netflix.discovery.DiscoveryClient - Discovery Client initialized at timestamp 1665747535276 with initial instances count: 7
2022-10-14 17:08:55 [restartedMain] INFO  o.s.c.n.e.s.EurekaServiceRegistry - Registering application LOAN-API with eureka with status UP
2022-10-14 17:08:55 [restartedMain] INFO  c.netflix.discovery.DiscoveryClient - Saw local status change event StatusChangeEvent [timestamp=1665747535277, current=UP, previous=STARTING]
2022-10-14 17:08:55 [DiscoveryClient-InstanceInfoReplicator-0] INFO  c.netflix.discovery.DiscoveryClient - DiscoveryClient_LOAN-API/192.168.0.7:loan-api:8084: registering service...
2022-10-14 17:08:55 [restartedMain] INFO  o.a.coyote.http11.Http11NioProtocol - Starting ProtocolHandler ["http-nio-8084"]
2022-10-14 17:08:55 [restartedMain] INFO  o.s.b.w.e.tomcat.TomcatWebServer - Tomcat started on port(s): 8084 (http) with context path ''
2022-10-14 17:08:55 [restartedMain] INFO  o.s.c.n.e.s.EurekaAutoServiceRegistration - Updating port to 8084
2022-10-14 17:08:55 [DiscoveryClient-InstanceInfoReplicator-0] INFO  c.netflix.discovery.DiscoveryClient - DiscoveryClient_LOAN-API/192.168.0.7:loan-api:8084 - registration status: 204
2022-10-14 17:08:55 [restartedMain] INFO  com.capstone.LoanApiApplication - Started LoanApiApplication in 2.243 seconds (JVM running for 22059.685)
2022-10-14 17:08:55 [restartedMain] INFO  o.s.b.d.a.ConditionEvaluationDeltaLoggingListener - Condition evaluation unchanged
2022-10-14 17:08:56 [File Watcher] INFO  o.s.b.d.a.LocalDevToolsAutoConfiguration$RestartingClassPathChangeChangedEventListener - Restarting due to 3 class path changes (0 additions, 0 deletions, 3 modifications)
2022-10-14 17:08:56 [Thread-13] INFO  o.s.c.n.e.s.EurekaServiceRegistry - Unregistering application LOAN-API with eureka with status DOWN
2022-10-14 17:08:56 [Thread-13] INFO  c.netflix.discovery.DiscoveryClient - Saw local status change event StatusChangeEvent [timestamp=1665747536185, current=DOWN, previous=UP]
2022-10-14 17:08:56 [DiscoveryClient-InstanceInfoReplicator-0] INFO  c.netflix.discovery.DiscoveryClient - DiscoveryClient_LOAN-API/192.168.0.7:loan-api:8084: registering service...
2022-10-14 17:08:56 [DiscoveryClient-InstanceInfoReplicator-0] INFO  c.netflix.discovery.DiscoveryClient - DiscoveryClient_LOAN-API/192.168.0.7:loan-api:8084 - registration status: 204
2022-10-14 17:08:56 [Thread-13] INFO  o.a.coyote.http11.Http11NioProtocol - Pausing ProtocolHandler ["http-nio-8084"]
2022-10-14 17:08:56 [Thread-13] INFO  o.a.catalina.core.StandardService - Stopping service [Tomcat]
2022-10-14 17:08:56 [Thread-13] INFO  o.a.coyote.http11.Http11NioProtocol - Stopping ProtocolHandler ["http-nio-8084"]
2022-10-14 17:08:56 [Thread-13] INFO  o.a.coyote.http11.Http11NioProtocol - Destroying ProtocolHandler ["http-nio-8084"]
2022-10-14 17:08:56 [Thread-13] INFO  o.s.o.j.LocalContainerEntityManagerFactoryBean - Closing JPA EntityManagerFactory for persistence unit 'default'
2022-10-14 17:08:56 [Thread-13] INFO  com.zaxxer.hikari.HikariDataSource - HikariPool-3 - Shutdown initiated...
2022-10-14 17:08:56 [Thread-13] INFO  com.zaxxer.hikari.HikariDataSource - HikariPool-3 - Shutdown completed.
2022-10-14 17:08:56 [Thread-13] INFO  c.netflix.discovery.DiscoveryClient - Shutting down DiscoveryClient ...
2022-10-14 17:08:59 [Thread-13] INFO  c.netflix.discovery.DiscoveryClient - Unregistering ...
2022-10-14 17:08:59 [Thread-13] INFO  c.netflix.discovery.DiscoveryClient - DiscoveryClient_LOAN-API/192.168.0.7:loan-api:8084 - deregister  status: 200
2022-10-14 17:08:59 [Thread-13] INFO  c.netflix.discovery.DiscoveryClient - Completed shut down of DiscoveryClient
2022-10-14 17:08:59 [restartedMain] INFO  com.capstone.LoanApiApplication - Starting LoanApiApplication using Java 17.0.2 on MOHAN with PID 2404 (C:\Users\mohan\Downloads\Natwest Capstone\frontend\spring-master\loan-api\target\classes started by mohan in C:\Users\mohan\Downloads\Natwest Capstone\frontend\spring-master\loan-api)
2022-10-14 17:08:59 [restartedMain] INFO  com.capstone.LoanApiApplication - No active profile set, falling back to 1 default profile: "default"
2022-10-14 17:08:59 [restartedMain] INFO  o.s.d.r.c.RepositoryConfigurationDelegate - Bootstrapping Spring Data JPA repositories in DEFAULT mode.
2022-10-14 17:08:59 [restartedMain] INFO  o.s.d.r.c.RepositoryConfigurationDelegate - Finished Spring Data repository scanning in 18 ms. Found 1 JPA repository interfaces.
2022-10-14 17:08:59 [restartedMain] INFO  o.s.cloud.context.scope.GenericScope - BeanFactory id=45fe97d3-c3fe-391b-82f8-b9579b09bcd6
2022-10-14 17:09:00 [restartedMain] INFO  o.s.b.w.e.tomcat.TomcatWebServer - Tomcat initialized with port(s): 8084 (http)
2022-10-14 17:09:00 [restartedMain] INFO  o.a.coyote.http11.Http11NioProtocol - Initializing ProtocolHandler ["http-nio-8084"]
2022-10-14 17:09:00 [restartedMain] INFO  o.a.catalina.core.StandardService - Starting service [Tomcat]
2022-10-14 17:09:00 [restartedMain] INFO  o.a.catalina.core.StandardEngine - Starting Servlet engine: [Apache Tomcat/9.0.65]
2022-10-14 17:09:00 [restartedMain] INFO  o.a.c.c.C.[Tomcat].[localhost].[/] - Initializing Spring embedded WebApplicationContext
2022-10-14 17:09:00 [restartedMain] INFO  o.s.b.w.s.c.ServletWebServerApplicationContext - Root WebApplicationContext: initialization completed in 539 ms
2022-10-14 17:09:00 [restartedMain] INFO  o.h.jpa.internal.util.LogHelper - HHH000204: Processing PersistenceUnitInfo [name: default]
2022-10-14 17:09:00 [restartedMain] INFO  com.zaxxer.hikari.HikariDataSource - HikariPool-4 - Starting...
2022-10-14 17:09:00 [restartedMain] INFO  com.zaxxer.hikari.HikariDataSource - HikariPool-4 - Start completed.
2022-10-14 17:09:00 [restartedMain] INFO  org.hibernate.dialect.Dialect - HHH000400: Using dialect: org.hibernate.dialect.MySQL8Dialect
2022-10-14 17:09:00 [restartedMain] INFO  o.h.e.t.j.p.i.JtaPlatformInitiator - HHH000490: Using JtaPlatform implementation: [org.hibernate.engine.transaction.jta.platform.internal.NoJtaPlatform]
2022-10-14 17:09:00 [restartedMain] INFO  o.s.o.j.LocalContainerEntityManagerFactoryBean - Initialized JPA EntityManagerFactory for persistence unit 'default'
2022-10-14 17:09:00 [restartedMain] WARN  o.s.b.a.o.j.JpaBaseConfiguration$JpaWebConfiguration - spring.jpa.open-in-view is enabled by default. Therefore, database queries may be performed during view rendering. Explicitly configure spring.jpa.open-in-view to disable this warning
2022-10-14 17:09:00 [restartedMain] WARN  o.s.b.d.a.OptionalLiveReloadServer - Unable to start LiveReload server
2022-10-14 17:09:00 [restartedMain] INFO  o.s.c.n.e.c.DiscoveryClientOptionalArgsConfiguration - Eureka HTTP Client uses RestTemplate.
2022-10-14 17:09:00 [restartedMain] WARN  o.s.c.l.c.LoadBalancerCacheAutoConfiguration$LoadBalancerCaffeineWarnLogger - Spring Cloud LoadBalancer is currently working with the default cache. While this cache implementation is useful for development and tests, it's recommended to use Caffeine cache in production.You can switch to using Caffeine cache, by adding it and org.springframework.cache.caffeine.CaffeineCacheManager to the classpath.
2022-10-14 17:09:00 [restartedMain] INFO  o.s.c.n.eureka.InstanceInfoFactory - Setting initial instance status as: STARTING
2022-10-14 17:09:00 [restartedMain] INFO  c.netflix.discovery.DiscoveryClient - Initializing Eureka in region us-east-1
2022-10-14 17:09:00 [restartedMain] INFO  c.n.d.s.r.aws.ConfigClusterResolver - Resolving eureka endpoints via configuration
2022-10-14 17:09:00 [restartedMain] INFO  c.netflix.discovery.DiscoveryClient - Disable delta property : false
2022-10-14 17:09:00 [restartedMain] INFO  c.netflix.discovery.DiscoveryClient - Single vip registry refresh property : null
2022-10-14 17:09:00 [restartedMain] INFO  c.netflix.discovery.DiscoveryClient - Force full registry fetch : false
2022-10-14 17:09:00 [restartedMain] INFO  c.netflix.discovery.DiscoveryClient - Application is null : false
2022-10-14 17:09:00 [restartedMain] INFO  c.netflix.discovery.DiscoveryClient - Registered Applications size is zero : true
2022-10-14 17:09:00 [restartedMain] INFO  c.netflix.discovery.DiscoveryClient - Application version is -1: true
2022-10-14 17:09:00 [restartedMain] INFO  c.netflix.discovery.DiscoveryClient - Getting all instance registry info from the eureka server
2022-10-14 17:09:00 [restartedMain] INFO  c.netflix.discovery.DiscoveryClient - The response status is 200
2022-10-14 17:09:00 [restartedMain] INFO  c.netflix.discovery.DiscoveryClient - Starting heartbeat executor: renew interval is: 30
2022-10-14 17:09:00 [restartedMain] INFO  c.n.discovery.InstanceInfoReplicator - InstanceInfoReplicator onDemand update allowed rate per min is 4
2022-10-14 17:09:00 [restartedMain] INFO  c.netflix.discovery.DiscoveryClient - Discovery Client initialized at timestamp 1665747540801 with initial instances count: 7
2022-10-14 17:09:00 [restartedMain] INFO  o.s.c.n.e.s.EurekaServiceRegistry - Registering application LOAN-API with eureka with status UP
2022-10-14 17:09:00 [restartedMain] INFO  c.netflix.discovery.DiscoveryClient - Saw local status change event StatusChangeEvent [timestamp=1665747540802, current=UP, previous=STARTING]
2022-10-14 17:09:00 [DiscoveryClient-InstanceInfoReplicator-0] INFO  c.netflix.discovery.DiscoveryClient - DiscoveryClient_LOAN-API/192.168.0.7:loan-api:8084: registering service...
2022-10-14 17:09:00 [restartedMain] INFO  o.a.coyote.http11.Http11NioProtocol - Starting ProtocolHandler ["http-nio-8084"]
2022-10-14 17:09:00 [restartedMain] INFO  o.s.b.w.e.tomcat.TomcatWebServer - Tomcat started on port(s): 8084 (http) with context path ''
2022-10-14 17:09:00 [restartedMain] INFO  o.s.c.n.e.s.EurekaAutoServiceRegistration - Updating port to 8084
2022-10-14 17:09:00 [DiscoveryClient-InstanceInfoReplicator-0] INFO  c.netflix.discovery.DiscoveryClient - DiscoveryClient_LOAN-API/192.168.0.7:loan-api:8084 - registration status: 204
2022-10-14 17:09:00 [restartedMain] INFO  com.capstone.LoanApiApplication - Started LoanApiApplication in 1.594 seconds (JVM running for 22065.197)
2022-10-14 17:09:00 [restartedMain] INFO  o.s.b.d.a.ConditionEvaluationDeltaLoggingListener - Condition evaluation unchanged
2022-10-14 17:09:04 [http-nio-8084-exec-1] INFO  o.a.c.c.C.[Tomcat].[localhost].[/] - Initializing Spring DispatcherServlet 'dispatcherServlet'
2022-10-14 17:09:04 [http-nio-8084-exec-1] INFO  o.s.web.servlet.DispatcherServlet - Initializing Servlet 'dispatcherServlet'
2022-10-14 17:09:04 [http-nio-8084-exec-1] INFO  o.s.web.servlet.DispatcherServlet - Completed initialization in 1 ms
2022-10-14 17:14:00 [AsyncResolver-bootstrap-executor-0] INFO  c.n.d.s.r.aws.ConfigClusterResolver - Resolving eureka endpoints via configuration
2022-10-14 17:19:00 [AsyncResolver-bootstrap-executor-0] INFO  c.n.d.s.r.aws.ConfigClusterResolver - Resolving eureka endpoints via configuration
2022-10-14 17:20:45 [File Watcher] INFO  o.s.b.d.a.LocalDevToolsAutoConfiguration$RestartingClassPathChangeChangedEventListener - Restarting due to 4 class path changes (0 additions, 0 deletions, 4 modifications)
2022-10-14 17:20:45 [Thread-19] INFO  o.s.c.n.e.s.EurekaServiceRegistry - Unregistering application LOAN-API with eureka with status DOWN
2022-10-14 17:20:45 [Thread-19] INFO  c.netflix.discovery.DiscoveryClient - Saw local status change event StatusChangeEvent [timestamp=1665748245268, current=DOWN, previous=UP]
2022-10-14 17:20:45 [DiscoveryClient-InstanceInfoReplicator-0] INFO  c.netflix.discovery.DiscoveryClient - DiscoveryClient_LOAN-API/192.168.0.7:loan-api:8084: registering service...
2022-10-14 17:20:45 [DiscoveryClient-InstanceInfoReplicator-0] INFO  c.netflix.discovery.DiscoveryClient - DiscoveryClient_LOAN-API/192.168.0.7:loan-api:8084 - registration status: 204
2022-10-14 17:20:45 [Thread-19] INFO  o.a.coyote.http11.Http11NioProtocol - Pausing ProtocolHandler ["http-nio-8084"]
2022-10-14 17:20:45 [Thread-19] INFO  o.a.catalina.core.StandardService - Stopping service [Tomcat]
2022-10-14 17:20:45 [Thread-19] INFO  o.a.c.c.C.[Tomcat].[localhost].[/] - Destroying Spring FrameworkServlet 'dispatcherServlet'
2022-10-14 17:20:45 [Thread-19] INFO  o.a.coyote.http11.Http11NioProtocol - Stopping ProtocolHandler ["http-nio-8084"]
2022-10-14 17:20:45 [Thread-19] INFO  o.a.coyote.http11.Http11NioProtocol - Destroying ProtocolHandler ["http-nio-8084"]
2022-10-14 17:20:45 [Thread-19] INFO  o.s.o.j.LocalContainerEntityManagerFactoryBean - Closing JPA EntityManagerFactory for persistence unit 'default'
2022-10-14 17:20:45 [Thread-19] INFO  com.zaxxer.hikari.HikariDataSource - HikariPool-4 - Shutdown initiated...
2022-10-14 17:20:45 [Thread-19] INFO  com.zaxxer.hikari.HikariDataSource - HikariPool-4 - Shutdown completed.
2022-10-14 17:20:45 [Thread-19] INFO  c.netflix.discovery.DiscoveryClient - Shutting down DiscoveryClient ...
2022-10-14 17:20:48 [Thread-19] INFO  c.netflix.discovery.DiscoveryClient - Unregistering ...
2022-10-14 17:20:48 [Thread-19] INFO  c.netflix.discovery.DiscoveryClient - DiscoveryClient_LOAN-API/192.168.0.7:loan-api:8084 - deregister  status: 200
2022-10-14 17:20:48 [Thread-19] INFO  c.netflix.discovery.DiscoveryClient - Completed shut down of DiscoveryClient
2022-10-14 17:20:49 [restartedMain] INFO  com.capstone.LoanApiApplication - Starting LoanApiApplication using Java 17.0.2 on MOHAN with PID 2404 (C:\Users\mohan\Downloads\Natwest Capstone\frontend\spring-master\loan-api\target\classes started by mohan in C:\Users\mohan\Downloads\Natwest Capstone\frontend\spring-master\loan-api)
2022-10-14 17:20:49 [restartedMain] INFO  com.capstone.LoanApiApplication - No active profile set, falling back to 1 default profile: "default"
2022-10-14 17:20:50 [restartedMain] INFO  o.s.d.r.c.RepositoryConfigurationDelegate - Bootstrapping Spring Data JPA repositories in DEFAULT mode.
2022-10-14 17:20:50 [restartedMain] INFO  o.s.d.r.c.RepositoryConfigurationDelegate - Finished Spring Data repository scanning in 9 ms. Found 1 JPA repository interfaces.
2022-10-14 17:20:50 [restartedMain] INFO  o.s.cloud.context.scope.GenericScope - BeanFactory id=45fe97d3-c3fe-391b-82f8-b9579b09bcd6
2022-10-14 17:20:50 [restartedMain] INFO  o.s.b.w.e.tomcat.TomcatWebServer - Tomcat initialized with port(s): 8084 (http)
2022-10-14 17:20:50 [restartedMain] INFO  o.a.coyote.http11.Http11NioProtocol - Initializing ProtocolHandler ["http-nio-8084"]
2022-10-14 17:20:50 [restartedMain] INFO  o.a.catalina.core.StandardService - Starting service [Tomcat]
2022-10-14 17:20:50 [restartedMain] INFO  o.a.catalina.core.StandardEngine - Starting Servlet engine: [Apache Tomcat/9.0.65]
2022-10-14 17:20:50 [restartedMain] INFO  o.a.c.c.C.[Tomcat].[localhost].[/] - Initializing Spring embedded WebApplicationContext
2022-10-14 17:20:50 [restartedMain] INFO  o.s.b.w.s.c.ServletWebServerApplicationContext - Root WebApplicationContext: initialization completed in 670 ms
2022-10-14 17:20:50 [restartedMain] INFO  o.a.catalina.core.StandardContext - Suspicious URL pattern: [/api/**] in context [], see sections 12.1 and 12.2 of the Servlet specification
2022-10-14 17:20:50 [restartedMain] INFO  o.h.jpa.internal.util.LogHelper - HHH000204: Processing PersistenceUnitInfo [name: default]
2022-10-14 17:20:50 [restartedMain] INFO  com.zaxxer.hikari.HikariDataSource - HikariPool-5 - Starting...
2022-10-14 17:20:50 [restartedMain] INFO  com.zaxxer.hikari.HikariDataSource - HikariPool-5 - Start completed.
2022-10-14 17:20:50 [restartedMain] INFO  org.hibernate.dialect.Dialect - HHH000400: Using dialect: org.hibernate.dialect.MySQL8Dialect
2022-10-14 17:20:50 [restartedMain] INFO  o.h.e.t.j.p.i.JtaPlatformInitiator - HHH000490: Using JtaPlatform implementation: [org.hibernate.engine.transaction.jta.platform.internal.NoJtaPlatform]
2022-10-14 17:20:50 [restartedMain] INFO  o.s.o.j.LocalContainerEntityManagerFactoryBean - Initialized JPA EntityManagerFactory for persistence unit 'default'
2022-10-14 17:20:50 [restartedMain] WARN  o.s.b.a.o.j.JpaBaseConfiguration$JpaWebConfiguration - spring.jpa.open-in-view is enabled by default. Therefore, database queries may be performed during view rendering. Explicitly configure spring.jpa.open-in-view to disable this warning
2022-10-14 17:20:51 [restartedMain] WARN  o.s.b.d.a.OptionalLiveReloadServer - Unable to start LiveReload server
2022-10-14 17:20:51 [restartedMain] INFO  o.s.c.n.e.c.DiscoveryClientOptionalArgsConfiguration - Eureka HTTP Client uses RestTemplate.
2022-10-14 17:20:51 [restartedMain] WARN  o.s.c.l.c.LoadBalancerCacheAutoConfiguration$LoadBalancerCaffeineWarnLogger - Spring Cloud LoadBalancer is currently working with the default cache. While this cache implementation is useful for development and tests, it's recommended to use Caffeine cache in production.You can switch to using Caffeine cache, by adding it and org.springframework.cache.caffeine.CaffeineCacheManager to the classpath.
2022-10-14 17:20:51 [restartedMain] INFO  o.s.c.n.eureka.InstanceInfoFactory - Setting initial instance status as: STARTING
2022-10-14 17:20:51 [restartedMain] INFO  c.netflix.discovery.DiscoveryClient - Initializing Eureka in region us-east-1
2022-10-14 17:20:51 [restartedMain] INFO  c.n.d.s.r.aws.ConfigClusterResolver - Resolving eureka endpoints via configuration
2022-10-14 17:20:51 [restartedMain] INFO  c.netflix.discovery.DiscoveryClient - Disable delta property : false
2022-10-14 17:20:51 [restartedMain] INFO  c.netflix.discovery.DiscoveryClient - Single vip registry refresh property : null
2022-10-14 17:20:51 [restartedMain] INFO  c.netflix.discovery.DiscoveryClient - Force full registry fetch : false
2022-10-14 17:20:51 [restartedMain] INFO  c.netflix.discovery.DiscoveryClient - Application is null : false
2022-10-14 17:20:51 [restartedMain] INFO  c.netflix.discovery.DiscoveryClient - Registered Applications size is zero : true
2022-10-14 17:20:51 [restartedMain] INFO  c.netflix.discovery.DiscoveryClient - Application version is -1: true
2022-10-14 17:20:51 [restartedMain] INFO  c.netflix.discovery.DiscoveryClient - Getting all instance registry info from the eureka server
2022-10-14 17:20:51 [restartedMain] INFO  c.netflix.discovery.DiscoveryClient - The response status is 200
2022-10-14 17:20:51 [restartedMain] INFO  c.netflix.discovery.DiscoveryClient - Starting heartbeat executor: renew interval is: 30
2022-10-14 17:20:51 [restartedMain] INFO  c.n.discovery.InstanceInfoReplicator - InstanceInfoReplicator onDemand update allowed rate per min is 4
2022-10-14 17:20:51 [restartedMain] INFO  c.netflix.discovery.DiscoveryClient - Discovery Client initialized at timestamp 1665748251373 with initial instances count: 7
2022-10-14 17:20:51 [restartedMain] INFO  o.s.c.n.e.s.EurekaServiceRegistry - Registering application LOAN-API with eureka with status UP
2022-10-14 17:20:51 [restartedMain] INFO  c.netflix.discovery.DiscoveryClient - Saw local status change event StatusChangeEvent [timestamp=1665748251375, current=UP, previous=STARTING]
2022-10-14 17:20:51 [DiscoveryClient-InstanceInfoReplicator-0] INFO  c.netflix.discovery.DiscoveryClient - DiscoveryClient_LOAN-API/192.168.0.7:loan-api:8084: registering service...
2022-10-14 17:20:51 [restartedMain] INFO  o.a.coyote.http11.Http11NioProtocol - Starting ProtocolHandler ["http-nio-8084"]
2022-10-14 17:20:51 [restartedMain] INFO  o.s.b.w.e.tomcat.TomcatWebServer - Tomcat started on port(s): 8084 (http) with context path ''
2022-10-14 17:20:51 [restartedMain] INFO  o.s.c.n.e.s.EurekaAutoServiceRegistration - Updating port to 8084
2022-10-14 17:20:51 [DiscoveryClient-InstanceInfoReplicator-0] INFO  c.netflix.discovery.DiscoveryClient - DiscoveryClient_LOAN-API/192.168.0.7:loan-api:8084 - registration status: 204
2022-10-14 17:20:51 [restartedMain] INFO  com.capstone.LoanApiApplication - Started LoanApiApplication in 2.015 seconds (JVM running for 22775.708)
2022-10-14 17:20:51 [restartedMain] INFO  o.s.b.d.a.ConditionEvaluationDeltaLoggingListener - Condition evaluation unchanged
2022-10-14 17:20:54 [http-nio-8084-exec-2] INFO  o.a.c.c.C.[Tomcat].[localhost].[/] - Initializing Spring DispatcherServlet 'dispatcherServlet'
2022-10-14 17:20:54 [http-nio-8084-exec-2] INFO  o.s.web.servlet.DispatcherServlet - Initializing Servlet 'dispatcherServlet'
2022-10-14 17:20:54 [http-nio-8084-exec-2] INFO  o.s.web.servlet.DispatcherServlet - Completed initialization in 2 ms
2022-10-14 17:20:54 [http-nio-8084-exec-5] INFO  com.capstone.aspect.LoggerAspect - Method name: com.capstone.controller.loanController
2022-10-14 17:20:54 [http-nio-8084-exec-5] INFO  com.capstone.aspect.LoggerAspect - Method arguments:[Ljava.lang.Object;@520337f0
2022-10-14 17:20:54 [http-nio-8084-exec-5] INFO  com.capstone.aspect.LoggerAspect - *************************************
2022-10-14 17:20:54 [http-nio-8084-exec-5] INFO  com.capstone.aspect.LoggerAspect - Method name: com.capstone.service.loanServiceImp
2022-10-14 17:20:54 [http-nio-8084-exec-5] INFO  com.capstone.aspect.LoggerAspect - Method arguments:[Ljava.lang.Object;@322a5617
2022-10-14 17:20:54 [http-nio-8084-exec-5] INFO  com.capstone.aspect.LoggerAspect - *************************************
2022-10-14 17:20:54 [http-nio-8084-exec-5] INFO  com.capstone.aspect.LoggerAspect - During: class com.capstone.service.loanServiceImp.getLoanAccByCust() with arguments=[loan [loanaccno=202211051, category=Personal, loan_amount=500000.0, custid=202200005, interest_rate=7.0, tenure=4]]
2022-10-14 17:20:54 [http-nio-8084-exec-5] INFO  com.capstone.aspect.LoggerAspect - *************************************
2022-10-14 17:20:54 [http-nio-8084-exec-5] INFO  com.capstone.aspect.LoggerAspect - During: class com.capstone.controller.loanController.getloanDetailsbyCust() with arguments=<200 OK OK,[loan [loanaccno=202211051, category=Personal, loan_amount=500000.0, custid=202200005, interest_rate=7.0, tenure=4]],[]>
2022-10-14 17:20:54 [http-nio-8084-exec-5] INFO  com.capstone.aspect.LoggerAspect - *************************************
2022-10-14 17:20:57 [http-nio-8084-exec-3] INFO  com.capstone.aspect.LoggerAspect - Method name: com.capstone.controller.loanController
2022-10-14 17:20:57 [http-nio-8084-exec-3] INFO  com.capstone.aspect.LoggerAspect - Method arguments:[Ljava.lang.Object;@76b9ab37
2022-10-14 17:20:57 [http-nio-8084-exec-3] INFO  com.capstone.aspect.LoggerAspect - *************************************
2022-10-14 17:20:57 [http-nio-8084-exec-3] INFO  com.capstone.aspect.LoggerAspect - Method name: com.capstone.service.loanServiceImp
2022-10-14 17:20:57 [http-nio-8084-exec-3] INFO  com.capstone.aspect.LoggerAspect - Method arguments:[Ljava.lang.Object;@33bb3b84
2022-10-14 17:20:57 [http-nio-8084-exec-3] INFO  com.capstone.aspect.LoggerAspect - *************************************
2022-10-14 17:20:57 [http-nio-8084-exec-3] INFO  com.capstone.aspect.LoggerAspect - During: class com.capstone.service.loanServiceImp.getloanDetailsofCustbyLoan() with arguments=loan [loanaccno=202211051, category=Personal, loan_amount=500000.0, custid=202200005, interest_rate=7.0, tenure=4]
2022-10-14 17:20:57 [http-nio-8084-exec-3] INFO  com.capstone.aspect.LoggerAspect - *************************************
2022-10-14 17:20:57 [http-nio-8084-exec-3] INFO  com.capstone.aspect.LoggerAspect - During: class com.capstone.controller.loanController.getloanDetailsofCustbyLoan() with arguments=<200 OK OK,loan [loanaccno=202211051, category=Personal, loan_amount=500000.0, custid=202200005, interest_rate=7.0, tenure=4],[]>
2022-10-14 17:20:57 [http-nio-8084-exec-3] INFO  com.capstone.aspect.LoggerAspect - *************************************
2022-10-14 17:21:31 [http-nio-8084-exec-1] INFO  com.capstone.aspect.LoggerAspect - Method name: com.capstone.controller.loanController
2022-10-14 17:21:31 [http-nio-8084-exec-1] INFO  com.capstone.aspect.LoggerAspect - Method arguments:[Ljava.lang.Object;@7de6d8d7
2022-10-14 17:21:31 [http-nio-8084-exec-1] INFO  com.capstone.aspect.LoggerAspect - *************************************
2022-10-14 17:21:31 [http-nio-8084-exec-1] INFO  com.capstone.aspect.LoggerAspect - Method name: com.capstone.service.loanServiceImp
2022-10-14 17:21:31 [http-nio-8084-exec-1] INFO  com.capstone.aspect.LoggerAspect - Method arguments:[Ljava.lang.Object;@38e4490f
2022-10-14 17:21:31 [http-nio-8084-exec-1] INFO  com.capstone.aspect.LoggerAspect - *************************************
2022-10-14 17:21:31 [http-nio-8084-exec-1] INFO  com.capstone.aspect.LoggerAspect - During: class com.capstone.service.loanServiceImp.getloanDetailsofCustbyLoan() with arguments=loan [loanaccno=202211051, category=Personal, loan_amount=500000.0, custid=202200005, interest_rate=7.0, tenure=4]
2022-10-14 17:21:31 [http-nio-8084-exec-1] INFO  com.capstone.aspect.LoggerAspect - *************************************
2022-10-14 17:21:31 [http-nio-8084-exec-1] INFO  com.capstone.aspect.LoggerAspect - During: class com.capstone.controller.loanController.getloanDetailsofCustbyLoan() with arguments=<200 OK OK,loan [loanaccno=202211051, category=Personal, loan_amount=500000.0, custid=202200005, interest_rate=7.0, tenure=4],[]>
2022-10-14 17:21:31 [http-nio-8084-exec-1] INFO  com.capstone.aspect.LoggerAspect - *************************************
2022-10-14 17:21:38 [http-nio-8084-exec-7] INFO  com.capstone.aspect.LoggerAspect - Method name: com.capstone.controller.loanController
2022-10-14 17:21:38 [http-nio-8084-exec-7] INFO  com.capstone.aspect.LoggerAspect - Method arguments:[Ljava.lang.Object;@7d48dbe
2022-10-14 17:21:38 [http-nio-8084-exec-7] INFO  com.capstone.aspect.LoggerAspect - *************************************
2022-10-14 17:21:38 [http-nio-8084-exec-7] INFO  com.capstone.aspect.LoggerAspect - Method name: com.capstone.service.loanServiceImp
2022-10-14 17:21:38 [http-nio-8084-exec-7] INFO  com.capstone.aspect.LoggerAspect - Method arguments:[Ljava.lang.Object;@9136334
2022-10-14 17:21:38 [http-nio-8084-exec-7] INFO  com.capstone.aspect.LoggerAspect - *************************************
2022-10-14 17:21:38 [http-nio-8084-exec-7] INFO  com.capstone.aspect.LoggerAspect - During: class com.capstone.service.loanServiceImp.getloanDetailsofCustbyLoan() with arguments=loan [loanaccno=202211051, category=Personal, loan_amount=500000.0, custid=202200005, interest_rate=7.0, tenure=4]
2022-10-14 17:21:38 [http-nio-8084-exec-7] INFO  com.capstone.aspect.LoggerAspect - *************************************
2022-10-14 17:21:38 [http-nio-8084-exec-7] INFO  com.capstone.aspect.LoggerAspect - During: class com.capstone.controller.loanController.getloanDetailsofCustbyLoan() with arguments=<200 OK OK,loan [loanaccno=202211051, category=Personal, loan_amount=500000.0, custid=202200005, interest_rate=7.0, tenure=4],[]>
2022-10-14 17:21:38 [http-nio-8084-exec-7] INFO  com.capstone.aspect.LoggerAspect - *************************************
2022-10-14 17:22:31 [http-nio-8084-exec-6] INFO  com.capstone.aspect.LoggerAspect - Method name: com.capstone.controller.loanController
2022-10-14 17:22:31 [http-nio-8084-exec-6] INFO  com.capstone.aspect.LoggerAspect - Method arguments:[Ljava.lang.Object;@2493a52d
2022-10-14 17:22:31 [http-nio-8084-exec-6] INFO  com.capstone.aspect.LoggerAspect - *************************************
2022-10-14 17:22:31 [http-nio-8084-exec-6] INFO  com.capstone.aspect.LoggerAspect - Method name: com.capstone.service.loanServiceImp
2022-10-14 17:22:31 [http-nio-8084-exec-6] INFO  com.capstone.aspect.LoggerAspect - Method arguments:[Ljava.lang.Object;@714de4c9
2022-10-14 17:22:31 [http-nio-8084-exec-6] INFO  com.capstone.aspect.LoggerAspect - *************************************
2022-10-14 17:22:31 [http-nio-8084-exec-6] INFO  com.capstone.aspect.LoggerAspect - During: class com.capstone.service.loanServiceImp.getloanDetailsofCustbyLoan() with arguments=loan [loanaccno=202211051, category=Personal, loan_amount=500000.0, custid=202200005, interest_rate=7.0, tenure=4]
2022-10-14 17:22:31 [http-nio-8084-exec-6] INFO  com.capstone.aspect.LoggerAspect - *************************************
2022-10-14 17:22:31 [http-nio-8084-exec-6] INFO  com.capstone.aspect.LoggerAspect - During: class com.capstone.controller.loanController.getloanDetailsofCustbyLoan() with arguments=<200 OK OK,loan [loanaccno=202211051, category=Personal, loan_amount=500000.0, custid=202200005, interest_rate=7.0, tenure=4],[]>
2022-10-14 17:22:31 [http-nio-8084-exec-6] INFO  com.capstone.aspect.LoggerAspect - *************************************
2022-10-14 17:22:47 [http-nio-8084-exec-2] INFO  com.capstone.aspect.LoggerAspect - Method name: com.capstone.controller.loanController
2022-10-14 17:22:47 [http-nio-8084-exec-2] INFO  com.capstone.aspect.LoggerAspect - Method arguments:[Ljava.lang.Object;@57817631
2022-10-14 17:22:47 [http-nio-8084-exec-2] INFO  com.capstone.aspect.LoggerAspect - *************************************
2022-10-14 17:22:47 [http-nio-8084-exec-2] INFO  com.capstone.aspect.LoggerAspect - Method name: com.capstone.service.loanServiceImp
2022-10-14 17:22:47 [http-nio-8084-exec-2] INFO  com.capstone.aspect.LoggerAspect - Method arguments:[Ljava.lang.Object;@53bee819
2022-10-14 17:22:47 [http-nio-8084-exec-2] INFO  com.capstone.aspect.LoggerAspect - *************************************
2022-10-14 17:22:47 [http-nio-8084-exec-2] INFO  com.capstone.aspect.LoggerAspect - During: class com.capstone.service.loanServiceImp.getloanDetailsofCustbyLoan() with arguments=loan [loanaccno=202211051, category=Personal, loan_amount=500000.0, custid=202200005, interest_rate=7.0, tenure=4]
2022-10-14 17:22:47 [http-nio-8084-exec-2] INFO  com.capstone.aspect.LoggerAspect - *************************************
2022-10-14 17:22:47 [http-nio-8084-exec-2] INFO  com.capstone.aspect.LoggerAspect - During: class com.capstone.controller.loanController.getloanDetailsofCustbyLoan() with arguments=<200 OK OK,loan [loanaccno=202211051, category=Personal, loan_amount=500000.0, custid=202200005, interest_rate=7.0, tenure=4],[]>
2022-10-14 17:22:47 [http-nio-8084-exec-2] INFO  com.capstone.aspect.LoggerAspect - *************************************
2022-10-14 17:25:51 [AsyncResolver-bootstrap-executor-0] INFO  c.n.d.s.r.aws.ConfigClusterResolver - Resolving eureka endpoints via configuration
2022-10-14 17:30:51 [AsyncResolver-bootstrap-executor-0] INFO  c.n.d.s.r.aws.ConfigClusterResolver - Resolving eureka endpoints via configuration
2022-10-14 17:35:51 [AsyncResolver-bootstrap-executor-0] INFO  c.n.d.s.r.aws.ConfigClusterResolver - Resolving eureka endpoints via configuration
2022-10-14 17:40:51 [AsyncResolver-bootstrap-executor-0] INFO  c.n.d.s.r.aws.ConfigClusterResolver - Resolving eureka endpoints via configuration
2022-10-14 17:45:51 [AsyncResolver-bootstrap-executor-0] INFO  c.n.d.s.r.aws.ConfigClusterResolver - Resolving eureka endpoints via configuration
2022-10-14 17:46:15 [http-nio-8084-exec-4] INFO  com.capstone.aspect.LoggerAspect - Method name: com.capstone.controller.loanController
2022-10-14 17:46:15 [http-nio-8084-exec-4] INFO  com.capstone.aspect.LoggerAspect - Method arguments:[Ljava.lang.Object;@1a103a37
2022-10-14 17:46:15 [http-nio-8084-exec-4] INFO  com.capstone.aspect.LoggerAspect - *************************************
2022-10-14 17:46:15 [http-nio-8084-exec-4] INFO  com.capstone.aspect.LoggerAspect - Method name: com.capstone.service.loanServiceImp
2022-10-14 17:46:15 [http-nio-8084-exec-4] INFO  com.capstone.aspect.LoggerAspect - Method arguments:[Ljava.lang.Object;@14d7d705
2022-10-14 17:46:15 [http-nio-8084-exec-4] INFO  com.capstone.aspect.LoggerAspect - *************************************
2022-10-14 17:46:15 [http-nio-8084-exec-4] INFO  com.capstone.aspect.LoggerAspect - During: class com.capstone.service.loanServiceImp.getLoanAccByCust() with arguments=[loan [loanaccno=202211051, category=Personal, loan_amount=500000.0, custid=202200005, interest_rate=7.0, tenure=4]]
2022-10-14 17:46:15 [http-nio-8084-exec-4] INFO  com.capstone.aspect.LoggerAspect - *************************************
2022-10-14 17:46:15 [http-nio-8084-exec-4] INFO  com.capstone.aspect.LoggerAspect - During: class com.capstone.controller.loanController.getloanDetailsbyCust() with arguments=<200 OK OK,[loan [loanaccno=202211051, category=Personal, loan_amount=500000.0, custid=202200005, interest_rate=7.0, tenure=4]],[]>
2022-10-14 17:46:15 [http-nio-8084-exec-4] INFO  com.capstone.aspect.LoggerAspect - *************************************
2022-10-14 17:46:24 [http-nio-8084-exec-9] INFO  com.capstone.aspect.LoggerAspect - Method name: com.capstone.controller.loanController
2022-10-14 17:46:24 [http-nio-8084-exec-9] INFO  com.capstone.aspect.LoggerAspect - Method arguments:[Ljava.lang.Object;@1815f8df
2022-10-14 17:46:24 [http-nio-8084-exec-9] INFO  com.capstone.aspect.LoggerAspect - *************************************
2022-10-14 17:46:24 [http-nio-8084-exec-9] INFO  com.capstone.aspect.LoggerAspect - Method name: com.capstone.service.loanServiceImp
2022-10-14 17:46:24 [http-nio-8084-exec-9] INFO  com.capstone.aspect.LoggerAspect - Method arguments:[Ljava.lang.Object;@57ef1f96
2022-10-14 17:46:24 [http-nio-8084-exec-9] INFO  com.capstone.aspect.LoggerAspect - *************************************
2022-10-14 17:46:24 [http-nio-8084-exec-9] INFO  com.capstone.aspect.LoggerAspect - During: class com.capstone.service.loanServiceImp.getLoanAccByCust() with arguments=[loan [loanaccno=202211051, category=Personal, loan_amount=500000.0, custid=202200005, interest_rate=7.0, tenure=4]]
2022-10-14 17:46:24 [http-nio-8084-exec-9] INFO  com.capstone.aspect.LoggerAspect - *************************************
2022-10-14 17:46:24 [http-nio-8084-exec-9] INFO  com.capstone.aspect.LoggerAspect - During: class com.capstone.controller.loanController.getloanDetailsbyCust() with arguments=<200 OK OK,[loan [loanaccno=202211051, category=Personal, loan_amount=500000.0, custid=202200005, interest_rate=7.0, tenure=4]],[]>
2022-10-14 17:46:24 [http-nio-8084-exec-9] INFO  com.capstone.aspect.LoggerAspect - *************************************
2022-10-14 17:46:46 [http-nio-8084-exec-7] INFO  com.capstone.aspect.LoggerAspect - Method name: com.capstone.controller.loanController
2022-10-14 17:46:46 [http-nio-8084-exec-7] INFO  com.capstone.aspect.LoggerAspect - Method arguments:[Ljava.lang.Object;@135cf335
2022-10-14 17:46:46 [http-nio-8084-exec-7] INFO  com.capstone.aspect.LoggerAspect - *************************************
2022-10-14 17:46:46 [http-nio-8084-exec-7] INFO  com.capstone.aspect.LoggerAspect - Method name: com.capstone.service.loanServiceImp
2022-10-14 17:46:46 [http-nio-8084-exec-7] INFO  com.capstone.aspect.LoggerAspect - Method arguments:[Ljava.lang.Object;@28019640
2022-10-14 17:46:46 [http-nio-8084-exec-7] INFO  com.capstone.aspect.LoggerAspect - *************************************
2022-10-14 17:46:46 [http-nio-8084-exec-7] INFO  com.capstone.aspect.LoggerAspect - During: class com.capstone.service.loanServiceImp.getloanDetailsofCustbyLoan() with arguments=loan [loanaccno=202211051, category=Personal, loan_amount=500000.0, custid=202200005, interest_rate=7.0, tenure=4]
2022-10-14 17:46:46 [http-nio-8084-exec-7] INFO  com.capstone.aspect.LoggerAspect - *************************************
2022-10-14 17:46:46 [http-nio-8084-exec-7] INFO  com.capstone.aspect.LoggerAspect - During: class com.capstone.controller.loanController.getloanDetailsofCustbyLoan() with arguments=<200 OK OK,loan [loanaccno=202211051, category=Personal, loan_amount=500000.0, custid=202200005, interest_rate=7.0, tenure=4],[]>
2022-10-14 17:46:46 [http-nio-8084-exec-7] INFO  com.capstone.aspect.LoggerAspect - *************************************
2022-10-14 17:48:09 [http-nio-8084-exec-6] INFO  com.capstone.aspect.LoggerAspect - Method name: com.capstone.controller.loanController
2022-10-14 17:48:09 [http-nio-8084-exec-6] INFO  com.capstone.aspect.LoggerAspect - Method arguments:[Ljava.lang.Object;@47771634
2022-10-14 17:48:09 [http-nio-8084-exec-6] INFO  com.capstone.aspect.LoggerAspect - *************************************
2022-10-14 17:48:09 [http-nio-8084-exec-6] INFO  com.capstone.aspect.LoggerAspect - Method name: com.capstone.service.loanServiceImp
2022-10-14 17:48:09 [http-nio-8084-exec-6] INFO  com.capstone.aspect.LoggerAspect - Method arguments:[Ljava.lang.Object;@2426a78d
2022-10-14 17:48:09 [http-nio-8084-exec-6] INFO  com.capstone.aspect.LoggerAspect - *************************************
2022-10-14 17:48:09 [http-nio-8084-exec-6] INFO  com.capstone.aspect.LoggerAspect - During: class com.capstone.service.loanServiceImp.getloanDetailsofCustbyLoan() with arguments=loan [loanaccno=202211051, category=Personal, loan_amount=500000.0, custid=202200005, interest_rate=7.0, tenure=4]
2022-10-14 17:48:09 [http-nio-8084-exec-6] INFO  com.capstone.aspect.LoggerAspect - *************************************
2022-10-14 17:48:09 [http-nio-8084-exec-6] INFO  com.capstone.aspect.LoggerAspect - During: class com.capstone.controller.loanController.getloanDetailsofCustbyLoan() with arguments=<200 OK OK,loan [loanaccno=202211051, category=Personal, loan_amount=500000.0, custid=202200005, interest_rate=7.0, tenure=4],[]>
2022-10-14 17:48:09 [http-nio-8084-exec-6] INFO  com.capstone.aspect.LoggerAspect - *************************************
2022-10-14 17:48:12 [http-nio-8084-exec-10] INFO  com.capstone.aspect.LoggerAspect - Method name: com.capstone.controller.loanController
2022-10-14 17:48:12 [http-nio-8084-exec-10] INFO  com.capstone.aspect.LoggerAspect - Method arguments:[Ljava.lang.Object;@1fa7c9d4
2022-10-14 17:48:12 [http-nio-8084-exec-10] INFO  com.capstone.aspect.LoggerAspect - *************************************
2022-10-14 17:48:12 [http-nio-8084-exec-10] INFO  com.capstone.aspect.LoggerAspect - Method name: com.capstone.service.loanServiceImp
2022-10-14 17:48:12 [http-nio-8084-exec-10] INFO  com.capstone.aspect.LoggerAspect - Method arguments:[Ljava.lang.Object;@11603450
2022-10-14 17:48:12 [http-nio-8084-exec-10] INFO  com.capstone.aspect.LoggerAspect - *************************************
2022-10-14 17:48:12 [http-nio-8084-exec-10] INFO  com.capstone.aspect.LoggerAspect - During: class com.capstone.service.loanServiceImp.getloanDetailsofCustbyLoan() with arguments=loan [loanaccno=202211051, category=Personal, loan_amount=500000.0, custid=202200005, interest_rate=7.0, tenure=4]
2022-10-14 17:48:12 [http-nio-8084-exec-10] INFO  com.capstone.aspect.LoggerAspect - *************************************
2022-10-14 17:48:12 [http-nio-8084-exec-10] INFO  com.capstone.aspect.LoggerAspect - During: class com.capstone.controller.loanController.getloanDetailsofCustbyLoan() with arguments=<200 OK OK,loan [loanaccno=202211051, category=Personal, loan_amount=500000.0, custid=202200005, interest_rate=7.0, tenure=4],[]>
2022-10-14 17:48:12 [http-nio-8084-exec-10] INFO  com.capstone.aspect.LoggerAspect - *************************************
2022-10-14 17:48:14 [http-nio-8084-exec-2] INFO  com.capstone.aspect.LoggerAspect - Method name: com.capstone.controller.loanController
2022-10-14 17:48:14 [http-nio-8084-exec-2] INFO  com.capstone.aspect.LoggerAspect - Method arguments:[Ljava.lang.Object;@76938345
2022-10-14 17:48:14 [http-nio-8084-exec-2] INFO  com.capstone.aspect.LoggerAspect - *************************************
2022-10-14 17:48:14 [http-nio-8084-exec-2] INFO  com.capstone.aspect.LoggerAspect - Method name: com.capstone.service.loanServiceImp
2022-10-14 17:48:14 [http-nio-8084-exec-2] INFO  com.capstone.aspect.LoggerAspect - Method arguments:[Ljava.lang.Object;@6a40c2e8
2022-10-14 17:48:14 [http-nio-8084-exec-2] INFO  com.capstone.aspect.LoggerAspect - *************************************
2022-10-14 17:48:14 [http-nio-8084-exec-2] INFO  com.capstone.aspect.LoggerAspect - During: class com.capstone.service.loanServiceImp.getloanDetailsofCustbyLoan() with arguments=loan [loanaccno=202211051, category=Personal, loan_amount=500000.0, custid=202200005, interest_rate=7.0, tenure=4]
2022-10-14 17:48:14 [http-nio-8084-exec-2] INFO  com.capstone.aspect.LoggerAspect - *************************************
2022-10-14 17:48:14 [http-nio-8084-exec-2] INFO  com.capstone.aspect.LoggerAspect - During: class com.capstone.controller.loanController.getloanDetailsofCustbyLoan() with arguments=<200 OK OK,loan [loanaccno=202211051, category=Personal, loan_amount=500000.0, custid=202200005, interest_rate=7.0, tenure=4],[]>
2022-10-14 17:48:14 [http-nio-8084-exec-2] INFO  com.capstone.aspect.LoggerAspect - *************************************
2022-10-14 17:48:17 [http-nio-8084-exec-4] INFO  com.capstone.aspect.LoggerAspect - Method name: com.capstone.controller.loanController
2022-10-14 17:48:17 [http-nio-8084-exec-4] INFO  com.capstone.aspect.LoggerAspect - Method arguments:[Ljava.lang.Object;@36c51aba
2022-10-14 17:48:17 [http-nio-8084-exec-4] INFO  com.capstone.aspect.LoggerAspect - *************************************
2022-10-14 17:48:17 [http-nio-8084-exec-4] INFO  com.capstone.aspect.LoggerAspect - Method name: com.capstone.service.loanServiceImp
2022-10-14 17:48:17 [http-nio-8084-exec-4] INFO  com.capstone.aspect.LoggerAspect - Method arguments:[Ljava.lang.Object;@35c52271
2022-10-14 17:48:17 [http-nio-8084-exec-4] INFO  com.capstone.aspect.LoggerAspect - *************************************
2022-10-14 17:48:17 [http-nio-8084-exec-4] INFO  com.capstone.aspect.LoggerAspect - During: class com.capstone.service.loanServiceImp.getloanDetailsofCustbyLoan() with arguments=loan [loanaccno=202211051, category=Personal, loan_amount=500000.0, custid=202200005, interest_rate=7.0, tenure=4]
2022-10-14 17:48:17 [http-nio-8084-exec-4] INFO  com.capstone.aspect.LoggerAspect - *************************************
2022-10-14 17:48:17 [http-nio-8084-exec-4] INFO  com.capstone.aspect.LoggerAspect - During: class com.capstone.controller.loanController.getloanDetailsofCustbyLoan() with arguments=<200 OK OK,loan [loanaccno=202211051, category=Personal, loan_amount=500000.0, custid=202200005, interest_rate=7.0, tenure=4],[]>
2022-10-14 17:48:17 [http-nio-8084-exec-4] INFO  com.capstone.aspect.LoggerAspect - *************************************
2022-10-14 17:48:40 [http-nio-8084-exec-9] INFO  com.capstone.aspect.LoggerAspect - Method name: com.capstone.controller.loanController
2022-10-14 17:48:40 [http-nio-8084-exec-9] INFO  com.capstone.aspect.LoggerAspect - Method arguments:[Ljava.lang.Object;@3f8c526
2022-10-14 17:48:40 [http-nio-8084-exec-9] INFO  com.capstone.aspect.LoggerAspect - *************************************
2022-10-14 17:48:40 [http-nio-8084-exec-9] INFO  com.capstone.aspect.LoggerAspect - Method name: com.capstone.service.loanServiceImp
2022-10-14 17:48:40 [http-nio-8084-exec-9] INFO  com.capstone.aspect.LoggerAspect - Method arguments:[Ljava.lang.Object;@338e3ba8
2022-10-14 17:48:40 [http-nio-8084-exec-9] INFO  com.capstone.aspect.LoggerAspect - *************************************
2022-10-14 17:48:40 [http-nio-8084-exec-9] INFO  com.capstone.aspect.LoggerAspect - During: class com.capstone.service.loanServiceImp.getloanDetailsofCustbyLoan() with arguments=loan [loanaccno=202211051, category=Personal, loan_amount=500000.0, custid=202200005, interest_rate=7.0, tenure=4]
2022-10-14 17:48:40 [http-nio-8084-exec-9] INFO  com.capstone.aspect.LoggerAspect - *************************************
2022-10-14 17:48:40 [http-nio-8084-exec-9] INFO  com.capstone.aspect.LoggerAspect - During: class com.capstone.controller.loanController.getloanDetailsofCustbyLoan() with arguments=<200 OK OK,loan [loanaccno=202211051, category=Personal, loan_amount=500000.0, custid=202200005, interest_rate=7.0, tenure=4],[]>
2022-10-14 17:48:40 [http-nio-8084-exec-9] INFO  com.capstone.aspect.LoggerAspect - *************************************
2022-10-14 17:48:43 [http-nio-8084-exec-1] INFO  com.capstone.aspect.LoggerAspect - Method name: com.capstone.controller.loanController
2022-10-14 17:48:43 [http-nio-8084-exec-1] INFO  com.capstone.aspect.LoggerAspect - Method arguments:[Ljava.lang.Object;@488f47c8
2022-10-14 17:48:43 [http-nio-8084-exec-1] INFO  com.capstone.aspect.LoggerAspect - *************************************
2022-10-14 17:48:43 [http-nio-8084-exec-1] INFO  com.capstone.aspect.LoggerAspect - Method name: com.capstone.service.loanServiceImp
2022-10-14 17:48:43 [http-nio-8084-exec-1] INFO  com.capstone.aspect.LoggerAspect - Method arguments:[Ljava.lang.Object;@72b61fbf
2022-10-14 17:48:43 [http-nio-8084-exec-1] INFO  com.capstone.aspect.LoggerAspect - *************************************
2022-10-14 17:48:43 [http-nio-8084-exec-1] INFO  com.capstone.aspect.LoggerAspect - During: class com.capstone.service.loanServiceImp.getLoanAccByCust() with arguments=[loan [loanaccno=202211051, category=Personal, loan_amount=500000.0, custid=202200005, interest_rate=7.0, tenure=4]]
2022-10-14 17:48:43 [http-nio-8084-exec-1] INFO  com.capstone.aspect.LoggerAspect - *************************************
2022-10-14 17:48:43 [http-nio-8084-exec-1] INFO  com.capstone.aspect.LoggerAspect - During: class com.capstone.controller.loanController.getloanDetailsbyCust() with arguments=<200 OK OK,[loan [loanaccno=202211051, category=Personal, loan_amount=500000.0, custid=202200005, interest_rate=7.0, tenure=4]],[]>
2022-10-14 17:48:43 [http-nio-8084-exec-1] INFO  com.capstone.aspect.LoggerAspect - *************************************
2022-10-14 17:48:44 [http-nio-8084-exec-7] INFO  com.capstone.aspect.LoggerAspect - Method name: com.capstone.controller.loanController
2022-10-14 17:48:44 [http-nio-8084-exec-7] INFO  com.capstone.aspect.LoggerAspect - Method arguments:[Ljava.lang.Object;@25702cd1
2022-10-14 17:48:44 [http-nio-8084-exec-7] INFO  com.capstone.aspect.LoggerAspect - *************************************
2022-10-14 17:48:44 [http-nio-8084-exec-7] INFO  com.capstone.aspect.LoggerAspect - Method name: com.capstone.service.loanServiceImp
2022-10-14 17:48:44 [http-nio-8084-exec-7] INFO  com.capstone.aspect.LoggerAspect - Method arguments:[Ljava.lang.Object;@16d4e076
2022-10-14 17:48:44 [http-nio-8084-exec-7] INFO  com.capstone.aspect.LoggerAspect - *************************************
2022-10-14 17:48:44 [http-nio-8084-exec-7] INFO  com.capstone.aspect.LoggerAspect - During: class com.capstone.service.loanServiceImp.getloanDetailsofCustbyLoan() with arguments=loan [loanaccno=202211051, category=Personal, loan_amount=500000.0, custid=202200005, interest_rate=7.0, tenure=4]
2022-10-14 17:48:44 [http-nio-8084-exec-7] INFO  com.capstone.aspect.LoggerAspect - *************************************
2022-10-14 17:48:44 [http-nio-8084-exec-7] INFO  com.capstone.aspect.LoggerAspect - During: class com.capstone.controller.loanController.getloanDetailsofCustbyLoan() with arguments=<200 OK OK,loan [loanaccno=202211051, category=Personal, loan_amount=500000.0, custid=202200005, interest_rate=7.0, tenure=4],[]>
2022-10-14 17:48:44 [http-nio-8084-exec-7] INFO  com.capstone.aspect.LoggerAspect - *************************************
2022-10-14 17:48:45 [http-nio-8084-exec-8] INFO  com.capstone.aspect.LoggerAspect - Method name: com.capstone.controller.loanController
2022-10-14 17:48:45 [http-nio-8084-exec-8] INFO  com.capstone.aspect.LoggerAspect - Method arguments:[Ljava.lang.Object;@38627d47
2022-10-14 17:48:45 [http-nio-8084-exec-8] INFO  com.capstone.aspect.LoggerAspect - *************************************
2022-10-14 17:48:45 [http-nio-8084-exec-8] INFO  com.capstone.aspect.LoggerAspect - Method name: com.capstone.service.loanServiceImp
2022-10-14 17:48:45 [http-nio-8084-exec-8] INFO  com.capstone.aspect.LoggerAspect - Method arguments:[Ljava.lang.Object;@36a5943b
2022-10-14 17:48:45 [http-nio-8084-exec-8] INFO  com.capstone.aspect.LoggerAspect - *************************************
2022-10-14 17:48:45 [http-nio-8084-exec-8] INFO  com.capstone.aspect.LoggerAspect - During: class com.capstone.service.loanServiceImp.getloanDetailsofCustbyLoan() with arguments=loan [loanaccno=202211051, category=Personal, loan_amount=500000.0, custid=202200005, interest_rate=7.0, tenure=4]
2022-10-14 17:48:45 [http-nio-8084-exec-8] INFO  com.capstone.aspect.LoggerAspect - *************************************
2022-10-14 17:48:45 [http-nio-8084-exec-8] INFO  com.capstone.aspect.LoggerAspect - During: class com.capstone.controller.loanController.getloanDetailsofCustbyLoan() with arguments=<200 OK OK,loan [loanaccno=202211051, category=Personal, loan_amount=500000.0, custid=202200005, interest_rate=7.0, tenure=4],[]>
2022-10-14 17:48:45 [http-nio-8084-exec-8] INFO  com.capstone.aspect.LoggerAspect - *************************************
2022-10-14 17:49:16 [http-nio-8084-exec-10] INFO  com.capstone.aspect.LoggerAspect - Method name: com.capstone.controller.loanController
2022-10-14 17:49:16 [http-nio-8084-exec-10] INFO  com.capstone.aspect.LoggerAspect - Method arguments:[Ljava.lang.Object;@9e50815
2022-10-14 17:49:16 [http-nio-8084-exec-10] INFO  com.capstone.aspect.LoggerAspect - *************************************
2022-10-14 17:49:16 [http-nio-8084-exec-10] INFO  com.capstone.aspect.LoggerAspect - Method name: com.capstone.service.loanServiceImp
2022-10-14 17:49:16 [http-nio-8084-exec-10] INFO  com.capstone.aspect.LoggerAspect - Method arguments:[Ljava.lang.Object;@3072c124
2022-10-14 17:49:16 [http-nio-8084-exec-10] INFO  com.capstone.aspect.LoggerAspect - *************************************
2022-10-14 17:49:16 [http-nio-8084-exec-10] INFO  com.capstone.aspect.LoggerAspect - During: class com.capstone.service.loanServiceImp.getloanDetailsofCustbyLoan() with arguments=loan [loanaccno=202211051, category=Personal, loan_amount=500000.0, custid=202200005, interest_rate=7.0, tenure=4]
2022-10-14 17:49:16 [http-nio-8084-exec-10] INFO  com.capstone.aspect.LoggerAspect - *************************************
2022-10-14 17:49:16 [http-nio-8084-exec-10] INFO  com.capstone.aspect.LoggerAspect - During: class com.capstone.controller.loanController.getloanDetailsofCustbyLoan() with arguments=<200 OK OK,loan [loanaccno=202211051, category=Personal, loan_amount=500000.0, custid=202200005, interest_rate=7.0, tenure=4],[]>
2022-10-14 17:49:16 [http-nio-8084-exec-10] INFO  com.capstone.aspect.LoggerAspect - *************************************
2022-10-14 17:50:51 [AsyncResolver-bootstrap-executor-0] INFO  c.n.d.s.r.aws.ConfigClusterResolver - Resolving eureka endpoints via configuration
2022-10-14 17:52:43 [http-nio-8084-exec-4] INFO  com.capstone.aspect.LoggerAspect - Method name: com.capstone.controller.loanController
2022-10-14 17:52:43 [http-nio-8084-exec-4] INFO  com.capstone.aspect.LoggerAspect - Method arguments:[Ljava.lang.Object;@3a9034b6
2022-10-14 17:52:43 [http-nio-8084-exec-4] INFO  com.capstone.aspect.LoggerAspect - *************************************
2022-10-14 17:52:43 [http-nio-8084-exec-4] INFO  com.capstone.aspect.LoggerAspect - Method name: com.capstone.service.loanServiceImp
2022-10-14 17:52:43 [http-nio-8084-exec-4] INFO  com.capstone.aspect.LoggerAspect - Method arguments:[Ljava.lang.Object;@73e5a92d
2022-10-14 17:52:43 [http-nio-8084-exec-4] INFO  com.capstone.aspect.LoggerAspect - *************************************
2022-10-14 17:52:43 [http-nio-8084-exec-4] INFO  com.capstone.aspect.LoggerAspect - During: class com.capstone.service.loanServiceImp.getLoanAccByCust() with arguments=[loan [loanaccno=202211051, category=Personal, loan_amount=500000.0, custid=202200005, interest_rate=7.0, tenure=4]]
2022-10-14 17:52:43 [http-nio-8084-exec-4] INFO  com.capstone.aspect.LoggerAspect - *************************************
2022-10-14 17:52:43 [http-nio-8084-exec-4] INFO  com.capstone.aspect.LoggerAspect - During: class com.capstone.controller.loanController.getloanDetailsbyCust() with arguments=<200 OK OK,[loan [loanaccno=202211051, category=Personal, loan_amount=500000.0, custid=202200005, interest_rate=7.0, tenure=4]],[]>
2022-10-14 17:52:43 [http-nio-8084-exec-4] INFO  com.capstone.aspect.LoggerAspect - *************************************
2022-10-14 17:52:51 [http-nio-8084-exec-9] INFO  com.capstone.aspect.LoggerAspect - Method name: com.capstone.controller.loanController
2022-10-14 17:52:51 [http-nio-8084-exec-9] INFO  com.capstone.aspect.LoggerAspect - Method arguments:[Ljava.lang.Object;@5cf2421e
2022-10-14 17:52:51 [http-nio-8084-exec-9] INFO  com.capstone.aspect.LoggerAspect - *************************************
2022-10-14 17:52:51 [http-nio-8084-exec-9] INFO  com.capstone.aspect.LoggerAspect - Method name: com.capstone.service.loanServiceImp
2022-10-14 17:52:51 [http-nio-8084-exec-9] INFO  com.capstone.aspect.LoggerAspect - Method arguments:[Ljava.lang.Object;@1738de2c
2022-10-14 17:52:51 [http-nio-8084-exec-9] INFO  com.capstone.aspect.LoggerAspect - *************************************
2022-10-14 17:52:51 [http-nio-8084-exec-9] INFO  com.capstone.aspect.LoggerAspect - During: class com.capstone.service.loanServiceImp.getLoanAccByCust() with arguments=[loan [loanaccno=202211051, category=Personal, loan_amount=500000.0, custid=202200005, interest_rate=7.0, tenure=4]]
2022-10-14 17:52:51 [http-nio-8084-exec-9] INFO  com.capstone.aspect.LoggerAspect - *************************************
2022-10-14 17:52:51 [http-nio-8084-exec-9] INFO  com.capstone.aspect.LoggerAspect - During: class com.capstone.controller.loanController.getloanDetailsbyCust() with arguments=<200 OK OK,[loan [loanaccno=202211051, category=Personal, loan_amount=500000.0, custid=202200005, interest_rate=7.0, tenure=4]],[]>
2022-10-14 17:52:51 [http-nio-8084-exec-9] INFO  com.capstone.aspect.LoggerAspect - *************************************
2022-10-14 18:08:15 [HikariPool-5 housekeeper] WARN  com.zaxxer.hikari.pool.HikariPool - HikariPool-5 - Thread starvation or clock leap detected (housekeeper delta=14m24s494ms903µs600ns).
2022-10-14 18:09:22 [http-nio-8084-exec-7] INFO  com.capstone.aspect.LoggerAspect - Method name: com.capstone.controller.loanController
2022-10-14 18:09:22 [http-nio-8084-exec-7] INFO  com.capstone.aspect.LoggerAspect - Method arguments:[Ljava.lang.Object;@12218152
2022-10-14 18:09:22 [http-nio-8084-exec-7] INFO  com.capstone.aspect.LoggerAspect - *************************************
2022-10-14 18:09:22 [http-nio-8084-exec-7] INFO  com.capstone.aspect.LoggerAspect - Method name: com.capstone.service.loanServiceImp
2022-10-14 18:09:22 [http-nio-8084-exec-7] INFO  com.capstone.aspect.LoggerAspect - Method arguments:[Ljava.lang.Object;@25c4877d
2022-10-14 18:09:22 [http-nio-8084-exec-7] INFO  com.capstone.aspect.LoggerAspect - *************************************
2022-10-14 18:09:23 [http-nio-8084-exec-7] INFO  com.capstone.aspect.LoggerAspect - During: class com.capstone.service.loanServiceImp.getLoanAccByCust() with arguments=[loan [loanaccno=202211051, category=Personal, loan_amount=500000.0, custid=202200005, interest_rate=7.0, tenure=4]]
2022-10-14 18:09:23 [http-nio-8084-exec-7] INFO  com.capstone.aspect.LoggerAspect - *************************************
2022-10-14 18:09:23 [http-nio-8084-exec-7] INFO  com.capstone.aspect.LoggerAspect - During: class com.capstone.controller.loanController.getloanDetailsbyCust() with arguments=<200 OK OK,[loan [loanaccno=202211051, category=Personal, loan_amount=500000.0, custid=202200005, interest_rate=7.0, tenure=4]],[]>
2022-10-14 18:09:23 [http-nio-8084-exec-7] INFO  com.capstone.aspect.LoggerAspect - *************************************
2022-10-14 18:09:24 [http-nio-8084-exec-10] INFO  com.capstone.aspect.LoggerAspect - Method name: com.capstone.controller.loanController
2022-10-14 18:09:24 [http-nio-8084-exec-10] INFO  com.capstone.aspect.LoggerAspect - Method arguments:[Ljava.lang.Object;@31e1332b
2022-10-14 18:09:24 [http-nio-8084-exec-10] INFO  com.capstone.aspect.LoggerAspect - *************************************
2022-10-14 18:09:24 [http-nio-8084-exec-10] INFO  com.capstone.aspect.LoggerAspect - Method name: com.capstone.service.loanServiceImp
2022-10-14 18:09:24 [http-nio-8084-exec-10] INFO  com.capstone.aspect.LoggerAspect - Method arguments:[Ljava.lang.Object;@2aaadb1e
2022-10-14 18:09:24 [http-nio-8084-exec-10] INFO  com.capstone.aspect.LoggerAspect - *************************************
2022-10-14 18:09:24 [http-nio-8084-exec-10] INFO  com.capstone.aspect.LoggerAspect - During: class com.capstone.service.loanServiceImp.getloanDetailsofCustbyLoan() with arguments=loan [loanaccno=202211051, category=Personal, loan_amount=500000.0, custid=202200005, interest_rate=7.0, tenure=4]
2022-10-14 18:09:24 [http-nio-8084-exec-10] INFO  com.capstone.aspect.LoggerAspect - *************************************
2022-10-14 18:09:24 [http-nio-8084-exec-10] INFO  com.capstone.aspect.LoggerAspect - During: class com.capstone.controller.loanController.getloanDetailsofCustbyLoan() with arguments=<200 OK OK,loan [loanaccno=202211051, category=Personal, loan_amount=500000.0, custid=202200005, interest_rate=7.0, tenure=4],[]>
2022-10-14 18:09:24 [http-nio-8084-exec-10] INFO  com.capstone.aspect.LoggerAspect - *************************************
2022-10-14 18:09:43 [http-nio-8084-exec-5] INFO  com.capstone.aspect.LoggerAspect - Method name: com.capstone.controller.loanController
2022-10-14 18:09:43 [http-nio-8084-exec-5] INFO  com.capstone.aspect.LoggerAspect - Method arguments:[Ljava.lang.Object;@d015064
2022-10-14 18:09:43 [http-nio-8084-exec-5] INFO  com.capstone.aspect.LoggerAspect - *************************************
2022-10-14 18:09:43 [http-nio-8084-exec-5] INFO  com.capstone.aspect.LoggerAspect - Method name: com.capstone.service.loanServiceImp
2022-10-14 18:09:43 [http-nio-8084-exec-5] INFO  com.capstone.aspect.LoggerAspect - Method arguments:[Ljava.lang.Object;@62122e1d
2022-10-14 18:09:43 [http-nio-8084-exec-5] INFO  com.capstone.aspect.LoggerAspect - *************************************
2022-10-14 18:09:43 [http-nio-8084-exec-5] INFO  com.capstone.aspect.LoggerAspect - During: class com.capstone.service.loanServiceImp.getLoanAccByCust() with arguments=[loan [loanaccno=202211051, category=Personal, loan_amount=500000.0, custid=202200005, interest_rate=7.0, tenure=4]]
2022-10-14 18:09:43 [http-nio-8084-exec-5] INFO  com.capstone.aspect.LoggerAspect - *************************************
2022-10-14 18:09:43 [http-nio-8084-exec-5] INFO  com.capstone.aspect.LoggerAspect - During: class com.capstone.controller.loanController.getloanDetailsbyCust() with arguments=<200 OK OK,[loan [loanaccno=202211051, category=Personal, loan_amount=500000.0, custid=202200005, interest_rate=7.0, tenure=4]],[]>
2022-10-14 18:09:43 [http-nio-8084-exec-5] INFO  com.capstone.aspect.LoggerAspect - *************************************
2022-10-14 18:09:44 [http-nio-8084-exec-3] INFO  com.capstone.aspect.LoggerAspect - Method name: com.capstone.controller.loanController
2022-10-14 18:09:44 [http-nio-8084-exec-3] INFO  com.capstone.aspect.LoggerAspect - Method arguments:[Ljava.lang.Object;@1ac4549b
2022-10-14 18:09:44 [http-nio-8084-exec-3] INFO  com.capstone.aspect.LoggerAspect - *************************************
2022-10-14 18:09:44 [http-nio-8084-exec-3] INFO  com.capstone.aspect.LoggerAspect - Method name: com.capstone.service.loanServiceImp
2022-10-14 18:09:44 [http-nio-8084-exec-3] INFO  com.capstone.aspect.LoggerAspect - Method arguments:[Ljava.lang.Object;@2d9e9aed
2022-10-14 18:09:44 [http-nio-8084-exec-3] INFO  com.capstone.aspect.LoggerAspect - *************************************
2022-10-14 18:09:44 [http-nio-8084-exec-3] INFO  com.capstone.aspect.LoggerAspect - During: class com.capstone.service.loanServiceImp.getloanDetailsofCustbyLoan() with arguments=loan [loanaccno=202211051, category=Personal, loan_amount=500000.0, custid=202200005, interest_rate=7.0, tenure=4]
2022-10-14 18:09:44 [http-nio-8084-exec-3] INFO  com.capstone.aspect.LoggerAspect - *************************************
2022-10-14 18:09:44 [http-nio-8084-exec-3] INFO  com.capstone.aspect.LoggerAspect - During: class com.capstone.controller.loanController.getloanDetailsofCustbyLoan() with arguments=<200 OK OK,loan [loanaccno=202211051, category=Personal, loan_amount=500000.0, custid=202200005, interest_rate=7.0, tenure=4],[]>
2022-10-14 18:09:44 [http-nio-8084-exec-3] INFO  com.capstone.aspect.LoggerAspect - *************************************
2022-10-14 18:09:46 [AsyncResolver-bootstrap-executor-0] INFO  c.n.d.s.r.aws.ConfigClusterResolver - Resolving eureka endpoints via configuration
2022-10-14 18:10:07 [http-nio-8084-exec-1] INFO  com.capstone.aspect.LoggerAspect - Method name: com.capstone.controller.loanController
2022-10-14 18:10:07 [http-nio-8084-exec-1] INFO  com.capstone.aspect.LoggerAspect - Method arguments:[Ljava.lang.Object;@3f124b49
2022-10-14 18:10:07 [http-nio-8084-exec-1] INFO  com.capstone.aspect.LoggerAspect - *************************************
2022-10-14 18:10:07 [http-nio-8084-exec-1] INFO  com.capstone.aspect.LoggerAspect - Method name: com.capstone.service.loanServiceImp
2022-10-14 18:10:07 [http-nio-8084-exec-1] INFO  com.capstone.aspect.LoggerAspect - Method arguments:[Ljava.lang.Object;@4f36d2cb
2022-10-14 18:10:07 [http-nio-8084-exec-1] INFO  com.capstone.aspect.LoggerAspect - *************************************
2022-10-14 18:10:07 [http-nio-8084-exec-1] INFO  com.capstone.aspect.LoggerAspect - During: class com.capstone.service.loanServiceImp.getloanDetailsofCustbyLoan() with arguments=loan [loanaccno=202211051, category=Personal, loan_amount=500000.0, custid=202200005, interest_rate=7.0, tenure=4]
2022-10-14 18:10:07 [http-nio-8084-exec-1] INFO  com.capstone.aspect.LoggerAspect - *************************************
2022-10-14 18:10:07 [http-nio-8084-exec-1] INFO  com.capstone.aspect.LoggerAspect - During: class com.capstone.controller.loanController.getloanDetailsofCustbyLoan() with arguments=<200 OK OK,loan [loanaccno=202211051, category=Personal, loan_amount=500000.0, custid=202200005, interest_rate=7.0, tenure=4],[]>
2022-10-14 18:10:07 [http-nio-8084-exec-1] INFO  com.capstone.aspect.LoggerAspect - *************************************
2022-10-14 18:10:29 [http-nio-8084-exec-6] INFO  com.capstone.aspect.LoggerAspect - Method name: com.capstone.controller.loanController
2022-10-14 18:10:29 [http-nio-8084-exec-6] INFO  com.capstone.aspect.LoggerAspect - Method arguments:[Ljava.lang.Object;@577aa060
2022-10-14 18:10:29 [http-nio-8084-exec-6] INFO  com.capstone.aspect.LoggerAspect - *************************************
2022-10-14 18:10:29 [http-nio-8084-exec-6] INFO  com.capstone.aspect.LoggerAspect - Method name: com.capstone.service.loanServiceImp
2022-10-14 18:10:29 [http-nio-8084-exec-6] INFO  com.capstone.aspect.LoggerAspect - Method arguments:[Ljava.lang.Object;@4c4394ef
2022-10-14 18:10:29 [http-nio-8084-exec-6] INFO  com.capstone.aspect.LoggerAspect - *************************************
2022-10-14 18:10:29 [http-nio-8084-exec-6] INFO  com.capstone.aspect.LoggerAspect - During: class com.capstone.service.loanServiceImp.getLoanAccByCust() with arguments=[loan [loanaccno=202211051, category=Personal, loan_amount=500000.0, custid=202200005, interest_rate=7.0, tenure=4]]
2022-10-14 18:10:29 [http-nio-8084-exec-6] INFO  com.capstone.aspect.LoggerAspect - *************************************
2022-10-14 18:10:29 [http-nio-8084-exec-6] INFO  com.capstone.aspect.LoggerAspect - During: class com.capstone.controller.loanController.getloanDetailsbyCust() with arguments=<200 OK OK,[loan [loanaccno=202211051, category=Personal, loan_amount=500000.0, custid=202200005, interest_rate=7.0, tenure=4]],[]>
2022-10-14 18:10:29 [http-nio-8084-exec-6] INFO  com.capstone.aspect.LoggerAspect - *************************************
2022-10-14 18:10:32 [http-nio-8084-exec-2] INFO  com.capstone.aspect.LoggerAspect - Method name: com.capstone.controller.loanController
2022-10-14 18:10:32 [http-nio-8084-exec-2] INFO  com.capstone.aspect.LoggerAspect - Method arguments:[Ljava.lang.Object;@14264b1a
2022-10-14 18:10:32 [http-nio-8084-exec-2] INFO  com.capstone.aspect.LoggerAspect - *************************************
2022-10-14 18:10:32 [http-nio-8084-exec-2] INFO  com.capstone.aspect.LoggerAspect - Method name: com.capstone.service.loanServiceImp
2022-10-14 18:10:32 [http-nio-8084-exec-2] INFO  com.capstone.aspect.LoggerAspect - Method arguments:[Ljava.lang.Object;@79b1ebd8
2022-10-14 18:10:32 [http-nio-8084-exec-2] INFO  com.capstone.aspect.LoggerAspect - *************************************
2022-10-14 18:10:32 [http-nio-8084-exec-2] INFO  com.capstone.aspect.LoggerAspect - During: class com.capstone.service.loanServiceImp.getloanDetailsofCustbyLoan() with arguments=loan [loanaccno=202211051, category=Personal, loan_amount=500000.0, custid=202200005, interest_rate=7.0, tenure=4]
2022-10-14 18:10:32 [http-nio-8084-exec-2] INFO  com.capstone.aspect.LoggerAspect - *************************************
2022-10-14 18:10:32 [http-nio-8084-exec-2] INFO  com.capstone.aspect.LoggerAspect - During: class com.capstone.controller.loanController.getloanDetailsofCustbyLoan() with arguments=<200 OK OK,loan [loanaccno=202211051, category=Personal, loan_amount=500000.0, custid=202200005, interest_rate=7.0, tenure=4],[]>
2022-10-14 18:10:32 [http-nio-8084-exec-2] INFO  com.capstone.aspect.LoggerAspect - *************************************
2022-10-14 18:12:07 [http-nio-8084-exec-4] INFO  com.capstone.aspect.LoggerAspect - Method name: com.capstone.controller.loanController
2022-10-14 18:12:07 [http-nio-8084-exec-4] INFO  com.capstone.aspect.LoggerAspect - Method arguments:[Ljava.lang.Object;@399dc8ee
2022-10-14 18:12:07 [http-nio-8084-exec-4] INFO  com.capstone.aspect.LoggerAspect - *************************************
2022-10-14 18:12:07 [http-nio-8084-exec-4] INFO  com.capstone.aspect.LoggerAspect - Method name: com.capstone.service.loanServiceImp
2022-10-14 18:12:07 [http-nio-8084-exec-4] INFO  com.capstone.aspect.LoggerAspect - Method arguments:[Ljava.lang.Object;@5bbc4919
2022-10-14 18:12:07 [http-nio-8084-exec-4] INFO  com.capstone.aspect.LoggerAspect - *************************************
2022-10-14 18:12:07 [http-nio-8084-exec-4] INFO  com.capstone.aspect.LoggerAspect - During: class com.capstone.service.loanServiceImp.getloanDetailsofCustbyLoan() with arguments=loan [loanaccno=202211051, category=Personal, loan_amount=500000.0, custid=202200005, interest_rate=7.0, tenure=4]
2022-10-14 18:12:07 [http-nio-8084-exec-4] INFO  com.capstone.aspect.LoggerAspect - *************************************
2022-10-14 18:12:07 [http-nio-8084-exec-4] INFO  com.capstone.aspect.LoggerAspect - During: class com.capstone.controller.loanController.getloanDetailsofCustbyLoan() with arguments=<200 OK OK,loan [loanaccno=202211051, category=Personal, loan_amount=500000.0, custid=202200005, interest_rate=7.0, tenure=4],[]>
2022-10-14 18:12:07 [http-nio-8084-exec-4] INFO  com.capstone.aspect.LoggerAspect - *************************************
2022-10-14 18:14:46 [AsyncResolver-bootstrap-executor-0] INFO  c.n.d.s.r.aws.ConfigClusterResolver - Resolving eureka endpoints via configuration
2022-10-14 18:17:41 [http-nio-8084-exec-9] INFO  com.capstone.aspect.LoggerAspect - Method name: com.capstone.controller.loanController
2022-10-14 18:17:41 [http-nio-8084-exec-9] INFO  com.capstone.aspect.LoggerAspect - Method arguments:[Ljava.lang.Object;@1208ef92
2022-10-14 18:17:41 [http-nio-8084-exec-9] INFO  com.capstone.aspect.LoggerAspect - *************************************
2022-10-14 18:17:41 [http-nio-8084-exec-9] INFO  com.capstone.aspect.LoggerAspect - Method name: com.capstone.service.loanServiceImp
2022-10-14 18:17:41 [http-nio-8084-exec-9] INFO  com.capstone.aspect.LoggerAspect - Method arguments:[Ljava.lang.Object;@a3458c2
2022-10-14 18:17:41 [http-nio-8084-exec-9] INFO  com.capstone.aspect.LoggerAspect - *************************************
2022-10-14 18:17:41 [http-nio-8084-exec-9] INFO  com.capstone.aspect.LoggerAspect - During: class com.capstone.service.loanServiceImp.getloanDetailsofCustbyLoan() with arguments=loan [loanaccno=202211051, category=Personal, loan_amount=500000.0, custid=202200005, interest_rate=7.0, tenure=4]
2022-10-14 18:17:41 [http-nio-8084-exec-9] INFO  com.capstone.aspect.LoggerAspect - *************************************
2022-10-14 18:17:41 [http-nio-8084-exec-9] INFO  com.capstone.aspect.LoggerAspect - During: class com.capstone.controller.loanController.getloanDetailsofCustbyLoan() with arguments=<200 OK OK,loan [loanaccno=202211051, category=Personal, loan_amount=500000.0, custid=202200005, interest_rate=7.0, tenure=4],[]>
2022-10-14 18:17:41 [http-nio-8084-exec-9] INFO  com.capstone.aspect.LoggerAspect - *************************************
