2022-10-12 21:17:02 [restartedMain] INFO  com.capstone.EmiApiApplication - Starting EmiApiApplication using Java 17.0.2 on MOHAN with PID 23344 (C:\Users\mohan\Downloads\Natwest Capstone\frontend\spring-master\emi-api\target\classes started by mohan in C:\Users\mohan\Downloads\Natwest Capstone\frontend\spring-master\emi-api)
2022-10-12 21:17:02 [restartedMain] INFO  com.capstone.EmiApiApplication - No active profile set, falling back to 1 default profile: "default"
2022-10-12 21:17:02 [restartedMain] INFO  o.s.b.d.e.DevToolsPropertyDefaultsPostProcessor - Devtools property defaults active! Set 'spring.devtools.add-properties' to 'false' to disable
2022-10-12 21:17:02 [restartedMain] INFO  o.s.b.d.e.DevToolsPropertyDefaultsPostProcessor - For additional web related logging consider setting the 'logging.level.web' property to 'DEBUG'
2022-10-12 21:17:03 [restartedMain] INFO  o.s.d.r.c.RepositoryConfigurationDelegate - Bootstrapping Spring Data JPA repositories in DEFAULT mode.
2022-10-12 21:17:03 [restartedMain] INFO  o.s.d.r.c.RepositoryConfigurationDelegate - Finished Spring Data repository scanning in 152 ms. Found 1 JPA repository interfaces.
2022-10-12 21:17:04 [restartedMain] INFO  o.s.cloud.context.scope.GenericScope - BeanFactory id=5babc4e2-f0b0-3323-8f75-7d5bd9cf4d2d
2022-10-12 21:17:04 [restartedMain] INFO  o.s.b.w.e.tomcat.TomcatWebServer - Tomcat initialized with port(s): 8081 (http)
2022-10-12 21:17:04 [restartedMain] INFO  o.a.coyote.http11.Http11NioProtocol - Initializing ProtocolHandler ["http-nio-8081"]
2022-10-12 21:17:04 [restartedMain] INFO  o.a.catalina.core.StandardService - Starting service [Tomcat]
2022-10-12 21:17:04 [restartedMain] INFO  o.a.catalina.core.StandardEngine - Starting Servlet engine: [Apache Tomcat/9.0.65]
2022-10-12 21:17:05 [restartedMain] INFO  o.a.c.c.C.[Tomcat].[localhost].[/] - Initializing Spring embedded WebApplicationContext
2022-10-12 21:17:05 [restartedMain] INFO  o.s.b.w.s.c.ServletWebServerApplicationContext - Root WebApplicationContext: initialization completed in 2140 ms
2022-10-12 21:17:05 [restartedMain] INFO  o.a.catalina.core.StandardContext - Suspicious URL pattern: [/api/**] in context [], see sections 12.1 and 12.2 of the Servlet specification
2022-10-12 21:17:05 [restartedMain] INFO  o.h.jpa.internal.util.LogHelper - HHH000204: Processing PersistenceUnitInfo [name: default]
2022-10-12 21:17:05 [restartedMain] INFO  org.hibernate.Version - HHH000412: Hibernate ORM core version 5.6.11.Final
2022-10-12 21:17:05 [restartedMain] INFO  o.h.annotations.common.Version - HCANN000001: Hibernate Commons Annotations {5.1.2.Final}
2022-10-12 21:17:05 [restartedMain] INFO  com.zaxxer.hikari.HikariDataSource - HikariPool-1 - Starting...
2022-10-12 21:17:06 [restartedMain] INFO  com.zaxxer.hikari.HikariDataSource - HikariPool-1 - Start completed.
2022-10-12 21:17:06 [restartedMain] INFO  org.hibernate.dialect.Dialect - HHH000400: Using dialect: org.hibernate.dialect.MySQL8Dialect
2022-10-12 21:17:06 [restartedMain] INFO  o.h.e.t.j.p.i.JtaPlatformInitiator - HHH000490: Using JtaPlatform implementation: [org.hibernate.engine.transaction.jta.platform.internal.NoJtaPlatform]
2022-10-12 21:17:06 [restartedMain] INFO  o.s.o.j.LocalContainerEntityManagerFactoryBean - Initialized JPA EntityManagerFactory for persistence unit 'default'
2022-10-12 21:17:07 [restartedMain] WARN  o.s.b.a.o.j.JpaBaseConfiguration$JpaWebConfiguration - spring.jpa.open-in-view is enabled by default. Therefore, database queries may be performed during view rendering. Explicitly configure spring.jpa.open-in-view to disable this warning
2022-10-12 21:17:07 [restartedMain] WARN  o.s.b.d.a.OptionalLiveReloadServer - Unable to start LiveReload server
2022-10-12 21:17:07 [restartedMain] INFO  o.s.c.n.e.c.DiscoveryClientOptionalArgsConfiguration - Eureka HTTP Client uses RestTemplate.
2022-10-12 21:17:08 [restartedMain] WARN  o.s.c.l.c.LoadBalancerCacheAutoConfiguration$LoadBalancerCaffeineWarnLogger - Spring Cloud LoadBalancer is currently working with the default cache. While this cache implementation is useful for development and tests, it's recommended to use Caffeine cache in production.You can switch to using Caffeine cache, by adding it and org.springframework.cache.caffeine.CaffeineCacheManager to the classpath.
2022-10-12 21:17:08 [restartedMain] INFO  o.s.c.n.eureka.InstanceInfoFactory - Setting initial instance status as: STARTING
2022-10-12 21:17:08 [restartedMain] INFO  c.netflix.discovery.DiscoveryClient - Initializing Eureka in region us-east-1
2022-10-12 21:17:08 [restartedMain] INFO  c.n.d.s.r.aws.ConfigClusterResolver - Resolving eureka endpoints via configuration
2022-10-12 21:17:08 [restartedMain] INFO  c.netflix.discovery.DiscoveryClient - Disable delta property : false
2022-10-12 21:17:08 [restartedMain] INFO  c.netflix.discovery.DiscoveryClient - Single vip registry refresh property : null
2022-10-12 21:17:08 [restartedMain] INFO  c.netflix.discovery.DiscoveryClient - Force full registry fetch : false
2022-10-12 21:17:08 [restartedMain] INFO  c.netflix.discovery.DiscoveryClient - Application is null : false
2022-10-12 21:17:08 [restartedMain] INFO  c.netflix.discovery.DiscoveryClient - Registered Applications size is zero : true
2022-10-12 21:17:08 [restartedMain] INFO  c.netflix.discovery.DiscoveryClient - Application version is -1: true
2022-10-12 21:17:08 [restartedMain] INFO  c.netflix.discovery.DiscoveryClient - Getting all instance registry info from the eureka server
2022-10-12 21:17:08 [restartedMain] INFO  c.netflix.discovery.DiscoveryClient - The response status is 200
2022-10-12 21:17:08 [restartedMain] INFO  c.netflix.discovery.DiscoveryClient - Starting heartbeat executor: renew interval is: 30
2022-10-12 21:17:08 [restartedMain] INFO  c.n.discovery.InstanceInfoReplicator - InstanceInfoReplicator onDemand update allowed rate per min is 4
2022-10-12 21:17:08 [restartedMain] INFO  c.netflix.discovery.DiscoveryClient - Discovery Client initialized at timestamp 1665589628722 with initial instances count: 2
2022-10-12 21:17:08 [restartedMain] INFO  o.s.c.n.e.s.EurekaServiceRegistry - Registering application EMI-API with eureka with status UP
2022-10-12 21:17:08 [restartedMain] INFO  c.netflix.discovery.DiscoveryClient - Saw local status change event StatusChangeEvent [timestamp=1665589628727, current=UP, previous=STARTING]
2022-10-12 21:17:08 [DiscoveryClient-InstanceInfoReplicator-0] INFO  c.netflix.discovery.DiscoveryClient - DiscoveryClient_EMI-API/192.168.0.7:emi-api:8081: registering service...
2022-10-12 21:17:08 [restartedMain] INFO  o.a.coyote.http11.Http11NioProtocol - Starting ProtocolHandler ["http-nio-8081"]
2022-10-12 21:17:08 [restartedMain] INFO  o.s.b.w.e.tomcat.TomcatWebServer - Tomcat started on port(s): 8081 (http) with context path ''
2022-10-12 21:17:08 [restartedMain] INFO  o.s.c.n.e.s.EurekaAutoServiceRegistration - Updating port to 8081
2022-10-12 21:17:08 [DiscoveryClient-InstanceInfoReplicator-0] INFO  c.netflix.discovery.DiscoveryClient - DiscoveryClient_EMI-API/192.168.0.7:emi-api:8081 - registration status: 204
2022-10-12 21:17:08 [restartedMain] INFO  com.capstone.EmiApiApplication - Started EmiApiApplication in 6.724 seconds (JVM running for 7.603)
2022-10-12 21:19:26 [http-nio-8081-exec-1] INFO  o.a.c.c.C.[Tomcat].[localhost].[/] - Initializing Spring DispatcherServlet 'dispatcherServlet'
2022-10-12 21:19:26 [http-nio-8081-exec-1] INFO  o.s.web.servlet.DispatcherServlet - Initializing Servlet 'dispatcherServlet'
2022-10-12 21:19:26 [http-nio-8081-exec-1] INFO  o.s.web.servlet.DispatcherServlet - Completed initialization in 67 ms
2022-10-12 21:19:27 [http-nio-8081-exec-1] INFO  com.capstone.aspect.LoggerAspect - Method name: com.capstone.controller.emiController
2022-10-12 21:19:27 [http-nio-8081-exec-1] INFO  com.capstone.aspect.LoggerAspect - Method arguments:[Ljava.lang.Object;@41cfdc4c
2022-10-12 21:19:27 [http-nio-8081-exec-1] INFO  com.capstone.aspect.LoggerAspect - *************************************
2022-10-12 21:19:27 [http-nio-8081-exec-1] INFO  com.capstone.aspect.LoggerAspect - Method name: com.capstone.service.emiServiceImp
2022-10-12 21:19:27 [http-nio-8081-exec-1] INFO  com.capstone.aspect.LoggerAspect - Method arguments:[Ljava.lang.Object;@5a5b3d40
2022-10-12 21:19:27 [http-nio-8081-exec-1] INFO  com.capstone.aspect.LoggerAspect - *************************************
2022-10-12 21:19:28 [http-nio-8081-exec-1] INFO  com.capstone.aspect.LoggerAspect - During: class com.capstone.service.emiServiceImp.getEmiData() with arguments=emi [s_no=2, loanaccno=202211012, loan_status=active, emi_amount=4762.0, upcomming_payment_date=2022-11-07, remaining_amount=110000.0]
2022-10-12 21:19:28 [http-nio-8081-exec-1] INFO  com.capstone.aspect.LoggerAspect - *************************************
2022-10-12 21:19:28 [http-nio-8081-exec-1] INFO  com.capstone.aspect.LoggerAspect - Method name: com.capstone.service.emiServiceImp
2022-10-12 21:19:28 [http-nio-8081-exec-1] INFO  com.capstone.aspect.LoggerAspect - Method arguments:[Ljava.lang.Object;@388955d3
2022-10-12 21:19:28 [http-nio-8081-exec-1] INFO  com.capstone.aspect.LoggerAspect - *************************************
2022-10-12 21:19:28 [http-nio-8081-exec-1] INFO  com.capstone.aspect.LoggerAspect - During: class com.capstone.service.emiServiceImp.getEmiData() with arguments=emi [s_no=2, loanaccno=202211012, loan_status=active, emi_amount=4762.0, upcomming_payment_date=2022-11-07, remaining_amount=110000.0]
2022-10-12 21:19:28 [http-nio-8081-exec-1] INFO  com.capstone.aspect.LoggerAspect - *************************************
2022-10-12 21:19:28 [http-nio-8081-exec-1] INFO  com.capstone.aspect.LoggerAspect - During: class com.capstone.controller.emiController.getemiofAccount() with arguments=<200 OK OK,emi [s_no=2, loanaccno=202211012, loan_status=active, emi_amount=4762.0, upcomming_payment_date=2022-11-07, remaining_amount=110000.0],[]>
2022-10-12 21:19:28 [http-nio-8081-exec-1] INFO  com.capstone.aspect.LoggerAspect - *************************************
2022-10-12 21:19:33 [http-nio-8081-exec-3] INFO  com.capstone.aspect.LoggerAspect - Method name: com.capstone.controller.emiController
2022-10-12 21:19:33 [http-nio-8081-exec-3] INFO  com.capstone.aspect.LoggerAspect - Method arguments:[Ljava.lang.Object;@4b8d50eb
2022-10-12 21:19:33 [http-nio-8081-exec-3] INFO  com.capstone.aspect.LoggerAspect - *************************************
2022-10-12 21:19:33 [http-nio-8081-exec-3] INFO  com.capstone.aspect.LoggerAspect - Method name: com.capstone.service.emiServiceImp
2022-10-12 21:19:33 [http-nio-8081-exec-3] INFO  com.capstone.aspect.LoggerAspect - Method arguments:[Ljava.lang.Object;@454aa7ea
2022-10-12 21:19:33 [http-nio-8081-exec-3] INFO  com.capstone.aspect.LoggerAspect - *************************************
2022-10-12 21:19:33 [http-nio-8081-exec-3] INFO  com.capstone.aspect.LoggerAspect - During: class com.capstone.service.emiServiceImp.getEmiData() with arguments=emi [s_no=2, loanaccno=202211012, loan_status=active, emi_amount=4762.0, upcomming_payment_date=2022-11-07, remaining_amount=110000.0]
2022-10-12 21:19:33 [http-nio-8081-exec-3] INFO  com.capstone.aspect.LoggerAspect - *************************************
2022-10-12 21:19:33 [http-nio-8081-exec-3] INFO  com.capstone.aspect.LoggerAspect - Method name: com.capstone.service.emiServiceImp
2022-10-12 21:19:33 [http-nio-8081-exec-3] INFO  com.capstone.aspect.LoggerAspect - Method arguments:[Ljava.lang.Object;@60164a7f
2022-10-12 21:19:33 [http-nio-8081-exec-3] INFO  com.capstone.aspect.LoggerAspect - *************************************
2022-10-12 21:19:33 [http-nio-8081-exec-3] INFO  com.capstone.aspect.LoggerAspect - During: class com.capstone.service.emiServiceImp.getEmiData() with arguments=emi [s_no=2, loanaccno=202211012, loan_status=active, emi_amount=4762.0, upcomming_payment_date=2022-11-07, remaining_amount=110000.0]
2022-10-12 21:19:33 [http-nio-8081-exec-3] INFO  com.capstone.aspect.LoggerAspect - *************************************
2022-10-12 21:19:33 [http-nio-8081-exec-3] INFO  com.capstone.aspect.LoggerAspect - During: class com.capstone.controller.emiController.getemiofAccount() with arguments=<200 OK OK,emi [s_no=2, loanaccno=202211012, loan_status=active, emi_amount=4762.0, upcomming_payment_date=2022-11-07, remaining_amount=110000.0],[]>
2022-10-12 21:19:33 [http-nio-8081-exec-3] INFO  com.capstone.aspect.LoggerAspect - *************************************
2022-10-12 21:19:41 [http-nio-8081-exec-5] INFO  com.capstone.aspect.LoggerAspect - Method name: com.capstone.controller.emiController
2022-10-12 21:19:41 [http-nio-8081-exec-5] INFO  com.capstone.aspect.LoggerAspect - Method arguments:[Ljava.lang.Object;@21fce1f5
2022-10-12 21:19:41 [http-nio-8081-exec-5] INFO  com.capstone.aspect.LoggerAspect - *************************************
2022-10-12 21:19:41 [http-nio-8081-exec-5] INFO  com.capstone.aspect.LoggerAspect - Method name: com.capstone.service.emiServiceImp
2022-10-12 21:19:41 [http-nio-8081-exec-5] INFO  com.capstone.aspect.LoggerAspect - Method arguments:[Ljava.lang.Object;@2f3b1bba
2022-10-12 21:19:41 [http-nio-8081-exec-5] INFO  com.capstone.aspect.LoggerAspect - *************************************
2022-10-12 21:19:41 [http-nio-8081-exec-5] INFO  com.capstone.aspect.LoggerAspect - During: class com.capstone.service.emiServiceImp.getEmiData() with arguments=emi [s_no=2, loanaccno=202211012, loan_status=active, emi_amount=4762.0, upcomming_payment_date=2022-11-07, remaining_amount=110000.0]
2022-10-12 21:19:41 [http-nio-8081-exec-5] INFO  com.capstone.aspect.LoggerAspect - *************************************
2022-10-12 21:19:41 [http-nio-8081-exec-5] INFO  com.capstone.aspect.LoggerAspect - Method name: com.capstone.service.emiServiceImp
2022-10-12 21:19:41 [http-nio-8081-exec-5] INFO  com.capstone.aspect.LoggerAspect - Method arguments:[Ljava.lang.Object;@7005ba8f
2022-10-12 21:19:41 [http-nio-8081-exec-5] INFO  com.capstone.aspect.LoggerAspect - *************************************
2022-10-12 21:19:41 [http-nio-8081-exec-5] INFO  com.capstone.aspect.LoggerAspect - During: class com.capstone.service.emiServiceImp.getEmiData() with arguments=emi [s_no=2, loanaccno=202211012, loan_status=active, emi_amount=4762.0, upcomming_payment_date=2022-11-07, remaining_amount=110000.0]
2022-10-12 21:19:41 [http-nio-8081-exec-5] INFO  com.capstone.aspect.LoggerAspect - *************************************
2022-10-12 21:19:41 [http-nio-8081-exec-5] INFO  com.capstone.aspect.LoggerAspect - During: class com.capstone.controller.emiController.getemiofAccount() with arguments=<200 OK OK,emi [s_no=2, loanaccno=202211012, loan_status=active, emi_amount=4762.0, upcomming_payment_date=2022-11-07, remaining_amount=110000.0],[]>
2022-10-12 21:19:41 [http-nio-8081-exec-5] INFO  com.capstone.aspect.LoggerAspect - *************************************
2022-10-12 21:22:08 [AsyncResolver-bootstrap-executor-0] INFO  c.n.d.s.r.aws.ConfigClusterResolver - Resolving eureka endpoints via configuration
2022-10-12 21:27:08 [AsyncResolver-bootstrap-executor-0] INFO  c.n.d.s.r.aws.ConfigClusterResolver - Resolving eureka endpoints via configuration
2022-10-12 21:32:08 [AsyncResolver-bootstrap-executor-0] INFO  c.n.d.s.r.aws.ConfigClusterResolver - Resolving eureka endpoints via configuration
2022-10-12 21:37:08 [AsyncResolver-bootstrap-executor-0] INFO  c.n.d.s.r.aws.ConfigClusterResolver - Resolving eureka endpoints via configuration
2022-10-12 21:42:08 [AsyncResolver-bootstrap-executor-0] INFO  c.n.d.s.r.aws.ConfigClusterResolver - Resolving eureka endpoints via configuration
2022-10-12 21:47:08 [AsyncResolver-bootstrap-executor-0] INFO  c.n.d.s.r.aws.ConfigClusterResolver - Resolving eureka endpoints via configuration
2022-10-12 21:52:08 [AsyncResolver-bootstrap-executor-0] INFO  c.n.d.s.r.aws.ConfigClusterResolver - Resolving eureka endpoints via configuration
2022-10-12 21:52:10 [http-nio-8081-exec-7] INFO  com.capstone.aspect.LoggerAspect - Method name: com.capstone.controller.emiController
2022-10-12 21:52:10 [http-nio-8081-exec-7] INFO  com.capstone.aspect.LoggerAspect - Method arguments:[Ljava.lang.Object;@1839d49a
2022-10-12 21:52:10 [http-nio-8081-exec-7] INFO  com.capstone.aspect.LoggerAspect - *************************************
2022-10-12 21:52:10 [http-nio-8081-exec-7] INFO  com.capstone.aspect.LoggerAspect - Method name: com.capstone.service.emiServiceImp
2022-10-12 21:52:10 [http-nio-8081-exec-7] INFO  com.capstone.aspect.LoggerAspect - Method arguments:[Ljava.lang.Object;@16fe39ed
2022-10-12 21:52:10 [http-nio-8081-exec-7] INFO  com.capstone.aspect.LoggerAspect - *************************************
2022-10-12 21:52:10 [http-nio-8081-exec-7] INFO  com.capstone.aspect.LoggerAspect - During: class com.capstone.service.emiServiceImp.getEmiData() with arguments=emi [s_no=1, loanaccno=202211011, loan_status=active, emi_amount=15910.0, upcomming_payment_date=2022-11-07, remaining_amount=1500000.0]
2022-10-12 21:52:10 [http-nio-8081-exec-7] INFO  com.capstone.aspect.LoggerAspect - *************************************
2022-10-12 21:52:10 [http-nio-8081-exec-7] INFO  com.capstone.aspect.LoggerAspect - Method name: com.capstone.service.emiServiceImp
2022-10-12 21:52:10 [http-nio-8081-exec-7] INFO  com.capstone.aspect.LoggerAspect - Method arguments:[Ljava.lang.Object;@636a9e05
2022-10-12 21:52:10 [http-nio-8081-exec-7] INFO  com.capstone.aspect.LoggerAspect - *************************************
2022-10-12 21:52:10 [http-nio-8081-exec-7] INFO  com.capstone.aspect.LoggerAspect - During: class com.capstone.service.emiServiceImp.getEmiData() with arguments=emi [s_no=1, loanaccno=202211011, loan_status=active, emi_amount=15910.0, upcomming_payment_date=2022-11-07, remaining_amount=1500000.0]
2022-10-12 21:52:10 [http-nio-8081-exec-7] INFO  com.capstone.aspect.LoggerAspect - *************************************
2022-10-12 21:52:10 [http-nio-8081-exec-7] INFO  com.capstone.aspect.LoggerAspect - During: class com.capstone.controller.emiController.getemiofAccount() with arguments=<200 OK OK,emi [s_no=1, loanaccno=202211011, loan_status=active, emi_amount=15910.0, upcomming_payment_date=2022-11-07, remaining_amount=1500000.0],[]>
2022-10-12 21:52:10 [http-nio-8081-exec-7] INFO  com.capstone.aspect.LoggerAspect - *************************************
2022-10-12 21:52:12 [http-nio-8081-exec-8] INFO  com.capstone.aspect.LoggerAspect - Method name: com.capstone.controller.emiController
2022-10-12 21:52:12 [http-nio-8081-exec-8] INFO  com.capstone.aspect.LoggerAspect - Method arguments:[Ljava.lang.Object;@61e887e9
2022-10-12 21:52:12 [http-nio-8081-exec-8] INFO  com.capstone.aspect.LoggerAspect - *************************************
2022-10-12 21:52:12 [http-nio-8081-exec-8] INFO  com.capstone.aspect.LoggerAspect - Method name: com.capstone.service.emiServiceImp
2022-10-12 21:52:12 [http-nio-8081-exec-8] INFO  com.capstone.aspect.LoggerAspect - Method arguments:[Ljava.lang.Object;@6f2f75a4
2022-10-12 21:52:12 [http-nio-8081-exec-8] INFO  com.capstone.aspect.LoggerAspect - *************************************
2022-10-12 21:52:12 [http-nio-8081-exec-8] INFO  com.capstone.aspect.LoggerAspect - During: class com.capstone.service.emiServiceImp.getEmiData() with arguments=emi [s_no=1, loanaccno=202211011, loan_status=active, emi_amount=15910.0, upcomming_payment_date=2022-11-07, remaining_amount=1500000.0]
2022-10-12 21:52:12 [http-nio-8081-exec-8] INFO  com.capstone.aspect.LoggerAspect - *************************************
2022-10-12 21:52:12 [http-nio-8081-exec-8] INFO  com.capstone.aspect.LoggerAspect - Method name: com.capstone.service.emiServiceImp
2022-10-12 21:52:12 [http-nio-8081-exec-8] INFO  com.capstone.aspect.LoggerAspect - Method arguments:[Ljava.lang.Object;@6c3d1dec
2022-10-12 21:52:12 [http-nio-8081-exec-8] INFO  com.capstone.aspect.LoggerAspect - *************************************
2022-10-12 21:52:12 [http-nio-8081-exec-8] INFO  com.capstone.aspect.LoggerAspect - During: class com.capstone.service.emiServiceImp.getEmiData() with arguments=emi [s_no=1, loanaccno=202211011, loan_status=active, emi_amount=15910.0, upcomming_payment_date=2022-11-07, remaining_amount=1500000.0]
2022-10-12 21:52:12 [http-nio-8081-exec-8] INFO  com.capstone.aspect.LoggerAspect - *************************************
2022-10-12 21:52:12 [http-nio-8081-exec-8] INFO  com.capstone.aspect.LoggerAspect - During: class com.capstone.controller.emiController.getemiofAccount() with arguments=<200 OK OK,emi [s_no=1, loanaccno=202211011, loan_status=active, emi_amount=15910.0, upcomming_payment_date=2022-11-07, remaining_amount=1500000.0],[]>
2022-10-12 21:52:12 [http-nio-8081-exec-8] INFO  com.capstone.aspect.LoggerAspect - *************************************
2022-10-12 21:57:08 [AsyncResolver-bootstrap-executor-0] INFO  c.n.d.s.r.aws.ConfigClusterResolver - Resolving eureka endpoints via configuration
2022-10-12 22:02:08 [AsyncResolver-bootstrap-executor-0] INFO  c.n.d.s.r.aws.ConfigClusterResolver - Resolving eureka endpoints via configuration
2022-10-12 22:02:42 [http-nio-8081-exec-10] INFO  com.capstone.aspect.LoggerAspect - Method name: com.capstone.controller.emiController
2022-10-12 22:02:42 [http-nio-8081-exec-10] INFO  com.capstone.aspect.LoggerAspect - Method arguments:[Ljava.lang.Object;@46cd7ee8
2022-10-12 22:02:42 [http-nio-8081-exec-10] INFO  com.capstone.aspect.LoggerAspect - *************************************
2022-10-12 22:02:42 [http-nio-8081-exec-10] INFO  com.capstone.aspect.LoggerAspect - Method name: com.capstone.service.emiServiceImp
2022-10-12 22:02:42 [http-nio-8081-exec-10] INFO  com.capstone.aspect.LoggerAspect - Method arguments:[Ljava.lang.Object;@3cfe855
2022-10-12 22:02:42 [http-nio-8081-exec-10] INFO  com.capstone.aspect.LoggerAspect - *************************************
2022-10-12 22:02:42 [http-nio-8081-exec-10] INFO  com.capstone.aspect.LoggerAspect - During: class com.capstone.service.emiServiceImp.getEmiData() with arguments=emi [s_no=1, loanaccno=202211011, loan_status=active, emi_amount=15910.0, upcomming_payment_date=2022-11-07, remaining_amount=1500000.0]
2022-10-12 22:02:42 [http-nio-8081-exec-10] INFO  com.capstone.aspect.LoggerAspect - *************************************
2022-10-12 22:02:42 [http-nio-8081-exec-10] INFO  com.capstone.aspect.LoggerAspect - Method name: com.capstone.service.emiServiceImp
2022-10-12 22:02:42 [http-nio-8081-exec-10] INFO  com.capstone.aspect.LoggerAspect - Method arguments:[Ljava.lang.Object;@67ae085b
2022-10-12 22:02:42 [http-nio-8081-exec-10] INFO  com.capstone.aspect.LoggerAspect - *************************************
2022-10-12 22:02:42 [http-nio-8081-exec-10] INFO  com.capstone.aspect.LoggerAspect - During: class com.capstone.service.emiServiceImp.getEmiData() with arguments=emi [s_no=1, loanaccno=202211011, loan_status=active, emi_amount=15910.0, upcomming_payment_date=2022-11-07, remaining_amount=1500000.0]
2022-10-12 22:02:42 [http-nio-8081-exec-10] INFO  com.capstone.aspect.LoggerAspect - *************************************
2022-10-12 22:02:42 [http-nio-8081-exec-10] INFO  com.capstone.aspect.LoggerAspect - During: class com.capstone.controller.emiController.getemiofAccount() with arguments=<200 OK OK,emi [s_no=1, loanaccno=202211011, loan_status=active, emi_amount=15910.0, upcomming_payment_date=2022-11-07, remaining_amount=1500000.0],[]>
2022-10-12 22:02:42 [http-nio-8081-exec-10] INFO  com.capstone.aspect.LoggerAspect - *************************************
2022-10-12 22:07:08 [AsyncResolver-bootstrap-executor-0] INFO  c.n.d.s.r.aws.ConfigClusterResolver - Resolving eureka endpoints via configuration
2022-10-12 22:12:08 [AsyncResolver-bootstrap-executor-0] INFO  c.n.d.s.r.aws.ConfigClusterResolver - Resolving eureka endpoints via configuration
2022-10-12 22:17:08 [AsyncResolver-bootstrap-executor-0] INFO  c.n.d.s.r.aws.ConfigClusterResolver - Resolving eureka endpoints via configuration
2022-10-12 22:22:08 [AsyncResolver-bootstrap-executor-0] INFO  c.n.d.s.r.aws.ConfigClusterResolver - Resolving eureka endpoints via configuration
2022-10-12 22:27:06 [http-nio-8081-exec-2] INFO  com.capstone.aspect.LoggerAspect - Method name: com.capstone.controller.emiController
2022-10-12 22:27:06 [http-nio-8081-exec-2] INFO  com.capstone.aspect.LoggerAspect - Method arguments:[Ljava.lang.Object;@6899296c
2022-10-12 22:27:06 [http-nio-8081-exec-2] INFO  com.capstone.aspect.LoggerAspect - *************************************
2022-10-12 22:27:06 [http-nio-8081-exec-2] INFO  com.capstone.aspect.LoggerAspect - Method name: com.capstone.service.emiServiceImp
2022-10-12 22:27:06 [http-nio-8081-exec-2] INFO  com.capstone.aspect.LoggerAspect - Method arguments:[Ljava.lang.Object;@665eda0f
2022-10-12 22:27:06 [http-nio-8081-exec-2] INFO  com.capstone.aspect.LoggerAspect - *************************************
2022-10-12 22:27:06 [http-nio-8081-exec-2] INFO  com.capstone.aspect.LoggerAspect - During: class com.capstone.service.emiServiceImp.getEmiData() with arguments=emi [s_no=1, loanaccno=202211011, loan_status=active, emi_amount=15910.0, upcomming_payment_date=2022-11-07, remaining_amount=1500000.0]
2022-10-12 22:27:06 [http-nio-8081-exec-2] INFO  com.capstone.aspect.LoggerAspect - *************************************
2022-10-12 22:27:06 [http-nio-8081-exec-2] INFO  com.capstone.aspect.LoggerAspect - Method name: com.capstone.service.emiServiceImp
2022-10-12 22:27:06 [http-nio-8081-exec-2] INFO  com.capstone.aspect.LoggerAspect - Method arguments:[Ljava.lang.Object;@4302149e
2022-10-12 22:27:06 [http-nio-8081-exec-2] INFO  com.capstone.aspect.LoggerAspect - *************************************
2022-10-12 22:27:07 [http-nio-8081-exec-2] INFO  com.capstone.aspect.LoggerAspect - During: class com.capstone.service.emiServiceImp.getEmiData() with arguments=emi [s_no=1, loanaccno=202211011, loan_status=active, emi_amount=15910.0, upcomming_payment_date=2022-11-07, remaining_amount=1500000.0]
2022-10-12 22:27:07 [http-nio-8081-exec-2] INFO  com.capstone.aspect.LoggerAspect - *************************************
2022-10-12 22:27:07 [http-nio-8081-exec-2] INFO  com.capstone.aspect.LoggerAspect - During: class com.capstone.controller.emiController.getemiofAccount() with arguments=<200 OK OK,emi [s_no=1, loanaccno=202211011, loan_status=active, emi_amount=15910.0, upcomming_payment_date=2022-11-07, remaining_amount=1500000.0],[]>
2022-10-12 22:27:07 [http-nio-8081-exec-2] INFO  com.capstone.aspect.LoggerAspect - *************************************
2022-10-12 22:27:08 [http-nio-8081-exec-4] INFO  com.capstone.aspect.LoggerAspect - Method name: com.capstone.controller.emiController
2022-10-12 22:27:08 [http-nio-8081-exec-4] INFO  com.capstone.aspect.LoggerAspect - Method arguments:[Ljava.lang.Object;@6066108c
2022-10-12 22:27:08 [http-nio-8081-exec-4] INFO  com.capstone.aspect.LoggerAspect - *************************************
2022-10-12 22:27:08 [http-nio-8081-exec-4] INFO  com.capstone.aspect.LoggerAspect - Method name: com.capstone.service.emiServiceImp
2022-10-12 22:27:08 [http-nio-8081-exec-4] INFO  com.capstone.aspect.LoggerAspect - Method arguments:[Ljava.lang.Object;@6ea1e2f0
2022-10-12 22:27:08 [http-nio-8081-exec-4] INFO  com.capstone.aspect.LoggerAspect - *************************************
2022-10-12 22:27:08 [http-nio-8081-exec-4] INFO  com.capstone.aspect.LoggerAspect - During: class com.capstone.service.emiServiceImp.getEmiData() with arguments=emi [s_no=1, loanaccno=202211011, loan_status=active, emi_amount=15910.0, upcomming_payment_date=2022-11-07, remaining_amount=1500000.0]
2022-10-12 22:27:08 [http-nio-8081-exec-4] INFO  com.capstone.aspect.LoggerAspect - *************************************
2022-10-12 22:27:08 [http-nio-8081-exec-4] INFO  com.capstone.aspect.LoggerAspect - Method name: com.capstone.service.emiServiceImp
2022-10-12 22:27:08 [http-nio-8081-exec-4] INFO  com.capstone.aspect.LoggerAspect - Method arguments:[Ljava.lang.Object;@10e0791b
2022-10-12 22:27:08 [http-nio-8081-exec-4] INFO  com.capstone.aspect.LoggerAspect - *************************************
2022-10-12 22:27:08 [http-nio-8081-exec-4] INFO  com.capstone.aspect.LoggerAspect - During: class com.capstone.service.emiServiceImp.getEmiData() with arguments=emi [s_no=1, loanaccno=202211011, loan_status=active, emi_amount=15910.0, upcomming_payment_date=2022-11-07, remaining_amount=1500000.0]
2022-10-12 22:27:08 [http-nio-8081-exec-4] INFO  com.capstone.aspect.LoggerAspect - *************************************
2022-10-12 22:27:08 [http-nio-8081-exec-4] INFO  com.capstone.aspect.LoggerAspect - During: class com.capstone.controller.emiController.getemiofAccount() with arguments=<200 OK OK,emi [s_no=1, loanaccno=202211011, loan_status=active, emi_amount=15910.0, upcomming_payment_date=2022-11-07, remaining_amount=1500000.0],[]>
2022-10-12 22:27:08 [http-nio-8081-exec-4] INFO  com.capstone.aspect.LoggerAspect - *************************************
2022-10-12 22:27:08 [AsyncResolver-bootstrap-executor-0] INFO  c.n.d.s.r.aws.ConfigClusterResolver - Resolving eureka endpoints via configuration
2022-10-12 22:32:08 [AsyncResolver-bootstrap-executor-0] INFO  c.n.d.s.r.aws.ConfigClusterResolver - Resolving eureka endpoints via configuration
2022-10-12 22:37:08 [AsyncResolver-bootstrap-executor-0] INFO  c.n.d.s.r.aws.ConfigClusterResolver - Resolving eureka endpoints via configuration
2022-10-12 22:42:08 [AsyncResolver-bootstrap-executor-0] INFO  c.n.d.s.r.aws.ConfigClusterResolver - Resolving eureka endpoints via configuration
2022-10-12 22:47:08 [AsyncResolver-bootstrap-executor-0] INFO  c.n.d.s.r.aws.ConfigClusterResolver - Resolving eureka endpoints via configuration
2022-10-12 22:52:08 [AsyncResolver-bootstrap-executor-0] INFO  c.n.d.s.r.aws.ConfigClusterResolver - Resolving eureka endpoints via configuration
2022-10-12 22:57:08 [AsyncResolver-bootstrap-executor-0] INFO  c.n.d.s.r.aws.ConfigClusterResolver - Resolving eureka endpoints via configuration
2022-10-12 23:02:08 [AsyncResolver-bootstrap-executor-0] INFO  c.n.d.s.r.aws.ConfigClusterResolver - Resolving eureka endpoints via configuration
2022-10-12 23:07:08 [AsyncResolver-bootstrap-executor-0] INFO  c.n.d.s.r.aws.ConfigClusterResolver - Resolving eureka endpoints via configuration
2022-10-12 23:12:08 [AsyncResolver-bootstrap-executor-0] INFO  c.n.d.s.r.aws.ConfigClusterResolver - Resolving eureka endpoints via configuration
2022-10-12 23:17:08 [AsyncResolver-bootstrap-executor-0] INFO  c.n.d.s.r.aws.ConfigClusterResolver - Resolving eureka endpoints via configuration
2022-10-12 23:22:08 [AsyncResolver-bootstrap-executor-0] INFO  c.n.d.s.r.aws.ConfigClusterResolver - Resolving eureka endpoints via configuration
2022-10-12 23:27:08 [AsyncResolver-bootstrap-executor-0] INFO  c.n.d.s.r.aws.ConfigClusterResolver - Resolving eureka endpoints via configuration
2022-10-12 23:32:08 [AsyncResolver-bootstrap-executor-0] INFO  c.n.d.s.r.aws.ConfigClusterResolver - Resolving eureka endpoints via configuration
2022-10-12 23:34:07 [http-nio-8081-exec-6] INFO  com.capstone.aspect.LoggerAspect - Method name: com.capstone.controller.emiController
2022-10-12 23:34:07 [http-nio-8081-exec-6] INFO  com.capstone.aspect.LoggerAspect - Method arguments:[Ljava.lang.Object;@274164b7
2022-10-12 23:34:07 [http-nio-8081-exec-6] INFO  com.capstone.aspect.LoggerAspect - *************************************
2022-10-12 23:34:07 [http-nio-8081-exec-6] INFO  com.capstone.aspect.LoggerAspect - Method name: com.capstone.service.emiServiceImp
2022-10-12 23:34:07 [http-nio-8081-exec-6] INFO  com.capstone.aspect.LoggerAspect - Method arguments:[Ljava.lang.Object;@575e1d69
2022-10-12 23:34:07 [http-nio-8081-exec-6] INFO  com.capstone.aspect.LoggerAspect - *************************************
2022-10-12 23:34:07 [http-nio-8081-exec-6] INFO  com.capstone.aspect.LoggerAspect - During: class com.capstone.service.emiServiceImp.getEmiData() with arguments=emi [s_no=2, loanaccno=202211012, loan_status=active, emi_amount=4762.0, upcomming_payment_date=2022-11-07, remaining_amount=110000.0]
2022-10-12 23:34:07 [http-nio-8081-exec-6] INFO  com.capstone.aspect.LoggerAspect - *************************************
2022-10-12 23:34:07 [http-nio-8081-exec-6] INFO  com.capstone.aspect.LoggerAspect - Method name: com.capstone.service.emiServiceImp
2022-10-12 23:34:07 [http-nio-8081-exec-6] INFO  com.capstone.aspect.LoggerAspect - Method arguments:[Ljava.lang.Object;@b220461
2022-10-12 23:34:07 [http-nio-8081-exec-6] INFO  com.capstone.aspect.LoggerAspect - *************************************
2022-10-12 23:34:07 [http-nio-8081-exec-6] INFO  com.capstone.aspect.LoggerAspect - During: class com.capstone.service.emiServiceImp.getEmiData() with arguments=emi [s_no=2, loanaccno=202211012, loan_status=active, emi_amount=4762.0, upcomming_payment_date=2022-11-07, remaining_amount=110000.0]
2022-10-12 23:34:07 [http-nio-8081-exec-6] INFO  com.capstone.aspect.LoggerAspect - *************************************
2022-10-12 23:34:07 [http-nio-8081-exec-6] INFO  com.capstone.aspect.LoggerAspect - During: class com.capstone.controller.emiController.getemiofAccount() with arguments=<200 OK OK,emi [s_no=2, loanaccno=202211012, loan_status=active, emi_amount=4762.0, upcomming_payment_date=2022-11-07, remaining_amount=110000.0],[]>
2022-10-12 23:34:07 [http-nio-8081-exec-6] INFO  com.capstone.aspect.LoggerAspect - *************************************
2022-10-12 23:34:09 [http-nio-8081-exec-8] INFO  com.capstone.aspect.LoggerAspect - Method name: com.capstone.controller.emiController
2022-10-12 23:34:09 [http-nio-8081-exec-8] INFO  com.capstone.aspect.LoggerAspect - Method arguments:[Ljava.lang.Object;@7bf94148
2022-10-12 23:34:09 [http-nio-8081-exec-8] INFO  com.capstone.aspect.LoggerAspect - *************************************
2022-10-12 23:34:09 [http-nio-8081-exec-8] INFO  com.capstone.aspect.LoggerAspect - Method name: com.capstone.service.emiServiceImp
2022-10-12 23:34:09 [http-nio-8081-exec-8] INFO  com.capstone.aspect.LoggerAspect - Method arguments:[Ljava.lang.Object;@b8e952
2022-10-12 23:34:09 [http-nio-8081-exec-8] INFO  com.capstone.aspect.LoggerAspect - *************************************
2022-10-12 23:34:09 [http-nio-8081-exec-8] INFO  com.capstone.aspect.LoggerAspect - During: class com.capstone.service.emiServiceImp.getEmiData() with arguments=emi [s_no=2, loanaccno=202211012, loan_status=active, emi_amount=4762.0, upcomming_payment_date=2022-11-07, remaining_amount=110000.0]
2022-10-12 23:34:09 [http-nio-8081-exec-8] INFO  com.capstone.aspect.LoggerAspect - *************************************
2022-10-12 23:34:09 [http-nio-8081-exec-8] INFO  com.capstone.aspect.LoggerAspect - Method name: com.capstone.service.emiServiceImp
2022-10-12 23:34:09 [http-nio-8081-exec-8] INFO  com.capstone.aspect.LoggerAspect - Method arguments:[Ljava.lang.Object;@49ddde8a
2022-10-12 23:34:09 [http-nio-8081-exec-8] INFO  com.capstone.aspect.LoggerAspect - *************************************
2022-10-12 23:34:09 [http-nio-8081-exec-8] INFO  com.capstone.aspect.LoggerAspect - During: class com.capstone.service.emiServiceImp.getEmiData() with arguments=emi [s_no=2, loanaccno=202211012, loan_status=active, emi_amount=4762.0, upcomming_payment_date=2022-11-07, remaining_amount=110000.0]
2022-10-12 23:34:09 [http-nio-8081-exec-8] INFO  com.capstone.aspect.LoggerAspect - *************************************
2022-10-12 23:34:09 [http-nio-8081-exec-8] INFO  com.capstone.aspect.LoggerAspect - During: class com.capstone.controller.emiController.getemiofAccount() with arguments=<200 OK OK,emi [s_no=2, loanaccno=202211012, loan_status=active, emi_amount=4762.0, upcomming_payment_date=2022-11-07, remaining_amount=110000.0],[]>
2022-10-12 23:34:09 [http-nio-8081-exec-8] INFO  com.capstone.aspect.LoggerAspect - *************************************
2022-10-12 23:37:08 [AsyncResolver-bootstrap-executor-0] INFO  c.n.d.s.r.aws.ConfigClusterResolver - Resolving eureka endpoints via configuration
2022-10-12 23:40:36 [http-nio-8081-exec-10] INFO  com.capstone.aspect.LoggerAspect - Method name: com.capstone.controller.emiController
2022-10-12 23:40:36 [http-nio-8081-exec-10] INFO  com.capstone.aspect.LoggerAspect - Method arguments:[Ljava.lang.Object;@414bdd1b
2022-10-12 23:40:36 [http-nio-8081-exec-10] INFO  com.capstone.aspect.LoggerAspect - *************************************
2022-10-12 23:40:36 [http-nio-8081-exec-10] INFO  com.capstone.aspect.LoggerAspect - Method name: com.capstone.service.emiServiceImp
2022-10-12 23:40:36 [http-nio-8081-exec-10] INFO  com.capstone.aspect.LoggerAspect - Method arguments:[Ljava.lang.Object;@4a34737a
2022-10-12 23:40:36 [http-nio-8081-exec-10] INFO  com.capstone.aspect.LoggerAspect - *************************************
2022-10-12 23:40:36 [http-nio-8081-exec-10] INFO  com.capstone.aspect.LoggerAspect - During: class com.capstone.service.emiServiceImp.getEmiData() with arguments=emi [s_no=2, loanaccno=202211012, loan_status=active, emi_amount=4762.0, upcomming_payment_date=2022-11-07, remaining_amount=110000.0]
2022-10-12 23:40:36 [http-nio-8081-exec-10] INFO  com.capstone.aspect.LoggerAspect - *************************************
2022-10-12 23:40:36 [http-nio-8081-exec-10] INFO  com.capstone.aspect.LoggerAspect - Method name: com.capstone.service.emiServiceImp
2022-10-12 23:40:36 [http-nio-8081-exec-10] INFO  com.capstone.aspect.LoggerAspect - Method arguments:[Ljava.lang.Object;@fd2d413
2022-10-12 23:40:36 [http-nio-8081-exec-10] INFO  com.capstone.aspect.LoggerAspect - *************************************
2022-10-12 23:40:36 [http-nio-8081-exec-10] INFO  com.capstone.aspect.LoggerAspect - During: class com.capstone.service.emiServiceImp.getEmiData() with arguments=emi [s_no=2, loanaccno=202211012, loan_status=active, emi_amount=4762.0, upcomming_payment_date=2022-11-07, remaining_amount=110000.0]
2022-10-12 23:40:36 [http-nio-8081-exec-10] INFO  com.capstone.aspect.LoggerAspect - *************************************
2022-10-12 23:40:36 [http-nio-8081-exec-10] INFO  com.capstone.aspect.LoggerAspect - During: class com.capstone.controller.emiController.getemiofAccount() with arguments=<200 OK OK,emi [s_no=2, loanaccno=202211012, loan_status=active, emi_amount=4762.0, upcomming_payment_date=2022-11-07, remaining_amount=110000.0],[]>
2022-10-12 23:40:36 [http-nio-8081-exec-10] INFO  com.capstone.aspect.LoggerAspect - *************************************
2022-10-12 23:42:08 [AsyncResolver-bootstrap-executor-0] INFO  c.n.d.s.r.aws.ConfigClusterResolver - Resolving eureka endpoints via configuration
2022-10-12 23:46:25 [http-nio-8081-exec-2] INFO  com.capstone.aspect.LoggerAspect - Method name: com.capstone.controller.emiController
2022-10-12 23:46:25 [http-nio-8081-exec-2] INFO  com.capstone.aspect.LoggerAspect - Method arguments:[Ljava.lang.Object;@43d14cf0
2022-10-12 23:46:25 [http-nio-8081-exec-2] INFO  com.capstone.aspect.LoggerAspect - *************************************
2022-10-12 23:46:25 [http-nio-8081-exec-2] INFO  com.capstone.aspect.LoggerAspect - Method name: com.capstone.service.emiServiceImp
2022-10-12 23:46:25 [http-nio-8081-exec-2] INFO  com.capstone.aspect.LoggerAspect - Method arguments:[Ljava.lang.Object;@6f4695ab
2022-10-12 23:46:25 [http-nio-8081-exec-2] INFO  com.capstone.aspect.LoggerAspect - *************************************
2022-10-12 23:46:25 [http-nio-8081-exec-2] INFO  com.capstone.aspect.LoggerAspect - During: class com.capstone.service.emiServiceImp.getEmiData() with arguments=emi [s_no=2, loanaccno=202211012, loan_status=active, emi_amount=4762.0, upcomming_payment_date=2022-11-07, remaining_amount=110000.0]
2022-10-12 23:46:25 [http-nio-8081-exec-2] INFO  com.capstone.aspect.LoggerAspect - *************************************
2022-10-12 23:46:25 [http-nio-8081-exec-2] INFO  com.capstone.aspect.LoggerAspect - Method name: com.capstone.service.emiServiceImp
2022-10-12 23:46:25 [http-nio-8081-exec-2] INFO  com.capstone.aspect.LoggerAspect - Method arguments:[Ljava.lang.Object;@362ec36
2022-10-12 23:46:25 [http-nio-8081-exec-2] INFO  com.capstone.aspect.LoggerAspect - *************************************
2022-10-12 23:46:25 [http-nio-8081-exec-2] INFO  com.capstone.aspect.LoggerAspect - During: class com.capstone.service.emiServiceImp.getEmiData() with arguments=emi [s_no=2, loanaccno=202211012, loan_status=active, emi_amount=4762.0, upcomming_payment_date=2022-11-07, remaining_amount=110000.0]
2022-10-12 23:46:25 [http-nio-8081-exec-2] INFO  com.capstone.aspect.LoggerAspect - *************************************
2022-10-12 23:46:25 [http-nio-8081-exec-2] INFO  com.capstone.aspect.LoggerAspect - During: class com.capstone.controller.emiController.getemiofAccount() with arguments=<200 OK OK,emi [s_no=2, loanaccno=202211012, loan_status=active, emi_amount=4762.0, upcomming_payment_date=2022-11-07, remaining_amount=110000.0],[]>
2022-10-12 23:46:25 [http-nio-8081-exec-2] INFO  com.capstone.aspect.LoggerAspect - *************************************
2022-10-12 23:47:08 [AsyncResolver-bootstrap-executor-0] INFO  c.n.d.s.r.aws.ConfigClusterResolver - Resolving eureka endpoints via configuration
2022-10-12 23:47:18 [http-nio-8081-exec-4] INFO  com.capstone.aspect.LoggerAspect - Method name: com.capstone.controller.emiController
2022-10-12 23:47:18 [http-nio-8081-exec-4] INFO  com.capstone.aspect.LoggerAspect - Method arguments:[Ljava.lang.Object;@672c43a5
2022-10-12 23:47:18 [http-nio-8081-exec-4] INFO  com.capstone.aspect.LoggerAspect - *************************************
2022-10-12 23:47:18 [http-nio-8081-exec-4] INFO  com.capstone.aspect.LoggerAspect - Method name: com.capstone.service.emiServiceImp
2022-10-12 23:47:18 [http-nio-8081-exec-4] INFO  com.capstone.aspect.LoggerAspect - Method arguments:[Ljava.lang.Object;@46fdd071
2022-10-12 23:47:18 [http-nio-8081-exec-4] INFO  com.capstone.aspect.LoggerAspect - *************************************
2022-10-12 23:47:18 [http-nio-8081-exec-4] INFO  com.capstone.aspect.LoggerAspect - During: class com.capstone.service.emiServiceImp.getEmiData() with arguments=emi [s_no=2, loanaccno=202211012, loan_status=active, emi_amount=4762.0, upcomming_payment_date=2022-11-07, remaining_amount=110000.0]
2022-10-12 23:47:18 [http-nio-8081-exec-4] INFO  com.capstone.aspect.LoggerAspect - *************************************
2022-10-12 23:47:18 [http-nio-8081-exec-4] INFO  com.capstone.aspect.LoggerAspect - Method name: com.capstone.service.emiServiceImp
2022-10-12 23:47:18 [http-nio-8081-exec-4] INFO  com.capstone.aspect.LoggerAspect - Method arguments:[Ljava.lang.Object;@4df2950
2022-10-12 23:47:18 [http-nio-8081-exec-4] INFO  com.capstone.aspect.LoggerAspect - *************************************
2022-10-12 23:47:18 [http-nio-8081-exec-4] INFO  com.capstone.aspect.LoggerAspect - During: class com.capstone.service.emiServiceImp.getEmiData() with arguments=emi [s_no=2, loanaccno=202211012, loan_status=active, emi_amount=4762.0, upcomming_payment_date=2022-11-07, remaining_amount=110000.0]
2022-10-12 23:47:18 [http-nio-8081-exec-4] INFO  com.capstone.aspect.LoggerAspect - *************************************
2022-10-12 23:47:18 [http-nio-8081-exec-4] INFO  com.capstone.aspect.LoggerAspect - During: class com.capstone.controller.emiController.getemiofAccount() with arguments=<200 OK OK,emi [s_no=2, loanaccno=202211012, loan_status=active, emi_amount=4762.0, upcomming_payment_date=2022-11-07, remaining_amount=110000.0],[]>
2022-10-12 23:47:18 [http-nio-8081-exec-4] INFO  com.capstone.aspect.LoggerAspect - *************************************
2022-10-12 23:47:20 [http-nio-8081-exec-6] INFO  com.capstone.aspect.LoggerAspect - Method name: com.capstone.controller.emiController
2022-10-12 23:47:20 [http-nio-8081-exec-6] INFO  com.capstone.aspect.LoggerAspect - Method arguments:[Ljava.lang.Object;@23586905
2022-10-12 23:47:20 [http-nio-8081-exec-6] INFO  com.capstone.aspect.LoggerAspect - *************************************
2022-10-12 23:47:20 [http-nio-8081-exec-6] INFO  com.capstone.aspect.LoggerAspect - Method name: com.capstone.service.emiServiceImp
2022-10-12 23:47:20 [http-nio-8081-exec-6] INFO  com.capstone.aspect.LoggerAspect - Method arguments:[Ljava.lang.Object;@35c36ca3
2022-10-12 23:47:20 [http-nio-8081-exec-6] INFO  com.capstone.aspect.LoggerAspect - *************************************
2022-10-12 23:47:21 [http-nio-8081-exec-6] INFO  com.capstone.aspect.LoggerAspect - During: class com.capstone.service.emiServiceImp.getEmiData() with arguments=emi [s_no=2, loanaccno=202211012, loan_status=active, emi_amount=4762.0, upcomming_payment_date=2022-11-07, remaining_amount=110000.0]
2022-10-12 23:47:21 [http-nio-8081-exec-6] INFO  com.capstone.aspect.LoggerAspect - *************************************
2022-10-12 23:47:21 [http-nio-8081-exec-6] INFO  com.capstone.aspect.LoggerAspect - Method name: com.capstone.service.emiServiceImp
2022-10-12 23:47:21 [http-nio-8081-exec-6] INFO  com.capstone.aspect.LoggerAspect - Method arguments:[Ljava.lang.Object;@1b471f95
2022-10-12 23:47:21 [http-nio-8081-exec-6] INFO  com.capstone.aspect.LoggerAspect - *************************************
2022-10-12 23:47:21 [http-nio-8081-exec-6] INFO  com.capstone.aspect.LoggerAspect - During: class com.capstone.service.emiServiceImp.getEmiData() with arguments=emi [s_no=2, loanaccno=202211012, loan_status=active, emi_amount=4762.0, upcomming_payment_date=2022-11-07, remaining_amount=110000.0]
2022-10-12 23:47:21 [http-nio-8081-exec-6] INFO  com.capstone.aspect.LoggerAspect - *************************************
2022-10-12 23:47:21 [http-nio-8081-exec-6] INFO  com.capstone.aspect.LoggerAspect - During: class com.capstone.controller.emiController.getemiofAccount() with arguments=<200 OK OK,emi [s_no=2, loanaccno=202211012, loan_status=active, emi_amount=4762.0, upcomming_payment_date=2022-11-07, remaining_amount=110000.0],[]>
2022-10-12 23:47:21 [http-nio-8081-exec-6] INFO  com.capstone.aspect.LoggerAspect - *************************************
2022-10-12 23:47:37 [http-nio-8081-exec-8] INFO  com.capstone.aspect.LoggerAspect - Method name: com.capstone.controller.emiController
2022-10-12 23:47:37 [http-nio-8081-exec-8] INFO  com.capstone.aspect.LoggerAspect - Method arguments:[Ljava.lang.Object;@344adec6
2022-10-12 23:47:37 [http-nio-8081-exec-8] INFO  com.capstone.aspect.LoggerAspect - *************************************
2022-10-12 23:47:37 [http-nio-8081-exec-8] INFO  com.capstone.aspect.LoggerAspect - Method name: com.capstone.service.emiServiceImp
2022-10-12 23:47:37 [http-nio-8081-exec-8] INFO  com.capstone.aspect.LoggerAspect - Method arguments:[Ljava.lang.Object;@11a932a6
2022-10-12 23:47:37 [http-nio-8081-exec-8] INFO  com.capstone.aspect.LoggerAspect - *************************************
2022-10-12 23:47:37 [http-nio-8081-exec-8] INFO  com.capstone.aspect.LoggerAspect - During: class com.capstone.service.emiServiceImp.getEmiData() with arguments=emi [s_no=2, loanaccno=202211012, loan_status=active, emi_amount=4762.0, upcomming_payment_date=2022-11-07, remaining_amount=110000.0]
2022-10-12 23:47:37 [http-nio-8081-exec-8] INFO  com.capstone.aspect.LoggerAspect - *************************************
2022-10-12 23:47:37 [http-nio-8081-exec-8] INFO  com.capstone.aspect.LoggerAspect - Method name: com.capstone.service.emiServiceImp
2022-10-12 23:47:37 [http-nio-8081-exec-8] INFO  com.capstone.aspect.LoggerAspect - Method arguments:[Ljava.lang.Object;@59b54340
2022-10-12 23:47:37 [http-nio-8081-exec-8] INFO  com.capstone.aspect.LoggerAspect - *************************************
2022-10-12 23:47:37 [http-nio-8081-exec-8] INFO  com.capstone.aspect.LoggerAspect - During: class com.capstone.service.emiServiceImp.getEmiData() with arguments=emi [s_no=2, loanaccno=202211012, loan_status=active, emi_amount=4762.0, upcomming_payment_date=2022-11-07, remaining_amount=110000.0]
2022-10-12 23:47:37 [http-nio-8081-exec-8] INFO  com.capstone.aspect.LoggerAspect - *************************************
2022-10-12 23:47:37 [http-nio-8081-exec-8] INFO  com.capstone.aspect.LoggerAspect - During: class com.capstone.controller.emiController.getemiofAccount() with arguments=<200 OK OK,emi [s_no=2, loanaccno=202211012, loan_status=active, emi_amount=4762.0, upcomming_payment_date=2022-11-07, remaining_amount=110000.0],[]>
2022-10-12 23:47:37 [http-nio-8081-exec-8] INFO  com.capstone.aspect.LoggerAspect - *************************************
2022-10-12 23:47:41 [http-nio-8081-exec-10] INFO  com.capstone.aspect.LoggerAspect - Method name: com.capstone.controller.emiController
2022-10-12 23:47:41 [http-nio-8081-exec-10] INFO  com.capstone.aspect.LoggerAspect - Method arguments:[Ljava.lang.Object;@59db5fa8
2022-10-12 23:47:41 [http-nio-8081-exec-10] INFO  com.capstone.aspect.LoggerAspect - *************************************
2022-10-12 23:47:41 [http-nio-8081-exec-10] INFO  com.capstone.aspect.LoggerAspect - Method name: com.capstone.service.emiServiceImp
2022-10-12 23:47:41 [http-nio-8081-exec-10] INFO  com.capstone.aspect.LoggerAspect - Method arguments:[Ljava.lang.Object;@26baea6d
2022-10-12 23:47:41 [http-nio-8081-exec-10] INFO  com.capstone.aspect.LoggerAspect - *************************************
2022-10-12 23:47:41 [http-nio-8081-exec-10] INFO  com.capstone.aspect.LoggerAspect - During: class com.capstone.service.emiServiceImp.getEmiData() with arguments=emi [s_no=2, loanaccno=202211012, loan_status=active, emi_amount=4762.0, upcomming_payment_date=2022-11-07, remaining_amount=110000.0]
2022-10-12 23:47:41 [http-nio-8081-exec-10] INFO  com.capstone.aspect.LoggerAspect - *************************************
2022-10-12 23:47:41 [http-nio-8081-exec-10] INFO  com.capstone.aspect.LoggerAspect - Method name: com.capstone.service.emiServiceImp
2022-10-12 23:47:41 [http-nio-8081-exec-10] INFO  com.capstone.aspect.LoggerAspect - Method arguments:[Ljava.lang.Object;@44504cc7
2022-10-12 23:47:41 [http-nio-8081-exec-10] INFO  com.capstone.aspect.LoggerAspect - *************************************
2022-10-12 23:47:42 [http-nio-8081-exec-10] INFO  com.capstone.aspect.LoggerAspect - During: class com.capstone.service.emiServiceImp.getEmiData() with arguments=emi [s_no=2, loanaccno=202211012, loan_status=active, emi_amount=4762.0, upcomming_payment_date=2022-11-07, remaining_amount=110000.0]
2022-10-12 23:47:42 [http-nio-8081-exec-10] INFO  com.capstone.aspect.LoggerAspect - *************************************
2022-10-12 23:47:42 [http-nio-8081-exec-10] INFO  com.capstone.aspect.LoggerAspect - During: class com.capstone.controller.emiController.getemiofAccount() with arguments=<200 OK OK,emi [s_no=2, loanaccno=202211012, loan_status=active, emi_amount=4762.0, upcomming_payment_date=2022-11-07, remaining_amount=110000.0],[]>
2022-10-12 23:47:42 [http-nio-8081-exec-10] INFO  com.capstone.aspect.LoggerAspect - *************************************
2022-10-12 23:47:48 [http-nio-8081-exec-2] INFO  com.capstone.aspect.LoggerAspect - Method name: com.capstone.controller.emiController
2022-10-12 23:47:48 [http-nio-8081-exec-2] INFO  com.capstone.aspect.LoggerAspect - Method arguments:[Ljava.lang.Object;@463f9c95
2022-10-12 23:47:48 [http-nio-8081-exec-2] INFO  com.capstone.aspect.LoggerAspect - *************************************
2022-10-12 23:47:48 [http-nio-8081-exec-2] INFO  com.capstone.aspect.LoggerAspect - Method name: com.capstone.service.emiServiceImp
2022-10-12 23:47:48 [http-nio-8081-exec-2] INFO  com.capstone.aspect.LoggerAspect - Method arguments:[Ljava.lang.Object;@638c4ed7
2022-10-12 23:47:48 [http-nio-8081-exec-2] INFO  com.capstone.aspect.LoggerAspect - *************************************
2022-10-12 23:47:49 [http-nio-8081-exec-2] INFO  com.capstone.aspect.LoggerAspect - During: class com.capstone.service.emiServiceImp.getEmiData() with arguments=emi [s_no=2, loanaccno=202211012, loan_status=active, emi_amount=4762.0, upcomming_payment_date=2022-11-07, remaining_amount=110000.0]
2022-10-12 23:47:49 [http-nio-8081-exec-2] INFO  com.capstone.aspect.LoggerAspect - *************************************
2022-10-12 23:47:49 [http-nio-8081-exec-2] INFO  com.capstone.aspect.LoggerAspect - Method name: com.capstone.service.emiServiceImp
2022-10-12 23:47:49 [http-nio-8081-exec-2] INFO  com.capstone.aspect.LoggerAspect - Method arguments:[Ljava.lang.Object;@6a80f7b5
2022-10-12 23:47:49 [http-nio-8081-exec-2] INFO  com.capstone.aspect.LoggerAspect - *************************************
2022-10-12 23:47:49 [http-nio-8081-exec-2] INFO  com.capstone.aspect.LoggerAspect - During: class com.capstone.service.emiServiceImp.getEmiData() with arguments=emi [s_no=2, loanaccno=202211012, loan_status=active, emi_amount=4762.0, upcomming_payment_date=2022-11-07, remaining_amount=110000.0]
2022-10-12 23:47:49 [http-nio-8081-exec-2] INFO  com.capstone.aspect.LoggerAspect - *************************************
2022-10-12 23:47:49 [http-nio-8081-exec-2] INFO  com.capstone.aspect.LoggerAspect - During: class com.capstone.controller.emiController.getemiofAccount() with arguments=<200 OK OK,emi [s_no=2, loanaccno=202211012, loan_status=active, emi_amount=4762.0, upcomming_payment_date=2022-11-07, remaining_amount=110000.0],[]>
2022-10-12 23:47:49 [http-nio-8081-exec-2] INFO  com.capstone.aspect.LoggerAspect - *************************************
2022-10-12 23:48:46 [http-nio-8081-exec-4] INFO  com.capstone.aspect.LoggerAspect - Method name: com.capstone.controller.emiController
2022-10-12 23:48:46 [http-nio-8081-exec-4] INFO  com.capstone.aspect.LoggerAspect - Method arguments:[Ljava.lang.Object;@3e7aff7d
2022-10-12 23:48:46 [http-nio-8081-exec-4] INFO  com.capstone.aspect.LoggerAspect - *************************************
2022-10-12 23:48:46 [http-nio-8081-exec-4] INFO  com.capstone.aspect.LoggerAspect - Method name: com.capstone.service.emiServiceImp
2022-10-12 23:48:46 [http-nio-8081-exec-4] INFO  com.capstone.aspect.LoggerAspect - Method arguments:[Ljava.lang.Object;@222f95f5
2022-10-12 23:48:46 [http-nio-8081-exec-4] INFO  com.capstone.aspect.LoggerAspect - *************************************
2022-10-12 23:48:46 [http-nio-8081-exec-4] INFO  com.capstone.aspect.LoggerAspect - During: class com.capstone.service.emiServiceImp.getEmiData() with arguments=emi [s_no=2, loanaccno=202211012, loan_status=active, emi_amount=4762.0, upcomming_payment_date=2022-11-07, remaining_amount=110000.0]
2022-10-12 23:48:46 [http-nio-8081-exec-4] INFO  com.capstone.aspect.LoggerAspect - *************************************
2022-10-12 23:48:46 [http-nio-8081-exec-4] INFO  com.capstone.aspect.LoggerAspect - Method name: com.capstone.service.emiServiceImp
2022-10-12 23:48:46 [http-nio-8081-exec-4] INFO  com.capstone.aspect.LoggerAspect - Method arguments:[Ljava.lang.Object;@74a03495
2022-10-12 23:48:46 [http-nio-8081-exec-4] INFO  com.capstone.aspect.LoggerAspect - *************************************
2022-10-12 23:48:46 [http-nio-8081-exec-4] INFO  com.capstone.aspect.LoggerAspect - During: class com.capstone.service.emiServiceImp.getEmiData() with arguments=emi [s_no=2, loanaccno=202211012, loan_status=active, emi_amount=4762.0, upcomming_payment_date=2022-11-07, remaining_amount=110000.0]
2022-10-12 23:48:46 [http-nio-8081-exec-4] INFO  com.capstone.aspect.LoggerAspect - *************************************
2022-10-12 23:48:46 [http-nio-8081-exec-4] INFO  com.capstone.aspect.LoggerAspect - During: class com.capstone.controller.emiController.getemiofAccount() with arguments=<200 OK OK,emi [s_no=2, loanaccno=202211012, loan_status=active, emi_amount=4762.0, upcomming_payment_date=2022-11-07, remaining_amount=110000.0],[]>
2022-10-12 23:48:46 [http-nio-8081-exec-4] INFO  com.capstone.aspect.LoggerAspect - *************************************
2022-10-12 23:48:59 [http-nio-8081-exec-6] INFO  com.capstone.aspect.LoggerAspect - Method name: com.capstone.controller.emiController
2022-10-12 23:48:59 [http-nio-8081-exec-6] INFO  com.capstone.aspect.LoggerAspect - Method arguments:[Ljava.lang.Object;@4f42dc5
2022-10-12 23:48:59 [http-nio-8081-exec-6] INFO  com.capstone.aspect.LoggerAspect - *************************************
2022-10-12 23:48:59 [http-nio-8081-exec-6] INFO  com.capstone.aspect.LoggerAspect - Method name: com.capstone.service.emiServiceImp
2022-10-12 23:48:59 [http-nio-8081-exec-6] INFO  com.capstone.aspect.LoggerAspect - Method arguments:[Ljava.lang.Object;@f660e63
2022-10-12 23:48:59 [http-nio-8081-exec-6] INFO  com.capstone.aspect.LoggerAspect - *************************************
2022-10-12 23:48:59 [http-nio-8081-exec-6] INFO  com.capstone.aspect.LoggerAspect - During: class com.capstone.service.emiServiceImp.getEmiData() with arguments=emi [s_no=2, loanaccno=202211012, loan_status=active, emi_amount=4762.0, upcomming_payment_date=2022-11-07, remaining_amount=110000.0]
2022-10-12 23:48:59 [http-nio-8081-exec-6] INFO  com.capstone.aspect.LoggerAspect - *************************************
2022-10-12 23:48:59 [http-nio-8081-exec-6] INFO  com.capstone.aspect.LoggerAspect - Method name: com.capstone.service.emiServiceImp
2022-10-12 23:48:59 [http-nio-8081-exec-6] INFO  com.capstone.aspect.LoggerAspect - Method arguments:[Ljava.lang.Object;@77848111
2022-10-12 23:48:59 [http-nio-8081-exec-6] INFO  com.capstone.aspect.LoggerAspect - *************************************
2022-10-12 23:48:59 [http-nio-8081-exec-6] INFO  com.capstone.aspect.LoggerAspect - During: class com.capstone.service.emiServiceImp.getEmiData() with arguments=emi [s_no=2, loanaccno=202211012, loan_status=active, emi_amount=4762.0, upcomming_payment_date=2022-11-07, remaining_amount=110000.0]
2022-10-12 23:48:59 [http-nio-8081-exec-6] INFO  com.capstone.aspect.LoggerAspect - *************************************
2022-10-12 23:48:59 [http-nio-8081-exec-6] INFO  com.capstone.aspect.LoggerAspect - During: class com.capstone.controller.emiController.getemiofAccount() with arguments=<200 OK OK,emi [s_no=2, loanaccno=202211012, loan_status=active, emi_amount=4762.0, upcomming_payment_date=2022-11-07, remaining_amount=110000.0],[]>
2022-10-12 23:48:59 [http-nio-8081-exec-6] INFO  com.capstone.aspect.LoggerAspect - *************************************
2022-10-12 23:49:13 [http-nio-8081-exec-8] INFO  com.capstone.aspect.LoggerAspect - Method name: com.capstone.controller.emiController
2022-10-12 23:49:13 [http-nio-8081-exec-8] INFO  com.capstone.aspect.LoggerAspect - Method arguments:[Ljava.lang.Object;@b52e869
2022-10-12 23:49:13 [http-nio-8081-exec-8] INFO  com.capstone.aspect.LoggerAspect - *************************************
2022-10-12 23:49:13 [http-nio-8081-exec-8] INFO  com.capstone.aspect.LoggerAspect - Method name: com.capstone.service.emiServiceImp
2022-10-12 23:49:13 [http-nio-8081-exec-8] INFO  com.capstone.aspect.LoggerAspect - Method arguments:[Ljava.lang.Object;@1e0466ac
2022-10-12 23:49:13 [http-nio-8081-exec-8] INFO  com.capstone.aspect.LoggerAspect - *************************************
2022-10-12 23:49:13 [http-nio-8081-exec-8] INFO  com.capstone.aspect.LoggerAspect - During: class com.capstone.service.emiServiceImp.getEmiData() with arguments=emi [s_no=2, loanaccno=202211012, loan_status=active, emi_amount=4762.0, upcomming_payment_date=2022-11-07, remaining_amount=110000.0]
2022-10-12 23:49:13 [http-nio-8081-exec-8] INFO  com.capstone.aspect.LoggerAspect - *************************************
2022-10-12 23:49:13 [http-nio-8081-exec-8] INFO  com.capstone.aspect.LoggerAspect - Method name: com.capstone.service.emiServiceImp
2022-10-12 23:49:13 [http-nio-8081-exec-8] INFO  com.capstone.aspect.LoggerAspect - Method arguments:[Ljava.lang.Object;@1fe2778f
2022-10-12 23:49:13 [http-nio-8081-exec-8] INFO  com.capstone.aspect.LoggerAspect - *************************************
2022-10-12 23:49:13 [http-nio-8081-exec-8] INFO  com.capstone.aspect.LoggerAspect - During: class com.capstone.service.emiServiceImp.getEmiData() with arguments=emi [s_no=2, loanaccno=202211012, loan_status=active, emi_amount=4762.0, upcomming_payment_date=2022-11-07, remaining_amount=110000.0]
2022-10-12 23:49:13 [http-nio-8081-exec-8] INFO  com.capstone.aspect.LoggerAspect - *************************************
2022-10-12 23:49:13 [http-nio-8081-exec-8] INFO  com.capstone.aspect.LoggerAspect - During: class com.capstone.controller.emiController.getemiofAccount() with arguments=<200 OK OK,emi [s_no=2, loanaccno=202211012, loan_status=active, emi_amount=4762.0, upcomming_payment_date=2022-11-07, remaining_amount=110000.0],[]>
2022-10-12 23:49:13 [http-nio-8081-exec-8] INFO  com.capstone.aspect.LoggerAspect - *************************************
2022-10-12 23:49:34 [http-nio-8081-exec-10] INFO  com.capstone.aspect.LoggerAspect - Method name: com.capstone.controller.emiController
2022-10-12 23:49:34 [http-nio-8081-exec-10] INFO  com.capstone.aspect.LoggerAspect - Method arguments:[Ljava.lang.Object;@4e1a3b52
2022-10-12 23:49:34 [http-nio-8081-exec-10] INFO  com.capstone.aspect.LoggerAspect - *************************************
2022-10-12 23:49:34 [http-nio-8081-exec-10] INFO  com.capstone.aspect.LoggerAspect - Method name: com.capstone.service.emiServiceImp
2022-10-12 23:49:34 [http-nio-8081-exec-10] INFO  com.capstone.aspect.LoggerAspect - Method arguments:[Ljava.lang.Object;@3e69128d
2022-10-12 23:49:34 [http-nio-8081-exec-10] INFO  com.capstone.aspect.LoggerAspect - *************************************
2022-10-12 23:49:34 [http-nio-8081-exec-10] INFO  com.capstone.aspect.LoggerAspect - During: class com.capstone.service.emiServiceImp.getEmiData() with arguments=emi [s_no=2, loanaccno=202211012, loan_status=active, emi_amount=4762.0, upcomming_payment_date=2022-11-07, remaining_amount=110000.0]
2022-10-12 23:49:34 [http-nio-8081-exec-10] INFO  com.capstone.aspect.LoggerAspect - *************************************
2022-10-12 23:49:34 [http-nio-8081-exec-10] INFO  com.capstone.aspect.LoggerAspect - Method name: com.capstone.service.emiServiceImp
2022-10-12 23:49:34 [http-nio-8081-exec-10] INFO  com.capstone.aspect.LoggerAspect - Method arguments:[Ljava.lang.Object;@3c11adb4
2022-10-12 23:49:34 [http-nio-8081-exec-10] INFO  com.capstone.aspect.LoggerAspect - *************************************
2022-10-12 23:49:34 [http-nio-8081-exec-10] INFO  com.capstone.aspect.LoggerAspect - During: class com.capstone.service.emiServiceImp.getEmiData() with arguments=emi [s_no=2, loanaccno=202211012, loan_status=active, emi_amount=4762.0, upcomming_payment_date=2022-11-07, remaining_amount=110000.0]
2022-10-12 23:49:34 [http-nio-8081-exec-10] INFO  com.capstone.aspect.LoggerAspect - *************************************
2022-10-12 23:49:34 [http-nio-8081-exec-10] INFO  com.capstone.aspect.LoggerAspect - During: class com.capstone.controller.emiController.getemiofAccount() with arguments=<200 OK OK,emi [s_no=2, loanaccno=202211012, loan_status=active, emi_amount=4762.0, upcomming_payment_date=2022-11-07, remaining_amount=110000.0],[]>
2022-10-12 23:49:34 [http-nio-8081-exec-10] INFO  com.capstone.aspect.LoggerAspect - *************************************
2022-10-12 23:49:45 [http-nio-8081-exec-2] INFO  com.capstone.aspect.LoggerAspect - Method name: com.capstone.controller.emiController
2022-10-12 23:49:45 [http-nio-8081-exec-2] INFO  com.capstone.aspect.LoggerAspect - Method arguments:[Ljava.lang.Object;@55845097
2022-10-12 23:49:45 [http-nio-8081-exec-2] INFO  com.capstone.aspect.LoggerAspect - *************************************
2022-10-12 23:49:45 [http-nio-8081-exec-2] INFO  com.capstone.aspect.LoggerAspect - Method name: com.capstone.service.emiServiceImp
2022-10-12 23:49:45 [http-nio-8081-exec-2] INFO  com.capstone.aspect.LoggerAspect - Method arguments:[Ljava.lang.Object;@4724d698
2022-10-12 23:49:45 [http-nio-8081-exec-2] INFO  com.capstone.aspect.LoggerAspect - *************************************
2022-10-12 23:49:45 [http-nio-8081-exec-2] INFO  com.capstone.aspect.LoggerAspect - During: class com.capstone.service.emiServiceImp.getEmiData() with arguments=emi [s_no=2, loanaccno=202211012, loan_status=active, emi_amount=4762.0, upcomming_payment_date=2022-11-07, remaining_amount=110000.0]
2022-10-12 23:49:45 [http-nio-8081-exec-2] INFO  com.capstone.aspect.LoggerAspect - *************************************
2022-10-12 23:49:45 [http-nio-8081-exec-2] INFO  com.capstone.aspect.LoggerAspect - Method name: com.capstone.service.emiServiceImp
2022-10-12 23:49:45 [http-nio-8081-exec-2] INFO  com.capstone.aspect.LoggerAspect - Method arguments:[Ljava.lang.Object;@31a12aa8
2022-10-12 23:49:45 [http-nio-8081-exec-2] INFO  com.capstone.aspect.LoggerAspect - *************************************
2022-10-12 23:49:45 [http-nio-8081-exec-2] INFO  com.capstone.aspect.LoggerAspect - During: class com.capstone.service.emiServiceImp.getEmiData() with arguments=emi [s_no=2, loanaccno=202211012, loan_status=active, emi_amount=4762.0, upcomming_payment_date=2022-11-07, remaining_amount=110000.0]
2022-10-12 23:49:45 [http-nio-8081-exec-2] INFO  com.capstone.aspect.LoggerAspect - *************************************
2022-10-12 23:49:45 [http-nio-8081-exec-2] INFO  com.capstone.aspect.LoggerAspect - During: class com.capstone.controller.emiController.getemiofAccount() with arguments=<200 OK OK,emi [s_no=2, loanaccno=202211012, loan_status=active, emi_amount=4762.0, upcomming_payment_date=2022-11-07, remaining_amount=110000.0],[]>
2022-10-12 23:49:45 [http-nio-8081-exec-2] INFO  com.capstone.aspect.LoggerAspect - *************************************
2022-10-12 23:49:58 [http-nio-8081-exec-4] INFO  com.capstone.aspect.LoggerAspect - Method name: com.capstone.controller.emiController
2022-10-12 23:49:58 [http-nio-8081-exec-4] INFO  com.capstone.aspect.LoggerAspect - Method arguments:[Ljava.lang.Object;@6044a629
2022-10-12 23:49:58 [http-nio-8081-exec-4] INFO  com.capstone.aspect.LoggerAspect - *************************************
2022-10-12 23:49:58 [http-nio-8081-exec-4] INFO  com.capstone.aspect.LoggerAspect - Method name: com.capstone.service.emiServiceImp
2022-10-12 23:49:58 [http-nio-8081-exec-4] INFO  com.capstone.aspect.LoggerAspect - Method arguments:[Ljava.lang.Object;@4e5956ec
2022-10-12 23:49:58 [http-nio-8081-exec-4] INFO  com.capstone.aspect.LoggerAspect - *************************************
2022-10-12 23:49:58 [http-nio-8081-exec-4] INFO  com.capstone.aspect.LoggerAspect - During: class com.capstone.service.emiServiceImp.getEmiData() with arguments=emi [s_no=2, loanaccno=202211012, loan_status=active, emi_amount=4762.0, upcomming_payment_date=2022-11-07, remaining_amount=110000.0]
2022-10-12 23:49:58 [http-nio-8081-exec-4] INFO  com.capstone.aspect.LoggerAspect - *************************************
2022-10-12 23:49:58 [http-nio-8081-exec-4] INFO  com.capstone.aspect.LoggerAspect - Method name: com.capstone.service.emiServiceImp
2022-10-12 23:49:58 [http-nio-8081-exec-4] INFO  com.capstone.aspect.LoggerAspect - Method arguments:[Ljava.lang.Object;@7249f62f
2022-10-12 23:49:58 [http-nio-8081-exec-4] INFO  com.capstone.aspect.LoggerAspect - *************************************
2022-10-12 23:49:58 [http-nio-8081-exec-4] INFO  com.capstone.aspect.LoggerAspect - During: class com.capstone.service.emiServiceImp.getEmiData() with arguments=emi [s_no=2, loanaccno=202211012, loan_status=active, emi_amount=4762.0, upcomming_payment_date=2022-11-07, remaining_amount=110000.0]
2022-10-12 23:49:58 [http-nio-8081-exec-4] INFO  com.capstone.aspect.LoggerAspect - *************************************
2022-10-12 23:49:58 [http-nio-8081-exec-4] INFO  com.capstone.aspect.LoggerAspect - During: class com.capstone.controller.emiController.getemiofAccount() with arguments=<200 OK OK,emi [s_no=2, loanaccno=202211012, loan_status=active, emi_amount=4762.0, upcomming_payment_date=2022-11-07, remaining_amount=110000.0],[]>
2022-10-12 23:49:58 [http-nio-8081-exec-4] INFO  com.capstone.aspect.LoggerAspect - *************************************
2022-10-12 23:50:27 [http-nio-8081-exec-6] INFO  com.capstone.aspect.LoggerAspect - Method name: com.capstone.controller.emiController
2022-10-12 23:50:27 [http-nio-8081-exec-6] INFO  com.capstone.aspect.LoggerAspect - Method arguments:[Ljava.lang.Object;@70d50129
2022-10-12 23:50:27 [http-nio-8081-exec-6] INFO  com.capstone.aspect.LoggerAspect - *************************************
2022-10-12 23:50:27 [http-nio-8081-exec-6] INFO  com.capstone.aspect.LoggerAspect - Method name: com.capstone.service.emiServiceImp
2022-10-12 23:50:27 [http-nio-8081-exec-6] INFO  com.capstone.aspect.LoggerAspect - Method arguments:[Ljava.lang.Object;@7d5243e6
2022-10-12 23:50:27 [http-nio-8081-exec-6] INFO  com.capstone.aspect.LoggerAspect - *************************************
2022-10-12 23:50:27 [http-nio-8081-exec-6] INFO  com.capstone.aspect.LoggerAspect - During: class com.capstone.service.emiServiceImp.getEmiData() with arguments=emi [s_no=2, loanaccno=202211012, loan_status=active, emi_amount=4762.0, upcomming_payment_date=2022-11-07, remaining_amount=110000.0]
2022-10-12 23:50:27 [http-nio-8081-exec-6] INFO  com.capstone.aspect.LoggerAspect - *************************************
2022-10-12 23:50:27 [http-nio-8081-exec-6] INFO  com.capstone.aspect.LoggerAspect - Method name: com.capstone.service.emiServiceImp
2022-10-12 23:50:27 [http-nio-8081-exec-6] INFO  com.capstone.aspect.LoggerAspect - Method arguments:[Ljava.lang.Object;@451ac19d
2022-10-12 23:50:27 [http-nio-8081-exec-6] INFO  com.capstone.aspect.LoggerAspect - *************************************
2022-10-12 23:50:27 [http-nio-8081-exec-6] INFO  com.capstone.aspect.LoggerAspect - During: class com.capstone.service.emiServiceImp.getEmiData() with arguments=emi [s_no=2, loanaccno=202211012, loan_status=active, emi_amount=4762.0, upcomming_payment_date=2022-11-07, remaining_amount=110000.0]
2022-10-12 23:50:27 [http-nio-8081-exec-6] INFO  com.capstone.aspect.LoggerAspect - *************************************
2022-10-12 23:50:27 [http-nio-8081-exec-6] INFO  com.capstone.aspect.LoggerAspect - During: class com.capstone.controller.emiController.getemiofAccount() with arguments=<200 OK OK,emi [s_no=2, loanaccno=202211012, loan_status=active, emi_amount=4762.0, upcomming_payment_date=2022-11-07, remaining_amount=110000.0],[]>
2022-10-12 23:50:27 [http-nio-8081-exec-6] INFO  com.capstone.aspect.LoggerAspect - *************************************
2022-10-12 23:50:29 [http-nio-8081-exec-7] INFO  com.capstone.aspect.LoggerAspect - Method name: com.capstone.controller.emiController
2022-10-12 23:50:29 [http-nio-8081-exec-7] INFO  com.capstone.aspect.LoggerAspect - Method arguments:[Ljava.lang.Object;@5f1782de
2022-10-12 23:50:29 [http-nio-8081-exec-7] INFO  com.capstone.aspect.LoggerAspect - *************************************
2022-10-12 23:50:29 [http-nio-8081-exec-7] INFO  com.capstone.aspect.LoggerAspect - Method name: com.capstone.service.emiServiceImp
2022-10-12 23:50:29 [http-nio-8081-exec-7] INFO  com.capstone.aspect.LoggerAspect - Method arguments:[Ljava.lang.Object;@432e5118
2022-10-12 23:50:29 [http-nio-8081-exec-7] INFO  com.capstone.aspect.LoggerAspect - *************************************
2022-10-12 23:50:29 [http-nio-8081-exec-7] INFO  com.capstone.aspect.LoggerAspect - During: class com.capstone.service.emiServiceImp.getEmiData() with arguments=emi [s_no=2, loanaccno=202211012, loan_status=active, emi_amount=4762.0, upcomming_payment_date=2022-11-07, remaining_amount=110000.0]
2022-10-12 23:50:29 [http-nio-8081-exec-7] INFO  com.capstone.aspect.LoggerAspect - *************************************
2022-10-12 23:50:29 [http-nio-8081-exec-7] INFO  com.capstone.aspect.LoggerAspect - Method name: com.capstone.service.emiServiceImp
2022-10-12 23:50:29 [http-nio-8081-exec-7] INFO  com.capstone.aspect.LoggerAspect - Method arguments:[Ljava.lang.Object;@6477fa27
2022-10-12 23:50:29 [http-nio-8081-exec-7] INFO  com.capstone.aspect.LoggerAspect - *************************************
2022-10-12 23:50:29 [http-nio-8081-exec-7] INFO  com.capstone.aspect.LoggerAspect - During: class com.capstone.service.emiServiceImp.getEmiData() with arguments=emi [s_no=2, loanaccno=202211012, loan_status=active, emi_amount=4762.0, upcomming_payment_date=2022-11-07, remaining_amount=110000.0]
2022-10-12 23:50:29 [http-nio-8081-exec-7] INFO  com.capstone.aspect.LoggerAspect - *************************************
2022-10-12 23:50:29 [http-nio-8081-exec-7] INFO  com.capstone.aspect.LoggerAspect - During: class com.capstone.controller.emiController.getemiofAccount() with arguments=<200 OK OK,emi [s_no=2, loanaccno=202211012, loan_status=active, emi_amount=4762.0, upcomming_payment_date=2022-11-07, remaining_amount=110000.0],[]>
2022-10-12 23:50:29 [http-nio-8081-exec-7] INFO  com.capstone.aspect.LoggerAspect - *************************************
2022-10-12 23:50:31 [http-nio-8081-exec-8] INFO  com.capstone.aspect.LoggerAspect - Method name: com.capstone.controller.emiController
2022-10-12 23:50:31 [http-nio-8081-exec-8] INFO  com.capstone.aspect.LoggerAspect - Method arguments:[Ljava.lang.Object;@53393150
2022-10-12 23:50:31 [http-nio-8081-exec-8] INFO  com.capstone.aspect.LoggerAspect - *************************************
2022-10-12 23:50:31 [http-nio-8081-exec-8] INFO  com.capstone.aspect.LoggerAspect - Method name: com.capstone.service.emiServiceImp
2022-10-12 23:50:31 [http-nio-8081-exec-8] INFO  com.capstone.aspect.LoggerAspect - Method arguments:[Ljava.lang.Object;@1528272
2022-10-12 23:50:31 [http-nio-8081-exec-8] INFO  com.capstone.aspect.LoggerAspect - *************************************
2022-10-12 23:50:31 [http-nio-8081-exec-8] INFO  com.capstone.aspect.LoggerAspect - During: class com.capstone.service.emiServiceImp.getEmiData() with arguments=emi [s_no=2, loanaccno=202211012, loan_status=active, emi_amount=4762.0, upcomming_payment_date=2022-11-07, remaining_amount=110000.0]
2022-10-12 23:50:31 [http-nio-8081-exec-8] INFO  com.capstone.aspect.LoggerAspect - *************************************
2022-10-12 23:50:31 [http-nio-8081-exec-8] INFO  com.capstone.aspect.LoggerAspect - Method name: com.capstone.service.emiServiceImp
2022-10-12 23:50:31 [http-nio-8081-exec-8] INFO  com.capstone.aspect.LoggerAspect - Method arguments:[Ljava.lang.Object;@2e2193f3
2022-10-12 23:50:31 [http-nio-8081-exec-8] INFO  com.capstone.aspect.LoggerAspect - *************************************
2022-10-12 23:50:31 [http-nio-8081-exec-8] INFO  com.capstone.aspect.LoggerAspect - During: class com.capstone.service.emiServiceImp.getEmiData() with arguments=emi [s_no=2, loanaccno=202211012, loan_status=active, emi_amount=4762.0, upcomming_payment_date=2022-11-07, remaining_amount=110000.0]
2022-10-12 23:50:31 [http-nio-8081-exec-8] INFO  com.capstone.aspect.LoggerAspect - *************************************
2022-10-12 23:50:31 [http-nio-8081-exec-8] INFO  com.capstone.aspect.LoggerAspect - During: class com.capstone.controller.emiController.getemiofAccount() with arguments=<200 OK OK,emi [s_no=2, loanaccno=202211012, loan_status=active, emi_amount=4762.0, upcomming_payment_date=2022-11-07, remaining_amount=110000.0],[]>
2022-10-12 23:50:31 [http-nio-8081-exec-8] INFO  com.capstone.aspect.LoggerAspect - *************************************
2022-10-12 23:50:35 [http-nio-8081-exec-9] INFO  com.capstone.aspect.LoggerAspect - Method name: com.capstone.controller.emiController
2022-10-12 23:50:35 [http-nio-8081-exec-9] INFO  com.capstone.aspect.LoggerAspect - Method arguments:[Ljava.lang.Object;@129c53d0
2022-10-12 23:50:35 [http-nio-8081-exec-9] INFO  com.capstone.aspect.LoggerAspect - *************************************
2022-10-12 23:50:35 [http-nio-8081-exec-9] INFO  com.capstone.aspect.LoggerAspect - Method name: com.capstone.service.emiServiceImp
2022-10-12 23:50:35 [http-nio-8081-exec-9] INFO  com.capstone.aspect.LoggerAspect - Method arguments:[Ljava.lang.Object;@1c5bbff3
2022-10-12 23:50:35 [http-nio-8081-exec-9] INFO  com.capstone.aspect.LoggerAspect - *************************************
2022-10-12 23:50:35 [http-nio-8081-exec-9] INFO  com.capstone.aspect.LoggerAspect - During: class com.capstone.service.emiServiceImp.getEmiData() with arguments=emi [s_no=2, loanaccno=202211012, loan_status=active, emi_amount=4762.0, upcomming_payment_date=2022-11-07, remaining_amount=110000.0]
2022-10-12 23:50:35 [http-nio-8081-exec-9] INFO  com.capstone.aspect.LoggerAspect - *************************************
2022-10-12 23:50:35 [http-nio-8081-exec-9] INFO  com.capstone.aspect.LoggerAspect - Method name: com.capstone.service.emiServiceImp
2022-10-12 23:50:35 [http-nio-8081-exec-9] INFO  com.capstone.aspect.LoggerAspect - Method arguments:[Ljava.lang.Object;@50f23b1b
2022-10-12 23:50:35 [http-nio-8081-exec-9] INFO  com.capstone.aspect.LoggerAspect - *************************************
2022-10-12 23:50:35 [http-nio-8081-exec-9] INFO  com.capstone.aspect.LoggerAspect - During: class com.capstone.service.emiServiceImp.getEmiData() with arguments=emi [s_no=2, loanaccno=202211012, loan_status=active, emi_amount=4762.0, upcomming_payment_date=2022-11-07, remaining_amount=110000.0]
2022-10-12 23:50:35 [http-nio-8081-exec-9] INFO  com.capstone.aspect.LoggerAspect - *************************************
2022-10-12 23:50:35 [http-nio-8081-exec-9] INFO  com.capstone.aspect.LoggerAspect - During: class com.capstone.controller.emiController.getemiofAccount() with arguments=<200 OK OK,emi [s_no=2, loanaccno=202211012, loan_status=active, emi_amount=4762.0, upcomming_payment_date=2022-11-07, remaining_amount=110000.0],[]>
2022-10-12 23:50:35 [http-nio-8081-exec-9] INFO  com.capstone.aspect.LoggerAspect - *************************************
2022-10-12 23:50:38 [http-nio-8081-exec-10] INFO  com.capstone.aspect.LoggerAspect - Method name: com.capstone.controller.emiController
2022-10-12 23:50:38 [http-nio-8081-exec-10] INFO  com.capstone.aspect.LoggerAspect - Method arguments:[Ljava.lang.Object;@19595d7d
2022-10-12 23:50:38 [http-nio-8081-exec-10] INFO  com.capstone.aspect.LoggerAspect - *************************************
2022-10-12 23:50:38 [http-nio-8081-exec-10] INFO  com.capstone.aspect.LoggerAspect - Method name: com.capstone.service.emiServiceImp
2022-10-12 23:50:38 [http-nio-8081-exec-10] INFO  com.capstone.aspect.LoggerAspect - Method arguments:[Ljava.lang.Object;@421d10f5
2022-10-12 23:50:38 [http-nio-8081-exec-10] INFO  com.capstone.aspect.LoggerAspect - *************************************
2022-10-12 23:50:38 [http-nio-8081-exec-10] INFO  com.capstone.aspect.LoggerAspect - During: class com.capstone.service.emiServiceImp.getEmiData() with arguments=emi [s_no=1, loanaccno=202211011, loan_status=active, emi_amount=15910.0, upcomming_payment_date=2022-11-07, remaining_amount=1500000.0]
2022-10-12 23:50:38 [http-nio-8081-exec-10] INFO  com.capstone.aspect.LoggerAspect - *************************************
2022-10-12 23:50:38 [http-nio-8081-exec-10] INFO  com.capstone.aspect.LoggerAspect - Method name: com.capstone.service.emiServiceImp
2022-10-12 23:50:38 [http-nio-8081-exec-10] INFO  com.capstone.aspect.LoggerAspect - Method arguments:[Ljava.lang.Object;@29ac338a
2022-10-12 23:50:38 [http-nio-8081-exec-10] INFO  com.capstone.aspect.LoggerAspect - *************************************
2022-10-12 23:50:38 [http-nio-8081-exec-10] INFO  com.capstone.aspect.LoggerAspect - During: class com.capstone.service.emiServiceImp.getEmiData() with arguments=emi [s_no=1, loanaccno=202211011, loan_status=active, emi_amount=15910.0, upcomming_payment_date=2022-11-07, remaining_amount=1500000.0]
2022-10-12 23:50:38 [http-nio-8081-exec-10] INFO  com.capstone.aspect.LoggerAspect - *************************************
2022-10-12 23:50:38 [http-nio-8081-exec-10] INFO  com.capstone.aspect.LoggerAspect - During: class com.capstone.controller.emiController.getemiofAccount() with arguments=<200 OK OK,emi [s_no=1, loanaccno=202211011, loan_status=active, emi_amount=15910.0, upcomming_payment_date=2022-11-07, remaining_amount=1500000.0],[]>
2022-10-12 23:50:38 [http-nio-8081-exec-10] INFO  com.capstone.aspect.LoggerAspect - *************************************
2022-10-12 23:50:39 [http-nio-8081-exec-1] INFO  com.capstone.aspect.LoggerAspect - Method name: com.capstone.controller.emiController
2022-10-12 23:50:39 [http-nio-8081-exec-1] INFO  com.capstone.aspect.LoggerAspect - Method arguments:[Ljava.lang.Object;@1b7afb95
2022-10-12 23:50:39 [http-nio-8081-exec-1] INFO  com.capstone.aspect.LoggerAspect - *************************************
2022-10-12 23:50:39 [http-nio-8081-exec-1] INFO  com.capstone.aspect.LoggerAspect - Method name: com.capstone.service.emiServiceImp
2022-10-12 23:50:39 [http-nio-8081-exec-1] INFO  com.capstone.aspect.LoggerAspect - Method arguments:[Ljava.lang.Object;@d7d23d5
2022-10-12 23:50:39 [http-nio-8081-exec-1] INFO  com.capstone.aspect.LoggerAspect - *************************************
2022-10-12 23:50:39 [http-nio-8081-exec-1] INFO  com.capstone.aspect.LoggerAspect - During: class com.capstone.service.emiServiceImp.getEmiData() with arguments=emi [s_no=1, loanaccno=202211011, loan_status=active, emi_amount=15910.0, upcomming_payment_date=2022-11-07, remaining_amount=1500000.0]
2022-10-12 23:50:39 [http-nio-8081-exec-1] INFO  com.capstone.aspect.LoggerAspect - *************************************
2022-10-12 23:50:39 [http-nio-8081-exec-1] INFO  com.capstone.aspect.LoggerAspect - Method name: com.capstone.service.emiServiceImp
2022-10-12 23:50:39 [http-nio-8081-exec-1] INFO  com.capstone.aspect.LoggerAspect - Method arguments:[Ljava.lang.Object;@60ea7c71
2022-10-12 23:50:39 [http-nio-8081-exec-1] INFO  com.capstone.aspect.LoggerAspect - *************************************
2022-10-12 23:50:39 [http-nio-8081-exec-1] INFO  com.capstone.aspect.LoggerAspect - During: class com.capstone.service.emiServiceImp.getEmiData() with arguments=emi [s_no=1, loanaccno=202211011, loan_status=active, emi_amount=15910.0, upcomming_payment_date=2022-11-07, remaining_amount=1500000.0]
2022-10-12 23:50:39 [http-nio-8081-exec-1] INFO  com.capstone.aspect.LoggerAspect - *************************************
2022-10-12 23:50:39 [http-nio-8081-exec-1] INFO  com.capstone.aspect.LoggerAspect - During: class com.capstone.controller.emiController.getemiofAccount() with arguments=<200 OK OK,emi [s_no=1, loanaccno=202211011, loan_status=active, emi_amount=15910.0, upcomming_payment_date=2022-11-07, remaining_amount=1500000.0],[]>
2022-10-12 23:50:39 [http-nio-8081-exec-1] INFO  com.capstone.aspect.LoggerAspect - *************************************
2022-10-12 23:51:25 [http-nio-8081-exec-2] INFO  com.capstone.aspect.LoggerAspect - Method name: com.capstone.controller.emiController
2022-10-12 23:51:25 [http-nio-8081-exec-2] INFO  com.capstone.aspect.LoggerAspect - Method arguments:[Ljava.lang.Object;@706dce8
2022-10-12 23:51:25 [http-nio-8081-exec-2] INFO  com.capstone.aspect.LoggerAspect - *************************************
2022-10-12 23:51:25 [http-nio-8081-exec-2] INFO  com.capstone.aspect.LoggerAspect - Method name: com.capstone.service.emiServiceImp
2022-10-12 23:51:25 [http-nio-8081-exec-2] INFO  com.capstone.aspect.LoggerAspect - Method arguments:[Ljava.lang.Object;@310a69bc
2022-10-12 23:51:25 [http-nio-8081-exec-2] INFO  com.capstone.aspect.LoggerAspect - *************************************
2022-10-12 23:51:25 [http-nio-8081-exec-2] INFO  com.capstone.aspect.LoggerAspect - During: class com.capstone.service.emiServiceImp.getEmiData() with arguments=emi [s_no=1, loanaccno=202211011, loan_status=active, emi_amount=15910.0, upcomming_payment_date=2022-11-07, remaining_amount=1500000.0]
2022-10-12 23:51:25 [http-nio-8081-exec-2] INFO  com.capstone.aspect.LoggerAspect - *************************************
2022-10-12 23:51:25 [http-nio-8081-exec-2] INFO  com.capstone.aspect.LoggerAspect - Method name: com.capstone.service.emiServiceImp
2022-10-12 23:51:25 [http-nio-8081-exec-2] INFO  com.capstone.aspect.LoggerAspect - Method arguments:[Ljava.lang.Object;@52d6c129
2022-10-12 23:51:25 [http-nio-8081-exec-2] INFO  com.capstone.aspect.LoggerAspect - *************************************
2022-10-12 23:51:25 [http-nio-8081-exec-2] INFO  com.capstone.aspect.LoggerAspect - During: class com.capstone.service.emiServiceImp.getEmiData() with arguments=emi [s_no=1, loanaccno=202211011, loan_status=active, emi_amount=15910.0, upcomming_payment_date=2022-11-07, remaining_amount=1500000.0]
2022-10-12 23:51:25 [http-nio-8081-exec-2] INFO  com.capstone.aspect.LoggerAspect - *************************************
2022-10-12 23:51:25 [http-nio-8081-exec-2] INFO  com.capstone.aspect.LoggerAspect - During: class com.capstone.controller.emiController.getemiofAccount() with arguments=<200 OK OK,emi [s_no=1, loanaccno=202211011, loan_status=active, emi_amount=15910.0, upcomming_payment_date=2022-11-07, remaining_amount=1500000.0],[]>
2022-10-12 23:51:25 [http-nio-8081-exec-2] INFO  com.capstone.aspect.LoggerAspect - *************************************
2022-10-12 23:51:33 [http-nio-8081-exec-3] INFO  com.capstone.aspect.LoggerAspect - Method name: com.capstone.controller.emiController
2022-10-12 23:51:33 [http-nio-8081-exec-3] INFO  com.capstone.aspect.LoggerAspect - Method arguments:[Ljava.lang.Object;@45c358b1
2022-10-12 23:51:33 [http-nio-8081-exec-3] INFO  com.capstone.aspect.LoggerAspect - *************************************
2022-10-12 23:51:33 [http-nio-8081-exec-3] INFO  com.capstone.aspect.LoggerAspect - Method name: com.capstone.service.emiServiceImp
2022-10-12 23:51:33 [http-nio-8081-exec-3] INFO  com.capstone.aspect.LoggerAspect - Method arguments:[Ljava.lang.Object;@6ea8de3f
2022-10-12 23:51:33 [http-nio-8081-exec-3] INFO  com.capstone.aspect.LoggerAspect - *************************************
2022-10-12 23:51:33 [http-nio-8081-exec-3] INFO  com.capstone.aspect.LoggerAspect - During: class com.capstone.service.emiServiceImp.getEmiData() with arguments=emi [s_no=1, loanaccno=202211011, loan_status=active, emi_amount=15910.0, upcomming_payment_date=2022-11-07, remaining_amount=1500000.0]
2022-10-12 23:51:33 [http-nio-8081-exec-3] INFO  com.capstone.aspect.LoggerAspect - *************************************
2022-10-12 23:51:33 [http-nio-8081-exec-3] INFO  com.capstone.aspect.LoggerAspect - Method name: com.capstone.service.emiServiceImp
2022-10-12 23:51:33 [http-nio-8081-exec-3] INFO  com.capstone.aspect.LoggerAspect - Method arguments:[Ljava.lang.Object;@d2d7a13
2022-10-12 23:51:33 [http-nio-8081-exec-3] INFO  com.capstone.aspect.LoggerAspect - *************************************
2022-10-12 23:51:33 [http-nio-8081-exec-3] INFO  com.capstone.aspect.LoggerAspect - During: class com.capstone.service.emiServiceImp.getEmiData() with arguments=emi [s_no=1, loanaccno=202211011, loan_status=active, emi_amount=15910.0, upcomming_payment_date=2022-11-07, remaining_amount=1500000.0]
2022-10-12 23:51:33 [http-nio-8081-exec-3] INFO  com.capstone.aspect.LoggerAspect - *************************************
2022-10-12 23:51:33 [http-nio-8081-exec-3] INFO  com.capstone.aspect.LoggerAspect - During: class com.capstone.controller.emiController.getemiofAccount() with arguments=<200 OK OK,emi [s_no=1, loanaccno=202211011, loan_status=active, emi_amount=15910.0, upcomming_payment_date=2022-11-07, remaining_amount=1500000.0],[]>
2022-10-12 23:51:33 [http-nio-8081-exec-3] INFO  com.capstone.aspect.LoggerAspect - *************************************
2022-10-12 23:52:08 [AsyncResolver-bootstrap-executor-0] INFO  c.n.d.s.r.aws.ConfigClusterResolver - Resolving eureka endpoints via configuration
2022-10-12 23:53:18 [http-nio-8081-exec-5] INFO  com.capstone.aspect.LoggerAspect - Method name: com.capstone.controller.emiController
2022-10-12 23:53:18 [http-nio-8081-exec-5] INFO  com.capstone.aspect.LoggerAspect - Method arguments:[Ljava.lang.Object;@28f8dfc0
2022-10-12 23:53:18 [http-nio-8081-exec-5] INFO  com.capstone.aspect.LoggerAspect - *************************************
2022-10-12 23:53:18 [http-nio-8081-exec-5] INFO  com.capstone.aspect.LoggerAspect - Method name: com.capstone.service.emiServiceImp
2022-10-12 23:53:18 [http-nio-8081-exec-5] INFO  com.capstone.aspect.LoggerAspect - Method arguments:[Ljava.lang.Object;@27170a60
2022-10-12 23:53:18 [http-nio-8081-exec-5] INFO  com.capstone.aspect.LoggerAspect - *************************************
2022-10-12 23:53:18 [http-nio-8081-exec-5] INFO  com.capstone.aspect.LoggerAspect - During: class com.capstone.service.emiServiceImp.getEmiData() with arguments=emi [s_no=1, loanaccno=202211011, loan_status=active, emi_amount=15910.0, upcomming_payment_date=2022-11-07, remaining_amount=1500000.0]
2022-10-12 23:53:18 [http-nio-8081-exec-5] INFO  com.capstone.aspect.LoggerAspect - *************************************
2022-10-12 23:53:18 [http-nio-8081-exec-5] INFO  com.capstone.aspect.LoggerAspect - Method name: com.capstone.service.emiServiceImp
2022-10-12 23:53:18 [http-nio-8081-exec-5] INFO  com.capstone.aspect.LoggerAspect - Method arguments:[Ljava.lang.Object;@33520387
2022-10-12 23:53:18 [http-nio-8081-exec-5] INFO  com.capstone.aspect.LoggerAspect - *************************************
2022-10-12 23:53:18 [http-nio-8081-exec-5] INFO  com.capstone.aspect.LoggerAspect - During: class com.capstone.service.emiServiceImp.getEmiData() with arguments=emi [s_no=1, loanaccno=202211011, loan_status=active, emi_amount=15910.0, upcomming_payment_date=2022-11-07, remaining_amount=1500000.0]
2022-10-12 23:53:18 [http-nio-8081-exec-5] INFO  com.capstone.aspect.LoggerAspect - *************************************
2022-10-12 23:53:18 [http-nio-8081-exec-5] INFO  com.capstone.aspect.LoggerAspect - During: class com.capstone.controller.emiController.getemiofAccount() with arguments=<200 OK OK,emi [s_no=1, loanaccno=202211011, loan_status=active, emi_amount=15910.0, upcomming_payment_date=2022-11-07, remaining_amount=1500000.0],[]>
2022-10-12 23:53:18 [http-nio-8081-exec-5] INFO  com.capstone.aspect.LoggerAspect - *************************************
2022-10-12 23:53:36 [http-nio-8081-exec-7] INFO  com.capstone.aspect.LoggerAspect - Method name: com.capstone.controller.emiController
2022-10-12 23:53:36 [http-nio-8081-exec-7] INFO  com.capstone.aspect.LoggerAspect - Method arguments:[Ljava.lang.Object;@13c72541
2022-10-12 23:53:36 [http-nio-8081-exec-7] INFO  com.capstone.aspect.LoggerAspect - *************************************
2022-10-12 23:53:36 [http-nio-8081-exec-7] INFO  com.capstone.aspect.LoggerAspect - Method name: com.capstone.service.emiServiceImp
2022-10-12 23:53:36 [http-nio-8081-exec-7] INFO  com.capstone.aspect.LoggerAspect - Method arguments:[Ljava.lang.Object;@486bf015
2022-10-12 23:53:36 [http-nio-8081-exec-7] INFO  com.capstone.aspect.LoggerAspect - *************************************
2022-10-12 23:53:36 [http-nio-8081-exec-7] INFO  com.capstone.aspect.LoggerAspect - During: class com.capstone.service.emiServiceImp.getEmiData() with arguments=emi [s_no=1, loanaccno=202211011, loan_status=active, emi_amount=15910.0, upcomming_payment_date=2022-11-07, remaining_amount=1500000.0]
2022-10-12 23:53:36 [http-nio-8081-exec-7] INFO  com.capstone.aspect.LoggerAspect - *************************************
2022-10-12 23:53:36 [http-nio-8081-exec-7] INFO  com.capstone.aspect.LoggerAspect - Method name: com.capstone.service.emiServiceImp
2022-10-12 23:53:36 [http-nio-8081-exec-7] INFO  com.capstone.aspect.LoggerAspect - Method arguments:[Ljava.lang.Object;@517b4237
2022-10-12 23:53:36 [http-nio-8081-exec-7] INFO  com.capstone.aspect.LoggerAspect - *************************************
2022-10-12 23:53:36 [http-nio-8081-exec-7] INFO  com.capstone.aspect.LoggerAspect - During: class com.capstone.service.emiServiceImp.getEmiData() with arguments=emi [s_no=1, loanaccno=202211011, loan_status=active, emi_amount=15910.0, upcomming_payment_date=2022-11-07, remaining_amount=1500000.0]
2022-10-12 23:53:36 [http-nio-8081-exec-7] INFO  com.capstone.aspect.LoggerAspect - *************************************
2022-10-12 23:53:36 [http-nio-8081-exec-7] INFO  com.capstone.aspect.LoggerAspect - During: class com.capstone.controller.emiController.getemiofAccount() with arguments=<200 OK OK,emi [s_no=1, loanaccno=202211011, loan_status=active, emi_amount=15910.0, upcomming_payment_date=2022-11-07, remaining_amount=1500000.0],[]>
2022-10-12 23:53:36 [http-nio-8081-exec-7] INFO  com.capstone.aspect.LoggerAspect - *************************************
2022-10-12 23:53:45 [http-nio-8081-exec-9] INFO  com.capstone.aspect.LoggerAspect - Method name: com.capstone.controller.emiController
2022-10-12 23:53:45 [http-nio-8081-exec-9] INFO  com.capstone.aspect.LoggerAspect - Method arguments:[Ljava.lang.Object;@59efe549
2022-10-12 23:53:45 [http-nio-8081-exec-9] INFO  com.capstone.aspect.LoggerAspect - *************************************
2022-10-12 23:53:45 [http-nio-8081-exec-9] INFO  com.capstone.aspect.LoggerAspect - Method name: com.capstone.service.emiServiceImp
2022-10-12 23:53:45 [http-nio-8081-exec-9] INFO  com.capstone.aspect.LoggerAspect - Method arguments:[Ljava.lang.Object;@33913bb7
2022-10-12 23:53:45 [http-nio-8081-exec-9] INFO  com.capstone.aspect.LoggerAspect - *************************************
2022-10-12 23:53:45 [http-nio-8081-exec-9] INFO  com.capstone.aspect.LoggerAspect - During: class com.capstone.service.emiServiceImp.getEmiData() with arguments=emi [s_no=1, loanaccno=202211011, loan_status=active, emi_amount=15910.0, upcomming_payment_date=2022-11-07, remaining_amount=1500000.0]
2022-10-12 23:53:45 [http-nio-8081-exec-9] INFO  com.capstone.aspect.LoggerAspect - *************************************
2022-10-12 23:53:45 [http-nio-8081-exec-9] INFO  com.capstone.aspect.LoggerAspect - Method name: com.capstone.service.emiServiceImp
2022-10-12 23:53:45 [http-nio-8081-exec-9] INFO  com.capstone.aspect.LoggerAspect - Method arguments:[Ljava.lang.Object;@641c3fc9
2022-10-12 23:53:45 [http-nio-8081-exec-9] INFO  com.capstone.aspect.LoggerAspect - *************************************
2022-10-12 23:53:45 [http-nio-8081-exec-9] INFO  com.capstone.aspect.LoggerAspect - During: class com.capstone.service.emiServiceImp.getEmiData() with arguments=emi [s_no=1, loanaccno=202211011, loan_status=active, emi_amount=15910.0, upcomming_payment_date=2022-11-07, remaining_amount=1500000.0]
2022-10-12 23:53:45 [http-nio-8081-exec-9] INFO  com.capstone.aspect.LoggerAspect - *************************************
2022-10-12 23:53:45 [http-nio-8081-exec-9] INFO  com.capstone.aspect.LoggerAspect - During: class com.capstone.controller.emiController.getemiofAccount() with arguments=<200 OK OK,emi [s_no=1, loanaccno=202211011, loan_status=active, emi_amount=15910.0, upcomming_payment_date=2022-11-07, remaining_amount=1500000.0],[]>
2022-10-12 23:53:45 [http-nio-8081-exec-9] INFO  com.capstone.aspect.LoggerAspect - *************************************
2022-10-12 23:53:47 [http-nio-8081-exec-10] INFO  com.capstone.aspect.LoggerAspect - Method name: com.capstone.controller.emiController
2022-10-12 23:53:47 [http-nio-8081-exec-10] INFO  com.capstone.aspect.LoggerAspect - Method arguments:[Ljava.lang.Object;@6422be2c
2022-10-12 23:53:48 [http-nio-8081-exec-10] INFO  com.capstone.aspect.LoggerAspect - *************************************
2022-10-12 23:53:48 [http-nio-8081-exec-10] INFO  com.capstone.aspect.LoggerAspect - Method name: com.capstone.service.emiServiceImp
2022-10-12 23:53:48 [http-nio-8081-exec-10] INFO  com.capstone.aspect.LoggerAspect - Method arguments:[Ljava.lang.Object;@72dce360
2022-10-12 23:53:48 [http-nio-8081-exec-10] INFO  com.capstone.aspect.LoggerAspect - *************************************
2022-10-12 23:53:48 [http-nio-8081-exec-10] INFO  com.capstone.aspect.LoggerAspect - During: class com.capstone.service.emiServiceImp.getEmiData() with arguments=emi [s_no=1, loanaccno=202211011, loan_status=active, emi_amount=15910.0, upcomming_payment_date=2022-11-07, remaining_amount=1500000.0]
2022-10-12 23:53:48 [http-nio-8081-exec-10] INFO  com.capstone.aspect.LoggerAspect - *************************************
2022-10-12 23:53:48 [http-nio-8081-exec-10] INFO  com.capstone.aspect.LoggerAspect - Method name: com.capstone.service.emiServiceImp
2022-10-12 23:53:48 [http-nio-8081-exec-10] INFO  com.capstone.aspect.LoggerAspect - Method arguments:[Ljava.lang.Object;@3dc3037d
2022-10-12 23:53:48 [http-nio-8081-exec-10] INFO  com.capstone.aspect.LoggerAspect - *************************************
2022-10-12 23:53:48 [http-nio-8081-exec-10] INFO  com.capstone.aspect.LoggerAspect - During: class com.capstone.service.emiServiceImp.getEmiData() with arguments=emi [s_no=1, loanaccno=202211011, loan_status=active, emi_amount=15910.0, upcomming_payment_date=2022-11-07, remaining_amount=1500000.0]
2022-10-12 23:53:48 [http-nio-8081-exec-10] INFO  com.capstone.aspect.LoggerAspect - *************************************
2022-10-12 23:53:48 [http-nio-8081-exec-10] INFO  com.capstone.aspect.LoggerAspect - During: class com.capstone.controller.emiController.getemiofAccount() with arguments=<200 OK OK,emi [s_no=1, loanaccno=202211011, loan_status=active, emi_amount=15910.0, upcomming_payment_date=2022-11-07, remaining_amount=1500000.0],[]>
2022-10-12 23:53:48 [http-nio-8081-exec-10] INFO  com.capstone.aspect.LoggerAspect - *************************************
2022-10-12 23:53:52 [http-nio-8081-exec-1] INFO  com.capstone.aspect.LoggerAspect - Method name: com.capstone.controller.emiController
2022-10-12 23:53:52 [http-nio-8081-exec-1] INFO  com.capstone.aspect.LoggerAspect - Method arguments:[Ljava.lang.Object;@1d9f1afe
2022-10-12 23:53:52 [http-nio-8081-exec-1] INFO  com.capstone.aspect.LoggerAspect - *************************************
2022-10-12 23:53:52 [http-nio-8081-exec-1] INFO  com.capstone.aspect.LoggerAspect - Method name: com.capstone.service.emiServiceImp
2022-10-12 23:53:52 [http-nio-8081-exec-1] INFO  com.capstone.aspect.LoggerAspect - Method arguments:[Ljava.lang.Object;@3cf308
2022-10-12 23:53:52 [http-nio-8081-exec-1] INFO  com.capstone.aspect.LoggerAspect - *************************************
2022-10-12 23:53:52 [http-nio-8081-exec-1] INFO  com.capstone.aspect.LoggerAspect - During: class com.capstone.service.emiServiceImp.getEmiData() with arguments=emi [s_no=1, loanaccno=202211011, loan_status=active, emi_amount=15910.0, upcomming_payment_date=2022-11-07, remaining_amount=1500000.0]
2022-10-12 23:53:52 [http-nio-8081-exec-1] INFO  com.capstone.aspect.LoggerAspect - *************************************
2022-10-12 23:53:52 [http-nio-8081-exec-1] INFO  com.capstone.aspect.LoggerAspect - Method name: com.capstone.service.emiServiceImp
2022-10-12 23:53:52 [http-nio-8081-exec-1] INFO  com.capstone.aspect.LoggerAspect - Method arguments:[Ljava.lang.Object;@101cc04
2022-10-12 23:53:52 [http-nio-8081-exec-1] INFO  com.capstone.aspect.LoggerAspect - *************************************
2022-10-12 23:53:52 [http-nio-8081-exec-1] INFO  com.capstone.aspect.LoggerAspect - During: class com.capstone.service.emiServiceImp.getEmiData() with arguments=emi [s_no=1, loanaccno=202211011, loan_status=active, emi_amount=15910.0, upcomming_payment_date=2022-11-07, remaining_amount=1500000.0]
2022-10-12 23:53:53 [http-nio-8081-exec-1] INFO  com.capstone.aspect.LoggerAspect - *************************************
2022-10-12 23:53:53 [http-nio-8081-exec-1] INFO  com.capstone.aspect.LoggerAspect - During: class com.capstone.controller.emiController.getemiofAccount() with arguments=<200 OK OK,emi [s_no=1, loanaccno=202211011, loan_status=active, emi_amount=15910.0, upcomming_payment_date=2022-11-07, remaining_amount=1500000.0],[]>
2022-10-12 23:53:53 [http-nio-8081-exec-1] INFO  com.capstone.aspect.LoggerAspect - *************************************
2022-10-12 23:54:05 [http-nio-8081-exec-3] INFO  com.capstone.aspect.LoggerAspect - Method name: com.capstone.controller.emiController
2022-10-12 23:54:05 [http-nio-8081-exec-3] INFO  com.capstone.aspect.LoggerAspect - Method arguments:[Ljava.lang.Object;@35cf71cd
2022-10-12 23:54:05 [http-nio-8081-exec-3] INFO  com.capstone.aspect.LoggerAspect - *************************************
2022-10-12 23:54:05 [http-nio-8081-exec-3] INFO  com.capstone.aspect.LoggerAspect - Method name: com.capstone.service.emiServiceImp
2022-10-12 23:54:05 [http-nio-8081-exec-3] INFO  com.capstone.aspect.LoggerAspect - Method arguments:[Ljava.lang.Object;@768eed8e
2022-10-12 23:54:05 [http-nio-8081-exec-3] INFO  com.capstone.aspect.LoggerAspect - *************************************
2022-10-12 23:54:05 [http-nio-8081-exec-3] INFO  com.capstone.aspect.LoggerAspect - During: class com.capstone.service.emiServiceImp.getEmiData() with arguments=emi [s_no=1, loanaccno=202211011, loan_status=active, emi_amount=15910.0, upcomming_payment_date=2022-11-07, remaining_amount=1500000.0]
2022-10-12 23:54:05 [http-nio-8081-exec-3] INFO  com.capstone.aspect.LoggerAspect - *************************************
2022-10-12 23:54:05 [http-nio-8081-exec-3] INFO  com.capstone.aspect.LoggerAspect - Method name: com.capstone.service.emiServiceImp
2022-10-12 23:54:05 [http-nio-8081-exec-3] INFO  com.capstone.aspect.LoggerAspect - Method arguments:[Ljava.lang.Object;@734e23cb
2022-10-12 23:54:05 [http-nio-8081-exec-3] INFO  com.capstone.aspect.LoggerAspect - *************************************
2022-10-12 23:54:05 [http-nio-8081-exec-3] INFO  com.capstone.aspect.LoggerAspect - During: class com.capstone.service.emiServiceImp.getEmiData() with arguments=emi [s_no=1, loanaccno=202211011, loan_status=active, emi_amount=15910.0, upcomming_payment_date=2022-11-07, remaining_amount=1500000.0]
2022-10-12 23:54:05 [http-nio-8081-exec-3] INFO  com.capstone.aspect.LoggerAspect - *************************************
2022-10-12 23:54:05 [http-nio-8081-exec-3] INFO  com.capstone.aspect.LoggerAspect - During: class com.capstone.controller.emiController.getemiofAccount() with arguments=<200 OK OK,emi [s_no=1, loanaccno=202211011, loan_status=active, emi_amount=15910.0, upcomming_payment_date=2022-11-07, remaining_amount=1500000.0],[]>
2022-10-12 23:54:05 [http-nio-8081-exec-3] INFO  com.capstone.aspect.LoggerAspect - *************************************
2022-10-12 23:54:38 [http-nio-8081-exec-5] INFO  com.capstone.aspect.LoggerAspect - Method name: com.capstone.controller.emiController
2022-10-12 23:54:38 [http-nio-8081-exec-5] INFO  com.capstone.aspect.LoggerAspect - Method arguments:[Ljava.lang.Object;@22488629
2022-10-12 23:54:38 [http-nio-8081-exec-5] INFO  com.capstone.aspect.LoggerAspect - *************************************
2022-10-12 23:54:38 [http-nio-8081-exec-5] INFO  com.capstone.aspect.LoggerAspect - Method name: com.capstone.service.emiServiceImp
2022-10-12 23:54:38 [http-nio-8081-exec-5] INFO  com.capstone.aspect.LoggerAspect - Method arguments:[Ljava.lang.Object;@3217203f
2022-10-12 23:54:38 [http-nio-8081-exec-5] INFO  com.capstone.aspect.LoggerAspect - *************************************
2022-10-12 23:54:38 [http-nio-8081-exec-5] INFO  com.capstone.aspect.LoggerAspect - During: class com.capstone.service.emiServiceImp.getEmiData() with arguments=emi [s_no=1, loanaccno=202211011, loan_status=active, emi_amount=15910.0, upcomming_payment_date=2022-11-07, remaining_amount=1500000.0]
2022-10-12 23:54:38 [http-nio-8081-exec-5] INFO  com.capstone.aspect.LoggerAspect - *************************************
2022-10-12 23:54:38 [http-nio-8081-exec-5] INFO  com.capstone.aspect.LoggerAspect - Method name: com.capstone.service.emiServiceImp
2022-10-12 23:54:38 [http-nio-8081-exec-5] INFO  com.capstone.aspect.LoggerAspect - Method arguments:[Ljava.lang.Object;@1381fc3f
2022-10-12 23:54:38 [http-nio-8081-exec-5] INFO  com.capstone.aspect.LoggerAspect - *************************************
2022-10-12 23:54:38 [http-nio-8081-exec-5] INFO  com.capstone.aspect.LoggerAspect - During: class com.capstone.service.emiServiceImp.getEmiData() with arguments=emi [s_no=1, loanaccno=202211011, loan_status=active, emi_amount=15910.0, upcomming_payment_date=2022-11-07, remaining_amount=1500000.0]
2022-10-12 23:54:38 [http-nio-8081-exec-5] INFO  com.capstone.aspect.LoggerAspect - *************************************
2022-10-12 23:54:38 [http-nio-8081-exec-5] INFO  com.capstone.aspect.LoggerAspect - During: class com.capstone.controller.emiController.getemiofAccount() with arguments=<200 OK OK,emi [s_no=1, loanaccno=202211011, loan_status=active, emi_amount=15910.0, upcomming_payment_date=2022-11-07, remaining_amount=1500000.0],[]>
2022-10-12 23:54:38 [http-nio-8081-exec-5] INFO  com.capstone.aspect.LoggerAspect - *************************************
2022-10-12 23:55:10 [http-nio-8081-exec-6] INFO  com.capstone.aspect.LoggerAspect - Method name: com.capstone.controller.emiController
2022-10-12 23:55:10 [http-nio-8081-exec-6] INFO  com.capstone.aspect.LoggerAspect - Method arguments:[Ljava.lang.Object;@59d52c53
2022-10-12 23:55:10 [http-nio-8081-exec-6] INFO  com.capstone.aspect.LoggerAspect - *************************************
2022-10-12 23:55:10 [http-nio-8081-exec-6] INFO  com.capstone.aspect.LoggerAspect - Method name: com.capstone.service.emiServiceImp
2022-10-12 23:55:10 [http-nio-8081-exec-6] INFO  com.capstone.aspect.LoggerAspect - Method arguments:[Ljava.lang.Object;@2ea83697
2022-10-12 23:55:10 [http-nio-8081-exec-6] INFO  com.capstone.aspect.LoggerAspect - *************************************
2022-10-12 23:55:10 [http-nio-8081-exec-6] INFO  com.capstone.aspect.LoggerAspect - During: class com.capstone.service.emiServiceImp.getEmiData() with arguments=emi [s_no=1, loanaccno=202211011, loan_status=active, emi_amount=15910.0, upcomming_payment_date=2022-11-07, remaining_amount=1500000.0]
2022-10-12 23:55:10 [http-nio-8081-exec-6] INFO  com.capstone.aspect.LoggerAspect - *************************************
2022-10-12 23:55:10 [http-nio-8081-exec-6] INFO  com.capstone.aspect.LoggerAspect - Method name: com.capstone.service.emiServiceImp
2022-10-12 23:55:10 [http-nio-8081-exec-6] INFO  com.capstone.aspect.LoggerAspect - Method arguments:[Ljava.lang.Object;@e1d317f
2022-10-12 23:55:10 [http-nio-8081-exec-6] INFO  com.capstone.aspect.LoggerAspect - *************************************
2022-10-12 23:55:10 [http-nio-8081-exec-6] INFO  com.capstone.aspect.LoggerAspect - During: class com.capstone.service.emiServiceImp.getEmiData() with arguments=emi [s_no=1, loanaccno=202211011, loan_status=active, emi_amount=15910.0, upcomming_payment_date=2022-11-07, remaining_amount=1500000.0]
2022-10-12 23:55:10 [http-nio-8081-exec-6] INFO  com.capstone.aspect.LoggerAspect - *************************************
2022-10-12 23:55:10 [http-nio-8081-exec-6] INFO  com.capstone.aspect.LoggerAspect - During: class com.capstone.controller.emiController.getemiofAccount() with arguments=<200 OK OK,emi [s_no=1, loanaccno=202211011, loan_status=active, emi_amount=15910.0, upcomming_payment_date=2022-11-07, remaining_amount=1500000.0],[]>
2022-10-12 23:55:10 [http-nio-8081-exec-6] INFO  com.capstone.aspect.LoggerAspect - *************************************
2022-10-12 23:55:45 [http-nio-8081-exec-7] INFO  com.capstone.aspect.LoggerAspect - Method name: com.capstone.controller.emiController
2022-10-12 23:55:45 [http-nio-8081-exec-7] INFO  com.capstone.aspect.LoggerAspect - Method arguments:[Ljava.lang.Object;@4217c47f
2022-10-12 23:55:45 [http-nio-8081-exec-7] INFO  com.capstone.aspect.LoggerAspect - *************************************
2022-10-12 23:55:45 [http-nio-8081-exec-7] INFO  com.capstone.aspect.LoggerAspect - Method name: com.capstone.service.emiServiceImp
2022-10-12 23:55:45 [http-nio-8081-exec-7] INFO  com.capstone.aspect.LoggerAspect - Method arguments:[Ljava.lang.Object;@24e71ca1
2022-10-12 23:55:45 [http-nio-8081-exec-7] INFO  com.capstone.aspect.LoggerAspect - *************************************
2022-10-12 23:55:45 [http-nio-8081-exec-7] INFO  com.capstone.aspect.LoggerAspect - During: class com.capstone.service.emiServiceImp.getEmiData() with arguments=emi [s_no=1, loanaccno=202211011, loan_status=active, emi_amount=15910.0, upcomming_payment_date=2022-11-07, remaining_amount=1500000.0]
2022-10-12 23:55:45 [http-nio-8081-exec-7] INFO  com.capstone.aspect.LoggerAspect - *************************************
2022-10-12 23:55:45 [http-nio-8081-exec-7] INFO  com.capstone.aspect.LoggerAspect - Method name: com.capstone.service.emiServiceImp
2022-10-12 23:55:45 [http-nio-8081-exec-7] INFO  com.capstone.aspect.LoggerAspect - Method arguments:[Ljava.lang.Object;@619aae80
2022-10-12 23:55:45 [http-nio-8081-exec-7] INFO  com.capstone.aspect.LoggerAspect - *************************************
2022-10-12 23:55:45 [http-nio-8081-exec-7] INFO  com.capstone.aspect.LoggerAspect - During: class com.capstone.service.emiServiceImp.getEmiData() with arguments=emi [s_no=1, loanaccno=202211011, loan_status=active, emi_amount=15910.0, upcomming_payment_date=2022-11-07, remaining_amount=1500000.0]
2022-10-12 23:55:45 [http-nio-8081-exec-7] INFO  com.capstone.aspect.LoggerAspect - *************************************
2022-10-12 23:55:45 [http-nio-8081-exec-7] INFO  com.capstone.aspect.LoggerAspect - During: class com.capstone.controller.emiController.getemiofAccount() with arguments=<200 OK OK,emi [s_no=1, loanaccno=202211011, loan_status=active, emi_amount=15910.0, upcomming_payment_date=2022-11-07, remaining_amount=1500000.0],[]>
2022-10-12 23:55:45 [http-nio-8081-exec-7] INFO  com.capstone.aspect.LoggerAspect - *************************************
2022-10-12 23:55:53 [http-nio-8081-exec-8] INFO  com.capstone.aspect.LoggerAspect - Method name: com.capstone.controller.emiController
2022-10-12 23:55:53 [http-nio-8081-exec-8] INFO  com.capstone.aspect.LoggerAspect - Method arguments:[Ljava.lang.Object;@4d90addc
2022-10-12 23:55:53 [http-nio-8081-exec-8] INFO  com.capstone.aspect.LoggerAspect - *************************************
2022-10-12 23:55:53 [http-nio-8081-exec-8] INFO  com.capstone.aspect.LoggerAspect - Method name: com.capstone.service.emiServiceImp
2022-10-12 23:55:53 [http-nio-8081-exec-8] INFO  com.capstone.aspect.LoggerAspect - Method arguments:[Ljava.lang.Object;@5bf45c92
2022-10-12 23:55:53 [http-nio-8081-exec-8] INFO  com.capstone.aspect.LoggerAspect - *************************************
2022-10-12 23:55:53 [http-nio-8081-exec-8] INFO  com.capstone.aspect.LoggerAspect - During: class com.capstone.service.emiServiceImp.getEmiData() with arguments=emi [s_no=1, loanaccno=202211011, loan_status=active, emi_amount=15910.0, upcomming_payment_date=2022-11-07, remaining_amount=1500000.0]
2022-10-12 23:55:53 [http-nio-8081-exec-8] INFO  com.capstone.aspect.LoggerAspect - *************************************
2022-10-12 23:55:53 [http-nio-8081-exec-8] INFO  com.capstone.aspect.LoggerAspect - Method name: com.capstone.service.emiServiceImp
2022-10-12 23:55:53 [http-nio-8081-exec-8] INFO  com.capstone.aspect.LoggerAspect - Method arguments:[Ljava.lang.Object;@89663d8
2022-10-12 23:55:53 [http-nio-8081-exec-8] INFO  com.capstone.aspect.LoggerAspect - *************************************
2022-10-12 23:55:53 [http-nio-8081-exec-8] INFO  com.capstone.aspect.LoggerAspect - During: class com.capstone.service.emiServiceImp.getEmiData() with arguments=emi [s_no=1, loanaccno=202211011, loan_status=active, emi_amount=15910.0, upcomming_payment_date=2022-11-07, remaining_amount=1500000.0]
2022-10-12 23:55:53 [http-nio-8081-exec-8] INFO  com.capstone.aspect.LoggerAspect - *************************************
2022-10-12 23:55:53 [http-nio-8081-exec-8] INFO  com.capstone.aspect.LoggerAspect - During: class com.capstone.controller.emiController.getemiofAccount() with arguments=<200 OK OK,emi [s_no=1, loanaccno=202211011, loan_status=active, emi_amount=15910.0, upcomming_payment_date=2022-11-07, remaining_amount=1500000.0],[]>
2022-10-12 23:55:53 [http-nio-8081-exec-8] INFO  com.capstone.aspect.LoggerAspect - *************************************
2022-10-12 23:55:55 [http-nio-8081-exec-9] INFO  com.capstone.aspect.LoggerAspect - Method name: com.capstone.controller.emiController
2022-10-12 23:55:55 [http-nio-8081-exec-9] INFO  com.capstone.aspect.LoggerAspect - Method arguments:[Ljava.lang.Object;@4b606b97
2022-10-12 23:55:55 [http-nio-8081-exec-9] INFO  com.capstone.aspect.LoggerAspect - *************************************
2022-10-12 23:55:55 [http-nio-8081-exec-9] INFO  com.capstone.aspect.LoggerAspect - Method name: com.capstone.service.emiServiceImp
2022-10-12 23:55:55 [http-nio-8081-exec-9] INFO  com.capstone.aspect.LoggerAspect - Method arguments:[Ljava.lang.Object;@3cfb2457
2022-10-12 23:55:55 [http-nio-8081-exec-9] INFO  com.capstone.aspect.LoggerAspect - *************************************
2022-10-12 23:55:55 [http-nio-8081-exec-9] INFO  com.capstone.aspect.LoggerAspect - During: class com.capstone.service.emiServiceImp.getEmiData() with arguments=emi [s_no=1, loanaccno=202211011, loan_status=active, emi_amount=15910.0, upcomming_payment_date=2022-11-07, remaining_amount=1500000.0]
2022-10-12 23:55:56 [http-nio-8081-exec-9] INFO  com.capstone.aspect.LoggerAspect - *************************************
2022-10-12 23:55:56 [http-nio-8081-exec-9] INFO  com.capstone.aspect.LoggerAspect - Method name: com.capstone.service.emiServiceImp
2022-10-12 23:55:56 [http-nio-8081-exec-9] INFO  com.capstone.aspect.LoggerAspect - Method arguments:[Ljava.lang.Object;@48fd8e42
2022-10-12 23:55:56 [http-nio-8081-exec-9] INFO  com.capstone.aspect.LoggerAspect - *************************************
2022-10-12 23:55:56 [http-nio-8081-exec-9] INFO  com.capstone.aspect.LoggerAspect - During: class com.capstone.service.emiServiceImp.getEmiData() with arguments=emi [s_no=1, loanaccno=202211011, loan_status=active, emi_amount=15910.0, upcomming_payment_date=2022-11-07, remaining_amount=1500000.0]
2022-10-12 23:55:56 [http-nio-8081-exec-9] INFO  com.capstone.aspect.LoggerAspect - *************************************
2022-10-12 23:55:56 [http-nio-8081-exec-9] INFO  com.capstone.aspect.LoggerAspect - During: class com.capstone.controller.emiController.getemiofAccount() with arguments=<200 OK OK,emi [s_no=1, loanaccno=202211011, loan_status=active, emi_amount=15910.0, upcomming_payment_date=2022-11-07, remaining_amount=1500000.0],[]>
2022-10-12 23:55:56 [http-nio-8081-exec-9] INFO  com.capstone.aspect.LoggerAspect - *************************************
2022-10-12 23:56:13 [http-nio-8081-exec-10] INFO  com.capstone.aspect.LoggerAspect - Method name: com.capstone.controller.emiController
2022-10-12 23:56:13 [http-nio-8081-exec-10] INFO  com.capstone.aspect.LoggerAspect - Method arguments:[Ljava.lang.Object;@7f29a8e5
2022-10-12 23:56:13 [http-nio-8081-exec-10] INFO  com.capstone.aspect.LoggerAspect - *************************************
2022-10-12 23:56:13 [http-nio-8081-exec-10] INFO  com.capstone.aspect.LoggerAspect - Method name: com.capstone.service.emiServiceImp
2022-10-12 23:56:13 [http-nio-8081-exec-10] INFO  com.capstone.aspect.LoggerAspect - Method arguments:[Ljava.lang.Object;@3e77cc16
2022-10-12 23:56:13 [http-nio-8081-exec-10] INFO  com.capstone.aspect.LoggerAspect - *************************************
2022-10-12 23:56:13 [http-nio-8081-exec-10] INFO  com.capstone.aspect.LoggerAspect - During: class com.capstone.service.emiServiceImp.getEmiData() with arguments=emi [s_no=1, loanaccno=202211011, loan_status=active, emi_amount=15910.0, upcomming_payment_date=2022-11-07, remaining_amount=1500000.0]
2022-10-12 23:56:13 [http-nio-8081-exec-10] INFO  com.capstone.aspect.LoggerAspect - *************************************
2022-10-12 23:56:13 [http-nio-8081-exec-10] INFO  com.capstone.aspect.LoggerAspect - Method name: com.capstone.service.emiServiceImp
2022-10-12 23:56:13 [http-nio-8081-exec-10] INFO  com.capstone.aspect.LoggerAspect - Method arguments:[Ljava.lang.Object;@3c28f696
2022-10-12 23:56:13 [http-nio-8081-exec-10] INFO  com.capstone.aspect.LoggerAspect - *************************************
2022-10-12 23:56:13 [http-nio-8081-exec-10] INFO  com.capstone.aspect.LoggerAspect - During: class com.capstone.service.emiServiceImp.getEmiData() with arguments=emi [s_no=1, loanaccno=202211011, loan_status=active, emi_amount=15910.0, upcomming_payment_date=2022-11-07, remaining_amount=1500000.0]
2022-10-12 23:56:13 [http-nio-8081-exec-10] INFO  com.capstone.aspect.LoggerAspect - *************************************
2022-10-12 23:56:13 [http-nio-8081-exec-10] INFO  com.capstone.aspect.LoggerAspect - During: class com.capstone.controller.emiController.getemiofAccount() with arguments=<200 OK OK,emi [s_no=1, loanaccno=202211011, loan_status=active, emi_amount=15910.0, upcomming_payment_date=2022-11-07, remaining_amount=1500000.0],[]>
2022-10-12 23:56:13 [http-nio-8081-exec-10] INFO  com.capstone.aspect.LoggerAspect - *************************************
2022-10-12 23:56:26 [http-nio-8081-exec-1] INFO  com.capstone.aspect.LoggerAspect - Method name: com.capstone.controller.emiController
2022-10-12 23:56:26 [http-nio-8081-exec-1] INFO  com.capstone.aspect.LoggerAspect - Method arguments:[Ljava.lang.Object;@13c23262
2022-10-12 23:56:26 [http-nio-8081-exec-1] INFO  com.capstone.aspect.LoggerAspect - *************************************
2022-10-12 23:56:26 [http-nio-8081-exec-1] INFO  com.capstone.aspect.LoggerAspect - Method name: com.capstone.service.emiServiceImp
2022-10-12 23:56:26 [http-nio-8081-exec-1] INFO  com.capstone.aspect.LoggerAspect - Method arguments:[Ljava.lang.Object;@1e5c7a6f
2022-10-12 23:56:26 [http-nio-8081-exec-1] INFO  com.capstone.aspect.LoggerAspect - *************************************
2022-10-12 23:56:26 [http-nio-8081-exec-1] INFO  com.capstone.aspect.LoggerAspect - During: class com.capstone.service.emiServiceImp.getEmiData() with arguments=emi [s_no=1, loanaccno=202211011, loan_status=active, emi_amount=15910.0, upcomming_payment_date=2022-11-07, remaining_amount=1500000.0]
2022-10-12 23:56:26 [http-nio-8081-exec-1] INFO  com.capstone.aspect.LoggerAspect - *************************************
2022-10-12 23:56:26 [http-nio-8081-exec-1] INFO  com.capstone.aspect.LoggerAspect - Method name: com.capstone.service.emiServiceImp
2022-10-12 23:56:26 [http-nio-8081-exec-1] INFO  com.capstone.aspect.LoggerAspect - Method arguments:[Ljava.lang.Object;@44dff073
2022-10-12 23:56:26 [http-nio-8081-exec-1] INFO  com.capstone.aspect.LoggerAspect - *************************************
2022-10-12 23:56:26 [http-nio-8081-exec-1] INFO  com.capstone.aspect.LoggerAspect - During: class com.capstone.service.emiServiceImp.getEmiData() with arguments=emi [s_no=1, loanaccno=202211011, loan_status=active, emi_amount=15910.0, upcomming_payment_date=2022-11-07, remaining_amount=1500000.0]
2022-10-12 23:56:26 [http-nio-8081-exec-1] INFO  com.capstone.aspect.LoggerAspect - *************************************
2022-10-12 23:56:26 [http-nio-8081-exec-1] INFO  com.capstone.aspect.LoggerAspect - During: class com.capstone.controller.emiController.getemiofAccount() with arguments=<200 OK OK,emi [s_no=1, loanaccno=202211011, loan_status=active, emi_amount=15910.0, upcomming_payment_date=2022-11-07, remaining_amount=1500000.0],[]>
2022-10-12 23:56:26 [http-nio-8081-exec-1] INFO  com.capstone.aspect.LoggerAspect - *************************************
2022-10-12 23:56:35 [http-nio-8081-exec-2] INFO  com.capstone.aspect.LoggerAspect - Method name: com.capstone.controller.emiController
2022-10-12 23:56:35 [http-nio-8081-exec-2] INFO  com.capstone.aspect.LoggerAspect - Method arguments:[Ljava.lang.Object;@3cafbc10
2022-10-12 23:56:35 [http-nio-8081-exec-2] INFO  com.capstone.aspect.LoggerAspect - *************************************
2022-10-12 23:56:35 [http-nio-8081-exec-2] INFO  com.capstone.aspect.LoggerAspect - Method name: com.capstone.service.emiServiceImp
2022-10-12 23:56:35 [http-nio-8081-exec-2] INFO  com.capstone.aspect.LoggerAspect - Method arguments:[Ljava.lang.Object;@9cafde2
2022-10-12 23:56:35 [http-nio-8081-exec-2] INFO  com.capstone.aspect.LoggerAspect - *************************************
2022-10-12 23:56:35 [http-nio-8081-exec-2] INFO  com.capstone.aspect.LoggerAspect - During: class com.capstone.service.emiServiceImp.getEmiData() with arguments=emi [s_no=1, loanaccno=202211011, loan_status=active, emi_amount=15910.0, upcomming_payment_date=2022-11-07, remaining_amount=1500000.0]
2022-10-12 23:56:35 [http-nio-8081-exec-2] INFO  com.capstone.aspect.LoggerAspect - *************************************
2022-10-12 23:56:35 [http-nio-8081-exec-2] INFO  com.capstone.aspect.LoggerAspect - Method name: com.capstone.service.emiServiceImp
2022-10-12 23:56:35 [http-nio-8081-exec-2] INFO  com.capstone.aspect.LoggerAspect - Method arguments:[Ljava.lang.Object;@26dcb92b
2022-10-12 23:56:35 [http-nio-8081-exec-2] INFO  com.capstone.aspect.LoggerAspect - *************************************
2022-10-12 23:56:35 [http-nio-8081-exec-2] INFO  com.capstone.aspect.LoggerAspect - During: class com.capstone.service.emiServiceImp.getEmiData() with arguments=emi [s_no=1, loanaccno=202211011, loan_status=active, emi_amount=15910.0, upcomming_payment_date=2022-11-07, remaining_amount=1500000.0]
2022-10-12 23:56:35 [http-nio-8081-exec-2] INFO  com.capstone.aspect.LoggerAspect - *************************************
2022-10-12 23:56:35 [http-nio-8081-exec-2] INFO  com.capstone.aspect.LoggerAspect - During: class com.capstone.controller.emiController.getemiofAccount() with arguments=<200 OK OK,emi [s_no=1, loanaccno=202211011, loan_status=active, emi_amount=15910.0, upcomming_payment_date=2022-11-07, remaining_amount=1500000.0],[]>
2022-10-12 23:56:35 [http-nio-8081-exec-2] INFO  com.capstone.aspect.LoggerAspect - *************************************
2022-10-12 23:56:46 [http-nio-8081-exec-3] INFO  com.capstone.aspect.LoggerAspect - Method name: com.capstone.controller.emiController
2022-10-12 23:56:46 [http-nio-8081-exec-3] INFO  com.capstone.aspect.LoggerAspect - Method arguments:[Ljava.lang.Object;@1aefa191
2022-10-12 23:56:46 [http-nio-8081-exec-3] INFO  com.capstone.aspect.LoggerAspect - *************************************
2022-10-12 23:56:46 [http-nio-8081-exec-3] INFO  com.capstone.aspect.LoggerAspect - Method name: com.capstone.service.emiServiceImp
2022-10-12 23:56:46 [http-nio-8081-exec-3] INFO  com.capstone.aspect.LoggerAspect - Method arguments:[Ljava.lang.Object;@4273b2c4
2022-10-12 23:56:46 [http-nio-8081-exec-3] INFO  com.capstone.aspect.LoggerAspect - *************************************
2022-10-12 23:56:46 [http-nio-8081-exec-3] INFO  com.capstone.aspect.LoggerAspect - During: class com.capstone.service.emiServiceImp.getEmiData() with arguments=emi [s_no=1, loanaccno=202211011, loan_status=active, emi_amount=15910.0, upcomming_payment_date=2022-11-07, remaining_amount=1500000.0]
2022-10-12 23:56:46 [http-nio-8081-exec-3] INFO  com.capstone.aspect.LoggerAspect - *************************************
2022-10-12 23:56:46 [http-nio-8081-exec-3] INFO  com.capstone.aspect.LoggerAspect - Method name: com.capstone.service.emiServiceImp
2022-10-12 23:56:46 [http-nio-8081-exec-3] INFO  com.capstone.aspect.LoggerAspect - Method arguments:[Ljava.lang.Object;@4c59cfd4
2022-10-12 23:56:46 [http-nio-8081-exec-3] INFO  com.capstone.aspect.LoggerAspect - *************************************
2022-10-12 23:56:46 [http-nio-8081-exec-3] INFO  com.capstone.aspect.LoggerAspect - During: class com.capstone.service.emiServiceImp.getEmiData() with arguments=emi [s_no=1, loanaccno=202211011, loan_status=active, emi_amount=15910.0, upcomming_payment_date=2022-11-07, remaining_amount=1500000.0]
2022-10-12 23:56:46 [http-nio-8081-exec-3] INFO  com.capstone.aspect.LoggerAspect - *************************************
2022-10-12 23:56:46 [http-nio-8081-exec-3] INFO  com.capstone.aspect.LoggerAspect - During: class com.capstone.controller.emiController.getemiofAccount() with arguments=<200 OK OK,emi [s_no=1, loanaccno=202211011, loan_status=active, emi_amount=15910.0, upcomming_payment_date=2022-11-07, remaining_amount=1500000.0],[]>
2022-10-12 23:56:46 [http-nio-8081-exec-3] INFO  com.capstone.aspect.LoggerAspect - *************************************
2022-10-12 23:57:07 [http-nio-8081-exec-4] INFO  com.capstone.aspect.LoggerAspect - Method name: com.capstone.controller.emiController
2022-10-12 23:57:07 [http-nio-8081-exec-4] INFO  com.capstone.aspect.LoggerAspect - Method arguments:[Ljava.lang.Object;@3629330a
2022-10-12 23:57:07 [http-nio-8081-exec-4] INFO  com.capstone.aspect.LoggerAspect - *************************************
2022-10-12 23:57:07 [http-nio-8081-exec-4] INFO  com.capstone.aspect.LoggerAspect - Method name: com.capstone.service.emiServiceImp
2022-10-12 23:57:07 [http-nio-8081-exec-4] INFO  com.capstone.aspect.LoggerAspect - Method arguments:[Ljava.lang.Object;@220ef98b
2022-10-12 23:57:07 [http-nio-8081-exec-4] INFO  com.capstone.aspect.LoggerAspect - *************************************
2022-10-12 23:57:07 [http-nio-8081-exec-4] INFO  com.capstone.aspect.LoggerAspect - During: class com.capstone.service.emiServiceImp.getEmiData() with arguments=emi [s_no=1, loanaccno=202211011, loan_status=active, emi_amount=15910.0, upcomming_payment_date=2022-11-07, remaining_amount=1500000.0]
2022-10-12 23:57:07 [http-nio-8081-exec-4] INFO  com.capstone.aspect.LoggerAspect - *************************************
2022-10-12 23:57:07 [http-nio-8081-exec-4] INFO  com.capstone.aspect.LoggerAspect - Method name: com.capstone.service.emiServiceImp
2022-10-12 23:57:07 [http-nio-8081-exec-4] INFO  com.capstone.aspect.LoggerAspect - Method arguments:[Ljava.lang.Object;@138a5701
2022-10-12 23:57:07 [http-nio-8081-exec-4] INFO  com.capstone.aspect.LoggerAspect - *************************************
2022-10-12 23:57:07 [http-nio-8081-exec-4] INFO  com.capstone.aspect.LoggerAspect - During: class com.capstone.service.emiServiceImp.getEmiData() with arguments=emi [s_no=1, loanaccno=202211011, loan_status=active, emi_amount=15910.0, upcomming_payment_date=2022-11-07, remaining_amount=1500000.0]
2022-10-12 23:57:07 [http-nio-8081-exec-4] INFO  com.capstone.aspect.LoggerAspect - *************************************
2022-10-12 23:57:07 [http-nio-8081-exec-4] INFO  com.capstone.aspect.LoggerAspect - During: class com.capstone.controller.emiController.getemiofAccount() with arguments=<200 OK OK,emi [s_no=1, loanaccno=202211011, loan_status=active, emi_amount=15910.0, upcomming_payment_date=2022-11-07, remaining_amount=1500000.0],[]>
2022-10-12 23:57:07 [http-nio-8081-exec-4] INFO  com.capstone.aspect.LoggerAspect - *************************************
2022-10-12 23:57:08 [AsyncResolver-bootstrap-executor-0] INFO  c.n.d.s.r.aws.ConfigClusterResolver - Resolving eureka endpoints via configuration
2022-10-12 23:57:13 [http-nio-8081-exec-5] INFO  com.capstone.aspect.LoggerAspect - Method name: com.capstone.controller.emiController
2022-10-12 23:57:13 [http-nio-8081-exec-5] INFO  com.capstone.aspect.LoggerAspect - Method arguments:[Ljava.lang.Object;@2da942c3
2022-10-12 23:57:13 [http-nio-8081-exec-5] INFO  com.capstone.aspect.LoggerAspect - *************************************
2022-10-12 23:57:13 [http-nio-8081-exec-5] INFO  com.capstone.aspect.LoggerAspect - Method name: com.capstone.service.emiServiceImp
2022-10-12 23:57:13 [http-nio-8081-exec-5] INFO  com.capstone.aspect.LoggerAspect - Method arguments:[Ljava.lang.Object;@18ddab45
2022-10-12 23:57:13 [http-nio-8081-exec-5] INFO  com.capstone.aspect.LoggerAspect - *************************************
2022-10-12 23:57:13 [http-nio-8081-exec-5] INFO  com.capstone.aspect.LoggerAspect - During: class com.capstone.service.emiServiceImp.getEmiData() with arguments=emi [s_no=1, loanaccno=202211011, loan_status=active, emi_amount=15910.0, upcomming_payment_date=2022-11-07, remaining_amount=1500000.0]
2022-10-12 23:57:13 [http-nio-8081-exec-5] INFO  com.capstone.aspect.LoggerAspect - *************************************
2022-10-12 23:57:13 [http-nio-8081-exec-5] INFO  com.capstone.aspect.LoggerAspect - Method name: com.capstone.service.emiServiceImp
2022-10-12 23:57:13 [http-nio-8081-exec-5] INFO  com.capstone.aspect.LoggerAspect - Method arguments:[Ljava.lang.Object;@e23abf
2022-10-12 23:57:13 [http-nio-8081-exec-5] INFO  com.capstone.aspect.LoggerAspect - *************************************
2022-10-12 23:57:13 [http-nio-8081-exec-5] INFO  com.capstone.aspect.LoggerAspect - During: class com.capstone.service.emiServiceImp.getEmiData() with arguments=emi [s_no=1, loanaccno=202211011, loan_status=active, emi_amount=15910.0, upcomming_payment_date=2022-11-07, remaining_amount=1500000.0]
2022-10-12 23:57:13 [http-nio-8081-exec-5] INFO  com.capstone.aspect.LoggerAspect - *************************************
2022-10-12 23:57:13 [http-nio-8081-exec-5] INFO  com.capstone.aspect.LoggerAspect - During: class com.capstone.controller.emiController.getemiofAccount() with arguments=<200 OK OK,emi [s_no=1, loanaccno=202211011, loan_status=active, emi_amount=15910.0, upcomming_payment_date=2022-11-07, remaining_amount=1500000.0],[]>
2022-10-12 23:57:13 [http-nio-8081-exec-5] INFO  com.capstone.aspect.LoggerAspect - *************************************
2022-10-12 23:58:21 [http-nio-8081-exec-7] INFO  com.capstone.aspect.LoggerAspect - Method name: com.capstone.controller.emiController
2022-10-12 23:58:21 [http-nio-8081-exec-7] INFO  com.capstone.aspect.LoggerAspect - Method arguments:[Ljava.lang.Object;@342ff693
2022-10-12 23:58:21 [http-nio-8081-exec-7] INFO  com.capstone.aspect.LoggerAspect - *************************************
2022-10-12 23:58:21 [http-nio-8081-exec-7] INFO  com.capstone.aspect.LoggerAspect - Method name: com.capstone.service.emiServiceImp
2022-10-12 23:58:21 [http-nio-8081-exec-7] INFO  com.capstone.aspect.LoggerAspect - Method arguments:[Ljava.lang.Object;@79b6f886
2022-10-12 23:58:21 [http-nio-8081-exec-7] INFO  com.capstone.aspect.LoggerAspect - *************************************
2022-10-12 23:58:21 [http-nio-8081-exec-7] INFO  com.capstone.aspect.LoggerAspect - During: class com.capstone.service.emiServiceImp.getEmiData() with arguments=emi [s_no=1, loanaccno=202211011, loan_status=active, emi_amount=15910.0, upcomming_payment_date=2022-11-07, remaining_amount=1500000.0]
2022-10-12 23:58:21 [http-nio-8081-exec-7] INFO  com.capstone.aspect.LoggerAspect - *************************************
2022-10-12 23:58:21 [http-nio-8081-exec-7] INFO  com.capstone.aspect.LoggerAspect - Method name: com.capstone.service.emiServiceImp
2022-10-12 23:58:21 [http-nio-8081-exec-7] INFO  com.capstone.aspect.LoggerAspect - Method arguments:[Ljava.lang.Object;@639a6e46
2022-10-12 23:58:21 [http-nio-8081-exec-7] INFO  com.capstone.aspect.LoggerAspect - *************************************
2022-10-12 23:58:21 [http-nio-8081-exec-7] INFO  com.capstone.aspect.LoggerAspect - During: class com.capstone.service.emiServiceImp.getEmiData() with arguments=emi [s_no=1, loanaccno=202211011, loan_status=active, emi_amount=15910.0, upcomming_payment_date=2022-11-07, remaining_amount=1500000.0]
2022-10-12 23:58:21 [http-nio-8081-exec-7] INFO  com.capstone.aspect.LoggerAspect - *************************************
2022-10-12 23:58:21 [http-nio-8081-exec-7] INFO  com.capstone.aspect.LoggerAspect - During: class com.capstone.controller.emiController.getemiofAccount() with arguments=<200 OK OK,emi [s_no=1, loanaccno=202211011, loan_status=active, emi_amount=15910.0, upcomming_payment_date=2022-11-07, remaining_amount=1500000.0],[]>
2022-10-12 23:58:21 [http-nio-8081-exec-7] INFO  com.capstone.aspect.LoggerAspect - *************************************
2022-10-12 23:58:32 [http-nio-8081-exec-8] INFO  com.capstone.aspect.LoggerAspect - Method name: com.capstone.controller.emiController
2022-10-12 23:58:32 [http-nio-8081-exec-8] INFO  com.capstone.aspect.LoggerAspect - Method arguments:[Ljava.lang.Object;@48178275
2022-10-12 23:58:32 [http-nio-8081-exec-8] INFO  com.capstone.aspect.LoggerAspect - *************************************
2022-10-12 23:58:32 [http-nio-8081-exec-8] INFO  com.capstone.aspect.LoggerAspect - Method name: com.capstone.service.emiServiceImp
2022-10-12 23:58:32 [http-nio-8081-exec-8] INFO  com.capstone.aspect.LoggerAspect - Method arguments:[Ljava.lang.Object;@28be4fa8
2022-10-12 23:58:32 [http-nio-8081-exec-8] INFO  com.capstone.aspect.LoggerAspect - *************************************
2022-10-12 23:58:32 [http-nio-8081-exec-8] INFO  com.capstone.aspect.LoggerAspect - During: class com.capstone.service.emiServiceImp.getEmiData() with arguments=emi [s_no=1, loanaccno=202211011, loan_status=active, emi_amount=15910.0, upcomming_payment_date=2022-11-07, remaining_amount=1500000.0]
2022-10-12 23:58:32 [http-nio-8081-exec-8] INFO  com.capstone.aspect.LoggerAspect - *************************************
2022-10-12 23:58:32 [http-nio-8081-exec-8] INFO  com.capstone.aspect.LoggerAspect - Method name: com.capstone.service.emiServiceImp
2022-10-12 23:58:32 [http-nio-8081-exec-8] INFO  com.capstone.aspect.LoggerAspect - Method arguments:[Ljava.lang.Object;@64c3e46c
2022-10-12 23:58:32 [http-nio-8081-exec-8] INFO  com.capstone.aspect.LoggerAspect - *************************************
2022-10-12 23:58:32 [http-nio-8081-exec-8] INFO  com.capstone.aspect.LoggerAspect - During: class com.capstone.service.emiServiceImp.getEmiData() with arguments=emi [s_no=1, loanaccno=202211011, loan_status=active, emi_amount=15910.0, upcomming_payment_date=2022-11-07, remaining_amount=1500000.0]
2022-10-12 23:58:32 [http-nio-8081-exec-8] INFO  com.capstone.aspect.LoggerAspect - *************************************
2022-10-12 23:58:32 [http-nio-8081-exec-8] INFO  com.capstone.aspect.LoggerAspect - During: class com.capstone.controller.emiController.getemiofAccount() with arguments=<200 OK OK,emi [s_no=1, loanaccno=202211011, loan_status=active, emi_amount=15910.0, upcomming_payment_date=2022-11-07, remaining_amount=1500000.0],[]>
2022-10-12 23:58:32 [http-nio-8081-exec-8] INFO  com.capstone.aspect.LoggerAspect - *************************************
2022-10-12 23:58:56 [http-nio-8081-exec-10] INFO  com.capstone.aspect.LoggerAspect - Method name: com.capstone.controller.emiController
2022-10-12 23:58:56 [http-nio-8081-exec-10] INFO  com.capstone.aspect.LoggerAspect - Method arguments:[Ljava.lang.Object;@404cbf10
2022-10-12 23:58:56 [http-nio-8081-exec-10] INFO  com.capstone.aspect.LoggerAspect - *************************************
2022-10-12 23:58:56 [http-nio-8081-exec-10] INFO  com.capstone.aspect.LoggerAspect - Method name: com.capstone.service.emiServiceImp
2022-10-12 23:58:56 [http-nio-8081-exec-10] INFO  com.capstone.aspect.LoggerAspect - Method arguments:[Ljava.lang.Object;@6d0f8c96
2022-10-12 23:58:56 [http-nio-8081-exec-10] INFO  com.capstone.aspect.LoggerAspect - *************************************
2022-10-12 23:58:56 [http-nio-8081-exec-10] INFO  com.capstone.aspect.LoggerAspect - During: class com.capstone.service.emiServiceImp.getEmiData() with arguments=emi [s_no=1, loanaccno=202211011, loan_status=active, emi_amount=15910.0, upcomming_payment_date=2022-11-07, remaining_amount=1500000.0]
2022-10-12 23:58:56 [http-nio-8081-exec-10] INFO  com.capstone.aspect.LoggerAspect - *************************************
2022-10-12 23:58:56 [http-nio-8081-exec-10] INFO  com.capstone.aspect.LoggerAspect - Method name: com.capstone.service.emiServiceImp
2022-10-12 23:58:56 [http-nio-8081-exec-10] INFO  com.capstone.aspect.LoggerAspect - Method arguments:[Ljava.lang.Object;@8e032e
2022-10-12 23:58:56 [http-nio-8081-exec-10] INFO  com.capstone.aspect.LoggerAspect - *************************************
2022-10-12 23:58:56 [http-nio-8081-exec-10] INFO  com.capstone.aspect.LoggerAspect - During: class com.capstone.service.emiServiceImp.getEmiData() with arguments=emi [s_no=1, loanaccno=202211011, loan_status=active, emi_amount=15910.0, upcomming_payment_date=2022-11-07, remaining_amount=1500000.0]
2022-10-12 23:58:56 [http-nio-8081-exec-10] INFO  com.capstone.aspect.LoggerAspect - *************************************
2022-10-12 23:58:56 [http-nio-8081-exec-10] INFO  com.capstone.aspect.LoggerAspect - During: class com.capstone.controller.emiController.getemiofAccount() with arguments=<200 OK OK,emi [s_no=1, loanaccno=202211011, loan_status=active, emi_amount=15910.0, upcomming_payment_date=2022-11-07, remaining_amount=1500000.0],[]>
2022-10-12 23:58:56 [http-nio-8081-exec-10] INFO  com.capstone.aspect.LoggerAspect - *************************************
2022-10-12 23:59:25 [http-nio-8081-exec-1] INFO  com.capstone.aspect.LoggerAspect - Method name: com.capstone.controller.emiController
2022-10-12 23:59:25 [http-nio-8081-exec-1] INFO  com.capstone.aspect.LoggerAspect - Method arguments:[Ljava.lang.Object;@692c4024
2022-10-12 23:59:25 [http-nio-8081-exec-1] INFO  com.capstone.aspect.LoggerAspect - *************************************
2022-10-12 23:59:25 [http-nio-8081-exec-1] INFO  com.capstone.aspect.LoggerAspect - Method name: com.capstone.service.emiServiceImp
2022-10-12 23:59:25 [http-nio-8081-exec-1] INFO  com.capstone.aspect.LoggerAspect - Method arguments:[Ljava.lang.Object;@6197fcd3
2022-10-12 23:59:25 [http-nio-8081-exec-1] INFO  com.capstone.aspect.LoggerAspect - *************************************
2022-10-12 23:59:25 [http-nio-8081-exec-1] INFO  com.capstone.aspect.LoggerAspect - During: class com.capstone.service.emiServiceImp.getEmiData() with arguments=emi [s_no=1, loanaccno=202211011, loan_status=active, emi_amount=15910.0, upcomming_payment_date=2022-11-07, remaining_amount=1500000.0]
2022-10-12 23:59:25 [http-nio-8081-exec-1] INFO  com.capstone.aspect.LoggerAspect - *************************************
2022-10-12 23:59:25 [http-nio-8081-exec-1] INFO  com.capstone.aspect.LoggerAspect - Method name: com.capstone.service.emiServiceImp
2022-10-12 23:59:25 [http-nio-8081-exec-1] INFO  com.capstone.aspect.LoggerAspect - Method arguments:[Ljava.lang.Object;@33edd668
2022-10-12 23:59:25 [http-nio-8081-exec-1] INFO  com.capstone.aspect.LoggerAspect - *************************************
2022-10-12 23:59:25 [http-nio-8081-exec-1] INFO  com.capstone.aspect.LoggerAspect - During: class com.capstone.service.emiServiceImp.getEmiData() with arguments=emi [s_no=1, loanaccno=202211011, loan_status=active, emi_amount=15910.0, upcomming_payment_date=2022-11-07, remaining_amount=1500000.0]
2022-10-12 23:59:25 [http-nio-8081-exec-1] INFO  com.capstone.aspect.LoggerAspect - *************************************
2022-10-12 23:59:25 [http-nio-8081-exec-1] INFO  com.capstone.aspect.LoggerAspect - During: class com.capstone.controller.emiController.getemiofAccount() with arguments=<200 OK OK,emi [s_no=1, loanaccno=202211011, loan_status=active, emi_amount=15910.0, upcomming_payment_date=2022-11-07, remaining_amount=1500000.0],[]>
2022-10-12 23:59:25 [http-nio-8081-exec-1] INFO  com.capstone.aspect.LoggerAspect - *************************************
2022-10-12 23:59:31 [http-nio-8081-exec-2] INFO  com.capstone.aspect.LoggerAspect - Method name: com.capstone.controller.emiController
2022-10-12 23:59:31 [http-nio-8081-exec-2] INFO  com.capstone.aspect.LoggerAspect - Method arguments:[Ljava.lang.Object;@20b3e02f
2022-10-12 23:59:31 [http-nio-8081-exec-2] INFO  com.capstone.aspect.LoggerAspect - *************************************
2022-10-12 23:59:31 [http-nio-8081-exec-2] INFO  com.capstone.aspect.LoggerAspect - Method name: com.capstone.service.emiServiceImp
2022-10-12 23:59:31 [http-nio-8081-exec-2] INFO  com.capstone.aspect.LoggerAspect - Method arguments:[Ljava.lang.Object;@2fa5df39
2022-10-12 23:59:31 [http-nio-8081-exec-2] INFO  com.capstone.aspect.LoggerAspect - *************************************
2022-10-12 23:59:31 [http-nio-8081-exec-2] INFO  com.capstone.aspect.LoggerAspect - During: class com.capstone.service.emiServiceImp.getEmiData() with arguments=emi [s_no=1, loanaccno=202211011, loan_status=active, emi_amount=15910.0, upcomming_payment_date=2022-11-07, remaining_amount=1500000.0]
2022-10-12 23:59:31 [http-nio-8081-exec-2] INFO  com.capstone.aspect.LoggerAspect - *************************************
2022-10-12 23:59:31 [http-nio-8081-exec-2] INFO  com.capstone.aspect.LoggerAspect - Method name: com.capstone.service.emiServiceImp
2022-10-12 23:59:31 [http-nio-8081-exec-2] INFO  com.capstone.aspect.LoggerAspect - Method arguments:[Ljava.lang.Object;@75005c46
2022-10-12 23:59:31 [http-nio-8081-exec-2] INFO  com.capstone.aspect.LoggerAspect - *************************************
2022-10-12 23:59:31 [http-nio-8081-exec-2] INFO  com.capstone.aspect.LoggerAspect - During: class com.capstone.service.emiServiceImp.getEmiData() with arguments=emi [s_no=1, loanaccno=202211011, loan_status=active, emi_amount=15910.0, upcomming_payment_date=2022-11-07, remaining_amount=1500000.0]
2022-10-12 23:59:31 [http-nio-8081-exec-2] INFO  com.capstone.aspect.LoggerAspect - *************************************
2022-10-12 23:59:31 [http-nio-8081-exec-2] INFO  com.capstone.aspect.LoggerAspect - During: class com.capstone.controller.emiController.getemiofAccount() with arguments=<200 OK OK,emi [s_no=1, loanaccno=202211011, loan_status=active, emi_amount=15910.0, upcomming_payment_date=2022-11-07, remaining_amount=1500000.0],[]>
2022-10-12 23:59:31 [http-nio-8081-exec-2] INFO  com.capstone.aspect.LoggerAspect - *************************************
2022-10-13 00:00:13 [http-nio-8081-exec-4] INFO  com.capstone.aspect.LoggerAspect - Method name: com.capstone.controller.emiController
2022-10-13 00:00:13 [http-nio-8081-exec-4] INFO  com.capstone.aspect.LoggerAspect - Method arguments:[Ljava.lang.Object;@221c91e1
2022-10-13 00:00:13 [http-nio-8081-exec-4] INFO  com.capstone.aspect.LoggerAspect - *************************************
2022-10-13 00:00:13 [http-nio-8081-exec-4] INFO  com.capstone.aspect.LoggerAspect - Method name: com.capstone.service.emiServiceImp
2022-10-13 00:00:13 [http-nio-8081-exec-4] INFO  com.capstone.aspect.LoggerAspect - Method arguments:[Ljava.lang.Object;@167ebdf9
2022-10-13 00:00:13 [http-nio-8081-exec-4] INFO  com.capstone.aspect.LoggerAspect - *************************************
2022-10-13 00:00:13 [http-nio-8081-exec-4] INFO  com.capstone.aspect.LoggerAspect - During: class com.capstone.service.emiServiceImp.getEmiData() with arguments=emi [s_no=1, loanaccno=202211011, loan_status=active, emi_amount=15910.0, upcomming_payment_date=2022-11-07, remaining_amount=1500000.0]
2022-10-13 00:00:13 [http-nio-8081-exec-4] INFO  com.capstone.aspect.LoggerAspect - *************************************
2022-10-13 00:00:13 [http-nio-8081-exec-4] INFO  com.capstone.aspect.LoggerAspect - Method name: com.capstone.service.emiServiceImp
2022-10-13 00:00:13 [http-nio-8081-exec-4] INFO  com.capstone.aspect.LoggerAspect - Method arguments:[Ljava.lang.Object;@204fb6ba
2022-10-13 00:00:13 [http-nio-8081-exec-4] INFO  com.capstone.aspect.LoggerAspect - *************************************
2022-10-13 00:00:13 [http-nio-8081-exec-4] INFO  com.capstone.aspect.LoggerAspect - During: class com.capstone.service.emiServiceImp.getEmiData() with arguments=emi [s_no=1, loanaccno=202211011, loan_status=active, emi_amount=15910.0, upcomming_payment_date=2022-11-07, remaining_amount=1500000.0]
2022-10-13 00:00:13 [http-nio-8081-exec-4] INFO  com.capstone.aspect.LoggerAspect - *************************************
2022-10-13 00:00:13 [http-nio-8081-exec-4] INFO  com.capstone.aspect.LoggerAspect - During: class com.capstone.controller.emiController.getemiofAccount() with arguments=<200 OK OK,emi [s_no=1, loanaccno=202211011, loan_status=active, emi_amount=15910.0, upcomming_payment_date=2022-11-07, remaining_amount=1500000.0],[]>
2022-10-13 00:00:13 [http-nio-8081-exec-4] INFO  com.capstone.aspect.LoggerAspect - *************************************
2022-10-13 00:00:28 [http-nio-8081-exec-6] INFO  com.capstone.aspect.LoggerAspect - Method name: com.capstone.controller.emiController
2022-10-13 00:00:28 [http-nio-8081-exec-6] INFO  com.capstone.aspect.LoggerAspect - Method arguments:[Ljava.lang.Object;@a4a8a61
2022-10-13 00:00:28 [http-nio-8081-exec-6] INFO  com.capstone.aspect.LoggerAspect - *************************************
2022-10-13 00:00:28 [http-nio-8081-exec-6] INFO  com.capstone.aspect.LoggerAspect - Method name: com.capstone.service.emiServiceImp
2022-10-13 00:00:28 [http-nio-8081-exec-6] INFO  com.capstone.aspect.LoggerAspect - Method arguments:[Ljava.lang.Object;@60338524
2022-10-13 00:00:28 [http-nio-8081-exec-6] INFO  com.capstone.aspect.LoggerAspect - *************************************
2022-10-13 00:00:28 [http-nio-8081-exec-6] INFO  com.capstone.aspect.LoggerAspect - During: class com.capstone.service.emiServiceImp.getEmiData() with arguments=emi [s_no=1, loanaccno=202211011, loan_status=active, emi_amount=15910.0, upcomming_payment_date=2022-11-07, remaining_amount=1500000.0]
2022-10-13 00:00:28 [http-nio-8081-exec-6] INFO  com.capstone.aspect.LoggerAspect - *************************************
2022-10-13 00:00:28 [http-nio-8081-exec-6] INFO  com.capstone.aspect.LoggerAspect - Method name: com.capstone.service.emiServiceImp
2022-10-13 00:00:28 [http-nio-8081-exec-6] INFO  com.capstone.aspect.LoggerAspect - Method arguments:[Ljava.lang.Object;@7950cb0e
2022-10-13 00:00:28 [http-nio-8081-exec-6] INFO  com.capstone.aspect.LoggerAspect - *************************************
2022-10-13 00:00:28 [http-nio-8081-exec-6] INFO  com.capstone.aspect.LoggerAspect - During: class com.capstone.service.emiServiceImp.getEmiData() with arguments=emi [s_no=1, loanaccno=202211011, loan_status=active, emi_amount=15910.0, upcomming_payment_date=2022-11-07, remaining_amount=1500000.0]
2022-10-13 00:00:28 [http-nio-8081-exec-6] INFO  com.capstone.aspect.LoggerAspect - *************************************
2022-10-13 00:00:28 [http-nio-8081-exec-6] INFO  com.capstone.aspect.LoggerAspect - During: class com.capstone.controller.emiController.getemiofAccount() with arguments=<200 OK OK,emi [s_no=1, loanaccno=202211011, loan_status=active, emi_amount=15910.0, upcomming_payment_date=2022-11-07, remaining_amount=1500000.0],[]>
2022-10-13 00:00:28 [http-nio-8081-exec-6] INFO  com.capstone.aspect.LoggerAspect - *************************************
2022-10-13 00:00:58 [http-nio-8081-exec-8] INFO  com.capstone.aspect.LoggerAspect - Method name: com.capstone.controller.emiController
2022-10-13 00:00:58 [http-nio-8081-exec-8] INFO  com.capstone.aspect.LoggerAspect - Method arguments:[Ljava.lang.Object;@58c54a15
2022-10-13 00:00:58 [http-nio-8081-exec-8] INFO  com.capstone.aspect.LoggerAspect - *************************************
2022-10-13 00:00:58 [http-nio-8081-exec-8] INFO  com.capstone.aspect.LoggerAspect - Method name: com.capstone.service.emiServiceImp
2022-10-13 00:00:58 [http-nio-8081-exec-8] INFO  com.capstone.aspect.LoggerAspect - Method arguments:[Ljava.lang.Object;@3b973c99
2022-10-13 00:00:58 [http-nio-8081-exec-8] INFO  com.capstone.aspect.LoggerAspect - *************************************
2022-10-13 00:00:58 [http-nio-8081-exec-8] INFO  com.capstone.aspect.LoggerAspect - During: class com.capstone.service.emiServiceImp.getEmiData() with arguments=emi [s_no=1, loanaccno=202211011, loan_status=active, emi_amount=15910.0, upcomming_payment_date=2022-11-07, remaining_amount=1500000.0]
2022-10-13 00:00:58 [http-nio-8081-exec-8] INFO  com.capstone.aspect.LoggerAspect - *************************************
2022-10-13 00:00:58 [http-nio-8081-exec-8] INFO  com.capstone.aspect.LoggerAspect - Method name: com.capstone.service.emiServiceImp
2022-10-13 00:00:58 [http-nio-8081-exec-8] INFO  com.capstone.aspect.LoggerAspect - Method arguments:[Ljava.lang.Object;@72b87c11
2022-10-13 00:00:58 [http-nio-8081-exec-8] INFO  com.capstone.aspect.LoggerAspect - *************************************
2022-10-13 00:00:58 [http-nio-8081-exec-8] INFO  com.capstone.aspect.LoggerAspect - During: class com.capstone.service.emiServiceImp.getEmiData() with arguments=emi [s_no=1, loanaccno=202211011, loan_status=active, emi_amount=15910.0, upcomming_payment_date=2022-11-07, remaining_amount=1500000.0]
2022-10-13 00:00:58 [http-nio-8081-exec-8] INFO  com.capstone.aspect.LoggerAspect - *************************************
2022-10-13 00:00:58 [http-nio-8081-exec-8] INFO  com.capstone.aspect.LoggerAspect - During: class com.capstone.controller.emiController.getemiofAccount() with arguments=<200 OK OK,emi [s_no=1, loanaccno=202211011, loan_status=active, emi_amount=15910.0, upcomming_payment_date=2022-11-07, remaining_amount=1500000.0],[]>
2022-10-13 00:00:58 [http-nio-8081-exec-8] INFO  com.capstone.aspect.LoggerAspect - *************************************
2022-10-13 00:01:17 [http-nio-8081-exec-9] INFO  com.capstone.aspect.LoggerAspect - Method name: com.capstone.controller.emiController
2022-10-13 00:01:17 [http-nio-8081-exec-9] INFO  com.capstone.aspect.LoggerAspect - Method arguments:[Ljava.lang.Object;@1e517b98
2022-10-13 00:01:17 [http-nio-8081-exec-9] INFO  com.capstone.aspect.LoggerAspect - *************************************
2022-10-13 00:01:17 [http-nio-8081-exec-9] INFO  com.capstone.aspect.LoggerAspect - Method name: com.capstone.service.emiServiceImp
2022-10-13 00:01:17 [http-nio-8081-exec-9] INFO  com.capstone.aspect.LoggerAspect - Method arguments:[Ljava.lang.Object;@1dfc581c
2022-10-13 00:01:17 [http-nio-8081-exec-9] INFO  com.capstone.aspect.LoggerAspect - *************************************
2022-10-13 00:01:17 [http-nio-8081-exec-9] INFO  com.capstone.aspect.LoggerAspect - During: class com.capstone.service.emiServiceImp.getEmiData() with arguments=emi [s_no=1, loanaccno=202211011, loan_status=active, emi_amount=15910.0, upcomming_payment_date=2022-11-07, remaining_amount=1500000.0]
2022-10-13 00:01:17 [http-nio-8081-exec-9] INFO  com.capstone.aspect.LoggerAspect - *************************************
2022-10-13 00:01:17 [http-nio-8081-exec-9] INFO  com.capstone.aspect.LoggerAspect - Method name: com.capstone.service.emiServiceImp
2022-10-13 00:01:17 [http-nio-8081-exec-9] INFO  com.capstone.aspect.LoggerAspect - Method arguments:[Ljava.lang.Object;@74164928
2022-10-13 00:01:17 [http-nio-8081-exec-9] INFO  com.capstone.aspect.LoggerAspect - *************************************
2022-10-13 00:01:17 [http-nio-8081-exec-9] INFO  com.capstone.aspect.LoggerAspect - During: class com.capstone.service.emiServiceImp.getEmiData() with arguments=emi [s_no=1, loanaccno=202211011, loan_status=active, emi_amount=15910.0, upcomming_payment_date=2022-11-07, remaining_amount=1500000.0]
2022-10-13 00:01:17 [http-nio-8081-exec-9] INFO  com.capstone.aspect.LoggerAspect - *************************************
2022-10-13 00:01:17 [http-nio-8081-exec-9] INFO  com.capstone.aspect.LoggerAspect - During: class com.capstone.controller.emiController.getemiofAccount() with arguments=<200 OK OK,emi [s_no=1, loanaccno=202211011, loan_status=active, emi_amount=15910.0, upcomming_payment_date=2022-11-07, remaining_amount=1500000.0],[]>
2022-10-13 00:01:17 [http-nio-8081-exec-9] INFO  com.capstone.aspect.LoggerAspect - *************************************
2022-10-13 00:01:41 [http-nio-8081-exec-1] INFO  com.capstone.aspect.LoggerAspect - Method name: com.capstone.controller.emiController
2022-10-13 00:01:41 [http-nio-8081-exec-1] INFO  com.capstone.aspect.LoggerAspect - Method arguments:[Ljava.lang.Object;@33dc3374
2022-10-13 00:01:41 [http-nio-8081-exec-1] INFO  com.capstone.aspect.LoggerAspect - *************************************
2022-10-13 00:01:41 [http-nio-8081-exec-1] INFO  com.capstone.aspect.LoggerAspect - Method name: com.capstone.service.emiServiceImp
2022-10-13 00:01:41 [http-nio-8081-exec-1] INFO  com.capstone.aspect.LoggerAspect - Method arguments:[Ljava.lang.Object;@72785854
2022-10-13 00:01:41 [http-nio-8081-exec-1] INFO  com.capstone.aspect.LoggerAspect - *************************************
2022-10-13 00:01:41 [http-nio-8081-exec-1] INFO  com.capstone.aspect.LoggerAspect - During: class com.capstone.service.emiServiceImp.getEmiData() with arguments=emi [s_no=1, loanaccno=202211011, loan_status=active, emi_amount=15910.0, upcomming_payment_date=2022-11-07, remaining_amount=1500000.0]
2022-10-13 00:01:41 [http-nio-8081-exec-1] INFO  com.capstone.aspect.LoggerAspect - *************************************
2022-10-13 00:01:41 [http-nio-8081-exec-1] INFO  com.capstone.aspect.LoggerAspect - Method name: com.capstone.service.emiServiceImp
2022-10-13 00:01:41 [http-nio-8081-exec-1] INFO  com.capstone.aspect.LoggerAspect - Method arguments:[Ljava.lang.Object;@3e415a2c
2022-10-13 00:01:41 [http-nio-8081-exec-1] INFO  com.capstone.aspect.LoggerAspect - *************************************
2022-10-13 00:01:41 [http-nio-8081-exec-1] INFO  com.capstone.aspect.LoggerAspect - During: class com.capstone.service.emiServiceImp.getEmiData() with arguments=emi [s_no=1, loanaccno=202211011, loan_status=active, emi_amount=15910.0, upcomming_payment_date=2022-11-07, remaining_amount=1500000.0]
2022-10-13 00:01:41 [http-nio-8081-exec-1] INFO  com.capstone.aspect.LoggerAspect - *************************************
2022-10-13 00:01:41 [http-nio-8081-exec-1] INFO  com.capstone.aspect.LoggerAspect - During: class com.capstone.controller.emiController.getemiofAccount() with arguments=<200 OK OK,emi [s_no=1, loanaccno=202211011, loan_status=active, emi_amount=15910.0, upcomming_payment_date=2022-11-07, remaining_amount=1500000.0],[]>
2022-10-13 00:01:41 [http-nio-8081-exec-1] INFO  com.capstone.aspect.LoggerAspect - *************************************
2022-10-13 00:02:08 [AsyncResolver-bootstrap-executor-0] INFO  c.n.d.s.r.aws.ConfigClusterResolver - Resolving eureka endpoints via configuration
2022-10-13 00:02:18 [http-nio-8081-exec-3] INFO  com.capstone.aspect.LoggerAspect - Method name: com.capstone.controller.emiController
2022-10-13 00:02:18 [http-nio-8081-exec-3] INFO  com.capstone.aspect.LoggerAspect - Method arguments:[Ljava.lang.Object;@62ad97ae
2022-10-13 00:02:18 [http-nio-8081-exec-3] INFO  com.capstone.aspect.LoggerAspect - *************************************
2022-10-13 00:02:18 [http-nio-8081-exec-3] INFO  com.capstone.aspect.LoggerAspect - Method name: com.capstone.service.emiServiceImp
2022-10-13 00:02:18 [http-nio-8081-exec-3] INFO  com.capstone.aspect.LoggerAspect - Method arguments:[Ljava.lang.Object;@404f32fd
2022-10-13 00:02:18 [http-nio-8081-exec-3] INFO  com.capstone.aspect.LoggerAspect - *************************************
2022-10-13 00:02:18 [http-nio-8081-exec-3] INFO  com.capstone.aspect.LoggerAspect - During: class com.capstone.service.emiServiceImp.getEmiData() with arguments=emi [s_no=1, loanaccno=202211011, loan_status=active, emi_amount=15910.0, upcomming_payment_date=2022-11-07, remaining_amount=1500000.0]
2022-10-13 00:02:18 [http-nio-8081-exec-3] INFO  com.capstone.aspect.LoggerAspect - *************************************
2022-10-13 00:02:18 [http-nio-8081-exec-3] INFO  com.capstone.aspect.LoggerAspect - Method name: com.capstone.service.emiServiceImp
2022-10-13 00:02:18 [http-nio-8081-exec-3] INFO  com.capstone.aspect.LoggerAspect - Method arguments:[Ljava.lang.Object;@172c05eb
2022-10-13 00:02:18 [http-nio-8081-exec-3] INFO  com.capstone.aspect.LoggerAspect - *************************************
2022-10-13 00:02:18 [http-nio-8081-exec-3] INFO  com.capstone.aspect.LoggerAspect - During: class com.capstone.service.emiServiceImp.getEmiData() with arguments=emi [s_no=1, loanaccno=202211011, loan_status=active, emi_amount=15910.0, upcomming_payment_date=2022-11-07, remaining_amount=1500000.0]
2022-10-13 00:02:18 [http-nio-8081-exec-3] INFO  com.capstone.aspect.LoggerAspect - *************************************
2022-10-13 00:02:18 [http-nio-8081-exec-3] INFO  com.capstone.aspect.LoggerAspect - During: class com.capstone.controller.emiController.getemiofAccount() with arguments=<200 OK OK,emi [s_no=1, loanaccno=202211011, loan_status=active, emi_amount=15910.0, upcomming_payment_date=2022-11-07, remaining_amount=1500000.0],[]>
2022-10-13 00:02:18 [http-nio-8081-exec-3] INFO  com.capstone.aspect.LoggerAspect - *************************************
2022-10-13 00:02:33 [http-nio-8081-exec-5] INFO  com.capstone.aspect.LoggerAspect - Method name: com.capstone.controller.emiController
2022-10-13 00:02:33 [http-nio-8081-exec-5] INFO  com.capstone.aspect.LoggerAspect - Method arguments:[Ljava.lang.Object;@6786e9a0
2022-10-13 00:02:33 [http-nio-8081-exec-5] INFO  com.capstone.aspect.LoggerAspect - *************************************
2022-10-13 00:02:33 [http-nio-8081-exec-5] INFO  com.capstone.aspect.LoggerAspect - Method name: com.capstone.service.emiServiceImp
2022-10-13 00:02:33 [http-nio-8081-exec-5] INFO  com.capstone.aspect.LoggerAspect - Method arguments:[Ljava.lang.Object;@1f20d2a
2022-10-13 00:02:33 [http-nio-8081-exec-5] INFO  com.capstone.aspect.LoggerAspect - *************************************
2022-10-13 00:02:33 [http-nio-8081-exec-5] INFO  com.capstone.aspect.LoggerAspect - During: class com.capstone.service.emiServiceImp.getEmiData() with arguments=emi [s_no=1, loanaccno=202211011, loan_status=active, emi_amount=15910.0, upcomming_payment_date=2022-11-07, remaining_amount=1500000.0]
2022-10-13 00:02:33 [http-nio-8081-exec-5] INFO  com.capstone.aspect.LoggerAspect - *************************************
2022-10-13 00:02:33 [http-nio-8081-exec-5] INFO  com.capstone.aspect.LoggerAspect - Method name: com.capstone.service.emiServiceImp
2022-10-13 00:02:33 [http-nio-8081-exec-5] INFO  com.capstone.aspect.LoggerAspect - Method arguments:[Ljava.lang.Object;@3e33ffb0
2022-10-13 00:02:33 [http-nio-8081-exec-5] INFO  com.capstone.aspect.LoggerAspect - *************************************
2022-10-13 00:02:33 [http-nio-8081-exec-5] INFO  com.capstone.aspect.LoggerAspect - During: class com.capstone.service.emiServiceImp.getEmiData() with arguments=emi [s_no=1, loanaccno=202211011, loan_status=active, emi_amount=15910.0, upcomming_payment_date=2022-11-07, remaining_amount=1500000.0]
2022-10-13 00:02:33 [http-nio-8081-exec-5] INFO  com.capstone.aspect.LoggerAspect - *************************************
2022-10-13 00:02:33 [http-nio-8081-exec-5] INFO  com.capstone.aspect.LoggerAspect - During: class com.capstone.controller.emiController.getemiofAccount() with arguments=<200 OK OK,emi [s_no=1, loanaccno=202211011, loan_status=active, emi_amount=15910.0, upcomming_payment_date=2022-11-07, remaining_amount=1500000.0],[]>
2022-10-13 00:02:33 [http-nio-8081-exec-5] INFO  com.capstone.aspect.LoggerAspect - *************************************
2022-10-13 00:02:39 [http-nio-8081-exec-6] INFO  com.capstone.aspect.LoggerAspect - Method name: com.capstone.controller.emiController
2022-10-13 00:02:39 [http-nio-8081-exec-6] INFO  com.capstone.aspect.LoggerAspect - Method arguments:[Ljava.lang.Object;@35b1a594
2022-10-13 00:02:39 [http-nio-8081-exec-6] INFO  com.capstone.aspect.LoggerAspect - *************************************
2022-10-13 00:02:39 [http-nio-8081-exec-6] INFO  com.capstone.aspect.LoggerAspect - Method name: com.capstone.service.emiServiceImp
2022-10-13 00:02:39 [http-nio-8081-exec-6] INFO  com.capstone.aspect.LoggerAspect - Method arguments:[Ljava.lang.Object;@303c3b1b
2022-10-13 00:02:39 [http-nio-8081-exec-6] INFO  com.capstone.aspect.LoggerAspect - *************************************
2022-10-13 00:02:39 [http-nio-8081-exec-6] INFO  com.capstone.aspect.LoggerAspect - During: class com.capstone.service.emiServiceImp.getEmiData() with arguments=emi [s_no=1, loanaccno=202211011, loan_status=active, emi_amount=15910.0, upcomming_payment_date=2022-11-07, remaining_amount=1500000.0]
2022-10-13 00:02:39 [http-nio-8081-exec-6] INFO  com.capstone.aspect.LoggerAspect - *************************************
2022-10-13 00:02:39 [http-nio-8081-exec-6] INFO  com.capstone.aspect.LoggerAspect - Method name: com.capstone.service.emiServiceImp
2022-10-13 00:02:39 [http-nio-8081-exec-6] INFO  com.capstone.aspect.LoggerAspect - Method arguments:[Ljava.lang.Object;@4ef59b6e
2022-10-13 00:02:39 [http-nio-8081-exec-6] INFO  com.capstone.aspect.LoggerAspect - *************************************
2022-10-13 00:02:39 [http-nio-8081-exec-6] INFO  com.capstone.aspect.LoggerAspect - During: class com.capstone.service.emiServiceImp.getEmiData() with arguments=emi [s_no=1, loanaccno=202211011, loan_status=active, emi_amount=15910.0, upcomming_payment_date=2022-11-07, remaining_amount=1500000.0]
2022-10-13 00:02:39 [http-nio-8081-exec-6] INFO  com.capstone.aspect.LoggerAspect - *************************************
2022-10-13 00:02:39 [http-nio-8081-exec-6] INFO  com.capstone.aspect.LoggerAspect - During: class com.capstone.controller.emiController.getemiofAccount() with arguments=<200 OK OK,emi [s_no=1, loanaccno=202211011, loan_status=active, emi_amount=15910.0, upcomming_payment_date=2022-11-07, remaining_amount=1500000.0],[]>
2022-10-13 00:02:39 [http-nio-8081-exec-6] INFO  com.capstone.aspect.LoggerAspect - *************************************
2022-10-13 00:03:55 [http-nio-8081-exec-8] INFO  com.capstone.aspect.LoggerAspect - Method name: com.capstone.controller.emiController
2022-10-13 00:03:55 [http-nio-8081-exec-8] INFO  com.capstone.aspect.LoggerAspect - Method arguments:[Ljava.lang.Object;@4b692b5c
2022-10-13 00:03:55 [http-nio-8081-exec-8] INFO  com.capstone.aspect.LoggerAspect - *************************************
2022-10-13 00:03:55 [http-nio-8081-exec-8] INFO  com.capstone.aspect.LoggerAspect - Method name: com.capstone.service.emiServiceImp
2022-10-13 00:03:55 [http-nio-8081-exec-8] INFO  com.capstone.aspect.LoggerAspect - Method arguments:[Ljava.lang.Object;@239e354b
2022-10-13 00:03:55 [http-nio-8081-exec-8] INFO  com.capstone.aspect.LoggerAspect - *************************************
2022-10-13 00:03:55 [http-nio-8081-exec-8] INFO  com.capstone.aspect.LoggerAspect - During: class com.capstone.service.emiServiceImp.getEmiData() with arguments=emi [s_no=1, loanaccno=202211011, loan_status=active, emi_amount=15910.0, upcomming_payment_date=2022-11-07, remaining_amount=1500000.0]
2022-10-13 00:03:55 [http-nio-8081-exec-8] INFO  com.capstone.aspect.LoggerAspect - *************************************
2022-10-13 00:03:55 [http-nio-8081-exec-8] INFO  com.capstone.aspect.LoggerAspect - Method name: com.capstone.service.emiServiceImp
2022-10-13 00:03:55 [http-nio-8081-exec-8] INFO  com.capstone.aspect.LoggerAspect - Method arguments:[Ljava.lang.Object;@9b3b6bc
2022-10-13 00:03:55 [http-nio-8081-exec-8] INFO  com.capstone.aspect.LoggerAspect - *************************************
2022-10-13 00:03:55 [http-nio-8081-exec-8] INFO  com.capstone.aspect.LoggerAspect - During: class com.capstone.service.emiServiceImp.getEmiData() with arguments=emi [s_no=1, loanaccno=202211011, loan_status=active, emi_amount=15910.0, upcomming_payment_date=2022-11-07, remaining_amount=1500000.0]
2022-10-13 00:03:55 [http-nio-8081-exec-8] INFO  com.capstone.aspect.LoggerAspect - *************************************
2022-10-13 00:03:55 [http-nio-8081-exec-8] INFO  com.capstone.aspect.LoggerAspect - During: class com.capstone.controller.emiController.getemiofAccount() with arguments=<200 OK OK,emi [s_no=1, loanaccno=202211011, loan_status=active, emi_amount=15910.0, upcomming_payment_date=2022-11-07, remaining_amount=1500000.0],[]>
2022-10-13 00:03:55 [http-nio-8081-exec-8] INFO  com.capstone.aspect.LoggerAspect - *************************************
2022-10-13 00:03:57 [http-nio-8081-exec-9] INFO  com.capstone.aspect.LoggerAspect - Method name: com.capstone.controller.emiController
2022-10-13 00:03:57 [http-nio-8081-exec-9] INFO  com.capstone.aspect.LoggerAspect - Method arguments:[Ljava.lang.Object;@2b5e08a3
2022-10-13 00:03:57 [http-nio-8081-exec-9] INFO  com.capstone.aspect.LoggerAspect - *************************************
2022-10-13 00:03:57 [http-nio-8081-exec-9] INFO  com.capstone.aspect.LoggerAspect - Method name: com.capstone.service.emiServiceImp
2022-10-13 00:03:57 [http-nio-8081-exec-9] INFO  com.capstone.aspect.LoggerAspect - Method arguments:[Ljava.lang.Object;@1b1ce5f4
2022-10-13 00:03:57 [http-nio-8081-exec-9] INFO  com.capstone.aspect.LoggerAspect - *************************************
2022-10-13 00:03:57 [http-nio-8081-exec-9] INFO  com.capstone.aspect.LoggerAspect - During: class com.capstone.service.emiServiceImp.getEmiData() with arguments=emi [s_no=1, loanaccno=202211011, loan_status=active, emi_amount=15910.0, upcomming_payment_date=2022-11-07, remaining_amount=1500000.0]
2022-10-13 00:03:57 [http-nio-8081-exec-9] INFO  com.capstone.aspect.LoggerAspect - *************************************
2022-10-13 00:03:57 [http-nio-8081-exec-9] INFO  com.capstone.aspect.LoggerAspect - Method name: com.capstone.service.emiServiceImp
2022-10-13 00:03:57 [http-nio-8081-exec-9] INFO  com.capstone.aspect.LoggerAspect - Method arguments:[Ljava.lang.Object;@467b2eaf
2022-10-13 00:03:57 [http-nio-8081-exec-9] INFO  com.capstone.aspect.LoggerAspect - *************************************
2022-10-13 00:03:57 [http-nio-8081-exec-9] INFO  com.capstone.aspect.LoggerAspect - During: class com.capstone.service.emiServiceImp.getEmiData() with arguments=emi [s_no=1, loanaccno=202211011, loan_status=active, emi_amount=15910.0, upcomming_payment_date=2022-11-07, remaining_amount=1500000.0]
2022-10-13 00:03:57 [http-nio-8081-exec-9] INFO  com.capstone.aspect.LoggerAspect - *************************************
2022-10-13 00:03:57 [http-nio-8081-exec-9] INFO  com.capstone.aspect.LoggerAspect - During: class com.capstone.controller.emiController.getemiofAccount() with arguments=<200 OK OK,emi [s_no=1, loanaccno=202211011, loan_status=active, emi_amount=15910.0, upcomming_payment_date=2022-11-07, remaining_amount=1500000.0],[]>
2022-10-13 00:03:57 [http-nio-8081-exec-9] INFO  com.capstone.aspect.LoggerAspect - *************************************
2022-10-13 00:05:08 [http-nio-8081-exec-1] INFO  com.capstone.aspect.LoggerAspect - Method name: com.capstone.controller.emiController
2022-10-13 00:05:08 [http-nio-8081-exec-1] INFO  com.capstone.aspect.LoggerAspect - Method arguments:[Ljava.lang.Object;@46c9c5fd
2022-10-13 00:05:08 [http-nio-8081-exec-1] INFO  com.capstone.aspect.LoggerAspect - *************************************
2022-10-13 00:05:08 [http-nio-8081-exec-1] INFO  com.capstone.aspect.LoggerAspect - Method name: com.capstone.service.emiServiceImp
2022-10-13 00:05:08 [http-nio-8081-exec-1] INFO  com.capstone.aspect.LoggerAspect - Method arguments:[Ljava.lang.Object;@402b0f2b
2022-10-13 00:05:08 [http-nio-8081-exec-1] INFO  com.capstone.aspect.LoggerAspect - *************************************
2022-10-13 00:05:08 [http-nio-8081-exec-1] INFO  com.capstone.aspect.LoggerAspect - During: class com.capstone.service.emiServiceImp.getEmiData() with arguments=emi [s_no=1, loanaccno=202211011, loan_status=active, emi_amount=15910.0, upcomming_payment_date=2022-11-07, remaining_amount=1500000.0]
2022-10-13 00:05:08 [http-nio-8081-exec-1] INFO  com.capstone.aspect.LoggerAspect - *************************************
2022-10-13 00:05:08 [http-nio-8081-exec-1] INFO  com.capstone.aspect.LoggerAspect - Method name: com.capstone.service.emiServiceImp
2022-10-13 00:05:08 [http-nio-8081-exec-1] INFO  com.capstone.aspect.LoggerAspect - Method arguments:[Ljava.lang.Object;@414bb617
2022-10-13 00:05:08 [http-nio-8081-exec-1] INFO  com.capstone.aspect.LoggerAspect - *************************************
2022-10-13 00:05:08 [http-nio-8081-exec-1] INFO  com.capstone.aspect.LoggerAspect - During: class com.capstone.service.emiServiceImp.getEmiData() with arguments=emi [s_no=1, loanaccno=202211011, loan_status=active, emi_amount=15910.0, upcomming_payment_date=2022-11-07, remaining_amount=1500000.0]
2022-10-13 00:05:08 [http-nio-8081-exec-1] INFO  com.capstone.aspect.LoggerAspect - *************************************
2022-10-13 00:05:08 [http-nio-8081-exec-1] INFO  com.capstone.aspect.LoggerAspect - During: class com.capstone.controller.emiController.getemiofAccount() with arguments=<200 OK OK,emi [s_no=1, loanaccno=202211011, loan_status=active, emi_amount=15910.0, upcomming_payment_date=2022-11-07, remaining_amount=1500000.0],[]>
2022-10-13 00:05:08 [http-nio-8081-exec-1] INFO  com.capstone.aspect.LoggerAspect - *************************************
2022-10-13 00:05:15 [http-nio-8081-exec-3] INFO  com.capstone.aspect.LoggerAspect - Method name: com.capstone.controller.emiController
2022-10-13 00:05:15 [http-nio-8081-exec-3] INFO  com.capstone.aspect.LoggerAspect - Method arguments:[Ljava.lang.Object;@cf557ab
2022-10-13 00:05:15 [http-nio-8081-exec-3] INFO  com.capstone.aspect.LoggerAspect - *************************************
2022-10-13 00:05:15 [http-nio-8081-exec-3] INFO  com.capstone.aspect.LoggerAspect - Method name: com.capstone.service.emiServiceImp
2022-10-13 00:05:15 [http-nio-8081-exec-3] INFO  com.capstone.aspect.LoggerAspect - Method arguments:[Ljava.lang.Object;@555ff87
2022-10-13 00:05:15 [http-nio-8081-exec-3] INFO  com.capstone.aspect.LoggerAspect - *************************************
2022-10-13 00:05:15 [http-nio-8081-exec-3] INFO  com.capstone.aspect.LoggerAspect - During: class com.capstone.service.emiServiceImp.getEmiData() with arguments=emi [s_no=1, loanaccno=202211011, loan_status=active, emi_amount=15910.0, upcomming_payment_date=2022-11-07, remaining_amount=1500000.0]
2022-10-13 00:05:15 [http-nio-8081-exec-3] INFO  com.capstone.aspect.LoggerAspect - *************************************
2022-10-13 00:05:15 [http-nio-8081-exec-3] INFO  com.capstone.aspect.LoggerAspect - Method name: com.capstone.service.emiServiceImp
2022-10-13 00:05:15 [http-nio-8081-exec-3] INFO  com.capstone.aspect.LoggerAspect - Method arguments:[Ljava.lang.Object;@36261e05
2022-10-13 00:05:15 [http-nio-8081-exec-3] INFO  com.capstone.aspect.LoggerAspect - *************************************
2022-10-13 00:05:15 [http-nio-8081-exec-3] INFO  com.capstone.aspect.LoggerAspect - During: class com.capstone.service.emiServiceImp.getEmiData() with arguments=emi [s_no=1, loanaccno=202211011, loan_status=active, emi_amount=15910.0, upcomming_payment_date=2022-11-07, remaining_amount=1500000.0]
2022-10-13 00:05:15 [http-nio-8081-exec-3] INFO  com.capstone.aspect.LoggerAspect - *************************************
2022-10-13 00:05:15 [http-nio-8081-exec-3] INFO  com.capstone.aspect.LoggerAspect - During: class com.capstone.controller.emiController.getemiofAccount() with arguments=<200 OK OK,emi [s_no=1, loanaccno=202211011, loan_status=active, emi_amount=15910.0, upcomming_payment_date=2022-11-07, remaining_amount=1500000.0],[]>
2022-10-13 00:05:15 [http-nio-8081-exec-3] INFO  com.capstone.aspect.LoggerAspect - *************************************
2022-10-13 00:06:07 [http-nio-8081-exec-5] INFO  com.capstone.aspect.LoggerAspect - Method name: com.capstone.controller.emiController
2022-10-13 00:06:07 [http-nio-8081-exec-5] INFO  com.capstone.aspect.LoggerAspect - Method arguments:[Ljava.lang.Object;@142f78eb
2022-10-13 00:06:07 [http-nio-8081-exec-5] INFO  com.capstone.aspect.LoggerAspect - *************************************
2022-10-13 00:06:07 [http-nio-8081-exec-5] INFO  com.capstone.aspect.LoggerAspect - Method name: com.capstone.service.emiServiceImp
2022-10-13 00:06:07 [http-nio-8081-exec-5] INFO  com.capstone.aspect.LoggerAspect - Method arguments:[Ljava.lang.Object;@715636ac
2022-10-13 00:06:07 [http-nio-8081-exec-5] INFO  com.capstone.aspect.LoggerAspect - *************************************
2022-10-13 00:06:07 [http-nio-8081-exec-5] INFO  com.capstone.aspect.LoggerAspect - During: class com.capstone.service.emiServiceImp.getEmiData() with arguments=emi [s_no=1, loanaccno=202211011, loan_status=active, emi_amount=15910.0, upcomming_payment_date=2022-11-07, remaining_amount=1500000.0]
2022-10-13 00:06:07 [http-nio-8081-exec-5] INFO  com.capstone.aspect.LoggerAspect - *************************************
2022-10-13 00:06:07 [http-nio-8081-exec-5] INFO  com.capstone.aspect.LoggerAspect - Method name: com.capstone.service.emiServiceImp
2022-10-13 00:06:07 [http-nio-8081-exec-5] INFO  com.capstone.aspect.LoggerAspect - Method arguments:[Ljava.lang.Object;@2a51b717
2022-10-13 00:06:07 [http-nio-8081-exec-5] INFO  com.capstone.aspect.LoggerAspect - *************************************
2022-10-13 00:06:07 [http-nio-8081-exec-5] INFO  com.capstone.aspect.LoggerAspect - During: class com.capstone.service.emiServiceImp.getEmiData() with arguments=emi [s_no=1, loanaccno=202211011, loan_status=active, emi_amount=15910.0, upcomming_payment_date=2022-11-07, remaining_amount=1500000.0]
2022-10-13 00:06:07 [http-nio-8081-exec-5] INFO  com.capstone.aspect.LoggerAspect - *************************************
2022-10-13 00:06:07 [http-nio-8081-exec-5] INFO  com.capstone.aspect.LoggerAspect - During: class com.capstone.controller.emiController.getemiofAccount() with arguments=<200 OK OK,emi [s_no=1, loanaccno=202211011, loan_status=active, emi_amount=15910.0, upcomming_payment_date=2022-11-07, remaining_amount=1500000.0],[]>
2022-10-13 00:06:07 [http-nio-8081-exec-5] INFO  com.capstone.aspect.LoggerAspect - *************************************
2022-10-13 00:07:08 [AsyncResolver-bootstrap-executor-0] INFO  c.n.d.s.r.aws.ConfigClusterResolver - Resolving eureka endpoints via configuration
2022-10-13 00:08:02 [http-nio-8081-exec-7] INFO  com.capstone.aspect.LoggerAspect - Method name: com.capstone.controller.emiController
2022-10-13 00:08:02 [http-nio-8081-exec-7] INFO  com.capstone.aspect.LoggerAspect - Method arguments:[Ljava.lang.Object;@20d29cd3
2022-10-13 00:08:02 [http-nio-8081-exec-7] INFO  com.capstone.aspect.LoggerAspect - *************************************
2022-10-13 00:08:02 [http-nio-8081-exec-7] INFO  com.capstone.aspect.LoggerAspect - Method name: com.capstone.service.emiServiceImp
2022-10-13 00:08:02 [http-nio-8081-exec-7] INFO  com.capstone.aspect.LoggerAspect - Method arguments:[Ljava.lang.Object;@4cccacdf
2022-10-13 00:08:02 [http-nio-8081-exec-7] INFO  com.capstone.aspect.LoggerAspect - *************************************
2022-10-13 00:08:02 [http-nio-8081-exec-7] INFO  com.capstone.aspect.LoggerAspect - During: class com.capstone.service.emiServiceImp.getEmiData() with arguments=emi [s_no=1, loanaccno=202211011, loan_status=active, emi_amount=15910.0, upcomming_payment_date=2022-11-07, remaining_amount=1500000.0]
2022-10-13 00:08:02 [http-nio-8081-exec-7] INFO  com.capstone.aspect.LoggerAspect - *************************************
2022-10-13 00:08:02 [http-nio-8081-exec-7] INFO  com.capstone.aspect.LoggerAspect - Method name: com.capstone.service.emiServiceImp
2022-10-13 00:08:02 [http-nio-8081-exec-7] INFO  com.capstone.aspect.LoggerAspect - Method arguments:[Ljava.lang.Object;@1ed378e9
2022-10-13 00:08:02 [http-nio-8081-exec-7] INFO  com.capstone.aspect.LoggerAspect - *************************************
2022-10-13 00:08:02 [http-nio-8081-exec-7] INFO  com.capstone.aspect.LoggerAspect - During: class com.capstone.service.emiServiceImp.getEmiData() with arguments=emi [s_no=1, loanaccno=202211011, loan_status=active, emi_amount=15910.0, upcomming_payment_date=2022-11-07, remaining_amount=1500000.0]
2022-10-13 00:08:02 [http-nio-8081-exec-7] INFO  com.capstone.aspect.LoggerAspect - *************************************
2022-10-13 00:08:02 [http-nio-8081-exec-7] INFO  com.capstone.aspect.LoggerAspect - During: class com.capstone.controller.emiController.getemiofAccount() with arguments=<200 OK OK,emi [s_no=1, loanaccno=202211011, loan_status=active, emi_amount=15910.0, upcomming_payment_date=2022-11-07, remaining_amount=1500000.0],[]>
2022-10-13 00:08:02 [http-nio-8081-exec-7] INFO  com.capstone.aspect.LoggerAspect - *************************************
2022-10-13 00:08:09 [http-nio-8081-exec-8] INFO  com.capstone.aspect.LoggerAspect - Method name: com.capstone.controller.emiController
2022-10-13 00:08:09 [http-nio-8081-exec-8] INFO  com.capstone.aspect.LoggerAspect - Method arguments:[Ljava.lang.Object;@6c13918
2022-10-13 00:08:09 [http-nio-8081-exec-8] INFO  com.capstone.aspect.LoggerAspect - *************************************
2022-10-13 00:08:09 [http-nio-8081-exec-8] INFO  com.capstone.aspect.LoggerAspect - Method name: com.capstone.service.emiServiceImp
2022-10-13 00:08:09 [http-nio-8081-exec-8] INFO  com.capstone.aspect.LoggerAspect - Method arguments:[Ljava.lang.Object;@57e7c0c1
2022-10-13 00:08:09 [http-nio-8081-exec-8] INFO  com.capstone.aspect.LoggerAspect - *************************************
2022-10-13 00:08:09 [http-nio-8081-exec-8] INFO  com.capstone.aspect.LoggerAspect - During: class com.capstone.service.emiServiceImp.getEmiData() with arguments=emi [s_no=1, loanaccno=202211011, loan_status=active, emi_amount=15910.0, upcomming_payment_date=2022-11-07, remaining_amount=1500000.0]
2022-10-13 00:08:09 [http-nio-8081-exec-8] INFO  com.capstone.aspect.LoggerAspect - *************************************
2022-10-13 00:08:09 [http-nio-8081-exec-8] INFO  com.capstone.aspect.LoggerAspect - Method name: com.capstone.service.emiServiceImp
2022-10-13 00:08:09 [http-nio-8081-exec-8] INFO  com.capstone.aspect.LoggerAspect - Method arguments:[Ljava.lang.Object;@52bf4db
2022-10-13 00:08:09 [http-nio-8081-exec-8] INFO  com.capstone.aspect.LoggerAspect - *************************************
2022-10-13 00:08:09 [http-nio-8081-exec-8] INFO  com.capstone.aspect.LoggerAspect - During: class com.capstone.service.emiServiceImp.getEmiData() with arguments=emi [s_no=1, loanaccno=202211011, loan_status=active, emi_amount=15910.0, upcomming_payment_date=2022-11-07, remaining_amount=1500000.0]
2022-10-13 00:08:09 [http-nio-8081-exec-8] INFO  com.capstone.aspect.LoggerAspect - *************************************
2022-10-13 00:08:09 [http-nio-8081-exec-8] INFO  com.capstone.aspect.LoggerAspect - During: class com.capstone.controller.emiController.getemiofAccount() with arguments=<200 OK OK,emi [s_no=1, loanaccno=202211011, loan_status=active, emi_amount=15910.0, upcomming_payment_date=2022-11-07, remaining_amount=1500000.0],[]>
2022-10-13 00:08:09 [http-nio-8081-exec-8] INFO  com.capstone.aspect.LoggerAspect - *************************************
2022-10-13 00:08:23 [http-nio-8081-exec-9] INFO  com.capstone.aspect.LoggerAspect - Method name: com.capstone.controller.emiController
2022-10-13 00:08:23 [http-nio-8081-exec-9] INFO  com.capstone.aspect.LoggerAspect - Method arguments:[Ljava.lang.Object;@68040cf0
2022-10-13 00:08:23 [http-nio-8081-exec-9] INFO  com.capstone.aspect.LoggerAspect - *************************************
2022-10-13 00:08:23 [http-nio-8081-exec-9] INFO  com.capstone.aspect.LoggerAspect - Method name: com.capstone.service.emiServiceImp
2022-10-13 00:08:23 [http-nio-8081-exec-9] INFO  com.capstone.aspect.LoggerAspect - Method arguments:[Ljava.lang.Object;@21ea0b75
2022-10-13 00:08:23 [http-nio-8081-exec-9] INFO  com.capstone.aspect.LoggerAspect - *************************************
2022-10-13 00:08:23 [http-nio-8081-exec-9] INFO  com.capstone.aspect.LoggerAspect - During: class com.capstone.service.emiServiceImp.getEmiData() with arguments=emi [s_no=1, loanaccno=202211011, loan_status=active, emi_amount=15910.0, upcomming_payment_date=2022-11-07, remaining_amount=1500000.0]
2022-10-13 00:08:23 [http-nio-8081-exec-9] INFO  com.capstone.aspect.LoggerAspect - *************************************
2022-10-13 00:08:23 [http-nio-8081-exec-9] INFO  com.capstone.aspect.LoggerAspect - Method name: com.capstone.service.emiServiceImp
2022-10-13 00:08:23 [http-nio-8081-exec-9] INFO  com.capstone.aspect.LoggerAspect - Method arguments:[Ljava.lang.Object;@72bcede8
2022-10-13 00:08:23 [http-nio-8081-exec-9] INFO  com.capstone.aspect.LoggerAspect - *************************************
2022-10-13 00:08:23 [http-nio-8081-exec-9] INFO  com.capstone.aspect.LoggerAspect - During: class com.capstone.service.emiServiceImp.getEmiData() with arguments=emi [s_no=1, loanaccno=202211011, loan_status=active, emi_amount=15910.0, upcomming_payment_date=2022-11-07, remaining_amount=1500000.0]
2022-10-13 00:08:23 [http-nio-8081-exec-9] INFO  com.capstone.aspect.LoggerAspect - *************************************
2022-10-13 00:08:23 [http-nio-8081-exec-9] INFO  com.capstone.aspect.LoggerAspect - During: class com.capstone.controller.emiController.getemiofAccount() with arguments=<200 OK OK,emi [s_no=1, loanaccno=202211011, loan_status=active, emi_amount=15910.0, upcomming_payment_date=2022-11-07, remaining_amount=1500000.0],[]>
2022-10-13 00:08:23 [http-nio-8081-exec-9] INFO  com.capstone.aspect.LoggerAspect - *************************************
2022-10-13 00:08:25 [http-nio-8081-exec-10] INFO  com.capstone.aspect.LoggerAspect - Method name: com.capstone.controller.emiController
2022-10-13 00:08:25 [http-nio-8081-exec-10] INFO  com.capstone.aspect.LoggerAspect - Method arguments:[Ljava.lang.Object;@7fa8813e
2022-10-13 00:08:25 [http-nio-8081-exec-10] INFO  com.capstone.aspect.LoggerAspect - *************************************
2022-10-13 00:08:25 [http-nio-8081-exec-10] INFO  com.capstone.aspect.LoggerAspect - Method name: com.capstone.service.emiServiceImp
2022-10-13 00:08:25 [http-nio-8081-exec-10] INFO  com.capstone.aspect.LoggerAspect - Method arguments:[Ljava.lang.Object;@7d254358
2022-10-13 00:08:25 [http-nio-8081-exec-10] INFO  com.capstone.aspect.LoggerAspect - *************************************
2022-10-13 00:08:25 [http-nio-8081-exec-10] INFO  com.capstone.aspect.LoggerAspect - During: class com.capstone.service.emiServiceImp.getEmiData() with arguments=emi [s_no=1, loanaccno=202211011, loan_status=active, emi_amount=15910.0, upcomming_payment_date=2022-11-07, remaining_amount=1500000.0]
2022-10-13 00:08:25 [http-nio-8081-exec-10] INFO  com.capstone.aspect.LoggerAspect - *************************************
2022-10-13 00:08:25 [http-nio-8081-exec-10] INFO  com.capstone.aspect.LoggerAspect - Method name: com.capstone.service.emiServiceImp
2022-10-13 00:08:25 [http-nio-8081-exec-10] INFO  com.capstone.aspect.LoggerAspect - Method arguments:[Ljava.lang.Object;@4fa2105e
2022-10-13 00:08:25 [http-nio-8081-exec-10] INFO  com.capstone.aspect.LoggerAspect - *************************************
2022-10-13 00:08:25 [http-nio-8081-exec-10] INFO  com.capstone.aspect.LoggerAspect - During: class com.capstone.service.emiServiceImp.getEmiData() with arguments=emi [s_no=1, loanaccno=202211011, loan_status=active, emi_amount=15910.0, upcomming_payment_date=2022-11-07, remaining_amount=1500000.0]
2022-10-13 00:08:25 [http-nio-8081-exec-10] INFO  com.capstone.aspect.LoggerAspect - *************************************
2022-10-13 00:08:25 [http-nio-8081-exec-10] INFO  com.capstone.aspect.LoggerAspect - During: class com.capstone.controller.emiController.getemiofAccount() with arguments=<200 OK OK,emi [s_no=1, loanaccno=202211011, loan_status=active, emi_amount=15910.0, upcomming_payment_date=2022-11-07, remaining_amount=1500000.0],[]>
2022-10-13 00:08:25 [http-nio-8081-exec-10] INFO  com.capstone.aspect.LoggerAspect - *************************************
2022-10-13 00:08:28 [http-nio-8081-exec-2] INFO  com.capstone.aspect.LoggerAspect - Method name: com.capstone.controller.emiController
2022-10-13 00:08:28 [http-nio-8081-exec-2] INFO  com.capstone.aspect.LoggerAspect - Method arguments:[Ljava.lang.Object;@7d935070
2022-10-13 00:08:28 [http-nio-8081-exec-2] INFO  com.capstone.aspect.LoggerAspect - *************************************
2022-10-13 00:08:28 [http-nio-8081-exec-2] INFO  com.capstone.aspect.LoggerAspect - Method name: com.capstone.service.emiServiceImp
2022-10-13 00:08:28 [http-nio-8081-exec-2] INFO  com.capstone.aspect.LoggerAspect - Method arguments:[Ljava.lang.Object;@ddf7970
2022-10-13 00:08:28 [http-nio-8081-exec-2] INFO  com.capstone.aspect.LoggerAspect - *************************************
2022-10-13 00:08:28 [http-nio-8081-exec-2] INFO  com.capstone.aspect.LoggerAspect - During: class com.capstone.service.emiServiceImp.getEmiData() with arguments=emi [s_no=1, loanaccno=202211011, loan_status=active, emi_amount=15910.0, upcomming_payment_date=2022-11-07, remaining_amount=1500000.0]
2022-10-13 00:08:28 [http-nio-8081-exec-2] INFO  com.capstone.aspect.LoggerAspect - *************************************
2022-10-13 00:08:28 [http-nio-8081-exec-2] INFO  com.capstone.aspect.LoggerAspect - Method name: com.capstone.service.emiServiceImp
2022-10-13 00:08:28 [http-nio-8081-exec-2] INFO  com.capstone.aspect.LoggerAspect - Method arguments:[Ljava.lang.Object;@445f0ee7
2022-10-13 00:08:28 [http-nio-8081-exec-2] INFO  com.capstone.aspect.LoggerAspect - *************************************
2022-10-13 00:08:28 [http-nio-8081-exec-2] INFO  com.capstone.aspect.LoggerAspect - During: class com.capstone.service.emiServiceImp.getEmiData() with arguments=emi [s_no=1, loanaccno=202211011, loan_status=active, emi_amount=15910.0, upcomming_payment_date=2022-11-07, remaining_amount=1500000.0]
2022-10-13 00:08:28 [http-nio-8081-exec-2] INFO  com.capstone.aspect.LoggerAspect - *************************************
2022-10-13 00:08:28 [http-nio-8081-exec-2] INFO  com.capstone.aspect.LoggerAspect - During: class com.capstone.controller.emiController.getemiofAccount() with arguments=<200 OK OK,emi [s_no=1, loanaccno=202211011, loan_status=active, emi_amount=15910.0, upcomming_payment_date=2022-11-07, remaining_amount=1500000.0],[]>
2022-10-13 00:08:28 [http-nio-8081-exec-2] INFO  com.capstone.aspect.LoggerAspect - *************************************
2022-10-13 00:09:13 [http-nio-8081-exec-4] INFO  com.capstone.aspect.LoggerAspect - Method name: com.capstone.controller.emiController
2022-10-13 00:09:13 [http-nio-8081-exec-4] INFO  com.capstone.aspect.LoggerAspect - Method arguments:[Ljava.lang.Object;@65c22c55
2022-10-13 00:09:13 [http-nio-8081-exec-4] INFO  com.capstone.aspect.LoggerAspect - *************************************
2022-10-13 00:09:13 [http-nio-8081-exec-4] INFO  com.capstone.aspect.LoggerAspect - Method name: com.capstone.service.emiServiceImp
2022-10-13 00:09:13 [http-nio-8081-exec-4] INFO  com.capstone.aspect.LoggerAspect - Method arguments:[Ljava.lang.Object;@2bdb7fd4
2022-10-13 00:09:13 [http-nio-8081-exec-4] INFO  com.capstone.aspect.LoggerAspect - *************************************
2022-10-13 00:09:13 [http-nio-8081-exec-4] INFO  com.capstone.aspect.LoggerAspect - During: class com.capstone.service.emiServiceImp.getEmiData() with arguments=emi [s_no=1, loanaccno=202211011, loan_status=active, emi_amount=15910.0, upcomming_payment_date=2022-11-07, remaining_amount=1500000.0]
2022-10-13 00:09:13 [http-nio-8081-exec-4] INFO  com.capstone.aspect.LoggerAspect - *************************************
2022-10-13 00:09:13 [http-nio-8081-exec-4] INFO  com.capstone.aspect.LoggerAspect - Method name: com.capstone.service.emiServiceImp
2022-10-13 00:09:13 [http-nio-8081-exec-4] INFO  com.capstone.aspect.LoggerAspect - Method arguments:[Ljava.lang.Object;@26614187
2022-10-13 00:09:13 [http-nio-8081-exec-4] INFO  com.capstone.aspect.LoggerAspect - *************************************
2022-10-13 00:09:13 [http-nio-8081-exec-4] INFO  com.capstone.aspect.LoggerAspect - During: class com.capstone.service.emiServiceImp.getEmiData() with arguments=emi [s_no=1, loanaccno=202211011, loan_status=active, emi_amount=15910.0, upcomming_payment_date=2022-11-07, remaining_amount=1500000.0]
2022-10-13 00:09:13 [http-nio-8081-exec-4] INFO  com.capstone.aspect.LoggerAspect - *************************************
2022-10-13 00:09:13 [http-nio-8081-exec-4] INFO  com.capstone.aspect.LoggerAspect - During: class com.capstone.controller.emiController.getemiofAccount() with arguments=<200 OK OK,emi [s_no=1, loanaccno=202211011, loan_status=active, emi_amount=15910.0, upcomming_payment_date=2022-11-07, remaining_amount=1500000.0],[]>
2022-10-13 00:09:13 [http-nio-8081-exec-4] INFO  com.capstone.aspect.LoggerAspect - *************************************
2022-10-13 00:10:36 [http-nio-8081-exec-6] INFO  com.capstone.aspect.LoggerAspect - Method name: com.capstone.controller.emiController
2022-10-13 00:10:36 [http-nio-8081-exec-6] INFO  com.capstone.aspect.LoggerAspect - Method arguments:[Ljava.lang.Object;@50572733
2022-10-13 00:10:36 [http-nio-8081-exec-6] INFO  com.capstone.aspect.LoggerAspect - *************************************
2022-10-13 00:10:36 [http-nio-8081-exec-6] INFO  com.capstone.aspect.LoggerAspect - Method name: com.capstone.service.emiServiceImp
2022-10-13 00:10:36 [http-nio-8081-exec-6] INFO  com.capstone.aspect.LoggerAspect - Method arguments:[Ljava.lang.Object;@5fb1daf2
2022-10-13 00:10:36 [http-nio-8081-exec-6] INFO  com.capstone.aspect.LoggerAspect - *************************************
2022-10-13 00:10:36 [http-nio-8081-exec-6] INFO  com.capstone.aspect.LoggerAspect - During: class com.capstone.service.emiServiceImp.getEmiData() with arguments=emi [s_no=1, loanaccno=202211011, loan_status=active, emi_amount=15910.0, upcomming_payment_date=2022-11-07, remaining_amount=1500000.0]
2022-10-13 00:10:36 [http-nio-8081-exec-6] INFO  com.capstone.aspect.LoggerAspect - *************************************
2022-10-13 00:10:36 [http-nio-8081-exec-6] INFO  com.capstone.aspect.LoggerAspect - Method name: com.capstone.service.emiServiceImp
2022-10-13 00:10:36 [http-nio-8081-exec-6] INFO  com.capstone.aspect.LoggerAspect - Method arguments:[Ljava.lang.Object;@4c95b080
2022-10-13 00:10:36 [http-nio-8081-exec-6] INFO  com.capstone.aspect.LoggerAspect - *************************************
2022-10-13 00:10:36 [http-nio-8081-exec-6] INFO  com.capstone.aspect.LoggerAspect - During: class com.capstone.service.emiServiceImp.getEmiData() with arguments=emi [s_no=1, loanaccno=202211011, loan_status=active, emi_amount=15910.0, upcomming_payment_date=2022-11-07, remaining_amount=1500000.0]
2022-10-13 00:10:36 [http-nio-8081-exec-6] INFO  com.capstone.aspect.LoggerAspect - *************************************
2022-10-13 00:10:36 [http-nio-8081-exec-6] INFO  com.capstone.aspect.LoggerAspect - During: class com.capstone.controller.emiController.getemiofAccount() with arguments=<200 OK OK,emi [s_no=1, loanaccno=202211011, loan_status=active, emi_amount=15910.0, upcomming_payment_date=2022-11-07, remaining_amount=1500000.0],[]>
2022-10-13 00:10:36 [http-nio-8081-exec-6] INFO  com.capstone.aspect.LoggerAspect - *************************************
2022-10-13 00:10:59 [http-nio-8081-exec-7] INFO  com.capstone.aspect.LoggerAspect - Method name: com.capstone.controller.emiController
2022-10-13 00:10:59 [http-nio-8081-exec-7] INFO  com.capstone.aspect.LoggerAspect - Method arguments:[Ljava.lang.Object;@510b5ad1
2022-10-13 00:10:59 [http-nio-8081-exec-7] INFO  com.capstone.aspect.LoggerAspect - *************************************
2022-10-13 00:10:59 [http-nio-8081-exec-7] INFO  com.capstone.aspect.LoggerAspect - Method name: com.capstone.service.emiServiceImp
2022-10-13 00:10:59 [http-nio-8081-exec-7] INFO  com.capstone.aspect.LoggerAspect - Method arguments:[Ljava.lang.Object;@23536851
2022-10-13 00:10:59 [http-nio-8081-exec-7] INFO  com.capstone.aspect.LoggerAspect - *************************************
2022-10-13 00:10:59 [http-nio-8081-exec-7] INFO  com.capstone.aspect.LoggerAspect - During: class com.capstone.service.emiServiceImp.getEmiData() with arguments=emi [s_no=1, loanaccno=202211011, loan_status=active, emi_amount=15910.0, upcomming_payment_date=2022-11-07, remaining_amount=1500000.0]
2022-10-13 00:10:59 [http-nio-8081-exec-7] INFO  com.capstone.aspect.LoggerAspect - *************************************
2022-10-13 00:10:59 [http-nio-8081-exec-7] INFO  com.capstone.aspect.LoggerAspect - Method name: com.capstone.service.emiServiceImp
2022-10-13 00:10:59 [http-nio-8081-exec-7] INFO  com.capstone.aspect.LoggerAspect - Method arguments:[Ljava.lang.Object;@574396e
2022-10-13 00:10:59 [http-nio-8081-exec-7] INFO  com.capstone.aspect.LoggerAspect - *************************************
2022-10-13 00:10:59 [http-nio-8081-exec-7] INFO  com.capstone.aspect.LoggerAspect - During: class com.capstone.service.emiServiceImp.getEmiData() with arguments=emi [s_no=1, loanaccno=202211011, loan_status=active, emi_amount=15910.0, upcomming_payment_date=2022-11-07, remaining_amount=1500000.0]
2022-10-13 00:10:59 [http-nio-8081-exec-7] INFO  com.capstone.aspect.LoggerAspect - *************************************
2022-10-13 00:10:59 [http-nio-8081-exec-7] INFO  com.capstone.aspect.LoggerAspect - During: class com.capstone.controller.emiController.getemiofAccount() with arguments=<200 OK OK,emi [s_no=1, loanaccno=202211011, loan_status=active, emi_amount=15910.0, upcomming_payment_date=2022-11-07, remaining_amount=1500000.0],[]>
2022-10-13 00:10:59 [http-nio-8081-exec-7] INFO  com.capstone.aspect.LoggerAspect - *************************************
2022-10-13 00:11:06 [http-nio-8081-exec-8] INFO  com.capstone.aspect.LoggerAspect - Method name: com.capstone.controller.emiController
2022-10-13 00:11:06 [http-nio-8081-exec-8] INFO  com.capstone.aspect.LoggerAspect - Method arguments:[Ljava.lang.Object;@af18a1d
2022-10-13 00:11:06 [http-nio-8081-exec-8] INFO  com.capstone.aspect.LoggerAspect - *************************************
2022-10-13 00:11:06 [http-nio-8081-exec-8] INFO  com.capstone.aspect.LoggerAspect - Method name: com.capstone.service.emiServiceImp
2022-10-13 00:11:06 [http-nio-8081-exec-8] INFO  com.capstone.aspect.LoggerAspect - Method arguments:[Ljava.lang.Object;@16d04267
2022-10-13 00:11:06 [http-nio-8081-exec-8] INFO  com.capstone.aspect.LoggerAspect - *************************************
2022-10-13 00:11:06 [http-nio-8081-exec-8] INFO  com.capstone.aspect.LoggerAspect - During: class com.capstone.service.emiServiceImp.getEmiData() with arguments=emi [s_no=1, loanaccno=202211011, loan_status=active, emi_amount=15910.0, upcomming_payment_date=2022-11-07, remaining_amount=1500000.0]
2022-10-13 00:11:06 [http-nio-8081-exec-8] INFO  com.capstone.aspect.LoggerAspect - *************************************
2022-10-13 00:11:06 [http-nio-8081-exec-8] INFO  com.capstone.aspect.LoggerAspect - Method name: com.capstone.service.emiServiceImp
2022-10-13 00:11:06 [http-nio-8081-exec-8] INFO  com.capstone.aspect.LoggerAspect - Method arguments:[Ljava.lang.Object;@69da4412
2022-10-13 00:11:06 [http-nio-8081-exec-8] INFO  com.capstone.aspect.LoggerAspect - *************************************
2022-10-13 00:11:06 [http-nio-8081-exec-8] INFO  com.capstone.aspect.LoggerAspect - During: class com.capstone.service.emiServiceImp.getEmiData() with arguments=emi [s_no=1, loanaccno=202211011, loan_status=active, emi_amount=15910.0, upcomming_payment_date=2022-11-07, remaining_amount=1500000.0]
2022-10-13 00:11:06 [http-nio-8081-exec-8] INFO  com.capstone.aspect.LoggerAspect - *************************************
2022-10-13 00:11:06 [http-nio-8081-exec-8] INFO  com.capstone.aspect.LoggerAspect - During: class com.capstone.controller.emiController.getemiofAccount() with arguments=<200 OK OK,emi [s_no=1, loanaccno=202211011, loan_status=active, emi_amount=15910.0, upcomming_payment_date=2022-11-07, remaining_amount=1500000.0],[]>
2022-10-13 00:11:06 [http-nio-8081-exec-8] INFO  com.capstone.aspect.LoggerAspect - *************************************
2022-10-13 00:11:34 [http-nio-8081-exec-9] INFO  com.capstone.aspect.LoggerAspect - Method name: com.capstone.controller.emiController
2022-10-13 00:11:34 [http-nio-8081-exec-9] INFO  com.capstone.aspect.LoggerAspect - Method arguments:[Ljava.lang.Object;@3adda14d
2022-10-13 00:11:34 [http-nio-8081-exec-9] INFO  com.capstone.aspect.LoggerAspect - *************************************
2022-10-13 00:11:34 [http-nio-8081-exec-9] INFO  com.capstone.aspect.LoggerAspect - Method name: com.capstone.service.emiServiceImp
2022-10-13 00:11:34 [http-nio-8081-exec-9] INFO  com.capstone.aspect.LoggerAspect - Method arguments:[Ljava.lang.Object;@5c669685
2022-10-13 00:11:34 [http-nio-8081-exec-9] INFO  com.capstone.aspect.LoggerAspect - *************************************
2022-10-13 00:11:34 [http-nio-8081-exec-9] INFO  com.capstone.aspect.LoggerAspect - During: class com.capstone.service.emiServiceImp.getEmiData() with arguments=emi [s_no=1, loanaccno=202211011, loan_status=active, emi_amount=15910.0, upcomming_payment_date=2022-11-07, remaining_amount=1500000.0]
2022-10-13 00:11:34 [http-nio-8081-exec-9] INFO  com.capstone.aspect.LoggerAspect - *************************************
2022-10-13 00:11:34 [http-nio-8081-exec-9] INFO  com.capstone.aspect.LoggerAspect - Method name: com.capstone.service.emiServiceImp
2022-10-13 00:11:34 [http-nio-8081-exec-9] INFO  com.capstone.aspect.LoggerAspect - Method arguments:[Ljava.lang.Object;@422c600f
2022-10-13 00:11:34 [http-nio-8081-exec-9] INFO  com.capstone.aspect.LoggerAspect - *************************************
2022-10-13 00:11:34 [http-nio-8081-exec-9] INFO  com.capstone.aspect.LoggerAspect - During: class com.capstone.service.emiServiceImp.getEmiData() with arguments=emi [s_no=1, loanaccno=202211011, loan_status=active, emi_amount=15910.0, upcomming_payment_date=2022-11-07, remaining_amount=1500000.0]
2022-10-13 00:11:34 [http-nio-8081-exec-9] INFO  com.capstone.aspect.LoggerAspect - *************************************
2022-10-13 00:11:34 [http-nio-8081-exec-9] INFO  com.capstone.aspect.LoggerAspect - During: class com.capstone.controller.emiController.getemiofAccount() with arguments=<200 OK OK,emi [s_no=1, loanaccno=202211011, loan_status=active, emi_amount=15910.0, upcomming_payment_date=2022-11-07, remaining_amount=1500000.0],[]>
2022-10-13 00:11:34 [http-nio-8081-exec-9] INFO  com.capstone.aspect.LoggerAspect - *************************************
2022-10-13 00:11:42 [http-nio-8081-exec-10] INFO  com.capstone.aspect.LoggerAspect - Method name: com.capstone.controller.emiController
2022-10-13 00:11:42 [http-nio-8081-exec-10] INFO  com.capstone.aspect.LoggerAspect - Method arguments:[Ljava.lang.Object;@3ed19020
2022-10-13 00:11:42 [http-nio-8081-exec-10] INFO  com.capstone.aspect.LoggerAspect - *************************************
2022-10-13 00:11:42 [http-nio-8081-exec-10] INFO  com.capstone.aspect.LoggerAspect - Method name: com.capstone.service.emiServiceImp
2022-10-13 00:11:42 [http-nio-8081-exec-10] INFO  com.capstone.aspect.LoggerAspect - Method arguments:[Ljava.lang.Object;@3cc46a7b
2022-10-13 00:11:42 [http-nio-8081-exec-10] INFO  com.capstone.aspect.LoggerAspect - *************************************
2022-10-13 00:11:42 [http-nio-8081-exec-10] INFO  com.capstone.aspect.LoggerAspect - During: class com.capstone.service.emiServiceImp.getEmiData() with arguments=emi [s_no=2, loanaccno=202211012, loan_status=active, emi_amount=4762.0, upcomming_payment_date=2022-11-07, remaining_amount=110000.0]
2022-10-13 00:11:42 [http-nio-8081-exec-10] INFO  com.capstone.aspect.LoggerAspect - *************************************
2022-10-13 00:11:42 [http-nio-8081-exec-10] INFO  com.capstone.aspect.LoggerAspect - Method name: com.capstone.service.emiServiceImp
2022-10-13 00:11:42 [http-nio-8081-exec-10] INFO  com.capstone.aspect.LoggerAspect - Method arguments:[Ljava.lang.Object;@3efcb7da
2022-10-13 00:11:42 [http-nio-8081-exec-10] INFO  com.capstone.aspect.LoggerAspect - *************************************
2022-10-13 00:11:42 [http-nio-8081-exec-10] INFO  com.capstone.aspect.LoggerAspect - During: class com.capstone.service.emiServiceImp.getEmiData() with arguments=emi [s_no=2, loanaccno=202211012, loan_status=active, emi_amount=4762.0, upcomming_payment_date=2022-11-07, remaining_amount=110000.0]
2022-10-13 00:11:42 [http-nio-8081-exec-10] INFO  com.capstone.aspect.LoggerAspect - *************************************
2022-10-13 00:11:42 [http-nio-8081-exec-10] INFO  com.capstone.aspect.LoggerAspect - During: class com.capstone.controller.emiController.getemiofAccount() with arguments=<200 OK OK,emi [s_no=2, loanaccno=202211012, loan_status=active, emi_amount=4762.0, upcomming_payment_date=2022-11-07, remaining_amount=110000.0],[]>
2022-10-13 00:11:42 [http-nio-8081-exec-10] INFO  com.capstone.aspect.LoggerAspect - *************************************
2022-10-13 00:12:08 [AsyncResolver-bootstrap-executor-0] INFO  c.n.d.s.r.aws.ConfigClusterResolver - Resolving eureka endpoints via configuration
2022-10-13 00:12:14 [http-nio-8081-exec-1] INFO  com.capstone.aspect.LoggerAspect - Method name: com.capstone.controller.emiController
2022-10-13 00:12:14 [http-nio-8081-exec-1] INFO  com.capstone.aspect.LoggerAspect - Method arguments:[Ljava.lang.Object;@471fcce5
2022-10-13 00:12:14 [http-nio-8081-exec-1] INFO  com.capstone.aspect.LoggerAspect - *************************************
2022-10-13 00:12:14 [http-nio-8081-exec-1] INFO  com.capstone.aspect.LoggerAspect - Method name: com.capstone.service.emiServiceImp
2022-10-13 00:12:14 [http-nio-8081-exec-1] INFO  com.capstone.aspect.LoggerAspect - Method arguments:[Ljava.lang.Object;@7c364455
2022-10-13 00:12:14 [http-nio-8081-exec-1] INFO  com.capstone.aspect.LoggerAspect - *************************************
2022-10-13 00:12:14 [http-nio-8081-exec-1] INFO  com.capstone.aspect.LoggerAspect - During: class com.capstone.service.emiServiceImp.getEmiData() with arguments=emi [s_no=2, loanaccno=202211012, loan_status=active, emi_amount=4762.0, upcomming_payment_date=2022-11-07, remaining_amount=110000.0]
2022-10-13 00:12:14 [http-nio-8081-exec-1] INFO  com.capstone.aspect.LoggerAspect - *************************************
2022-10-13 00:12:14 [http-nio-8081-exec-1] INFO  com.capstone.aspect.LoggerAspect - Method name: com.capstone.service.emiServiceImp
2022-10-13 00:12:14 [http-nio-8081-exec-1] INFO  com.capstone.aspect.LoggerAspect - Method arguments:[Ljava.lang.Object;@2dbb980d
2022-10-13 00:12:14 [http-nio-8081-exec-1] INFO  com.capstone.aspect.LoggerAspect - *************************************
2022-10-13 00:12:14 [http-nio-8081-exec-1] INFO  com.capstone.aspect.LoggerAspect - During: class com.capstone.service.emiServiceImp.getEmiData() with arguments=emi [s_no=2, loanaccno=202211012, loan_status=active, emi_amount=4762.0, upcomming_payment_date=2022-11-07, remaining_amount=110000.0]
2022-10-13 00:12:14 [http-nio-8081-exec-1] INFO  com.capstone.aspect.LoggerAspect - *************************************
2022-10-13 00:12:14 [http-nio-8081-exec-1] INFO  com.capstone.aspect.LoggerAspect - During: class com.capstone.controller.emiController.getemiofAccount() with arguments=<200 OK OK,emi [s_no=2, loanaccno=202211012, loan_status=active, emi_amount=4762.0, upcomming_payment_date=2022-11-07, remaining_amount=110000.0],[]>
2022-10-13 00:12:14 [http-nio-8081-exec-1] INFO  com.capstone.aspect.LoggerAspect - *************************************
2022-10-13 00:12:21 [http-nio-8081-exec-3] INFO  com.capstone.aspect.LoggerAspect - Method name: com.capstone.controller.emiController
2022-10-13 00:12:21 [http-nio-8081-exec-3] INFO  com.capstone.aspect.LoggerAspect - Method arguments:[Ljava.lang.Object;@30df5be6
2022-10-13 00:12:21 [http-nio-8081-exec-3] INFO  com.capstone.aspect.LoggerAspect - *************************************
2022-10-13 00:12:21 [http-nio-8081-exec-3] INFO  com.capstone.aspect.LoggerAspect - Method name: com.capstone.service.emiServiceImp
2022-10-13 00:12:21 [http-nio-8081-exec-3] INFO  com.capstone.aspect.LoggerAspect - Method arguments:[Ljava.lang.Object;@55f8f9b3
2022-10-13 00:12:21 [http-nio-8081-exec-3] INFO  com.capstone.aspect.LoggerAspect - *************************************
2022-10-13 00:12:21 [http-nio-8081-exec-3] INFO  com.capstone.aspect.LoggerAspect - During: class com.capstone.service.emiServiceImp.getEmiData() with arguments=emi [s_no=1, loanaccno=202211011, loan_status=active, emi_amount=15910.0, upcomming_payment_date=2022-11-07, remaining_amount=1500000.0]
2022-10-13 00:12:21 [http-nio-8081-exec-3] INFO  com.capstone.aspect.LoggerAspect - *************************************
2022-10-13 00:12:21 [http-nio-8081-exec-3] INFO  com.capstone.aspect.LoggerAspect - Method name: com.capstone.service.emiServiceImp
2022-10-13 00:12:21 [http-nio-8081-exec-3] INFO  com.capstone.aspect.LoggerAspect - Method arguments:[Ljava.lang.Object;@120b26fe
2022-10-13 00:12:21 [http-nio-8081-exec-3] INFO  com.capstone.aspect.LoggerAspect - *************************************
2022-10-13 00:12:21 [http-nio-8081-exec-3] INFO  com.capstone.aspect.LoggerAspect - During: class com.capstone.service.emiServiceImp.getEmiData() with arguments=emi [s_no=1, loanaccno=202211011, loan_status=active, emi_amount=15910.0, upcomming_payment_date=2022-11-07, remaining_amount=1500000.0]
2022-10-13 00:12:21 [http-nio-8081-exec-3] INFO  com.capstone.aspect.LoggerAspect - *************************************
2022-10-13 00:12:21 [http-nio-8081-exec-3] INFO  com.capstone.aspect.LoggerAspect - During: class com.capstone.controller.emiController.getemiofAccount() with arguments=<200 OK OK,emi [s_no=1, loanaccno=202211011, loan_status=active, emi_amount=15910.0, upcomming_payment_date=2022-11-07, remaining_amount=1500000.0],[]>
2022-10-13 00:12:21 [http-nio-8081-exec-3] INFO  com.capstone.aspect.LoggerAspect - *************************************
2022-10-13 00:12:24 [http-nio-8081-exec-4] INFO  com.capstone.aspect.LoggerAspect - Method name: com.capstone.controller.emiController
2022-10-13 00:12:24 [http-nio-8081-exec-4] INFO  com.capstone.aspect.LoggerAspect - Method arguments:[Ljava.lang.Object;@46b1da09
2022-10-13 00:12:24 [http-nio-8081-exec-4] INFO  com.capstone.aspect.LoggerAspect - *************************************
2022-10-13 00:12:24 [http-nio-8081-exec-4] INFO  com.capstone.aspect.LoggerAspect - Method name: com.capstone.service.emiServiceImp
2022-10-13 00:12:24 [http-nio-8081-exec-4] INFO  com.capstone.aspect.LoggerAspect - Method arguments:[Ljava.lang.Object;@288fbc46
2022-10-13 00:12:24 [http-nio-8081-exec-4] INFO  com.capstone.aspect.LoggerAspect - *************************************
2022-10-13 00:12:24 [http-nio-8081-exec-4] INFO  com.capstone.aspect.LoggerAspect - During: class com.capstone.service.emiServiceImp.getEmiData() with arguments=emi [s_no=1, loanaccno=202211011, loan_status=active, emi_amount=15910.0, upcomming_payment_date=2022-11-07, remaining_amount=1500000.0]
2022-10-13 00:12:24 [http-nio-8081-exec-4] INFO  com.capstone.aspect.LoggerAspect - *************************************
2022-10-13 00:12:24 [http-nio-8081-exec-4] INFO  com.capstone.aspect.LoggerAspect - Method name: com.capstone.service.emiServiceImp
2022-10-13 00:12:24 [http-nio-8081-exec-4] INFO  com.capstone.aspect.LoggerAspect - Method arguments:[Ljava.lang.Object;@5df0bed9
2022-10-13 00:12:24 [http-nio-8081-exec-4] INFO  com.capstone.aspect.LoggerAspect - *************************************
2022-10-13 00:12:25 [http-nio-8081-exec-4] INFO  com.capstone.aspect.LoggerAspect - During: class com.capstone.service.emiServiceImp.getEmiData() with arguments=emi [s_no=1, loanaccno=202211011, loan_status=active, emi_amount=15910.0, upcomming_payment_date=2022-11-07, remaining_amount=1500000.0]
2022-10-13 00:12:25 [http-nio-8081-exec-4] INFO  com.capstone.aspect.LoggerAspect - *************************************
2022-10-13 00:12:25 [http-nio-8081-exec-4] INFO  com.capstone.aspect.LoggerAspect - During: class com.capstone.controller.emiController.getemiofAccount() with arguments=<200 OK OK,emi [s_no=1, loanaccno=202211011, loan_status=active, emi_amount=15910.0, upcomming_payment_date=2022-11-07, remaining_amount=1500000.0],[]>
2022-10-13 00:12:25 [http-nio-8081-exec-4] INFO  com.capstone.aspect.LoggerAspect - *************************************
2022-10-13 00:12:34 [http-nio-8081-exec-6] INFO  com.capstone.aspect.LoggerAspect - Method name: com.capstone.controller.emiController
2022-10-13 00:12:34 [http-nio-8081-exec-6] INFO  com.capstone.aspect.LoggerAspect - Method arguments:[Ljava.lang.Object;@253d3b2b
2022-10-13 00:12:34 [http-nio-8081-exec-6] INFO  com.capstone.aspect.LoggerAspect - *************************************
2022-10-13 00:12:34 [http-nio-8081-exec-6] INFO  com.capstone.aspect.LoggerAspect - Method name: com.capstone.service.emiServiceImp
2022-10-13 00:12:34 [http-nio-8081-exec-6] INFO  com.capstone.aspect.LoggerAspect - Method arguments:[Ljava.lang.Object;@75a2d832
2022-10-13 00:12:34 [http-nio-8081-exec-6] INFO  com.capstone.aspect.LoggerAspect - *************************************
2022-10-13 00:12:34 [http-nio-8081-exec-6] INFO  com.capstone.aspect.LoggerAspect - During: class com.capstone.service.emiServiceImp.getEmiData() with arguments=emi [s_no=1, loanaccno=202211011, loan_status=active, emi_amount=15910.0, upcomming_payment_date=2022-11-07, remaining_amount=1500000.0]
2022-10-13 00:12:34 [http-nio-8081-exec-6] INFO  com.capstone.aspect.LoggerAspect - *************************************
2022-10-13 00:12:34 [http-nio-8081-exec-6] INFO  com.capstone.aspect.LoggerAspect - Method name: com.capstone.service.emiServiceImp
2022-10-13 00:12:34 [http-nio-8081-exec-6] INFO  com.capstone.aspect.LoggerAspect - Method arguments:[Ljava.lang.Object;@5e8e8a0b
2022-10-13 00:12:34 [http-nio-8081-exec-6] INFO  com.capstone.aspect.LoggerAspect - *************************************
2022-10-13 00:12:34 [http-nio-8081-exec-6] INFO  com.capstone.aspect.LoggerAspect - During: class com.capstone.service.emiServiceImp.getEmiData() with arguments=emi [s_no=1, loanaccno=202211011, loan_status=active, emi_amount=15910.0, upcomming_payment_date=2022-11-07, remaining_amount=1500000.0]
2022-10-13 00:12:34 [http-nio-8081-exec-6] INFO  com.capstone.aspect.LoggerAspect - *************************************
2022-10-13 00:12:34 [http-nio-8081-exec-6] INFO  com.capstone.aspect.LoggerAspect - During: class com.capstone.controller.emiController.getemiofAccount() with arguments=<200 OK OK,emi [s_no=1, loanaccno=202211011, loan_status=active, emi_amount=15910.0, upcomming_payment_date=2022-11-07, remaining_amount=1500000.0],[]>
2022-10-13 00:12:34 [http-nio-8081-exec-6] INFO  com.capstone.aspect.LoggerAspect - *************************************
2022-10-13 00:12:37 [http-nio-8081-exec-8] INFO  com.capstone.aspect.LoggerAspect - Method name: com.capstone.controller.emiController
2022-10-13 00:12:37 [http-nio-8081-exec-8] INFO  com.capstone.aspect.LoggerAspect - Method arguments:[Ljava.lang.Object;@7f527b10
2022-10-13 00:12:37 [http-nio-8081-exec-8] INFO  com.capstone.aspect.LoggerAspect - *************************************
2022-10-13 00:12:37 [http-nio-8081-exec-8] INFO  com.capstone.aspect.LoggerAspect - Method name: com.capstone.service.emiServiceImp
2022-10-13 00:12:37 [http-nio-8081-exec-8] INFO  com.capstone.aspect.LoggerAspect - Method arguments:[Ljava.lang.Object;@58a68e57
2022-10-13 00:12:37 [http-nio-8081-exec-8] INFO  com.capstone.aspect.LoggerAspect - *************************************
2022-10-13 00:12:37 [http-nio-8081-exec-8] INFO  com.capstone.aspect.LoggerAspect - During: class com.capstone.service.emiServiceImp.getEmiData() with arguments=emi [s_no=1, loanaccno=202211011, loan_status=active, emi_amount=15910.0, upcomming_payment_date=2022-11-07, remaining_amount=1500000.0]
2022-10-13 00:12:37 [http-nio-8081-exec-8] INFO  com.capstone.aspect.LoggerAspect - *************************************
2022-10-13 00:12:37 [http-nio-8081-exec-8] INFO  com.capstone.aspect.LoggerAspect - Method name: com.capstone.service.emiServiceImp
2022-10-13 00:12:37 [http-nio-8081-exec-8] INFO  com.capstone.aspect.LoggerAspect - Method arguments:[Ljava.lang.Object;@19b4a209
2022-10-13 00:12:37 [http-nio-8081-exec-8] INFO  com.capstone.aspect.LoggerAspect - *************************************
2022-10-13 00:12:37 [http-nio-8081-exec-8] INFO  com.capstone.aspect.LoggerAspect - During: class com.capstone.service.emiServiceImp.getEmiData() with arguments=emi [s_no=1, loanaccno=202211011, loan_status=active, emi_amount=15910.0, upcomming_payment_date=2022-11-07, remaining_amount=1500000.0]
2022-10-13 00:12:37 [http-nio-8081-exec-8] INFO  com.capstone.aspect.LoggerAspect - *************************************
2022-10-13 00:12:37 [http-nio-8081-exec-8] INFO  com.capstone.aspect.LoggerAspect - During: class com.capstone.controller.emiController.getemiofAccount() with arguments=<200 OK OK,emi [s_no=1, loanaccno=202211011, loan_status=active, emi_amount=15910.0, upcomming_payment_date=2022-11-07, remaining_amount=1500000.0],[]>
2022-10-13 00:12:37 [http-nio-8081-exec-8] INFO  com.capstone.aspect.LoggerAspect - *************************************
2022-10-13 00:12:39 [http-nio-8081-exec-9] INFO  com.capstone.aspect.LoggerAspect - Method name: com.capstone.controller.emiController
2022-10-13 00:12:39 [http-nio-8081-exec-9] INFO  com.capstone.aspect.LoggerAspect - Method arguments:[Ljava.lang.Object;@309b3195
2022-10-13 00:12:39 [http-nio-8081-exec-9] INFO  com.capstone.aspect.LoggerAspect - *************************************
2022-10-13 00:12:39 [http-nio-8081-exec-9] INFO  com.capstone.aspect.LoggerAspect - Method name: com.capstone.service.emiServiceImp
2022-10-13 00:12:39 [http-nio-8081-exec-9] INFO  com.capstone.aspect.LoggerAspect - Method arguments:[Ljava.lang.Object;@9cdd12c
2022-10-13 00:12:39 [http-nio-8081-exec-9] INFO  com.capstone.aspect.LoggerAspect - *************************************
2022-10-13 00:12:39 [http-nio-8081-exec-9] INFO  com.capstone.aspect.LoggerAspect - During: class com.capstone.service.emiServiceImp.getEmiData() with arguments=emi [s_no=1, loanaccno=202211011, loan_status=active, emi_amount=15910.0, upcomming_payment_date=2022-11-07, remaining_amount=1500000.0]
2022-10-13 00:12:39 [http-nio-8081-exec-9] INFO  com.capstone.aspect.LoggerAspect - *************************************
2022-10-13 00:12:39 [http-nio-8081-exec-9] INFO  com.capstone.aspect.LoggerAspect - Method name: com.capstone.service.emiServiceImp
2022-10-13 00:12:39 [http-nio-8081-exec-9] INFO  com.capstone.aspect.LoggerAspect - Method arguments:[Ljava.lang.Object;@1583a75e
2022-10-13 00:12:39 [http-nio-8081-exec-9] INFO  com.capstone.aspect.LoggerAspect - *************************************
2022-10-13 00:12:39 [http-nio-8081-exec-9] INFO  com.capstone.aspect.LoggerAspect - During: class com.capstone.service.emiServiceImp.getEmiData() with arguments=emi [s_no=1, loanaccno=202211011, loan_status=active, emi_amount=15910.0, upcomming_payment_date=2022-11-07, remaining_amount=1500000.0]
2022-10-13 00:12:39 [http-nio-8081-exec-9] INFO  com.capstone.aspect.LoggerAspect - *************************************
2022-10-13 00:12:39 [http-nio-8081-exec-9] INFO  com.capstone.aspect.LoggerAspect - During: class com.capstone.controller.emiController.getemiofAccount() with arguments=<200 OK OK,emi [s_no=1, loanaccno=202211011, loan_status=active, emi_amount=15910.0, upcomming_payment_date=2022-11-07, remaining_amount=1500000.0],[]>
2022-10-13 00:12:39 [http-nio-8081-exec-9] INFO  com.capstone.aspect.LoggerAspect - *************************************
2022-10-13 00:12:42 [http-nio-8081-exec-10] INFO  com.capstone.aspect.LoggerAspect - Method name: com.capstone.controller.emiController
2022-10-13 00:12:42 [http-nio-8081-exec-10] INFO  com.capstone.aspect.LoggerAspect - Method arguments:[Ljava.lang.Object;@2f700a81
2022-10-13 00:12:42 [http-nio-8081-exec-10] INFO  com.capstone.aspect.LoggerAspect - *************************************
2022-10-13 00:12:42 [http-nio-8081-exec-10] INFO  com.capstone.aspect.LoggerAspect - Method name: com.capstone.service.emiServiceImp
2022-10-13 00:12:42 [http-nio-8081-exec-10] INFO  com.capstone.aspect.LoggerAspect - Method arguments:[Ljava.lang.Object;@2dd47140
2022-10-13 00:12:42 [http-nio-8081-exec-10] INFO  com.capstone.aspect.LoggerAspect - *************************************
2022-10-13 00:12:42 [http-nio-8081-exec-10] INFO  com.capstone.aspect.LoggerAspect - During: class com.capstone.service.emiServiceImp.getEmiData() with arguments=emi [s_no=1, loanaccno=202211011, loan_status=active, emi_amount=15910.0, upcomming_payment_date=2022-11-07, remaining_amount=1500000.0]
2022-10-13 00:12:42 [http-nio-8081-exec-10] INFO  com.capstone.aspect.LoggerAspect - *************************************
2022-10-13 00:12:42 [http-nio-8081-exec-10] INFO  com.capstone.aspect.LoggerAspect - Method name: com.capstone.service.emiServiceImp
2022-10-13 00:12:42 [http-nio-8081-exec-10] INFO  com.capstone.aspect.LoggerAspect - Method arguments:[Ljava.lang.Object;@5c67e5f
2022-10-13 00:12:42 [http-nio-8081-exec-10] INFO  com.capstone.aspect.LoggerAspect - *************************************
2022-10-13 00:12:42 [http-nio-8081-exec-10] INFO  com.capstone.aspect.LoggerAspect - During: class com.capstone.service.emiServiceImp.getEmiData() with arguments=emi [s_no=1, loanaccno=202211011, loan_status=active, emi_amount=15910.0, upcomming_payment_date=2022-11-07, remaining_amount=1500000.0]
2022-10-13 00:12:42 [http-nio-8081-exec-10] INFO  com.capstone.aspect.LoggerAspect - *************************************
2022-10-13 00:12:42 [http-nio-8081-exec-10] INFO  com.capstone.aspect.LoggerAspect - During: class com.capstone.controller.emiController.getemiofAccount() with arguments=<200 OK OK,emi [s_no=1, loanaccno=202211011, loan_status=active, emi_amount=15910.0, upcomming_payment_date=2022-11-07, remaining_amount=1500000.0],[]>
2022-10-13 00:12:42 [http-nio-8081-exec-10] INFO  com.capstone.aspect.LoggerAspect - *************************************
2022-10-13 00:12:43 [http-nio-8081-exec-1] INFO  com.capstone.aspect.LoggerAspect - Method name: com.capstone.controller.emiController
2022-10-13 00:12:43 [http-nio-8081-exec-1] INFO  com.capstone.aspect.LoggerAspect - Method arguments:[Ljava.lang.Object;@45bee94a
2022-10-13 00:12:43 [http-nio-8081-exec-1] INFO  com.capstone.aspect.LoggerAspect - *************************************
2022-10-13 00:12:43 [http-nio-8081-exec-1] INFO  com.capstone.aspect.LoggerAspect - Method name: com.capstone.service.emiServiceImp
2022-10-13 00:12:43 [http-nio-8081-exec-1] INFO  com.capstone.aspect.LoggerAspect - Method arguments:[Ljava.lang.Object;@14ea4250
2022-10-13 00:12:43 [http-nio-8081-exec-1] INFO  com.capstone.aspect.LoggerAspect - *************************************
2022-10-13 00:12:43 [http-nio-8081-exec-1] INFO  com.capstone.aspect.LoggerAspect - During: class com.capstone.service.emiServiceImp.getEmiData() with arguments=emi [s_no=1, loanaccno=202211011, loan_status=active, emi_amount=15910.0, upcomming_payment_date=2022-11-07, remaining_amount=1500000.0]
2022-10-13 00:12:43 [http-nio-8081-exec-1] INFO  com.capstone.aspect.LoggerAspect - *************************************
2022-10-13 00:12:43 [http-nio-8081-exec-1] INFO  com.capstone.aspect.LoggerAspect - Method name: com.capstone.service.emiServiceImp
2022-10-13 00:12:43 [http-nio-8081-exec-1] INFO  com.capstone.aspect.LoggerAspect - Method arguments:[Ljava.lang.Object;@3fb5aef8
2022-10-13 00:12:43 [http-nio-8081-exec-1] INFO  com.capstone.aspect.LoggerAspect - *************************************
2022-10-13 00:12:43 [http-nio-8081-exec-1] INFO  com.capstone.aspect.LoggerAspect - During: class com.capstone.service.emiServiceImp.getEmiData() with arguments=emi [s_no=1, loanaccno=202211011, loan_status=active, emi_amount=15910.0, upcomming_payment_date=2022-11-07, remaining_amount=1500000.0]
2022-10-13 00:12:43 [http-nio-8081-exec-1] INFO  com.capstone.aspect.LoggerAspect - *************************************
2022-10-13 00:12:43 [http-nio-8081-exec-1] INFO  com.capstone.aspect.LoggerAspect - During: class com.capstone.controller.emiController.getemiofAccount() with arguments=<200 OK OK,emi [s_no=1, loanaccno=202211011, loan_status=active, emi_amount=15910.0, upcomming_payment_date=2022-11-07, remaining_amount=1500000.0],[]>
2022-10-13 00:12:43 [http-nio-8081-exec-1] INFO  com.capstone.aspect.LoggerAspect - *************************************
2022-10-13 00:12:45 [http-nio-8081-exec-2] INFO  com.capstone.aspect.LoggerAspect - Method name: com.capstone.controller.emiController
2022-10-13 00:12:45 [http-nio-8081-exec-2] INFO  com.capstone.aspect.LoggerAspect - Method arguments:[Ljava.lang.Object;@ffe74c1
2022-10-13 00:12:45 [http-nio-8081-exec-2] INFO  com.capstone.aspect.LoggerAspect - *************************************
2022-10-13 00:12:45 [http-nio-8081-exec-2] INFO  com.capstone.aspect.LoggerAspect - Method name: com.capstone.service.emiServiceImp
2022-10-13 00:12:45 [http-nio-8081-exec-2] INFO  com.capstone.aspect.LoggerAspect - Method arguments:[Ljava.lang.Object;@773027e4
2022-10-13 00:12:45 [http-nio-8081-exec-2] INFO  com.capstone.aspect.LoggerAspect - *************************************
2022-10-13 00:12:45 [http-nio-8081-exec-2] INFO  com.capstone.aspect.LoggerAspect - During: class com.capstone.service.emiServiceImp.getEmiData() with arguments=emi [s_no=1, loanaccno=202211011, loan_status=active, emi_amount=15910.0, upcomming_payment_date=2022-11-07, remaining_amount=1500000.0]
2022-10-13 00:12:45 [http-nio-8081-exec-2] INFO  com.capstone.aspect.LoggerAspect - *************************************
2022-10-13 00:12:45 [http-nio-8081-exec-2] INFO  com.capstone.aspect.LoggerAspect - Method name: com.capstone.service.emiServiceImp
2022-10-13 00:12:45 [http-nio-8081-exec-2] INFO  com.capstone.aspect.LoggerAspect - Method arguments:[Ljava.lang.Object;@33fd07a8
2022-10-13 00:12:45 [http-nio-8081-exec-2] INFO  com.capstone.aspect.LoggerAspect - *************************************
2022-10-13 00:12:45 [http-nio-8081-exec-2] INFO  com.capstone.aspect.LoggerAspect - During: class com.capstone.service.emiServiceImp.getEmiData() with arguments=emi [s_no=1, loanaccno=202211011, loan_status=active, emi_amount=15910.0, upcomming_payment_date=2022-11-07, remaining_amount=1500000.0]
2022-10-13 00:12:45 [http-nio-8081-exec-2] INFO  com.capstone.aspect.LoggerAspect - *************************************
2022-10-13 00:12:45 [http-nio-8081-exec-2] INFO  com.capstone.aspect.LoggerAspect - During: class com.capstone.controller.emiController.getemiofAccount() with arguments=<200 OK OK,emi [s_no=1, loanaccno=202211011, loan_status=active, emi_amount=15910.0, upcomming_payment_date=2022-11-07, remaining_amount=1500000.0],[]>
2022-10-13 00:12:45 [http-nio-8081-exec-2] INFO  com.capstone.aspect.LoggerAspect - *************************************
2022-10-13 00:12:55 [http-nio-8081-exec-4] INFO  com.capstone.aspect.LoggerAspect - Method name: com.capstone.controller.emiController
2022-10-13 00:12:55 [http-nio-8081-exec-4] INFO  com.capstone.aspect.LoggerAspect - Method arguments:[Ljava.lang.Object;@6fd1f0ff
2022-10-13 00:12:55 [http-nio-8081-exec-4] INFO  com.capstone.aspect.LoggerAspect - *************************************
2022-10-13 00:12:55 [http-nio-8081-exec-4] INFO  com.capstone.aspect.LoggerAspect - Method name: com.capstone.service.emiServiceImp
2022-10-13 00:12:55 [http-nio-8081-exec-4] INFO  com.capstone.aspect.LoggerAspect - Method arguments:[Ljava.lang.Object;@3429f3ce
2022-10-13 00:12:55 [http-nio-8081-exec-4] INFO  com.capstone.aspect.LoggerAspect - *************************************
2022-10-13 00:12:55 [http-nio-8081-exec-4] INFO  com.capstone.aspect.LoggerAspect - During: class com.capstone.service.emiServiceImp.getEmiData() with arguments=emi [s_no=1, loanaccno=202211011, loan_status=active, emi_amount=15910.0, upcomming_payment_date=2022-11-07, remaining_amount=1500000.0]
2022-10-13 00:12:55 [http-nio-8081-exec-4] INFO  com.capstone.aspect.LoggerAspect - *************************************
2022-10-13 00:12:55 [http-nio-8081-exec-4] INFO  com.capstone.aspect.LoggerAspect - Method name: com.capstone.service.emiServiceImp
2022-10-13 00:12:55 [http-nio-8081-exec-4] INFO  com.capstone.aspect.LoggerAspect - Method arguments:[Ljava.lang.Object;@75aafd94
2022-10-13 00:12:55 [http-nio-8081-exec-4] INFO  com.capstone.aspect.LoggerAspect - *************************************
2022-10-13 00:12:55 [http-nio-8081-exec-4] INFO  com.capstone.aspect.LoggerAspect - During: class com.capstone.service.emiServiceImp.getEmiData() with arguments=emi [s_no=1, loanaccno=202211011, loan_status=active, emi_amount=15910.0, upcomming_payment_date=2022-11-07, remaining_amount=1500000.0]
2022-10-13 00:12:55 [http-nio-8081-exec-4] INFO  com.capstone.aspect.LoggerAspect - *************************************
2022-10-13 00:12:55 [http-nio-8081-exec-4] INFO  com.capstone.aspect.LoggerAspect - During: class com.capstone.controller.emiController.getemiofAccount() with arguments=<200 OK OK,emi [s_no=1, loanaccno=202211011, loan_status=active, emi_amount=15910.0, upcomming_payment_date=2022-11-07, remaining_amount=1500000.0],[]>
2022-10-13 00:12:55 [http-nio-8081-exec-4] INFO  com.capstone.aspect.LoggerAspect - *************************************
2022-10-13 00:12:59 [http-nio-8081-exec-6] INFO  com.capstone.aspect.LoggerAspect - Method name: com.capstone.controller.emiController
2022-10-13 00:12:59 [http-nio-8081-exec-6] INFO  com.capstone.aspect.LoggerAspect - Method arguments:[Ljava.lang.Object;@48a910b5
2022-10-13 00:12:59 [http-nio-8081-exec-6] INFO  com.capstone.aspect.LoggerAspect - *************************************
2022-10-13 00:12:59 [http-nio-8081-exec-6] INFO  com.capstone.aspect.LoggerAspect - Method name: com.capstone.service.emiServiceImp
2022-10-13 00:12:59 [http-nio-8081-exec-6] INFO  com.capstone.aspect.LoggerAspect - Method arguments:[Ljava.lang.Object;@77053f2f
2022-10-13 00:12:59 [http-nio-8081-exec-6] INFO  com.capstone.aspect.LoggerAspect - *************************************
2022-10-13 00:12:59 [http-nio-8081-exec-6] INFO  com.capstone.aspect.LoggerAspect - During: class com.capstone.service.emiServiceImp.getEmiData() with arguments=emi [s_no=1, loanaccno=202211011, loan_status=active, emi_amount=15910.0, upcomming_payment_date=2022-11-07, remaining_amount=1500000.0]
2022-10-13 00:12:59 [http-nio-8081-exec-6] INFO  com.capstone.aspect.LoggerAspect - *************************************
2022-10-13 00:12:59 [http-nio-8081-exec-6] INFO  com.capstone.aspect.LoggerAspect - Method name: com.capstone.service.emiServiceImp
2022-10-13 00:12:59 [http-nio-8081-exec-6] INFO  com.capstone.aspect.LoggerAspect - Method arguments:[Ljava.lang.Object;@7a069468
2022-10-13 00:12:59 [http-nio-8081-exec-6] INFO  com.capstone.aspect.LoggerAspect - *************************************
2022-10-13 00:12:59 [http-nio-8081-exec-6] INFO  com.capstone.aspect.LoggerAspect - During: class com.capstone.service.emiServiceImp.getEmiData() with arguments=emi [s_no=1, loanaccno=202211011, loan_status=active, emi_amount=15910.0, upcomming_payment_date=2022-11-07, remaining_amount=1500000.0]
2022-10-13 00:12:59 [http-nio-8081-exec-6] INFO  com.capstone.aspect.LoggerAspect - *************************************
2022-10-13 00:12:59 [http-nio-8081-exec-6] INFO  com.capstone.aspect.LoggerAspect - During: class com.capstone.controller.emiController.getemiofAccount() with arguments=<200 OK OK,emi [s_no=1, loanaccno=202211011, loan_status=active, emi_amount=15910.0, upcomming_payment_date=2022-11-07, remaining_amount=1500000.0],[]>
2022-10-13 00:12:59 [http-nio-8081-exec-6] INFO  com.capstone.aspect.LoggerAspect - *************************************
2022-10-13 00:13:33 [http-nio-8081-exec-7] INFO  com.capstone.aspect.LoggerAspect - Method name: com.capstone.controller.emiController
2022-10-13 00:13:33 [http-nio-8081-exec-7] INFO  com.capstone.aspect.LoggerAspect - Method arguments:[Ljava.lang.Object;@5132dc37
2022-10-13 00:13:33 [http-nio-8081-exec-7] INFO  com.capstone.aspect.LoggerAspect - *************************************
2022-10-13 00:13:33 [http-nio-8081-exec-7] INFO  com.capstone.aspect.LoggerAspect - Method name: com.capstone.service.emiServiceImp
2022-10-13 00:13:33 [http-nio-8081-exec-7] INFO  com.capstone.aspect.LoggerAspect - Method arguments:[Ljava.lang.Object;@56b7b630
2022-10-13 00:13:33 [http-nio-8081-exec-7] INFO  com.capstone.aspect.LoggerAspect - *************************************
2022-10-13 00:13:33 [http-nio-8081-exec-7] INFO  com.capstone.aspect.LoggerAspect - During: class com.capstone.service.emiServiceImp.getEmiData() with arguments=emi [s_no=1, loanaccno=202211011, loan_status=active, emi_amount=15910.0, upcomming_payment_date=2022-11-07, remaining_amount=1500000.0]
2022-10-13 00:13:33 [http-nio-8081-exec-7] INFO  com.capstone.aspect.LoggerAspect - *************************************
2022-10-13 00:13:33 [http-nio-8081-exec-7] INFO  com.capstone.aspect.LoggerAspect - Method name: com.capstone.service.emiServiceImp
2022-10-13 00:13:33 [http-nio-8081-exec-7] INFO  com.capstone.aspect.LoggerAspect - Method arguments:[Ljava.lang.Object;@5fd9c9df
2022-10-13 00:13:33 [http-nio-8081-exec-7] INFO  com.capstone.aspect.LoggerAspect - *************************************
2022-10-13 00:13:33 [http-nio-8081-exec-7] INFO  com.capstone.aspect.LoggerAspect - During: class com.capstone.service.emiServiceImp.getEmiData() with arguments=emi [s_no=1, loanaccno=202211011, loan_status=active, emi_amount=15910.0, upcomming_payment_date=2022-11-07, remaining_amount=1500000.0]
2022-10-13 00:13:33 [http-nio-8081-exec-7] INFO  com.capstone.aspect.LoggerAspect - *************************************
2022-10-13 00:13:33 [http-nio-8081-exec-7] INFO  com.capstone.aspect.LoggerAspect - During: class com.capstone.controller.emiController.getemiofAccount() with arguments=<200 OK OK,emi [s_no=1, loanaccno=202211011, loan_status=active, emi_amount=15910.0, upcomming_payment_date=2022-11-07, remaining_amount=1500000.0],[]>
2022-10-13 00:13:33 [http-nio-8081-exec-7] INFO  com.capstone.aspect.LoggerAspect - *************************************
2022-10-13 00:14:22 [http-nio-8081-exec-8] INFO  com.capstone.aspect.LoggerAspect - Method name: com.capstone.controller.emiController
2022-10-13 00:14:22 [http-nio-8081-exec-8] INFO  com.capstone.aspect.LoggerAspect - Method arguments:[Ljava.lang.Object;@ebeb0d6
2022-10-13 00:14:22 [http-nio-8081-exec-8] INFO  com.capstone.aspect.LoggerAspect - *************************************
2022-10-13 00:14:22 [http-nio-8081-exec-8] INFO  com.capstone.aspect.LoggerAspect - Method name: com.capstone.service.emiServiceImp
2022-10-13 00:14:22 [http-nio-8081-exec-8] INFO  com.capstone.aspect.LoggerAspect - Method arguments:[Ljava.lang.Object;@312d6279
2022-10-13 00:14:22 [http-nio-8081-exec-8] INFO  com.capstone.aspect.LoggerAspect - *************************************
2022-10-13 00:14:22 [http-nio-8081-exec-8] INFO  com.capstone.aspect.LoggerAspect - During: class com.capstone.service.emiServiceImp.getEmiData() with arguments=emi [s_no=1, loanaccno=202211011, loan_status=active, emi_amount=15910.0, upcomming_payment_date=2022-11-07, remaining_amount=1500000.0]
2022-10-13 00:14:22 [http-nio-8081-exec-8] INFO  com.capstone.aspect.LoggerAspect - *************************************
2022-10-13 00:14:22 [http-nio-8081-exec-8] INFO  com.capstone.aspect.LoggerAspect - Method name: com.capstone.service.emiServiceImp
2022-10-13 00:14:22 [http-nio-8081-exec-8] INFO  com.capstone.aspect.LoggerAspect - Method arguments:[Ljava.lang.Object;@7049e60b
2022-10-13 00:14:22 [http-nio-8081-exec-8] INFO  com.capstone.aspect.LoggerAspect - *************************************
2022-10-13 00:14:22 [http-nio-8081-exec-8] INFO  com.capstone.aspect.LoggerAspect - During: class com.capstone.service.emiServiceImp.getEmiData() with arguments=emi [s_no=1, loanaccno=202211011, loan_status=active, emi_amount=15910.0, upcomming_payment_date=2022-11-07, remaining_amount=1500000.0]
2022-10-13 00:14:22 [http-nio-8081-exec-8] INFO  com.capstone.aspect.LoggerAspect - *************************************
2022-10-13 00:14:22 [http-nio-8081-exec-8] INFO  com.capstone.aspect.LoggerAspect - During: class com.capstone.controller.emiController.getemiofAccount() with arguments=<200 OK OK,emi [s_no=1, loanaccno=202211011, loan_status=active, emi_amount=15910.0, upcomming_payment_date=2022-11-07, remaining_amount=1500000.0],[]>
2022-10-13 00:14:22 [http-nio-8081-exec-8] INFO  com.capstone.aspect.LoggerAspect - *************************************
2022-10-13 00:14:25 [http-nio-8081-exec-9] INFO  com.capstone.aspect.LoggerAspect - Method name: com.capstone.controller.emiController
2022-10-13 00:14:25 [http-nio-8081-exec-9] INFO  com.capstone.aspect.LoggerAspect - Method arguments:[Ljava.lang.Object;@75203a74
2022-10-13 00:14:25 [http-nio-8081-exec-9] INFO  com.capstone.aspect.LoggerAspect - *************************************
2022-10-13 00:14:25 [http-nio-8081-exec-9] INFO  com.capstone.aspect.LoggerAspect - Method name: com.capstone.service.emiServiceImp
2022-10-13 00:14:25 [http-nio-8081-exec-9] INFO  com.capstone.aspect.LoggerAspect - Method arguments:[Ljava.lang.Object;@bcb0ecf
2022-10-13 00:14:25 [http-nio-8081-exec-9] INFO  com.capstone.aspect.LoggerAspect - *************************************
2022-10-13 00:14:25 [http-nio-8081-exec-9] INFO  com.capstone.aspect.LoggerAspect - During: class com.capstone.service.emiServiceImp.getEmiData() with arguments=emi [s_no=1, loanaccno=202211011, loan_status=active, emi_amount=15910.0, upcomming_payment_date=2022-11-07, remaining_amount=1500000.0]
2022-10-13 00:14:25 [http-nio-8081-exec-9] INFO  com.capstone.aspect.LoggerAspect - *************************************
2022-10-13 00:14:25 [http-nio-8081-exec-9] INFO  com.capstone.aspect.LoggerAspect - Method name: com.capstone.service.emiServiceImp
2022-10-13 00:14:25 [http-nio-8081-exec-9] INFO  com.capstone.aspect.LoggerAspect - Method arguments:[Ljava.lang.Object;@1a163bcf
2022-10-13 00:14:25 [http-nio-8081-exec-9] INFO  com.capstone.aspect.LoggerAspect - *************************************
2022-10-13 00:14:25 [http-nio-8081-exec-9] INFO  com.capstone.aspect.LoggerAspect - During: class com.capstone.service.emiServiceImp.getEmiData() with arguments=emi [s_no=1, loanaccno=202211011, loan_status=active, emi_amount=15910.0, upcomming_payment_date=2022-11-07, remaining_amount=1500000.0]
2022-10-13 00:14:25 [http-nio-8081-exec-9] INFO  com.capstone.aspect.LoggerAspect - *************************************
2022-10-13 00:14:25 [http-nio-8081-exec-9] INFO  com.capstone.aspect.LoggerAspect - During: class com.capstone.controller.emiController.getemiofAccount() with arguments=<200 OK OK,emi [s_no=1, loanaccno=202211011, loan_status=active, emi_amount=15910.0, upcomming_payment_date=2022-11-07, remaining_amount=1500000.0],[]>
2022-10-13 00:14:25 [http-nio-8081-exec-9] INFO  com.capstone.aspect.LoggerAspect - *************************************
2022-10-13 00:14:37 [http-nio-8081-exec-1] INFO  com.capstone.aspect.LoggerAspect - Method name: com.capstone.controller.emiController
2022-10-13 00:14:37 [http-nio-8081-exec-1] INFO  com.capstone.aspect.LoggerAspect - Method arguments:[Ljava.lang.Object;@1ac17ec5
2022-10-13 00:14:37 [http-nio-8081-exec-1] INFO  com.capstone.aspect.LoggerAspect - *************************************
2022-10-13 00:14:37 [http-nio-8081-exec-1] INFO  com.capstone.aspect.LoggerAspect - Method name: com.capstone.service.emiServiceImp
2022-10-13 00:14:37 [http-nio-8081-exec-1] INFO  com.capstone.aspect.LoggerAspect - Method arguments:[Ljava.lang.Object;@1670a108
2022-10-13 00:14:37 [http-nio-8081-exec-1] INFO  com.capstone.aspect.LoggerAspect - *************************************
2022-10-13 00:14:37 [http-nio-8081-exec-1] INFO  com.capstone.aspect.LoggerAspect - During: class com.capstone.service.emiServiceImp.getEmiData() with arguments=emi [s_no=1, loanaccno=202211011, loan_status=active, emi_amount=15910.0, upcomming_payment_date=2022-11-07, remaining_amount=1500000.0]
2022-10-13 00:14:37 [http-nio-8081-exec-1] INFO  com.capstone.aspect.LoggerAspect - *************************************
2022-10-13 00:14:37 [http-nio-8081-exec-1] INFO  com.capstone.aspect.LoggerAspect - Method name: com.capstone.service.emiServiceImp
2022-10-13 00:14:37 [http-nio-8081-exec-1] INFO  com.capstone.aspect.LoggerAspect - Method arguments:[Ljava.lang.Object;@215f353b
2022-10-13 00:14:37 [http-nio-8081-exec-1] INFO  com.capstone.aspect.LoggerAspect - *************************************
2022-10-13 00:14:37 [http-nio-8081-exec-1] INFO  com.capstone.aspect.LoggerAspect - During: class com.capstone.service.emiServiceImp.getEmiData() with arguments=emi [s_no=1, loanaccno=202211011, loan_status=active, emi_amount=15910.0, upcomming_payment_date=2022-11-07, remaining_amount=1500000.0]
2022-10-13 00:14:37 [http-nio-8081-exec-1] INFO  com.capstone.aspect.LoggerAspect - *************************************
2022-10-13 00:14:37 [http-nio-8081-exec-1] INFO  com.capstone.aspect.LoggerAspect - During: class com.capstone.controller.emiController.getemiofAccount() with arguments=<200 OK OK,emi [s_no=1, loanaccno=202211011, loan_status=active, emi_amount=15910.0, upcomming_payment_date=2022-11-07, remaining_amount=1500000.0],[]>
2022-10-13 00:14:37 [http-nio-8081-exec-1] INFO  com.capstone.aspect.LoggerAspect - *************************************
2022-10-13 00:14:46 [http-nio-8081-exec-2] INFO  com.capstone.aspect.LoggerAspect - Method name: com.capstone.controller.emiController
2022-10-13 00:14:46 [http-nio-8081-exec-2] INFO  com.capstone.aspect.LoggerAspect - Method arguments:[Ljava.lang.Object;@64de3ad2
2022-10-13 00:14:46 [http-nio-8081-exec-2] INFO  com.capstone.aspect.LoggerAspect - *************************************
2022-10-13 00:14:46 [http-nio-8081-exec-2] INFO  com.capstone.aspect.LoggerAspect - Method name: com.capstone.service.emiServiceImp
2022-10-13 00:14:46 [http-nio-8081-exec-2] INFO  com.capstone.aspect.LoggerAspect - Method arguments:[Ljava.lang.Object;@e797e92
2022-10-13 00:14:46 [http-nio-8081-exec-2] INFO  com.capstone.aspect.LoggerAspect - *************************************
2022-10-13 00:14:46 [http-nio-8081-exec-2] INFO  com.capstone.aspect.LoggerAspect - During: class com.capstone.service.emiServiceImp.getEmiData() with arguments=emi [s_no=1, loanaccno=202211011, loan_status=active, emi_amount=15910.0, upcomming_payment_date=2022-11-07, remaining_amount=1500000.0]
2022-10-13 00:14:46 [http-nio-8081-exec-2] INFO  com.capstone.aspect.LoggerAspect - *************************************
2022-10-13 00:14:46 [http-nio-8081-exec-2] INFO  com.capstone.aspect.LoggerAspect - Method name: com.capstone.service.emiServiceImp
2022-10-13 00:14:46 [http-nio-8081-exec-2] INFO  com.capstone.aspect.LoggerAspect - Method arguments:[Ljava.lang.Object;@56b7983f
2022-10-13 00:14:46 [http-nio-8081-exec-2] INFO  com.capstone.aspect.LoggerAspect - *************************************
2022-10-13 00:14:46 [http-nio-8081-exec-2] INFO  com.capstone.aspect.LoggerAspect - During: class com.capstone.service.emiServiceImp.getEmiData() with arguments=emi [s_no=1, loanaccno=202211011, loan_status=active, emi_amount=15910.0, upcomming_payment_date=2022-11-07, remaining_amount=1500000.0]
2022-10-13 00:14:46 [http-nio-8081-exec-2] INFO  com.capstone.aspect.LoggerAspect - *************************************
2022-10-13 00:14:46 [http-nio-8081-exec-2] INFO  com.capstone.aspect.LoggerAspect - During: class com.capstone.controller.emiController.getemiofAccount() with arguments=<200 OK OK,emi [s_no=1, loanaccno=202211011, loan_status=active, emi_amount=15910.0, upcomming_payment_date=2022-11-07, remaining_amount=1500000.0],[]>
2022-10-13 00:14:46 [http-nio-8081-exec-2] INFO  com.capstone.aspect.LoggerAspect - *************************************
2022-10-13 00:14:51 [http-nio-8081-exec-4] INFO  com.capstone.aspect.LoggerAspect - Method name: com.capstone.controller.emiController
2022-10-13 00:14:51 [http-nio-8081-exec-4] INFO  com.capstone.aspect.LoggerAspect - Method arguments:[Ljava.lang.Object;@4e27985f
2022-10-13 00:14:51 [http-nio-8081-exec-4] INFO  com.capstone.aspect.LoggerAspect - *************************************
2022-10-13 00:14:51 [http-nio-8081-exec-4] INFO  com.capstone.aspect.LoggerAspect - Method name: com.capstone.service.emiServiceImp
2022-10-13 00:14:51 [http-nio-8081-exec-4] INFO  com.capstone.aspect.LoggerAspect - Method arguments:[Ljava.lang.Object;@4d9e1c79
2022-10-13 00:14:51 [http-nio-8081-exec-4] INFO  com.capstone.aspect.LoggerAspect - *************************************
2022-10-13 00:14:51 [http-nio-8081-exec-4] INFO  com.capstone.aspect.LoggerAspect - During: class com.capstone.service.emiServiceImp.getEmiData() with arguments=emi [s_no=1, loanaccno=202211011, loan_status=active, emi_amount=15910.0, upcomming_payment_date=2022-11-07, remaining_amount=1500000.0]
2022-10-13 00:14:51 [http-nio-8081-exec-4] INFO  com.capstone.aspect.LoggerAspect - *************************************
2022-10-13 00:14:51 [http-nio-8081-exec-4] INFO  com.capstone.aspect.LoggerAspect - Method name: com.capstone.service.emiServiceImp
2022-10-13 00:14:51 [http-nio-8081-exec-4] INFO  com.capstone.aspect.LoggerAspect - Method arguments:[Ljava.lang.Object;@88dd2bc
2022-10-13 00:14:51 [http-nio-8081-exec-4] INFO  com.capstone.aspect.LoggerAspect - *************************************
2022-10-13 00:14:51 [http-nio-8081-exec-4] INFO  com.capstone.aspect.LoggerAspect - During: class com.capstone.service.emiServiceImp.getEmiData() with arguments=emi [s_no=1, loanaccno=202211011, loan_status=active, emi_amount=15910.0, upcomming_payment_date=2022-11-07, remaining_amount=1500000.0]
2022-10-13 00:14:51 [http-nio-8081-exec-4] INFO  com.capstone.aspect.LoggerAspect - *************************************
2022-10-13 00:14:51 [http-nio-8081-exec-4] INFO  com.capstone.aspect.LoggerAspect - During: class com.capstone.controller.emiController.getemiofAccount() with arguments=<200 OK OK,emi [s_no=1, loanaccno=202211011, loan_status=active, emi_amount=15910.0, upcomming_payment_date=2022-11-07, remaining_amount=1500000.0],[]>
2022-10-13 00:14:51 [http-nio-8081-exec-4] INFO  com.capstone.aspect.LoggerAspect - *************************************
2022-10-13 00:15:23 [http-nio-8081-exec-6] INFO  com.capstone.aspect.LoggerAspect - Method name: com.capstone.controller.emiController
2022-10-13 00:15:23 [http-nio-8081-exec-6] INFO  com.capstone.aspect.LoggerAspect - Method arguments:[Ljava.lang.Object;@64af61bd
2022-10-13 00:15:23 [http-nio-8081-exec-6] INFO  com.capstone.aspect.LoggerAspect - *************************************
2022-10-13 00:15:23 [http-nio-8081-exec-6] INFO  com.capstone.aspect.LoggerAspect - Method name: com.capstone.service.emiServiceImp
2022-10-13 00:15:23 [http-nio-8081-exec-6] INFO  com.capstone.aspect.LoggerAspect - Method arguments:[Ljava.lang.Object;@5ce1a73e
2022-10-13 00:15:23 [http-nio-8081-exec-6] INFO  com.capstone.aspect.LoggerAspect - *************************************
2022-10-13 00:15:23 [http-nio-8081-exec-6] INFO  com.capstone.aspect.LoggerAspect - During: class com.capstone.service.emiServiceImp.getEmiData() with arguments=emi [s_no=1, loanaccno=202211011, loan_status=active, emi_amount=15910.0, upcomming_payment_date=2022-11-07, remaining_amount=1500000.0]
2022-10-13 00:15:23 [http-nio-8081-exec-6] INFO  com.capstone.aspect.LoggerAspect - *************************************
2022-10-13 00:15:23 [http-nio-8081-exec-6] INFO  com.capstone.aspect.LoggerAspect - Method name: com.capstone.service.emiServiceImp
2022-10-13 00:15:23 [http-nio-8081-exec-6] INFO  com.capstone.aspect.LoggerAspect - Method arguments:[Ljava.lang.Object;@168b5c2c
2022-10-13 00:15:23 [http-nio-8081-exec-6] INFO  com.capstone.aspect.LoggerAspect - *************************************
2022-10-13 00:15:23 [http-nio-8081-exec-6] INFO  com.capstone.aspect.LoggerAspect - During: class com.capstone.service.emiServiceImp.getEmiData() with arguments=emi [s_no=1, loanaccno=202211011, loan_status=active, emi_amount=15910.0, upcomming_payment_date=2022-11-07, remaining_amount=1500000.0]
2022-10-13 00:15:23 [http-nio-8081-exec-6] INFO  com.capstone.aspect.LoggerAspect - *************************************
2022-10-13 00:15:23 [http-nio-8081-exec-6] INFO  com.capstone.aspect.LoggerAspect - During: class com.capstone.controller.emiController.getemiofAccount() with arguments=<200 OK OK,emi [s_no=1, loanaccno=202211011, loan_status=active, emi_amount=15910.0, upcomming_payment_date=2022-11-07, remaining_amount=1500000.0],[]>
2022-10-13 00:15:23 [http-nio-8081-exec-6] INFO  com.capstone.aspect.LoggerAspect - *************************************
2022-10-13 00:15:30 [http-nio-8081-exec-7] INFO  com.capstone.aspect.LoggerAspect - Method name: com.capstone.controller.emiController
2022-10-13 00:15:30 [http-nio-8081-exec-7] INFO  com.capstone.aspect.LoggerAspect - Method arguments:[Ljava.lang.Object;@69efe667
2022-10-13 00:15:30 [http-nio-8081-exec-7] INFO  com.capstone.aspect.LoggerAspect - *************************************
2022-10-13 00:15:30 [http-nio-8081-exec-7] INFO  com.capstone.aspect.LoggerAspect - Method name: com.capstone.service.emiServiceImp
2022-10-13 00:15:30 [http-nio-8081-exec-7] INFO  com.capstone.aspect.LoggerAspect - Method arguments:[Ljava.lang.Object;@40556a74
2022-10-13 00:15:30 [http-nio-8081-exec-7] INFO  com.capstone.aspect.LoggerAspect - *************************************
2022-10-13 00:15:30 [http-nio-8081-exec-7] INFO  com.capstone.aspect.LoggerAspect - During: class com.capstone.service.emiServiceImp.getEmiData() with arguments=emi [s_no=1, loanaccno=202211011, loan_status=active, emi_amount=15910.0, upcomming_payment_date=2022-11-07, remaining_amount=1500000.0]
2022-10-13 00:15:30 [http-nio-8081-exec-7] INFO  com.capstone.aspect.LoggerAspect - *************************************
2022-10-13 00:15:30 [http-nio-8081-exec-7] INFO  com.capstone.aspect.LoggerAspect - Method name: com.capstone.service.emiServiceImp
2022-10-13 00:15:30 [http-nio-8081-exec-7] INFO  com.capstone.aspect.LoggerAspect - Method arguments:[Ljava.lang.Object;@31ee8745
2022-10-13 00:15:30 [http-nio-8081-exec-7] INFO  com.capstone.aspect.LoggerAspect - *************************************
2022-10-13 00:15:30 [http-nio-8081-exec-7] INFO  com.capstone.aspect.LoggerAspect - During: class com.capstone.service.emiServiceImp.getEmiData() with arguments=emi [s_no=1, loanaccno=202211011, loan_status=active, emi_amount=15910.0, upcomming_payment_date=2022-11-07, remaining_amount=1500000.0]
2022-10-13 00:15:30 [http-nio-8081-exec-7] INFO  com.capstone.aspect.LoggerAspect - *************************************
2022-10-13 00:15:30 [http-nio-8081-exec-7] INFO  com.capstone.aspect.LoggerAspect - During: class com.capstone.controller.emiController.getemiofAccount() with arguments=<200 OK OK,emi [s_no=1, loanaccno=202211011, loan_status=active, emi_amount=15910.0, upcomming_payment_date=2022-11-07, remaining_amount=1500000.0],[]>
2022-10-13 00:15:30 [http-nio-8081-exec-7] INFO  com.capstone.aspect.LoggerAspect - *************************************
2022-10-13 00:15:59 [http-nio-8081-exec-9] INFO  com.capstone.aspect.LoggerAspect - Method name: com.capstone.controller.emiController
2022-10-13 00:15:59 [http-nio-8081-exec-9] INFO  com.capstone.aspect.LoggerAspect - Method arguments:[Ljava.lang.Object;@7d5c7cda
2022-10-13 00:15:59 [http-nio-8081-exec-9] INFO  com.capstone.aspect.LoggerAspect - *************************************
2022-10-13 00:15:59 [http-nio-8081-exec-9] INFO  com.capstone.aspect.LoggerAspect - Method name: com.capstone.service.emiServiceImp
2022-10-13 00:15:59 [http-nio-8081-exec-9] INFO  com.capstone.aspect.LoggerAspect - Method arguments:[Ljava.lang.Object;@2660a438
2022-10-13 00:15:59 [http-nio-8081-exec-9] INFO  com.capstone.aspect.LoggerAspect - *************************************
2022-10-13 00:15:59 [http-nio-8081-exec-9] INFO  com.capstone.aspect.LoggerAspect - During: class com.capstone.service.emiServiceImp.getEmiData() with arguments=emi [s_no=1, loanaccno=202211011, loan_status=active, emi_amount=15910.0, upcomming_payment_date=2022-11-07, remaining_amount=1500000.0]
2022-10-13 00:15:59 [http-nio-8081-exec-9] INFO  com.capstone.aspect.LoggerAspect - *************************************
2022-10-13 00:15:59 [http-nio-8081-exec-9] INFO  com.capstone.aspect.LoggerAspect - Method name: com.capstone.service.emiServiceImp
2022-10-13 00:15:59 [http-nio-8081-exec-9] INFO  com.capstone.aspect.LoggerAspect - Method arguments:[Ljava.lang.Object;@4c61f05
2022-10-13 00:15:59 [http-nio-8081-exec-9] INFO  com.capstone.aspect.LoggerAspect - *************************************
2022-10-13 00:15:59 [http-nio-8081-exec-9] INFO  com.capstone.aspect.LoggerAspect - During: class com.capstone.service.emiServiceImp.getEmiData() with arguments=emi [s_no=1, loanaccno=202211011, loan_status=active, emi_amount=15910.0, upcomming_payment_date=2022-11-07, remaining_amount=1500000.0]
2022-10-13 00:15:59 [http-nio-8081-exec-9] INFO  com.capstone.aspect.LoggerAspect - *************************************
2022-10-13 00:15:59 [http-nio-8081-exec-9] INFO  com.capstone.aspect.LoggerAspect - During: class com.capstone.controller.emiController.getemiofAccount() with arguments=<200 OK OK,emi [s_no=1, loanaccno=202211011, loan_status=active, emi_amount=15910.0, upcomming_payment_date=2022-11-07, remaining_amount=1500000.0],[]>
2022-10-13 00:15:59 [http-nio-8081-exec-9] INFO  com.capstone.aspect.LoggerAspect - *************************************
2022-10-13 00:16:30 [http-nio-8081-exec-1] INFO  com.capstone.aspect.LoggerAspect - Method name: com.capstone.controller.emiController
2022-10-13 00:16:30 [http-nio-8081-exec-1] INFO  com.capstone.aspect.LoggerAspect - Method arguments:[Ljava.lang.Object;@7348475d
2022-10-13 00:16:30 [http-nio-8081-exec-1] INFO  com.capstone.aspect.LoggerAspect - *************************************
2022-10-13 00:16:30 [http-nio-8081-exec-1] INFO  com.capstone.aspect.LoggerAspect - Method name: com.capstone.service.emiServiceImp
2022-10-13 00:16:30 [http-nio-8081-exec-1] INFO  com.capstone.aspect.LoggerAspect - Method arguments:[Ljava.lang.Object;@6e7d87c9
2022-10-13 00:16:30 [http-nio-8081-exec-1] INFO  com.capstone.aspect.LoggerAspect - *************************************
2022-10-13 00:16:30 [http-nio-8081-exec-1] INFO  com.capstone.aspect.LoggerAspect - During: class com.capstone.service.emiServiceImp.getEmiData() with arguments=emi [s_no=1, loanaccno=202211011, loan_status=active, emi_amount=15910.0, upcomming_payment_date=2022-11-07, remaining_amount=1500000.0]
2022-10-13 00:16:30 [http-nio-8081-exec-1] INFO  com.capstone.aspect.LoggerAspect - *************************************
2022-10-13 00:16:30 [http-nio-8081-exec-1] INFO  com.capstone.aspect.LoggerAspect - Method name: com.capstone.service.emiServiceImp
2022-10-13 00:16:30 [http-nio-8081-exec-1] INFO  com.capstone.aspect.LoggerAspect - Method arguments:[Ljava.lang.Object;@1846d75d
2022-10-13 00:16:30 [http-nio-8081-exec-1] INFO  com.capstone.aspect.LoggerAspect - *************************************
2022-10-13 00:16:30 [http-nio-8081-exec-1] INFO  com.capstone.aspect.LoggerAspect - During: class com.capstone.service.emiServiceImp.getEmiData() with arguments=emi [s_no=1, loanaccno=202211011, loan_status=active, emi_amount=15910.0, upcomming_payment_date=2022-11-07, remaining_amount=1500000.0]
2022-10-13 00:16:30 [http-nio-8081-exec-1] INFO  com.capstone.aspect.LoggerAspect - *************************************
2022-10-13 00:16:30 [http-nio-8081-exec-1] INFO  com.capstone.aspect.LoggerAspect - During: class com.capstone.controller.emiController.getemiofAccount() with arguments=<200 OK OK,emi [s_no=1, loanaccno=202211011, loan_status=active, emi_amount=15910.0, upcomming_payment_date=2022-11-07, remaining_amount=1500000.0],[]>
2022-10-13 00:16:30 [http-nio-8081-exec-1] INFO  com.capstone.aspect.LoggerAspect - *************************************
2022-10-13 00:16:57 [http-nio-8081-exec-2] INFO  com.capstone.aspect.LoggerAspect - Method name: com.capstone.controller.emiController
2022-10-13 00:16:57 [http-nio-8081-exec-2] INFO  com.capstone.aspect.LoggerAspect - Method arguments:[Ljava.lang.Object;@142468cd
2022-10-13 00:16:57 [http-nio-8081-exec-2] INFO  com.capstone.aspect.LoggerAspect - *************************************
2022-10-13 00:16:57 [http-nio-8081-exec-2] INFO  com.capstone.aspect.LoggerAspect - Method name: com.capstone.service.emiServiceImp
2022-10-13 00:16:57 [http-nio-8081-exec-2] INFO  com.capstone.aspect.LoggerAspect - Method arguments:[Ljava.lang.Object;@4e1c8987
2022-10-13 00:16:57 [http-nio-8081-exec-2] INFO  com.capstone.aspect.LoggerAspect - *************************************
2022-10-13 00:16:57 [http-nio-8081-exec-2] INFO  com.capstone.aspect.LoggerAspect - During: class com.capstone.service.emiServiceImp.getEmiData() with arguments=emi [s_no=1, loanaccno=202211011, loan_status=active, emi_amount=15910.0, upcomming_payment_date=2022-11-07, remaining_amount=1500000.0]
2022-10-13 00:16:57 [http-nio-8081-exec-2] INFO  com.capstone.aspect.LoggerAspect - *************************************
2022-10-13 00:16:57 [http-nio-8081-exec-2] INFO  com.capstone.aspect.LoggerAspect - Method name: com.capstone.service.emiServiceImp
2022-10-13 00:16:57 [http-nio-8081-exec-2] INFO  com.capstone.aspect.LoggerAspect - Method arguments:[Ljava.lang.Object;@bb9d264
2022-10-13 00:16:57 [http-nio-8081-exec-2] INFO  com.capstone.aspect.LoggerAspect - *************************************
2022-10-13 00:16:57 [http-nio-8081-exec-2] INFO  com.capstone.aspect.LoggerAspect - During: class com.capstone.service.emiServiceImp.getEmiData() with arguments=emi [s_no=1, loanaccno=202211011, loan_status=active, emi_amount=15910.0, upcomming_payment_date=2022-11-07, remaining_amount=1500000.0]
2022-10-13 00:16:57 [http-nio-8081-exec-2] INFO  com.capstone.aspect.LoggerAspect - *************************************
2022-10-13 00:16:57 [http-nio-8081-exec-2] INFO  com.capstone.aspect.LoggerAspect - During: class com.capstone.controller.emiController.getemiofAccount() with arguments=<200 OK OK,emi [s_no=1, loanaccno=202211011, loan_status=active, emi_amount=15910.0, upcomming_payment_date=2022-11-07, remaining_amount=1500000.0],[]>
2022-10-13 00:16:57 [http-nio-8081-exec-2] INFO  com.capstone.aspect.LoggerAspect - *************************************
2022-10-13 00:17:08 [AsyncResolver-bootstrap-executor-0] INFO  c.n.d.s.r.aws.ConfigClusterResolver - Resolving eureka endpoints via configuration
2022-10-13 00:18:43 [http-nio-8081-exec-4] INFO  com.capstone.aspect.LoggerAspect - Method name: com.capstone.controller.emiController
2022-10-13 00:18:43 [http-nio-8081-exec-4] INFO  com.capstone.aspect.LoggerAspect - Method arguments:[Ljava.lang.Object;@2ed9c466
2022-10-13 00:18:43 [http-nio-8081-exec-4] INFO  com.capstone.aspect.LoggerAspect - *************************************
2022-10-13 00:18:43 [http-nio-8081-exec-4] INFO  com.capstone.aspect.LoggerAspect - Method name: com.capstone.service.emiServiceImp
2022-10-13 00:18:43 [http-nio-8081-exec-4] INFO  com.capstone.aspect.LoggerAspect - Method arguments:[Ljava.lang.Object;@5a12a5db
2022-10-13 00:18:43 [http-nio-8081-exec-4] INFO  com.capstone.aspect.LoggerAspect - *************************************
2022-10-13 00:18:43 [http-nio-8081-exec-4] INFO  com.capstone.aspect.LoggerAspect - During: class com.capstone.service.emiServiceImp.getEmiData() with arguments=emi [s_no=1, loanaccno=202211011, loan_status=active, emi_amount=15910.0, upcomming_payment_date=2022-11-07, remaining_amount=1500000.0]
2022-10-13 00:18:43 [http-nio-8081-exec-4] INFO  com.capstone.aspect.LoggerAspect - *************************************
2022-10-13 00:18:43 [http-nio-8081-exec-4] INFO  com.capstone.aspect.LoggerAspect - Method name: com.capstone.service.emiServiceImp
2022-10-13 00:18:43 [http-nio-8081-exec-4] INFO  com.capstone.aspect.LoggerAspect - Method arguments:[Ljava.lang.Object;@e90a67c
2022-10-13 00:18:43 [http-nio-8081-exec-4] INFO  com.capstone.aspect.LoggerAspect - *************************************
2022-10-13 00:18:43 [http-nio-8081-exec-4] INFO  com.capstone.aspect.LoggerAspect - During: class com.capstone.service.emiServiceImp.getEmiData() with arguments=emi [s_no=1, loanaccno=202211011, loan_status=active, emi_amount=15910.0, upcomming_payment_date=2022-11-07, remaining_amount=1500000.0]
2022-10-13 00:18:43 [http-nio-8081-exec-4] INFO  com.capstone.aspect.LoggerAspect - *************************************
2022-10-13 00:18:43 [http-nio-8081-exec-4] INFO  com.capstone.aspect.LoggerAspect - During: class com.capstone.controller.emiController.getemiofAccount() with arguments=<200 OK OK,emi [s_no=1, loanaccno=202211011, loan_status=active, emi_amount=15910.0, upcomming_payment_date=2022-11-07, remaining_amount=1500000.0],[]>
2022-10-13 00:18:43 [http-nio-8081-exec-4] INFO  com.capstone.aspect.LoggerAspect - *************************************
2022-10-13 00:18:58 [http-nio-8081-exec-5] INFO  com.capstone.aspect.LoggerAspect - Method name: com.capstone.controller.emiController
2022-10-13 00:18:58 [http-nio-8081-exec-5] INFO  com.capstone.aspect.LoggerAspect - Method arguments:[Ljava.lang.Object;@76cfc0dd
2022-10-13 00:18:58 [http-nio-8081-exec-5] INFO  com.capstone.aspect.LoggerAspect - *************************************
2022-10-13 00:18:58 [http-nio-8081-exec-5] INFO  com.capstone.aspect.LoggerAspect - Method name: com.capstone.service.emiServiceImp
2022-10-13 00:18:58 [http-nio-8081-exec-5] INFO  com.capstone.aspect.LoggerAspect - Method arguments:[Ljava.lang.Object;@ef66f69
2022-10-13 00:18:58 [http-nio-8081-exec-5] INFO  com.capstone.aspect.LoggerAspect - *************************************
2022-10-13 00:18:58 [http-nio-8081-exec-5] INFO  com.capstone.aspect.LoggerAspect - During: class com.capstone.service.emiServiceImp.getEmiData() with arguments=emi [s_no=1, loanaccno=202211011, loan_status=active, emi_amount=15910.0, upcomming_payment_date=2022-11-07, remaining_amount=1500000.0]
2022-10-13 00:18:58 [http-nio-8081-exec-5] INFO  com.capstone.aspect.LoggerAspect - *************************************
2022-10-13 00:18:58 [http-nio-8081-exec-5] INFO  com.capstone.aspect.LoggerAspect - Method name: com.capstone.service.emiServiceImp
2022-10-13 00:18:58 [http-nio-8081-exec-5] INFO  com.capstone.aspect.LoggerAspect - Method arguments:[Ljava.lang.Object;@18d19697
2022-10-13 00:18:58 [http-nio-8081-exec-5] INFO  com.capstone.aspect.LoggerAspect - *************************************
2022-10-13 00:18:58 [http-nio-8081-exec-5] INFO  com.capstone.aspect.LoggerAspect - During: class com.capstone.service.emiServiceImp.getEmiData() with arguments=emi [s_no=1, loanaccno=202211011, loan_status=active, emi_amount=15910.0, upcomming_payment_date=2022-11-07, remaining_amount=1500000.0]
2022-10-13 00:18:58 [http-nio-8081-exec-5] INFO  com.capstone.aspect.LoggerAspect - *************************************
2022-10-13 00:18:58 [http-nio-8081-exec-5] INFO  com.capstone.aspect.LoggerAspect - During: class com.capstone.controller.emiController.getemiofAccount() with arguments=<200 OK OK,emi [s_no=1, loanaccno=202211011, loan_status=active, emi_amount=15910.0, upcomming_payment_date=2022-11-07, remaining_amount=1500000.0],[]>
2022-10-13 00:18:58 [http-nio-8081-exec-5] INFO  com.capstone.aspect.LoggerAspect - *************************************
2022-10-13 00:19:00 [http-nio-8081-exec-6] INFO  com.capstone.aspect.LoggerAspect - Method name: com.capstone.controller.emiController
2022-10-13 00:19:00 [http-nio-8081-exec-6] INFO  com.capstone.aspect.LoggerAspect - Method arguments:[Ljava.lang.Object;@60a4e501
2022-10-13 00:19:00 [http-nio-8081-exec-6] INFO  com.capstone.aspect.LoggerAspect - *************************************
2022-10-13 00:19:00 [http-nio-8081-exec-6] INFO  com.capstone.aspect.LoggerAspect - Method name: com.capstone.service.emiServiceImp
2022-10-13 00:19:00 [http-nio-8081-exec-6] INFO  com.capstone.aspect.LoggerAspect - Method arguments:[Ljava.lang.Object;@48e347f
2022-10-13 00:19:00 [http-nio-8081-exec-6] INFO  com.capstone.aspect.LoggerAspect - *************************************
2022-10-13 00:19:00 [http-nio-8081-exec-6] INFO  com.capstone.aspect.LoggerAspect - During: class com.capstone.service.emiServiceImp.getEmiData() with arguments=emi [s_no=1, loanaccno=202211011, loan_status=active, emi_amount=15910.0, upcomming_payment_date=2022-11-07, remaining_amount=1500000.0]
2022-10-13 00:19:00 [http-nio-8081-exec-6] INFO  com.capstone.aspect.LoggerAspect - *************************************
2022-10-13 00:19:00 [http-nio-8081-exec-6] INFO  com.capstone.aspect.LoggerAspect - Method name: com.capstone.service.emiServiceImp
2022-10-13 00:19:00 [http-nio-8081-exec-6] INFO  com.capstone.aspect.LoggerAspect - Method arguments:[Ljava.lang.Object;@773ec1fe
2022-10-13 00:19:00 [http-nio-8081-exec-6] INFO  com.capstone.aspect.LoggerAspect - *************************************
2022-10-13 00:19:00 [http-nio-8081-exec-6] INFO  com.capstone.aspect.LoggerAspect - During: class com.capstone.service.emiServiceImp.getEmiData() with arguments=emi [s_no=1, loanaccno=202211011, loan_status=active, emi_amount=15910.0, upcomming_payment_date=2022-11-07, remaining_amount=1500000.0]
2022-10-13 00:19:00 [http-nio-8081-exec-6] INFO  com.capstone.aspect.LoggerAspect - *************************************
2022-10-13 00:19:00 [http-nio-8081-exec-6] INFO  com.capstone.aspect.LoggerAspect - During: class com.capstone.controller.emiController.getemiofAccount() with arguments=<200 OK OK,emi [s_no=1, loanaccno=202211011, loan_status=active, emi_amount=15910.0, upcomming_payment_date=2022-11-07, remaining_amount=1500000.0],[]>
2022-10-13 00:19:00 [http-nio-8081-exec-6] INFO  com.capstone.aspect.LoggerAspect - *************************************
2022-10-13 00:19:13 [http-nio-8081-exec-8] INFO  com.capstone.aspect.LoggerAspect - Method name: com.capstone.controller.emiController
2022-10-13 00:19:13 [http-nio-8081-exec-8] INFO  com.capstone.aspect.LoggerAspect - Method arguments:[Ljava.lang.Object;@389ce42e
2022-10-13 00:19:13 [http-nio-8081-exec-8] INFO  com.capstone.aspect.LoggerAspect - *************************************
2022-10-13 00:19:13 [http-nio-8081-exec-8] INFO  com.capstone.aspect.LoggerAspect - Method name: com.capstone.service.emiServiceImp
2022-10-13 00:19:13 [http-nio-8081-exec-8] INFO  com.capstone.aspect.LoggerAspect - Method arguments:[Ljava.lang.Object;@3c6ebe6c
2022-10-13 00:19:13 [http-nio-8081-exec-8] INFO  com.capstone.aspect.LoggerAspect - *************************************
2022-10-13 00:19:13 [http-nio-8081-exec-8] INFO  com.capstone.aspect.LoggerAspect - During: class com.capstone.service.emiServiceImp.getEmiData() with arguments=emi [s_no=1, loanaccno=202211011, loan_status=active, emi_amount=15910.0, upcomming_payment_date=2022-11-07, remaining_amount=1500000.0]
2022-10-13 00:19:13 [http-nio-8081-exec-8] INFO  com.capstone.aspect.LoggerAspect - *************************************
2022-10-13 00:19:13 [http-nio-8081-exec-8] INFO  com.capstone.aspect.LoggerAspect - Method name: com.capstone.service.emiServiceImp
2022-10-13 00:19:13 [http-nio-8081-exec-8] INFO  com.capstone.aspect.LoggerAspect - Method arguments:[Ljava.lang.Object;@42a48fc2
2022-10-13 00:19:13 [http-nio-8081-exec-8] INFO  com.capstone.aspect.LoggerAspect - *************************************
2022-10-13 00:19:13 [http-nio-8081-exec-8] INFO  com.capstone.aspect.LoggerAspect - During: class com.capstone.service.emiServiceImp.getEmiData() with arguments=emi [s_no=1, loanaccno=202211011, loan_status=active, emi_amount=15910.0, upcomming_payment_date=2022-11-07, remaining_amount=1500000.0]
2022-10-13 00:19:13 [http-nio-8081-exec-8] INFO  com.capstone.aspect.LoggerAspect - *************************************
2022-10-13 00:19:13 [http-nio-8081-exec-8] INFO  com.capstone.aspect.LoggerAspect - During: class com.capstone.controller.emiController.getemiofAccount() with arguments=<200 OK OK,emi [s_no=1, loanaccno=202211011, loan_status=active, emi_amount=15910.0, upcomming_payment_date=2022-11-07, remaining_amount=1500000.0],[]>
2022-10-13 00:19:13 [http-nio-8081-exec-8] INFO  com.capstone.aspect.LoggerAspect - *************************************
2022-10-13 00:19:35 [http-nio-8081-exec-10] INFO  com.capstone.aspect.LoggerAspect - Method name: com.capstone.controller.emiController
2022-10-13 00:19:35 [http-nio-8081-exec-10] INFO  com.capstone.aspect.LoggerAspect - Method arguments:[Ljava.lang.Object;@20c03ee6
2022-10-13 00:19:35 [http-nio-8081-exec-10] INFO  com.capstone.aspect.LoggerAspect - *************************************
2022-10-13 00:19:35 [http-nio-8081-exec-10] INFO  com.capstone.aspect.LoggerAspect - Method name: com.capstone.service.emiServiceImp
2022-10-13 00:19:35 [http-nio-8081-exec-10] INFO  com.capstone.aspect.LoggerAspect - Method arguments:[Ljava.lang.Object;@49d018de
2022-10-13 00:19:35 [http-nio-8081-exec-10] INFO  com.capstone.aspect.LoggerAspect - *************************************
2022-10-13 00:19:35 [http-nio-8081-exec-10] INFO  com.capstone.aspect.LoggerAspect - During: class com.capstone.service.emiServiceImp.getEmiData() with arguments=emi [s_no=1, loanaccno=202211011, loan_status=active, emi_amount=15910.0, upcomming_payment_date=2022-11-07, remaining_amount=1500000.0]
2022-10-13 00:19:35 [http-nio-8081-exec-10] INFO  com.capstone.aspect.LoggerAspect - *************************************
2022-10-13 00:19:35 [http-nio-8081-exec-10] INFO  com.capstone.aspect.LoggerAspect - Method name: com.capstone.service.emiServiceImp
2022-10-13 00:19:35 [http-nio-8081-exec-10] INFO  com.capstone.aspect.LoggerAspect - Method arguments:[Ljava.lang.Object;@733a069a
2022-10-13 00:19:35 [http-nio-8081-exec-10] INFO  com.capstone.aspect.LoggerAspect - *************************************
2022-10-13 00:19:35 [http-nio-8081-exec-10] INFO  com.capstone.aspect.LoggerAspect - During: class com.capstone.service.emiServiceImp.getEmiData() with arguments=emi [s_no=1, loanaccno=202211011, loan_status=active, emi_amount=15910.0, upcomming_payment_date=2022-11-07, remaining_amount=1500000.0]
2022-10-13 00:19:35 [http-nio-8081-exec-10] INFO  com.capstone.aspect.LoggerAspect - *************************************
2022-10-13 00:19:35 [http-nio-8081-exec-10] INFO  com.capstone.aspect.LoggerAspect - During: class com.capstone.controller.emiController.getemiofAccount() with arguments=<200 OK OK,emi [s_no=1, loanaccno=202211011, loan_status=active, emi_amount=15910.0, upcomming_payment_date=2022-11-07, remaining_amount=1500000.0],[]>
2022-10-13 00:19:35 [http-nio-8081-exec-10] INFO  com.capstone.aspect.LoggerAspect - *************************************
2022-10-13 00:20:09 [http-nio-8081-exec-2] INFO  com.capstone.aspect.LoggerAspect - Method name: com.capstone.controller.emiController
2022-10-13 00:20:09 [http-nio-8081-exec-2] INFO  com.capstone.aspect.LoggerAspect - Method arguments:[Ljava.lang.Object;@bbfacb9
2022-10-13 00:20:09 [http-nio-8081-exec-2] INFO  com.capstone.aspect.LoggerAspect - *************************************
2022-10-13 00:20:09 [http-nio-8081-exec-2] INFO  com.capstone.aspect.LoggerAspect - Method name: com.capstone.service.emiServiceImp
2022-10-13 00:20:09 [http-nio-8081-exec-2] INFO  com.capstone.aspect.LoggerAspect - Method arguments:[Ljava.lang.Object;@4028ba58
2022-10-13 00:20:09 [http-nio-8081-exec-2] INFO  com.capstone.aspect.LoggerAspect - *************************************
2022-10-13 00:20:09 [http-nio-8081-exec-2] INFO  com.capstone.aspect.LoggerAspect - During: class com.capstone.service.emiServiceImp.getEmiData() with arguments=emi [s_no=1, loanaccno=202211011, loan_status=active, emi_amount=15910.0, upcomming_payment_date=2022-11-07, remaining_amount=1500000.0]
2022-10-13 00:20:09 [http-nio-8081-exec-2] INFO  com.capstone.aspect.LoggerAspect - *************************************
2022-10-13 00:20:09 [http-nio-8081-exec-2] INFO  com.capstone.aspect.LoggerAspect - Method name: com.capstone.service.emiServiceImp
2022-10-13 00:20:09 [http-nio-8081-exec-2] INFO  com.capstone.aspect.LoggerAspect - Method arguments:[Ljava.lang.Object;@62e41915
2022-10-13 00:20:09 [http-nio-8081-exec-2] INFO  com.capstone.aspect.LoggerAspect - *************************************
2022-10-13 00:20:09 [http-nio-8081-exec-2] INFO  com.capstone.aspect.LoggerAspect - During: class com.capstone.service.emiServiceImp.getEmiData() with arguments=emi [s_no=1, loanaccno=202211011, loan_status=active, emi_amount=15910.0, upcomming_payment_date=2022-11-07, remaining_amount=1500000.0]
2022-10-13 00:20:09 [http-nio-8081-exec-2] INFO  com.capstone.aspect.LoggerAspect - *************************************
2022-10-13 00:20:09 [http-nio-8081-exec-2] INFO  com.capstone.aspect.LoggerAspect - During: class com.capstone.controller.emiController.getemiofAccount() with arguments=<200 OK OK,emi [s_no=1, loanaccno=202211011, loan_status=active, emi_amount=15910.0, upcomming_payment_date=2022-11-07, remaining_amount=1500000.0],[]>
2022-10-13 00:20:09 [http-nio-8081-exec-2] INFO  com.capstone.aspect.LoggerAspect - *************************************
2022-10-13 00:20:14 [http-nio-8081-exec-3] INFO  com.capstone.aspect.LoggerAspect - Method name: com.capstone.controller.emiController
2022-10-13 00:20:14 [http-nio-8081-exec-3] INFO  com.capstone.aspect.LoggerAspect - Method arguments:[Ljava.lang.Object;@39aa4e1d
2022-10-13 00:20:14 [http-nio-8081-exec-3] INFO  com.capstone.aspect.LoggerAspect - *************************************
2022-10-13 00:20:14 [http-nio-8081-exec-3] INFO  com.capstone.aspect.LoggerAspect - Method name: com.capstone.service.emiServiceImp
2022-10-13 00:20:14 [http-nio-8081-exec-3] INFO  com.capstone.aspect.LoggerAspect - Method arguments:[Ljava.lang.Object;@54327ce0
2022-10-13 00:20:14 [http-nio-8081-exec-3] INFO  com.capstone.aspect.LoggerAspect - *************************************
2022-10-13 00:20:14 [http-nio-8081-exec-3] INFO  com.capstone.aspect.LoggerAspect - During: class com.capstone.service.emiServiceImp.getEmiData() with arguments=emi [s_no=1, loanaccno=202211011, loan_status=active, emi_amount=15910.0, upcomming_payment_date=2022-11-07, remaining_amount=1500000.0]
2022-10-13 00:20:14 [http-nio-8081-exec-3] INFO  com.capstone.aspect.LoggerAspect - *************************************
2022-10-13 00:20:14 [http-nio-8081-exec-3] INFO  com.capstone.aspect.LoggerAspect - Method name: com.capstone.service.emiServiceImp
2022-10-13 00:20:14 [http-nio-8081-exec-3] INFO  com.capstone.aspect.LoggerAspect - Method arguments:[Ljava.lang.Object;@1fcf6874
2022-10-13 00:20:14 [http-nio-8081-exec-3] INFO  com.capstone.aspect.LoggerAspect - *************************************
2022-10-13 00:20:14 [http-nio-8081-exec-3] INFO  com.capstone.aspect.LoggerAspect - During: class com.capstone.service.emiServiceImp.getEmiData() with arguments=emi [s_no=1, loanaccno=202211011, loan_status=active, emi_amount=15910.0, upcomming_payment_date=2022-11-07, remaining_amount=1500000.0]
2022-10-13 00:20:14 [http-nio-8081-exec-3] INFO  com.capstone.aspect.LoggerAspect - *************************************
2022-10-13 00:20:14 [http-nio-8081-exec-3] INFO  com.capstone.aspect.LoggerAspect - During: class com.capstone.controller.emiController.getemiofAccount() with arguments=<200 OK OK,emi [s_no=1, loanaccno=202211011, loan_status=active, emi_amount=15910.0, upcomming_payment_date=2022-11-07, remaining_amount=1500000.0],[]>
2022-10-13 00:20:14 [http-nio-8081-exec-3] INFO  com.capstone.aspect.LoggerAspect - *************************************
2022-10-13 00:20:30 [http-nio-8081-exec-5] INFO  com.capstone.aspect.LoggerAspect - Method name: com.capstone.controller.emiController
2022-10-13 00:20:30 [http-nio-8081-exec-5] INFO  com.capstone.aspect.LoggerAspect - Method arguments:[Ljava.lang.Object;@5007c9c1
2022-10-13 00:20:30 [http-nio-8081-exec-5] INFO  com.capstone.aspect.LoggerAspect - *************************************
2022-10-13 00:20:30 [http-nio-8081-exec-5] INFO  com.capstone.aspect.LoggerAspect - Method name: com.capstone.service.emiServiceImp
2022-10-13 00:20:30 [http-nio-8081-exec-5] INFO  com.capstone.aspect.LoggerAspect - Method arguments:[Ljava.lang.Object;@593890bc
2022-10-13 00:20:30 [http-nio-8081-exec-5] INFO  com.capstone.aspect.LoggerAspect - *************************************
2022-10-13 00:20:30 [http-nio-8081-exec-5] INFO  com.capstone.aspect.LoggerAspect - During: class com.capstone.service.emiServiceImp.getEmiData() with arguments=emi [s_no=1, loanaccno=202211011, loan_status=active, emi_amount=15910.0, upcomming_payment_date=2022-11-07, remaining_amount=1500000.0]
2022-10-13 00:20:30 [http-nio-8081-exec-5] INFO  com.capstone.aspect.LoggerAspect - *************************************
2022-10-13 00:20:30 [http-nio-8081-exec-5] INFO  com.capstone.aspect.LoggerAspect - Method name: com.capstone.service.emiServiceImp
2022-10-13 00:20:30 [http-nio-8081-exec-5] INFO  com.capstone.aspect.LoggerAspect - Method arguments:[Ljava.lang.Object;@73a4a62b
2022-10-13 00:20:30 [http-nio-8081-exec-5] INFO  com.capstone.aspect.LoggerAspect - *************************************
2022-10-13 00:20:30 [http-nio-8081-exec-5] INFO  com.capstone.aspect.LoggerAspect - During: class com.capstone.service.emiServiceImp.getEmiData() with arguments=emi [s_no=1, loanaccno=202211011, loan_status=active, emi_amount=15910.0, upcomming_payment_date=2022-11-07, remaining_amount=1500000.0]
2022-10-13 00:20:30 [http-nio-8081-exec-5] INFO  com.capstone.aspect.LoggerAspect - *************************************
2022-10-13 00:20:30 [http-nio-8081-exec-5] INFO  com.capstone.aspect.LoggerAspect - During: class com.capstone.controller.emiController.getemiofAccount() with arguments=<200 OK OK,emi [s_no=1, loanaccno=202211011, loan_status=active, emi_amount=15910.0, upcomming_payment_date=2022-11-07, remaining_amount=1500000.0],[]>
2022-10-13 00:20:30 [http-nio-8081-exec-5] INFO  com.capstone.aspect.LoggerAspect - *************************************
2022-10-13 00:20:43 [http-nio-8081-exec-7] INFO  com.capstone.aspect.LoggerAspect - Method name: com.capstone.controller.emiController
2022-10-13 00:20:43 [http-nio-8081-exec-7] INFO  com.capstone.aspect.LoggerAspect - Method arguments:[Ljava.lang.Object;@32acba01
2022-10-13 00:20:43 [http-nio-8081-exec-7] INFO  com.capstone.aspect.LoggerAspect - *************************************
2022-10-13 00:20:43 [http-nio-8081-exec-7] INFO  com.capstone.aspect.LoggerAspect - Method name: com.capstone.service.emiServiceImp
2022-10-13 00:20:43 [http-nio-8081-exec-7] INFO  com.capstone.aspect.LoggerAspect - Method arguments:[Ljava.lang.Object;@7edb1a8c
2022-10-13 00:20:43 [http-nio-8081-exec-7] INFO  com.capstone.aspect.LoggerAspect - *************************************
2022-10-13 00:20:43 [http-nio-8081-exec-7] INFO  com.capstone.aspect.LoggerAspect - During: class com.capstone.service.emiServiceImp.getEmiData() with arguments=emi [s_no=1, loanaccno=202211011, loan_status=active, emi_amount=15910.0, upcomming_payment_date=2022-11-07, remaining_amount=1500000.0]
2022-10-13 00:20:43 [http-nio-8081-exec-7] INFO  com.capstone.aspect.LoggerAspect - *************************************
2022-10-13 00:20:43 [http-nio-8081-exec-7] INFO  com.capstone.aspect.LoggerAspect - Method name: com.capstone.service.emiServiceImp
2022-10-13 00:20:43 [http-nio-8081-exec-7] INFO  com.capstone.aspect.LoggerAspect - Method arguments:[Ljava.lang.Object;@d210f83
2022-10-13 00:20:43 [http-nio-8081-exec-7] INFO  com.capstone.aspect.LoggerAspect - *************************************
2022-10-13 00:20:43 [http-nio-8081-exec-7] INFO  com.capstone.aspect.LoggerAspect - During: class com.capstone.service.emiServiceImp.getEmiData() with arguments=emi [s_no=1, loanaccno=202211011, loan_status=active, emi_amount=15910.0, upcomming_payment_date=2022-11-07, remaining_amount=1500000.0]
2022-10-13 00:20:43 [http-nio-8081-exec-7] INFO  com.capstone.aspect.LoggerAspect - *************************************
2022-10-13 00:20:43 [http-nio-8081-exec-7] INFO  com.capstone.aspect.LoggerAspect - During: class com.capstone.controller.emiController.getemiofAccount() with arguments=<200 OK OK,emi [s_no=1, loanaccno=202211011, loan_status=active, emi_amount=15910.0, upcomming_payment_date=2022-11-07, remaining_amount=1500000.0],[]>
2022-10-13 00:20:43 [http-nio-8081-exec-7] INFO  com.capstone.aspect.LoggerAspect - *************************************
2022-10-13 00:20:46 [http-nio-8081-exec-8] INFO  com.capstone.aspect.LoggerAspect - Method name: com.capstone.controller.emiController
2022-10-13 00:20:46 [http-nio-8081-exec-8] INFO  com.capstone.aspect.LoggerAspect - Method arguments:[Ljava.lang.Object;@45e4681e
2022-10-13 00:20:46 [http-nio-8081-exec-8] INFO  com.capstone.aspect.LoggerAspect - *************************************
2022-10-13 00:20:46 [http-nio-8081-exec-8] INFO  com.capstone.aspect.LoggerAspect - Method name: com.capstone.service.emiServiceImp
2022-10-13 00:20:46 [http-nio-8081-exec-8] INFO  com.capstone.aspect.LoggerAspect - Method arguments:[Ljava.lang.Object;@4eef761b
2022-10-13 00:20:46 [http-nio-8081-exec-8] INFO  com.capstone.aspect.LoggerAspect - *************************************
2022-10-13 00:20:46 [http-nio-8081-exec-8] INFO  com.capstone.aspect.LoggerAspect - During: class com.capstone.service.emiServiceImp.getEmiData() with arguments=emi [s_no=2, loanaccno=202211012, loan_status=active, emi_amount=4762.0, upcomming_payment_date=2022-11-07, remaining_amount=110000.0]
2022-10-13 00:20:46 [http-nio-8081-exec-8] INFO  com.capstone.aspect.LoggerAspect - *************************************
2022-10-13 00:20:46 [http-nio-8081-exec-8] INFO  com.capstone.aspect.LoggerAspect - Method name: com.capstone.service.emiServiceImp
2022-10-13 00:20:46 [http-nio-8081-exec-8] INFO  com.capstone.aspect.LoggerAspect - Method arguments:[Ljava.lang.Object;@7fb811ee
2022-10-13 00:20:46 [http-nio-8081-exec-8] INFO  com.capstone.aspect.LoggerAspect - *************************************
2022-10-13 00:20:46 [http-nio-8081-exec-8] INFO  com.capstone.aspect.LoggerAspect - During: class com.capstone.service.emiServiceImp.getEmiData() with arguments=emi [s_no=2, loanaccno=202211012, loan_status=active, emi_amount=4762.0, upcomming_payment_date=2022-11-07, remaining_amount=110000.0]
2022-10-13 00:20:46 [http-nio-8081-exec-8] INFO  com.capstone.aspect.LoggerAspect - *************************************
2022-10-13 00:20:46 [http-nio-8081-exec-8] INFO  com.capstone.aspect.LoggerAspect - During: class com.capstone.controller.emiController.getemiofAccount() with arguments=<200 OK OK,emi [s_no=2, loanaccno=202211012, loan_status=active, emi_amount=4762.0, upcomming_payment_date=2022-11-07, remaining_amount=110000.0],[]>
2022-10-13 00:20:46 [http-nio-8081-exec-8] INFO  com.capstone.aspect.LoggerAspect - *************************************
2022-10-13 00:22:08 [AsyncResolver-bootstrap-executor-0] INFO  c.n.d.s.r.aws.ConfigClusterResolver - Resolving eureka endpoints via configuration
2022-10-13 00:25:45 [http-nio-8081-exec-10] INFO  com.capstone.aspect.LoggerAspect - Method name: com.capstone.controller.emiController
2022-10-13 00:25:45 [http-nio-8081-exec-10] INFO  com.capstone.aspect.LoggerAspect - Method arguments:[Ljava.lang.Object;@5234351d
2022-10-13 00:25:45 [http-nio-8081-exec-10] INFO  com.capstone.aspect.LoggerAspect - *************************************
2022-10-13 00:25:45 [http-nio-8081-exec-10] INFO  com.capstone.aspect.LoggerAspect - Method name: com.capstone.service.emiServiceImp
2022-10-13 00:25:45 [http-nio-8081-exec-10] INFO  com.capstone.aspect.LoggerAspect - Method arguments:[Ljava.lang.Object;@a17b1fa
2022-10-13 00:25:45 [http-nio-8081-exec-10] INFO  com.capstone.aspect.LoggerAspect - *************************************
2022-10-13 00:25:45 [http-nio-8081-exec-10] INFO  com.capstone.aspect.LoggerAspect - During: class com.capstone.service.emiServiceImp.getEmiData() with arguments=emi [s_no=1, loanaccno=202211011, loan_status=active, emi_amount=15910.0, upcomming_payment_date=2022-11-07, remaining_amount=1500000.0]
2022-10-13 00:25:45 [http-nio-8081-exec-10] INFO  com.capstone.aspect.LoggerAspect - *************************************
2022-10-13 00:25:45 [http-nio-8081-exec-10] INFO  com.capstone.aspect.LoggerAspect - Method name: com.capstone.service.emiServiceImp
2022-10-13 00:25:45 [http-nio-8081-exec-10] INFO  com.capstone.aspect.LoggerAspect - Method arguments:[Ljava.lang.Object;@6ba22ea8
2022-10-13 00:25:45 [http-nio-8081-exec-10] INFO  com.capstone.aspect.LoggerAspect - *************************************
2022-10-13 00:25:45 [http-nio-8081-exec-10] INFO  com.capstone.aspect.LoggerAspect - During: class com.capstone.service.emiServiceImp.getEmiData() with arguments=emi [s_no=1, loanaccno=202211011, loan_status=active, emi_amount=15910.0, upcomming_payment_date=2022-11-07, remaining_amount=1500000.0]
2022-10-13 00:25:45 [http-nio-8081-exec-10] INFO  com.capstone.aspect.LoggerAspect - *************************************
2022-10-13 00:25:45 [http-nio-8081-exec-10] INFO  com.capstone.aspect.LoggerAspect - During: class com.capstone.controller.emiController.getemiofAccount() with arguments=<200 OK OK,emi [s_no=1, loanaccno=202211011, loan_status=active, emi_amount=15910.0, upcomming_payment_date=2022-11-07, remaining_amount=1500000.0],[]>
2022-10-13 00:25:45 [http-nio-8081-exec-10] INFO  com.capstone.aspect.LoggerAspect - *************************************
2022-10-13 00:25:51 [http-nio-8081-exec-1] INFO  com.capstone.aspect.LoggerAspect - Method name: com.capstone.controller.emiController
2022-10-13 00:25:51 [http-nio-8081-exec-1] INFO  com.capstone.aspect.LoggerAspect - Method arguments:[Ljava.lang.Object;@6a368113
2022-10-13 00:25:51 [http-nio-8081-exec-1] INFO  com.capstone.aspect.LoggerAspect - *************************************
2022-10-13 00:25:51 [http-nio-8081-exec-1] INFO  com.capstone.aspect.LoggerAspect - Method name: com.capstone.service.emiServiceImp
2022-10-13 00:25:51 [http-nio-8081-exec-1] INFO  com.capstone.aspect.LoggerAspect - Method arguments:[Ljava.lang.Object;@9cb7d3e
2022-10-13 00:25:51 [http-nio-8081-exec-1] INFO  com.capstone.aspect.LoggerAspect - *************************************
2022-10-13 00:25:51 [http-nio-8081-exec-1] INFO  com.capstone.aspect.LoggerAspect - During: class com.capstone.service.emiServiceImp.getEmiData() with arguments=emi [s_no=1, loanaccno=202211011, loan_status=active, emi_amount=15910.0, upcomming_payment_date=2022-11-07, remaining_amount=1500000.0]
2022-10-13 00:25:51 [http-nio-8081-exec-1] INFO  com.capstone.aspect.LoggerAspect - *************************************
2022-10-13 00:25:51 [http-nio-8081-exec-1] INFO  com.capstone.aspect.LoggerAspect - Method name: com.capstone.service.emiServiceImp
2022-10-13 00:25:51 [http-nio-8081-exec-1] INFO  com.capstone.aspect.LoggerAspect - Method arguments:[Ljava.lang.Object;@6f34908f
2022-10-13 00:25:51 [http-nio-8081-exec-1] INFO  com.capstone.aspect.LoggerAspect - *************************************
2022-10-13 00:25:51 [http-nio-8081-exec-1] INFO  com.capstone.aspect.LoggerAspect - During: class com.capstone.service.emiServiceImp.getEmiData() with arguments=emi [s_no=1, loanaccno=202211011, loan_status=active, emi_amount=15910.0, upcomming_payment_date=2022-11-07, remaining_amount=1500000.0]
2022-10-13 00:25:51 [http-nio-8081-exec-1] INFO  com.capstone.aspect.LoggerAspect - *************************************
2022-10-13 00:25:51 [http-nio-8081-exec-1] INFO  com.capstone.aspect.LoggerAspect - During: class com.capstone.controller.emiController.getemiofAccount() with arguments=<200 OK OK,emi [s_no=1, loanaccno=202211011, loan_status=active, emi_amount=15910.0, upcomming_payment_date=2022-11-07, remaining_amount=1500000.0],[]>
2022-10-13 00:25:51 [http-nio-8081-exec-1] INFO  com.capstone.aspect.LoggerAspect - *************************************
2022-10-13 00:26:21 [http-nio-8081-exec-2] INFO  com.capstone.aspect.LoggerAspect - Method name: com.capstone.controller.emiController
2022-10-13 00:26:21 [http-nio-8081-exec-2] INFO  com.capstone.aspect.LoggerAspect - Method arguments:[Ljava.lang.Object;@6896a13e
2022-10-13 00:26:21 [http-nio-8081-exec-2] INFO  com.capstone.aspect.LoggerAspect - *************************************
2022-10-13 00:26:21 [http-nio-8081-exec-2] INFO  com.capstone.aspect.LoggerAspect - Method name: com.capstone.service.emiServiceImp
2022-10-13 00:26:21 [http-nio-8081-exec-2] INFO  com.capstone.aspect.LoggerAspect - Method arguments:[Ljava.lang.Object;@172ab9da
2022-10-13 00:26:21 [http-nio-8081-exec-2] INFO  com.capstone.aspect.LoggerAspect - *************************************
2022-10-13 00:26:21 [http-nio-8081-exec-2] INFO  com.capstone.aspect.LoggerAspect - During: class com.capstone.service.emiServiceImp.getEmiData() with arguments=emi [s_no=1, loanaccno=202211011, loan_status=active, emi_amount=15910.0, upcomming_payment_date=2022-11-07, remaining_amount=1500000.0]
2022-10-13 00:26:21 [http-nio-8081-exec-2] INFO  com.capstone.aspect.LoggerAspect - *************************************
2022-10-13 00:26:21 [http-nio-8081-exec-2] INFO  com.capstone.aspect.LoggerAspect - Method name: com.capstone.service.emiServiceImp
2022-10-13 00:26:21 [http-nio-8081-exec-2] INFO  com.capstone.aspect.LoggerAspect - Method arguments:[Ljava.lang.Object;@cc20ce8
2022-10-13 00:26:21 [http-nio-8081-exec-2] INFO  com.capstone.aspect.LoggerAspect - *************************************
2022-10-13 00:26:21 [http-nio-8081-exec-2] INFO  com.capstone.aspect.LoggerAspect - During: class com.capstone.service.emiServiceImp.getEmiData() with arguments=emi [s_no=1, loanaccno=202211011, loan_status=active, emi_amount=15910.0, upcomming_payment_date=2022-11-07, remaining_amount=1500000.0]
2022-10-13 00:26:21 [http-nio-8081-exec-2] INFO  com.capstone.aspect.LoggerAspect - *************************************
2022-10-13 00:26:21 [http-nio-8081-exec-2] INFO  com.capstone.aspect.LoggerAspect - During: class com.capstone.controller.emiController.getemiofAccount() with arguments=<200 OK OK,emi [s_no=1, loanaccno=202211011, loan_status=active, emi_amount=15910.0, upcomming_payment_date=2022-11-07, remaining_amount=1500000.0],[]>
2022-10-13 00:26:21 [http-nio-8081-exec-2] INFO  com.capstone.aspect.LoggerAspect - *************************************
2022-10-13 00:26:46 [http-nio-8081-exec-3] INFO  com.capstone.aspect.LoggerAspect - Method name: com.capstone.controller.emiController
2022-10-13 00:26:46 [http-nio-8081-exec-3] INFO  com.capstone.aspect.LoggerAspect - Method arguments:[Ljava.lang.Object;@5b8d7144
2022-10-13 00:26:46 [http-nio-8081-exec-3] INFO  com.capstone.aspect.LoggerAspect - *************************************
2022-10-13 00:26:46 [http-nio-8081-exec-3] INFO  com.capstone.aspect.LoggerAspect - Method name: com.capstone.service.emiServiceImp
2022-10-13 00:26:46 [http-nio-8081-exec-3] INFO  com.capstone.aspect.LoggerAspect - Method arguments:[Ljava.lang.Object;@177857e2
2022-10-13 00:26:46 [http-nio-8081-exec-3] INFO  com.capstone.aspect.LoggerAspect - *************************************
2022-10-13 00:26:46 [http-nio-8081-exec-3] INFO  com.capstone.aspect.LoggerAspect - During: class com.capstone.service.emiServiceImp.getEmiData() with arguments=emi [s_no=1, loanaccno=202211011, loan_status=active, emi_amount=15910.0, upcomming_payment_date=2022-11-07, remaining_amount=1500000.0]
2022-10-13 00:26:46 [http-nio-8081-exec-3] INFO  com.capstone.aspect.LoggerAspect - *************************************
2022-10-13 00:26:46 [http-nio-8081-exec-3] INFO  com.capstone.aspect.LoggerAspect - Method name: com.capstone.service.emiServiceImp
2022-10-13 00:26:46 [http-nio-8081-exec-3] INFO  com.capstone.aspect.LoggerAspect - Method arguments:[Ljava.lang.Object;@5b0e7f2e
2022-10-13 00:26:46 [http-nio-8081-exec-3] INFO  com.capstone.aspect.LoggerAspect - *************************************
2022-10-13 00:26:46 [http-nio-8081-exec-3] INFO  com.capstone.aspect.LoggerAspect - During: class com.capstone.service.emiServiceImp.getEmiData() with arguments=emi [s_no=1, loanaccno=202211011, loan_status=active, emi_amount=15910.0, upcomming_payment_date=2022-11-07, remaining_amount=1500000.0]
2022-10-13 00:26:46 [http-nio-8081-exec-3] INFO  com.capstone.aspect.LoggerAspect - *************************************
2022-10-13 00:26:46 [http-nio-8081-exec-3] INFO  com.capstone.aspect.LoggerAspect - During: class com.capstone.controller.emiController.getemiofAccount() with arguments=<200 OK OK,emi [s_no=1, loanaccno=202211011, loan_status=active, emi_amount=15910.0, upcomming_payment_date=2022-11-07, remaining_amount=1500000.0],[]>
2022-10-13 00:26:46 [http-nio-8081-exec-3] INFO  com.capstone.aspect.LoggerAspect - *************************************
2022-10-13 00:27:08 [AsyncResolver-bootstrap-executor-0] INFO  c.n.d.s.r.aws.ConfigClusterResolver - Resolving eureka endpoints via configuration
