2022-10-16 11:59:23 [restartedMain] INFO  com.capstone.EmiApiApplication - Starting EmiApiApplication using Java 17.0.2 on MOHAN with PID 9820 (C:\Users\mohan\Downloads\Natwest Capstone\frontend\spring-master\emi-api\target\classes started by mohan in C:\Users\mohan\Downloads\Natwest Capstone\frontend\spring-master\emi-api)
2022-10-16 11:59:23 [restartedMain] INFO  com.capstone.EmiApiApplication - No active profile set, falling back to 1 default profile: "default"
2022-10-16 11:59:23 [restartedMain] INFO  o.s.b.d.e.DevToolsPropertyDefaultsPostProcessor - Devtools property defaults active! Set 'spring.devtools.add-properties' to 'false' to disable
2022-10-16 11:59:23 [restartedMain] INFO  o.s.b.d.e.DevToolsPropertyDefaultsPostProcessor - For additional web related logging consider setting the 'logging.level.web' property to 'DEBUG'
2022-10-16 11:59:24 [restartedMain] INFO  o.s.d.r.c.RepositoryConfigurationDelegate - Bootstrapping Spring Data JPA repositories in DEFAULT mode.
2022-10-16 11:59:24 [restartedMain] INFO  o.s.d.r.c.RepositoryConfigurationDelegate - Finished Spring Data repository scanning in 145 ms. Found 1 JPA repository interfaces.
2022-10-16 11:59:25 [restartedMain] INFO  o.s.cloud.context.scope.GenericScope - BeanFactory id=5babc4e2-f0b0-3323-8f75-7d5bd9cf4d2d
2022-10-16 11:59:26 [restartedMain] INFO  o.s.b.w.e.tomcat.TomcatWebServer - Tomcat initialized with port(s): 8081 (http)
2022-10-16 11:59:26 [restartedMain] INFO  o.a.coyote.http11.Http11NioProtocol - Initializing ProtocolHandler ["http-nio-8081"]
2022-10-16 11:59:26 [restartedMain] INFO  o.a.catalina.core.StandardService - Starting service [Tomcat]
2022-10-16 11:59:26 [restartedMain] INFO  o.a.catalina.core.StandardEngine - Starting Servlet engine: [Apache Tomcat/9.0.65]
2022-10-16 11:59:26 [restartedMain] INFO  o.a.c.c.C.[Tomcat].[localhost].[/] - Initializing Spring embedded WebApplicationContext
2022-10-16 11:59:26 [restartedMain] INFO  o.s.b.w.s.c.ServletWebServerApplicationContext - Root WebApplicationContext: initialization completed in 2391 ms
2022-10-16 11:59:26 [restartedMain] INFO  o.h.jpa.internal.util.LogHelper - HHH000204: Processing PersistenceUnitInfo [name: default]
2022-10-16 11:59:26 [restartedMain] INFO  org.hibernate.Version - HHH000412: Hibernate ORM core version 5.6.11.Final
2022-10-16 11:59:26 [restartedMain] INFO  o.h.annotations.common.Version - HCANN000001: Hibernate Commons Annotations {5.1.2.Final}
2022-10-16 11:59:27 [restartedMain] INFO  com.zaxxer.hikari.HikariDataSource - HikariPool-1 - Starting...
2022-10-16 11:59:27 [restartedMain] INFO  com.zaxxer.hikari.HikariDataSource - HikariPool-1 - Start completed.
2022-10-16 11:59:27 [restartedMain] INFO  org.hibernate.dialect.Dialect - HHH000400: Using dialect: org.hibernate.dialect.MySQL8Dialect
2022-10-16 11:59:28 [restartedMain] INFO  o.h.e.t.j.p.i.JtaPlatformInitiator - HHH000490: Using JtaPlatform implementation: [org.hibernate.engine.transaction.jta.platform.internal.NoJtaPlatform]
2022-10-16 11:59:28 [restartedMain] INFO  o.s.o.j.LocalContainerEntityManagerFactoryBean - Initialized JPA EntityManagerFactory for persistence unit 'default'
2022-10-16 11:59:28 [restartedMain] WARN  o.s.b.a.o.j.JpaBaseConfiguration$JpaWebConfiguration - spring.jpa.open-in-view is enabled by default. Therefore, database queries may be performed during view rendering. Explicitly configure spring.jpa.open-in-view to disable this warning
2022-10-16 11:59:29 [restartedMain] WARN  o.s.b.d.a.OptionalLiveReloadServer - Unable to start LiveReload server
2022-10-16 11:59:29 [restartedMain] INFO  o.s.c.n.e.c.DiscoveryClientOptionalArgsConfiguration - Eureka HTTP Client uses RestTemplate.
2022-10-16 11:59:29 [restartedMain] WARN  o.s.c.l.c.LoadBalancerCacheAutoConfiguration$LoadBalancerCaffeineWarnLogger - Spring Cloud LoadBalancer is currently working with the default cache. While this cache implementation is useful for development and tests, it's recommended to use Caffeine cache in production.You can switch to using Caffeine cache, by adding it and org.springframework.cache.caffeine.CaffeineCacheManager to the classpath.
2022-10-16 11:59:29 [restartedMain] INFO  o.s.c.n.eureka.InstanceInfoFactory - Setting initial instance status as: STARTING
2022-10-16 11:59:29 [restartedMain] INFO  c.netflix.discovery.DiscoveryClient - Initializing Eureka in region us-east-1
2022-10-16 11:59:29 [restartedMain] INFO  c.n.d.s.r.aws.ConfigClusterResolver - Resolving eureka endpoints via configuration
2022-10-16 11:59:29 [restartedMain] INFO  c.netflix.discovery.DiscoveryClient - Disable delta property : false
2022-10-16 11:59:29 [restartedMain] INFO  c.netflix.discovery.DiscoveryClient - Single vip registry refresh property : null
2022-10-16 11:59:29 [restartedMain] INFO  c.netflix.discovery.DiscoveryClient - Force full registry fetch : false
2022-10-16 11:59:29 [restartedMain] INFO  c.netflix.discovery.DiscoveryClient - Application is null : false
2022-10-16 11:59:29 [restartedMain] INFO  c.netflix.discovery.DiscoveryClient - Registered Applications size is zero : true
2022-10-16 11:59:29 [restartedMain] INFO  c.netflix.discovery.DiscoveryClient - Application version is -1: true
2022-10-16 11:59:29 [restartedMain] INFO  c.netflix.discovery.DiscoveryClient - Getting all instance registry info from the eureka server
2022-10-16 11:59:29 [restartedMain] INFO  c.netflix.discovery.DiscoveryClient - The response status is 200
2022-10-16 11:59:29 [restartedMain] INFO  c.netflix.discovery.DiscoveryClient - Starting heartbeat executor: renew interval is: 30
2022-10-16 11:59:29 [restartedMain] INFO  c.n.discovery.InstanceInfoReplicator - InstanceInfoReplicator onDemand update allowed rate per min is 4
2022-10-16 11:59:29 [restartedMain] INFO  c.netflix.discovery.DiscoveryClient - Discovery Client initialized at timestamp 1665901769973 with initial instances count: 1
2022-10-16 11:59:29 [restartedMain] INFO  o.s.c.n.e.s.EurekaServiceRegistry - Registering application EMI-API with eureka with status UP
2022-10-16 11:59:29 [restartedMain] INFO  c.netflix.discovery.DiscoveryClient - Saw local status change event StatusChangeEvent [timestamp=1665901769977, current=UP, previous=STARTING]
2022-10-16 11:59:29 [DiscoveryClient-InstanceInfoReplicator-0] INFO  c.netflix.discovery.DiscoveryClient - DiscoveryClient_EMI-API/192.168.0.9:emi-api:8081: registering service...
2022-10-16 11:59:29 [restartedMain] INFO  o.a.coyote.http11.Http11NioProtocol - Starting ProtocolHandler ["http-nio-8081"]
2022-10-16 11:59:30 [restartedMain] INFO  o.s.b.w.e.tomcat.TomcatWebServer - Tomcat started on port(s): 8081 (http) with context path ''
2022-10-16 11:59:30 [restartedMain] INFO  o.s.c.n.e.s.EurekaAutoServiceRegistration - Updating port to 8081
2022-10-16 11:59:30 [DiscoveryClient-InstanceInfoReplicator-0] INFO  c.netflix.discovery.DiscoveryClient - DiscoveryClient_EMI-API/192.168.0.9:emi-api:8081 - registration status: 204
2022-10-16 11:59:30 [restartedMain] INFO  com.capstone.EmiApiApplication - Started EmiApiApplication in 6.946 seconds (JVM running for 8.118)
2022-10-16 12:02:39 [http-nio-8081-exec-1] INFO  o.a.c.c.C.[Tomcat].[localhost].[/] - Initializing Spring DispatcherServlet 'dispatcherServlet'
2022-10-16 12:02:39 [http-nio-8081-exec-1] INFO  o.s.web.servlet.DispatcherServlet - Initializing Servlet 'dispatcherServlet'
2022-10-16 12:02:39 [http-nio-8081-exec-1] INFO  o.s.web.servlet.DispatcherServlet - Completed initialization in 36 ms
2022-10-16 12:02:40 [http-nio-8081-exec-1] INFO  com.capstone.aspect.LoggerAspect - Method name: com.capstone.controller.EmiController
2022-10-16 12:02:40 [http-nio-8081-exec-1] INFO  com.capstone.aspect.LoggerAspect - Method arguments:[Ljava.lang.Object;@44bd8474
2022-10-16 12:02:40 [http-nio-8081-exec-1] INFO  com.capstone.aspect.LoggerAspect - *************************************
2022-10-16 12:02:40 [http-nio-8081-exec-1] INFO  com.capstone.aspect.LoggerAspect - Method name: com.capstone.service.EmiServiceImp
2022-10-16 12:02:40 [http-nio-8081-exec-1] INFO  com.capstone.aspect.LoggerAspect - Method arguments:[Ljava.lang.Object;@7b6d4272
2022-10-16 12:02:40 [http-nio-8081-exec-1] INFO  com.capstone.aspect.LoggerAspect - *************************************
2022-10-16 12:02:40 [http-nio-8081-exec-1] INFO  com.capstone.aspect.LoggerAspect - During: class com.capstone.service.EmiServiceImp.getEmiData() with arguments=emi [s_no=1, loanaccno=202211011, loan_status=active, emi_amount=15909.827, upcomming_payment_date=2022-12-07, remaining_amount=1490329.1]
2022-10-16 12:02:40 [http-nio-8081-exec-1] INFO  com.capstone.aspect.LoggerAspect - *************************************
2022-10-16 12:02:40 [http-nio-8081-exec-1] INFO  com.capstone.aspect.LoggerAspect - Method name: com.capstone.service.EmiServiceImp
2022-10-16 12:02:40 [http-nio-8081-exec-1] INFO  com.capstone.aspect.LoggerAspect - Method arguments:[Ljava.lang.Object;@60a1abef
2022-10-16 12:02:40 [http-nio-8081-exec-1] INFO  com.capstone.aspect.LoggerAspect - *************************************
2022-10-16 12:02:40 [http-nio-8081-exec-1] INFO  com.capstone.aspect.LoggerAspect - During: class com.capstone.service.EmiServiceImp.getEmiData() with arguments=emi [s_no=1, loanaccno=202211011, loan_status=active, emi_amount=15909.827, upcomming_payment_date=2022-12-07, remaining_amount=1490329.1]
2022-10-16 12:02:40 [http-nio-8081-exec-1] INFO  com.capstone.aspect.LoggerAspect - *************************************
2022-10-16 12:02:40 [http-nio-8081-exec-1] INFO  com.capstone.aspect.LoggerAspect - During: class com.capstone.controller.EmiController.getemiofAccount() with arguments=<200 OK OK,emi [s_no=1, loanaccno=202211011, loan_status=active, emi_amount=15909.827, upcomming_payment_date=2022-12-07, remaining_amount=1490329.1],[]>
2022-10-16 12:02:40 [http-nio-8081-exec-1] INFO  com.capstone.aspect.LoggerAspect - *************************************
2022-10-16 12:02:48 [http-nio-8081-exec-2] INFO  com.capstone.aspect.LoggerAspect - Method name: com.capstone.controller.EmiController
2022-10-16 12:02:48 [http-nio-8081-exec-2] INFO  com.capstone.aspect.LoggerAspect - Method arguments:[Ljava.lang.Object;@6630a3d1
2022-10-16 12:02:48 [http-nio-8081-exec-2] INFO  com.capstone.aspect.LoggerAspect - *************************************
2022-10-16 12:02:48 [http-nio-8081-exec-2] INFO  com.capstone.aspect.LoggerAspect - Method name: com.capstone.service.EmiServiceImp
2022-10-16 12:02:48 [http-nio-8081-exec-2] INFO  com.capstone.aspect.LoggerAspect - Method arguments:[Ljava.lang.Object;@68f75167
2022-10-16 12:02:48 [http-nio-8081-exec-2] INFO  com.capstone.aspect.LoggerAspect - *************************************
2022-10-16 12:02:48 [http-nio-8081-exec-2] INFO  com.capstone.aspect.LoggerAspect - During: class com.capstone.service.EmiServiceImp.getEmiData() with arguments=emi [s_no=1, loanaccno=202211011, loan_status=active, emi_amount=15909.827, upcomming_payment_date=2022-12-07, remaining_amount=1490329.1]
2022-10-16 12:02:48 [http-nio-8081-exec-2] INFO  com.capstone.aspect.LoggerAspect - *************************************
2022-10-16 12:02:48 [http-nio-8081-exec-2] INFO  com.capstone.aspect.LoggerAspect - Method name: com.capstone.service.EmiServiceImp
2022-10-16 12:02:48 [http-nio-8081-exec-2] INFO  com.capstone.aspect.LoggerAspect - Method arguments:[Ljava.lang.Object;@4dab995f
2022-10-16 12:02:48 [http-nio-8081-exec-2] INFO  com.capstone.aspect.LoggerAspect - *************************************
2022-10-16 12:02:48 [http-nio-8081-exec-2] INFO  com.capstone.aspect.LoggerAspect - During: class com.capstone.service.EmiServiceImp.getEmiData() with arguments=emi [s_no=1, loanaccno=202211011, loan_status=active, emi_amount=15909.827, upcomming_payment_date=2022-12-07, remaining_amount=1490329.1]
2022-10-16 12:02:48 [http-nio-8081-exec-2] INFO  com.capstone.aspect.LoggerAspect - *************************************
2022-10-16 12:02:48 [http-nio-8081-exec-2] INFO  com.capstone.aspect.LoggerAspect - During: class com.capstone.controller.EmiController.getemiofAccount() with arguments=<200 OK OK,emi [s_no=1, loanaccno=202211011, loan_status=active, emi_amount=15909.827, upcomming_payment_date=2022-12-07, remaining_amount=1490329.1],[]>
2022-10-16 12:02:48 [http-nio-8081-exec-2] INFO  com.capstone.aspect.LoggerAspect - *************************************
2022-10-16 12:03:02 [http-nio-8081-exec-3] INFO  com.capstone.aspect.LoggerAspect - Method name: com.capstone.controller.EmiController
2022-10-16 12:03:02 [http-nio-8081-exec-3] INFO  com.capstone.aspect.LoggerAspect - Method arguments:[Ljava.lang.Object;@4d754e50
2022-10-16 12:03:02 [http-nio-8081-exec-3] INFO  com.capstone.aspect.LoggerAspect - *************************************
2022-10-16 12:03:02 [http-nio-8081-exec-3] INFO  com.capstone.aspect.LoggerAspect - Method name: com.capstone.service.EmiServiceImp
2022-10-16 12:03:02 [http-nio-8081-exec-3] INFO  com.capstone.aspect.LoggerAspect - Method arguments:[Ljava.lang.Object;@529de82a
2022-10-16 12:03:02 [http-nio-8081-exec-3] INFO  com.capstone.aspect.LoggerAspect - *************************************
2022-10-16 12:03:02 [http-nio-8081-exec-3] INFO  com.capstone.aspect.LoggerAspect - During: class com.capstone.service.EmiServiceImp.updateEMI() with arguments=emi [s_no=1, loanaccno=202211011, loan_status=active, emi_amount=15909.827, upcomming_payment_date=2023-01-07, remaining_amount=1480628.0]
2022-10-16 12:03:02 [http-nio-8081-exec-3] INFO  com.capstone.aspect.LoggerAspect - *************************************
2022-10-16 12:03:02 [http-nio-8081-exec-3] INFO  com.capstone.aspect.LoggerAspect - During: class com.capstone.controller.EmiController.updateEMI() with arguments=<200 OK OK,{message=emi updated},[]>
2022-10-16 12:03:02 [http-nio-8081-exec-3] INFO  com.capstone.aspect.LoggerAspect - *************************************
2022-10-16 12:03:12 [http-nio-8081-exec-4] INFO  com.capstone.aspect.LoggerAspect - Method name: com.capstone.controller.EmiController
2022-10-16 12:03:12 [http-nio-8081-exec-4] INFO  com.capstone.aspect.LoggerAspect - Method arguments:[Ljava.lang.Object;@6d62b279
2022-10-16 12:03:12 [http-nio-8081-exec-4] INFO  com.capstone.aspect.LoggerAspect - *************************************
2022-10-16 12:03:12 [http-nio-8081-exec-4] INFO  com.capstone.aspect.LoggerAspect - Method name: com.capstone.service.EmiServiceImp
2022-10-16 12:03:12 [http-nio-8081-exec-4] INFO  com.capstone.aspect.LoggerAspect - Method arguments:[Ljava.lang.Object;@63a551a5
2022-10-16 12:03:12 [http-nio-8081-exec-4] INFO  com.capstone.aspect.LoggerAspect - *************************************
2022-10-16 12:03:12 [http-nio-8081-exec-4] INFO  com.capstone.aspect.LoggerAspect - During: class com.capstone.service.EmiServiceImp.getEmiData() with arguments=emi [s_no=1, loanaccno=202211011, loan_status=active, emi_amount=15909.827, upcomming_payment_date=2023-01-07, remaining_amount=1480628.0]
2022-10-16 12:03:12 [http-nio-8081-exec-4] INFO  com.capstone.aspect.LoggerAspect - *************************************
2022-10-16 12:03:12 [http-nio-8081-exec-4] INFO  com.capstone.aspect.LoggerAspect - Method name: com.capstone.service.EmiServiceImp
2022-10-16 12:03:12 [http-nio-8081-exec-4] INFO  com.capstone.aspect.LoggerAspect - Method arguments:[Ljava.lang.Object;@1c1a1e9
2022-10-16 12:03:12 [http-nio-8081-exec-4] INFO  com.capstone.aspect.LoggerAspect - *************************************
2022-10-16 12:03:12 [http-nio-8081-exec-4] INFO  com.capstone.aspect.LoggerAspect - During: class com.capstone.service.EmiServiceImp.getEmiData() with arguments=emi [s_no=1, loanaccno=202211011, loan_status=active, emi_amount=15909.827, upcomming_payment_date=2023-01-07, remaining_amount=1480628.0]
2022-10-16 12:03:12 [http-nio-8081-exec-4] INFO  com.capstone.aspect.LoggerAspect - *************************************
2022-10-16 12:03:12 [http-nio-8081-exec-4] INFO  com.capstone.aspect.LoggerAspect - During: class com.capstone.controller.EmiController.getemiofAccount() with arguments=<200 OK OK,emi [s_no=1, loanaccno=202211011, loan_status=active, emi_amount=15909.827, upcomming_payment_date=2023-01-07, remaining_amount=1480628.0],[]>
2022-10-16 12:03:12 [http-nio-8081-exec-4] INFO  com.capstone.aspect.LoggerAspect - *************************************
2022-10-16 12:04:29 [AsyncResolver-bootstrap-executor-0] INFO  c.n.d.s.r.aws.ConfigClusterResolver - Resolving eureka endpoints via configuration
2022-10-16 12:09:29 [AsyncResolver-bootstrap-executor-0] INFO  c.n.d.s.r.aws.ConfigClusterResolver - Resolving eureka endpoints via configuration
2022-10-16 12:10:52 [http-nio-8081-exec-6] INFO  com.capstone.aspect.LoggerAspect - Method name: com.capstone.controller.EmiController
2022-10-16 12:10:52 [http-nio-8081-exec-6] INFO  com.capstone.aspect.LoggerAspect - Method arguments:[Ljava.lang.Object;@2da4492e
2022-10-16 12:10:52 [http-nio-8081-exec-6] INFO  com.capstone.aspect.LoggerAspect - *************************************
2022-10-16 12:10:52 [http-nio-8081-exec-6] INFO  com.capstone.aspect.LoggerAspect - Method name: com.capstone.service.EmiServiceImp
2022-10-16 12:10:52 [http-nio-8081-exec-6] INFO  com.capstone.aspect.LoggerAspect - Method arguments:[Ljava.lang.Object;@2363a2ea
2022-10-16 12:10:52 [http-nio-8081-exec-6] INFO  com.capstone.aspect.LoggerAspect - *************************************
2022-10-16 12:10:52 [http-nio-8081-exec-6] INFO  com.capstone.aspect.LoggerAspect - During: class com.capstone.service.EmiServiceImp.getEmiData() with arguments=emi [s_no=1, loanaccno=202211011, loan_status=active, emi_amount=15909.827, upcomming_payment_date=2023-01-07, remaining_amount=1480628.0]
2022-10-16 12:10:52 [http-nio-8081-exec-6] INFO  com.capstone.aspect.LoggerAspect - *************************************
2022-10-16 12:10:52 [http-nio-8081-exec-6] INFO  com.capstone.aspect.LoggerAspect - Method name: com.capstone.service.EmiServiceImp
2022-10-16 12:10:52 [http-nio-8081-exec-6] INFO  com.capstone.aspect.LoggerAspect - Method arguments:[Ljava.lang.Object;@688ca294
2022-10-16 12:10:52 [http-nio-8081-exec-6] INFO  com.capstone.aspect.LoggerAspect - *************************************
2022-10-16 12:10:52 [http-nio-8081-exec-6] INFO  com.capstone.aspect.LoggerAspect - During: class com.capstone.service.EmiServiceImp.getEmiData() with arguments=emi [s_no=1, loanaccno=202211011, loan_status=active, emi_amount=15909.827, upcomming_payment_date=2023-01-07, remaining_amount=1480628.0]
2022-10-16 12:10:52 [http-nio-8081-exec-6] INFO  com.capstone.aspect.LoggerAspect - *************************************
2022-10-16 12:10:52 [http-nio-8081-exec-6] INFO  com.capstone.aspect.LoggerAspect - During: class com.capstone.controller.EmiController.getemiofAccount() with arguments=<200 OK OK,emi [s_no=1, loanaccno=202211011, loan_status=active, emi_amount=15909.827, upcomming_payment_date=2023-01-07, remaining_amount=1480628.0],[]>
2022-10-16 12:10:52 [http-nio-8081-exec-6] INFO  com.capstone.aspect.LoggerAspect - *************************************
2022-10-16 12:10:54 [http-nio-8081-exec-7] INFO  com.capstone.aspect.LoggerAspect - Method name: com.capstone.controller.EmiController
2022-10-16 12:10:54 [http-nio-8081-exec-7] INFO  com.capstone.aspect.LoggerAspect - Method arguments:[Ljava.lang.Object;@41fdf9f9
2022-10-16 12:10:54 [http-nio-8081-exec-7] INFO  com.capstone.aspect.LoggerAspect - *************************************
2022-10-16 12:10:54 [http-nio-8081-exec-7] INFO  com.capstone.aspect.LoggerAspect - Method name: com.capstone.service.EmiServiceImp
2022-10-16 12:10:54 [http-nio-8081-exec-7] INFO  com.capstone.aspect.LoggerAspect - Method arguments:[Ljava.lang.Object;@1f1654da
2022-10-16 12:10:54 [http-nio-8081-exec-7] INFO  com.capstone.aspect.LoggerAspect - *************************************
2022-10-16 12:10:54 [http-nio-8081-exec-7] INFO  com.capstone.aspect.LoggerAspect - During: class com.capstone.service.EmiServiceImp.getEmiData() with arguments=emi [s_no=1, loanaccno=202211011, loan_status=active, emi_amount=15909.827, upcomming_payment_date=2023-01-07, remaining_amount=1480628.0]
2022-10-16 12:10:54 [http-nio-8081-exec-7] INFO  com.capstone.aspect.LoggerAspect - *************************************
2022-10-16 12:10:54 [http-nio-8081-exec-7] INFO  com.capstone.aspect.LoggerAspect - Method name: com.capstone.service.EmiServiceImp
2022-10-16 12:10:54 [http-nio-8081-exec-7] INFO  com.capstone.aspect.LoggerAspect - Method arguments:[Ljava.lang.Object;@38a91cc5
2022-10-16 12:10:54 [http-nio-8081-exec-7] INFO  com.capstone.aspect.LoggerAspect - *************************************
2022-10-16 12:10:54 [http-nio-8081-exec-7] INFO  com.capstone.aspect.LoggerAspect - During: class com.capstone.service.EmiServiceImp.getEmiData() with arguments=emi [s_no=1, loanaccno=202211011, loan_status=active, emi_amount=15909.827, upcomming_payment_date=2023-01-07, remaining_amount=1480628.0]
2022-10-16 12:10:54 [http-nio-8081-exec-7] INFO  com.capstone.aspect.LoggerAspect - *************************************
2022-10-16 12:10:54 [http-nio-8081-exec-7] INFO  com.capstone.aspect.LoggerAspect - During: class com.capstone.controller.EmiController.getemiofAccount() with arguments=<200 OK OK,emi [s_no=1, loanaccno=202211011, loan_status=active, emi_amount=15909.827, upcomming_payment_date=2023-01-07, remaining_amount=1480628.0],[]>
2022-10-16 12:10:54 [http-nio-8081-exec-7] INFO  com.capstone.aspect.LoggerAspect - *************************************
2022-10-16 12:12:01 [http-nio-8081-exec-9] INFO  com.capstone.aspect.LoggerAspect - Method name: com.capstone.controller.EmiController
2022-10-16 12:12:01 [http-nio-8081-exec-9] INFO  com.capstone.aspect.LoggerAspect - Method arguments:[Ljava.lang.Object;@47f745e6
2022-10-16 12:12:01 [http-nio-8081-exec-9] INFO  com.capstone.aspect.LoggerAspect - *************************************
2022-10-16 12:12:01 [http-nio-8081-exec-9] INFO  com.capstone.aspect.LoggerAspect - Method name: com.capstone.service.EmiServiceImp
2022-10-16 12:12:01 [http-nio-8081-exec-9] INFO  com.capstone.aspect.LoggerAspect - Method arguments:[Ljava.lang.Object;@4930b368
2022-10-16 12:12:01 [http-nio-8081-exec-9] INFO  com.capstone.aspect.LoggerAspect - *************************************
2022-10-16 12:12:01 [http-nio-8081-exec-9] INFO  com.capstone.aspect.LoggerAspect - During: class com.capstone.service.EmiServiceImp.getEmiData() with arguments=emi [s_no=1, loanaccno=202211011, loan_status=active, emi_amount=15909.827, upcomming_payment_date=2023-01-07, remaining_amount=1480628.0]
2022-10-16 12:12:01 [http-nio-8081-exec-9] INFO  com.capstone.aspect.LoggerAspect - *************************************
2022-10-16 12:12:01 [http-nio-8081-exec-9] INFO  com.capstone.aspect.LoggerAspect - Method name: com.capstone.service.EmiServiceImp
2022-10-16 12:12:01 [http-nio-8081-exec-9] INFO  com.capstone.aspect.LoggerAspect - Method arguments:[Ljava.lang.Object;@1e02b022
2022-10-16 12:12:01 [http-nio-8081-exec-9] INFO  com.capstone.aspect.LoggerAspect - *************************************
2022-10-16 12:12:01 [http-nio-8081-exec-9] INFO  com.capstone.aspect.LoggerAspect - During: class com.capstone.service.EmiServiceImp.getEmiData() with arguments=emi [s_no=1, loanaccno=202211011, loan_status=active, emi_amount=15909.827, upcomming_payment_date=2023-01-07, remaining_amount=1480628.0]
2022-10-16 12:12:01 [http-nio-8081-exec-9] INFO  com.capstone.aspect.LoggerAspect - *************************************
2022-10-16 12:12:01 [http-nio-8081-exec-9] INFO  com.capstone.aspect.LoggerAspect - During: class com.capstone.controller.EmiController.getemiofAccount() with arguments=<200 OK OK,emi [s_no=1, loanaccno=202211011, loan_status=active, emi_amount=15909.827, upcomming_payment_date=2023-01-07, remaining_amount=1480628.0],[]>
2022-10-16 12:12:01 [http-nio-8081-exec-9] INFO  com.capstone.aspect.LoggerAspect - *************************************
2022-10-16 12:12:54 [http-nio-8081-exec-10] INFO  com.capstone.aspect.LoggerAspect - Method name: com.capstone.controller.EmiController
2022-10-16 12:12:54 [http-nio-8081-exec-10] INFO  com.capstone.aspect.LoggerAspect - Method arguments:[Ljava.lang.Object;@6ed56d23
2022-10-16 12:12:54 [http-nio-8081-exec-10] INFO  com.capstone.aspect.LoggerAspect - *************************************
2022-10-16 12:12:54 [http-nio-8081-exec-10] INFO  com.capstone.aspect.LoggerAspect - Method name: com.capstone.service.EmiServiceImp
2022-10-16 12:12:54 [http-nio-8081-exec-10] INFO  com.capstone.aspect.LoggerAspect - Method arguments:[Ljava.lang.Object;@60128e89
2022-10-16 12:12:54 [http-nio-8081-exec-10] INFO  com.capstone.aspect.LoggerAspect - *************************************
2022-10-16 12:12:54 [http-nio-8081-exec-10] INFO  com.capstone.aspect.LoggerAspect - During: class com.capstone.service.EmiServiceImp.getEmiData() with arguments=emi [s_no=1, loanaccno=202211011, loan_status=active, emi_amount=15909.827, upcomming_payment_date=2023-01-07, remaining_amount=1480628.0]
2022-10-16 12:12:54 [http-nio-8081-exec-10] INFO  com.capstone.aspect.LoggerAspect - *************************************
2022-10-16 12:12:54 [http-nio-8081-exec-10] INFO  com.capstone.aspect.LoggerAspect - Method name: com.capstone.service.EmiServiceImp
2022-10-16 12:12:54 [http-nio-8081-exec-10] INFO  com.capstone.aspect.LoggerAspect - Method arguments:[Ljava.lang.Object;@209591e5
2022-10-16 12:12:54 [http-nio-8081-exec-10] INFO  com.capstone.aspect.LoggerAspect - *************************************
2022-10-16 12:12:54 [http-nio-8081-exec-10] INFO  com.capstone.aspect.LoggerAspect - During: class com.capstone.service.EmiServiceImp.getEmiData() with arguments=emi [s_no=1, loanaccno=202211011, loan_status=active, emi_amount=15909.827, upcomming_payment_date=2023-01-07, remaining_amount=1480628.0]
2022-10-16 12:12:54 [http-nio-8081-exec-10] INFO  com.capstone.aspect.LoggerAspect - *************************************
2022-10-16 12:12:54 [http-nio-8081-exec-10] INFO  com.capstone.aspect.LoggerAspect - During: class com.capstone.controller.EmiController.getemiofAccount() with arguments=<200 OK OK,emi [s_no=1, loanaccno=202211011, loan_status=active, emi_amount=15909.827, upcomming_payment_date=2023-01-07, remaining_amount=1480628.0],[]>
2022-10-16 12:12:54 [http-nio-8081-exec-10] INFO  com.capstone.aspect.LoggerAspect - *************************************
2022-10-16 12:13:06 [http-nio-8081-exec-1] INFO  com.capstone.aspect.LoggerAspect - Method name: com.capstone.controller.EmiController
2022-10-16 12:13:06 [http-nio-8081-exec-1] INFO  com.capstone.aspect.LoggerAspect - Method arguments:[Ljava.lang.Object;@20e19818
2022-10-16 12:13:06 [http-nio-8081-exec-1] INFO  com.capstone.aspect.LoggerAspect - *************************************
2022-10-16 12:13:06 [http-nio-8081-exec-1] INFO  com.capstone.aspect.LoggerAspect - Method name: com.capstone.service.EmiServiceImp
2022-10-16 12:13:06 [http-nio-8081-exec-1] INFO  com.capstone.aspect.LoggerAspect - Method arguments:[Ljava.lang.Object;@4a44d2ea
2022-10-16 12:13:06 [http-nio-8081-exec-1] INFO  com.capstone.aspect.LoggerAspect - *************************************
2022-10-16 12:13:06 [http-nio-8081-exec-1] INFO  com.capstone.aspect.LoggerAspect - During: class com.capstone.service.EmiServiceImp.getEmiData() with arguments=emi [s_no=1, loanaccno=202211011, loan_status=active, emi_amount=15909.827, upcomming_payment_date=2023-01-07, remaining_amount=1480628.0]
2022-10-16 12:13:06 [http-nio-8081-exec-1] INFO  com.capstone.aspect.LoggerAspect - *************************************
2022-10-16 12:13:06 [http-nio-8081-exec-1] INFO  com.capstone.aspect.LoggerAspect - Method name: com.capstone.service.EmiServiceImp
2022-10-16 12:13:06 [http-nio-8081-exec-1] INFO  com.capstone.aspect.LoggerAspect - Method arguments:[Ljava.lang.Object;@48c64b73
2022-10-16 12:13:06 [http-nio-8081-exec-1] INFO  com.capstone.aspect.LoggerAspect - *************************************
2022-10-16 12:13:06 [http-nio-8081-exec-1] INFO  com.capstone.aspect.LoggerAspect - During: class com.capstone.service.EmiServiceImp.getEmiData() with arguments=emi [s_no=1, loanaccno=202211011, loan_status=active, emi_amount=15909.827, upcomming_payment_date=2023-01-07, remaining_amount=1480628.0]
2022-10-16 12:13:06 [http-nio-8081-exec-1] INFO  com.capstone.aspect.LoggerAspect - *************************************
2022-10-16 12:13:06 [http-nio-8081-exec-1] INFO  com.capstone.aspect.LoggerAspect - During: class com.capstone.controller.EmiController.getemiofAccount() with arguments=<200 OK OK,emi [s_no=1, loanaccno=202211011, loan_status=active, emi_amount=15909.827, upcomming_payment_date=2023-01-07, remaining_amount=1480628.0],[]>
2022-10-16 12:13:06 [http-nio-8081-exec-1] INFO  com.capstone.aspect.LoggerAspect - *************************************
2022-10-16 12:14:29 [AsyncResolver-bootstrap-executor-0] INFO  c.n.d.s.r.aws.ConfigClusterResolver - Resolving eureka endpoints via configuration
2022-10-16 12:14:45 [http-nio-8081-exec-3] INFO  com.capstone.aspect.LoggerAspect - Method name: com.capstone.controller.EmiController
2022-10-16 12:14:45 [http-nio-8081-exec-3] INFO  com.capstone.aspect.LoggerAspect - Method arguments:[Ljava.lang.Object;@7614e697
2022-10-16 12:14:45 [http-nio-8081-exec-3] INFO  com.capstone.aspect.LoggerAspect - *************************************
2022-10-16 12:14:45 [http-nio-8081-exec-3] INFO  com.capstone.aspect.LoggerAspect - Method name: com.capstone.service.EmiServiceImp
2022-10-16 12:14:45 [http-nio-8081-exec-3] INFO  com.capstone.aspect.LoggerAspect - Method arguments:[Ljava.lang.Object;@66beedb4
2022-10-16 12:14:45 [http-nio-8081-exec-3] INFO  com.capstone.aspect.LoggerAspect - *************************************
2022-10-16 12:14:45 [http-nio-8081-exec-3] INFO  com.capstone.aspect.LoggerAspect - During: class com.capstone.service.EmiServiceImp.getEmiData() with arguments=emi [s_no=1, loanaccno=202211011, loan_status=active, emi_amount=15909.827, upcomming_payment_date=2023-01-07, remaining_amount=1480628.0]
2022-10-16 12:14:45 [http-nio-8081-exec-3] INFO  com.capstone.aspect.LoggerAspect - *************************************
2022-10-16 12:14:45 [http-nio-8081-exec-3] INFO  com.capstone.aspect.LoggerAspect - Method name: com.capstone.service.EmiServiceImp
2022-10-16 12:14:45 [http-nio-8081-exec-3] INFO  com.capstone.aspect.LoggerAspect - Method arguments:[Ljava.lang.Object;@619f6b43
2022-10-16 12:14:45 [http-nio-8081-exec-3] INFO  com.capstone.aspect.LoggerAspect - *************************************
2022-10-16 12:14:45 [http-nio-8081-exec-3] INFO  com.capstone.aspect.LoggerAspect - During: class com.capstone.service.EmiServiceImp.getEmiData() with arguments=emi [s_no=1, loanaccno=202211011, loan_status=active, emi_amount=15909.827, upcomming_payment_date=2023-01-07, remaining_amount=1480628.0]
2022-10-16 12:14:45 [http-nio-8081-exec-3] INFO  com.capstone.aspect.LoggerAspect - *************************************
2022-10-16 12:14:45 [http-nio-8081-exec-3] INFO  com.capstone.aspect.LoggerAspect - During: class com.capstone.controller.EmiController.getemiofAccount() with arguments=<200 OK OK,emi [s_no=1, loanaccno=202211011, loan_status=active, emi_amount=15909.827, upcomming_payment_date=2023-01-07, remaining_amount=1480628.0],[]>
2022-10-16 12:14:45 [http-nio-8081-exec-3] INFO  com.capstone.aspect.LoggerAspect - *************************************
2022-10-16 12:14:46 [http-nio-8081-exec-4] INFO  com.capstone.aspect.LoggerAspect - Method name: com.capstone.controller.EmiController
2022-10-16 12:14:46 [http-nio-8081-exec-4] INFO  com.capstone.aspect.LoggerAspect - Method arguments:[Ljava.lang.Object;@32119c80
2022-10-16 12:14:46 [http-nio-8081-exec-4] INFO  com.capstone.aspect.LoggerAspect - *************************************
2022-10-16 12:14:46 [http-nio-8081-exec-4] INFO  com.capstone.aspect.LoggerAspect - Method name: com.capstone.service.EmiServiceImp
2022-10-16 12:14:46 [http-nio-8081-exec-4] INFO  com.capstone.aspect.LoggerAspect - Method arguments:[Ljava.lang.Object;@68b2c6f6
2022-10-16 12:14:46 [http-nio-8081-exec-4] INFO  com.capstone.aspect.LoggerAspect - *************************************
2022-10-16 12:14:46 [http-nio-8081-exec-4] INFO  com.capstone.aspect.LoggerAspect - During: class com.capstone.service.EmiServiceImp.getEmiData() with arguments=emi [s_no=1, loanaccno=202211011, loan_status=active, emi_amount=15909.827, upcomming_payment_date=2023-01-07, remaining_amount=1480628.0]
2022-10-16 12:14:46 [http-nio-8081-exec-4] INFO  com.capstone.aspect.LoggerAspect - *************************************
2022-10-16 12:14:46 [http-nio-8081-exec-4] INFO  com.capstone.aspect.LoggerAspect - Method name: com.capstone.service.EmiServiceImp
2022-10-16 12:14:46 [http-nio-8081-exec-4] INFO  com.capstone.aspect.LoggerAspect - Method arguments:[Ljava.lang.Object;@47773749
2022-10-16 12:14:46 [http-nio-8081-exec-4] INFO  com.capstone.aspect.LoggerAspect - *************************************
2022-10-16 12:14:46 [http-nio-8081-exec-4] INFO  com.capstone.aspect.LoggerAspect - During: class com.capstone.service.EmiServiceImp.getEmiData() with arguments=emi [s_no=1, loanaccno=202211011, loan_status=active, emi_amount=15909.827, upcomming_payment_date=2023-01-07, remaining_amount=1480628.0]
2022-10-16 12:14:46 [http-nio-8081-exec-4] INFO  com.capstone.aspect.LoggerAspect - *************************************
2022-10-16 12:14:46 [http-nio-8081-exec-4] INFO  com.capstone.aspect.LoggerAspect - During: class com.capstone.controller.EmiController.getemiofAccount() with arguments=<200 OK OK,emi [s_no=1, loanaccno=202211011, loan_status=active, emi_amount=15909.827, upcomming_payment_date=2023-01-07, remaining_amount=1480628.0],[]>
2022-10-16 12:14:46 [http-nio-8081-exec-4] INFO  com.capstone.aspect.LoggerAspect - *************************************
2022-10-16 12:15:17 [http-nio-8081-exec-5] INFO  com.capstone.aspect.LoggerAspect - Method name: com.capstone.controller.EmiController
2022-10-16 12:15:17 [http-nio-8081-exec-5] INFO  com.capstone.aspect.LoggerAspect - Method arguments:[Ljava.lang.Object;@1a278da9
2022-10-16 12:15:17 [http-nio-8081-exec-5] INFO  com.capstone.aspect.LoggerAspect - *************************************
2022-10-16 12:15:17 [http-nio-8081-exec-5] INFO  com.capstone.aspect.LoggerAspect - Method name: com.capstone.service.EmiServiceImp
2022-10-16 12:15:17 [http-nio-8081-exec-5] INFO  com.capstone.aspect.LoggerAspect - Method arguments:[Ljava.lang.Object;@14e0709d
2022-10-16 12:15:17 [http-nio-8081-exec-5] INFO  com.capstone.aspect.LoggerAspect - *************************************
2022-10-16 12:15:17 [http-nio-8081-exec-5] INFO  com.capstone.aspect.LoggerAspect - During: class com.capstone.service.EmiServiceImp.getEmiData() with arguments=emi [s_no=1, loanaccno=202211011, loan_status=active, emi_amount=15909.827, upcomming_payment_date=2023-01-07, remaining_amount=1480628.0]
2022-10-16 12:15:17 [http-nio-8081-exec-5] INFO  com.capstone.aspect.LoggerAspect - *************************************
2022-10-16 12:15:17 [http-nio-8081-exec-5] INFO  com.capstone.aspect.LoggerAspect - Method name: com.capstone.service.EmiServiceImp
2022-10-16 12:15:17 [http-nio-8081-exec-5] INFO  com.capstone.aspect.LoggerAspect - Method arguments:[Ljava.lang.Object;@3d1a1076
2022-10-16 12:15:17 [http-nio-8081-exec-5] INFO  com.capstone.aspect.LoggerAspect - *************************************
2022-10-16 12:15:17 [http-nio-8081-exec-5] INFO  com.capstone.aspect.LoggerAspect - During: class com.capstone.service.EmiServiceImp.getEmiData() with arguments=emi [s_no=1, loanaccno=202211011, loan_status=active, emi_amount=15909.827, upcomming_payment_date=2023-01-07, remaining_amount=1480628.0]
2022-10-16 12:15:17 [http-nio-8081-exec-5] INFO  com.capstone.aspect.LoggerAspect - *************************************
2022-10-16 12:15:17 [http-nio-8081-exec-5] INFO  com.capstone.aspect.LoggerAspect - During: class com.capstone.controller.EmiController.getemiofAccount() with arguments=<200 OK OK,emi [s_no=1, loanaccno=202211011, loan_status=active, emi_amount=15909.827, upcomming_payment_date=2023-01-07, remaining_amount=1480628.0],[]>
2022-10-16 12:15:17 [http-nio-8081-exec-5] INFO  com.capstone.aspect.LoggerAspect - *************************************
2022-10-16 12:15:19 [http-nio-8081-exec-6] INFO  com.capstone.aspect.LoggerAspect - Method name: com.capstone.controller.EmiController
2022-10-16 12:15:19 [http-nio-8081-exec-6] INFO  com.capstone.aspect.LoggerAspect - Method arguments:[Ljava.lang.Object;@45485f0f
2022-10-16 12:15:19 [http-nio-8081-exec-6] INFO  com.capstone.aspect.LoggerAspect - *************************************
2022-10-16 12:15:19 [http-nio-8081-exec-6] INFO  com.capstone.aspect.LoggerAspect - Method name: com.capstone.service.EmiServiceImp
2022-10-16 12:15:19 [http-nio-8081-exec-6] INFO  com.capstone.aspect.LoggerAspect - Method arguments:[Ljava.lang.Object;@300cab7b
2022-10-16 12:15:19 [http-nio-8081-exec-6] INFO  com.capstone.aspect.LoggerAspect - *************************************
2022-10-16 12:15:19 [http-nio-8081-exec-6] INFO  com.capstone.aspect.LoggerAspect - During: class com.capstone.service.EmiServiceImp.getEmiData() with arguments=emi [s_no=1, loanaccno=202211011, loan_status=active, emi_amount=15909.827, upcomming_payment_date=2023-01-07, remaining_amount=1480628.0]
2022-10-16 12:15:19 [http-nio-8081-exec-6] INFO  com.capstone.aspect.LoggerAspect - *************************************
2022-10-16 12:15:19 [http-nio-8081-exec-6] INFO  com.capstone.aspect.LoggerAspect - Method name: com.capstone.service.EmiServiceImp
2022-10-16 12:15:19 [http-nio-8081-exec-6] INFO  com.capstone.aspect.LoggerAspect - Method arguments:[Ljava.lang.Object;@7585985e
2022-10-16 12:15:19 [http-nio-8081-exec-6] INFO  com.capstone.aspect.LoggerAspect - *************************************
2022-10-16 12:15:19 [http-nio-8081-exec-6] INFO  com.capstone.aspect.LoggerAspect - During: class com.capstone.service.EmiServiceImp.getEmiData() with arguments=emi [s_no=1, loanaccno=202211011, loan_status=active, emi_amount=15909.827, upcomming_payment_date=2023-01-07, remaining_amount=1480628.0]
2022-10-16 12:15:19 [http-nio-8081-exec-6] INFO  com.capstone.aspect.LoggerAspect - *************************************
2022-10-16 12:15:19 [http-nio-8081-exec-6] INFO  com.capstone.aspect.LoggerAspect - During: class com.capstone.controller.EmiController.getemiofAccount() with arguments=<200 OK OK,emi [s_no=1, loanaccno=202211011, loan_status=active, emi_amount=15909.827, upcomming_payment_date=2023-01-07, remaining_amount=1480628.0],[]>
2022-10-16 12:15:19 [http-nio-8081-exec-6] INFO  com.capstone.aspect.LoggerAspect - *************************************
2022-10-16 12:16:13 [http-nio-8081-exec-7] INFO  com.capstone.aspect.LoggerAspect - Method name: com.capstone.controller.EmiController
2022-10-16 12:16:13 [http-nio-8081-exec-7] INFO  com.capstone.aspect.LoggerAspect - Method arguments:[Ljava.lang.Object;@1f97f8d0
2022-10-16 12:16:13 [http-nio-8081-exec-7] INFO  com.capstone.aspect.LoggerAspect - *************************************
2022-10-16 12:16:13 [http-nio-8081-exec-7] INFO  com.capstone.aspect.LoggerAspect - Method name: com.capstone.service.EmiServiceImp
2022-10-16 12:16:13 [http-nio-8081-exec-7] INFO  com.capstone.aspect.LoggerAspect - Method arguments:[Ljava.lang.Object;@20f4b6c3
2022-10-16 12:16:13 [http-nio-8081-exec-7] INFO  com.capstone.aspect.LoggerAspect - *************************************
2022-10-16 12:16:13 [http-nio-8081-exec-7] INFO  com.capstone.aspect.LoggerAspect - During: class com.capstone.service.EmiServiceImp.getEmiData() with arguments=emi [s_no=1, loanaccno=202211011, loan_status=active, emi_amount=15909.827, upcomming_payment_date=2023-01-07, remaining_amount=1480628.0]
2022-10-16 12:16:13 [http-nio-8081-exec-7] INFO  com.capstone.aspect.LoggerAspect - *************************************
2022-10-16 12:16:13 [http-nio-8081-exec-7] INFO  com.capstone.aspect.LoggerAspect - Method name: com.capstone.service.EmiServiceImp
2022-10-16 12:16:13 [http-nio-8081-exec-7] INFO  com.capstone.aspect.LoggerAspect - Method arguments:[Ljava.lang.Object;@1d8b8d22
2022-10-16 12:16:13 [http-nio-8081-exec-7] INFO  com.capstone.aspect.LoggerAspect - *************************************
2022-10-16 12:16:13 [http-nio-8081-exec-7] INFO  com.capstone.aspect.LoggerAspect - During: class com.capstone.service.EmiServiceImp.getEmiData() with arguments=emi [s_no=1, loanaccno=202211011, loan_status=active, emi_amount=15909.827, upcomming_payment_date=2023-01-07, remaining_amount=1480628.0]
2022-10-16 12:16:13 [http-nio-8081-exec-7] INFO  com.capstone.aspect.LoggerAspect - *************************************
2022-10-16 12:16:13 [http-nio-8081-exec-7] INFO  com.capstone.aspect.LoggerAspect - During: class com.capstone.controller.EmiController.getemiofAccount() with arguments=<200 OK OK,emi [s_no=1, loanaccno=202211011, loan_status=active, emi_amount=15909.827, upcomming_payment_date=2023-01-07, remaining_amount=1480628.0],[]>
2022-10-16 12:16:13 [http-nio-8081-exec-7] INFO  com.capstone.aspect.LoggerAspect - *************************************
2022-10-16 12:16:15 [http-nio-8081-exec-8] INFO  com.capstone.aspect.LoggerAspect - Method name: com.capstone.controller.EmiController
2022-10-16 12:16:15 [http-nio-8081-exec-8] INFO  com.capstone.aspect.LoggerAspect - Method arguments:[Ljava.lang.Object;@70363c9a
2022-10-16 12:16:15 [http-nio-8081-exec-8] INFO  com.capstone.aspect.LoggerAspect - *************************************
2022-10-16 12:16:15 [http-nio-8081-exec-8] INFO  com.capstone.aspect.LoggerAspect - Method name: com.capstone.service.EmiServiceImp
2022-10-16 12:16:15 [http-nio-8081-exec-8] INFO  com.capstone.aspect.LoggerAspect - Method arguments:[Ljava.lang.Object;@7ef1ccec
2022-10-16 12:16:15 [http-nio-8081-exec-8] INFO  com.capstone.aspect.LoggerAspect - *************************************
2022-10-16 12:16:15 [http-nio-8081-exec-8] INFO  com.capstone.aspect.LoggerAspect - During: class com.capstone.service.EmiServiceImp.getEmiData() with arguments=emi [s_no=1, loanaccno=202211011, loan_status=active, emi_amount=15909.827, upcomming_payment_date=2023-01-07, remaining_amount=1480628.0]
2022-10-16 12:16:15 [http-nio-8081-exec-8] INFO  com.capstone.aspect.LoggerAspect - *************************************
2022-10-16 12:16:15 [http-nio-8081-exec-8] INFO  com.capstone.aspect.LoggerAspect - Method name: com.capstone.service.EmiServiceImp
2022-10-16 12:16:15 [http-nio-8081-exec-8] INFO  com.capstone.aspect.LoggerAspect - Method arguments:[Ljava.lang.Object;@1ee88eca
2022-10-16 12:16:15 [http-nio-8081-exec-8] INFO  com.capstone.aspect.LoggerAspect - *************************************
2022-10-16 12:16:15 [http-nio-8081-exec-8] INFO  com.capstone.aspect.LoggerAspect - During: class com.capstone.service.EmiServiceImp.getEmiData() with arguments=emi [s_no=1, loanaccno=202211011, loan_status=active, emi_amount=15909.827, upcomming_payment_date=2023-01-07, remaining_amount=1480628.0]
2022-10-16 12:16:15 [http-nio-8081-exec-8] INFO  com.capstone.aspect.LoggerAspect - *************************************
2022-10-16 12:16:15 [http-nio-8081-exec-8] INFO  com.capstone.aspect.LoggerAspect - During: class com.capstone.controller.EmiController.getemiofAccount() with arguments=<200 OK OK,emi [s_no=1, loanaccno=202211011, loan_status=active, emi_amount=15909.827, upcomming_payment_date=2023-01-07, remaining_amount=1480628.0],[]>
2022-10-16 12:16:15 [http-nio-8081-exec-8] INFO  com.capstone.aspect.LoggerAspect - *************************************
2022-10-16 12:17:15 [http-nio-8081-exec-9] INFO  com.capstone.aspect.LoggerAspect - Method name: com.capstone.controller.EmiController
2022-10-16 12:17:15 [http-nio-8081-exec-9] INFO  com.capstone.aspect.LoggerAspect - Method arguments:[Ljava.lang.Object;@73c8018f
2022-10-16 12:17:15 [http-nio-8081-exec-9] INFO  com.capstone.aspect.LoggerAspect - *************************************
2022-10-16 12:17:15 [http-nio-8081-exec-9] INFO  com.capstone.aspect.LoggerAspect - Method name: com.capstone.service.EmiServiceImp
2022-10-16 12:17:15 [http-nio-8081-exec-9] INFO  com.capstone.aspect.LoggerAspect - Method arguments:[Ljava.lang.Object;@79fd675e
2022-10-16 12:17:15 [http-nio-8081-exec-9] INFO  com.capstone.aspect.LoggerAspect - *************************************
2022-10-16 12:17:15 [http-nio-8081-exec-9] INFO  com.capstone.aspect.LoggerAspect - During: class com.capstone.service.EmiServiceImp.getEmiData() with arguments=emi [s_no=1, loanaccno=202211011, loan_status=active, emi_amount=15909.827, upcomming_payment_date=2023-01-07, remaining_amount=1480628.0]
2022-10-16 12:17:15 [http-nio-8081-exec-9] INFO  com.capstone.aspect.LoggerAspect - *************************************
2022-10-16 12:17:15 [http-nio-8081-exec-9] INFO  com.capstone.aspect.LoggerAspect - Method name: com.capstone.service.EmiServiceImp
2022-10-16 12:17:15 [http-nio-8081-exec-9] INFO  com.capstone.aspect.LoggerAspect - Method arguments:[Ljava.lang.Object;@19127c19
2022-10-16 12:17:15 [http-nio-8081-exec-9] INFO  com.capstone.aspect.LoggerAspect - *************************************
2022-10-16 12:17:15 [http-nio-8081-exec-9] INFO  com.capstone.aspect.LoggerAspect - During: class com.capstone.service.EmiServiceImp.getEmiData() with arguments=emi [s_no=1, loanaccno=202211011, loan_status=active, emi_amount=15909.827, upcomming_payment_date=2023-01-07, remaining_amount=1480628.0]
2022-10-16 12:17:15 [http-nio-8081-exec-9] INFO  com.capstone.aspect.LoggerAspect - *************************************
2022-10-16 12:17:15 [http-nio-8081-exec-9] INFO  com.capstone.aspect.LoggerAspect - During: class com.capstone.controller.EmiController.getemiofAccount() with arguments=<200 OK OK,emi [s_no=1, loanaccno=202211011, loan_status=active, emi_amount=15909.827, upcomming_payment_date=2023-01-07, remaining_amount=1480628.0],[]>
2022-10-16 12:17:15 [http-nio-8081-exec-9] INFO  com.capstone.aspect.LoggerAspect - *************************************
2022-10-16 12:17:17 [http-nio-8081-exec-10] INFO  com.capstone.aspect.LoggerAspect - Method name: com.capstone.controller.EmiController
2022-10-16 12:17:17 [http-nio-8081-exec-10] INFO  com.capstone.aspect.LoggerAspect - Method arguments:[Ljava.lang.Object;@6dcd1c88
2022-10-16 12:17:17 [http-nio-8081-exec-10] INFO  com.capstone.aspect.LoggerAspect - *************************************
2022-10-16 12:17:17 [http-nio-8081-exec-10] INFO  com.capstone.aspect.LoggerAspect - Method name: com.capstone.service.EmiServiceImp
2022-10-16 12:17:17 [http-nio-8081-exec-10] INFO  com.capstone.aspect.LoggerAspect - Method arguments:[Ljava.lang.Object;@78f6769c
2022-10-16 12:17:17 [http-nio-8081-exec-10] INFO  com.capstone.aspect.LoggerAspect - *************************************
2022-10-16 12:17:17 [http-nio-8081-exec-10] INFO  com.capstone.aspect.LoggerAspect - During: class com.capstone.service.EmiServiceImp.getEmiData() with arguments=emi [s_no=1, loanaccno=202211011, loan_status=active, emi_amount=15909.827, upcomming_payment_date=2023-01-07, remaining_amount=1480628.0]
2022-10-16 12:17:17 [http-nio-8081-exec-10] INFO  com.capstone.aspect.LoggerAspect - *************************************
2022-10-16 12:17:17 [http-nio-8081-exec-10] INFO  com.capstone.aspect.LoggerAspect - Method name: com.capstone.service.EmiServiceImp
2022-10-16 12:17:17 [http-nio-8081-exec-10] INFO  com.capstone.aspect.LoggerAspect - Method arguments:[Ljava.lang.Object;@37409dad
2022-10-16 12:17:17 [http-nio-8081-exec-10] INFO  com.capstone.aspect.LoggerAspect - *************************************
2022-10-16 12:17:17 [http-nio-8081-exec-10] INFO  com.capstone.aspect.LoggerAspect - During: class com.capstone.service.EmiServiceImp.getEmiData() with arguments=emi [s_no=1, loanaccno=202211011, loan_status=active, emi_amount=15909.827, upcomming_payment_date=2023-01-07, remaining_amount=1480628.0]
2022-10-16 12:17:17 [http-nio-8081-exec-10] INFO  com.capstone.aspect.LoggerAspect - *************************************
2022-10-16 12:17:17 [http-nio-8081-exec-10] INFO  com.capstone.aspect.LoggerAspect - During: class com.capstone.controller.EmiController.getemiofAccount() with arguments=<200 OK OK,emi [s_no=1, loanaccno=202211011, loan_status=active, emi_amount=15909.827, upcomming_payment_date=2023-01-07, remaining_amount=1480628.0],[]>
2022-10-16 12:17:17 [http-nio-8081-exec-10] INFO  com.capstone.aspect.LoggerAspect - *************************************
2022-10-16 12:17:35 [http-nio-8081-exec-1] INFO  com.capstone.aspect.LoggerAspect - Method name: com.capstone.controller.EmiController
2022-10-16 12:17:35 [http-nio-8081-exec-1] INFO  com.capstone.aspect.LoggerAspect - Method arguments:[Ljava.lang.Object;@48a2efa2
2022-10-16 12:17:35 [http-nio-8081-exec-1] INFO  com.capstone.aspect.LoggerAspect - *************************************
2022-10-16 12:17:35 [http-nio-8081-exec-1] INFO  com.capstone.aspect.LoggerAspect - Method name: com.capstone.service.EmiServiceImp
2022-10-16 12:17:35 [http-nio-8081-exec-1] INFO  com.capstone.aspect.LoggerAspect - Method arguments:[Ljava.lang.Object;@4c2ef893
2022-10-16 12:17:35 [http-nio-8081-exec-1] INFO  com.capstone.aspect.LoggerAspect - *************************************
2022-10-16 12:17:36 [http-nio-8081-exec-1] INFO  com.capstone.aspect.LoggerAspect - During: class com.capstone.service.EmiServiceImp.getEmiData() with arguments=emi [s_no=1, loanaccno=202211011, loan_status=active, emi_amount=15909.827, upcomming_payment_date=2023-01-07, remaining_amount=1480628.0]
2022-10-16 12:17:36 [http-nio-8081-exec-1] INFO  com.capstone.aspect.LoggerAspect - *************************************
2022-10-16 12:17:36 [http-nio-8081-exec-1] INFO  com.capstone.aspect.LoggerAspect - Method name: com.capstone.service.EmiServiceImp
2022-10-16 12:17:36 [http-nio-8081-exec-1] INFO  com.capstone.aspect.LoggerAspect - Method arguments:[Ljava.lang.Object;@5d589e2
2022-10-16 12:17:36 [http-nio-8081-exec-1] INFO  com.capstone.aspect.LoggerAspect - *************************************
2022-10-16 12:17:36 [http-nio-8081-exec-1] INFO  com.capstone.aspect.LoggerAspect - During: class com.capstone.service.EmiServiceImp.getEmiData() with arguments=emi [s_no=1, loanaccno=202211011, loan_status=active, emi_amount=15909.827, upcomming_payment_date=2023-01-07, remaining_amount=1480628.0]
2022-10-16 12:17:36 [http-nio-8081-exec-1] INFO  com.capstone.aspect.LoggerAspect - *************************************
2022-10-16 12:17:36 [http-nio-8081-exec-1] INFO  com.capstone.aspect.LoggerAspect - During: class com.capstone.controller.EmiController.getemiofAccount() with arguments=<200 OK OK,emi [s_no=1, loanaccno=202211011, loan_status=active, emi_amount=15909.827, upcomming_payment_date=2023-01-07, remaining_amount=1480628.0],[]>
2022-10-16 12:17:36 [http-nio-8081-exec-1] INFO  com.capstone.aspect.LoggerAspect - *************************************
2022-10-16 12:19:29 [AsyncResolver-bootstrap-executor-0] INFO  c.n.d.s.r.aws.ConfigClusterResolver - Resolving eureka endpoints via configuration
2022-10-16 12:20:07 [http-nio-8081-exec-3] INFO  com.capstone.aspect.LoggerAspect - Method name: com.capstone.controller.EmiController
2022-10-16 12:20:07 [http-nio-8081-exec-3] INFO  com.capstone.aspect.LoggerAspect - Method arguments:[Ljava.lang.Object;@196cc989
2022-10-16 12:20:07 [http-nio-8081-exec-3] INFO  com.capstone.aspect.LoggerAspect - *************************************
2022-10-16 12:20:07 [http-nio-8081-exec-3] INFO  com.capstone.aspect.LoggerAspect - Method name: com.capstone.service.EmiServiceImp
2022-10-16 12:20:07 [http-nio-8081-exec-3] INFO  com.capstone.aspect.LoggerAspect - Method arguments:[Ljava.lang.Object;@2c0091a7
2022-10-16 12:20:07 [http-nio-8081-exec-3] INFO  com.capstone.aspect.LoggerAspect - *************************************
2022-10-16 12:20:07 [http-nio-8081-exec-3] INFO  com.capstone.aspect.LoggerAspect - During: class com.capstone.service.EmiServiceImp.getEmiData() with arguments=emi [s_no=1, loanaccno=202211011, loan_status=active, emi_amount=15909.827, upcomming_payment_date=2023-01-07, remaining_amount=1480628.0]
2022-10-16 12:20:07 [http-nio-8081-exec-3] INFO  com.capstone.aspect.LoggerAspect - *************************************
2022-10-16 12:20:07 [http-nio-8081-exec-3] INFO  com.capstone.aspect.LoggerAspect - Method name: com.capstone.service.EmiServiceImp
2022-10-16 12:20:07 [http-nio-8081-exec-3] INFO  com.capstone.aspect.LoggerAspect - Method arguments:[Ljava.lang.Object;@2f24293a
2022-10-16 12:20:07 [http-nio-8081-exec-3] INFO  com.capstone.aspect.LoggerAspect - *************************************
2022-10-16 12:20:07 [http-nio-8081-exec-3] INFO  com.capstone.aspect.LoggerAspect - During: class com.capstone.service.EmiServiceImp.getEmiData() with arguments=emi [s_no=1, loanaccno=202211011, loan_status=active, emi_amount=15909.827, upcomming_payment_date=2023-01-07, remaining_amount=1480628.0]
2022-10-16 12:20:07 [http-nio-8081-exec-3] INFO  com.capstone.aspect.LoggerAspect - *************************************
2022-10-16 12:20:07 [http-nio-8081-exec-3] INFO  com.capstone.aspect.LoggerAspect - During: class com.capstone.controller.EmiController.getemiofAccount() with arguments=<200 OK OK,emi [s_no=1, loanaccno=202211011, loan_status=active, emi_amount=15909.827, upcomming_payment_date=2023-01-07, remaining_amount=1480628.0],[]>
2022-10-16 12:20:07 [http-nio-8081-exec-3] INFO  com.capstone.aspect.LoggerAspect - *************************************
2022-10-16 12:20:09 [http-nio-8081-exec-4] INFO  com.capstone.aspect.LoggerAspect - Method name: com.capstone.controller.EmiController
2022-10-16 12:20:09 [http-nio-8081-exec-4] INFO  com.capstone.aspect.LoggerAspect - Method arguments:[Ljava.lang.Object;@478bfe88
2022-10-16 12:20:09 [http-nio-8081-exec-4] INFO  com.capstone.aspect.LoggerAspect - *************************************
2022-10-16 12:20:09 [http-nio-8081-exec-4] INFO  com.capstone.aspect.LoggerAspect - Method name: com.capstone.service.EmiServiceImp
2022-10-16 12:20:09 [http-nio-8081-exec-4] INFO  com.capstone.aspect.LoggerAspect - Method arguments:[Ljava.lang.Object;@152fccf9
2022-10-16 12:20:09 [http-nio-8081-exec-4] INFO  com.capstone.aspect.LoggerAspect - *************************************
2022-10-16 12:20:09 [http-nio-8081-exec-4] INFO  com.capstone.aspect.LoggerAspect - During: class com.capstone.service.EmiServiceImp.getEmiData() with arguments=emi [s_no=1, loanaccno=202211011, loan_status=active, emi_amount=15909.827, upcomming_payment_date=2023-01-07, remaining_amount=1480628.0]
2022-10-16 12:20:09 [http-nio-8081-exec-4] INFO  com.capstone.aspect.LoggerAspect - *************************************
2022-10-16 12:20:09 [http-nio-8081-exec-4] INFO  com.capstone.aspect.LoggerAspect - Method name: com.capstone.service.EmiServiceImp
2022-10-16 12:20:09 [http-nio-8081-exec-4] INFO  com.capstone.aspect.LoggerAspect - Method arguments:[Ljava.lang.Object;@65bf55a0
2022-10-16 12:20:09 [http-nio-8081-exec-4] INFO  com.capstone.aspect.LoggerAspect - *************************************
2022-10-16 12:20:09 [http-nio-8081-exec-4] INFO  com.capstone.aspect.LoggerAspect - During: class com.capstone.service.EmiServiceImp.getEmiData() with arguments=emi [s_no=1, loanaccno=202211011, loan_status=active, emi_amount=15909.827, upcomming_payment_date=2023-01-07, remaining_amount=1480628.0]
2022-10-16 12:20:09 [http-nio-8081-exec-4] INFO  com.capstone.aspect.LoggerAspect - *************************************
2022-10-16 12:20:09 [http-nio-8081-exec-4] INFO  com.capstone.aspect.LoggerAspect - During: class com.capstone.controller.EmiController.getemiofAccount() with arguments=<200 OK OK,emi [s_no=1, loanaccno=202211011, loan_status=active, emi_amount=15909.827, upcomming_payment_date=2023-01-07, remaining_amount=1480628.0],[]>
2022-10-16 12:20:09 [http-nio-8081-exec-4] INFO  com.capstone.aspect.LoggerAspect - *************************************
2022-10-16 12:21:28 [http-nio-8081-exec-6] INFO  com.capstone.aspect.LoggerAspect - Method name: com.capstone.controller.EmiController
2022-10-16 12:21:28 [http-nio-8081-exec-6] INFO  com.capstone.aspect.LoggerAspect - Method arguments:[Ljava.lang.Object;@36094cdc
2022-10-16 12:21:28 [http-nio-8081-exec-6] INFO  com.capstone.aspect.LoggerAspect - *************************************
2022-10-16 12:21:28 [http-nio-8081-exec-6] INFO  com.capstone.aspect.LoggerAspect - Method name: com.capstone.service.EmiServiceImp
2022-10-16 12:21:28 [http-nio-8081-exec-6] INFO  com.capstone.aspect.LoggerAspect - Method arguments:[Ljava.lang.Object;@2d61a1a6
2022-10-16 12:21:28 [http-nio-8081-exec-6] INFO  com.capstone.aspect.LoggerAspect - *************************************
2022-10-16 12:21:28 [http-nio-8081-exec-6] INFO  com.capstone.aspect.LoggerAspect - During: class com.capstone.service.EmiServiceImp.getEmiData() with arguments=emi [s_no=1, loanaccno=202211011, loan_status=active, emi_amount=15909.827, upcomming_payment_date=2023-01-07, remaining_amount=1480628.0]
2022-10-16 12:21:28 [http-nio-8081-exec-6] INFO  com.capstone.aspect.LoggerAspect - *************************************
2022-10-16 12:21:28 [http-nio-8081-exec-6] INFO  com.capstone.aspect.LoggerAspect - Method name: com.capstone.service.EmiServiceImp
2022-10-16 12:21:28 [http-nio-8081-exec-6] INFO  com.capstone.aspect.LoggerAspect - Method arguments:[Ljava.lang.Object;@403e838
2022-10-16 12:21:28 [http-nio-8081-exec-6] INFO  com.capstone.aspect.LoggerAspect - *************************************
2022-10-16 12:21:28 [http-nio-8081-exec-6] INFO  com.capstone.aspect.LoggerAspect - During: class com.capstone.service.EmiServiceImp.getEmiData() with arguments=emi [s_no=1, loanaccno=202211011, loan_status=active, emi_amount=15909.827, upcomming_payment_date=2023-01-07, remaining_amount=1480628.0]
2022-10-16 12:21:28 [http-nio-8081-exec-6] INFO  com.capstone.aspect.LoggerAspect - *************************************
2022-10-16 12:21:28 [http-nio-8081-exec-6] INFO  com.capstone.aspect.LoggerAspect - During: class com.capstone.controller.EmiController.getemiofAccount() with arguments=<200 OK OK,emi [s_no=1, loanaccno=202211011, loan_status=active, emi_amount=15909.827, upcomming_payment_date=2023-01-07, remaining_amount=1480628.0],[]>
2022-10-16 12:21:28 [http-nio-8081-exec-6] INFO  com.capstone.aspect.LoggerAspect - *************************************
2022-10-16 12:21:29 [http-nio-8081-exec-7] INFO  com.capstone.aspect.LoggerAspect - Method name: com.capstone.controller.EmiController
2022-10-16 12:21:29 [http-nio-8081-exec-7] INFO  com.capstone.aspect.LoggerAspect - Method arguments:[Ljava.lang.Object;@ea8484a
2022-10-16 12:21:29 [http-nio-8081-exec-7] INFO  com.capstone.aspect.LoggerAspect - *************************************
2022-10-16 12:21:29 [http-nio-8081-exec-7] INFO  com.capstone.aspect.LoggerAspect - Method name: com.capstone.service.EmiServiceImp
2022-10-16 12:21:29 [http-nio-8081-exec-7] INFO  com.capstone.aspect.LoggerAspect - Method arguments:[Ljava.lang.Object;@5050adfe
2022-10-16 12:21:29 [http-nio-8081-exec-7] INFO  com.capstone.aspect.LoggerAspect - *************************************
2022-10-16 12:21:29 [http-nio-8081-exec-7] INFO  com.capstone.aspect.LoggerAspect - During: class com.capstone.service.EmiServiceImp.getEmiData() with arguments=emi [s_no=1, loanaccno=202211011, loan_status=active, emi_amount=15909.827, upcomming_payment_date=2023-01-07, remaining_amount=1480628.0]
2022-10-16 12:21:29 [http-nio-8081-exec-7] INFO  com.capstone.aspect.LoggerAspect - *************************************
2022-10-16 12:21:29 [http-nio-8081-exec-7] INFO  com.capstone.aspect.LoggerAspect - Method name: com.capstone.service.EmiServiceImp
2022-10-16 12:21:29 [http-nio-8081-exec-7] INFO  com.capstone.aspect.LoggerAspect - Method arguments:[Ljava.lang.Object;@4717473d
2022-10-16 12:21:29 [http-nio-8081-exec-7] INFO  com.capstone.aspect.LoggerAspect - *************************************
2022-10-16 12:21:29 [http-nio-8081-exec-7] INFO  com.capstone.aspect.LoggerAspect - During: class com.capstone.service.EmiServiceImp.getEmiData() with arguments=emi [s_no=1, loanaccno=202211011, loan_status=active, emi_amount=15909.827, upcomming_payment_date=2023-01-07, remaining_amount=1480628.0]
2022-10-16 12:21:29 [http-nio-8081-exec-7] INFO  com.capstone.aspect.LoggerAspect - *************************************
2022-10-16 12:21:29 [http-nio-8081-exec-7] INFO  com.capstone.aspect.LoggerAspect - During: class com.capstone.controller.EmiController.getemiofAccount() with arguments=<200 OK OK,emi [s_no=1, loanaccno=202211011, loan_status=active, emi_amount=15909.827, upcomming_payment_date=2023-01-07, remaining_amount=1480628.0],[]>
2022-10-16 12:21:29 [http-nio-8081-exec-7] INFO  com.capstone.aspect.LoggerAspect - *************************************
2022-10-16 12:24:29 [AsyncResolver-bootstrap-executor-0] INFO  c.n.d.s.r.aws.ConfigClusterResolver - Resolving eureka endpoints via configuration
2022-10-16 12:25:27 [http-nio-8081-exec-9] INFO  com.capstone.aspect.LoggerAspect - Method name: com.capstone.controller.EmiController
2022-10-16 12:25:27 [http-nio-8081-exec-9] INFO  com.capstone.aspect.LoggerAspect - Method arguments:[Ljava.lang.Object;@44977263
2022-10-16 12:25:27 [http-nio-8081-exec-9] INFO  com.capstone.aspect.LoggerAspect - *************************************
2022-10-16 12:25:27 [http-nio-8081-exec-9] INFO  com.capstone.aspect.LoggerAspect - Method name: com.capstone.service.EmiServiceImp
2022-10-16 12:25:27 [http-nio-8081-exec-9] INFO  com.capstone.aspect.LoggerAspect - Method arguments:[Ljava.lang.Object;@52321e79
2022-10-16 12:25:27 [http-nio-8081-exec-9] INFO  com.capstone.aspect.LoggerAspect - *************************************
2022-10-16 12:25:27 [http-nio-8081-exec-9] INFO  com.capstone.aspect.LoggerAspect - During: class com.capstone.service.EmiServiceImp.getEmiData() with arguments=emi [s_no=1, loanaccno=202211011, loan_status=active, emi_amount=15909.827, upcomming_payment_date=2023-01-07, remaining_amount=1480628.0]
2022-10-16 12:25:27 [http-nio-8081-exec-9] INFO  com.capstone.aspect.LoggerAspect - *************************************
2022-10-16 12:25:27 [http-nio-8081-exec-9] INFO  com.capstone.aspect.LoggerAspect - Method name: com.capstone.service.EmiServiceImp
2022-10-16 12:25:27 [http-nio-8081-exec-9] INFO  com.capstone.aspect.LoggerAspect - Method arguments:[Ljava.lang.Object;@686aa19
2022-10-16 12:25:27 [http-nio-8081-exec-9] INFO  com.capstone.aspect.LoggerAspect - *************************************
2022-10-16 12:25:27 [http-nio-8081-exec-9] INFO  com.capstone.aspect.LoggerAspect - During: class com.capstone.service.EmiServiceImp.getEmiData() with arguments=emi [s_no=1, loanaccno=202211011, loan_status=active, emi_amount=15909.827, upcomming_payment_date=2023-01-07, remaining_amount=1480628.0]
2022-10-16 12:25:27 [http-nio-8081-exec-9] INFO  com.capstone.aspect.LoggerAspect - *************************************
2022-10-16 12:25:27 [http-nio-8081-exec-9] INFO  com.capstone.aspect.LoggerAspect - During: class com.capstone.controller.EmiController.getemiofAccount() with arguments=<200 OK OK,emi [s_no=1, loanaccno=202211011, loan_status=active, emi_amount=15909.827, upcomming_payment_date=2023-01-07, remaining_amount=1480628.0],[]>
2022-10-16 12:25:27 [http-nio-8081-exec-9] INFO  com.capstone.aspect.LoggerAspect - *************************************
2022-10-16 12:29:29 [AsyncResolver-bootstrap-executor-0] INFO  c.n.d.s.r.aws.ConfigClusterResolver - Resolving eureka endpoints via configuration
2022-10-16 12:34:29 [AsyncResolver-bootstrap-executor-0] INFO  c.n.d.s.r.aws.ConfigClusterResolver - Resolving eureka endpoints via configuration
2022-10-16 12:39:29 [AsyncResolver-bootstrap-executor-0] INFO  c.n.d.s.r.aws.ConfigClusterResolver - Resolving eureka endpoints via configuration
2022-10-16 12:44:29 [AsyncResolver-bootstrap-executor-0] INFO  c.n.d.s.r.aws.ConfigClusterResolver - Resolving eureka endpoints via configuration
2022-10-16 12:45:52 [http-nio-8081-exec-1] INFO  com.capstone.aspect.LoggerAspect - Method name: com.capstone.controller.EmiController
2022-10-16 12:45:52 [http-nio-8081-exec-1] INFO  com.capstone.aspect.LoggerAspect - Method arguments:[Ljava.lang.Object;@6254681e
2022-10-16 12:45:52 [http-nio-8081-exec-1] INFO  com.capstone.aspect.LoggerAspect - *************************************
2022-10-16 12:45:52 [http-nio-8081-exec-1] INFO  com.capstone.aspect.LoggerAspect - Method name: com.capstone.service.EmiServiceImp
2022-10-16 12:45:52 [http-nio-8081-exec-1] INFO  com.capstone.aspect.LoggerAspect - Method arguments:[Ljava.lang.Object;@66c66f86
2022-10-16 12:45:52 [http-nio-8081-exec-1] INFO  com.capstone.aspect.LoggerAspect - *************************************
2022-10-16 12:45:52 [http-nio-8081-exec-1] INFO  com.capstone.aspect.LoggerAspect - During: class com.capstone.service.EmiServiceImp.getEmiData() with arguments=emi [s_no=1, loanaccno=202211011, loan_status=active, emi_amount=15909.827, upcomming_payment_date=2023-01-07, remaining_amount=1480628.0]
2022-10-16 12:45:52 [http-nio-8081-exec-1] INFO  com.capstone.aspect.LoggerAspect - *************************************
2022-10-16 12:45:52 [http-nio-8081-exec-1] INFO  com.capstone.aspect.LoggerAspect - Method name: com.capstone.service.EmiServiceImp
2022-10-16 12:45:52 [http-nio-8081-exec-1] INFO  com.capstone.aspect.LoggerAspect - Method arguments:[Ljava.lang.Object;@442e959a
2022-10-16 12:45:52 [http-nio-8081-exec-1] INFO  com.capstone.aspect.LoggerAspect - *************************************
2022-10-16 12:45:52 [http-nio-8081-exec-1] INFO  com.capstone.aspect.LoggerAspect - During: class com.capstone.service.EmiServiceImp.getEmiData() with arguments=emi [s_no=1, loanaccno=202211011, loan_status=active, emi_amount=15909.827, upcomming_payment_date=2023-01-07, remaining_amount=1480628.0]
2022-10-16 12:45:52 [http-nio-8081-exec-1] INFO  com.capstone.aspect.LoggerAspect - *************************************
2022-10-16 12:45:52 [http-nio-8081-exec-1] INFO  com.capstone.aspect.LoggerAspect - During: class com.capstone.controller.EmiController.getemiofAccount() with arguments=<200 OK OK,emi [s_no=1, loanaccno=202211011, loan_status=active, emi_amount=15909.827, upcomming_payment_date=2023-01-07, remaining_amount=1480628.0],[]>
2022-10-16 12:45:52 [http-nio-8081-exec-1] INFO  com.capstone.aspect.LoggerAspect - *************************************
2022-10-16 12:49:29 [AsyncResolver-bootstrap-executor-0] INFO  c.n.d.s.r.aws.ConfigClusterResolver - Resolving eureka endpoints via configuration
2022-10-16 12:54:29 [AsyncResolver-bootstrap-executor-0] INFO  c.n.d.s.r.aws.ConfigClusterResolver - Resolving eureka endpoints via configuration
2022-10-16 12:59:29 [AsyncResolver-bootstrap-executor-0] INFO  c.n.d.s.r.aws.ConfigClusterResolver - Resolving eureka endpoints via configuration
2022-10-16 13:02:37 [http-nio-8081-exec-3] INFO  com.capstone.aspect.LoggerAspect - Method name: com.capstone.controller.EmiController
2022-10-16 13:02:37 [http-nio-8081-exec-3] INFO  com.capstone.aspect.LoggerAspect - Method arguments:[Ljava.lang.Object;@77df3de2
2022-10-16 13:02:37 [http-nio-8081-exec-3] INFO  com.capstone.aspect.LoggerAspect - *************************************
2022-10-16 13:02:37 [http-nio-8081-exec-3] INFO  com.capstone.aspect.LoggerAspect - Method name: com.capstone.service.EmiServiceImp
2022-10-16 13:02:37 [http-nio-8081-exec-3] INFO  com.capstone.aspect.LoggerAspect - Method arguments:[Ljava.lang.Object;@22e256ba
2022-10-16 13:02:37 [http-nio-8081-exec-3] INFO  com.capstone.aspect.LoggerAspect - *************************************
2022-10-16 13:02:37 [http-nio-8081-exec-3] INFO  com.capstone.aspect.LoggerAspect - During: class com.capstone.service.EmiServiceImp.getEmiData() with arguments=emi [s_no=1, loanaccno=202211011, loan_status=active, emi_amount=15909.827, upcomming_payment_date=2023-01-07, remaining_amount=1480628.0]
2022-10-16 13:02:37 [http-nio-8081-exec-3] INFO  com.capstone.aspect.LoggerAspect - *************************************
2022-10-16 13:02:37 [http-nio-8081-exec-3] INFO  com.capstone.aspect.LoggerAspect - Method name: com.capstone.service.EmiServiceImp
2022-10-16 13:02:37 [http-nio-8081-exec-3] INFO  com.capstone.aspect.LoggerAspect - Method arguments:[Ljava.lang.Object;@403fbdb5
2022-10-16 13:02:37 [http-nio-8081-exec-3] INFO  com.capstone.aspect.LoggerAspect - *************************************
2022-10-16 13:02:37 [http-nio-8081-exec-3] INFO  com.capstone.aspect.LoggerAspect - During: class com.capstone.service.EmiServiceImp.getEmiData() with arguments=emi [s_no=1, loanaccno=202211011, loan_status=active, emi_amount=15909.827, upcomming_payment_date=2023-01-07, remaining_amount=1480628.0]
2022-10-16 13:02:37 [http-nio-8081-exec-3] INFO  com.capstone.aspect.LoggerAspect - *************************************
2022-10-16 13:02:37 [http-nio-8081-exec-3] INFO  com.capstone.aspect.LoggerAspect - During: class com.capstone.controller.EmiController.getemiofAccount() with arguments=<200 OK OK,emi [s_no=1, loanaccno=202211011, loan_status=active, emi_amount=15909.827, upcomming_payment_date=2023-01-07, remaining_amount=1480628.0],[]>
2022-10-16 13:02:37 [http-nio-8081-exec-3] INFO  com.capstone.aspect.LoggerAspect - *************************************
2022-10-16 13:02:39 [http-nio-8081-exec-4] INFO  com.capstone.aspect.LoggerAspect - Method name: com.capstone.controller.EmiController
2022-10-16 13:02:39 [http-nio-8081-exec-4] INFO  com.capstone.aspect.LoggerAspect - Method arguments:[Ljava.lang.Object;@19c13e0b
2022-10-16 13:02:39 [http-nio-8081-exec-4] INFO  com.capstone.aspect.LoggerAspect - *************************************
2022-10-16 13:02:39 [http-nio-8081-exec-4] INFO  com.capstone.aspect.LoggerAspect - Method name: com.capstone.service.EmiServiceImp
2022-10-16 13:02:39 [http-nio-8081-exec-4] INFO  com.capstone.aspect.LoggerAspect - Method arguments:[Ljava.lang.Object;@6be7d00
2022-10-16 13:02:39 [http-nio-8081-exec-4] INFO  com.capstone.aspect.LoggerAspect - *************************************
2022-10-16 13:02:39 [http-nio-8081-exec-4] INFO  com.capstone.aspect.LoggerAspect - During: class com.capstone.service.EmiServiceImp.getEmiData() with arguments=emi [s_no=1, loanaccno=202211011, loan_status=active, emi_amount=15909.827, upcomming_payment_date=2023-01-07, remaining_amount=1480628.0]
2022-10-16 13:02:39 [http-nio-8081-exec-4] INFO  com.capstone.aspect.LoggerAspect - *************************************
2022-10-16 13:02:39 [http-nio-8081-exec-4] INFO  com.capstone.aspect.LoggerAspect - Method name: com.capstone.service.EmiServiceImp
2022-10-16 13:02:39 [http-nio-8081-exec-4] INFO  com.capstone.aspect.LoggerAspect - Method arguments:[Ljava.lang.Object;@31e9cdba
2022-10-16 13:02:39 [http-nio-8081-exec-4] INFO  com.capstone.aspect.LoggerAspect - *************************************
2022-10-16 13:02:39 [http-nio-8081-exec-4] INFO  com.capstone.aspect.LoggerAspect - During: class com.capstone.service.EmiServiceImp.getEmiData() with arguments=emi [s_no=1, loanaccno=202211011, loan_status=active, emi_amount=15909.827, upcomming_payment_date=2023-01-07, remaining_amount=1480628.0]
2022-10-16 13:02:39 [http-nio-8081-exec-4] INFO  com.capstone.aspect.LoggerAspect - *************************************
2022-10-16 13:02:39 [http-nio-8081-exec-4] INFO  com.capstone.aspect.LoggerAspect - During: class com.capstone.controller.EmiController.getemiofAccount() with arguments=<200 OK OK,emi [s_no=1, loanaccno=202211011, loan_status=active, emi_amount=15909.827, upcomming_payment_date=2023-01-07, remaining_amount=1480628.0],[]>
2022-10-16 13:02:39 [http-nio-8081-exec-4] INFO  com.capstone.aspect.LoggerAspect - *************************************
2022-10-16 13:04:29 [AsyncResolver-bootstrap-executor-0] INFO  c.n.d.s.r.aws.ConfigClusterResolver - Resolving eureka endpoints via configuration
2022-10-16 13:09:29 [AsyncResolver-bootstrap-executor-0] INFO  c.n.d.s.r.aws.ConfigClusterResolver - Resolving eureka endpoints via configuration
2022-10-16 13:12:15 [http-nio-8081-exec-6] INFO  com.capstone.aspect.LoggerAspect - Method name: com.capstone.controller.EmiController
2022-10-16 13:12:15 [http-nio-8081-exec-6] INFO  com.capstone.aspect.LoggerAspect - Method arguments:[Ljava.lang.Object;@6495b6ca
2022-10-16 13:12:15 [http-nio-8081-exec-6] INFO  com.capstone.aspect.LoggerAspect - *************************************
2022-10-16 13:12:15 [http-nio-8081-exec-6] INFO  com.capstone.aspect.LoggerAspect - Method name: com.capstone.service.EmiServiceImp
2022-10-16 13:12:15 [http-nio-8081-exec-6] INFO  com.capstone.aspect.LoggerAspect - Method arguments:[Ljava.lang.Object;@1c19a2f4
2022-10-16 13:12:15 [http-nio-8081-exec-6] INFO  com.capstone.aspect.LoggerAspect - *************************************
2022-10-16 13:12:15 [http-nio-8081-exec-6] INFO  com.capstone.aspect.LoggerAspect - During: class com.capstone.service.EmiServiceImp.getEmiData() with arguments=emi [s_no=1, loanaccno=202211011, loan_status=active, emi_amount=15909.827, upcomming_payment_date=2023-01-07, remaining_amount=1480628.0]
2022-10-16 13:12:15 [http-nio-8081-exec-6] INFO  com.capstone.aspect.LoggerAspect - *************************************
2022-10-16 13:12:15 [http-nio-8081-exec-6] INFO  com.capstone.aspect.LoggerAspect - Method name: com.capstone.service.EmiServiceImp
2022-10-16 13:12:15 [http-nio-8081-exec-6] INFO  com.capstone.aspect.LoggerAspect - Method arguments:[Ljava.lang.Object;@ac57bb5
2022-10-16 13:12:15 [http-nio-8081-exec-6] INFO  com.capstone.aspect.LoggerAspect - *************************************
2022-10-16 13:12:15 [http-nio-8081-exec-6] INFO  com.capstone.aspect.LoggerAspect - During: class com.capstone.service.EmiServiceImp.getEmiData() with arguments=emi [s_no=1, loanaccno=202211011, loan_status=active, emi_amount=15909.827, upcomming_payment_date=2023-01-07, remaining_amount=1480628.0]
2022-10-16 13:12:15 [http-nio-8081-exec-6] INFO  com.capstone.aspect.LoggerAspect - *************************************
2022-10-16 13:12:15 [http-nio-8081-exec-6] INFO  com.capstone.aspect.LoggerAspect - During: class com.capstone.controller.EmiController.getemiofAccount() with arguments=<200 OK OK,emi [s_no=1, loanaccno=202211011, loan_status=active, emi_amount=15909.827, upcomming_payment_date=2023-01-07, remaining_amount=1480628.0],[]>
2022-10-16 13:12:15 [http-nio-8081-exec-6] INFO  com.capstone.aspect.LoggerAspect - *************************************
2022-10-16 13:13:24 [http-nio-8081-exec-9] INFO  com.capstone.aspect.LoggerAspect - Method name: com.capstone.controller.EmiController
2022-10-16 13:13:24 [http-nio-8081-exec-9] INFO  com.capstone.aspect.LoggerAspect - Method arguments:[Ljava.lang.Object;@46ad37a2
2022-10-16 13:13:24 [http-nio-8081-exec-9] INFO  com.capstone.aspect.LoggerAspect - *************************************
2022-10-16 13:13:24 [http-nio-8081-exec-9] INFO  com.capstone.aspect.LoggerAspect - Method name: com.capstone.service.EmiServiceImp
2022-10-16 13:13:24 [http-nio-8081-exec-9] INFO  com.capstone.aspect.LoggerAspect - Method arguments:[Ljava.lang.Object;@796c936d
2022-10-16 13:13:24 [http-nio-8081-exec-9] INFO  com.capstone.aspect.LoggerAspect - *************************************
2022-10-16 13:13:24 [http-nio-8081-exec-9] INFO  com.capstone.aspect.LoggerAspect - During: class com.capstone.service.EmiServiceImp.getEmiData() with arguments=emi [s_no=1, loanaccno=202211011, loan_status=active, emi_amount=15909.827, upcomming_payment_date=2023-01-07, remaining_amount=1480628.0]
2022-10-16 13:13:24 [http-nio-8081-exec-9] INFO  com.capstone.aspect.LoggerAspect - *************************************
2022-10-16 13:13:24 [http-nio-8081-exec-9] INFO  com.capstone.aspect.LoggerAspect - Method name: com.capstone.service.EmiServiceImp
2022-10-16 13:13:24 [http-nio-8081-exec-9] INFO  com.capstone.aspect.LoggerAspect - Method arguments:[Ljava.lang.Object;@379cf127
2022-10-16 13:13:24 [http-nio-8081-exec-9] INFO  com.capstone.aspect.LoggerAspect - *************************************
2022-10-16 13:13:24 [http-nio-8081-exec-9] INFO  com.capstone.aspect.LoggerAspect - During: class com.capstone.service.EmiServiceImp.getEmiData() with arguments=emi [s_no=1, loanaccno=202211011, loan_status=active, emi_amount=15909.827, upcomming_payment_date=2023-01-07, remaining_amount=1480628.0]
2022-10-16 13:13:24 [http-nio-8081-exec-9] INFO  com.capstone.aspect.LoggerAspect - *************************************
2022-10-16 13:13:24 [http-nio-8081-exec-9] INFO  com.capstone.aspect.LoggerAspect - During: class com.capstone.controller.EmiController.getemiofAccount() with arguments=<200 OK OK,emi [s_no=1, loanaccno=202211011, loan_status=active, emi_amount=15909.827, upcomming_payment_date=2023-01-07, remaining_amount=1480628.0],[]>
2022-10-16 13:13:24 [http-nio-8081-exec-9] INFO  com.capstone.aspect.LoggerAspect - *************************************
2022-10-16 13:13:25 [http-nio-8081-exec-8] WARN  o.s.w.s.m.s.DefaultHandlerExceptionResolver - Resolved [org.springframework.web.method.annotation.MethodArgumentTypeMismatchException: Failed to convert value of type 'java.lang.String' to required type 'int'; nested exception is java.lang.NumberFormatException: For input string: "undefined"]
2022-10-16 13:14:29 [AsyncResolver-bootstrap-executor-0] INFO  c.n.d.s.r.aws.ConfigClusterResolver - Resolving eureka endpoints via configuration
2022-10-16 13:14:39 [http-nio-8081-exec-1] WARN  o.s.w.s.m.s.DefaultHandlerExceptionResolver - Resolved [org.springframework.web.method.annotation.MethodArgumentTypeMismatchException: Failed to convert value of type 'java.lang.String' to required type 'int'; nested exception is java.lang.NumberFormatException: For input string: "undefined"]
2022-10-16 13:14:39 [http-nio-8081-exec-2] INFO  com.capstone.aspect.LoggerAspect - Method name: com.capstone.controller.EmiController
2022-10-16 13:14:39 [http-nio-8081-exec-2] INFO  com.capstone.aspect.LoggerAspect - Method arguments:[Ljava.lang.Object;@14e5d4a2
2022-10-16 13:14:39 [http-nio-8081-exec-2] INFO  com.capstone.aspect.LoggerAspect - *************************************
2022-10-16 13:14:39 [http-nio-8081-exec-2] INFO  com.capstone.aspect.LoggerAspect - Method name: com.capstone.service.EmiServiceImp
2022-10-16 13:14:39 [http-nio-8081-exec-2] INFO  com.capstone.aspect.LoggerAspect - Method arguments:[Ljava.lang.Object;@21a6c4da
2022-10-16 13:14:39 [http-nio-8081-exec-2] INFO  com.capstone.aspect.LoggerAspect - *************************************
2022-10-16 13:14:39 [http-nio-8081-exec-2] INFO  com.capstone.aspect.LoggerAspect - During: class com.capstone.service.EmiServiceImp.getEmiData() with arguments=emi [s_no=1, loanaccno=202211011, loan_status=active, emi_amount=15909.827, upcomming_payment_date=2023-01-07, remaining_amount=1480628.0]
2022-10-16 13:14:39 [http-nio-8081-exec-2] INFO  com.capstone.aspect.LoggerAspect - *************************************
2022-10-16 13:14:39 [http-nio-8081-exec-2] INFO  com.capstone.aspect.LoggerAspect - Method name: com.capstone.service.EmiServiceImp
2022-10-16 13:14:39 [http-nio-8081-exec-2] INFO  com.capstone.aspect.LoggerAspect - Method arguments:[Ljava.lang.Object;@10a14d55
2022-10-16 13:14:39 [http-nio-8081-exec-2] INFO  com.capstone.aspect.LoggerAspect - *************************************
2022-10-16 13:14:39 [http-nio-8081-exec-2] INFO  com.capstone.aspect.LoggerAspect - During: class com.capstone.service.EmiServiceImp.getEmiData() with arguments=emi [s_no=1, loanaccno=202211011, loan_status=active, emi_amount=15909.827, upcomming_payment_date=2023-01-07, remaining_amount=1480628.0]
2022-10-16 13:14:39 [http-nio-8081-exec-2] INFO  com.capstone.aspect.LoggerAspect - *************************************
2022-10-16 13:14:39 [http-nio-8081-exec-2] INFO  com.capstone.aspect.LoggerAspect - During: class com.capstone.controller.EmiController.getemiofAccount() with arguments=<200 OK OK,emi [s_no=1, loanaccno=202211011, loan_status=active, emi_amount=15909.827, upcomming_payment_date=2023-01-07, remaining_amount=1480628.0],[]>
2022-10-16 13:14:39 [http-nio-8081-exec-2] INFO  com.capstone.aspect.LoggerAspect - *************************************
2022-10-16 13:14:48 [http-nio-8081-exec-3] WARN  o.s.w.s.m.s.DefaultHandlerExceptionResolver - Resolved [org.springframework.web.method.annotation.MethodArgumentTypeMismatchException: Failed to convert value of type 'java.lang.String' to required type 'int'; nested exception is java.lang.NumberFormatException: For input string: "undefined"]
2022-10-16 13:14:48 [http-nio-8081-exec-4] INFO  com.capstone.aspect.LoggerAspect - Method name: com.capstone.controller.EmiController
2022-10-16 13:14:48 [http-nio-8081-exec-4] INFO  com.capstone.aspect.LoggerAspect - Method arguments:[Ljava.lang.Object;@3e8c80ab
2022-10-16 13:14:48 [http-nio-8081-exec-4] INFO  com.capstone.aspect.LoggerAspect - *************************************
2022-10-16 13:14:48 [http-nio-8081-exec-4] INFO  com.capstone.aspect.LoggerAspect - Method name: com.capstone.service.EmiServiceImp
2022-10-16 13:14:48 [http-nio-8081-exec-4] INFO  com.capstone.aspect.LoggerAspect - Method arguments:[Ljava.lang.Object;@6d79e5a1
2022-10-16 13:14:48 [http-nio-8081-exec-4] INFO  com.capstone.aspect.LoggerAspect - *************************************
2022-10-16 13:14:48 [http-nio-8081-exec-4] INFO  com.capstone.aspect.LoggerAspect - During: class com.capstone.service.EmiServiceImp.getEmiData() with arguments=emi [s_no=1, loanaccno=202211011, loan_status=active, emi_amount=15909.827, upcomming_payment_date=2023-01-07, remaining_amount=1480628.0]
2022-10-16 13:14:48 [http-nio-8081-exec-4] INFO  com.capstone.aspect.LoggerAspect - *************************************
2022-10-16 13:14:48 [http-nio-8081-exec-4] INFO  com.capstone.aspect.LoggerAspect - Method name: com.capstone.service.EmiServiceImp
2022-10-16 13:14:48 [http-nio-8081-exec-4] INFO  com.capstone.aspect.LoggerAspect - Method arguments:[Ljava.lang.Object;@333b1825
2022-10-16 13:14:48 [http-nio-8081-exec-4] INFO  com.capstone.aspect.LoggerAspect - *************************************
2022-10-16 13:14:48 [http-nio-8081-exec-4] INFO  com.capstone.aspect.LoggerAspect - During: class com.capstone.service.EmiServiceImp.getEmiData() with arguments=emi [s_no=1, loanaccno=202211011, loan_status=active, emi_amount=15909.827, upcomming_payment_date=2023-01-07, remaining_amount=1480628.0]
2022-10-16 13:14:48 [http-nio-8081-exec-4] INFO  com.capstone.aspect.LoggerAspect - *************************************
2022-10-16 13:14:48 [http-nio-8081-exec-4] INFO  com.capstone.aspect.LoggerAspect - During: class com.capstone.controller.EmiController.getemiofAccount() with arguments=<200 OK OK,emi [s_no=1, loanaccno=202211011, loan_status=active, emi_amount=15909.827, upcomming_payment_date=2023-01-07, remaining_amount=1480628.0],[]>
2022-10-16 13:14:48 [http-nio-8081-exec-4] INFO  com.capstone.aspect.LoggerAspect - *************************************
2022-10-16 13:14:56 [http-nio-8081-exec-5] WARN  o.s.w.s.m.s.DefaultHandlerExceptionResolver - Resolved [org.springframework.web.method.annotation.MethodArgumentTypeMismatchException: Failed to convert value of type 'java.lang.String' to required type 'int'; nested exception is java.lang.NumberFormatException: For input string: "undefined"]
2022-10-16 13:14:56 [http-nio-8081-exec-6] INFO  com.capstone.aspect.LoggerAspect - Method name: com.capstone.controller.EmiController
2022-10-16 13:14:56 [http-nio-8081-exec-6] INFO  com.capstone.aspect.LoggerAspect - Method arguments:[Ljava.lang.Object;@35ab74b0
2022-10-16 13:14:56 [http-nio-8081-exec-6] INFO  com.capstone.aspect.LoggerAspect - *************************************
2022-10-16 13:14:56 [http-nio-8081-exec-6] INFO  com.capstone.aspect.LoggerAspect - Method name: com.capstone.service.EmiServiceImp
2022-10-16 13:14:56 [http-nio-8081-exec-6] INFO  com.capstone.aspect.LoggerAspect - Method arguments:[Ljava.lang.Object;@53dbf26b
2022-10-16 13:14:56 [http-nio-8081-exec-6] INFO  com.capstone.aspect.LoggerAspect - *************************************
2022-10-16 13:14:56 [http-nio-8081-exec-6] INFO  com.capstone.aspect.LoggerAspect - During: class com.capstone.service.EmiServiceImp.getEmiData() with arguments=emi [s_no=1, loanaccno=202211011, loan_status=active, emi_amount=15909.827, upcomming_payment_date=2023-01-07, remaining_amount=1480628.0]
2022-10-16 13:14:56 [http-nio-8081-exec-6] INFO  com.capstone.aspect.LoggerAspect - *************************************
2022-10-16 13:14:56 [http-nio-8081-exec-6] INFO  com.capstone.aspect.LoggerAspect - Method name: com.capstone.service.EmiServiceImp
2022-10-16 13:14:56 [http-nio-8081-exec-6] INFO  com.capstone.aspect.LoggerAspect - Method arguments:[Ljava.lang.Object;@87bb991
2022-10-16 13:14:56 [http-nio-8081-exec-6] INFO  com.capstone.aspect.LoggerAspect - *************************************
2022-10-16 13:14:56 [http-nio-8081-exec-6] INFO  com.capstone.aspect.LoggerAspect - During: class com.capstone.service.EmiServiceImp.getEmiData() with arguments=emi [s_no=1, loanaccno=202211011, loan_status=active, emi_amount=15909.827, upcomming_payment_date=2023-01-07, remaining_amount=1480628.0]
2022-10-16 13:14:56 [http-nio-8081-exec-6] INFO  com.capstone.aspect.LoggerAspect - *************************************
2022-10-16 13:14:56 [http-nio-8081-exec-6] INFO  com.capstone.aspect.LoggerAspect - During: class com.capstone.controller.EmiController.getemiofAccount() with arguments=<200 OK OK,emi [s_no=1, loanaccno=202211011, loan_status=active, emi_amount=15909.827, upcomming_payment_date=2023-01-07, remaining_amount=1480628.0],[]>
2022-10-16 13:14:56 [http-nio-8081-exec-6] INFO  com.capstone.aspect.LoggerAspect - *************************************
2022-10-16 13:15:45 [http-nio-8081-exec-7] WARN  o.s.w.s.m.s.DefaultHandlerExceptionResolver - Resolved [org.springframework.web.method.annotation.MethodArgumentTypeMismatchException: Failed to convert value of type 'java.lang.String' to required type 'int'; nested exception is java.lang.NumberFormatException: For input string: "undefined"]
2022-10-16 13:15:45 [http-nio-8081-exec-9] INFO  com.capstone.aspect.LoggerAspect - Method name: com.capstone.controller.EmiController
2022-10-16 13:15:45 [http-nio-8081-exec-9] INFO  com.capstone.aspect.LoggerAspect - Method arguments:[Ljava.lang.Object;@3c56f84f
2022-10-16 13:15:45 [http-nio-8081-exec-9] INFO  com.capstone.aspect.LoggerAspect - *************************************
2022-10-16 13:15:45 [http-nio-8081-exec-9] INFO  com.capstone.aspect.LoggerAspect - Method name: com.capstone.service.EmiServiceImp
2022-10-16 13:15:45 [http-nio-8081-exec-9] INFO  com.capstone.aspect.LoggerAspect - Method arguments:[Ljava.lang.Object;@4a6a34ca
2022-10-16 13:15:45 [http-nio-8081-exec-9] INFO  com.capstone.aspect.LoggerAspect - *************************************
2022-10-16 13:15:45 [http-nio-8081-exec-9] INFO  com.capstone.aspect.LoggerAspect - During: class com.capstone.service.EmiServiceImp.getEmiData() with arguments=emi [s_no=1, loanaccno=202211011, loan_status=active, emi_amount=15909.827, upcomming_payment_date=2023-01-07, remaining_amount=1480628.0]
2022-10-16 13:15:45 [http-nio-8081-exec-9] INFO  com.capstone.aspect.LoggerAspect - *************************************
2022-10-16 13:15:45 [http-nio-8081-exec-9] INFO  com.capstone.aspect.LoggerAspect - Method name: com.capstone.service.EmiServiceImp
2022-10-16 13:15:45 [http-nio-8081-exec-9] INFO  com.capstone.aspect.LoggerAspect - Method arguments:[Ljava.lang.Object;@523c00ae
2022-10-16 13:15:45 [http-nio-8081-exec-9] INFO  com.capstone.aspect.LoggerAspect - *************************************
2022-10-16 13:15:45 [http-nio-8081-exec-9] INFO  com.capstone.aspect.LoggerAspect - During: class com.capstone.service.EmiServiceImp.getEmiData() with arguments=emi [s_no=1, loanaccno=202211011, loan_status=active, emi_amount=15909.827, upcomming_payment_date=2023-01-07, remaining_amount=1480628.0]
2022-10-16 13:15:45 [http-nio-8081-exec-9] INFO  com.capstone.aspect.LoggerAspect - *************************************
2022-10-16 13:15:45 [http-nio-8081-exec-9] INFO  com.capstone.aspect.LoggerAspect - During: class com.capstone.controller.EmiController.getemiofAccount() with arguments=<200 OK OK,emi [s_no=1, loanaccno=202211011, loan_status=active, emi_amount=15909.827, upcomming_payment_date=2023-01-07, remaining_amount=1480628.0],[]>
2022-10-16 13:15:45 [http-nio-8081-exec-9] INFO  com.capstone.aspect.LoggerAspect - *************************************
2022-10-16 13:15:53 [http-nio-8081-exec-8] WARN  o.s.w.s.m.s.DefaultHandlerExceptionResolver - Resolved [org.springframework.web.method.annotation.MethodArgumentTypeMismatchException: Failed to convert value of type 'java.lang.String' to required type 'int'; nested exception is java.lang.NumberFormatException: For input string: "undefined"]
2022-10-16 13:15:53 [http-nio-8081-exec-10] INFO  com.capstone.aspect.LoggerAspect - Method name: com.capstone.controller.EmiController
2022-10-16 13:15:53 [http-nio-8081-exec-10] INFO  com.capstone.aspect.LoggerAspect - Method arguments:[Ljava.lang.Object;@47ad4a54
2022-10-16 13:15:53 [http-nio-8081-exec-10] INFO  com.capstone.aspect.LoggerAspect - *************************************
2022-10-16 13:15:53 [http-nio-8081-exec-10] INFO  com.capstone.aspect.LoggerAspect - Method name: com.capstone.service.EmiServiceImp
2022-10-16 13:15:53 [http-nio-8081-exec-10] INFO  com.capstone.aspect.LoggerAspect - Method arguments:[Ljava.lang.Object;@2b4b6b04
2022-10-16 13:15:53 [http-nio-8081-exec-10] INFO  com.capstone.aspect.LoggerAspect - *************************************
2022-10-16 13:15:53 [http-nio-8081-exec-10] INFO  com.capstone.aspect.LoggerAspect - During: class com.capstone.service.EmiServiceImp.getEmiData() with arguments=emi [s_no=1, loanaccno=202211011, loan_status=active, emi_amount=15909.827, upcomming_payment_date=2023-01-07, remaining_amount=1480628.0]
2022-10-16 13:15:53 [http-nio-8081-exec-10] INFO  com.capstone.aspect.LoggerAspect - *************************************
2022-10-16 13:15:53 [http-nio-8081-exec-10] INFO  com.capstone.aspect.LoggerAspect - Method name: com.capstone.service.EmiServiceImp
2022-10-16 13:15:53 [http-nio-8081-exec-10] INFO  com.capstone.aspect.LoggerAspect - Method arguments:[Ljava.lang.Object;@12831cc0
2022-10-16 13:15:53 [http-nio-8081-exec-10] INFO  com.capstone.aspect.LoggerAspect - *************************************
2022-10-16 13:15:53 [http-nio-8081-exec-10] INFO  com.capstone.aspect.LoggerAspect - During: class com.capstone.service.EmiServiceImp.getEmiData() with arguments=emi [s_no=1, loanaccno=202211011, loan_status=active, emi_amount=15909.827, upcomming_payment_date=2023-01-07, remaining_amount=1480628.0]
2022-10-16 13:15:53 [http-nio-8081-exec-10] INFO  com.capstone.aspect.LoggerAspect - *************************************
2022-10-16 13:15:53 [http-nio-8081-exec-10] INFO  com.capstone.aspect.LoggerAspect - During: class com.capstone.controller.EmiController.getemiofAccount() with arguments=<200 OK OK,emi [s_no=1, loanaccno=202211011, loan_status=active, emi_amount=15909.827, upcomming_payment_date=2023-01-07, remaining_amount=1480628.0],[]>
2022-10-16 13:15:53 [http-nio-8081-exec-10] INFO  com.capstone.aspect.LoggerAspect - *************************************
2022-10-16 13:16:08 [http-nio-8081-exec-1] WARN  o.s.w.s.m.s.DefaultHandlerExceptionResolver - Resolved [org.springframework.web.method.annotation.MethodArgumentTypeMismatchException: Failed to convert value of type 'java.lang.String' to required type 'int'; nested exception is java.lang.NumberFormatException: For input string: "undefined"]
2022-10-16 13:16:08 [http-nio-8081-exec-2] INFO  com.capstone.aspect.LoggerAspect - Method name: com.capstone.controller.EmiController
2022-10-16 13:16:08 [http-nio-8081-exec-2] INFO  com.capstone.aspect.LoggerAspect - Method arguments:[Ljava.lang.Object;@6e72edbb
2022-10-16 13:16:08 [http-nio-8081-exec-2] INFO  com.capstone.aspect.LoggerAspect - *************************************
2022-10-16 13:16:08 [http-nio-8081-exec-2] INFO  com.capstone.aspect.LoggerAspect - Method name: com.capstone.service.EmiServiceImp
2022-10-16 13:16:08 [http-nio-8081-exec-2] INFO  com.capstone.aspect.LoggerAspect - Method arguments:[Ljava.lang.Object;@678bb7da
2022-10-16 13:16:08 [http-nio-8081-exec-2] INFO  com.capstone.aspect.LoggerAspect - *************************************
2022-10-16 13:16:08 [http-nio-8081-exec-2] INFO  com.capstone.aspect.LoggerAspect - During: class com.capstone.service.EmiServiceImp.getEmiData() with arguments=emi [s_no=1, loanaccno=202211011, loan_status=active, emi_amount=15909.827, upcomming_payment_date=2023-01-07, remaining_amount=1480628.0]
2022-10-16 13:16:08 [http-nio-8081-exec-2] INFO  com.capstone.aspect.LoggerAspect - *************************************
2022-10-16 13:16:08 [http-nio-8081-exec-2] INFO  com.capstone.aspect.LoggerAspect - Method name: com.capstone.service.EmiServiceImp
2022-10-16 13:16:08 [http-nio-8081-exec-2] INFO  com.capstone.aspect.LoggerAspect - Method arguments:[Ljava.lang.Object;@5b287eb6
2022-10-16 13:16:08 [http-nio-8081-exec-2] INFO  com.capstone.aspect.LoggerAspect - *************************************
2022-10-16 13:16:08 [http-nio-8081-exec-2] INFO  com.capstone.aspect.LoggerAspect - During: class com.capstone.service.EmiServiceImp.getEmiData() with arguments=emi [s_no=1, loanaccno=202211011, loan_status=active, emi_amount=15909.827, upcomming_payment_date=2023-01-07, remaining_amount=1480628.0]
2022-10-16 13:16:08 [http-nio-8081-exec-2] INFO  com.capstone.aspect.LoggerAspect - *************************************
2022-10-16 13:16:08 [http-nio-8081-exec-2] INFO  com.capstone.aspect.LoggerAspect - During: class com.capstone.controller.EmiController.getemiofAccount() with arguments=<200 OK OK,emi [s_no=1, loanaccno=202211011, loan_status=active, emi_amount=15909.827, upcomming_payment_date=2023-01-07, remaining_amount=1480628.0],[]>
2022-10-16 13:16:08 [http-nio-8081-exec-2] INFO  com.capstone.aspect.LoggerAspect - *************************************
2022-10-16 13:16:14 [http-nio-8081-exec-3] WARN  o.s.w.s.m.s.DefaultHandlerExceptionResolver - Resolved [org.springframework.web.method.annotation.MethodArgumentTypeMismatchException: Failed to convert value of type 'java.lang.String' to required type 'int'; nested exception is java.lang.NumberFormatException: For input string: "undefined"]
2022-10-16 13:16:14 [http-nio-8081-exec-4] INFO  com.capstone.aspect.LoggerAspect - Method name: com.capstone.controller.EmiController
2022-10-16 13:16:14 [http-nio-8081-exec-4] INFO  com.capstone.aspect.LoggerAspect - Method arguments:[Ljava.lang.Object;@b614c67
2022-10-16 13:16:14 [http-nio-8081-exec-4] INFO  com.capstone.aspect.LoggerAspect - *************************************
2022-10-16 13:16:14 [http-nio-8081-exec-4] INFO  com.capstone.aspect.LoggerAspect - Method name: com.capstone.service.EmiServiceImp
2022-10-16 13:16:14 [http-nio-8081-exec-4] INFO  com.capstone.aspect.LoggerAspect - Method arguments:[Ljava.lang.Object;@1d2f0a70
2022-10-16 13:16:14 [http-nio-8081-exec-4] INFO  com.capstone.aspect.LoggerAspect - *************************************
2022-10-16 13:16:14 [http-nio-8081-exec-4] INFO  com.capstone.aspect.LoggerAspect - During: class com.capstone.service.EmiServiceImp.getEmiData() with arguments=emi [s_no=1, loanaccno=202211011, loan_status=active, emi_amount=15909.827, upcomming_payment_date=2023-01-07, remaining_amount=1480628.0]
2022-10-16 13:16:14 [http-nio-8081-exec-4] INFO  com.capstone.aspect.LoggerAspect - *************************************
2022-10-16 13:16:14 [http-nio-8081-exec-4] INFO  com.capstone.aspect.LoggerAspect - Method name: com.capstone.service.EmiServiceImp
2022-10-16 13:16:14 [http-nio-8081-exec-4] INFO  com.capstone.aspect.LoggerAspect - Method arguments:[Ljava.lang.Object;@110a4c0d
2022-10-16 13:16:14 [http-nio-8081-exec-4] INFO  com.capstone.aspect.LoggerAspect - *************************************
2022-10-16 13:16:15 [http-nio-8081-exec-4] INFO  com.capstone.aspect.LoggerAspect - During: class com.capstone.service.EmiServiceImp.getEmiData() with arguments=emi [s_no=1, loanaccno=202211011, loan_status=active, emi_amount=15909.827, upcomming_payment_date=2023-01-07, remaining_amount=1480628.0]
2022-10-16 13:16:15 [http-nio-8081-exec-4] INFO  com.capstone.aspect.LoggerAspect - *************************************
2022-10-16 13:16:15 [http-nio-8081-exec-4] INFO  com.capstone.aspect.LoggerAspect - During: class com.capstone.controller.EmiController.getemiofAccount() with arguments=<200 OK OK,emi [s_no=1, loanaccno=202211011, loan_status=active, emi_amount=15909.827, upcomming_payment_date=2023-01-07, remaining_amount=1480628.0],[]>
2022-10-16 13:16:15 [http-nio-8081-exec-4] INFO  com.capstone.aspect.LoggerAspect - *************************************
2022-10-16 13:16:26 [http-nio-8081-exec-5] WARN  o.s.w.s.m.s.DefaultHandlerExceptionResolver - Resolved [org.springframework.web.method.annotation.MethodArgumentTypeMismatchException: Failed to convert value of type 'java.lang.String' to required type 'int'; nested exception is java.lang.NumberFormatException: For input string: "undefined"]
2022-10-16 13:16:26 [http-nio-8081-exec-6] INFO  com.capstone.aspect.LoggerAspect - Method name: com.capstone.controller.EmiController
2022-10-16 13:16:26 [http-nio-8081-exec-6] INFO  com.capstone.aspect.LoggerAspect - Method arguments:[Ljava.lang.Object;@3cffa04b
2022-10-16 13:16:26 [http-nio-8081-exec-6] INFO  com.capstone.aspect.LoggerAspect - *************************************
2022-10-16 13:16:26 [http-nio-8081-exec-6] INFO  com.capstone.aspect.LoggerAspect - Method name: com.capstone.service.EmiServiceImp
2022-10-16 13:16:26 [http-nio-8081-exec-6] INFO  com.capstone.aspect.LoggerAspect - Method arguments:[Ljava.lang.Object;@7bb933a
2022-10-16 13:16:26 [http-nio-8081-exec-6] INFO  com.capstone.aspect.LoggerAspect - *************************************
2022-10-16 13:16:26 [http-nio-8081-exec-6] INFO  com.capstone.aspect.LoggerAspect - During: class com.capstone.service.EmiServiceImp.getEmiData() with arguments=emi [s_no=1, loanaccno=202211011, loan_status=active, emi_amount=15909.827, upcomming_payment_date=2023-01-07, remaining_amount=1480628.0]
2022-10-16 13:16:26 [http-nio-8081-exec-6] INFO  com.capstone.aspect.LoggerAspect - *************************************
2022-10-16 13:16:26 [http-nio-8081-exec-6] INFO  com.capstone.aspect.LoggerAspect - Method name: com.capstone.service.EmiServiceImp
2022-10-16 13:16:26 [http-nio-8081-exec-6] INFO  com.capstone.aspect.LoggerAspect - Method arguments:[Ljava.lang.Object;@6e57312d
2022-10-16 13:16:26 [http-nio-8081-exec-6] INFO  com.capstone.aspect.LoggerAspect - *************************************
2022-10-16 13:16:26 [http-nio-8081-exec-6] INFO  com.capstone.aspect.LoggerAspect - During: class com.capstone.service.EmiServiceImp.getEmiData() with arguments=emi [s_no=1, loanaccno=202211011, loan_status=active, emi_amount=15909.827, upcomming_payment_date=2023-01-07, remaining_amount=1480628.0]
2022-10-16 13:16:26 [http-nio-8081-exec-6] INFO  com.capstone.aspect.LoggerAspect - *************************************
2022-10-16 13:16:26 [http-nio-8081-exec-6] INFO  com.capstone.aspect.LoggerAspect - During: class com.capstone.controller.EmiController.getemiofAccount() with arguments=<200 OK OK,emi [s_no=1, loanaccno=202211011, loan_status=active, emi_amount=15909.827, upcomming_payment_date=2023-01-07, remaining_amount=1480628.0],[]>
2022-10-16 13:16:26 [http-nio-8081-exec-6] INFO  com.capstone.aspect.LoggerAspect - *************************************
2022-10-16 13:16:29 [http-nio-8081-exec-7] WARN  o.s.w.s.m.s.DefaultHandlerExceptionResolver - Resolved [org.springframework.web.method.annotation.MethodArgumentTypeMismatchException: Failed to convert value of type 'java.lang.String' to required type 'int'; nested exception is java.lang.NumberFormatException: For input string: "undefined"]
2022-10-16 13:16:29 [http-nio-8081-exec-9] INFO  com.capstone.aspect.LoggerAspect - Method name: com.capstone.controller.EmiController
2022-10-16 13:16:29 [http-nio-8081-exec-9] INFO  com.capstone.aspect.LoggerAspect - Method arguments:[Ljava.lang.Object;@4fe3b96b
2022-10-16 13:16:29 [http-nio-8081-exec-9] INFO  com.capstone.aspect.LoggerAspect - *************************************
2022-10-16 13:16:29 [http-nio-8081-exec-9] INFO  com.capstone.aspect.LoggerAspect - Method name: com.capstone.service.EmiServiceImp
2022-10-16 13:16:29 [http-nio-8081-exec-9] INFO  com.capstone.aspect.LoggerAspect - Method arguments:[Ljava.lang.Object;@33e77265
2022-10-16 13:16:29 [http-nio-8081-exec-9] INFO  com.capstone.aspect.LoggerAspect - *************************************
2022-10-16 13:16:29 [http-nio-8081-exec-9] INFO  com.capstone.aspect.LoggerAspect - During: class com.capstone.service.EmiServiceImp.getEmiData() with arguments=emi [s_no=1, loanaccno=202211011, loan_status=active, emi_amount=15909.827, upcomming_payment_date=2023-01-07, remaining_amount=1480628.0]
2022-10-16 13:16:29 [http-nio-8081-exec-9] INFO  com.capstone.aspect.LoggerAspect - *************************************
2022-10-16 13:16:29 [http-nio-8081-exec-9] INFO  com.capstone.aspect.LoggerAspect - Method name: com.capstone.service.EmiServiceImp
2022-10-16 13:16:29 [http-nio-8081-exec-9] INFO  com.capstone.aspect.LoggerAspect - Method arguments:[Ljava.lang.Object;@62d1d631
2022-10-16 13:16:29 [http-nio-8081-exec-9] INFO  com.capstone.aspect.LoggerAspect - *************************************
2022-10-16 13:16:29 [http-nio-8081-exec-9] INFO  com.capstone.aspect.LoggerAspect - During: class com.capstone.service.EmiServiceImp.getEmiData() with arguments=emi [s_no=1, loanaccno=202211011, loan_status=active, emi_amount=15909.827, upcomming_payment_date=2023-01-07, remaining_amount=1480628.0]
2022-10-16 13:16:29 [http-nio-8081-exec-9] INFO  com.capstone.aspect.LoggerAspect - *************************************
2022-10-16 13:16:29 [http-nio-8081-exec-9] INFO  com.capstone.aspect.LoggerAspect - During: class com.capstone.controller.EmiController.getemiofAccount() with arguments=<200 OK OK,emi [s_no=1, loanaccno=202211011, loan_status=active, emi_amount=15909.827, upcomming_payment_date=2023-01-07, remaining_amount=1480628.0],[]>
2022-10-16 13:16:29 [http-nio-8081-exec-9] INFO  com.capstone.aspect.LoggerAspect - *************************************
2022-10-16 13:16:32 [http-nio-8081-exec-8] WARN  o.s.w.s.m.s.DefaultHandlerExceptionResolver - Resolved [org.springframework.web.method.annotation.MethodArgumentTypeMismatchException: Failed to convert value of type 'java.lang.String' to required type 'int'; nested exception is java.lang.NumberFormatException: For input string: "undefined"]
2022-10-16 13:16:32 [http-nio-8081-exec-10] INFO  com.capstone.aspect.LoggerAspect - Method name: com.capstone.controller.EmiController
2022-10-16 13:16:32 [http-nio-8081-exec-10] INFO  com.capstone.aspect.LoggerAspect - Method arguments:[Ljava.lang.Object;@54f48f77
2022-10-16 13:16:32 [http-nio-8081-exec-10] INFO  com.capstone.aspect.LoggerAspect - *************************************
2022-10-16 13:16:32 [http-nio-8081-exec-10] INFO  com.capstone.aspect.LoggerAspect - Method name: com.capstone.service.EmiServiceImp
2022-10-16 13:16:32 [http-nio-8081-exec-10] INFO  com.capstone.aspect.LoggerAspect - Method arguments:[Ljava.lang.Object;@31cf9663
2022-10-16 13:16:32 [http-nio-8081-exec-10] INFO  com.capstone.aspect.LoggerAspect - *************************************
2022-10-16 13:16:32 [http-nio-8081-exec-10] INFO  com.capstone.aspect.LoggerAspect - During: class com.capstone.service.EmiServiceImp.getEmiData() with arguments=emi [s_no=1, loanaccno=202211011, loan_status=active, emi_amount=15909.827, upcomming_payment_date=2023-01-07, remaining_amount=1480628.0]
2022-10-16 13:16:32 [http-nio-8081-exec-10] INFO  com.capstone.aspect.LoggerAspect - *************************************
2022-10-16 13:16:32 [http-nio-8081-exec-10] INFO  com.capstone.aspect.LoggerAspect - Method name: com.capstone.service.EmiServiceImp
2022-10-16 13:16:32 [http-nio-8081-exec-10] INFO  com.capstone.aspect.LoggerAspect - Method arguments:[Ljava.lang.Object;@75333b47
2022-10-16 13:16:32 [http-nio-8081-exec-10] INFO  com.capstone.aspect.LoggerAspect - *************************************
2022-10-16 13:16:32 [http-nio-8081-exec-10] INFO  com.capstone.aspect.LoggerAspect - During: class com.capstone.service.EmiServiceImp.getEmiData() with arguments=emi [s_no=1, loanaccno=202211011, loan_status=active, emi_amount=15909.827, upcomming_payment_date=2023-01-07, remaining_amount=1480628.0]
2022-10-16 13:16:32 [http-nio-8081-exec-10] INFO  com.capstone.aspect.LoggerAspect - *************************************
2022-10-16 13:16:32 [http-nio-8081-exec-10] INFO  com.capstone.aspect.LoggerAspect - During: class com.capstone.controller.EmiController.getemiofAccount() with arguments=<200 OK OK,emi [s_no=1, loanaccno=202211011, loan_status=active, emi_amount=15909.827, upcomming_payment_date=2023-01-07, remaining_amount=1480628.0],[]>
2022-10-16 13:16:32 [http-nio-8081-exec-10] INFO  com.capstone.aspect.LoggerAspect - *************************************
2022-10-16 13:16:48 [http-nio-8081-exec-1] WARN  o.s.w.s.m.s.DefaultHandlerExceptionResolver - Resolved [org.springframework.web.method.annotation.MethodArgumentTypeMismatchException: Failed to convert value of type 'java.lang.String' to required type 'int'; nested exception is java.lang.NumberFormatException: For input string: "undefined"]
2022-10-16 13:16:48 [http-nio-8081-exec-2] INFO  com.capstone.aspect.LoggerAspect - Method name: com.capstone.controller.EmiController
2022-10-16 13:16:48 [http-nio-8081-exec-2] INFO  com.capstone.aspect.LoggerAspect - Method arguments:[Ljava.lang.Object;@69bbcd89
2022-10-16 13:16:48 [http-nio-8081-exec-2] INFO  com.capstone.aspect.LoggerAspect - *************************************
2022-10-16 13:16:48 [http-nio-8081-exec-2] INFO  com.capstone.aspect.LoggerAspect - Method name: com.capstone.service.EmiServiceImp
2022-10-16 13:16:48 [http-nio-8081-exec-2] INFO  com.capstone.aspect.LoggerAspect - Method arguments:[Ljava.lang.Object;@94a0a2a
2022-10-16 13:16:48 [http-nio-8081-exec-2] INFO  com.capstone.aspect.LoggerAspect - *************************************
2022-10-16 13:16:48 [http-nio-8081-exec-2] INFO  com.capstone.aspect.LoggerAspect - During: class com.capstone.service.EmiServiceImp.getEmiData() with arguments=emi [s_no=1, loanaccno=202211011, loan_status=active, emi_amount=15909.827, upcomming_payment_date=2023-01-07, remaining_amount=1480628.0]
2022-10-16 13:16:48 [http-nio-8081-exec-2] INFO  com.capstone.aspect.LoggerAspect - *************************************
2022-10-16 13:16:48 [http-nio-8081-exec-2] INFO  com.capstone.aspect.LoggerAspect - Method name: com.capstone.service.EmiServiceImp
2022-10-16 13:16:48 [http-nio-8081-exec-2] INFO  com.capstone.aspect.LoggerAspect - Method arguments:[Ljava.lang.Object;@1718ae94
2022-10-16 13:16:48 [http-nio-8081-exec-2] INFO  com.capstone.aspect.LoggerAspect - *************************************
2022-10-16 13:16:48 [http-nio-8081-exec-2] INFO  com.capstone.aspect.LoggerAspect - During: class com.capstone.service.EmiServiceImp.getEmiData() with arguments=emi [s_no=1, loanaccno=202211011, loan_status=active, emi_amount=15909.827, upcomming_payment_date=2023-01-07, remaining_amount=1480628.0]
2022-10-16 13:16:48 [http-nio-8081-exec-2] INFO  com.capstone.aspect.LoggerAspect - *************************************
2022-10-16 13:16:48 [http-nio-8081-exec-2] INFO  com.capstone.aspect.LoggerAspect - During: class com.capstone.controller.EmiController.getemiofAccount() with arguments=<200 OK OK,emi [s_no=1, loanaccno=202211011, loan_status=active, emi_amount=15909.827, upcomming_payment_date=2023-01-07, remaining_amount=1480628.0],[]>
2022-10-16 13:16:48 [http-nio-8081-exec-2] INFO  com.capstone.aspect.LoggerAspect - *************************************
2022-10-16 13:17:07 [http-nio-8081-exec-3] WARN  o.s.w.s.m.s.DefaultHandlerExceptionResolver - Resolved [org.springframework.web.method.annotation.MethodArgumentTypeMismatchException: Failed to convert value of type 'java.lang.String' to required type 'int'; nested exception is java.lang.NumberFormatException: For input string: "undefined"]
2022-10-16 13:17:07 [http-nio-8081-exec-4] INFO  com.capstone.aspect.LoggerAspect - Method name: com.capstone.controller.EmiController
2022-10-16 13:17:07 [http-nio-8081-exec-4] INFO  com.capstone.aspect.LoggerAspect - Method arguments:[Ljava.lang.Object;@39648260
2022-10-16 13:17:07 [http-nio-8081-exec-4] INFO  com.capstone.aspect.LoggerAspect - *************************************
2022-10-16 13:17:07 [http-nio-8081-exec-4] INFO  com.capstone.aspect.LoggerAspect - Method name: com.capstone.service.EmiServiceImp
2022-10-16 13:17:07 [http-nio-8081-exec-4] INFO  com.capstone.aspect.LoggerAspect - Method arguments:[Ljava.lang.Object;@82de38b
2022-10-16 13:17:07 [http-nio-8081-exec-4] INFO  com.capstone.aspect.LoggerAspect - *************************************
2022-10-16 13:17:07 [http-nio-8081-exec-4] INFO  com.capstone.aspect.LoggerAspect - During: class com.capstone.service.EmiServiceImp.getEmiData() with arguments=emi [s_no=1, loanaccno=202211011, loan_status=active, emi_amount=15909.827, upcomming_payment_date=2023-01-07, remaining_amount=1480628.0]
2022-10-16 13:17:07 [http-nio-8081-exec-4] INFO  com.capstone.aspect.LoggerAspect - *************************************
2022-10-16 13:17:07 [http-nio-8081-exec-4] INFO  com.capstone.aspect.LoggerAspect - Method name: com.capstone.service.EmiServiceImp
2022-10-16 13:17:07 [http-nio-8081-exec-4] INFO  com.capstone.aspect.LoggerAspect - Method arguments:[Ljava.lang.Object;@7024d5f7
2022-10-16 13:17:07 [http-nio-8081-exec-4] INFO  com.capstone.aspect.LoggerAspect - *************************************
2022-10-16 13:17:07 [http-nio-8081-exec-4] INFO  com.capstone.aspect.LoggerAspect - During: class com.capstone.service.EmiServiceImp.getEmiData() with arguments=emi [s_no=1, loanaccno=202211011, loan_status=active, emi_amount=15909.827, upcomming_payment_date=2023-01-07, remaining_amount=1480628.0]
2022-10-16 13:17:07 [http-nio-8081-exec-4] INFO  com.capstone.aspect.LoggerAspect - *************************************
2022-10-16 13:17:07 [http-nio-8081-exec-4] INFO  com.capstone.aspect.LoggerAspect - During: class com.capstone.controller.EmiController.getemiofAccount() with arguments=<200 OK OK,emi [s_no=1, loanaccno=202211011, loan_status=active, emi_amount=15909.827, upcomming_payment_date=2023-01-07, remaining_amount=1480628.0],[]>
2022-10-16 13:17:07 [http-nio-8081-exec-4] INFO  com.capstone.aspect.LoggerAspect - *************************************
2022-10-16 13:17:08 [http-nio-8081-exec-5] WARN  o.s.w.s.m.s.DefaultHandlerExceptionResolver - Resolved [org.springframework.web.method.annotation.MethodArgumentTypeMismatchException: Failed to convert value of type 'java.lang.String' to required type 'int'; nested exception is java.lang.NumberFormatException: For input string: "undefined"]
2022-10-16 13:17:08 [http-nio-8081-exec-6] INFO  com.capstone.aspect.LoggerAspect - Method name: com.capstone.controller.EmiController
2022-10-16 13:17:08 [http-nio-8081-exec-6] INFO  com.capstone.aspect.LoggerAspect - Method arguments:[Ljava.lang.Object;@7eede0bd
2022-10-16 13:17:08 [http-nio-8081-exec-6] INFO  com.capstone.aspect.LoggerAspect - *************************************
2022-10-16 13:17:08 [http-nio-8081-exec-6] INFO  com.capstone.aspect.LoggerAspect - Method name: com.capstone.service.EmiServiceImp
2022-10-16 13:17:08 [http-nio-8081-exec-6] INFO  com.capstone.aspect.LoggerAspect - Method arguments:[Ljava.lang.Object;@6940c565
2022-10-16 13:17:08 [http-nio-8081-exec-6] INFO  com.capstone.aspect.LoggerAspect - *************************************
2022-10-16 13:17:08 [http-nio-8081-exec-6] INFO  com.capstone.aspect.LoggerAspect - During: class com.capstone.service.EmiServiceImp.getEmiData() with arguments=emi [s_no=1, loanaccno=202211011, loan_status=active, emi_amount=15909.827, upcomming_payment_date=2023-01-07, remaining_amount=1480628.0]
2022-10-16 13:17:08 [http-nio-8081-exec-6] INFO  com.capstone.aspect.LoggerAspect - *************************************
2022-10-16 13:17:08 [http-nio-8081-exec-6] INFO  com.capstone.aspect.LoggerAspect - Method name: com.capstone.service.EmiServiceImp
2022-10-16 13:17:08 [http-nio-8081-exec-6] INFO  com.capstone.aspect.LoggerAspect - Method arguments:[Ljava.lang.Object;@5e000039
2022-10-16 13:17:08 [http-nio-8081-exec-6] INFO  com.capstone.aspect.LoggerAspect - *************************************
2022-10-16 13:17:08 [http-nio-8081-exec-6] INFO  com.capstone.aspect.LoggerAspect - During: class com.capstone.service.EmiServiceImp.getEmiData() with arguments=emi [s_no=1, loanaccno=202211011, loan_status=active, emi_amount=15909.827, upcomming_payment_date=2023-01-07, remaining_amount=1480628.0]
2022-10-16 13:17:08 [http-nio-8081-exec-6] INFO  com.capstone.aspect.LoggerAspect - *************************************
2022-10-16 13:17:08 [http-nio-8081-exec-6] INFO  com.capstone.aspect.LoggerAspect - During: class com.capstone.controller.EmiController.getemiofAccount() with arguments=<200 OK OK,emi [s_no=1, loanaccno=202211011, loan_status=active, emi_amount=15909.827, upcomming_payment_date=2023-01-07, remaining_amount=1480628.0],[]>
2022-10-16 13:17:08 [http-nio-8081-exec-6] INFO  com.capstone.aspect.LoggerAspect - *************************************
2022-10-16 13:17:13 [http-nio-8081-exec-7] WARN  o.s.w.s.m.s.DefaultHandlerExceptionResolver - Resolved [org.springframework.web.method.annotation.MethodArgumentTypeMismatchException: Failed to convert value of type 'java.lang.String' to required type 'int'; nested exception is java.lang.NumberFormatException: For input string: "undefined"]
2022-10-16 13:17:13 [http-nio-8081-exec-9] INFO  com.capstone.aspect.LoggerAspect - Method name: com.capstone.controller.EmiController
2022-10-16 13:17:13 [http-nio-8081-exec-9] INFO  com.capstone.aspect.LoggerAspect - Method arguments:[Ljava.lang.Object;@7ae18ef7
2022-10-16 13:17:13 [http-nio-8081-exec-9] INFO  com.capstone.aspect.LoggerAspect - *************************************
2022-10-16 13:17:13 [http-nio-8081-exec-9] INFO  com.capstone.aspect.LoggerAspect - Method name: com.capstone.service.EmiServiceImp
2022-10-16 13:17:13 [http-nio-8081-exec-9] INFO  com.capstone.aspect.LoggerAspect - Method arguments:[Ljava.lang.Object;@12e82b5c
2022-10-16 13:17:13 [http-nio-8081-exec-9] INFO  com.capstone.aspect.LoggerAspect - *************************************
2022-10-16 13:17:13 [http-nio-8081-exec-9] INFO  com.capstone.aspect.LoggerAspect - During: class com.capstone.service.EmiServiceImp.getEmiData() with arguments=emi [s_no=1, loanaccno=202211011, loan_status=active, emi_amount=15909.827, upcomming_payment_date=2023-01-07, remaining_amount=1480628.0]
2022-10-16 13:17:13 [http-nio-8081-exec-9] INFO  com.capstone.aspect.LoggerAspect - *************************************
2022-10-16 13:17:13 [http-nio-8081-exec-9] INFO  com.capstone.aspect.LoggerAspect - Method name: com.capstone.service.EmiServiceImp
2022-10-16 13:17:13 [http-nio-8081-exec-9] INFO  com.capstone.aspect.LoggerAspect - Method arguments:[Ljava.lang.Object;@73f17afc
2022-10-16 13:17:13 [http-nio-8081-exec-9] INFO  com.capstone.aspect.LoggerAspect - *************************************
2022-10-16 13:17:13 [http-nio-8081-exec-9] INFO  com.capstone.aspect.LoggerAspect - During: class com.capstone.service.EmiServiceImp.getEmiData() with arguments=emi [s_no=1, loanaccno=202211011, loan_status=active, emi_amount=15909.827, upcomming_payment_date=2023-01-07, remaining_amount=1480628.0]
2022-10-16 13:17:13 [http-nio-8081-exec-9] INFO  com.capstone.aspect.LoggerAspect - *************************************
2022-10-16 13:17:13 [http-nio-8081-exec-9] INFO  com.capstone.aspect.LoggerAspect - During: class com.capstone.controller.EmiController.getemiofAccount() with arguments=<200 OK OK,emi [s_no=1, loanaccno=202211011, loan_status=active, emi_amount=15909.827, upcomming_payment_date=2023-01-07, remaining_amount=1480628.0],[]>
2022-10-16 13:17:13 [http-nio-8081-exec-9] INFO  com.capstone.aspect.LoggerAspect - *************************************
2022-10-16 13:17:27 [http-nio-8081-exec-8] WARN  o.s.w.s.m.s.DefaultHandlerExceptionResolver - Resolved [org.springframework.web.method.annotation.MethodArgumentTypeMismatchException: Failed to convert value of type 'java.lang.String' to required type 'int'; nested exception is java.lang.NumberFormatException: For input string: "undefined"]
2022-10-16 13:17:27 [http-nio-8081-exec-10] INFO  com.capstone.aspect.LoggerAspect - Method name: com.capstone.controller.EmiController
2022-10-16 13:17:27 [http-nio-8081-exec-10] INFO  com.capstone.aspect.LoggerAspect - Method arguments:[Ljava.lang.Object;@4a72a650
2022-10-16 13:17:27 [http-nio-8081-exec-10] INFO  com.capstone.aspect.LoggerAspect - *************************************
2022-10-16 13:17:27 [http-nio-8081-exec-10] INFO  com.capstone.aspect.LoggerAspect - Method name: com.capstone.service.EmiServiceImp
2022-10-16 13:17:27 [http-nio-8081-exec-10] INFO  com.capstone.aspect.LoggerAspect - Method arguments:[Ljava.lang.Object;@290a7e4d
2022-10-16 13:17:27 [http-nio-8081-exec-10] INFO  com.capstone.aspect.LoggerAspect - *************************************
2022-10-16 13:17:27 [http-nio-8081-exec-10] INFO  com.capstone.aspect.LoggerAspect - During: class com.capstone.service.EmiServiceImp.getEmiData() with arguments=emi [s_no=1, loanaccno=202211011, loan_status=active, emi_amount=15909.827, upcomming_payment_date=2023-01-07, remaining_amount=1480628.0]
2022-10-16 13:17:27 [http-nio-8081-exec-10] INFO  com.capstone.aspect.LoggerAspect - *************************************
2022-10-16 13:17:27 [http-nio-8081-exec-10] INFO  com.capstone.aspect.LoggerAspect - Method name: com.capstone.service.EmiServiceImp
2022-10-16 13:17:27 [http-nio-8081-exec-10] INFO  com.capstone.aspect.LoggerAspect - Method arguments:[Ljava.lang.Object;@49513f51
2022-10-16 13:17:27 [http-nio-8081-exec-10] INFO  com.capstone.aspect.LoggerAspect - *************************************
2022-10-16 13:17:27 [http-nio-8081-exec-10] INFO  com.capstone.aspect.LoggerAspect - During: class com.capstone.service.EmiServiceImp.getEmiData() with arguments=emi [s_no=1, loanaccno=202211011, loan_status=active, emi_amount=15909.827, upcomming_payment_date=2023-01-07, remaining_amount=1480628.0]
2022-10-16 13:17:27 [http-nio-8081-exec-10] INFO  com.capstone.aspect.LoggerAspect - *************************************
2022-10-16 13:17:27 [http-nio-8081-exec-10] INFO  com.capstone.aspect.LoggerAspect - During: class com.capstone.controller.EmiController.getemiofAccount() with arguments=<200 OK OK,emi [s_no=1, loanaccno=202211011, loan_status=active, emi_amount=15909.827, upcomming_payment_date=2023-01-07, remaining_amount=1480628.0],[]>
2022-10-16 13:17:27 [http-nio-8081-exec-10] INFO  com.capstone.aspect.LoggerAspect - *************************************
2022-10-16 13:17:49 [http-nio-8081-exec-1] WARN  o.s.w.s.m.s.DefaultHandlerExceptionResolver - Resolved [org.springframework.web.method.annotation.MethodArgumentTypeMismatchException: Failed to convert value of type 'java.lang.String' to required type 'int'; nested exception is java.lang.NumberFormatException: For input string: "undefined"]
2022-10-16 13:17:49 [http-nio-8081-exec-2] INFO  com.capstone.aspect.LoggerAspect - Method name: com.capstone.controller.EmiController
2022-10-16 13:17:49 [http-nio-8081-exec-2] INFO  com.capstone.aspect.LoggerAspect - Method arguments:[Ljava.lang.Object;@3defef74
2022-10-16 13:17:49 [http-nio-8081-exec-2] INFO  com.capstone.aspect.LoggerAspect - *************************************
2022-10-16 13:17:49 [http-nio-8081-exec-2] INFO  com.capstone.aspect.LoggerAspect - Method name: com.capstone.service.EmiServiceImp
2022-10-16 13:17:49 [http-nio-8081-exec-2] INFO  com.capstone.aspect.LoggerAspect - Method arguments:[Ljava.lang.Object;@2e159393
2022-10-16 13:17:49 [http-nio-8081-exec-2] INFO  com.capstone.aspect.LoggerAspect - *************************************
2022-10-16 13:17:49 [http-nio-8081-exec-2] INFO  com.capstone.aspect.LoggerAspect - During: class com.capstone.service.EmiServiceImp.getEmiData() with arguments=emi [s_no=1, loanaccno=202211011, loan_status=active, emi_amount=15909.827, upcomming_payment_date=2023-01-07, remaining_amount=1480628.0]
2022-10-16 13:17:49 [http-nio-8081-exec-2] INFO  com.capstone.aspect.LoggerAspect - *************************************
2022-10-16 13:17:49 [http-nio-8081-exec-2] INFO  com.capstone.aspect.LoggerAspect - Method name: com.capstone.service.EmiServiceImp
2022-10-16 13:17:49 [http-nio-8081-exec-2] INFO  com.capstone.aspect.LoggerAspect - Method arguments:[Ljava.lang.Object;@3a766ca7
2022-10-16 13:17:49 [http-nio-8081-exec-2] INFO  com.capstone.aspect.LoggerAspect - *************************************
2022-10-16 13:17:49 [http-nio-8081-exec-2] INFO  com.capstone.aspect.LoggerAspect - During: class com.capstone.service.EmiServiceImp.getEmiData() with arguments=emi [s_no=1, loanaccno=202211011, loan_status=active, emi_amount=15909.827, upcomming_payment_date=2023-01-07, remaining_amount=1480628.0]
2022-10-16 13:17:49 [http-nio-8081-exec-2] INFO  com.capstone.aspect.LoggerAspect - *************************************
2022-10-16 13:17:49 [http-nio-8081-exec-2] INFO  com.capstone.aspect.LoggerAspect - During: class com.capstone.controller.EmiController.getemiofAccount() with arguments=<200 OK OK,emi [s_no=1, loanaccno=202211011, loan_status=active, emi_amount=15909.827, upcomming_payment_date=2023-01-07, remaining_amount=1480628.0],[]>
2022-10-16 13:17:49 [http-nio-8081-exec-2] INFO  com.capstone.aspect.LoggerAspect - *************************************
2022-10-16 13:17:52 [http-nio-8081-exec-3] WARN  o.s.w.s.m.s.DefaultHandlerExceptionResolver - Resolved [org.springframework.web.method.annotation.MethodArgumentTypeMismatchException: Failed to convert value of type 'java.lang.String' to required type 'int'; nested exception is java.lang.NumberFormatException: For input string: "undefined"]
2022-10-16 13:17:52 [http-nio-8081-exec-4] INFO  com.capstone.aspect.LoggerAspect - Method name: com.capstone.controller.EmiController
2022-10-16 13:17:52 [http-nio-8081-exec-4] INFO  com.capstone.aspect.LoggerAspect - Method arguments:[Ljava.lang.Object;@2cab6379
2022-10-16 13:17:52 [http-nio-8081-exec-4] INFO  com.capstone.aspect.LoggerAspect - *************************************
2022-10-16 13:17:52 [http-nio-8081-exec-4] INFO  com.capstone.aspect.LoggerAspect - Method name: com.capstone.service.EmiServiceImp
2022-10-16 13:17:52 [http-nio-8081-exec-4] INFO  com.capstone.aspect.LoggerAspect - Method arguments:[Ljava.lang.Object;@31e29bca
2022-10-16 13:17:52 [http-nio-8081-exec-4] INFO  com.capstone.aspect.LoggerAspect - *************************************
2022-10-16 13:17:52 [http-nio-8081-exec-4] INFO  com.capstone.aspect.LoggerAspect - During: class com.capstone.service.EmiServiceImp.getEmiData() with arguments=emi [s_no=1, loanaccno=202211011, loan_status=active, emi_amount=15909.827, upcomming_payment_date=2023-01-07, remaining_amount=1480628.0]
2022-10-16 13:17:52 [http-nio-8081-exec-4] INFO  com.capstone.aspect.LoggerAspect - *************************************
2022-10-16 13:17:52 [http-nio-8081-exec-4] INFO  com.capstone.aspect.LoggerAspect - Method name: com.capstone.service.EmiServiceImp
2022-10-16 13:17:52 [http-nio-8081-exec-4] INFO  com.capstone.aspect.LoggerAspect - Method arguments:[Ljava.lang.Object;@7c8eec28
2022-10-16 13:17:52 [http-nio-8081-exec-4] INFO  com.capstone.aspect.LoggerAspect - *************************************
2022-10-16 13:17:52 [http-nio-8081-exec-4] INFO  com.capstone.aspect.LoggerAspect - During: class com.capstone.service.EmiServiceImp.getEmiData() with arguments=emi [s_no=1, loanaccno=202211011, loan_status=active, emi_amount=15909.827, upcomming_payment_date=2023-01-07, remaining_amount=1480628.0]
2022-10-16 13:17:52 [http-nio-8081-exec-4] INFO  com.capstone.aspect.LoggerAspect - *************************************
2022-10-16 13:17:52 [http-nio-8081-exec-4] INFO  com.capstone.aspect.LoggerAspect - During: class com.capstone.controller.EmiController.getemiofAccount() with arguments=<200 OK OK,emi [s_no=1, loanaccno=202211011, loan_status=active, emi_amount=15909.827, upcomming_payment_date=2023-01-07, remaining_amount=1480628.0],[]>
2022-10-16 13:17:52 [http-nio-8081-exec-4] INFO  com.capstone.aspect.LoggerAspect - *************************************
2022-10-16 13:18:19 [http-nio-8081-exec-5] WARN  o.s.w.s.m.s.DefaultHandlerExceptionResolver - Resolved [org.springframework.web.method.annotation.MethodArgumentTypeMismatchException: Failed to convert value of type 'java.lang.String' to required type 'int'; nested exception is java.lang.NumberFormatException: For input string: "undefined"]
2022-10-16 13:18:19 [http-nio-8081-exec-6] INFO  com.capstone.aspect.LoggerAspect - Method name: com.capstone.controller.EmiController
2022-10-16 13:18:19 [http-nio-8081-exec-6] INFO  com.capstone.aspect.LoggerAspect - Method arguments:[Ljava.lang.Object;@1191a055
2022-10-16 13:18:19 [http-nio-8081-exec-6] INFO  com.capstone.aspect.LoggerAspect - *************************************
2022-10-16 13:18:19 [http-nio-8081-exec-6] INFO  com.capstone.aspect.LoggerAspect - Method name: com.capstone.service.EmiServiceImp
2022-10-16 13:18:19 [http-nio-8081-exec-6] INFO  com.capstone.aspect.LoggerAspect - Method arguments:[Ljava.lang.Object;@716d0462
2022-10-16 13:18:19 [http-nio-8081-exec-6] INFO  com.capstone.aspect.LoggerAspect - *************************************
2022-10-16 13:18:19 [http-nio-8081-exec-6] INFO  com.capstone.aspect.LoggerAspect - During: class com.capstone.service.EmiServiceImp.getEmiData() with arguments=emi [s_no=1, loanaccno=202211011, loan_status=active, emi_amount=15909.827, upcomming_payment_date=2023-01-07, remaining_amount=1480628.0]
2022-10-16 13:18:19 [http-nio-8081-exec-6] INFO  com.capstone.aspect.LoggerAspect - *************************************
2022-10-16 13:18:19 [http-nio-8081-exec-6] INFO  com.capstone.aspect.LoggerAspect - Method name: com.capstone.service.EmiServiceImp
2022-10-16 13:18:19 [http-nio-8081-exec-6] INFO  com.capstone.aspect.LoggerAspect - Method arguments:[Ljava.lang.Object;@6bbd2e74
2022-10-16 13:18:19 [http-nio-8081-exec-6] INFO  com.capstone.aspect.LoggerAspect - *************************************
2022-10-16 13:18:19 [http-nio-8081-exec-6] INFO  com.capstone.aspect.LoggerAspect - During: class com.capstone.service.EmiServiceImp.getEmiData() with arguments=emi [s_no=1, loanaccno=202211011, loan_status=active, emi_amount=15909.827, upcomming_payment_date=2023-01-07, remaining_amount=1480628.0]
2022-10-16 13:18:19 [http-nio-8081-exec-6] INFO  com.capstone.aspect.LoggerAspect - *************************************
2022-10-16 13:18:19 [http-nio-8081-exec-6] INFO  com.capstone.aspect.LoggerAspect - During: class com.capstone.controller.EmiController.getemiofAccount() with arguments=<200 OK OK,emi [s_no=1, loanaccno=202211011, loan_status=active, emi_amount=15909.827, upcomming_payment_date=2023-01-07, remaining_amount=1480628.0],[]>
2022-10-16 13:18:19 [http-nio-8081-exec-6] INFO  com.capstone.aspect.LoggerAspect - *************************************
2022-10-16 13:18:30 [http-nio-8081-exec-7] WARN  o.s.w.s.m.s.DefaultHandlerExceptionResolver - Resolved [org.springframework.web.method.annotation.MethodArgumentTypeMismatchException: Failed to convert value of type 'java.lang.String' to required type 'int'; nested exception is java.lang.NumberFormatException: For input string: "undefined"]
2022-10-16 13:18:30 [http-nio-8081-exec-9] INFO  com.capstone.aspect.LoggerAspect - Method name: com.capstone.controller.EmiController
2022-10-16 13:18:30 [http-nio-8081-exec-9] INFO  com.capstone.aspect.LoggerAspect - Method arguments:[Ljava.lang.Object;@62ca937a
2022-10-16 13:18:30 [http-nio-8081-exec-9] INFO  com.capstone.aspect.LoggerAspect - *************************************
2022-10-16 13:18:30 [http-nio-8081-exec-9] INFO  com.capstone.aspect.LoggerAspect - Method name: com.capstone.service.EmiServiceImp
2022-10-16 13:18:30 [http-nio-8081-exec-9] INFO  com.capstone.aspect.LoggerAspect - Method arguments:[Ljava.lang.Object;@59c7bc2d
2022-10-16 13:18:30 [http-nio-8081-exec-9] INFO  com.capstone.aspect.LoggerAspect - *************************************
2022-10-16 13:18:30 [http-nio-8081-exec-9] INFO  com.capstone.aspect.LoggerAspect - During: class com.capstone.service.EmiServiceImp.getEmiData() with arguments=emi [s_no=1, loanaccno=202211011, loan_status=active, emi_amount=15909.827, upcomming_payment_date=2023-01-07, remaining_amount=1480628.0]
2022-10-16 13:18:30 [http-nio-8081-exec-9] INFO  com.capstone.aspect.LoggerAspect - *************************************
2022-10-16 13:18:30 [http-nio-8081-exec-9] INFO  com.capstone.aspect.LoggerAspect - Method name: com.capstone.service.EmiServiceImp
2022-10-16 13:18:30 [http-nio-8081-exec-9] INFO  com.capstone.aspect.LoggerAspect - Method arguments:[Ljava.lang.Object;@e3d409a
2022-10-16 13:18:30 [http-nio-8081-exec-9] INFO  com.capstone.aspect.LoggerAspect - *************************************
2022-10-16 13:18:30 [http-nio-8081-exec-9] INFO  com.capstone.aspect.LoggerAspect - During: class com.capstone.service.EmiServiceImp.getEmiData() with arguments=emi [s_no=1, loanaccno=202211011, loan_status=active, emi_amount=15909.827, upcomming_payment_date=2023-01-07, remaining_amount=1480628.0]
2022-10-16 13:18:30 [http-nio-8081-exec-9] INFO  com.capstone.aspect.LoggerAspect - *************************************
2022-10-16 13:18:30 [http-nio-8081-exec-9] INFO  com.capstone.aspect.LoggerAspect - During: class com.capstone.controller.EmiController.getemiofAccount() with arguments=<200 OK OK,emi [s_no=1, loanaccno=202211011, loan_status=active, emi_amount=15909.827, upcomming_payment_date=2023-01-07, remaining_amount=1480628.0],[]>
2022-10-16 13:18:30 [http-nio-8081-exec-9] INFO  com.capstone.aspect.LoggerAspect - *************************************
2022-10-16 13:18:34 [http-nio-8081-exec-8] WARN  o.s.w.s.m.s.DefaultHandlerExceptionResolver - Resolved [org.springframework.web.method.annotation.MethodArgumentTypeMismatchException: Failed to convert value of type 'java.lang.String' to required type 'int'; nested exception is java.lang.NumberFormatException: For input string: "undefined"]
2022-10-16 13:18:34 [http-nio-8081-exec-10] INFO  com.capstone.aspect.LoggerAspect - Method name: com.capstone.controller.EmiController
2022-10-16 13:18:34 [http-nio-8081-exec-10] INFO  com.capstone.aspect.LoggerAspect - Method arguments:[Ljava.lang.Object;@168ad18e
2022-10-16 13:18:34 [http-nio-8081-exec-10] INFO  com.capstone.aspect.LoggerAspect - *************************************
2022-10-16 13:18:34 [http-nio-8081-exec-10] INFO  com.capstone.aspect.LoggerAspect - Method name: com.capstone.service.EmiServiceImp
2022-10-16 13:18:34 [http-nio-8081-exec-10] INFO  com.capstone.aspect.LoggerAspect - Method arguments:[Ljava.lang.Object;@4114778e
2022-10-16 13:18:34 [http-nio-8081-exec-10] INFO  com.capstone.aspect.LoggerAspect - *************************************
2022-10-16 13:18:34 [http-nio-8081-exec-10] INFO  com.capstone.aspect.LoggerAspect - During: class com.capstone.service.EmiServiceImp.getEmiData() with arguments=emi [s_no=1, loanaccno=202211011, loan_status=active, emi_amount=15909.827, upcomming_payment_date=2023-01-07, remaining_amount=1480628.0]
2022-10-16 13:18:34 [http-nio-8081-exec-10] INFO  com.capstone.aspect.LoggerAspect - *************************************
2022-10-16 13:18:34 [http-nio-8081-exec-10] INFO  com.capstone.aspect.LoggerAspect - Method name: com.capstone.service.EmiServiceImp
2022-10-16 13:18:34 [http-nio-8081-exec-10] INFO  com.capstone.aspect.LoggerAspect - Method arguments:[Ljava.lang.Object;@5cfaef17
2022-10-16 13:18:34 [http-nio-8081-exec-10] INFO  com.capstone.aspect.LoggerAspect - *************************************
2022-10-16 13:18:34 [http-nio-8081-exec-10] INFO  com.capstone.aspect.LoggerAspect - During: class com.capstone.service.EmiServiceImp.getEmiData() with arguments=emi [s_no=1, loanaccno=202211011, loan_status=active, emi_amount=15909.827, upcomming_payment_date=2023-01-07, remaining_amount=1480628.0]
2022-10-16 13:18:34 [http-nio-8081-exec-10] INFO  com.capstone.aspect.LoggerAspect - *************************************
2022-10-16 13:18:34 [http-nio-8081-exec-10] INFO  com.capstone.aspect.LoggerAspect - During: class com.capstone.controller.EmiController.getemiofAccount() with arguments=<200 OK OK,emi [s_no=1, loanaccno=202211011, loan_status=active, emi_amount=15909.827, upcomming_payment_date=2023-01-07, remaining_amount=1480628.0],[]>
2022-10-16 13:18:34 [http-nio-8081-exec-10] INFO  com.capstone.aspect.LoggerAspect - *************************************
2022-10-16 13:18:57 [http-nio-8081-exec-1] WARN  o.s.w.s.m.s.DefaultHandlerExceptionResolver - Resolved [org.springframework.web.method.annotation.MethodArgumentTypeMismatchException: Failed to convert value of type 'java.lang.String' to required type 'int'; nested exception is java.lang.NumberFormatException: For input string: "undefined"]
2022-10-16 13:18:57 [http-nio-8081-exec-2] INFO  com.capstone.aspect.LoggerAspect - Method name: com.capstone.controller.EmiController
2022-10-16 13:18:57 [http-nio-8081-exec-2] INFO  com.capstone.aspect.LoggerAspect - Method arguments:[Ljava.lang.Object;@2aa66b3d
2022-10-16 13:18:57 [http-nio-8081-exec-2] INFO  com.capstone.aspect.LoggerAspect - *************************************
2022-10-16 13:18:57 [http-nio-8081-exec-2] INFO  com.capstone.aspect.LoggerAspect - Method name: com.capstone.service.EmiServiceImp
2022-10-16 13:18:57 [http-nio-8081-exec-2] INFO  com.capstone.aspect.LoggerAspect - Method arguments:[Ljava.lang.Object;@17cf29d4
2022-10-16 13:18:57 [http-nio-8081-exec-2] INFO  com.capstone.aspect.LoggerAspect - *************************************
2022-10-16 13:18:57 [http-nio-8081-exec-2] INFO  com.capstone.aspect.LoggerAspect - During: class com.capstone.service.EmiServiceImp.getEmiData() with arguments=emi [s_no=1, loanaccno=202211011, loan_status=active, emi_amount=15909.827, upcomming_payment_date=2023-01-07, remaining_amount=1480628.0]
2022-10-16 13:18:57 [http-nio-8081-exec-2] INFO  com.capstone.aspect.LoggerAspect - *************************************
2022-10-16 13:18:57 [http-nio-8081-exec-2] INFO  com.capstone.aspect.LoggerAspect - Method name: com.capstone.service.EmiServiceImp
2022-10-16 13:18:57 [http-nio-8081-exec-2] INFO  com.capstone.aspect.LoggerAspect - Method arguments:[Ljava.lang.Object;@165cc1d2
2022-10-16 13:18:57 [http-nio-8081-exec-2] INFO  com.capstone.aspect.LoggerAspect - *************************************
2022-10-16 13:18:57 [http-nio-8081-exec-2] INFO  com.capstone.aspect.LoggerAspect - During: class com.capstone.service.EmiServiceImp.getEmiData() with arguments=emi [s_no=1, loanaccno=202211011, loan_status=active, emi_amount=15909.827, upcomming_payment_date=2023-01-07, remaining_amount=1480628.0]
2022-10-16 13:18:57 [http-nio-8081-exec-2] INFO  com.capstone.aspect.LoggerAspect - *************************************
2022-10-16 13:18:57 [http-nio-8081-exec-2] INFO  com.capstone.aspect.LoggerAspect - During: class com.capstone.controller.EmiController.getemiofAccount() with arguments=<200 OK OK,emi [s_no=1, loanaccno=202211011, loan_status=active, emi_amount=15909.827, upcomming_payment_date=2023-01-07, remaining_amount=1480628.0],[]>
2022-10-16 13:18:57 [http-nio-8081-exec-2] INFO  com.capstone.aspect.LoggerAspect - *************************************
2022-10-16 13:19:29 [AsyncResolver-bootstrap-executor-0] INFO  c.n.d.s.r.aws.ConfigClusterResolver - Resolving eureka endpoints via configuration
2022-10-16 13:20:40 [http-nio-8081-exec-4] INFO  com.capstone.aspect.LoggerAspect - Method name: com.capstone.controller.EmiController
2022-10-16 13:20:40 [http-nio-8081-exec-4] INFO  com.capstone.aspect.LoggerAspect - Method arguments:[Ljava.lang.Object;@66db84a8
2022-10-16 13:20:40 [http-nio-8081-exec-4] INFO  com.capstone.aspect.LoggerAspect - *************************************
2022-10-16 13:20:40 [http-nio-8081-exec-4] INFO  com.capstone.aspect.LoggerAspect - Method name: com.capstone.service.EmiServiceImp
2022-10-16 13:20:40 [http-nio-8081-exec-4] INFO  com.capstone.aspect.LoggerAspect - Method arguments:[Ljava.lang.Object;@6167f26d
2022-10-16 13:20:40 [http-nio-8081-exec-4] INFO  com.capstone.aspect.LoggerAspect - *************************************
2022-10-16 13:20:40 [http-nio-8081-exec-4] INFO  com.capstone.aspect.LoggerAspect - During: class com.capstone.service.EmiServiceImp.getEmiData() with arguments=emi [s_no=4, loanaccno=202211022, loan_status=active, emi_amount=14673.0, upcomming_payment_date=2022-11-07, remaining_amount=500000.0]
2022-10-16 13:20:40 [http-nio-8081-exec-4] INFO  com.capstone.aspect.LoggerAspect - *************************************
2022-10-16 13:20:40 [http-nio-8081-exec-4] INFO  com.capstone.aspect.LoggerAspect - Method name: com.capstone.service.EmiServiceImp
2022-10-16 13:20:40 [http-nio-8081-exec-4] INFO  com.capstone.aspect.LoggerAspect - Method arguments:[Ljava.lang.Object;@3c2b7392
2022-10-16 13:20:40 [http-nio-8081-exec-4] INFO  com.capstone.aspect.LoggerAspect - *************************************
2022-10-16 13:20:40 [http-nio-8081-exec-4] INFO  com.capstone.aspect.LoggerAspect - During: class com.capstone.service.EmiServiceImp.getEmiData() with arguments=emi [s_no=4, loanaccno=202211022, loan_status=active, emi_amount=14673.0, upcomming_payment_date=2022-11-07, remaining_amount=500000.0]
2022-10-16 13:20:40 [http-nio-8081-exec-4] INFO  com.capstone.aspect.LoggerAspect - *************************************
2022-10-16 13:20:40 [http-nio-8081-exec-4] INFO  com.capstone.aspect.LoggerAspect - During: class com.capstone.controller.EmiController.getemiofAccount() with arguments=<200 OK OK,emi [s_no=4, loanaccno=202211022, loan_status=active, emi_amount=14673.0, upcomming_payment_date=2022-11-07, remaining_amount=500000.0],[]>
2022-10-16 13:20:40 [http-nio-8081-exec-4] INFO  com.capstone.aspect.LoggerAspect - *************************************
2022-10-16 13:21:19 [http-nio-8081-exec-5] INFO  com.capstone.aspect.LoggerAspect - Method name: com.capstone.controller.EmiController
2022-10-16 13:21:19 [http-nio-8081-exec-5] INFO  com.capstone.aspect.LoggerAspect - Method arguments:[Ljava.lang.Object;@33654111
2022-10-16 13:21:19 [http-nio-8081-exec-5] INFO  com.capstone.aspect.LoggerAspect - *************************************
2022-10-16 13:21:19 [http-nio-8081-exec-5] INFO  com.capstone.aspect.LoggerAspect - Method name: com.capstone.service.EmiServiceImp
2022-10-16 13:21:19 [http-nio-8081-exec-5] INFO  com.capstone.aspect.LoggerAspect - Method arguments:[Ljava.lang.Object;@39eea4df
2022-10-16 13:21:19 [http-nio-8081-exec-5] INFO  com.capstone.aspect.LoggerAspect - *************************************
2022-10-16 13:21:19 [http-nio-8081-exec-5] INFO  com.capstone.aspect.LoggerAspect - During: class com.capstone.service.EmiServiceImp.getEmiData() with arguments=emi [s_no=4, loanaccno=202211022, loan_status=active, emi_amount=14673.0, upcomming_payment_date=2022-11-07, remaining_amount=500000.0]
2022-10-16 13:21:19 [http-nio-8081-exec-5] INFO  com.capstone.aspect.LoggerAspect - *************************************
2022-10-16 13:21:19 [http-nio-8081-exec-5] INFO  com.capstone.aspect.LoggerAspect - Method name: com.capstone.service.EmiServiceImp
2022-10-16 13:21:19 [http-nio-8081-exec-5] INFO  com.capstone.aspect.LoggerAspect - Method arguments:[Ljava.lang.Object;@47a04e13
2022-10-16 13:21:19 [http-nio-8081-exec-5] INFO  com.capstone.aspect.LoggerAspect - *************************************
2022-10-16 13:21:19 [http-nio-8081-exec-5] INFO  com.capstone.aspect.LoggerAspect - During: class com.capstone.service.EmiServiceImp.getEmiData() with arguments=emi [s_no=4, loanaccno=202211022, loan_status=active, emi_amount=14673.0, upcomming_payment_date=2022-11-07, remaining_amount=500000.0]
2022-10-16 13:21:19 [http-nio-8081-exec-5] INFO  com.capstone.aspect.LoggerAspect - *************************************
2022-10-16 13:21:19 [http-nio-8081-exec-5] INFO  com.capstone.aspect.LoggerAspect - During: class com.capstone.controller.EmiController.getemiofAccount() with arguments=<200 OK OK,emi [s_no=4, loanaccno=202211022, loan_status=active, emi_amount=14673.0, upcomming_payment_date=2022-11-07, remaining_amount=500000.0],[]>
2022-10-16 13:21:19 [http-nio-8081-exec-5] INFO  com.capstone.aspect.LoggerAspect - *************************************
2022-10-16 13:22:04 [http-nio-8081-exec-6] INFO  com.capstone.aspect.LoggerAspect - Method name: com.capstone.controller.EmiController
2022-10-16 13:22:04 [http-nio-8081-exec-6] INFO  com.capstone.aspect.LoggerAspect - Method arguments:[Ljava.lang.Object;@6bbd3795
2022-10-16 13:22:04 [http-nio-8081-exec-6] INFO  com.capstone.aspect.LoggerAspect - *************************************
2022-10-16 13:22:04 [http-nio-8081-exec-6] INFO  com.capstone.aspect.LoggerAspect - Method name: com.capstone.service.EmiServiceImp
2022-10-16 13:22:04 [http-nio-8081-exec-6] INFO  com.capstone.aspect.LoggerAspect - Method arguments:[Ljava.lang.Object;@49381ae5
2022-10-16 13:22:04 [http-nio-8081-exec-6] INFO  com.capstone.aspect.LoggerAspect - *************************************
2022-10-16 13:22:04 [http-nio-8081-exec-6] INFO  com.capstone.aspect.LoggerAspect - During: class com.capstone.service.EmiServiceImp.getEmiData() with arguments=emi [s_no=4, loanaccno=202211022, loan_status=active, emi_amount=14673.0, upcomming_payment_date=2022-11-07, remaining_amount=500000.0]
2022-10-16 13:22:04 [http-nio-8081-exec-6] INFO  com.capstone.aspect.LoggerAspect - *************************************
2022-10-16 13:22:04 [http-nio-8081-exec-6] INFO  com.capstone.aspect.LoggerAspect - Method name: com.capstone.service.EmiServiceImp
2022-10-16 13:22:04 [http-nio-8081-exec-6] INFO  com.capstone.aspect.LoggerAspect - Method arguments:[Ljava.lang.Object;@6e053c7b
2022-10-16 13:22:04 [http-nio-8081-exec-6] INFO  com.capstone.aspect.LoggerAspect - *************************************
2022-10-16 13:22:04 [http-nio-8081-exec-6] INFO  com.capstone.aspect.LoggerAspect - During: class com.capstone.service.EmiServiceImp.getEmiData() with arguments=emi [s_no=4, loanaccno=202211022, loan_status=active, emi_amount=14673.0, upcomming_payment_date=2022-11-07, remaining_amount=500000.0]
2022-10-16 13:22:04 [http-nio-8081-exec-6] INFO  com.capstone.aspect.LoggerAspect - *************************************
2022-10-16 13:22:04 [http-nio-8081-exec-6] INFO  com.capstone.aspect.LoggerAspect - During: class com.capstone.controller.EmiController.getemiofAccount() with arguments=<200 OK OK,emi [s_no=4, loanaccno=202211022, loan_status=active, emi_amount=14673.0, upcomming_payment_date=2022-11-07, remaining_amount=500000.0],[]>
2022-10-16 13:22:04 [http-nio-8081-exec-6] INFO  com.capstone.aspect.LoggerAspect - *************************************
2022-10-16 13:22:08 [http-nio-8081-exec-7] INFO  com.capstone.aspect.LoggerAspect - Method name: com.capstone.controller.EmiController
2022-10-16 13:22:08 [http-nio-8081-exec-7] INFO  com.capstone.aspect.LoggerAspect - Method arguments:[Ljava.lang.Object;@5963b661
2022-10-16 13:22:08 [http-nio-8081-exec-7] INFO  com.capstone.aspect.LoggerAspect - *************************************
2022-10-16 13:22:08 [http-nio-8081-exec-7] INFO  com.capstone.aspect.LoggerAspect - Method name: com.capstone.service.EmiServiceImp
2022-10-16 13:22:08 [http-nio-8081-exec-7] INFO  com.capstone.aspect.LoggerAspect - Method arguments:[Ljava.lang.Object;@508a16a1
2022-10-16 13:22:08 [http-nio-8081-exec-7] INFO  com.capstone.aspect.LoggerAspect - *************************************
2022-10-16 13:22:08 [http-nio-8081-exec-7] INFO  com.capstone.aspect.LoggerAspect - During: class com.capstone.service.EmiServiceImp.getEmiData() with arguments=emi [s_no=4, loanaccno=202211022, loan_status=active, emi_amount=14673.0, upcomming_payment_date=2022-11-07, remaining_amount=500000.0]
2022-10-16 13:22:08 [http-nio-8081-exec-7] INFO  com.capstone.aspect.LoggerAspect - *************************************
2022-10-16 13:22:08 [http-nio-8081-exec-7] INFO  com.capstone.aspect.LoggerAspect - Method name: com.capstone.service.EmiServiceImp
2022-10-16 13:22:08 [http-nio-8081-exec-7] INFO  com.capstone.aspect.LoggerAspect - Method arguments:[Ljava.lang.Object;@2081807f
2022-10-16 13:22:08 [http-nio-8081-exec-7] INFO  com.capstone.aspect.LoggerAspect - *************************************
2022-10-16 13:22:08 [http-nio-8081-exec-7] INFO  com.capstone.aspect.LoggerAspect - During: class com.capstone.service.EmiServiceImp.getEmiData() with arguments=emi [s_no=4, loanaccno=202211022, loan_status=active, emi_amount=14673.0, upcomming_payment_date=2022-11-07, remaining_amount=500000.0]
2022-10-16 13:22:08 [http-nio-8081-exec-7] INFO  com.capstone.aspect.LoggerAspect - *************************************
2022-10-16 13:22:08 [http-nio-8081-exec-7] INFO  com.capstone.aspect.LoggerAspect - During: class com.capstone.controller.EmiController.getemiofAccount() with arguments=<200 OK OK,emi [s_no=4, loanaccno=202211022, loan_status=active, emi_amount=14673.0, upcomming_payment_date=2022-11-07, remaining_amount=500000.0],[]>
2022-10-16 13:22:08 [http-nio-8081-exec-7] INFO  com.capstone.aspect.LoggerAspect - *************************************
2022-10-16 13:22:12 [http-nio-8081-exec-9] INFO  com.capstone.aspect.LoggerAspect - Method name: com.capstone.controller.EmiController
2022-10-16 13:22:12 [http-nio-8081-exec-9] INFO  com.capstone.aspect.LoggerAspect - Method arguments:[Ljava.lang.Object;@74d7180f
2022-10-16 13:22:12 [http-nio-8081-exec-9] INFO  com.capstone.aspect.LoggerAspect - *************************************
2022-10-16 13:22:12 [http-nio-8081-exec-9] INFO  com.capstone.aspect.LoggerAspect - Method name: com.capstone.service.EmiServiceImp
2022-10-16 13:22:12 [http-nio-8081-exec-9] INFO  com.capstone.aspect.LoggerAspect - Method arguments:[Ljava.lang.Object;@14349aa6
2022-10-16 13:22:12 [http-nio-8081-exec-9] INFO  com.capstone.aspect.LoggerAspect - *************************************
2022-10-16 13:22:12 [http-nio-8081-exec-9] INFO  com.capstone.aspect.LoggerAspect - During: class com.capstone.service.EmiServiceImp.getEmiData() with arguments=emi [s_no=4, loanaccno=202211022, loan_status=active, emi_amount=14673.0, upcomming_payment_date=2022-11-07, remaining_amount=500000.0]
2022-10-16 13:22:12 [http-nio-8081-exec-9] INFO  com.capstone.aspect.LoggerAspect - *************************************
2022-10-16 13:22:12 [http-nio-8081-exec-9] INFO  com.capstone.aspect.LoggerAspect - Method name: com.capstone.service.EmiServiceImp
2022-10-16 13:22:12 [http-nio-8081-exec-9] INFO  com.capstone.aspect.LoggerAspect - Method arguments:[Ljava.lang.Object;@180a601d
2022-10-16 13:22:12 [http-nio-8081-exec-9] INFO  com.capstone.aspect.LoggerAspect - *************************************
2022-10-16 13:22:12 [http-nio-8081-exec-9] INFO  com.capstone.aspect.LoggerAspect - During: class com.capstone.service.EmiServiceImp.getEmiData() with arguments=emi [s_no=4, loanaccno=202211022, loan_status=active, emi_amount=14673.0, upcomming_payment_date=2022-11-07, remaining_amount=500000.0]
2022-10-16 13:22:12 [http-nio-8081-exec-9] INFO  com.capstone.aspect.LoggerAspect - *************************************
2022-10-16 13:22:12 [http-nio-8081-exec-9] INFO  com.capstone.aspect.LoggerAspect - During: class com.capstone.controller.EmiController.getemiofAccount() with arguments=<200 OK OK,emi [s_no=4, loanaccno=202211022, loan_status=active, emi_amount=14673.0, upcomming_payment_date=2022-11-07, remaining_amount=500000.0],[]>
2022-10-16 13:22:12 [http-nio-8081-exec-9] INFO  com.capstone.aspect.LoggerAspect - *************************************
2022-10-16 13:22:19 [http-nio-8081-exec-8] INFO  com.capstone.aspect.LoggerAspect - Method name: com.capstone.controller.EmiController
2022-10-16 13:22:19 [http-nio-8081-exec-8] INFO  com.capstone.aspect.LoggerAspect - Method arguments:[Ljava.lang.Object;@75e99dd8
2022-10-16 13:22:19 [http-nio-8081-exec-8] INFO  com.capstone.aspect.LoggerAspect - *************************************
2022-10-16 13:22:19 [http-nio-8081-exec-8] INFO  com.capstone.aspect.LoggerAspect - Method name: com.capstone.service.EmiServiceImp
2022-10-16 13:22:19 [http-nio-8081-exec-8] INFO  com.capstone.aspect.LoggerAspect - Method arguments:[Ljava.lang.Object;@6861b649
2022-10-16 13:22:19 [http-nio-8081-exec-8] INFO  com.capstone.aspect.LoggerAspect - *************************************
2022-10-16 13:22:19 [http-nio-8081-exec-8] INFO  com.capstone.aspect.LoggerAspect - During: class com.capstone.service.EmiServiceImp.getEmiData() with arguments=emi [s_no=4, loanaccno=202211022, loan_status=active, emi_amount=14673.0, upcomming_payment_date=2022-11-07, remaining_amount=500000.0]
2022-10-16 13:22:19 [http-nio-8081-exec-8] INFO  com.capstone.aspect.LoggerAspect - *************************************
2022-10-16 13:22:19 [http-nio-8081-exec-8] INFO  com.capstone.aspect.LoggerAspect - Method name: com.capstone.service.EmiServiceImp
2022-10-16 13:22:19 [http-nio-8081-exec-8] INFO  com.capstone.aspect.LoggerAspect - Method arguments:[Ljava.lang.Object;@1b481c60
2022-10-16 13:22:19 [http-nio-8081-exec-8] INFO  com.capstone.aspect.LoggerAspect - *************************************
2022-10-16 13:22:19 [http-nio-8081-exec-8] INFO  com.capstone.aspect.LoggerAspect - During: class com.capstone.service.EmiServiceImp.getEmiData() with arguments=emi [s_no=4, loanaccno=202211022, loan_status=active, emi_amount=14673.0, upcomming_payment_date=2022-11-07, remaining_amount=500000.0]
2022-10-16 13:22:19 [http-nio-8081-exec-8] INFO  com.capstone.aspect.LoggerAspect - *************************************
2022-10-16 13:22:19 [http-nio-8081-exec-8] INFO  com.capstone.aspect.LoggerAspect - During: class com.capstone.controller.EmiController.getemiofAccount() with arguments=<200 OK OK,emi [s_no=4, loanaccno=202211022, loan_status=active, emi_amount=14673.0, upcomming_payment_date=2022-11-07, remaining_amount=500000.0],[]>
2022-10-16 13:22:19 [http-nio-8081-exec-8] INFO  com.capstone.aspect.LoggerAspect - *************************************
2022-10-16 13:22:30 [http-nio-8081-exec-10] INFO  com.capstone.aspect.LoggerAspect - Method name: com.capstone.controller.EmiController
2022-10-16 13:22:30 [http-nio-8081-exec-10] INFO  com.capstone.aspect.LoggerAspect - Method arguments:[Ljava.lang.Object;@5e237e57
2022-10-16 13:22:30 [http-nio-8081-exec-10] INFO  com.capstone.aspect.LoggerAspect - *************************************
2022-10-16 13:22:30 [http-nio-8081-exec-10] INFO  com.capstone.aspect.LoggerAspect - Method name: com.capstone.service.EmiServiceImp
2022-10-16 13:22:30 [http-nio-8081-exec-10] INFO  com.capstone.aspect.LoggerAspect - Method arguments:[Ljava.lang.Object;@20c372a5
2022-10-16 13:22:30 [http-nio-8081-exec-10] INFO  com.capstone.aspect.LoggerAspect - *************************************
2022-10-16 13:22:30 [http-nio-8081-exec-10] INFO  com.capstone.aspect.LoggerAspect - During: class com.capstone.service.EmiServiceImp.getEmiData() with arguments=emi [s_no=4, loanaccno=202211022, loan_status=active, emi_amount=14673.0, upcomming_payment_date=2022-11-07, remaining_amount=500000.0]
2022-10-16 13:22:30 [http-nio-8081-exec-10] INFO  com.capstone.aspect.LoggerAspect - *************************************
2022-10-16 13:22:30 [http-nio-8081-exec-10] INFO  com.capstone.aspect.LoggerAspect - Method name: com.capstone.service.EmiServiceImp
2022-10-16 13:22:30 [http-nio-8081-exec-10] INFO  com.capstone.aspect.LoggerAspect - Method arguments:[Ljava.lang.Object;@58fb598
2022-10-16 13:22:30 [http-nio-8081-exec-10] INFO  com.capstone.aspect.LoggerAspect - *************************************
2022-10-16 13:22:30 [http-nio-8081-exec-10] INFO  com.capstone.aspect.LoggerAspect - During: class com.capstone.service.EmiServiceImp.getEmiData() with arguments=emi [s_no=4, loanaccno=202211022, loan_status=active, emi_amount=14673.0, upcomming_payment_date=2022-11-07, remaining_amount=500000.0]
2022-10-16 13:22:30 [http-nio-8081-exec-10] INFO  com.capstone.aspect.LoggerAspect - *************************************
2022-10-16 13:22:30 [http-nio-8081-exec-10] INFO  com.capstone.aspect.LoggerAspect - During: class com.capstone.controller.EmiController.getemiofAccount() with arguments=<200 OK OK,emi [s_no=4, loanaccno=202211022, loan_status=active, emi_amount=14673.0, upcomming_payment_date=2022-11-07, remaining_amount=500000.0],[]>
2022-10-16 13:22:30 [http-nio-8081-exec-10] INFO  com.capstone.aspect.LoggerAspect - *************************************
2022-10-16 13:22:34 [http-nio-8081-exec-1] INFO  com.capstone.aspect.LoggerAspect - Method name: com.capstone.controller.EmiController
2022-10-16 13:22:34 [http-nio-8081-exec-1] INFO  com.capstone.aspect.LoggerAspect - Method arguments:[Ljava.lang.Object;@b4ba931
2022-10-16 13:22:34 [http-nio-8081-exec-1] INFO  com.capstone.aspect.LoggerAspect - *************************************
2022-10-16 13:22:34 [http-nio-8081-exec-1] INFO  com.capstone.aspect.LoggerAspect - Method name: com.capstone.service.EmiServiceImp
2022-10-16 13:22:34 [http-nio-8081-exec-1] INFO  com.capstone.aspect.LoggerAspect - Method arguments:[Ljava.lang.Object;@36125e0a
2022-10-16 13:22:34 [http-nio-8081-exec-1] INFO  com.capstone.aspect.LoggerAspect - *************************************
2022-10-16 13:22:34 [http-nio-8081-exec-1] INFO  com.capstone.aspect.LoggerAspect - During: class com.capstone.service.EmiServiceImp.getEmiData() with arguments=emi [s_no=4, loanaccno=202211022, loan_status=active, emi_amount=14673.0, upcomming_payment_date=2022-11-07, remaining_amount=500000.0]
2022-10-16 13:22:34 [http-nio-8081-exec-1] INFO  com.capstone.aspect.LoggerAspect - *************************************
2022-10-16 13:22:34 [http-nio-8081-exec-1] INFO  com.capstone.aspect.LoggerAspect - Method name: com.capstone.service.EmiServiceImp
2022-10-16 13:22:34 [http-nio-8081-exec-1] INFO  com.capstone.aspect.LoggerAspect - Method arguments:[Ljava.lang.Object;@73d33a14
2022-10-16 13:22:34 [http-nio-8081-exec-1] INFO  com.capstone.aspect.LoggerAspect - *************************************
2022-10-16 13:22:34 [http-nio-8081-exec-1] INFO  com.capstone.aspect.LoggerAspect - During: class com.capstone.service.EmiServiceImp.getEmiData() with arguments=emi [s_no=4, loanaccno=202211022, loan_status=active, emi_amount=14673.0, upcomming_payment_date=2022-11-07, remaining_amount=500000.0]
2022-10-16 13:22:34 [http-nio-8081-exec-1] INFO  com.capstone.aspect.LoggerAspect - *************************************
2022-10-16 13:22:34 [http-nio-8081-exec-1] INFO  com.capstone.aspect.LoggerAspect - During: class com.capstone.controller.EmiController.getemiofAccount() with arguments=<200 OK OK,emi [s_no=4, loanaccno=202211022, loan_status=active, emi_amount=14673.0, upcomming_payment_date=2022-11-07, remaining_amount=500000.0],[]>
2022-10-16 13:22:34 [http-nio-8081-exec-1] INFO  com.capstone.aspect.LoggerAspect - *************************************
2022-10-16 13:22:43 [http-nio-8081-exec-2] INFO  com.capstone.aspect.LoggerAspect - Method name: com.capstone.controller.EmiController
2022-10-16 13:22:43 [http-nio-8081-exec-2] INFO  com.capstone.aspect.LoggerAspect - Method arguments:[Ljava.lang.Object;@47b60655
2022-10-16 13:22:43 [http-nio-8081-exec-2] INFO  com.capstone.aspect.LoggerAspect - *************************************
2022-10-16 13:22:43 [http-nio-8081-exec-2] INFO  com.capstone.aspect.LoggerAspect - Method name: com.capstone.service.EmiServiceImp
2022-10-16 13:22:43 [http-nio-8081-exec-2] INFO  com.capstone.aspect.LoggerAspect - Method arguments:[Ljava.lang.Object;@64a4d230
2022-10-16 13:22:43 [http-nio-8081-exec-2] INFO  com.capstone.aspect.LoggerAspect - *************************************
2022-10-16 13:22:43 [http-nio-8081-exec-2] INFO  com.capstone.aspect.LoggerAspect - During: class com.capstone.service.EmiServiceImp.getEmiData() with arguments=emi [s_no=4, loanaccno=202211022, loan_status=active, emi_amount=14673.0, upcomming_payment_date=2022-11-07, remaining_amount=500000.0]
2022-10-16 13:22:43 [http-nio-8081-exec-2] INFO  com.capstone.aspect.LoggerAspect - *************************************
2022-10-16 13:22:43 [http-nio-8081-exec-2] INFO  com.capstone.aspect.LoggerAspect - Method name: com.capstone.service.EmiServiceImp
2022-10-16 13:22:43 [http-nio-8081-exec-2] INFO  com.capstone.aspect.LoggerAspect - Method arguments:[Ljava.lang.Object;@7ffb75cf
2022-10-16 13:22:43 [http-nio-8081-exec-2] INFO  com.capstone.aspect.LoggerAspect - *************************************
2022-10-16 13:22:43 [http-nio-8081-exec-2] INFO  com.capstone.aspect.LoggerAspect - During: class com.capstone.service.EmiServiceImp.getEmiData() with arguments=emi [s_no=4, loanaccno=202211022, loan_status=active, emi_amount=14673.0, upcomming_payment_date=2022-11-07, remaining_amount=500000.0]
2022-10-16 13:22:43 [http-nio-8081-exec-2] INFO  com.capstone.aspect.LoggerAspect - *************************************
2022-10-16 13:22:43 [http-nio-8081-exec-2] INFO  com.capstone.aspect.LoggerAspect - During: class com.capstone.controller.EmiController.getemiofAccount() with arguments=<200 OK OK,emi [s_no=4, loanaccno=202211022, loan_status=active, emi_amount=14673.0, upcomming_payment_date=2022-11-07, remaining_amount=500000.0],[]>
2022-10-16 13:22:43 [http-nio-8081-exec-2] INFO  com.capstone.aspect.LoggerAspect - *************************************
2022-10-16 13:22:47 [http-nio-8081-exec-3] INFO  com.capstone.aspect.LoggerAspect - Method name: com.capstone.controller.EmiController
2022-10-16 13:22:47 [http-nio-8081-exec-3] INFO  com.capstone.aspect.LoggerAspect - Method arguments:[Ljava.lang.Object;@2dba819a
2022-10-16 13:22:47 [http-nio-8081-exec-3] INFO  com.capstone.aspect.LoggerAspect - *************************************
2022-10-16 13:22:47 [http-nio-8081-exec-3] INFO  com.capstone.aspect.LoggerAspect - Method name: com.capstone.service.EmiServiceImp
2022-10-16 13:22:47 [http-nio-8081-exec-3] INFO  com.capstone.aspect.LoggerAspect - Method arguments:[Ljava.lang.Object;@5aed4b26
2022-10-16 13:22:47 [http-nio-8081-exec-3] INFO  com.capstone.aspect.LoggerAspect - *************************************
2022-10-16 13:22:47 [http-nio-8081-exec-3] INFO  com.capstone.aspect.LoggerAspect - During: class com.capstone.service.EmiServiceImp.getEmiData() with arguments=emi [s_no=4, loanaccno=202211022, loan_status=active, emi_amount=14673.0, upcomming_payment_date=2022-11-07, remaining_amount=500000.0]
2022-10-16 13:22:47 [http-nio-8081-exec-3] INFO  com.capstone.aspect.LoggerAspect - *************************************
2022-10-16 13:22:47 [http-nio-8081-exec-3] INFO  com.capstone.aspect.LoggerAspect - Method name: com.capstone.service.EmiServiceImp
2022-10-16 13:22:47 [http-nio-8081-exec-3] INFO  com.capstone.aspect.LoggerAspect - Method arguments:[Ljava.lang.Object;@75b15706
2022-10-16 13:22:47 [http-nio-8081-exec-3] INFO  com.capstone.aspect.LoggerAspect - *************************************
2022-10-16 13:22:47 [http-nio-8081-exec-3] INFO  com.capstone.aspect.LoggerAspect - During: class com.capstone.service.EmiServiceImp.getEmiData() with arguments=emi [s_no=4, loanaccno=202211022, loan_status=active, emi_amount=14673.0, upcomming_payment_date=2022-11-07, remaining_amount=500000.0]
2022-10-16 13:22:47 [http-nio-8081-exec-3] INFO  com.capstone.aspect.LoggerAspect - *************************************
2022-10-16 13:22:47 [http-nio-8081-exec-3] INFO  com.capstone.aspect.LoggerAspect - During: class com.capstone.controller.EmiController.getemiofAccount() with arguments=<200 OK OK,emi [s_no=4, loanaccno=202211022, loan_status=active, emi_amount=14673.0, upcomming_payment_date=2022-11-07, remaining_amount=500000.0],[]>
2022-10-16 13:22:47 [http-nio-8081-exec-3] INFO  com.capstone.aspect.LoggerAspect - *************************************
2022-10-16 13:23:30 [http-nio-8081-exec-4] INFO  com.capstone.aspect.LoggerAspect - Method name: com.capstone.controller.EmiController
2022-10-16 13:23:30 [http-nio-8081-exec-4] INFO  com.capstone.aspect.LoggerAspect - Method arguments:[Ljava.lang.Object;@7c86a3e
2022-10-16 13:23:30 [http-nio-8081-exec-4] INFO  com.capstone.aspect.LoggerAspect - *************************************
2022-10-16 13:23:30 [http-nio-8081-exec-4] INFO  com.capstone.aspect.LoggerAspect - Method name: com.capstone.service.EmiServiceImp
2022-10-16 13:23:30 [http-nio-8081-exec-4] INFO  com.capstone.aspect.LoggerAspect - Method arguments:[Ljava.lang.Object;@7768edb5
2022-10-16 13:23:30 [http-nio-8081-exec-4] INFO  com.capstone.aspect.LoggerAspect - *************************************
2022-10-16 13:23:30 [http-nio-8081-exec-4] INFO  com.capstone.aspect.LoggerAspect - During: class com.capstone.service.EmiServiceImp.getEmiData() with arguments=emi [s_no=4, loanaccno=202211022, loan_status=active, emi_amount=14673.0, upcomming_payment_date=2022-11-07, remaining_amount=500000.0]
2022-10-16 13:23:30 [http-nio-8081-exec-4] INFO  com.capstone.aspect.LoggerAspect - *************************************
2022-10-16 13:23:30 [http-nio-8081-exec-4] INFO  com.capstone.aspect.LoggerAspect - Method name: com.capstone.service.EmiServiceImp
2022-10-16 13:23:30 [http-nio-8081-exec-4] INFO  com.capstone.aspect.LoggerAspect - Method arguments:[Ljava.lang.Object;@51861789
2022-10-16 13:23:30 [http-nio-8081-exec-4] INFO  com.capstone.aspect.LoggerAspect - *************************************
2022-10-16 13:23:30 [http-nio-8081-exec-4] INFO  com.capstone.aspect.LoggerAspect - During: class com.capstone.service.EmiServiceImp.getEmiData() with arguments=emi [s_no=4, loanaccno=202211022, loan_status=active, emi_amount=14673.0, upcomming_payment_date=2022-11-07, remaining_amount=500000.0]
2022-10-16 13:23:30 [http-nio-8081-exec-4] INFO  com.capstone.aspect.LoggerAspect - *************************************
2022-10-16 13:23:30 [http-nio-8081-exec-4] INFO  com.capstone.aspect.LoggerAspect - During: class com.capstone.controller.EmiController.getemiofAccount() with arguments=<200 OK OK,emi [s_no=4, loanaccno=202211022, loan_status=active, emi_amount=14673.0, upcomming_payment_date=2022-11-07, remaining_amount=500000.0],[]>
2022-10-16 13:23:30 [http-nio-8081-exec-4] INFO  com.capstone.aspect.LoggerAspect - *************************************
2022-10-16 13:24:29 [AsyncResolver-bootstrap-executor-0] INFO  c.n.d.s.r.aws.ConfigClusterResolver - Resolving eureka endpoints via configuration
2022-10-16 13:25:23 [http-nio-8081-exec-6] INFO  com.capstone.aspect.LoggerAspect - Method name: com.capstone.controller.EmiController
2022-10-16 13:25:23 [http-nio-8081-exec-6] INFO  com.capstone.aspect.LoggerAspect - Method arguments:[Ljava.lang.Object;@784d4ea6
2022-10-16 13:25:23 [http-nio-8081-exec-6] INFO  com.capstone.aspect.LoggerAspect - *************************************
2022-10-16 13:25:23 [http-nio-8081-exec-6] INFO  com.capstone.aspect.LoggerAspect - Method name: com.capstone.service.EmiServiceImp
2022-10-16 13:25:23 [http-nio-8081-exec-6] INFO  com.capstone.aspect.LoggerAspect - Method arguments:[Ljava.lang.Object;@7820676a
2022-10-16 13:25:23 [http-nio-8081-exec-6] INFO  com.capstone.aspect.LoggerAspect - *************************************
2022-10-16 13:25:23 [http-nio-8081-exec-6] INFO  com.capstone.aspect.LoggerAspect - During: class com.capstone.service.EmiServiceImp.getEmiData() with arguments=emi [s_no=4, loanaccno=202211022, loan_status=active, emi_amount=14673.0, upcomming_payment_date=2022-11-07, remaining_amount=500000.0]
2022-10-16 13:25:23 [http-nio-8081-exec-6] INFO  com.capstone.aspect.LoggerAspect - *************************************
2022-10-16 13:25:23 [http-nio-8081-exec-6] INFO  com.capstone.aspect.LoggerAspect - Method name: com.capstone.service.EmiServiceImp
2022-10-16 13:25:23 [http-nio-8081-exec-6] INFO  com.capstone.aspect.LoggerAspect - Method arguments:[Ljava.lang.Object;@6c0fe6b8
2022-10-16 13:25:23 [http-nio-8081-exec-6] INFO  com.capstone.aspect.LoggerAspect - *************************************
2022-10-16 13:25:23 [http-nio-8081-exec-6] INFO  com.capstone.aspect.LoggerAspect - During: class com.capstone.service.EmiServiceImp.getEmiData() with arguments=emi [s_no=4, loanaccno=202211022, loan_status=active, emi_amount=14673.0, upcomming_payment_date=2022-11-07, remaining_amount=500000.0]
2022-10-16 13:25:23 [http-nio-8081-exec-6] INFO  com.capstone.aspect.LoggerAspect - *************************************
2022-10-16 13:25:23 [http-nio-8081-exec-6] INFO  com.capstone.aspect.LoggerAspect - During: class com.capstone.controller.EmiController.getemiofAccount() with arguments=<200 OK OK,emi [s_no=4, loanaccno=202211022, loan_status=active, emi_amount=14673.0, upcomming_payment_date=2022-11-07, remaining_amount=500000.0],[]>
2022-10-16 13:25:23 [http-nio-8081-exec-6] INFO  com.capstone.aspect.LoggerAspect - *************************************
2022-10-16 13:28:50 [http-nio-8081-exec-9] INFO  com.capstone.aspect.LoggerAspect - Method name: com.capstone.controller.EmiController
2022-10-16 13:28:50 [http-nio-8081-exec-9] INFO  com.capstone.aspect.LoggerAspect - Method arguments:[Ljava.lang.Object;@468fb1dc
2022-10-16 13:28:50 [http-nio-8081-exec-9] INFO  com.capstone.aspect.LoggerAspect - *************************************
2022-10-16 13:28:50 [http-nio-8081-exec-9] INFO  com.capstone.aspect.LoggerAspect - Method name: com.capstone.service.EmiServiceImp
2022-10-16 13:28:50 [http-nio-8081-exec-9] INFO  com.capstone.aspect.LoggerAspect - Method arguments:[Ljava.lang.Object;@43671ea4
2022-10-16 13:28:50 [http-nio-8081-exec-9] INFO  com.capstone.aspect.LoggerAspect - *************************************
2022-10-16 13:28:50 [http-nio-8081-exec-9] INFO  com.capstone.aspect.LoggerAspect - During: class com.capstone.service.EmiServiceImp.getEmiData() with arguments=emi [s_no=3, loanaccno=202211021, loan_status=active, emi_amount=3117.0, upcomming_payment_date=2022-11-07, remaining_amount=200000.0]
2022-10-16 13:28:50 [http-nio-8081-exec-9] INFO  com.capstone.aspect.LoggerAspect - *************************************
2022-10-16 13:28:50 [http-nio-8081-exec-9] INFO  com.capstone.aspect.LoggerAspect - Method name: com.capstone.service.EmiServiceImp
2022-10-16 13:28:50 [http-nio-8081-exec-9] INFO  com.capstone.aspect.LoggerAspect - Method arguments:[Ljava.lang.Object;@22989406
2022-10-16 13:28:50 [http-nio-8081-exec-9] INFO  com.capstone.aspect.LoggerAspect - *************************************
2022-10-16 13:28:50 [http-nio-8081-exec-9] INFO  com.capstone.aspect.LoggerAspect - During: class com.capstone.service.EmiServiceImp.getEmiData() with arguments=emi [s_no=3, loanaccno=202211021, loan_status=active, emi_amount=3117.0, upcomming_payment_date=2022-11-07, remaining_amount=200000.0]
2022-10-16 13:28:50 [http-nio-8081-exec-9] INFO  com.capstone.aspect.LoggerAspect - *************************************
2022-10-16 13:28:50 [http-nio-8081-exec-9] INFO  com.capstone.aspect.LoggerAspect - During: class com.capstone.controller.EmiController.getemiofAccount() with arguments=<200 OK OK,emi [s_no=3, loanaccno=202211021, loan_status=active, emi_amount=3117.0, upcomming_payment_date=2022-11-07, remaining_amount=200000.0],[]>
2022-10-16 13:28:50 [http-nio-8081-exec-9] INFO  com.capstone.aspect.LoggerAspect - *************************************
2022-10-16 13:28:51 [http-nio-8081-exec-8] INFO  com.capstone.aspect.LoggerAspect - Method name: com.capstone.controller.EmiController
2022-10-16 13:28:51 [http-nio-8081-exec-8] INFO  com.capstone.aspect.LoggerAspect - Method arguments:[Ljava.lang.Object;@60ce051a
2022-10-16 13:28:51 [http-nio-8081-exec-8] INFO  com.capstone.aspect.LoggerAspect - *************************************
2022-10-16 13:28:51 [http-nio-8081-exec-8] INFO  com.capstone.aspect.LoggerAspect - Method name: com.capstone.service.EmiServiceImp
2022-10-16 13:28:51 [http-nio-8081-exec-8] INFO  com.capstone.aspect.LoggerAspect - Method arguments:[Ljava.lang.Object;@431164e5
2022-10-16 13:28:51 [http-nio-8081-exec-8] INFO  com.capstone.aspect.LoggerAspect - *************************************
2022-10-16 13:28:51 [http-nio-8081-exec-8] INFO  com.capstone.aspect.LoggerAspect - During: class com.capstone.service.EmiServiceImp.getEmiData() with arguments=emi [s_no=3, loanaccno=202211021, loan_status=active, emi_amount=3117.0, upcomming_payment_date=2022-11-07, remaining_amount=200000.0]
2022-10-16 13:28:51 [http-nio-8081-exec-8] INFO  com.capstone.aspect.LoggerAspect - *************************************
2022-10-16 13:28:51 [http-nio-8081-exec-8] INFO  com.capstone.aspect.LoggerAspect - Method name: com.capstone.service.EmiServiceImp
2022-10-16 13:28:51 [http-nio-8081-exec-8] INFO  com.capstone.aspect.LoggerAspect - Method arguments:[Ljava.lang.Object;@7c675810
2022-10-16 13:28:51 [http-nio-8081-exec-8] INFO  com.capstone.aspect.LoggerAspect - *************************************
2022-10-16 13:28:51 [http-nio-8081-exec-8] INFO  com.capstone.aspect.LoggerAspect - During: class com.capstone.service.EmiServiceImp.getEmiData() with arguments=emi [s_no=3, loanaccno=202211021, loan_status=active, emi_amount=3117.0, upcomming_payment_date=2022-11-07, remaining_amount=200000.0]
2022-10-16 13:28:51 [http-nio-8081-exec-8] INFO  com.capstone.aspect.LoggerAspect - *************************************
2022-10-16 13:28:51 [http-nio-8081-exec-8] INFO  com.capstone.aspect.LoggerAspect - During: class com.capstone.controller.EmiController.getemiofAccount() with arguments=<200 OK OK,emi [s_no=3, loanaccno=202211021, loan_status=active, emi_amount=3117.0, upcomming_payment_date=2022-11-07, remaining_amount=200000.0],[]>
2022-10-16 13:28:51 [http-nio-8081-exec-8] INFO  com.capstone.aspect.LoggerAspect - *************************************
2022-10-16 13:29:29 [AsyncResolver-bootstrap-executor-0] INFO  c.n.d.s.r.aws.ConfigClusterResolver - Resolving eureka endpoints via configuration
2022-10-16 13:29:52 [http-nio-8081-exec-1] INFO  com.capstone.aspect.LoggerAspect - Method name: com.capstone.controller.EmiController
2022-10-16 13:29:52 [http-nio-8081-exec-1] INFO  com.capstone.aspect.LoggerAspect - Method arguments:[Ljava.lang.Object;@3e8821f1
2022-10-16 13:29:52 [http-nio-8081-exec-1] INFO  com.capstone.aspect.LoggerAspect - *************************************
2022-10-16 13:29:52 [http-nio-8081-exec-1] INFO  com.capstone.aspect.LoggerAspect - Method name: com.capstone.service.EmiServiceImp
2022-10-16 13:29:52 [http-nio-8081-exec-1] INFO  com.capstone.aspect.LoggerAspect - Method arguments:[Ljava.lang.Object;@703edbc0
2022-10-16 13:29:52 [http-nio-8081-exec-1] INFO  com.capstone.aspect.LoggerAspect - *************************************
2022-10-16 13:29:52 [http-nio-8081-exec-1] INFO  com.capstone.aspect.LoggerAspect - During: class com.capstone.service.EmiServiceImp.getEmiData() with arguments=emi [s_no=4, loanaccno=202211022, loan_status=active, emi_amount=14673.0, upcomming_payment_date=2022-11-07, remaining_amount=500000.0]
2022-10-16 13:29:52 [http-nio-8081-exec-1] INFO  com.capstone.aspect.LoggerAspect - *************************************
2022-10-16 13:29:52 [http-nio-8081-exec-1] INFO  com.capstone.aspect.LoggerAspect - Method name: com.capstone.service.EmiServiceImp
2022-10-16 13:29:52 [http-nio-8081-exec-1] INFO  com.capstone.aspect.LoggerAspect - Method arguments:[Ljava.lang.Object;@3cffe52
2022-10-16 13:29:52 [http-nio-8081-exec-1] INFO  com.capstone.aspect.LoggerAspect - *************************************
2022-10-16 13:29:52 [http-nio-8081-exec-1] INFO  com.capstone.aspect.LoggerAspect - During: class com.capstone.service.EmiServiceImp.getEmiData() with arguments=emi [s_no=4, loanaccno=202211022, loan_status=active, emi_amount=14673.0, upcomming_payment_date=2022-11-07, remaining_amount=500000.0]
2022-10-16 13:29:52 [http-nio-8081-exec-1] INFO  com.capstone.aspect.LoggerAspect - *************************************
2022-10-16 13:29:52 [http-nio-8081-exec-1] INFO  com.capstone.aspect.LoggerAspect - During: class com.capstone.controller.EmiController.getemiofAccount() with arguments=<200 OK OK,emi [s_no=4, loanaccno=202211022, loan_status=active, emi_amount=14673.0, upcomming_payment_date=2022-11-07, remaining_amount=500000.0],[]>
2022-10-16 13:29:52 [http-nio-8081-exec-1] INFO  com.capstone.aspect.LoggerAspect - *************************************
2022-10-16 13:29:54 [http-nio-8081-exec-2] INFO  com.capstone.aspect.LoggerAspect - Method name: com.capstone.controller.EmiController
2022-10-16 13:29:54 [http-nio-8081-exec-2] INFO  com.capstone.aspect.LoggerAspect - Method arguments:[Ljava.lang.Object;@63aaac6b
2022-10-16 13:29:54 [http-nio-8081-exec-2] INFO  com.capstone.aspect.LoggerAspect - *************************************
2022-10-16 13:29:54 [http-nio-8081-exec-2] INFO  com.capstone.aspect.LoggerAspect - Method name: com.capstone.service.EmiServiceImp
2022-10-16 13:29:54 [http-nio-8081-exec-2] INFO  com.capstone.aspect.LoggerAspect - Method arguments:[Ljava.lang.Object;@520fc0e
2022-10-16 13:29:54 [http-nio-8081-exec-2] INFO  com.capstone.aspect.LoggerAspect - *************************************
2022-10-16 13:29:54 [http-nio-8081-exec-2] INFO  com.capstone.aspect.LoggerAspect - During: class com.capstone.service.EmiServiceImp.getEmiData() with arguments=emi [s_no=4, loanaccno=202211022, loan_status=active, emi_amount=14673.0, upcomming_payment_date=2022-11-07, remaining_amount=500000.0]
2022-10-16 13:29:54 [http-nio-8081-exec-2] INFO  com.capstone.aspect.LoggerAspect - *************************************
2022-10-16 13:29:54 [http-nio-8081-exec-2] INFO  com.capstone.aspect.LoggerAspect - Method name: com.capstone.service.EmiServiceImp
2022-10-16 13:29:54 [http-nio-8081-exec-2] INFO  com.capstone.aspect.LoggerAspect - Method arguments:[Ljava.lang.Object;@439ed9c9
2022-10-16 13:29:54 [http-nio-8081-exec-2] INFO  com.capstone.aspect.LoggerAspect - *************************************
2022-10-16 13:29:54 [http-nio-8081-exec-2] INFO  com.capstone.aspect.LoggerAspect - During: class com.capstone.service.EmiServiceImp.getEmiData() with arguments=emi [s_no=4, loanaccno=202211022, loan_status=active, emi_amount=14673.0, upcomming_payment_date=2022-11-07, remaining_amount=500000.0]
2022-10-16 13:29:54 [http-nio-8081-exec-2] INFO  com.capstone.aspect.LoggerAspect - *************************************
2022-10-16 13:29:54 [http-nio-8081-exec-2] INFO  com.capstone.aspect.LoggerAspect - During: class com.capstone.controller.EmiController.getemiofAccount() with arguments=<200 OK OK,emi [s_no=4, loanaccno=202211022, loan_status=active, emi_amount=14673.0, upcomming_payment_date=2022-11-07, remaining_amount=500000.0],[]>
2022-10-16 13:29:54 [http-nio-8081-exec-2] INFO  com.capstone.aspect.LoggerAspect - *************************************
2022-10-16 13:30:24 [http-nio-8081-exec-3] INFO  com.capstone.aspect.LoggerAspect - Method name: com.capstone.controller.EmiController
2022-10-16 13:30:24 [http-nio-8081-exec-3] INFO  com.capstone.aspect.LoggerAspect - Method arguments:[Ljava.lang.Object;@3db83516
2022-10-16 13:30:24 [http-nio-8081-exec-3] INFO  com.capstone.aspect.LoggerAspect - *************************************
2022-10-16 13:30:24 [http-nio-8081-exec-3] INFO  com.capstone.aspect.LoggerAspect - Method name: com.capstone.service.EmiServiceImp
2022-10-16 13:30:24 [http-nio-8081-exec-3] INFO  com.capstone.aspect.LoggerAspect - Method arguments:[Ljava.lang.Object;@1138d492
2022-10-16 13:30:24 [http-nio-8081-exec-3] INFO  com.capstone.aspect.LoggerAspect - *************************************
2022-10-16 13:30:25 [http-nio-8081-exec-3] INFO  com.capstone.aspect.LoggerAspect - During: class com.capstone.service.EmiServiceImp.getEmiData() with arguments=emi [s_no=4, loanaccno=202211022, loan_status=active, emi_amount=14673.0, upcomming_payment_date=2022-11-07, remaining_amount=500000.0]
2022-10-16 13:30:25 [http-nio-8081-exec-3] INFO  com.capstone.aspect.LoggerAspect - *************************************
2022-10-16 13:30:25 [http-nio-8081-exec-3] INFO  com.capstone.aspect.LoggerAspect - Method name: com.capstone.service.EmiServiceImp
2022-10-16 13:30:25 [http-nio-8081-exec-3] INFO  com.capstone.aspect.LoggerAspect - Method arguments:[Ljava.lang.Object;@d6349d2
2022-10-16 13:30:25 [http-nio-8081-exec-3] INFO  com.capstone.aspect.LoggerAspect - *************************************
2022-10-16 13:30:25 [http-nio-8081-exec-3] INFO  com.capstone.aspect.LoggerAspect - During: class com.capstone.service.EmiServiceImp.getEmiData() with arguments=emi [s_no=4, loanaccno=202211022, loan_status=active, emi_amount=14673.0, upcomming_payment_date=2022-11-07, remaining_amount=500000.0]
2022-10-16 13:30:25 [http-nio-8081-exec-3] INFO  com.capstone.aspect.LoggerAspect - *************************************
2022-10-16 13:30:25 [http-nio-8081-exec-3] INFO  com.capstone.aspect.LoggerAspect - During: class com.capstone.controller.EmiController.getemiofAccount() with arguments=<200 OK OK,emi [s_no=4, loanaccno=202211022, loan_status=active, emi_amount=14673.0, upcomming_payment_date=2022-11-07, remaining_amount=500000.0],[]>
2022-10-16 13:30:25 [http-nio-8081-exec-3] INFO  com.capstone.aspect.LoggerAspect - *************************************
2022-10-16 13:30:26 [http-nio-8081-exec-4] INFO  com.capstone.aspect.LoggerAspect - Method name: com.capstone.controller.EmiController
2022-10-16 13:30:26 [http-nio-8081-exec-4] INFO  com.capstone.aspect.LoggerAspect - Method arguments:[Ljava.lang.Object;@5d7fe032
2022-10-16 13:30:26 [http-nio-8081-exec-4] INFO  com.capstone.aspect.LoggerAspect - *************************************
2022-10-16 13:30:26 [http-nio-8081-exec-4] INFO  com.capstone.aspect.LoggerAspect - Method name: com.capstone.service.EmiServiceImp
2022-10-16 13:30:26 [http-nio-8081-exec-4] INFO  com.capstone.aspect.LoggerAspect - Method arguments:[Ljava.lang.Object;@219b46c0
2022-10-16 13:30:26 [http-nio-8081-exec-4] INFO  com.capstone.aspect.LoggerAspect - *************************************
2022-10-16 13:30:26 [http-nio-8081-exec-4] INFO  com.capstone.aspect.LoggerAspect - During: class com.capstone.service.EmiServiceImp.getEmiData() with arguments=emi [s_no=4, loanaccno=202211022, loan_status=active, emi_amount=14673.0, upcomming_payment_date=2022-11-07, remaining_amount=500000.0]
2022-10-16 13:30:26 [http-nio-8081-exec-4] INFO  com.capstone.aspect.LoggerAspect - *************************************
2022-10-16 13:30:26 [http-nio-8081-exec-4] INFO  com.capstone.aspect.LoggerAspect - Method name: com.capstone.service.EmiServiceImp
2022-10-16 13:30:26 [http-nio-8081-exec-4] INFO  com.capstone.aspect.LoggerAspect - Method arguments:[Ljava.lang.Object;@412148fa
2022-10-16 13:30:26 [http-nio-8081-exec-4] INFO  com.capstone.aspect.LoggerAspect - *************************************
2022-10-16 13:30:26 [http-nio-8081-exec-4] INFO  com.capstone.aspect.LoggerAspect - During: class com.capstone.service.EmiServiceImp.getEmiData() with arguments=emi [s_no=4, loanaccno=202211022, loan_status=active, emi_amount=14673.0, upcomming_payment_date=2022-11-07, remaining_amount=500000.0]
2022-10-16 13:30:26 [http-nio-8081-exec-4] INFO  com.capstone.aspect.LoggerAspect - *************************************
2022-10-16 13:30:26 [http-nio-8081-exec-4] INFO  com.capstone.aspect.LoggerAspect - During: class com.capstone.controller.EmiController.getemiofAccount() with arguments=<200 OK OK,emi [s_no=4, loanaccno=202211022, loan_status=active, emi_amount=14673.0, upcomming_payment_date=2022-11-07, remaining_amount=500000.0],[]>
2022-10-16 13:30:26 [http-nio-8081-exec-4] INFO  com.capstone.aspect.LoggerAspect - *************************************
2022-10-16 13:31:07 [http-nio-8081-exec-5] INFO  com.capstone.aspect.LoggerAspect - Method name: com.capstone.controller.EmiController
2022-10-16 13:31:07 [http-nio-8081-exec-5] INFO  com.capstone.aspect.LoggerAspect - Method arguments:[Ljava.lang.Object;@169220e7
2022-10-16 13:31:07 [http-nio-8081-exec-5] INFO  com.capstone.aspect.LoggerAspect - *************************************
2022-10-16 13:31:07 [http-nio-8081-exec-5] INFO  com.capstone.aspect.LoggerAspect - Method name: com.capstone.service.EmiServiceImp
2022-10-16 13:31:07 [http-nio-8081-exec-5] INFO  com.capstone.aspect.LoggerAspect - Method arguments:[Ljava.lang.Object;@67b85a3
2022-10-16 13:31:07 [http-nio-8081-exec-5] INFO  com.capstone.aspect.LoggerAspect - *************************************
2022-10-16 13:31:08 [http-nio-8081-exec-5] INFO  com.capstone.aspect.LoggerAspect - During: class com.capstone.service.EmiServiceImp.getEmiData() with arguments=emi [s_no=3, loanaccno=202211021, loan_status=active, emi_amount=3117.0, upcomming_payment_date=2022-11-07, remaining_amount=200000.0]
2022-10-16 13:31:08 [http-nio-8081-exec-5] INFO  com.capstone.aspect.LoggerAspect - *************************************
2022-10-16 13:31:08 [http-nio-8081-exec-5] INFO  com.capstone.aspect.LoggerAspect - Method name: com.capstone.service.EmiServiceImp
2022-10-16 13:31:08 [http-nio-8081-exec-5] INFO  com.capstone.aspect.LoggerAspect - Method arguments:[Ljava.lang.Object;@6f0e6ec
2022-10-16 13:31:08 [http-nio-8081-exec-5] INFO  com.capstone.aspect.LoggerAspect - *************************************
2022-10-16 13:31:08 [http-nio-8081-exec-5] INFO  com.capstone.aspect.LoggerAspect - During: class com.capstone.service.EmiServiceImp.getEmiData() with arguments=emi [s_no=3, loanaccno=202211021, loan_status=active, emi_amount=3117.0, upcomming_payment_date=2022-11-07, remaining_amount=200000.0]
2022-10-16 13:31:08 [http-nio-8081-exec-5] INFO  com.capstone.aspect.LoggerAspect - *************************************
2022-10-16 13:31:08 [http-nio-8081-exec-5] INFO  com.capstone.aspect.LoggerAspect - During: class com.capstone.controller.EmiController.getemiofAccount() with arguments=<200 OK OK,emi [s_no=3, loanaccno=202211021, loan_status=active, emi_amount=3117.0, upcomming_payment_date=2022-11-07, remaining_amount=200000.0],[]>
2022-10-16 13:31:08 [http-nio-8081-exec-5] INFO  com.capstone.aspect.LoggerAspect - *************************************
2022-10-16 13:31:09 [http-nio-8081-exec-6] INFO  com.capstone.aspect.LoggerAspect - Method name: com.capstone.controller.EmiController
2022-10-16 13:31:09 [http-nio-8081-exec-6] INFO  com.capstone.aspect.LoggerAspect - Method arguments:[Ljava.lang.Object;@1fba9e18
2022-10-16 13:31:09 [http-nio-8081-exec-6] INFO  com.capstone.aspect.LoggerAspect - *************************************
2022-10-16 13:31:09 [http-nio-8081-exec-6] INFO  com.capstone.aspect.LoggerAspect - Method name: com.capstone.service.EmiServiceImp
2022-10-16 13:31:09 [http-nio-8081-exec-6] INFO  com.capstone.aspect.LoggerAspect - Method arguments:[Ljava.lang.Object;@529bb690
2022-10-16 13:31:09 [http-nio-8081-exec-6] INFO  com.capstone.aspect.LoggerAspect - *************************************
2022-10-16 13:31:09 [http-nio-8081-exec-6] INFO  com.capstone.aspect.LoggerAspect - During: class com.capstone.service.EmiServiceImp.getEmiData() with arguments=emi [s_no=3, loanaccno=202211021, loan_status=active, emi_amount=3117.0, upcomming_payment_date=2022-11-07, remaining_amount=200000.0]
2022-10-16 13:31:09 [http-nio-8081-exec-6] INFO  com.capstone.aspect.LoggerAspect - *************************************
2022-10-16 13:31:09 [http-nio-8081-exec-6] INFO  com.capstone.aspect.LoggerAspect - Method name: com.capstone.service.EmiServiceImp
2022-10-16 13:31:09 [http-nio-8081-exec-6] INFO  com.capstone.aspect.LoggerAspect - Method arguments:[Ljava.lang.Object;@2cc9e659
2022-10-16 13:31:09 [http-nio-8081-exec-6] INFO  com.capstone.aspect.LoggerAspect - *************************************
2022-10-16 13:31:09 [http-nio-8081-exec-6] INFO  com.capstone.aspect.LoggerAspect - During: class com.capstone.service.EmiServiceImp.getEmiData() with arguments=emi [s_no=3, loanaccno=202211021, loan_status=active, emi_amount=3117.0, upcomming_payment_date=2022-11-07, remaining_amount=200000.0]
2022-10-16 13:31:09 [http-nio-8081-exec-6] INFO  com.capstone.aspect.LoggerAspect - *************************************
2022-10-16 13:31:09 [http-nio-8081-exec-6] INFO  com.capstone.aspect.LoggerAspect - During: class com.capstone.controller.EmiController.getemiofAccount() with arguments=<200 OK OK,emi [s_no=3, loanaccno=202211021, loan_status=active, emi_amount=3117.0, upcomming_payment_date=2022-11-07, remaining_amount=200000.0],[]>
2022-10-16 13:31:09 [http-nio-8081-exec-6] INFO  com.capstone.aspect.LoggerAspect - *************************************
2022-10-16 13:31:21 [http-nio-8081-exec-7] INFO  com.capstone.aspect.LoggerAspect - Method name: com.capstone.controller.EmiController
2022-10-16 13:31:21 [http-nio-8081-exec-7] INFO  com.capstone.aspect.LoggerAspect - Method arguments:[Ljava.lang.Object;@17673fe8
2022-10-16 13:31:21 [http-nio-8081-exec-7] INFO  com.capstone.aspect.LoggerAspect - *************************************
2022-10-16 13:31:21 [http-nio-8081-exec-7] INFO  com.capstone.aspect.LoggerAspect - Method name: com.capstone.service.EmiServiceImp
2022-10-16 13:31:21 [http-nio-8081-exec-7] INFO  com.capstone.aspect.LoggerAspect - Method arguments:[Ljava.lang.Object;@3695db60
2022-10-16 13:31:21 [http-nio-8081-exec-7] INFO  com.capstone.aspect.LoggerAspect - *************************************
2022-10-16 13:31:21 [http-nio-8081-exec-7] INFO  com.capstone.aspect.LoggerAspect - During: class com.capstone.service.EmiServiceImp.updateEMI() with arguments=emi [s_no=3, loanaccno=202211021, loan_status=active, emi_amount=3117.243, upcomming_payment_date=2022-12-07, remaining_amount=197216.1]
2022-10-16 13:31:21 [http-nio-8081-exec-7] INFO  com.capstone.aspect.LoggerAspect - *************************************
2022-10-16 13:31:21 [http-nio-8081-exec-7] INFO  com.capstone.aspect.LoggerAspect - During: class com.capstone.controller.EmiController.updateEMI() with arguments=<200 OK OK,{message=emi updated},[]>
2022-10-16 13:31:21 [http-nio-8081-exec-7] INFO  com.capstone.aspect.LoggerAspect - *************************************
2022-10-16 13:31:26 [http-nio-8081-exec-9] WARN  o.s.w.s.m.s.DefaultHandlerExceptionResolver - Resolved [org.springframework.web.method.annotation.MethodArgumentTypeMismatchException: Failed to convert value of type 'java.lang.String' to required type 'int'; nested exception is java.lang.NumberFormatException: For input string: "undefined"]
2022-10-16 13:31:26 [http-nio-8081-exec-8] INFO  com.capstone.aspect.LoggerAspect - Method name: com.capstone.controller.EmiController
2022-10-16 13:31:26 [http-nio-8081-exec-8] INFO  com.capstone.aspect.LoggerAspect - Method arguments:[Ljava.lang.Object;@693415cf
2022-10-16 13:31:26 [http-nio-8081-exec-8] INFO  com.capstone.aspect.LoggerAspect - *************************************
2022-10-16 13:31:26 [http-nio-8081-exec-8] INFO  com.capstone.aspect.LoggerAspect - Method name: com.capstone.service.EmiServiceImp
2022-10-16 13:31:26 [http-nio-8081-exec-8] INFO  com.capstone.aspect.LoggerAspect - Method arguments:[Ljava.lang.Object;@2377abee
2022-10-16 13:31:26 [http-nio-8081-exec-8] INFO  com.capstone.aspect.LoggerAspect - *************************************
2022-10-16 13:31:26 [http-nio-8081-exec-8] INFO  com.capstone.aspect.LoggerAspect - During: class com.capstone.service.EmiServiceImp.getEmiData() with arguments=emi [s_no=3, loanaccno=202211021, loan_status=active, emi_amount=3117.243, upcomming_payment_date=2022-12-07, remaining_amount=197216.1]
2022-10-16 13:31:26 [http-nio-8081-exec-8] INFO  com.capstone.aspect.LoggerAspect - *************************************
2022-10-16 13:31:26 [http-nio-8081-exec-8] INFO  com.capstone.aspect.LoggerAspect - Method name: com.capstone.service.EmiServiceImp
2022-10-16 13:31:26 [http-nio-8081-exec-8] INFO  com.capstone.aspect.LoggerAspect - Method arguments:[Ljava.lang.Object;@5f3112ec
2022-10-16 13:31:26 [http-nio-8081-exec-8] INFO  com.capstone.aspect.LoggerAspect - *************************************
2022-10-16 13:31:26 [http-nio-8081-exec-8] INFO  com.capstone.aspect.LoggerAspect - During: class com.capstone.service.EmiServiceImp.getEmiData() with arguments=emi [s_no=3, loanaccno=202211021, loan_status=active, emi_amount=3117.243, upcomming_payment_date=2022-12-07, remaining_amount=197216.1]
2022-10-16 13:31:26 [http-nio-8081-exec-8] INFO  com.capstone.aspect.LoggerAspect - *************************************
2022-10-16 13:31:26 [http-nio-8081-exec-8] INFO  com.capstone.aspect.LoggerAspect - During: class com.capstone.controller.EmiController.getemiofAccount() with arguments=<200 OK OK,emi [s_no=3, loanaccno=202211021, loan_status=active, emi_amount=3117.243, upcomming_payment_date=2022-12-07, remaining_amount=197216.1],[]>
2022-10-16 13:31:26 [http-nio-8081-exec-8] INFO  com.capstone.aspect.LoggerAspect - *************************************
2022-10-16 13:31:34 [http-nio-8081-exec-10] WARN  o.s.w.s.m.s.DefaultHandlerExceptionResolver - Resolved [org.springframework.web.method.annotation.MethodArgumentTypeMismatchException: Failed to convert value of type 'java.lang.String' to required type 'int'; nested exception is java.lang.NumberFormatException: For input string: "undefined"]
2022-10-16 13:31:34 [http-nio-8081-exec-1] INFO  com.capstone.aspect.LoggerAspect - Method name: com.capstone.controller.EmiController
2022-10-16 13:31:34 [http-nio-8081-exec-1] INFO  com.capstone.aspect.LoggerAspect - Method arguments:[Ljava.lang.Object;@55441e8
2022-10-16 13:31:34 [http-nio-8081-exec-1] INFO  com.capstone.aspect.LoggerAspect - *************************************
2022-10-16 13:31:34 [http-nio-8081-exec-1] INFO  com.capstone.aspect.LoggerAspect - Method name: com.capstone.service.EmiServiceImp
2022-10-16 13:31:34 [http-nio-8081-exec-1] INFO  com.capstone.aspect.LoggerAspect - Method arguments:[Ljava.lang.Object;@16839177
2022-10-16 13:31:34 [http-nio-8081-exec-1] INFO  com.capstone.aspect.LoggerAspect - *************************************
2022-10-16 13:31:34 [http-nio-8081-exec-1] INFO  com.capstone.aspect.LoggerAspect - During: class com.capstone.service.EmiServiceImp.getEmiData() with arguments=emi [s_no=3, loanaccno=202211021, loan_status=active, emi_amount=3117.243, upcomming_payment_date=2022-12-07, remaining_amount=197216.1]
2022-10-16 13:31:34 [http-nio-8081-exec-1] INFO  com.capstone.aspect.LoggerAspect - *************************************
2022-10-16 13:31:34 [http-nio-8081-exec-1] INFO  com.capstone.aspect.LoggerAspect - Method name: com.capstone.service.EmiServiceImp
2022-10-16 13:31:34 [http-nio-8081-exec-1] INFO  com.capstone.aspect.LoggerAspect - Method arguments:[Ljava.lang.Object;@32a9b9d0
2022-10-16 13:31:34 [http-nio-8081-exec-1] INFO  com.capstone.aspect.LoggerAspect - *************************************
2022-10-16 13:31:34 [http-nio-8081-exec-1] INFO  com.capstone.aspect.LoggerAspect - During: class com.capstone.service.EmiServiceImp.getEmiData() with arguments=emi [s_no=3, loanaccno=202211021, loan_status=active, emi_amount=3117.243, upcomming_payment_date=2022-12-07, remaining_amount=197216.1]
2022-10-16 13:31:34 [http-nio-8081-exec-1] INFO  com.capstone.aspect.LoggerAspect - *************************************
2022-10-16 13:31:34 [http-nio-8081-exec-1] INFO  com.capstone.aspect.LoggerAspect - During: class com.capstone.controller.EmiController.getemiofAccount() with arguments=<200 OK OK,emi [s_no=3, loanaccno=202211021, loan_status=active, emi_amount=3117.243, upcomming_payment_date=2022-12-07, remaining_amount=197216.1],[]>
2022-10-16 13:31:34 [http-nio-8081-exec-1] INFO  com.capstone.aspect.LoggerAspect - *************************************
2022-10-16 13:31:48 [http-nio-8081-exec-2] WARN  o.s.w.s.m.s.DefaultHandlerExceptionResolver - Resolved [org.springframework.web.method.annotation.MethodArgumentTypeMismatchException: Failed to convert value of type 'java.lang.String' to required type 'int'; nested exception is java.lang.NumberFormatException: For input string: "undefined"]
2022-10-16 13:31:49 [http-nio-8081-exec-3] INFO  com.capstone.aspect.LoggerAspect - Method name: com.capstone.controller.EmiController
2022-10-16 13:31:49 [http-nio-8081-exec-3] INFO  com.capstone.aspect.LoggerAspect - Method arguments:[Ljava.lang.Object;@5f8cea2e
2022-10-16 13:31:49 [http-nio-8081-exec-3] INFO  com.capstone.aspect.LoggerAspect - *************************************
2022-10-16 13:31:49 [http-nio-8081-exec-3] INFO  com.capstone.aspect.LoggerAspect - Method name: com.capstone.service.EmiServiceImp
2022-10-16 13:31:49 [http-nio-8081-exec-3] INFO  com.capstone.aspect.LoggerAspect - Method arguments:[Ljava.lang.Object;@6a805dd9
2022-10-16 13:31:49 [http-nio-8081-exec-3] INFO  com.capstone.aspect.LoggerAspect - *************************************
2022-10-16 13:31:49 [http-nio-8081-exec-3] INFO  com.capstone.aspect.LoggerAspect - During: class com.capstone.service.EmiServiceImp.getEmiData() with arguments=emi [s_no=4, loanaccno=202211022, loan_status=active, emi_amount=14673.0, upcomming_payment_date=2022-11-07, remaining_amount=500000.0]
2022-10-16 13:31:49 [http-nio-8081-exec-3] INFO  com.capstone.aspect.LoggerAspect - *************************************
2022-10-16 13:31:49 [http-nio-8081-exec-3] INFO  com.capstone.aspect.LoggerAspect - Method name: com.capstone.service.EmiServiceImp
2022-10-16 13:31:49 [http-nio-8081-exec-3] INFO  com.capstone.aspect.LoggerAspect - Method arguments:[Ljava.lang.Object;@1b58aeeb
2022-10-16 13:31:49 [http-nio-8081-exec-3] INFO  com.capstone.aspect.LoggerAspect - *************************************
2022-10-16 13:31:49 [http-nio-8081-exec-3] INFO  com.capstone.aspect.LoggerAspect - During: class com.capstone.service.EmiServiceImp.getEmiData() with arguments=emi [s_no=4, loanaccno=202211022, loan_status=active, emi_amount=14673.0, upcomming_payment_date=2022-11-07, remaining_amount=500000.0]
2022-10-16 13:31:49 [http-nio-8081-exec-3] INFO  com.capstone.aspect.LoggerAspect - *************************************
2022-10-16 13:31:49 [http-nio-8081-exec-3] INFO  com.capstone.aspect.LoggerAspect - During: class com.capstone.controller.EmiController.getemiofAccount() with arguments=<200 OK OK,emi [s_no=4, loanaccno=202211022, loan_status=active, emi_amount=14673.0, upcomming_payment_date=2022-11-07, remaining_amount=500000.0],[]>
2022-10-16 13:31:49 [http-nio-8081-exec-3] INFO  com.capstone.aspect.LoggerAspect - *************************************
2022-10-16 13:31:54 [http-nio-8081-exec-4] INFO  com.capstone.aspect.LoggerAspect - Method name: com.capstone.controller.EmiController
2022-10-16 13:31:54 [http-nio-8081-exec-4] INFO  com.capstone.aspect.LoggerAspect - Method arguments:[Ljava.lang.Object;@1c08e97c
2022-10-16 13:31:54 [http-nio-8081-exec-4] INFO  com.capstone.aspect.LoggerAspect - *************************************
2022-10-16 13:31:54 [http-nio-8081-exec-4] INFO  com.capstone.aspect.LoggerAspect - Method name: com.capstone.service.EmiServiceImp
2022-10-16 13:31:54 [http-nio-8081-exec-4] INFO  com.capstone.aspect.LoggerAspect - Method arguments:[Ljava.lang.Object;@5fb6eb1e
2022-10-16 13:31:54 [http-nio-8081-exec-4] INFO  com.capstone.aspect.LoggerAspect - *************************************
2022-10-16 13:31:54 [http-nio-8081-exec-4] INFO  com.capstone.aspect.LoggerAspect - During: class com.capstone.service.EmiServiceImp.getEmiData() with arguments=emi [s_no=3, loanaccno=202211021, loan_status=active, emi_amount=3117.243, upcomming_payment_date=2022-12-07, remaining_amount=197216.1]
2022-10-16 13:31:54 [http-nio-8081-exec-4] INFO  com.capstone.aspect.LoggerAspect - *************************************
2022-10-16 13:31:54 [http-nio-8081-exec-4] INFO  com.capstone.aspect.LoggerAspect - Method name: com.capstone.service.EmiServiceImp
2022-10-16 13:31:54 [http-nio-8081-exec-4] INFO  com.capstone.aspect.LoggerAspect - Method arguments:[Ljava.lang.Object;@1064cbd7
2022-10-16 13:31:54 [http-nio-8081-exec-4] INFO  com.capstone.aspect.LoggerAspect - *************************************
2022-10-16 13:31:54 [http-nio-8081-exec-4] INFO  com.capstone.aspect.LoggerAspect - During: class com.capstone.service.EmiServiceImp.getEmiData() with arguments=emi [s_no=3, loanaccno=202211021, loan_status=active, emi_amount=3117.243, upcomming_payment_date=2022-12-07, remaining_amount=197216.1]
2022-10-16 13:31:54 [http-nio-8081-exec-4] INFO  com.capstone.aspect.LoggerAspect - *************************************
2022-10-16 13:31:54 [http-nio-8081-exec-4] INFO  com.capstone.aspect.LoggerAspect - During: class com.capstone.controller.EmiController.getemiofAccount() with arguments=<200 OK OK,emi [s_no=3, loanaccno=202211021, loan_status=active, emi_amount=3117.243, upcomming_payment_date=2022-12-07, remaining_amount=197216.1],[]>
2022-10-16 13:31:54 [http-nio-8081-exec-4] INFO  com.capstone.aspect.LoggerAspect - *************************************
2022-10-16 13:32:26 [http-nio-8081-exec-5] INFO  com.capstone.aspect.LoggerAspect - Method name: com.capstone.controller.EmiController
2022-10-16 13:32:26 [http-nio-8081-exec-5] INFO  com.capstone.aspect.LoggerAspect - Method arguments:[Ljava.lang.Object;@5e923383
2022-10-16 13:32:26 [http-nio-8081-exec-5] INFO  com.capstone.aspect.LoggerAspect - *************************************
2022-10-16 13:32:26 [http-nio-8081-exec-5] INFO  com.capstone.aspect.LoggerAspect - Method name: com.capstone.service.EmiServiceImp
2022-10-16 13:32:26 [http-nio-8081-exec-5] INFO  com.capstone.aspect.LoggerAspect - Method arguments:[Ljava.lang.Object;@50d6bb41
2022-10-16 13:32:26 [http-nio-8081-exec-5] INFO  com.capstone.aspect.LoggerAspect - *************************************
2022-10-16 13:32:26 [http-nio-8081-exec-5] INFO  com.capstone.aspect.LoggerAspect - During: class com.capstone.service.EmiServiceImp.getEmiData() with arguments=emi [s_no=3, loanaccno=202211021, loan_status=active, emi_amount=3117.243, upcomming_payment_date=2022-12-07, remaining_amount=197216.1]
2022-10-16 13:32:26 [http-nio-8081-exec-5] INFO  com.capstone.aspect.LoggerAspect - *************************************
2022-10-16 13:32:26 [http-nio-8081-exec-5] INFO  com.capstone.aspect.LoggerAspect - Method name: com.capstone.service.EmiServiceImp
2022-10-16 13:32:26 [http-nio-8081-exec-5] INFO  com.capstone.aspect.LoggerAspect - Method arguments:[Ljava.lang.Object;@3c3c978d
2022-10-16 13:32:26 [http-nio-8081-exec-5] INFO  com.capstone.aspect.LoggerAspect - *************************************
2022-10-16 13:32:26 [http-nio-8081-exec-5] INFO  com.capstone.aspect.LoggerAspect - During: class com.capstone.service.EmiServiceImp.getEmiData() with arguments=emi [s_no=3, loanaccno=202211021, loan_status=active, emi_amount=3117.243, upcomming_payment_date=2022-12-07, remaining_amount=197216.1]
2022-10-16 13:32:26 [http-nio-8081-exec-5] INFO  com.capstone.aspect.LoggerAspect - *************************************
2022-10-16 13:32:26 [http-nio-8081-exec-5] INFO  com.capstone.aspect.LoggerAspect - During: class com.capstone.controller.EmiController.getemiofAccount() with arguments=<200 OK OK,emi [s_no=3, loanaccno=202211021, loan_status=active, emi_amount=3117.243, upcomming_payment_date=2022-12-07, remaining_amount=197216.1],[]>
2022-10-16 13:32:26 [http-nio-8081-exec-5] INFO  com.capstone.aspect.LoggerAspect - *************************************
2022-10-16 13:34:29 [AsyncResolver-bootstrap-executor-0] INFO  c.n.d.s.r.aws.ConfigClusterResolver - Resolving eureka endpoints via configuration
2022-10-16 13:35:40 [http-nio-8081-exec-7] INFO  com.capstone.aspect.LoggerAspect - Method name: com.capstone.controller.EmiController
2022-10-16 13:35:40 [http-nio-8081-exec-7] INFO  com.capstone.aspect.LoggerAspect - Method arguments:[Ljava.lang.Object;@427c50b6
2022-10-16 13:35:40 [http-nio-8081-exec-7] INFO  com.capstone.aspect.LoggerAspect - *************************************
2022-10-16 13:35:40 [http-nio-8081-exec-7] INFO  com.capstone.aspect.LoggerAspect - Method name: com.capstone.service.EmiServiceImp
2022-10-16 13:35:40 [http-nio-8081-exec-7] INFO  com.capstone.aspect.LoggerAspect - Method arguments:[Ljava.lang.Object;@50ad1518
2022-10-16 13:35:40 [http-nio-8081-exec-7] INFO  com.capstone.aspect.LoggerAspect - *************************************
2022-10-16 13:35:40 [http-nio-8081-exec-7] INFO  com.capstone.aspect.LoggerAspect - During: class com.capstone.service.EmiServiceImp.getEmiData() with arguments=emi [s_no=3, loanaccno=202211021, loan_status=active, emi_amount=3117.243, upcomming_payment_date=2022-12-07, remaining_amount=197216.1]
2022-10-16 13:35:40 [http-nio-8081-exec-7] INFO  com.capstone.aspect.LoggerAspect - *************************************
2022-10-16 13:35:40 [http-nio-8081-exec-7] INFO  com.capstone.aspect.LoggerAspect - Method name: com.capstone.service.EmiServiceImp
2022-10-16 13:35:40 [http-nio-8081-exec-7] INFO  com.capstone.aspect.LoggerAspect - Method arguments:[Ljava.lang.Object;@7d6b3ebf
2022-10-16 13:35:40 [http-nio-8081-exec-7] INFO  com.capstone.aspect.LoggerAspect - *************************************
2022-10-16 13:35:40 [http-nio-8081-exec-7] INFO  com.capstone.aspect.LoggerAspect - During: class com.capstone.service.EmiServiceImp.getEmiData() with arguments=emi [s_no=3, loanaccno=202211021, loan_status=active, emi_amount=3117.243, upcomming_payment_date=2022-12-07, remaining_amount=197216.1]
2022-10-16 13:35:40 [http-nio-8081-exec-7] INFO  com.capstone.aspect.LoggerAspect - *************************************
2022-10-16 13:35:40 [http-nio-8081-exec-7] INFO  com.capstone.aspect.LoggerAspect - During: class com.capstone.controller.EmiController.getemiofAccount() with arguments=<200 OK OK,emi [s_no=3, loanaccno=202211021, loan_status=active, emi_amount=3117.243, upcomming_payment_date=2022-12-07, remaining_amount=197216.1],[]>
2022-10-16 13:35:40 [http-nio-8081-exec-7] INFO  com.capstone.aspect.LoggerAspect - *************************************
2022-10-16 13:36:12 [http-nio-8081-exec-9] INFO  com.capstone.aspect.LoggerAspect - Method name: com.capstone.controller.EmiController
2022-10-16 13:36:12 [http-nio-8081-exec-9] INFO  com.capstone.aspect.LoggerAspect - Method arguments:[Ljava.lang.Object;@751ad2ac
2022-10-16 13:36:12 [http-nio-8081-exec-9] INFO  com.capstone.aspect.LoggerAspect - *************************************
2022-10-16 13:36:12 [http-nio-8081-exec-9] INFO  com.capstone.aspect.LoggerAspect - Method name: com.capstone.service.EmiServiceImp
2022-10-16 13:36:12 [http-nio-8081-exec-9] INFO  com.capstone.aspect.LoggerAspect - Method arguments:[Ljava.lang.Object;@256ead78
2022-10-16 13:36:12 [http-nio-8081-exec-9] INFO  com.capstone.aspect.LoggerAspect - *************************************
2022-10-16 13:36:12 [http-nio-8081-exec-9] INFO  com.capstone.aspect.LoggerAspect - During: class com.capstone.service.EmiServiceImp.getEmiData() with arguments=emi [s_no=3, loanaccno=202211021, loan_status=active, emi_amount=3117.243, upcomming_payment_date=2022-12-07, remaining_amount=197216.1]
2022-10-16 13:36:12 [http-nio-8081-exec-9] INFO  com.capstone.aspect.LoggerAspect - *************************************
2022-10-16 13:36:12 [http-nio-8081-exec-9] INFO  com.capstone.aspect.LoggerAspect - Method name: com.capstone.service.EmiServiceImp
2022-10-16 13:36:12 [http-nio-8081-exec-9] INFO  com.capstone.aspect.LoggerAspect - Method arguments:[Ljava.lang.Object;@24e26ba8
2022-10-16 13:36:12 [http-nio-8081-exec-9] INFO  com.capstone.aspect.LoggerAspect - *************************************
2022-10-16 13:36:12 [http-nio-8081-exec-9] INFO  com.capstone.aspect.LoggerAspect - During: class com.capstone.service.EmiServiceImp.getEmiData() with arguments=emi [s_no=3, loanaccno=202211021, loan_status=active, emi_amount=3117.243, upcomming_payment_date=2022-12-07, remaining_amount=197216.1]
2022-10-16 13:36:12 [http-nio-8081-exec-9] INFO  com.capstone.aspect.LoggerAspect - *************************************
2022-10-16 13:36:12 [http-nio-8081-exec-9] INFO  com.capstone.aspect.LoggerAspect - During: class com.capstone.controller.EmiController.getemiofAccount() with arguments=<200 OK OK,emi [s_no=3, loanaccno=202211021, loan_status=active, emi_amount=3117.243, upcomming_payment_date=2022-12-07, remaining_amount=197216.1],[]>
2022-10-16 13:36:12 [http-nio-8081-exec-9] INFO  com.capstone.aspect.LoggerAspect - *************************************
2022-10-16 13:36:14 [http-nio-8081-exec-8] INFO  com.capstone.aspect.LoggerAspect - Method name: com.capstone.controller.EmiController
2022-10-16 13:36:14 [http-nio-8081-exec-8] INFO  com.capstone.aspect.LoggerAspect - Method arguments:[Ljava.lang.Object;@3e808288
2022-10-16 13:36:14 [http-nio-8081-exec-8] INFO  com.capstone.aspect.LoggerAspect - *************************************
2022-10-16 13:36:14 [http-nio-8081-exec-8] INFO  com.capstone.aspect.LoggerAspect - Method name: com.capstone.service.EmiServiceImp
2022-10-16 13:36:14 [http-nio-8081-exec-8] INFO  com.capstone.aspect.LoggerAspect - Method arguments:[Ljava.lang.Object;@556b5a4e
2022-10-16 13:36:14 [http-nio-8081-exec-8] INFO  com.capstone.aspect.LoggerAspect - *************************************
2022-10-16 13:36:14 [http-nio-8081-exec-8] INFO  com.capstone.aspect.LoggerAspect - During: class com.capstone.service.EmiServiceImp.getEmiData() with arguments=emi [s_no=3, loanaccno=202211021, loan_status=active, emi_amount=3117.243, upcomming_payment_date=2022-12-07, remaining_amount=197216.1]
2022-10-16 13:36:14 [http-nio-8081-exec-8] INFO  com.capstone.aspect.LoggerAspect - *************************************
2022-10-16 13:36:14 [http-nio-8081-exec-8] INFO  com.capstone.aspect.LoggerAspect - Method name: com.capstone.service.EmiServiceImp
2022-10-16 13:36:14 [http-nio-8081-exec-8] INFO  com.capstone.aspect.LoggerAspect - Method arguments:[Ljava.lang.Object;@64b8f543
2022-10-16 13:36:14 [http-nio-8081-exec-8] INFO  com.capstone.aspect.LoggerAspect - *************************************
2022-10-16 13:36:14 [http-nio-8081-exec-8] INFO  com.capstone.aspect.LoggerAspect - During: class com.capstone.service.EmiServiceImp.getEmiData() with arguments=emi [s_no=3, loanaccno=202211021, loan_status=active, emi_amount=3117.243, upcomming_payment_date=2022-12-07, remaining_amount=197216.1]
2022-10-16 13:36:14 [http-nio-8081-exec-8] INFO  com.capstone.aspect.LoggerAspect - *************************************
2022-10-16 13:36:14 [http-nio-8081-exec-8] INFO  com.capstone.aspect.LoggerAspect - During: class com.capstone.controller.EmiController.getemiofAccount() with arguments=<200 OK OK,emi [s_no=3, loanaccno=202211021, loan_status=active, emi_amount=3117.243, upcomming_payment_date=2022-12-07, remaining_amount=197216.1],[]>
2022-10-16 13:36:14 [http-nio-8081-exec-8] INFO  com.capstone.aspect.LoggerAspect - *************************************
2022-10-16 13:38:16 [http-nio-8081-exec-1] INFO  com.capstone.aspect.LoggerAspect - Method name: com.capstone.controller.EmiController
2022-10-16 13:38:16 [http-nio-8081-exec-1] INFO  com.capstone.aspect.LoggerAspect - Method arguments:[Ljava.lang.Object;@1b5508be
2022-10-16 13:38:16 [http-nio-8081-exec-1] INFO  com.capstone.aspect.LoggerAspect - *************************************
2022-10-16 13:38:16 [http-nio-8081-exec-1] INFO  com.capstone.aspect.LoggerAspect - Method name: com.capstone.service.EmiServiceImp
2022-10-16 13:38:16 [http-nio-8081-exec-1] INFO  com.capstone.aspect.LoggerAspect - Method arguments:[Ljava.lang.Object;@16431f6b
2022-10-16 13:38:16 [http-nio-8081-exec-1] INFO  com.capstone.aspect.LoggerAspect - *************************************
2022-10-16 13:38:16 [http-nio-8081-exec-1] INFO  com.capstone.aspect.LoggerAspect - During: class com.capstone.service.EmiServiceImp.getEmiData() with arguments=emi [s_no=3, loanaccno=202211021, loan_status=active, emi_amount=3117.243, upcomming_payment_date=2022-12-07, remaining_amount=197216.1]
2022-10-16 13:38:16 [http-nio-8081-exec-1] INFO  com.capstone.aspect.LoggerAspect - *************************************
2022-10-16 13:38:16 [http-nio-8081-exec-1] INFO  com.capstone.aspect.LoggerAspect - Method name: com.capstone.service.EmiServiceImp
2022-10-16 13:38:16 [http-nio-8081-exec-1] INFO  com.capstone.aspect.LoggerAspect - Method arguments:[Ljava.lang.Object;@7cf71dc7
2022-10-16 13:38:16 [http-nio-8081-exec-1] INFO  com.capstone.aspect.LoggerAspect - *************************************
2022-10-16 13:38:16 [http-nio-8081-exec-1] INFO  com.capstone.aspect.LoggerAspect - During: class com.capstone.service.EmiServiceImp.getEmiData() with arguments=emi [s_no=3, loanaccno=202211021, loan_status=active, emi_amount=3117.243, upcomming_payment_date=2022-12-07, remaining_amount=197216.1]
2022-10-16 13:38:16 [http-nio-8081-exec-1] INFO  com.capstone.aspect.LoggerAspect - *************************************
2022-10-16 13:38:16 [http-nio-8081-exec-1] INFO  com.capstone.aspect.LoggerAspect - During: class com.capstone.controller.EmiController.getemiofAccount() with arguments=<200 OK OK,emi [s_no=3, loanaccno=202211021, loan_status=active, emi_amount=3117.243, upcomming_payment_date=2022-12-07, remaining_amount=197216.1],[]>
2022-10-16 13:38:16 [http-nio-8081-exec-1] INFO  com.capstone.aspect.LoggerAspect - *************************************
2022-10-16 13:38:27 [http-nio-8081-exec-2] INFO  com.capstone.aspect.LoggerAspect - Method name: com.capstone.controller.EmiController
2022-10-16 13:38:27 [http-nio-8081-exec-2] INFO  com.capstone.aspect.LoggerAspect - Method arguments:[Ljava.lang.Object;@62563932
2022-10-16 13:38:27 [http-nio-8081-exec-2] INFO  com.capstone.aspect.LoggerAspect - *************************************
2022-10-16 13:38:27 [http-nio-8081-exec-2] INFO  com.capstone.aspect.LoggerAspect - Method name: com.capstone.service.EmiServiceImp
2022-10-16 13:38:27 [http-nio-8081-exec-2] INFO  com.capstone.aspect.LoggerAspect - Method arguments:[Ljava.lang.Object;@606d25f8
2022-10-16 13:38:27 [http-nio-8081-exec-2] INFO  com.capstone.aspect.LoggerAspect - *************************************
2022-10-16 13:38:27 [http-nio-8081-exec-2] INFO  com.capstone.aspect.LoggerAspect - During: class com.capstone.service.EmiServiceImp.getEmiData() with arguments=emi [s_no=3, loanaccno=202211021, loan_status=active, emi_amount=3117.243, upcomming_payment_date=2022-12-07, remaining_amount=197216.1]
2022-10-16 13:38:27 [http-nio-8081-exec-2] INFO  com.capstone.aspect.LoggerAspect - *************************************
2022-10-16 13:38:27 [http-nio-8081-exec-2] INFO  com.capstone.aspect.LoggerAspect - Method name: com.capstone.service.EmiServiceImp
2022-10-16 13:38:27 [http-nio-8081-exec-2] INFO  com.capstone.aspect.LoggerAspect - Method arguments:[Ljava.lang.Object;@3674a8a6
2022-10-16 13:38:27 [http-nio-8081-exec-2] INFO  com.capstone.aspect.LoggerAspect - *************************************
2022-10-16 13:38:27 [http-nio-8081-exec-2] INFO  com.capstone.aspect.LoggerAspect - During: class com.capstone.service.EmiServiceImp.getEmiData() with arguments=emi [s_no=3, loanaccno=202211021, loan_status=active, emi_amount=3117.243, upcomming_payment_date=2022-12-07, remaining_amount=197216.1]
2022-10-16 13:38:27 [http-nio-8081-exec-2] INFO  com.capstone.aspect.LoggerAspect - *************************************
2022-10-16 13:38:27 [http-nio-8081-exec-2] INFO  com.capstone.aspect.LoggerAspect - During: class com.capstone.controller.EmiController.getemiofAccount() with arguments=<200 OK OK,emi [s_no=3, loanaccno=202211021, loan_status=active, emi_amount=3117.243, upcomming_payment_date=2022-12-07, remaining_amount=197216.1],[]>
2022-10-16 13:38:27 [http-nio-8081-exec-2] INFO  com.capstone.aspect.LoggerAspect - *************************************
2022-10-16 13:39:02 [http-nio-8081-exec-3] INFO  com.capstone.aspect.LoggerAspect - Method name: com.capstone.controller.EmiController
2022-10-16 13:39:02 [http-nio-8081-exec-3] INFO  com.capstone.aspect.LoggerAspect - Method arguments:[Ljava.lang.Object;@7494d032
2022-10-16 13:39:02 [http-nio-8081-exec-3] INFO  com.capstone.aspect.LoggerAspect - *************************************
2022-10-16 13:39:02 [http-nio-8081-exec-3] INFO  com.capstone.aspect.LoggerAspect - Method name: com.capstone.service.EmiServiceImp
2022-10-16 13:39:02 [http-nio-8081-exec-3] INFO  com.capstone.aspect.LoggerAspect - Method arguments:[Ljava.lang.Object;@2af0cb5d
2022-10-16 13:39:02 [http-nio-8081-exec-3] INFO  com.capstone.aspect.LoggerAspect - *************************************
2022-10-16 13:39:02 [http-nio-8081-exec-3] INFO  com.capstone.aspect.LoggerAspect - During: class com.capstone.service.EmiServiceImp.getEmiData() with arguments=emi [s_no=3, loanaccno=202211021, loan_status=active, emi_amount=3117.243, upcomming_payment_date=2022-12-07, remaining_amount=197216.1]
2022-10-16 13:39:02 [http-nio-8081-exec-3] INFO  com.capstone.aspect.LoggerAspect - *************************************
2022-10-16 13:39:02 [http-nio-8081-exec-3] INFO  com.capstone.aspect.LoggerAspect - Method name: com.capstone.service.EmiServiceImp
2022-10-16 13:39:02 [http-nio-8081-exec-3] INFO  com.capstone.aspect.LoggerAspect - Method arguments:[Ljava.lang.Object;@434f15ef
2022-10-16 13:39:02 [http-nio-8081-exec-3] INFO  com.capstone.aspect.LoggerAspect - *************************************
2022-10-16 13:39:02 [http-nio-8081-exec-3] INFO  com.capstone.aspect.LoggerAspect - During: class com.capstone.service.EmiServiceImp.getEmiData() with arguments=emi [s_no=3, loanaccno=202211021, loan_status=active, emi_amount=3117.243, upcomming_payment_date=2022-12-07, remaining_amount=197216.1]
2022-10-16 13:39:02 [http-nio-8081-exec-3] INFO  com.capstone.aspect.LoggerAspect - *************************************
2022-10-16 13:39:02 [http-nio-8081-exec-3] INFO  com.capstone.aspect.LoggerAspect - During: class com.capstone.controller.EmiController.getemiofAccount() with arguments=<200 OK OK,emi [s_no=3, loanaccno=202211021, loan_status=active, emi_amount=3117.243, upcomming_payment_date=2022-12-07, remaining_amount=197216.1],[]>
2022-10-16 13:39:02 [http-nio-8081-exec-3] INFO  com.capstone.aspect.LoggerAspect - *************************************
2022-10-16 13:39:04 [http-nio-8081-exec-4] INFO  com.capstone.aspect.LoggerAspect - Method name: com.capstone.controller.EmiController
2022-10-16 13:39:04 [http-nio-8081-exec-4] INFO  com.capstone.aspect.LoggerAspect - Method arguments:[Ljava.lang.Object;@27f2ee3b
2022-10-16 13:39:04 [http-nio-8081-exec-4] INFO  com.capstone.aspect.LoggerAspect - *************************************
2022-10-16 13:39:04 [http-nio-8081-exec-4] INFO  com.capstone.aspect.LoggerAspect - Method name: com.capstone.service.EmiServiceImp
2022-10-16 13:39:04 [http-nio-8081-exec-4] INFO  com.capstone.aspect.LoggerAspect - Method arguments:[Ljava.lang.Object;@257d2ce5
2022-10-16 13:39:04 [http-nio-8081-exec-4] INFO  com.capstone.aspect.LoggerAspect - *************************************
2022-10-16 13:39:04 [http-nio-8081-exec-4] INFO  com.capstone.aspect.LoggerAspect - During: class com.capstone.service.EmiServiceImp.getEmiData() with arguments=emi [s_no=3, loanaccno=202211021, loan_status=active, emi_amount=3117.243, upcomming_payment_date=2022-12-07, remaining_amount=197216.1]
2022-10-16 13:39:04 [http-nio-8081-exec-4] INFO  com.capstone.aspect.LoggerAspect - *************************************
2022-10-16 13:39:04 [http-nio-8081-exec-4] INFO  com.capstone.aspect.LoggerAspect - Method name: com.capstone.service.EmiServiceImp
2022-10-16 13:39:04 [http-nio-8081-exec-4] INFO  com.capstone.aspect.LoggerAspect - Method arguments:[Ljava.lang.Object;@2f716f44
2022-10-16 13:39:04 [http-nio-8081-exec-4] INFO  com.capstone.aspect.LoggerAspect - *************************************
2022-10-16 13:39:04 [http-nio-8081-exec-4] INFO  com.capstone.aspect.LoggerAspect - During: class com.capstone.service.EmiServiceImp.getEmiData() with arguments=emi [s_no=3, loanaccno=202211021, loan_status=active, emi_amount=3117.243, upcomming_payment_date=2022-12-07, remaining_amount=197216.1]
2022-10-16 13:39:04 [http-nio-8081-exec-4] INFO  com.capstone.aspect.LoggerAspect - *************************************
2022-10-16 13:39:04 [http-nio-8081-exec-4] INFO  com.capstone.aspect.LoggerAspect - During: class com.capstone.controller.EmiController.getemiofAccount() with arguments=<200 OK OK,emi [s_no=3, loanaccno=202211021, loan_status=active, emi_amount=3117.243, upcomming_payment_date=2022-12-07, remaining_amount=197216.1],[]>
2022-10-16 13:39:04 [http-nio-8081-exec-4] INFO  com.capstone.aspect.LoggerAspect - *************************************
2022-10-16 13:39:29 [AsyncResolver-bootstrap-executor-0] INFO  c.n.d.s.r.aws.ConfigClusterResolver - Resolving eureka endpoints via configuration
2022-10-16 13:39:47 [http-nio-8081-exec-5] INFO  com.capstone.aspect.LoggerAspect - Method name: com.capstone.controller.EmiController
2022-10-16 13:39:47 [http-nio-8081-exec-5] INFO  com.capstone.aspect.LoggerAspect - Method arguments:[Ljava.lang.Object;@4811618c
2022-10-16 13:39:47 [http-nio-8081-exec-5] INFO  com.capstone.aspect.LoggerAspect - *************************************
2022-10-16 13:39:47 [http-nio-8081-exec-5] INFO  com.capstone.aspect.LoggerAspect - Method name: com.capstone.service.EmiServiceImp
2022-10-16 13:39:47 [http-nio-8081-exec-5] INFO  com.capstone.aspect.LoggerAspect - Method arguments:[Ljava.lang.Object;@7f34c405
2022-10-16 13:39:47 [http-nio-8081-exec-5] INFO  com.capstone.aspect.LoggerAspect - *************************************
2022-10-16 13:39:47 [http-nio-8081-exec-5] INFO  com.capstone.aspect.LoggerAspect - During: class com.capstone.service.EmiServiceImp.getEmiData() with arguments=emi [s_no=3, loanaccno=202211021, loan_status=active, emi_amount=3117.243, upcomming_payment_date=2022-12-07, remaining_amount=197216.1]
2022-10-16 13:39:47 [http-nio-8081-exec-5] INFO  com.capstone.aspect.LoggerAspect - *************************************
2022-10-16 13:39:47 [http-nio-8081-exec-5] INFO  com.capstone.aspect.LoggerAspect - Method name: com.capstone.service.EmiServiceImp
2022-10-16 13:39:47 [http-nio-8081-exec-5] INFO  com.capstone.aspect.LoggerAspect - Method arguments:[Ljava.lang.Object;@128b7778
2022-10-16 13:39:47 [http-nio-8081-exec-5] INFO  com.capstone.aspect.LoggerAspect - *************************************
2022-10-16 13:39:47 [http-nio-8081-exec-5] INFO  com.capstone.aspect.LoggerAspect - During: class com.capstone.service.EmiServiceImp.getEmiData() with arguments=emi [s_no=3, loanaccno=202211021, loan_status=active, emi_amount=3117.243, upcomming_payment_date=2022-12-07, remaining_amount=197216.1]
2022-10-16 13:39:47 [http-nio-8081-exec-5] INFO  com.capstone.aspect.LoggerAspect - *************************************
2022-10-16 13:39:47 [http-nio-8081-exec-5] INFO  com.capstone.aspect.LoggerAspect - During: class com.capstone.controller.EmiController.getemiofAccount() with arguments=<200 OK OK,emi [s_no=3, loanaccno=202211021, loan_status=active, emi_amount=3117.243, upcomming_payment_date=2022-12-07, remaining_amount=197216.1],[]>
2022-10-16 13:39:47 [http-nio-8081-exec-5] INFO  com.capstone.aspect.LoggerAspect - *************************************
2022-10-16 13:39:49 [http-nio-8081-exec-6] INFO  com.capstone.aspect.LoggerAspect - Method name: com.capstone.controller.EmiController
2022-10-16 13:39:49 [http-nio-8081-exec-6] INFO  com.capstone.aspect.LoggerAspect - Method arguments:[Ljava.lang.Object;@36bdac96
2022-10-16 13:39:49 [http-nio-8081-exec-6] INFO  com.capstone.aspect.LoggerAspect - *************************************
2022-10-16 13:39:49 [http-nio-8081-exec-6] INFO  com.capstone.aspect.LoggerAspect - Method name: com.capstone.service.EmiServiceImp
2022-10-16 13:39:49 [http-nio-8081-exec-6] INFO  com.capstone.aspect.LoggerAspect - Method arguments:[Ljava.lang.Object;@43ab2c2e
2022-10-16 13:39:49 [http-nio-8081-exec-6] INFO  com.capstone.aspect.LoggerAspect - *************************************
2022-10-16 13:39:49 [http-nio-8081-exec-6] INFO  com.capstone.aspect.LoggerAspect - During: class com.capstone.service.EmiServiceImp.getEmiData() with arguments=emi [s_no=3, loanaccno=202211021, loan_status=active, emi_amount=3117.243, upcomming_payment_date=2022-12-07, remaining_amount=197216.1]
2022-10-16 13:39:49 [http-nio-8081-exec-6] INFO  com.capstone.aspect.LoggerAspect - *************************************
2022-10-16 13:39:49 [http-nio-8081-exec-6] INFO  com.capstone.aspect.LoggerAspect - Method name: com.capstone.service.EmiServiceImp
2022-10-16 13:39:49 [http-nio-8081-exec-6] INFO  com.capstone.aspect.LoggerAspect - Method arguments:[Ljava.lang.Object;@343569b7
2022-10-16 13:39:49 [http-nio-8081-exec-6] INFO  com.capstone.aspect.LoggerAspect - *************************************
2022-10-16 13:39:49 [http-nio-8081-exec-6] INFO  com.capstone.aspect.LoggerAspect - During: class com.capstone.service.EmiServiceImp.getEmiData() with arguments=emi [s_no=3, loanaccno=202211021, loan_status=active, emi_amount=3117.243, upcomming_payment_date=2022-12-07, remaining_amount=197216.1]
2022-10-16 13:39:49 [http-nio-8081-exec-6] INFO  com.capstone.aspect.LoggerAspect - *************************************
2022-10-16 13:39:49 [http-nio-8081-exec-6] INFO  com.capstone.aspect.LoggerAspect - During: class com.capstone.controller.EmiController.getemiofAccount() with arguments=<200 OK OK,emi [s_no=3, loanaccno=202211021, loan_status=active, emi_amount=3117.243, upcomming_payment_date=2022-12-07, remaining_amount=197216.1],[]>
2022-10-16 13:39:49 [http-nio-8081-exec-6] INFO  com.capstone.aspect.LoggerAspect - *************************************
2022-10-16 13:39:51 [http-nio-8081-exec-7] INFO  com.capstone.aspect.LoggerAspect - Method name: com.capstone.controller.EmiController
2022-10-16 13:39:51 [http-nio-8081-exec-7] INFO  com.capstone.aspect.LoggerAspect - Method arguments:[Ljava.lang.Object;@70c97249
2022-10-16 13:39:51 [http-nio-8081-exec-7] INFO  com.capstone.aspect.LoggerAspect - *************************************
2022-10-16 13:39:51 [http-nio-8081-exec-7] INFO  com.capstone.aspect.LoggerAspect - Method name: com.capstone.service.EmiServiceImp
2022-10-16 13:39:51 [http-nio-8081-exec-7] INFO  com.capstone.aspect.LoggerAspect - Method arguments:[Ljava.lang.Object;@3e9bb97c
2022-10-16 13:39:51 [http-nio-8081-exec-7] INFO  com.capstone.aspect.LoggerAspect - *************************************
2022-10-16 13:39:51 [http-nio-8081-exec-7] INFO  com.capstone.aspect.LoggerAspect - During: class com.capstone.service.EmiServiceImp.getEmiData() with arguments=emi [s_no=3, loanaccno=202211021, loan_status=active, emi_amount=3117.243, upcomming_payment_date=2022-12-07, remaining_amount=197216.1]
2022-10-16 13:39:51 [http-nio-8081-exec-7] INFO  com.capstone.aspect.LoggerAspect - *************************************
2022-10-16 13:39:51 [http-nio-8081-exec-7] INFO  com.capstone.aspect.LoggerAspect - Method name: com.capstone.service.EmiServiceImp
2022-10-16 13:39:51 [http-nio-8081-exec-7] INFO  com.capstone.aspect.LoggerAspect - Method arguments:[Ljava.lang.Object;@2f442c02
2022-10-16 13:39:51 [http-nio-8081-exec-7] INFO  com.capstone.aspect.LoggerAspect - *************************************
2022-10-16 13:39:51 [http-nio-8081-exec-7] INFO  com.capstone.aspect.LoggerAspect - During: class com.capstone.service.EmiServiceImp.getEmiData() with arguments=emi [s_no=3, loanaccno=202211021, loan_status=active, emi_amount=3117.243, upcomming_payment_date=2022-12-07, remaining_amount=197216.1]
2022-10-16 13:39:51 [http-nio-8081-exec-7] INFO  com.capstone.aspect.LoggerAspect - *************************************
2022-10-16 13:39:51 [http-nio-8081-exec-7] INFO  com.capstone.aspect.LoggerAspect - During: class com.capstone.controller.EmiController.getemiofAccount() with arguments=<200 OK OK,emi [s_no=3, loanaccno=202211021, loan_status=active, emi_amount=3117.243, upcomming_payment_date=2022-12-07, remaining_amount=197216.1],[]>
2022-10-16 13:39:51 [http-nio-8081-exec-7] INFO  com.capstone.aspect.LoggerAspect - *************************************
2022-10-16 13:39:56 [http-nio-8081-exec-9] INFO  com.capstone.aspect.LoggerAspect - Method name: com.capstone.controller.EmiController
2022-10-16 13:39:56 [http-nio-8081-exec-9] INFO  com.capstone.aspect.LoggerAspect - Method arguments:[Ljava.lang.Object;@44ceb6d9
2022-10-16 13:39:56 [http-nio-8081-exec-9] INFO  com.capstone.aspect.LoggerAspect - *************************************
2022-10-16 13:39:56 [http-nio-8081-exec-9] INFO  com.capstone.aspect.LoggerAspect - Method name: com.capstone.service.EmiServiceImp
2022-10-16 13:39:56 [http-nio-8081-exec-9] INFO  com.capstone.aspect.LoggerAspect - Method arguments:[Ljava.lang.Object;@17942cb8
2022-10-16 13:39:56 [http-nio-8081-exec-9] INFO  com.capstone.aspect.LoggerAspect - *************************************
2022-10-16 13:39:56 [http-nio-8081-exec-9] INFO  com.capstone.aspect.LoggerAspect - During: class com.capstone.service.EmiServiceImp.getEmiData() with arguments=emi [s_no=3, loanaccno=202211021, loan_status=active, emi_amount=3117.243, upcomming_payment_date=2022-12-07, remaining_amount=197216.1]
2022-10-16 13:39:56 [http-nio-8081-exec-9] INFO  com.capstone.aspect.LoggerAspect - *************************************
2022-10-16 13:39:56 [http-nio-8081-exec-9] INFO  com.capstone.aspect.LoggerAspect - Method name: com.capstone.service.EmiServiceImp
2022-10-16 13:39:56 [http-nio-8081-exec-9] INFO  com.capstone.aspect.LoggerAspect - Method arguments:[Ljava.lang.Object;@515202a3
2022-10-16 13:39:56 [http-nio-8081-exec-9] INFO  com.capstone.aspect.LoggerAspect - *************************************
2022-10-16 13:39:56 [http-nio-8081-exec-9] INFO  com.capstone.aspect.LoggerAspect - During: class com.capstone.service.EmiServiceImp.getEmiData() with arguments=emi [s_no=3, loanaccno=202211021, loan_status=active, emi_amount=3117.243, upcomming_payment_date=2022-12-07, remaining_amount=197216.1]
2022-10-16 13:39:56 [http-nio-8081-exec-9] INFO  com.capstone.aspect.LoggerAspect - *************************************
2022-10-16 13:39:56 [http-nio-8081-exec-9] INFO  com.capstone.aspect.LoggerAspect - During: class com.capstone.controller.EmiController.getemiofAccount() with arguments=<200 OK OK,emi [s_no=3, loanaccno=202211021, loan_status=active, emi_amount=3117.243, upcomming_payment_date=2022-12-07, remaining_amount=197216.1],[]>
2022-10-16 13:39:56 [http-nio-8081-exec-9] INFO  com.capstone.aspect.LoggerAspect - *************************************
2022-10-16 13:39:58 [http-nio-8081-exec-8] INFO  com.capstone.aspect.LoggerAspect - Method name: com.capstone.controller.EmiController
2022-10-16 13:39:58 [http-nio-8081-exec-8] INFO  com.capstone.aspect.LoggerAspect - Method arguments:[Ljava.lang.Object;@7c195c0a
2022-10-16 13:39:58 [http-nio-8081-exec-8] INFO  com.capstone.aspect.LoggerAspect - *************************************
2022-10-16 13:39:58 [http-nio-8081-exec-8] INFO  com.capstone.aspect.LoggerAspect - Method name: com.capstone.service.EmiServiceImp
2022-10-16 13:39:58 [http-nio-8081-exec-8] INFO  com.capstone.aspect.LoggerAspect - Method arguments:[Ljava.lang.Object;@ce71211
2022-10-16 13:39:58 [http-nio-8081-exec-8] INFO  com.capstone.aspect.LoggerAspect - *************************************
2022-10-16 13:39:58 [http-nio-8081-exec-8] INFO  com.capstone.aspect.LoggerAspect - During: class com.capstone.service.EmiServiceImp.getEmiData() with arguments=emi [s_no=3, loanaccno=202211021, loan_status=active, emi_amount=3117.243, upcomming_payment_date=2022-12-07, remaining_amount=197216.1]
2022-10-16 13:39:58 [http-nio-8081-exec-8] INFO  com.capstone.aspect.LoggerAspect - *************************************
2022-10-16 13:39:58 [http-nio-8081-exec-8] INFO  com.capstone.aspect.LoggerAspect - Method name: com.capstone.service.EmiServiceImp
2022-10-16 13:39:58 [http-nio-8081-exec-8] INFO  com.capstone.aspect.LoggerAspect - Method arguments:[Ljava.lang.Object;@361536e4
2022-10-16 13:39:58 [http-nio-8081-exec-8] INFO  com.capstone.aspect.LoggerAspect - *************************************
2022-10-16 13:39:58 [http-nio-8081-exec-8] INFO  com.capstone.aspect.LoggerAspect - During: class com.capstone.service.EmiServiceImp.getEmiData() with arguments=emi [s_no=3, loanaccno=202211021, loan_status=active, emi_amount=3117.243, upcomming_payment_date=2022-12-07, remaining_amount=197216.1]
2022-10-16 13:39:58 [http-nio-8081-exec-8] INFO  com.capstone.aspect.LoggerAspect - *************************************
2022-10-16 13:39:58 [http-nio-8081-exec-8] INFO  com.capstone.aspect.LoggerAspect - During: class com.capstone.controller.EmiController.getemiofAccount() with arguments=<200 OK OK,emi [s_no=3, loanaccno=202211021, loan_status=active, emi_amount=3117.243, upcomming_payment_date=2022-12-07, remaining_amount=197216.1],[]>
2022-10-16 13:39:58 [http-nio-8081-exec-8] INFO  com.capstone.aspect.LoggerAspect - *************************************
2022-10-16 13:41:06 [http-nio-8081-exec-1] INFO  com.capstone.aspect.LoggerAspect - Method name: com.capstone.controller.EmiController
2022-10-16 13:41:06 [http-nio-8081-exec-1] INFO  com.capstone.aspect.LoggerAspect - Method arguments:[Ljava.lang.Object;@6095094d
2022-10-16 13:41:06 [http-nio-8081-exec-1] INFO  com.capstone.aspect.LoggerAspect - *************************************
2022-10-16 13:41:06 [http-nio-8081-exec-1] INFO  com.capstone.aspect.LoggerAspect - Method name: com.capstone.service.EmiServiceImp
2022-10-16 13:41:06 [http-nio-8081-exec-1] INFO  com.capstone.aspect.LoggerAspect - Method arguments:[Ljava.lang.Object;@5ca9617c
2022-10-16 13:41:06 [http-nio-8081-exec-1] INFO  com.capstone.aspect.LoggerAspect - *************************************
2022-10-16 13:41:06 [http-nio-8081-exec-1] INFO  com.capstone.aspect.LoggerAspect - During: class com.capstone.service.EmiServiceImp.getEmiData() with arguments=emi [s_no=3, loanaccno=202211021, loan_status=active, emi_amount=3117.243, upcomming_payment_date=2022-12-07, remaining_amount=197216.1]
2022-10-16 13:41:06 [http-nio-8081-exec-1] INFO  com.capstone.aspect.LoggerAspect - *************************************
2022-10-16 13:41:06 [http-nio-8081-exec-1] INFO  com.capstone.aspect.LoggerAspect - Method name: com.capstone.service.EmiServiceImp
2022-10-16 13:41:06 [http-nio-8081-exec-1] INFO  com.capstone.aspect.LoggerAspect - Method arguments:[Ljava.lang.Object;@7cd59193
2022-10-16 13:41:06 [http-nio-8081-exec-1] INFO  com.capstone.aspect.LoggerAspect - *************************************
2022-10-16 13:41:06 [http-nio-8081-exec-1] INFO  com.capstone.aspect.LoggerAspect - During: class com.capstone.service.EmiServiceImp.getEmiData() with arguments=emi [s_no=3, loanaccno=202211021, loan_status=active, emi_amount=3117.243, upcomming_payment_date=2022-12-07, remaining_amount=197216.1]
2022-10-16 13:41:06 [http-nio-8081-exec-1] INFO  com.capstone.aspect.LoggerAspect - *************************************
2022-10-16 13:41:06 [http-nio-8081-exec-1] INFO  com.capstone.aspect.LoggerAspect - During: class com.capstone.controller.EmiController.getemiofAccount() with arguments=<200 OK OK,emi [s_no=3, loanaccno=202211021, loan_status=active, emi_amount=3117.243, upcomming_payment_date=2022-12-07, remaining_amount=197216.1],[]>
2022-10-16 13:41:06 [http-nio-8081-exec-1] INFO  com.capstone.aspect.LoggerAspect - *************************************
2022-10-16 13:41:11 [http-nio-8081-exec-2] INFO  com.capstone.aspect.LoggerAspect - Method name: com.capstone.controller.EmiController
2022-10-16 13:41:11 [http-nio-8081-exec-2] INFO  com.capstone.aspect.LoggerAspect - Method arguments:[Ljava.lang.Object;@791fa22e
2022-10-16 13:41:11 [http-nio-8081-exec-2] INFO  com.capstone.aspect.LoggerAspect - *************************************
2022-10-16 13:41:11 [http-nio-8081-exec-2] INFO  com.capstone.aspect.LoggerAspect - Method name: com.capstone.service.EmiServiceImp
2022-10-16 13:41:11 [http-nio-8081-exec-2] INFO  com.capstone.aspect.LoggerAspect - Method arguments:[Ljava.lang.Object;@619ab5de
2022-10-16 13:41:11 [http-nio-8081-exec-2] INFO  com.capstone.aspect.LoggerAspect - *************************************
2022-10-16 13:41:11 [http-nio-8081-exec-2] INFO  com.capstone.aspect.LoggerAspect - During: class com.capstone.service.EmiServiceImp.getEmiData() with arguments=emi [s_no=3, loanaccno=202211021, loan_status=active, emi_amount=3117.243, upcomming_payment_date=2022-12-07, remaining_amount=197216.1]
2022-10-16 13:41:11 [http-nio-8081-exec-2] INFO  com.capstone.aspect.LoggerAspect - *************************************
2022-10-16 13:41:11 [http-nio-8081-exec-2] INFO  com.capstone.aspect.LoggerAspect - Method name: com.capstone.service.EmiServiceImp
2022-10-16 13:41:11 [http-nio-8081-exec-2] INFO  com.capstone.aspect.LoggerAspect - Method arguments:[Ljava.lang.Object;@27bec191
2022-10-16 13:41:11 [http-nio-8081-exec-2] INFO  com.capstone.aspect.LoggerAspect - *************************************
2022-10-16 13:41:11 [http-nio-8081-exec-2] INFO  com.capstone.aspect.LoggerAspect - During: class com.capstone.service.EmiServiceImp.getEmiData() with arguments=emi [s_no=3, loanaccno=202211021, loan_status=active, emi_amount=3117.243, upcomming_payment_date=2022-12-07, remaining_amount=197216.1]
2022-10-16 13:41:11 [http-nio-8081-exec-2] INFO  com.capstone.aspect.LoggerAspect - *************************************
2022-10-16 13:41:11 [http-nio-8081-exec-2] INFO  com.capstone.aspect.LoggerAspect - During: class com.capstone.controller.EmiController.getemiofAccount() with arguments=<200 OK OK,emi [s_no=3, loanaccno=202211021, loan_status=active, emi_amount=3117.243, upcomming_payment_date=2022-12-07, remaining_amount=197216.1],[]>
2022-10-16 13:41:11 [http-nio-8081-exec-2] INFO  com.capstone.aspect.LoggerAspect - *************************************
2022-10-16 13:41:19 [http-nio-8081-exec-3] INFO  com.capstone.aspect.LoggerAspect - Method name: com.capstone.controller.EmiController
2022-10-16 13:41:19 [http-nio-8081-exec-3] INFO  com.capstone.aspect.LoggerAspect - Method arguments:[Ljava.lang.Object;@4340e99
2022-10-16 13:41:19 [http-nio-8081-exec-3] INFO  com.capstone.aspect.LoggerAspect - *************************************
2022-10-16 13:41:19 [http-nio-8081-exec-3] INFO  com.capstone.aspect.LoggerAspect - Method name: com.capstone.service.EmiServiceImp
2022-10-16 13:41:19 [http-nio-8081-exec-3] INFO  com.capstone.aspect.LoggerAspect - Method arguments:[Ljava.lang.Object;@267b1266
2022-10-16 13:41:19 [http-nio-8081-exec-3] INFO  com.capstone.aspect.LoggerAspect - *************************************
2022-10-16 13:41:19 [http-nio-8081-exec-3] INFO  com.capstone.aspect.LoggerAspect - During: class com.capstone.service.EmiServiceImp.getEmiData() with arguments=emi [s_no=3, loanaccno=202211021, loan_status=active, emi_amount=3117.243, upcomming_payment_date=2022-12-07, remaining_amount=197216.1]
2022-10-16 13:41:19 [http-nio-8081-exec-3] INFO  com.capstone.aspect.LoggerAspect - *************************************
2022-10-16 13:41:19 [http-nio-8081-exec-3] INFO  com.capstone.aspect.LoggerAspect - Method name: com.capstone.service.EmiServiceImp
2022-10-16 13:41:19 [http-nio-8081-exec-3] INFO  com.capstone.aspect.LoggerAspect - Method arguments:[Ljava.lang.Object;@15b6fae3
2022-10-16 13:41:19 [http-nio-8081-exec-3] INFO  com.capstone.aspect.LoggerAspect - *************************************
2022-10-16 13:41:19 [http-nio-8081-exec-3] INFO  com.capstone.aspect.LoggerAspect - During: class com.capstone.service.EmiServiceImp.getEmiData() with arguments=emi [s_no=3, loanaccno=202211021, loan_status=active, emi_amount=3117.243, upcomming_payment_date=2022-12-07, remaining_amount=197216.1]
2022-10-16 13:41:19 [http-nio-8081-exec-3] INFO  com.capstone.aspect.LoggerAspect - *************************************
2022-10-16 13:41:19 [http-nio-8081-exec-3] INFO  com.capstone.aspect.LoggerAspect - During: class com.capstone.controller.EmiController.getemiofAccount() with arguments=<200 OK OK,emi [s_no=3, loanaccno=202211021, loan_status=active, emi_amount=3117.243, upcomming_payment_date=2022-12-07, remaining_amount=197216.1],[]>
2022-10-16 13:41:19 [http-nio-8081-exec-3] INFO  com.capstone.aspect.LoggerAspect - *************************************
2022-10-16 13:41:42 [http-nio-8081-exec-4] INFO  com.capstone.aspect.LoggerAspect - Method name: com.capstone.controller.EmiController
2022-10-16 13:41:42 [http-nio-8081-exec-4] INFO  com.capstone.aspect.LoggerAspect - Method arguments:[Ljava.lang.Object;@1e62785
2022-10-16 13:41:42 [http-nio-8081-exec-4] INFO  com.capstone.aspect.LoggerAspect - *************************************
2022-10-16 13:41:42 [http-nio-8081-exec-4] INFO  com.capstone.aspect.LoggerAspect - Method name: com.capstone.service.EmiServiceImp
2022-10-16 13:41:42 [http-nio-8081-exec-4] INFO  com.capstone.aspect.LoggerAspect - Method arguments:[Ljava.lang.Object;@d9d3002
2022-10-16 13:41:42 [http-nio-8081-exec-4] INFO  com.capstone.aspect.LoggerAspect - *************************************
2022-10-16 13:41:42 [http-nio-8081-exec-4] INFO  com.capstone.aspect.LoggerAspect - During: class com.capstone.service.EmiServiceImp.getEmiData() with arguments=emi [s_no=3, loanaccno=202211021, loan_status=active, emi_amount=3117.243, upcomming_payment_date=2022-12-07, remaining_amount=197216.1]
2022-10-16 13:41:42 [http-nio-8081-exec-4] INFO  com.capstone.aspect.LoggerAspect - *************************************
2022-10-16 13:41:42 [http-nio-8081-exec-4] INFO  com.capstone.aspect.LoggerAspect - Method name: com.capstone.service.EmiServiceImp
2022-10-16 13:41:42 [http-nio-8081-exec-4] INFO  com.capstone.aspect.LoggerAspect - Method arguments:[Ljava.lang.Object;@7cbd7c38
2022-10-16 13:41:42 [http-nio-8081-exec-4] INFO  com.capstone.aspect.LoggerAspect - *************************************
2022-10-16 13:41:42 [http-nio-8081-exec-4] INFO  com.capstone.aspect.LoggerAspect - During: class com.capstone.service.EmiServiceImp.getEmiData() with arguments=emi [s_no=3, loanaccno=202211021, loan_status=active, emi_amount=3117.243, upcomming_payment_date=2022-12-07, remaining_amount=197216.1]
2022-10-16 13:41:42 [http-nio-8081-exec-4] INFO  com.capstone.aspect.LoggerAspect - *************************************
2022-10-16 13:41:42 [http-nio-8081-exec-4] INFO  com.capstone.aspect.LoggerAspect - During: class com.capstone.controller.EmiController.getemiofAccount() with arguments=<200 OK OK,emi [s_no=3, loanaccno=202211021, loan_status=active, emi_amount=3117.243, upcomming_payment_date=2022-12-07, remaining_amount=197216.1],[]>
2022-10-16 13:41:42 [http-nio-8081-exec-4] INFO  com.capstone.aspect.LoggerAspect - *************************************
2022-10-16 13:41:45 [http-nio-8081-exec-5] INFO  com.capstone.aspect.LoggerAspect - Method name: com.capstone.controller.EmiController
2022-10-16 13:41:45 [http-nio-8081-exec-5] INFO  com.capstone.aspect.LoggerAspect - Method arguments:[Ljava.lang.Object;@7a71556c
2022-10-16 13:41:45 [http-nio-8081-exec-5] INFO  com.capstone.aspect.LoggerAspect - *************************************
2022-10-16 13:41:45 [http-nio-8081-exec-5] INFO  com.capstone.aspect.LoggerAspect - Method name: com.capstone.service.EmiServiceImp
2022-10-16 13:41:45 [http-nio-8081-exec-5] INFO  com.capstone.aspect.LoggerAspect - Method arguments:[Ljava.lang.Object;@7e3e90c1
2022-10-16 13:41:45 [http-nio-8081-exec-5] INFO  com.capstone.aspect.LoggerAspect - *************************************
2022-10-16 13:41:45 [http-nio-8081-exec-5] INFO  com.capstone.aspect.LoggerAspect - During: class com.capstone.service.EmiServiceImp.getEmiData() with arguments=emi [s_no=3, loanaccno=202211021, loan_status=active, emi_amount=3117.243, upcomming_payment_date=2022-12-07, remaining_amount=197216.1]
2022-10-16 13:41:45 [http-nio-8081-exec-5] INFO  com.capstone.aspect.LoggerAspect - *************************************
2022-10-16 13:41:45 [http-nio-8081-exec-5] INFO  com.capstone.aspect.LoggerAspect - Method name: com.capstone.service.EmiServiceImp
2022-10-16 13:41:45 [http-nio-8081-exec-5] INFO  com.capstone.aspect.LoggerAspect - Method arguments:[Ljava.lang.Object;@2de0ca28
2022-10-16 13:41:45 [http-nio-8081-exec-5] INFO  com.capstone.aspect.LoggerAspect - *************************************
2022-10-16 13:41:45 [http-nio-8081-exec-5] INFO  com.capstone.aspect.LoggerAspect - During: class com.capstone.service.EmiServiceImp.getEmiData() with arguments=emi [s_no=3, loanaccno=202211021, loan_status=active, emi_amount=3117.243, upcomming_payment_date=2022-12-07, remaining_amount=197216.1]
2022-10-16 13:41:45 [http-nio-8081-exec-5] INFO  com.capstone.aspect.LoggerAspect - *************************************
2022-10-16 13:41:45 [http-nio-8081-exec-5] INFO  com.capstone.aspect.LoggerAspect - During: class com.capstone.controller.EmiController.getemiofAccount() with arguments=<200 OK OK,emi [s_no=3, loanaccno=202211021, loan_status=active, emi_amount=3117.243, upcomming_payment_date=2022-12-07, remaining_amount=197216.1],[]>
2022-10-16 13:41:45 [http-nio-8081-exec-5] INFO  com.capstone.aspect.LoggerAspect - *************************************
2022-10-16 13:41:48 [http-nio-8081-exec-6] INFO  com.capstone.aspect.LoggerAspect - Method name: com.capstone.controller.EmiController
2022-10-16 13:41:48 [http-nio-8081-exec-6] INFO  com.capstone.aspect.LoggerAspect - Method arguments:[Ljava.lang.Object;@3a287746
2022-10-16 13:41:48 [http-nio-8081-exec-6] INFO  com.capstone.aspect.LoggerAspect - *************************************
2022-10-16 13:41:48 [http-nio-8081-exec-6] INFO  com.capstone.aspect.LoggerAspect - Method name: com.capstone.service.EmiServiceImp
2022-10-16 13:41:48 [http-nio-8081-exec-6] INFO  com.capstone.aspect.LoggerAspect - Method arguments:[Ljava.lang.Object;@423bc07e
2022-10-16 13:41:48 [http-nio-8081-exec-6] INFO  com.capstone.aspect.LoggerAspect - *************************************
2022-10-16 13:41:48 [http-nio-8081-exec-6] INFO  com.capstone.aspect.LoggerAspect - During: class com.capstone.service.EmiServiceImp.getEmiData() with arguments=emi [s_no=3, loanaccno=202211021, loan_status=active, emi_amount=3117.243, upcomming_payment_date=2022-12-07, remaining_amount=197216.1]
2022-10-16 13:41:48 [http-nio-8081-exec-6] INFO  com.capstone.aspect.LoggerAspect - *************************************
2022-10-16 13:41:48 [http-nio-8081-exec-6] INFO  com.capstone.aspect.LoggerAspect - Method name: com.capstone.service.EmiServiceImp
2022-10-16 13:41:48 [http-nio-8081-exec-6] INFO  com.capstone.aspect.LoggerAspect - Method arguments:[Ljava.lang.Object;@16a4e5fd
2022-10-16 13:41:48 [http-nio-8081-exec-6] INFO  com.capstone.aspect.LoggerAspect - *************************************
2022-10-16 13:41:48 [http-nio-8081-exec-6] INFO  com.capstone.aspect.LoggerAspect - During: class com.capstone.service.EmiServiceImp.getEmiData() with arguments=emi [s_no=3, loanaccno=202211021, loan_status=active, emi_amount=3117.243, upcomming_payment_date=2022-12-07, remaining_amount=197216.1]
2022-10-16 13:41:48 [http-nio-8081-exec-6] INFO  com.capstone.aspect.LoggerAspect - *************************************
2022-10-16 13:41:48 [http-nio-8081-exec-6] INFO  com.capstone.aspect.LoggerAspect - During: class com.capstone.controller.EmiController.getemiofAccount() with arguments=<200 OK OK,emi [s_no=3, loanaccno=202211021, loan_status=active, emi_amount=3117.243, upcomming_payment_date=2022-12-07, remaining_amount=197216.1],[]>
2022-10-16 13:41:48 [http-nio-8081-exec-6] INFO  com.capstone.aspect.LoggerAspect - *************************************
2022-10-16 13:44:29 [AsyncResolver-bootstrap-executor-0] INFO  c.n.d.s.r.aws.ConfigClusterResolver - Resolving eureka endpoints via configuration
2022-10-16 13:45:30 [http-nio-8081-exec-9] INFO  com.capstone.aspect.LoggerAspect - Method name: com.capstone.controller.EmiController
2022-10-16 13:45:30 [http-nio-8081-exec-9] INFO  com.capstone.aspect.LoggerAspect - Method arguments:[Ljava.lang.Object;@4d96c5d
2022-10-16 13:45:30 [http-nio-8081-exec-9] INFO  com.capstone.aspect.LoggerAspect - *************************************
2022-10-16 13:45:30 [http-nio-8081-exec-9] INFO  com.capstone.aspect.LoggerAspect - Method name: com.capstone.service.EmiServiceImp
2022-10-16 13:45:30 [http-nio-8081-exec-9] INFO  com.capstone.aspect.LoggerAspect - Method arguments:[Ljava.lang.Object;@4c016d09
2022-10-16 13:45:30 [http-nio-8081-exec-9] INFO  com.capstone.aspect.LoggerAspect - *************************************
2022-10-16 13:45:30 [http-nio-8081-exec-9] INFO  com.capstone.aspect.LoggerAspect - During: class com.capstone.service.EmiServiceImp.getEmiData() with arguments=emi [s_no=3, loanaccno=202211021, loan_status=active, emi_amount=3117.243, upcomming_payment_date=2022-12-07, remaining_amount=197216.1]
2022-10-16 13:45:30 [http-nio-8081-exec-9] INFO  com.capstone.aspect.LoggerAspect - *************************************
2022-10-16 13:45:30 [http-nio-8081-exec-9] INFO  com.capstone.aspect.LoggerAspect - Method name: com.capstone.service.EmiServiceImp
2022-10-16 13:45:30 [http-nio-8081-exec-9] INFO  com.capstone.aspect.LoggerAspect - Method arguments:[Ljava.lang.Object;@328f3b5
2022-10-16 13:45:30 [http-nio-8081-exec-9] INFO  com.capstone.aspect.LoggerAspect - *************************************
2022-10-16 13:45:30 [http-nio-8081-exec-9] INFO  com.capstone.aspect.LoggerAspect - During: class com.capstone.service.EmiServiceImp.getEmiData() with arguments=emi [s_no=3, loanaccno=202211021, loan_status=active, emi_amount=3117.243, upcomming_payment_date=2022-12-07, remaining_amount=197216.1]
2022-10-16 13:45:30 [http-nio-8081-exec-9] INFO  com.capstone.aspect.LoggerAspect - *************************************
2022-10-16 13:45:30 [http-nio-8081-exec-9] INFO  com.capstone.aspect.LoggerAspect - During: class com.capstone.controller.EmiController.getemiofAccount() with arguments=<200 OK OK,emi [s_no=3, loanaccno=202211021, loan_status=active, emi_amount=3117.243, upcomming_payment_date=2022-12-07, remaining_amount=197216.1],[]>
2022-10-16 13:45:30 [http-nio-8081-exec-9] INFO  com.capstone.aspect.LoggerAspect - *************************************
2022-10-16 13:45:32 [http-nio-8081-exec-8] INFO  com.capstone.aspect.LoggerAspect - Method name: com.capstone.controller.EmiController
2022-10-16 13:45:32 [http-nio-8081-exec-8] INFO  com.capstone.aspect.LoggerAspect - Method arguments:[Ljava.lang.Object;@48f583b9
2022-10-16 13:45:32 [http-nio-8081-exec-8] INFO  com.capstone.aspect.LoggerAspect - *************************************
2022-10-16 13:45:32 [http-nio-8081-exec-8] INFO  com.capstone.aspect.LoggerAspect - Method name: com.capstone.service.EmiServiceImp
2022-10-16 13:45:32 [http-nio-8081-exec-8] INFO  com.capstone.aspect.LoggerAspect - Method arguments:[Ljava.lang.Object;@6783e85d
2022-10-16 13:45:32 [http-nio-8081-exec-8] INFO  com.capstone.aspect.LoggerAspect - *************************************
2022-10-16 13:45:32 [http-nio-8081-exec-8] INFO  com.capstone.aspect.LoggerAspect - During: class com.capstone.service.EmiServiceImp.getEmiData() with arguments=emi [s_no=3, loanaccno=202211021, loan_status=active, emi_amount=3117.243, upcomming_payment_date=2022-12-07, remaining_amount=197216.1]
2022-10-16 13:45:32 [http-nio-8081-exec-8] INFO  com.capstone.aspect.LoggerAspect - *************************************
2022-10-16 13:45:32 [http-nio-8081-exec-8] INFO  com.capstone.aspect.LoggerAspect - Method name: com.capstone.service.EmiServiceImp
2022-10-16 13:45:32 [http-nio-8081-exec-8] INFO  com.capstone.aspect.LoggerAspect - Method arguments:[Ljava.lang.Object;@3a60ffce
2022-10-16 13:45:32 [http-nio-8081-exec-8] INFO  com.capstone.aspect.LoggerAspect - *************************************
2022-10-16 13:45:32 [http-nio-8081-exec-8] INFO  com.capstone.aspect.LoggerAspect - During: class com.capstone.service.EmiServiceImp.getEmiData() with arguments=emi [s_no=3, loanaccno=202211021, loan_status=active, emi_amount=3117.243, upcomming_payment_date=2022-12-07, remaining_amount=197216.1]
2022-10-16 13:45:32 [http-nio-8081-exec-8] INFO  com.capstone.aspect.LoggerAspect - *************************************
2022-10-16 13:45:32 [http-nio-8081-exec-8] INFO  com.capstone.aspect.LoggerAspect - During: class com.capstone.controller.EmiController.getemiofAccount() with arguments=<200 OK OK,emi [s_no=3, loanaccno=202211021, loan_status=active, emi_amount=3117.243, upcomming_payment_date=2022-12-07, remaining_amount=197216.1],[]>
2022-10-16 13:45:32 [http-nio-8081-exec-8] INFO  com.capstone.aspect.LoggerAspect - *************************************
2022-10-16 13:46:27 [http-nio-8081-exec-10] INFO  com.capstone.aspect.LoggerAspect - Method name: com.capstone.controller.EmiController
2022-10-16 13:46:27 [http-nio-8081-exec-10] INFO  com.capstone.aspect.LoggerAspect - Method arguments:[Ljava.lang.Object;@39466181
2022-10-16 13:46:27 [http-nio-8081-exec-10] INFO  com.capstone.aspect.LoggerAspect - *************************************
2022-10-16 13:46:27 [http-nio-8081-exec-10] INFO  com.capstone.aspect.LoggerAspect - Method name: com.capstone.service.EmiServiceImp
2022-10-16 13:46:27 [http-nio-8081-exec-10] INFO  com.capstone.aspect.LoggerAspect - Method arguments:[Ljava.lang.Object;@7367d4e2
2022-10-16 13:46:27 [http-nio-8081-exec-10] INFO  com.capstone.aspect.LoggerAspect - *************************************
2022-10-16 13:46:27 [http-nio-8081-exec-10] INFO  com.capstone.aspect.LoggerAspect - During: class com.capstone.service.EmiServiceImp.getEmiData() with arguments=emi [s_no=3, loanaccno=202211021, loan_status=active, emi_amount=3117.243, upcomming_payment_date=2022-12-07, remaining_amount=197216.1]
2022-10-16 13:46:27 [http-nio-8081-exec-10] INFO  com.capstone.aspect.LoggerAspect - *************************************
2022-10-16 13:46:27 [http-nio-8081-exec-10] INFO  com.capstone.aspect.LoggerAspect - Method name: com.capstone.service.EmiServiceImp
2022-10-16 13:46:27 [http-nio-8081-exec-10] INFO  com.capstone.aspect.LoggerAspect - Method arguments:[Ljava.lang.Object;@3691cb9
2022-10-16 13:46:27 [http-nio-8081-exec-10] INFO  com.capstone.aspect.LoggerAspect - *************************************
2022-10-16 13:46:27 [http-nio-8081-exec-10] INFO  com.capstone.aspect.LoggerAspect - During: class com.capstone.service.EmiServiceImp.getEmiData() with arguments=emi [s_no=3, loanaccno=202211021, loan_status=active, emi_amount=3117.243, upcomming_payment_date=2022-12-07, remaining_amount=197216.1]
2022-10-16 13:46:27 [http-nio-8081-exec-10] INFO  com.capstone.aspect.LoggerAspect - *************************************
2022-10-16 13:46:27 [http-nio-8081-exec-10] INFO  com.capstone.aspect.LoggerAspect - During: class com.capstone.controller.EmiController.getemiofAccount() with arguments=<200 OK OK,emi [s_no=3, loanaccno=202211021, loan_status=active, emi_amount=3117.243, upcomming_payment_date=2022-12-07, remaining_amount=197216.1],[]>
2022-10-16 13:46:27 [http-nio-8081-exec-10] INFO  com.capstone.aspect.LoggerAspect - *************************************
2022-10-16 13:46:30 [http-nio-8081-exec-1] INFO  com.capstone.aspect.LoggerAspect - Method name: com.capstone.controller.EmiController
2022-10-16 13:46:30 [http-nio-8081-exec-1] INFO  com.capstone.aspect.LoggerAspect - Method arguments:[Ljava.lang.Object;@785f7f5b
2022-10-16 13:46:30 [http-nio-8081-exec-1] INFO  com.capstone.aspect.LoggerAspect - *************************************
2022-10-16 13:46:30 [http-nio-8081-exec-1] INFO  com.capstone.aspect.LoggerAspect - Method name: com.capstone.service.EmiServiceImp
2022-10-16 13:46:30 [http-nio-8081-exec-1] INFO  com.capstone.aspect.LoggerAspect - Method arguments:[Ljava.lang.Object;@409d762c
2022-10-16 13:46:30 [http-nio-8081-exec-1] INFO  com.capstone.aspect.LoggerAspect - *************************************
2022-10-16 13:46:30 [http-nio-8081-exec-1] INFO  com.capstone.aspect.LoggerAspect - During: class com.capstone.service.EmiServiceImp.getEmiData() with arguments=emi [s_no=3, loanaccno=202211021, loan_status=active, emi_amount=3117.243, upcomming_payment_date=2022-12-07, remaining_amount=197216.1]
2022-10-16 13:46:30 [http-nio-8081-exec-1] INFO  com.capstone.aspect.LoggerAspect - *************************************
2022-10-16 13:46:30 [http-nio-8081-exec-1] INFO  com.capstone.aspect.LoggerAspect - Method name: com.capstone.service.EmiServiceImp
2022-10-16 13:46:30 [http-nio-8081-exec-1] INFO  com.capstone.aspect.LoggerAspect - Method arguments:[Ljava.lang.Object;@4efa70b5
2022-10-16 13:46:30 [http-nio-8081-exec-1] INFO  com.capstone.aspect.LoggerAspect - *************************************
2022-10-16 13:46:30 [http-nio-8081-exec-1] INFO  com.capstone.aspect.LoggerAspect - During: class com.capstone.service.EmiServiceImp.getEmiData() with arguments=emi [s_no=3, loanaccno=202211021, loan_status=active, emi_amount=3117.243, upcomming_payment_date=2022-12-07, remaining_amount=197216.1]
2022-10-16 13:46:30 [http-nio-8081-exec-1] INFO  com.capstone.aspect.LoggerAspect - *************************************
2022-10-16 13:46:30 [http-nio-8081-exec-1] INFO  com.capstone.aspect.LoggerAspect - During: class com.capstone.controller.EmiController.getemiofAccount() with arguments=<200 OK OK,emi [s_no=3, loanaccno=202211021, loan_status=active, emi_amount=3117.243, upcomming_payment_date=2022-12-07, remaining_amount=197216.1],[]>
2022-10-16 13:46:30 [http-nio-8081-exec-1] INFO  com.capstone.aspect.LoggerAspect - *************************************
2022-10-16 13:46:45 [http-nio-8081-exec-2] INFO  com.capstone.aspect.LoggerAspect - Method name: com.capstone.controller.EmiController
2022-10-16 13:46:45 [http-nio-8081-exec-2] INFO  com.capstone.aspect.LoggerAspect - Method arguments:[Ljava.lang.Object;@2ed6d373
2022-10-16 13:46:45 [http-nio-8081-exec-2] INFO  com.capstone.aspect.LoggerAspect - *************************************
2022-10-16 13:46:45 [http-nio-8081-exec-2] INFO  com.capstone.aspect.LoggerAspect - Method name: com.capstone.service.EmiServiceImp
2022-10-16 13:46:45 [http-nio-8081-exec-2] INFO  com.capstone.aspect.LoggerAspect - Method arguments:[Ljava.lang.Object;@586e3a4
2022-10-16 13:46:45 [http-nio-8081-exec-2] INFO  com.capstone.aspect.LoggerAspect - *************************************
2022-10-16 13:46:45 [http-nio-8081-exec-2] INFO  com.capstone.aspect.LoggerAspect - During: class com.capstone.service.EmiServiceImp.getEmiData() with arguments=emi [s_no=3, loanaccno=202211021, loan_status=active, emi_amount=3117.243, upcomming_payment_date=2022-12-07, remaining_amount=197216.1]
2022-10-16 13:46:45 [http-nio-8081-exec-2] INFO  com.capstone.aspect.LoggerAspect - *************************************
2022-10-16 13:46:45 [http-nio-8081-exec-2] INFO  com.capstone.aspect.LoggerAspect - Method name: com.capstone.service.EmiServiceImp
2022-10-16 13:46:45 [http-nio-8081-exec-2] INFO  com.capstone.aspect.LoggerAspect - Method arguments:[Ljava.lang.Object;@17115bd4
2022-10-16 13:46:45 [http-nio-8081-exec-2] INFO  com.capstone.aspect.LoggerAspect - *************************************
2022-10-16 13:46:45 [http-nio-8081-exec-2] INFO  com.capstone.aspect.LoggerAspect - During: class com.capstone.service.EmiServiceImp.getEmiData() with arguments=emi [s_no=3, loanaccno=202211021, loan_status=active, emi_amount=3117.243, upcomming_payment_date=2022-12-07, remaining_amount=197216.1]
2022-10-16 13:46:45 [http-nio-8081-exec-2] INFO  com.capstone.aspect.LoggerAspect - *************************************
2022-10-16 13:46:45 [http-nio-8081-exec-2] INFO  com.capstone.aspect.LoggerAspect - During: class com.capstone.controller.EmiController.getemiofAccount() with arguments=<200 OK OK,emi [s_no=3, loanaccno=202211021, loan_status=active, emi_amount=3117.243, upcomming_payment_date=2022-12-07, remaining_amount=197216.1],[]>
2022-10-16 13:46:45 [http-nio-8081-exec-2] INFO  com.capstone.aspect.LoggerAspect - *************************************
2022-10-16 13:46:53 [http-nio-8081-exec-3] INFO  com.capstone.aspect.LoggerAspect - Method name: com.capstone.controller.EmiController
2022-10-16 13:46:53 [http-nio-8081-exec-3] INFO  com.capstone.aspect.LoggerAspect - Method arguments:[Ljava.lang.Object;@589e9b61
2022-10-16 13:46:53 [http-nio-8081-exec-3] INFO  com.capstone.aspect.LoggerAspect - *************************************
2022-10-16 13:46:53 [http-nio-8081-exec-3] INFO  com.capstone.aspect.LoggerAspect - Method name: com.capstone.service.EmiServiceImp
2022-10-16 13:46:53 [http-nio-8081-exec-3] INFO  com.capstone.aspect.LoggerAspect - Method arguments:[Ljava.lang.Object;@5b27bd94
2022-10-16 13:46:53 [http-nio-8081-exec-3] INFO  com.capstone.aspect.LoggerAspect - *************************************
2022-10-16 13:46:53 [http-nio-8081-exec-3] INFO  com.capstone.aspect.LoggerAspect - During: class com.capstone.service.EmiServiceImp.getEmiData() with arguments=emi [s_no=3, loanaccno=202211021, loan_status=active, emi_amount=3117.243, upcomming_payment_date=2022-12-07, remaining_amount=197216.1]
2022-10-16 13:46:53 [http-nio-8081-exec-3] INFO  com.capstone.aspect.LoggerAspect - *************************************
2022-10-16 13:46:53 [http-nio-8081-exec-3] INFO  com.capstone.aspect.LoggerAspect - Method name: com.capstone.service.EmiServiceImp
2022-10-16 13:46:53 [http-nio-8081-exec-3] INFO  com.capstone.aspect.LoggerAspect - Method arguments:[Ljava.lang.Object;@68b7713c
2022-10-16 13:46:53 [http-nio-8081-exec-3] INFO  com.capstone.aspect.LoggerAspect - *************************************
2022-10-16 13:46:53 [http-nio-8081-exec-3] INFO  com.capstone.aspect.LoggerAspect - During: class com.capstone.service.EmiServiceImp.getEmiData() with arguments=emi [s_no=3, loanaccno=202211021, loan_status=active, emi_amount=3117.243, upcomming_payment_date=2022-12-07, remaining_amount=197216.1]
2022-10-16 13:46:53 [http-nio-8081-exec-3] INFO  com.capstone.aspect.LoggerAspect - *************************************
2022-10-16 13:46:53 [http-nio-8081-exec-3] INFO  com.capstone.aspect.LoggerAspect - During: class com.capstone.controller.EmiController.getemiofAccount() with arguments=<200 OK OK,emi [s_no=3, loanaccno=202211021, loan_status=active, emi_amount=3117.243, upcomming_payment_date=2022-12-07, remaining_amount=197216.1],[]>
2022-10-16 13:46:53 [http-nio-8081-exec-3] INFO  com.capstone.aspect.LoggerAspect - *************************************
2022-10-16 13:47:04 [http-nio-8081-exec-4] INFO  com.capstone.aspect.LoggerAspect - Method name: com.capstone.controller.EmiController
2022-10-16 13:47:04 [http-nio-8081-exec-4] INFO  com.capstone.aspect.LoggerAspect - Method arguments:[Ljava.lang.Object;@509cfd88
2022-10-16 13:47:04 [http-nio-8081-exec-4] INFO  com.capstone.aspect.LoggerAspect - *************************************
2022-10-16 13:47:04 [http-nio-8081-exec-4] INFO  com.capstone.aspect.LoggerAspect - Method name: com.capstone.service.EmiServiceImp
2022-10-16 13:47:04 [http-nio-8081-exec-4] INFO  com.capstone.aspect.LoggerAspect - Method arguments:[Ljava.lang.Object;@377f090b
2022-10-16 13:47:04 [http-nio-8081-exec-4] INFO  com.capstone.aspect.LoggerAspect - *************************************
2022-10-16 13:47:04 [http-nio-8081-exec-4] INFO  com.capstone.aspect.LoggerAspect - During: class com.capstone.service.EmiServiceImp.getEmiData() with arguments=emi [s_no=3, loanaccno=202211021, loan_status=active, emi_amount=3117.243, upcomming_payment_date=2022-12-07, remaining_amount=197216.1]
2022-10-16 13:47:04 [http-nio-8081-exec-4] INFO  com.capstone.aspect.LoggerAspect - *************************************
2022-10-16 13:47:04 [http-nio-8081-exec-4] INFO  com.capstone.aspect.LoggerAspect - Method name: com.capstone.service.EmiServiceImp
2022-10-16 13:47:04 [http-nio-8081-exec-4] INFO  com.capstone.aspect.LoggerAspect - Method arguments:[Ljava.lang.Object;@516fc630
2022-10-16 13:47:04 [http-nio-8081-exec-4] INFO  com.capstone.aspect.LoggerAspect - *************************************
2022-10-16 13:47:04 [http-nio-8081-exec-4] INFO  com.capstone.aspect.LoggerAspect - During: class com.capstone.service.EmiServiceImp.getEmiData() with arguments=emi [s_no=3, loanaccno=202211021, loan_status=active, emi_amount=3117.243, upcomming_payment_date=2022-12-07, remaining_amount=197216.1]
2022-10-16 13:47:04 [http-nio-8081-exec-4] INFO  com.capstone.aspect.LoggerAspect - *************************************
2022-10-16 13:47:04 [http-nio-8081-exec-4] INFO  com.capstone.aspect.LoggerAspect - During: class com.capstone.controller.EmiController.getemiofAccount() with arguments=<200 OK OK,emi [s_no=3, loanaccno=202211021, loan_status=active, emi_amount=3117.243, upcomming_payment_date=2022-12-07, remaining_amount=197216.1],[]>
2022-10-16 13:47:04 [http-nio-8081-exec-4] INFO  com.capstone.aspect.LoggerAspect - *************************************
2022-10-16 13:47:06 [http-nio-8081-exec-5] INFO  com.capstone.aspect.LoggerAspect - Method name: com.capstone.controller.EmiController
2022-10-16 13:47:06 [http-nio-8081-exec-5] INFO  com.capstone.aspect.LoggerAspect - Method arguments:[Ljava.lang.Object;@44cea47c
2022-10-16 13:47:06 [http-nio-8081-exec-5] INFO  com.capstone.aspect.LoggerAspect - *************************************
2022-10-16 13:47:06 [http-nio-8081-exec-5] INFO  com.capstone.aspect.LoggerAspect - Method name: com.capstone.service.EmiServiceImp
2022-10-16 13:47:06 [http-nio-8081-exec-5] INFO  com.capstone.aspect.LoggerAspect - Method arguments:[Ljava.lang.Object;@4dbb6836
2022-10-16 13:47:06 [http-nio-8081-exec-5] INFO  com.capstone.aspect.LoggerAspect - *************************************
2022-10-16 13:47:06 [http-nio-8081-exec-5] INFO  com.capstone.aspect.LoggerAspect - During: class com.capstone.service.EmiServiceImp.getEmiData() with arguments=emi [s_no=3, loanaccno=202211021, loan_status=active, emi_amount=3117.243, upcomming_payment_date=2022-12-07, remaining_amount=197216.1]
2022-10-16 13:47:06 [http-nio-8081-exec-5] INFO  com.capstone.aspect.LoggerAspect - *************************************
2022-10-16 13:47:06 [http-nio-8081-exec-5] INFO  com.capstone.aspect.LoggerAspect - Method name: com.capstone.service.EmiServiceImp
2022-10-16 13:47:06 [http-nio-8081-exec-5] INFO  com.capstone.aspect.LoggerAspect - Method arguments:[Ljava.lang.Object;@290d2b8
2022-10-16 13:47:06 [http-nio-8081-exec-5] INFO  com.capstone.aspect.LoggerAspect - *************************************
2022-10-16 13:47:06 [http-nio-8081-exec-5] INFO  com.capstone.aspect.LoggerAspect - During: class com.capstone.service.EmiServiceImp.getEmiData() with arguments=emi [s_no=3, loanaccno=202211021, loan_status=active, emi_amount=3117.243, upcomming_payment_date=2022-12-07, remaining_amount=197216.1]
2022-10-16 13:47:06 [http-nio-8081-exec-5] INFO  com.capstone.aspect.LoggerAspect - *************************************
2022-10-16 13:47:06 [http-nio-8081-exec-5] INFO  com.capstone.aspect.LoggerAspect - During: class com.capstone.controller.EmiController.getemiofAccount() with arguments=<200 OK OK,emi [s_no=3, loanaccno=202211021, loan_status=active, emi_amount=3117.243, upcomming_payment_date=2022-12-07, remaining_amount=197216.1],[]>
2022-10-16 13:47:06 [http-nio-8081-exec-5] INFO  com.capstone.aspect.LoggerAspect - *************************************
2022-10-16 13:47:11 [http-nio-8081-exec-6] INFO  com.capstone.aspect.LoggerAspect - Method name: com.capstone.controller.EmiController
2022-10-16 13:47:11 [http-nio-8081-exec-6] INFO  com.capstone.aspect.LoggerAspect - Method arguments:[Ljava.lang.Object;@4df626f5
2022-10-16 13:47:11 [http-nio-8081-exec-6] INFO  com.capstone.aspect.LoggerAspect - *************************************
2022-10-16 13:47:11 [http-nio-8081-exec-6] INFO  com.capstone.aspect.LoggerAspect - Method name: com.capstone.service.EmiServiceImp
2022-10-16 13:47:11 [http-nio-8081-exec-6] INFO  com.capstone.aspect.LoggerAspect - Method arguments:[Ljava.lang.Object;@4e23d17f
2022-10-16 13:47:11 [http-nio-8081-exec-6] INFO  com.capstone.aspect.LoggerAspect - *************************************
2022-10-16 13:47:11 [http-nio-8081-exec-6] INFO  com.capstone.aspect.LoggerAspect - During: class com.capstone.service.EmiServiceImp.getEmiData() with arguments=emi [s_no=3, loanaccno=202211021, loan_status=active, emi_amount=3117.243, upcomming_payment_date=2022-12-07, remaining_amount=197216.1]
2022-10-16 13:47:11 [http-nio-8081-exec-6] INFO  com.capstone.aspect.LoggerAspect - *************************************
2022-10-16 13:47:11 [http-nio-8081-exec-6] INFO  com.capstone.aspect.LoggerAspect - Method name: com.capstone.service.EmiServiceImp
2022-10-16 13:47:11 [http-nio-8081-exec-6] INFO  com.capstone.aspect.LoggerAspect - Method arguments:[Ljava.lang.Object;@4c002156
2022-10-16 13:47:11 [http-nio-8081-exec-6] INFO  com.capstone.aspect.LoggerAspect - *************************************
2022-10-16 13:47:11 [http-nio-8081-exec-6] INFO  com.capstone.aspect.LoggerAspect - During: class com.capstone.service.EmiServiceImp.getEmiData() with arguments=emi [s_no=3, loanaccno=202211021, loan_status=active, emi_amount=3117.243, upcomming_payment_date=2022-12-07, remaining_amount=197216.1]
2022-10-16 13:47:11 [http-nio-8081-exec-6] INFO  com.capstone.aspect.LoggerAspect - *************************************
2022-10-16 13:47:11 [http-nio-8081-exec-6] INFO  com.capstone.aspect.LoggerAspect - During: class com.capstone.controller.EmiController.getemiofAccount() with arguments=<200 OK OK,emi [s_no=3, loanaccno=202211021, loan_status=active, emi_amount=3117.243, upcomming_payment_date=2022-12-07, remaining_amount=197216.1],[]>
2022-10-16 13:47:11 [http-nio-8081-exec-6] INFO  com.capstone.aspect.LoggerAspect - *************************************
2022-10-16 13:47:14 [http-nio-8081-exec-7] INFO  com.capstone.aspect.LoggerAspect - Method name: com.capstone.controller.EmiController
2022-10-16 13:47:14 [http-nio-8081-exec-7] INFO  com.capstone.aspect.LoggerAspect - Method arguments:[Ljava.lang.Object;@7c3d920e
2022-10-16 13:47:14 [http-nio-8081-exec-7] INFO  com.capstone.aspect.LoggerAspect - *************************************
2022-10-16 13:47:14 [http-nio-8081-exec-7] INFO  com.capstone.aspect.LoggerAspect - Method name: com.capstone.service.EmiServiceImp
2022-10-16 13:47:14 [http-nio-8081-exec-7] INFO  com.capstone.aspect.LoggerAspect - Method arguments:[Ljava.lang.Object;@6f743a64
2022-10-16 13:47:14 [http-nio-8081-exec-7] INFO  com.capstone.aspect.LoggerAspect - *************************************
2022-10-16 13:47:14 [http-nio-8081-exec-7] INFO  com.capstone.aspect.LoggerAspect - During: class com.capstone.service.EmiServiceImp.getEmiData() with arguments=emi [s_no=3, loanaccno=202211021, loan_status=active, emi_amount=3117.243, upcomming_payment_date=2022-12-07, remaining_amount=197216.1]
2022-10-16 13:47:14 [http-nio-8081-exec-7] INFO  com.capstone.aspect.LoggerAspect - *************************************
2022-10-16 13:47:14 [http-nio-8081-exec-7] INFO  com.capstone.aspect.LoggerAspect - Method name: com.capstone.service.EmiServiceImp
2022-10-16 13:47:14 [http-nio-8081-exec-7] INFO  com.capstone.aspect.LoggerAspect - Method arguments:[Ljava.lang.Object;@5c36349f
2022-10-16 13:47:14 [http-nio-8081-exec-7] INFO  com.capstone.aspect.LoggerAspect - *************************************
2022-10-16 13:47:14 [http-nio-8081-exec-7] INFO  com.capstone.aspect.LoggerAspect - During: class com.capstone.service.EmiServiceImp.getEmiData() with arguments=emi [s_no=3, loanaccno=202211021, loan_status=active, emi_amount=3117.243, upcomming_payment_date=2022-12-07, remaining_amount=197216.1]
2022-10-16 13:47:14 [http-nio-8081-exec-7] INFO  com.capstone.aspect.LoggerAspect - *************************************
2022-10-16 13:47:14 [http-nio-8081-exec-7] INFO  com.capstone.aspect.LoggerAspect - During: class com.capstone.controller.EmiController.getemiofAccount() with arguments=<200 OK OK,emi [s_no=3, loanaccno=202211021, loan_status=active, emi_amount=3117.243, upcomming_payment_date=2022-12-07, remaining_amount=197216.1],[]>
2022-10-16 13:47:14 [http-nio-8081-exec-7] INFO  com.capstone.aspect.LoggerAspect - *************************************
2022-10-16 13:47:17 [http-nio-8081-exec-9] INFO  com.capstone.aspect.LoggerAspect - Method name: com.capstone.controller.EmiController
2022-10-16 13:47:17 [http-nio-8081-exec-9] INFO  com.capstone.aspect.LoggerAspect - Method arguments:[Ljava.lang.Object;@352cf79e
2022-10-16 13:47:17 [http-nio-8081-exec-9] INFO  com.capstone.aspect.LoggerAspect - *************************************
2022-10-16 13:47:17 [http-nio-8081-exec-9] INFO  com.capstone.aspect.LoggerAspect - Method name: com.capstone.service.EmiServiceImp
2022-10-16 13:47:17 [http-nio-8081-exec-9] INFO  com.capstone.aspect.LoggerAspect - Method arguments:[Ljava.lang.Object;@6311175a
2022-10-16 13:47:17 [http-nio-8081-exec-9] INFO  com.capstone.aspect.LoggerAspect - *************************************
2022-10-16 13:47:17 [http-nio-8081-exec-9] INFO  com.capstone.aspect.LoggerAspect - During: class com.capstone.service.EmiServiceImp.getEmiData() with arguments=emi [s_no=3, loanaccno=202211021, loan_status=active, emi_amount=3117.243, upcomming_payment_date=2022-12-07, remaining_amount=197216.1]
2022-10-16 13:47:17 [http-nio-8081-exec-9] INFO  com.capstone.aspect.LoggerAspect - *************************************
2022-10-16 13:47:17 [http-nio-8081-exec-9] INFO  com.capstone.aspect.LoggerAspect - Method name: com.capstone.service.EmiServiceImp
2022-10-16 13:47:17 [http-nio-8081-exec-9] INFO  com.capstone.aspect.LoggerAspect - Method arguments:[Ljava.lang.Object;@785f7ee8
2022-10-16 13:47:17 [http-nio-8081-exec-9] INFO  com.capstone.aspect.LoggerAspect - *************************************
2022-10-16 13:47:17 [http-nio-8081-exec-9] INFO  com.capstone.aspect.LoggerAspect - During: class com.capstone.service.EmiServiceImp.getEmiData() with arguments=emi [s_no=3, loanaccno=202211021, loan_status=active, emi_amount=3117.243, upcomming_payment_date=2022-12-07, remaining_amount=197216.1]
2022-10-16 13:47:17 [http-nio-8081-exec-9] INFO  com.capstone.aspect.LoggerAspect - *************************************
2022-10-16 13:47:17 [http-nio-8081-exec-9] INFO  com.capstone.aspect.LoggerAspect - During: class com.capstone.controller.EmiController.getemiofAccount() with arguments=<200 OK OK,emi [s_no=3, loanaccno=202211021, loan_status=active, emi_amount=3117.243, upcomming_payment_date=2022-12-07, remaining_amount=197216.1],[]>
2022-10-16 13:47:17 [http-nio-8081-exec-9] INFO  com.capstone.aspect.LoggerAspect - *************************************
2022-10-16 13:47:29 [http-nio-8081-exec-8] INFO  com.capstone.aspect.LoggerAspect - Method name: com.capstone.controller.EmiController
2022-10-16 13:47:29 [http-nio-8081-exec-8] INFO  com.capstone.aspect.LoggerAspect - Method arguments:[Ljava.lang.Object;@6aace63f
2022-10-16 13:47:29 [http-nio-8081-exec-8] INFO  com.capstone.aspect.LoggerAspect - *************************************
2022-10-16 13:47:29 [http-nio-8081-exec-8] INFO  com.capstone.aspect.LoggerAspect - Method name: com.capstone.service.EmiServiceImp
2022-10-16 13:47:29 [http-nio-8081-exec-8] INFO  com.capstone.aspect.LoggerAspect - Method arguments:[Ljava.lang.Object;@e967ba1
2022-10-16 13:47:29 [http-nio-8081-exec-8] INFO  com.capstone.aspect.LoggerAspect - *************************************
2022-10-16 13:47:29 [http-nio-8081-exec-8] INFO  com.capstone.aspect.LoggerAspect - During: class com.capstone.service.EmiServiceImp.getEmiData() with arguments=emi [s_no=3, loanaccno=202211021, loan_status=active, emi_amount=3117.243, upcomming_payment_date=2022-12-07, remaining_amount=197216.1]
2022-10-16 13:47:29 [http-nio-8081-exec-8] INFO  com.capstone.aspect.LoggerAspect - *************************************
2022-10-16 13:47:29 [http-nio-8081-exec-8] INFO  com.capstone.aspect.LoggerAspect - Method name: com.capstone.service.EmiServiceImp
2022-10-16 13:47:29 [http-nio-8081-exec-8] INFO  com.capstone.aspect.LoggerAspect - Method arguments:[Ljava.lang.Object;@4bb8e360
2022-10-16 13:47:29 [http-nio-8081-exec-8] INFO  com.capstone.aspect.LoggerAspect - *************************************
2022-10-16 13:47:29 [http-nio-8081-exec-8] INFO  com.capstone.aspect.LoggerAspect - During: class com.capstone.service.EmiServiceImp.getEmiData() with arguments=emi [s_no=3, loanaccno=202211021, loan_status=active, emi_amount=3117.243, upcomming_payment_date=2022-12-07, remaining_amount=197216.1]
2022-10-16 13:47:29 [http-nio-8081-exec-8] INFO  com.capstone.aspect.LoggerAspect - *************************************
2022-10-16 13:47:29 [http-nio-8081-exec-8] INFO  com.capstone.aspect.LoggerAspect - During: class com.capstone.controller.EmiController.getemiofAccount() with arguments=<200 OK OK,emi [s_no=3, loanaccno=202211021, loan_status=active, emi_amount=3117.243, upcomming_payment_date=2022-12-07, remaining_amount=197216.1],[]>
2022-10-16 13:47:29 [http-nio-8081-exec-8] INFO  com.capstone.aspect.LoggerAspect - *************************************
2022-10-16 13:47:37 [http-nio-8081-exec-10] INFO  com.capstone.aspect.LoggerAspect - Method name: com.capstone.controller.EmiController
2022-10-16 13:47:37 [http-nio-8081-exec-10] INFO  com.capstone.aspect.LoggerAspect - Method arguments:[Ljava.lang.Object;@558a50cd
2022-10-16 13:47:37 [http-nio-8081-exec-10] INFO  com.capstone.aspect.LoggerAspect - *************************************
2022-10-16 13:47:37 [http-nio-8081-exec-10] INFO  com.capstone.aspect.LoggerAspect - Method name: com.capstone.service.EmiServiceImp
2022-10-16 13:47:37 [http-nio-8081-exec-10] INFO  com.capstone.aspect.LoggerAspect - Method arguments:[Ljava.lang.Object;@25b59f9d
2022-10-16 13:47:37 [http-nio-8081-exec-10] INFO  com.capstone.aspect.LoggerAspect - *************************************
2022-10-16 13:47:37 [http-nio-8081-exec-10] INFO  com.capstone.aspect.LoggerAspect - During: class com.capstone.service.EmiServiceImp.getEmiData() with arguments=emi [s_no=3, loanaccno=202211021, loan_status=active, emi_amount=3117.243, upcomming_payment_date=2022-12-07, remaining_amount=197216.1]
2022-10-16 13:47:37 [http-nio-8081-exec-10] INFO  com.capstone.aspect.LoggerAspect - *************************************
2022-10-16 13:47:37 [http-nio-8081-exec-10] INFO  com.capstone.aspect.LoggerAspect - Method name: com.capstone.service.EmiServiceImp
2022-10-16 13:47:37 [http-nio-8081-exec-10] INFO  com.capstone.aspect.LoggerAspect - Method arguments:[Ljava.lang.Object;@4da11496
2022-10-16 13:47:37 [http-nio-8081-exec-10] INFO  com.capstone.aspect.LoggerAspect - *************************************
2022-10-16 13:47:37 [http-nio-8081-exec-10] INFO  com.capstone.aspect.LoggerAspect - During: class com.capstone.service.EmiServiceImp.getEmiData() with arguments=emi [s_no=3, loanaccno=202211021, loan_status=active, emi_amount=3117.243, upcomming_payment_date=2022-12-07, remaining_amount=197216.1]
2022-10-16 13:47:37 [http-nio-8081-exec-10] INFO  com.capstone.aspect.LoggerAspect - *************************************
2022-10-16 13:47:37 [http-nio-8081-exec-10] INFO  com.capstone.aspect.LoggerAspect - During: class com.capstone.controller.EmiController.getemiofAccount() with arguments=<200 OK OK,emi [s_no=3, loanaccno=202211021, loan_status=active, emi_amount=3117.243, upcomming_payment_date=2022-12-07, remaining_amount=197216.1],[]>
2022-10-16 13:47:37 [http-nio-8081-exec-10] INFO  com.capstone.aspect.LoggerAspect - *************************************
2022-10-16 13:47:45 [http-nio-8081-exec-1] INFO  com.capstone.aspect.LoggerAspect - Method name: com.capstone.controller.EmiController
2022-10-16 13:47:45 [http-nio-8081-exec-1] INFO  com.capstone.aspect.LoggerAspect - Method arguments:[Ljava.lang.Object;@5433ecfe
2022-10-16 13:47:45 [http-nio-8081-exec-1] INFO  com.capstone.aspect.LoggerAspect - *************************************
2022-10-16 13:47:45 [http-nio-8081-exec-1] INFO  com.capstone.aspect.LoggerAspect - Method name: com.capstone.service.EmiServiceImp
2022-10-16 13:47:45 [http-nio-8081-exec-1] INFO  com.capstone.aspect.LoggerAspect - Method arguments:[Ljava.lang.Object;@86c41df
2022-10-16 13:47:45 [http-nio-8081-exec-1] INFO  com.capstone.aspect.LoggerAspect - *************************************
2022-10-16 13:47:45 [http-nio-8081-exec-1] INFO  com.capstone.aspect.LoggerAspect - During: class com.capstone.service.EmiServiceImp.getEmiData() with arguments=emi [s_no=3, loanaccno=202211021, loan_status=active, emi_amount=3117.243, upcomming_payment_date=2022-12-07, remaining_amount=197216.1]
2022-10-16 13:47:45 [http-nio-8081-exec-1] INFO  com.capstone.aspect.LoggerAspect - *************************************
2022-10-16 13:47:45 [http-nio-8081-exec-1] INFO  com.capstone.aspect.LoggerAspect - Method name: com.capstone.service.EmiServiceImp
2022-10-16 13:47:45 [http-nio-8081-exec-1] INFO  com.capstone.aspect.LoggerAspect - Method arguments:[Ljava.lang.Object;@59d8ce7a
2022-10-16 13:47:45 [http-nio-8081-exec-1] INFO  com.capstone.aspect.LoggerAspect - *************************************
2022-10-16 13:47:45 [http-nio-8081-exec-1] INFO  com.capstone.aspect.LoggerAspect - During: class com.capstone.service.EmiServiceImp.getEmiData() with arguments=emi [s_no=3, loanaccno=202211021, loan_status=active, emi_amount=3117.243, upcomming_payment_date=2022-12-07, remaining_amount=197216.1]
2022-10-16 13:47:45 [http-nio-8081-exec-1] INFO  com.capstone.aspect.LoggerAspect - *************************************
2022-10-16 13:47:45 [http-nio-8081-exec-1] INFO  com.capstone.aspect.LoggerAspect - During: class com.capstone.controller.EmiController.getemiofAccount() with arguments=<200 OK OK,emi [s_no=3, loanaccno=202211021, loan_status=active, emi_amount=3117.243, upcomming_payment_date=2022-12-07, remaining_amount=197216.1],[]>
2022-10-16 13:47:45 [http-nio-8081-exec-1] INFO  com.capstone.aspect.LoggerAspect - *************************************
2022-10-16 13:47:54 [http-nio-8081-exec-2] INFO  com.capstone.aspect.LoggerAspect - Method name: com.capstone.controller.EmiController
2022-10-16 13:47:54 [http-nio-8081-exec-2] INFO  com.capstone.aspect.LoggerAspect - Method arguments:[Ljava.lang.Object;@5981ebfc
2022-10-16 13:47:54 [http-nio-8081-exec-2] INFO  com.capstone.aspect.LoggerAspect - *************************************
2022-10-16 13:47:54 [http-nio-8081-exec-2] INFO  com.capstone.aspect.LoggerAspect - Method name: com.capstone.service.EmiServiceImp
2022-10-16 13:47:54 [http-nio-8081-exec-2] INFO  com.capstone.aspect.LoggerAspect - Method arguments:[Ljava.lang.Object;@3fdab124
2022-10-16 13:47:54 [http-nio-8081-exec-2] INFO  com.capstone.aspect.LoggerAspect - *************************************
2022-10-16 13:47:54 [http-nio-8081-exec-2] INFO  com.capstone.aspect.LoggerAspect - During: class com.capstone.service.EmiServiceImp.getEmiData() with arguments=emi [s_no=3, loanaccno=202211021, loan_status=active, emi_amount=3117.243, upcomming_payment_date=2022-12-07, remaining_amount=197216.1]
2022-10-16 13:47:54 [http-nio-8081-exec-2] INFO  com.capstone.aspect.LoggerAspect - *************************************
2022-10-16 13:47:54 [http-nio-8081-exec-2] INFO  com.capstone.aspect.LoggerAspect - Method name: com.capstone.service.EmiServiceImp
2022-10-16 13:47:54 [http-nio-8081-exec-2] INFO  com.capstone.aspect.LoggerAspect - Method arguments:[Ljava.lang.Object;@15cf2b46
2022-10-16 13:47:54 [http-nio-8081-exec-2] INFO  com.capstone.aspect.LoggerAspect - *************************************
2022-10-16 13:47:54 [http-nio-8081-exec-2] INFO  com.capstone.aspect.LoggerAspect - During: class com.capstone.service.EmiServiceImp.getEmiData() with arguments=emi [s_no=3, loanaccno=202211021, loan_status=active, emi_amount=3117.243, upcomming_payment_date=2022-12-07, remaining_amount=197216.1]
2022-10-16 13:47:54 [http-nio-8081-exec-2] INFO  com.capstone.aspect.LoggerAspect - *************************************
2022-10-16 13:47:54 [http-nio-8081-exec-2] INFO  com.capstone.aspect.LoggerAspect - During: class com.capstone.controller.EmiController.getemiofAccount() with arguments=<200 OK OK,emi [s_no=3, loanaccno=202211021, loan_status=active, emi_amount=3117.243, upcomming_payment_date=2022-12-07, remaining_amount=197216.1],[]>
2022-10-16 13:47:54 [http-nio-8081-exec-2] INFO  com.capstone.aspect.LoggerAspect - *************************************
2022-10-16 13:47:58 [http-nio-8081-exec-3] INFO  com.capstone.aspect.LoggerAspect - Method name: com.capstone.controller.EmiController
2022-10-16 13:47:58 [http-nio-8081-exec-3] INFO  com.capstone.aspect.LoggerAspect - Method arguments:[Ljava.lang.Object;@75598ab4
2022-10-16 13:47:58 [http-nio-8081-exec-3] INFO  com.capstone.aspect.LoggerAspect - *************************************
2022-10-16 13:47:58 [http-nio-8081-exec-3] INFO  com.capstone.aspect.LoggerAspect - Method name: com.capstone.service.EmiServiceImp
2022-10-16 13:47:58 [http-nio-8081-exec-3] INFO  com.capstone.aspect.LoggerAspect - Method arguments:[Ljava.lang.Object;@4cb680c1
2022-10-16 13:47:58 [http-nio-8081-exec-3] INFO  com.capstone.aspect.LoggerAspect - *************************************
2022-10-16 13:47:58 [http-nio-8081-exec-3] INFO  com.capstone.aspect.LoggerAspect - During: class com.capstone.service.EmiServiceImp.getEmiData() with arguments=emi [s_no=3, loanaccno=202211021, loan_status=active, emi_amount=3117.243, upcomming_payment_date=2022-12-07, remaining_amount=197216.1]
2022-10-16 13:47:58 [http-nio-8081-exec-3] INFO  com.capstone.aspect.LoggerAspect - *************************************
2022-10-16 13:47:58 [http-nio-8081-exec-3] INFO  com.capstone.aspect.LoggerAspect - Method name: com.capstone.service.EmiServiceImp
2022-10-16 13:47:58 [http-nio-8081-exec-3] INFO  com.capstone.aspect.LoggerAspect - Method arguments:[Ljava.lang.Object;@5bcf1023
2022-10-16 13:47:58 [http-nio-8081-exec-3] INFO  com.capstone.aspect.LoggerAspect - *************************************
2022-10-16 13:47:58 [http-nio-8081-exec-3] INFO  com.capstone.aspect.LoggerAspect - During: class com.capstone.service.EmiServiceImp.getEmiData() with arguments=emi [s_no=3, loanaccno=202211021, loan_status=active, emi_amount=3117.243, upcomming_payment_date=2022-12-07, remaining_amount=197216.1]
2022-10-16 13:47:58 [http-nio-8081-exec-3] INFO  com.capstone.aspect.LoggerAspect - *************************************
2022-10-16 13:47:58 [http-nio-8081-exec-3] INFO  com.capstone.aspect.LoggerAspect - During: class com.capstone.controller.EmiController.getemiofAccount() with arguments=<200 OK OK,emi [s_no=3, loanaccno=202211021, loan_status=active, emi_amount=3117.243, upcomming_payment_date=2022-12-07, remaining_amount=197216.1],[]>
2022-10-16 13:47:58 [http-nio-8081-exec-3] INFO  com.capstone.aspect.LoggerAspect - *************************************
2022-10-16 13:48:01 [http-nio-8081-exec-4] INFO  com.capstone.aspect.LoggerAspect - Method name: com.capstone.controller.EmiController
2022-10-16 13:48:01 [http-nio-8081-exec-4] INFO  com.capstone.aspect.LoggerAspect - Method arguments:[Ljava.lang.Object;@5b5507d5
2022-10-16 13:48:01 [http-nio-8081-exec-4] INFO  com.capstone.aspect.LoggerAspect - *************************************
2022-10-16 13:48:01 [http-nio-8081-exec-4] INFO  com.capstone.aspect.LoggerAspect - Method name: com.capstone.service.EmiServiceImp
2022-10-16 13:48:01 [http-nio-8081-exec-4] INFO  com.capstone.aspect.LoggerAspect - Method arguments:[Ljava.lang.Object;@23e8ef56
2022-10-16 13:48:01 [http-nio-8081-exec-4] INFO  com.capstone.aspect.LoggerAspect - *************************************
2022-10-16 13:48:01 [http-nio-8081-exec-4] INFO  com.capstone.aspect.LoggerAspect - During: class com.capstone.service.EmiServiceImp.getEmiData() with arguments=emi [s_no=3, loanaccno=202211021, loan_status=active, emi_amount=3117.243, upcomming_payment_date=2022-12-07, remaining_amount=197216.1]
2022-10-16 13:48:01 [http-nio-8081-exec-4] INFO  com.capstone.aspect.LoggerAspect - *************************************
2022-10-16 13:48:01 [http-nio-8081-exec-4] INFO  com.capstone.aspect.LoggerAspect - Method name: com.capstone.service.EmiServiceImp
2022-10-16 13:48:01 [http-nio-8081-exec-4] INFO  com.capstone.aspect.LoggerAspect - Method arguments:[Ljava.lang.Object;@4e6200d9
2022-10-16 13:48:01 [http-nio-8081-exec-4] INFO  com.capstone.aspect.LoggerAspect - *************************************
2022-10-16 13:48:01 [http-nio-8081-exec-4] INFO  com.capstone.aspect.LoggerAspect - During: class com.capstone.service.EmiServiceImp.getEmiData() with arguments=emi [s_no=3, loanaccno=202211021, loan_status=active, emi_amount=3117.243, upcomming_payment_date=2022-12-07, remaining_amount=197216.1]
2022-10-16 13:48:01 [http-nio-8081-exec-4] INFO  com.capstone.aspect.LoggerAspect - *************************************
2022-10-16 13:48:01 [http-nio-8081-exec-4] INFO  com.capstone.aspect.LoggerAspect - During: class com.capstone.controller.EmiController.getemiofAccount() with arguments=<200 OK OK,emi [s_no=3, loanaccno=202211021, loan_status=active, emi_amount=3117.243, upcomming_payment_date=2022-12-07, remaining_amount=197216.1],[]>
2022-10-16 13:48:01 [http-nio-8081-exec-4] INFO  com.capstone.aspect.LoggerAspect - *************************************
2022-10-16 13:48:06 [http-nio-8081-exec-5] INFO  com.capstone.aspect.LoggerAspect - Method name: com.capstone.controller.EmiController
2022-10-16 13:48:06 [http-nio-8081-exec-5] INFO  com.capstone.aspect.LoggerAspect - Method arguments:[Ljava.lang.Object;@3cfe195c
2022-10-16 13:48:06 [http-nio-8081-exec-5] INFO  com.capstone.aspect.LoggerAspect - *************************************
2022-10-16 13:48:06 [http-nio-8081-exec-5] INFO  com.capstone.aspect.LoggerAspect - Method name: com.capstone.service.EmiServiceImp
2022-10-16 13:48:06 [http-nio-8081-exec-5] INFO  com.capstone.aspect.LoggerAspect - Method arguments:[Ljava.lang.Object;@2d592b46
2022-10-16 13:48:06 [http-nio-8081-exec-5] INFO  com.capstone.aspect.LoggerAspect - *************************************
2022-10-16 13:48:06 [http-nio-8081-exec-5] INFO  com.capstone.aspect.LoggerAspect - During: class com.capstone.service.EmiServiceImp.getEmiData() with arguments=emi [s_no=3, loanaccno=202211021, loan_status=active, emi_amount=3117.243, upcomming_payment_date=2022-12-07, remaining_amount=197216.1]
2022-10-16 13:48:06 [http-nio-8081-exec-5] INFO  com.capstone.aspect.LoggerAspect - *************************************
2022-10-16 13:48:06 [http-nio-8081-exec-5] INFO  com.capstone.aspect.LoggerAspect - Method name: com.capstone.service.EmiServiceImp
2022-10-16 13:48:06 [http-nio-8081-exec-5] INFO  com.capstone.aspect.LoggerAspect - Method arguments:[Ljava.lang.Object;@6fe571f9
2022-10-16 13:48:06 [http-nio-8081-exec-5] INFO  com.capstone.aspect.LoggerAspect - *************************************
2022-10-16 13:48:06 [http-nio-8081-exec-5] INFO  com.capstone.aspect.LoggerAspect - During: class com.capstone.service.EmiServiceImp.getEmiData() with arguments=emi [s_no=3, loanaccno=202211021, loan_status=active, emi_amount=3117.243, upcomming_payment_date=2022-12-07, remaining_amount=197216.1]
2022-10-16 13:48:06 [http-nio-8081-exec-5] INFO  com.capstone.aspect.LoggerAspect - *************************************
2022-10-16 13:48:06 [http-nio-8081-exec-5] INFO  com.capstone.aspect.LoggerAspect - During: class com.capstone.controller.EmiController.getemiofAccount() with arguments=<200 OK OK,emi [s_no=3, loanaccno=202211021, loan_status=active, emi_amount=3117.243, upcomming_payment_date=2022-12-07, remaining_amount=197216.1],[]>
2022-10-16 13:48:06 [http-nio-8081-exec-5] INFO  com.capstone.aspect.LoggerAspect - *************************************
2022-10-16 13:48:10 [http-nio-8081-exec-6] INFO  com.capstone.aspect.LoggerAspect - Method name: com.capstone.controller.EmiController
2022-10-16 13:48:10 [http-nio-8081-exec-6] INFO  com.capstone.aspect.LoggerAspect - Method arguments:[Ljava.lang.Object;@49faf37b
2022-10-16 13:48:10 [http-nio-8081-exec-6] INFO  com.capstone.aspect.LoggerAspect - *************************************
2022-10-16 13:48:10 [http-nio-8081-exec-6] INFO  com.capstone.aspect.LoggerAspect - Method name: com.capstone.service.EmiServiceImp
2022-10-16 13:48:10 [http-nio-8081-exec-6] INFO  com.capstone.aspect.LoggerAspect - Method arguments:[Ljava.lang.Object;@7935c25b
2022-10-16 13:48:10 [http-nio-8081-exec-6] INFO  com.capstone.aspect.LoggerAspect - *************************************
2022-10-16 13:48:10 [http-nio-8081-exec-6] INFO  com.capstone.aspect.LoggerAspect - During: class com.capstone.service.EmiServiceImp.getEmiData() with arguments=emi [s_no=3, loanaccno=202211021, loan_status=active, emi_amount=3117.243, upcomming_payment_date=2022-12-07, remaining_amount=197216.1]
2022-10-16 13:48:10 [http-nio-8081-exec-6] INFO  com.capstone.aspect.LoggerAspect - *************************************
2022-10-16 13:48:10 [http-nio-8081-exec-6] INFO  com.capstone.aspect.LoggerAspect - Method name: com.capstone.service.EmiServiceImp
2022-10-16 13:48:10 [http-nio-8081-exec-6] INFO  com.capstone.aspect.LoggerAspect - Method arguments:[Ljava.lang.Object;@5de3cdc2
2022-10-16 13:48:10 [http-nio-8081-exec-6] INFO  com.capstone.aspect.LoggerAspect - *************************************
2022-10-16 13:48:10 [http-nio-8081-exec-6] INFO  com.capstone.aspect.LoggerAspect - During: class com.capstone.service.EmiServiceImp.getEmiData() with arguments=emi [s_no=3, loanaccno=202211021, loan_status=active, emi_amount=3117.243, upcomming_payment_date=2022-12-07, remaining_amount=197216.1]
2022-10-16 13:48:10 [http-nio-8081-exec-6] INFO  com.capstone.aspect.LoggerAspect - *************************************
2022-10-16 13:48:10 [http-nio-8081-exec-6] INFO  com.capstone.aspect.LoggerAspect - During: class com.capstone.controller.EmiController.getemiofAccount() with arguments=<200 OK OK,emi [s_no=3, loanaccno=202211021, loan_status=active, emi_amount=3117.243, upcomming_payment_date=2022-12-07, remaining_amount=197216.1],[]>
2022-10-16 13:48:10 [http-nio-8081-exec-6] INFO  com.capstone.aspect.LoggerAspect - *************************************
2022-10-16 13:48:13 [http-nio-8081-exec-7] INFO  com.capstone.aspect.LoggerAspect - Method name: com.capstone.controller.EmiController
2022-10-16 13:48:13 [http-nio-8081-exec-7] INFO  com.capstone.aspect.LoggerAspect - Method arguments:[Ljava.lang.Object;@43a531f3
2022-10-16 13:48:13 [http-nio-8081-exec-7] INFO  com.capstone.aspect.LoggerAspect - *************************************
2022-10-16 13:48:13 [http-nio-8081-exec-7] INFO  com.capstone.aspect.LoggerAspect - Method name: com.capstone.service.EmiServiceImp
2022-10-16 13:48:13 [http-nio-8081-exec-7] INFO  com.capstone.aspect.LoggerAspect - Method arguments:[Ljava.lang.Object;@3972db2d
2022-10-16 13:48:13 [http-nio-8081-exec-7] INFO  com.capstone.aspect.LoggerAspect - *************************************
2022-10-16 13:48:13 [http-nio-8081-exec-7] INFO  com.capstone.aspect.LoggerAspect - During: class com.capstone.service.EmiServiceImp.getEmiData() with arguments=emi [s_no=3, loanaccno=202211021, loan_status=active, emi_amount=3117.243, upcomming_payment_date=2022-12-07, remaining_amount=197216.1]
2022-10-16 13:48:13 [http-nio-8081-exec-7] INFO  com.capstone.aspect.LoggerAspect - *************************************
2022-10-16 13:48:13 [http-nio-8081-exec-7] INFO  com.capstone.aspect.LoggerAspect - Method name: com.capstone.service.EmiServiceImp
2022-10-16 13:48:13 [http-nio-8081-exec-7] INFO  com.capstone.aspect.LoggerAspect - Method arguments:[Ljava.lang.Object;@7f4b4f4d
2022-10-16 13:48:13 [http-nio-8081-exec-7] INFO  com.capstone.aspect.LoggerAspect - *************************************
2022-10-16 13:48:13 [http-nio-8081-exec-7] INFO  com.capstone.aspect.LoggerAspect - During: class com.capstone.service.EmiServiceImp.getEmiData() with arguments=emi [s_no=3, loanaccno=202211021, loan_status=active, emi_amount=3117.243, upcomming_payment_date=2022-12-07, remaining_amount=197216.1]
2022-10-16 13:48:13 [http-nio-8081-exec-7] INFO  com.capstone.aspect.LoggerAspect - *************************************
2022-10-16 13:48:13 [http-nio-8081-exec-7] INFO  com.capstone.aspect.LoggerAspect - During: class com.capstone.controller.EmiController.getemiofAccount() with arguments=<200 OK OK,emi [s_no=3, loanaccno=202211021, loan_status=active, emi_amount=3117.243, upcomming_payment_date=2022-12-07, remaining_amount=197216.1],[]>
2022-10-16 13:48:13 [http-nio-8081-exec-7] INFO  com.capstone.aspect.LoggerAspect - *************************************
2022-10-16 13:48:22 [http-nio-8081-exec-9] INFO  com.capstone.aspect.LoggerAspect - Method name: com.capstone.controller.EmiController
2022-10-16 13:48:22 [http-nio-8081-exec-9] INFO  com.capstone.aspect.LoggerAspect - Method arguments:[Ljava.lang.Object;@70a704ae
2022-10-16 13:48:22 [http-nio-8081-exec-9] INFO  com.capstone.aspect.LoggerAspect - *************************************
2022-10-16 13:48:22 [http-nio-8081-exec-9] INFO  com.capstone.aspect.LoggerAspect - Method name: com.capstone.service.EmiServiceImp
2022-10-16 13:48:22 [http-nio-8081-exec-9] INFO  com.capstone.aspect.LoggerAspect - Method arguments:[Ljava.lang.Object;@6c49432c
2022-10-16 13:48:22 [http-nio-8081-exec-9] INFO  com.capstone.aspect.LoggerAspect - *************************************
2022-10-16 13:48:22 [http-nio-8081-exec-9] INFO  com.capstone.aspect.LoggerAspect - During: class com.capstone.service.EmiServiceImp.getEmiData() with arguments=emi [s_no=3, loanaccno=202211021, loan_status=active, emi_amount=3117.243, upcomming_payment_date=2022-12-07, remaining_amount=197216.1]
2022-10-16 13:48:22 [http-nio-8081-exec-9] INFO  com.capstone.aspect.LoggerAspect - *************************************
2022-10-16 13:48:22 [http-nio-8081-exec-9] INFO  com.capstone.aspect.LoggerAspect - Method name: com.capstone.service.EmiServiceImp
2022-10-16 13:48:22 [http-nio-8081-exec-9] INFO  com.capstone.aspect.LoggerAspect - Method arguments:[Ljava.lang.Object;@79d3f001
2022-10-16 13:48:22 [http-nio-8081-exec-9] INFO  com.capstone.aspect.LoggerAspect - *************************************
2022-10-16 13:48:22 [http-nio-8081-exec-9] INFO  com.capstone.aspect.LoggerAspect - During: class com.capstone.service.EmiServiceImp.getEmiData() with arguments=emi [s_no=3, loanaccno=202211021, loan_status=active, emi_amount=3117.243, upcomming_payment_date=2022-12-07, remaining_amount=197216.1]
2022-10-16 13:48:22 [http-nio-8081-exec-9] INFO  com.capstone.aspect.LoggerAspect - *************************************
2022-10-16 13:48:22 [http-nio-8081-exec-9] INFO  com.capstone.aspect.LoggerAspect - During: class com.capstone.controller.EmiController.getemiofAccount() with arguments=<200 OK OK,emi [s_no=3, loanaccno=202211021, loan_status=active, emi_amount=3117.243, upcomming_payment_date=2022-12-07, remaining_amount=197216.1],[]>
2022-10-16 13:48:22 [http-nio-8081-exec-9] INFO  com.capstone.aspect.LoggerAspect - *************************************
2022-10-16 13:48:25 [http-nio-8081-exec-8] INFO  com.capstone.aspect.LoggerAspect - Method name: com.capstone.controller.EmiController
2022-10-16 13:48:25 [http-nio-8081-exec-8] INFO  com.capstone.aspect.LoggerAspect - Method arguments:[Ljava.lang.Object;@31343706
2022-10-16 13:48:25 [http-nio-8081-exec-8] INFO  com.capstone.aspect.LoggerAspect - *************************************
2022-10-16 13:48:25 [http-nio-8081-exec-8] INFO  com.capstone.aspect.LoggerAspect - Method name: com.capstone.service.EmiServiceImp
2022-10-16 13:48:25 [http-nio-8081-exec-8] INFO  com.capstone.aspect.LoggerAspect - Method arguments:[Ljava.lang.Object;@209ed25f
2022-10-16 13:48:25 [http-nio-8081-exec-8] INFO  com.capstone.aspect.LoggerAspect - *************************************
2022-10-16 13:48:25 [http-nio-8081-exec-8] INFO  com.capstone.aspect.LoggerAspect - During: class com.capstone.service.EmiServiceImp.getEmiData() with arguments=emi [s_no=3, loanaccno=202211021, loan_status=active, emi_amount=3117.243, upcomming_payment_date=2022-12-07, remaining_amount=197216.1]
2022-10-16 13:48:25 [http-nio-8081-exec-8] INFO  com.capstone.aspect.LoggerAspect - *************************************
2022-10-16 13:48:25 [http-nio-8081-exec-8] INFO  com.capstone.aspect.LoggerAspect - Method name: com.capstone.service.EmiServiceImp
2022-10-16 13:48:25 [http-nio-8081-exec-8] INFO  com.capstone.aspect.LoggerAspect - Method arguments:[Ljava.lang.Object;@3b814b62
2022-10-16 13:48:25 [http-nio-8081-exec-8] INFO  com.capstone.aspect.LoggerAspect - *************************************
2022-10-16 13:48:25 [http-nio-8081-exec-8] INFO  com.capstone.aspect.LoggerAspect - During: class com.capstone.service.EmiServiceImp.getEmiData() with arguments=emi [s_no=3, loanaccno=202211021, loan_status=active, emi_amount=3117.243, upcomming_payment_date=2022-12-07, remaining_amount=197216.1]
2022-10-16 13:48:25 [http-nio-8081-exec-8] INFO  com.capstone.aspect.LoggerAspect - *************************************
2022-10-16 13:48:25 [http-nio-8081-exec-8] INFO  com.capstone.aspect.LoggerAspect - During: class com.capstone.controller.EmiController.getemiofAccount() with arguments=<200 OK OK,emi [s_no=3, loanaccno=202211021, loan_status=active, emi_amount=3117.243, upcomming_payment_date=2022-12-07, remaining_amount=197216.1],[]>
2022-10-16 13:48:25 [http-nio-8081-exec-8] INFO  com.capstone.aspect.LoggerAspect - *************************************
2022-10-16 13:49:29 [AsyncResolver-bootstrap-executor-0] INFO  c.n.d.s.r.aws.ConfigClusterResolver - Resolving eureka endpoints via configuration
2022-10-16 13:49:33 [http-nio-8081-exec-1] INFO  com.capstone.aspect.LoggerAspect - Method name: com.capstone.controller.EmiController
2022-10-16 13:49:33 [http-nio-8081-exec-1] INFO  com.capstone.aspect.LoggerAspect - Method arguments:[Ljava.lang.Object;@29339c6a
2022-10-16 13:49:33 [http-nio-8081-exec-1] INFO  com.capstone.aspect.LoggerAspect - *************************************
2022-10-16 13:49:33 [http-nio-8081-exec-1] INFO  com.capstone.aspect.LoggerAspect - Method name: com.capstone.service.EmiServiceImp
2022-10-16 13:49:33 [http-nio-8081-exec-1] INFO  com.capstone.aspect.LoggerAspect - Method arguments:[Ljava.lang.Object;@302d372
2022-10-16 13:49:33 [http-nio-8081-exec-1] INFO  com.capstone.aspect.LoggerAspect - *************************************
2022-10-16 13:49:33 [http-nio-8081-exec-1] INFO  com.capstone.aspect.LoggerAspect - During: class com.capstone.service.EmiServiceImp.updateEMI() with arguments=emi [s_no=3, loanaccno=202211021, loan_status=closed, emi_amount=0.0, upcomming_payment_date=2022-12-07, remaining_amount=0.0]
2022-10-16 13:49:33 [http-nio-8081-exec-1] INFO  com.capstone.aspect.LoggerAspect - *************************************
2022-10-16 13:49:33 [http-nio-8081-exec-1] INFO  com.capstone.aspect.LoggerAspect - During: class com.capstone.controller.EmiController.updateEMI() with arguments=<200 OK OK,{message=emi updated},[]>
2022-10-16 13:49:33 [http-nio-8081-exec-1] INFO  com.capstone.aspect.LoggerAspect - *************************************
2022-10-16 13:49:40 [http-nio-8081-exec-2] WARN  o.s.w.s.m.s.DefaultHandlerExceptionResolver - Resolved [org.springframework.web.method.annotation.MethodArgumentTypeMismatchException: Failed to convert value of type 'java.lang.String' to required type 'int'; nested exception is java.lang.NumberFormatException: For input string: "undefined"]
2022-10-16 13:49:40 [http-nio-8081-exec-3] INFO  com.capstone.aspect.LoggerAspect - Method name: com.capstone.controller.EmiController
2022-10-16 13:49:40 [http-nio-8081-exec-3] INFO  com.capstone.aspect.LoggerAspect - Method arguments:[Ljava.lang.Object;@7d31c257
2022-10-16 13:49:40 [http-nio-8081-exec-3] INFO  com.capstone.aspect.LoggerAspect - *************************************
2022-10-16 13:49:40 [http-nio-8081-exec-3] INFO  com.capstone.aspect.LoggerAspect - Method name: com.capstone.service.EmiServiceImp
2022-10-16 13:49:40 [http-nio-8081-exec-3] INFO  com.capstone.aspect.LoggerAspect - Method arguments:[Ljava.lang.Object;@dc14093
2022-10-16 13:49:40 [http-nio-8081-exec-3] INFO  com.capstone.aspect.LoggerAspect - *************************************
2022-10-16 13:49:40 [http-nio-8081-exec-3] INFO  com.capstone.aspect.LoggerAspect - During: class com.capstone.service.EmiServiceImp.getEmiData() with arguments=emi [s_no=3, loanaccno=202211021, loan_status=closed, emi_amount=0.0, upcomming_payment_date=2022-12-07, remaining_amount=0.0]
2022-10-16 13:49:40 [http-nio-8081-exec-3] INFO  com.capstone.aspect.LoggerAspect - *************************************
2022-10-16 13:49:40 [http-nio-8081-exec-3] INFO  com.capstone.aspect.LoggerAspect - Method name: com.capstone.service.EmiServiceImp
2022-10-16 13:49:40 [http-nio-8081-exec-3] INFO  com.capstone.aspect.LoggerAspect - Method arguments:[Ljava.lang.Object;@60987c3c
2022-10-16 13:49:40 [http-nio-8081-exec-3] INFO  com.capstone.aspect.LoggerAspect - *************************************
2022-10-16 13:49:40 [http-nio-8081-exec-3] INFO  com.capstone.aspect.LoggerAspect - During: class com.capstone.service.EmiServiceImp.getEmiData() with arguments=emi [s_no=3, loanaccno=202211021, loan_status=closed, emi_amount=0.0, upcomming_payment_date=2022-12-07, remaining_amount=0.0]
2022-10-16 13:49:40 [http-nio-8081-exec-3] INFO  com.capstone.aspect.LoggerAspect - *************************************
2022-10-16 13:49:40 [http-nio-8081-exec-3] INFO  com.capstone.aspect.LoggerAspect - During: class com.capstone.controller.EmiController.getemiofAccount() with arguments=<200 OK OK,emi [s_no=3, loanaccno=202211021, loan_status=closed, emi_amount=0.0, upcomming_payment_date=2022-12-07, remaining_amount=0.0],[]>
2022-10-16 13:49:40 [http-nio-8081-exec-3] INFO  com.capstone.aspect.LoggerAspect - *************************************
2022-10-16 13:50:40 [http-nio-8081-exec-4] WARN  o.s.w.s.m.s.DefaultHandlerExceptionResolver - Resolved [org.springframework.web.method.annotation.MethodArgumentTypeMismatchException: Failed to convert value of type 'java.lang.String' to required type 'int'; nested exception is java.lang.NumberFormatException: For input string: "undefined"]
2022-10-16 13:50:44 [http-nio-8081-exec-5] WARN  o.s.w.s.m.s.DefaultHandlerExceptionResolver - Resolved [org.springframework.web.method.annotation.MethodArgumentTypeMismatchException: Failed to convert value of type 'java.lang.String' to required type 'int'; nested exception is java.lang.NumberFormatException: For input string: "undefined"]
2022-10-16 13:50:53 [http-nio-8081-exec-6] WARN  o.s.w.s.m.s.DefaultHandlerExceptionResolver - Resolved [org.springframework.web.method.annotation.MethodArgumentTypeMismatchException: Failed to convert value of type 'java.lang.String' to required type 'int'; nested exception is java.lang.NumberFormatException: For input string: "undefined"]
2022-10-16 13:50:53 [http-nio-8081-exec-7] INFO  com.capstone.aspect.LoggerAspect - Method name: com.capstone.controller.EmiController
2022-10-16 13:50:53 [http-nio-8081-exec-7] INFO  com.capstone.aspect.LoggerAspect - Method arguments:[Ljava.lang.Object;@62fd2f67
2022-10-16 13:50:53 [http-nio-8081-exec-7] INFO  com.capstone.aspect.LoggerAspect - *************************************
2022-10-16 13:50:53 [http-nio-8081-exec-7] INFO  com.capstone.aspect.LoggerAspect - Method name: com.capstone.service.EmiServiceImp
2022-10-16 13:50:53 [http-nio-8081-exec-7] INFO  com.capstone.aspect.LoggerAspect - Method arguments:[Ljava.lang.Object;@2f33dcc
2022-10-16 13:50:53 [http-nio-8081-exec-7] INFO  com.capstone.aspect.LoggerAspect - *************************************
2022-10-16 13:50:53 [http-nio-8081-exec-7] INFO  com.capstone.aspect.LoggerAspect - During: class com.capstone.service.EmiServiceImp.getEmiData() with arguments=emi [s_no=3, loanaccno=202211021, loan_status=closed, emi_amount=0.0, upcomming_payment_date=2022-12-07, remaining_amount=0.0]
2022-10-16 13:50:53 [http-nio-8081-exec-7] INFO  com.capstone.aspect.LoggerAspect - *************************************
2022-10-16 13:50:53 [http-nio-8081-exec-7] INFO  com.capstone.aspect.LoggerAspect - Method name: com.capstone.service.EmiServiceImp
2022-10-16 13:50:53 [http-nio-8081-exec-7] INFO  com.capstone.aspect.LoggerAspect - Method arguments:[Ljava.lang.Object;@5f3636f
2022-10-16 13:50:53 [http-nio-8081-exec-7] INFO  com.capstone.aspect.LoggerAspect - *************************************
2022-10-16 13:50:53 [http-nio-8081-exec-7] INFO  com.capstone.aspect.LoggerAspect - During: class com.capstone.service.EmiServiceImp.getEmiData() with arguments=emi [s_no=3, loanaccno=202211021, loan_status=closed, emi_amount=0.0, upcomming_payment_date=2022-12-07, remaining_amount=0.0]
2022-10-16 13:50:53 [http-nio-8081-exec-7] INFO  com.capstone.aspect.LoggerAspect - *************************************
2022-10-16 13:50:53 [http-nio-8081-exec-7] INFO  com.capstone.aspect.LoggerAspect - During: class com.capstone.controller.EmiController.getemiofAccount() with arguments=<200 OK OK,emi [s_no=3, loanaccno=202211021, loan_status=closed, emi_amount=0.0, upcomming_payment_date=2022-12-07, remaining_amount=0.0],[]>
2022-10-16 13:50:53 [http-nio-8081-exec-7] INFO  com.capstone.aspect.LoggerAspect - *************************************
2022-10-16 13:51:42 [http-nio-8081-exec-9] WARN  o.s.w.s.m.s.DefaultHandlerExceptionResolver - Resolved [org.springframework.web.method.annotation.MethodArgumentTypeMismatchException: Failed to convert value of type 'java.lang.String' to required type 'int'; nested exception is java.lang.NumberFormatException: For input string: "undefined"]
2022-10-16 13:51:42 [http-nio-8081-exec-8] INFO  com.capstone.aspect.LoggerAspect - Method name: com.capstone.controller.EmiController
2022-10-16 13:51:42 [http-nio-8081-exec-8] INFO  com.capstone.aspect.LoggerAspect - Method arguments:[Ljava.lang.Object;@2a144f35
2022-10-16 13:51:42 [http-nio-8081-exec-8] INFO  com.capstone.aspect.LoggerAspect - *************************************
2022-10-16 13:51:42 [http-nio-8081-exec-8] INFO  com.capstone.aspect.LoggerAspect - Method name: com.capstone.service.EmiServiceImp
2022-10-16 13:51:42 [http-nio-8081-exec-8] INFO  com.capstone.aspect.LoggerAspect - Method arguments:[Ljava.lang.Object;@65dda907
2022-10-16 13:51:42 [http-nio-8081-exec-8] INFO  com.capstone.aspect.LoggerAspect - *************************************
2022-10-16 13:51:42 [http-nio-8081-exec-8] INFO  com.capstone.aspect.LoggerAspect - During: class com.capstone.service.EmiServiceImp.getEmiData() with arguments=emi [s_no=3, loanaccno=202211021, loan_status=closed, emi_amount=0.0, upcomming_payment_date=2022-12-07, remaining_amount=0.0]
2022-10-16 13:51:42 [http-nio-8081-exec-8] INFO  com.capstone.aspect.LoggerAspect - *************************************
2022-10-16 13:51:42 [http-nio-8081-exec-8] INFO  com.capstone.aspect.LoggerAspect - Method name: com.capstone.service.EmiServiceImp
2022-10-16 13:51:42 [http-nio-8081-exec-8] INFO  com.capstone.aspect.LoggerAspect - Method arguments:[Ljava.lang.Object;@18676e61
2022-10-16 13:51:42 [http-nio-8081-exec-8] INFO  com.capstone.aspect.LoggerAspect - *************************************
2022-10-16 13:51:42 [http-nio-8081-exec-8] INFO  com.capstone.aspect.LoggerAspect - During: class com.capstone.service.EmiServiceImp.getEmiData() with arguments=emi [s_no=3, loanaccno=202211021, loan_status=closed, emi_amount=0.0, upcomming_payment_date=2022-12-07, remaining_amount=0.0]
2022-10-16 13:51:42 [http-nio-8081-exec-8] INFO  com.capstone.aspect.LoggerAspect - *************************************
2022-10-16 13:51:42 [http-nio-8081-exec-8] INFO  com.capstone.aspect.LoggerAspect - During: class com.capstone.controller.EmiController.getemiofAccount() with arguments=<200 OK OK,emi [s_no=3, loanaccno=202211021, loan_status=closed, emi_amount=0.0, upcomming_payment_date=2022-12-07, remaining_amount=0.0],[]>
2022-10-16 13:51:42 [http-nio-8081-exec-8] INFO  com.capstone.aspect.LoggerAspect - *************************************
2022-10-16 13:53:44 [http-nio-8081-exec-1] WARN  o.s.w.s.m.s.DefaultHandlerExceptionResolver - Resolved [org.springframework.web.method.annotation.MethodArgumentTypeMismatchException: Failed to convert value of type 'java.lang.String' to required type 'int'; nested exception is java.lang.NumberFormatException: For input string: "undefined"]
2022-10-16 13:53:44 [http-nio-8081-exec-2] INFO  com.capstone.aspect.LoggerAspect - Method name: com.capstone.controller.EmiController
2022-10-16 13:53:44 [http-nio-8081-exec-2] INFO  com.capstone.aspect.LoggerAspect - Method arguments:[Ljava.lang.Object;@3e710e10
2022-10-16 13:53:44 [http-nio-8081-exec-2] INFO  com.capstone.aspect.LoggerAspect - *************************************
2022-10-16 13:53:44 [http-nio-8081-exec-2] INFO  com.capstone.aspect.LoggerAspect - Method name: com.capstone.service.EmiServiceImp
2022-10-16 13:53:44 [http-nio-8081-exec-2] INFO  com.capstone.aspect.LoggerAspect - Method arguments:[Ljava.lang.Object;@bb63672
2022-10-16 13:53:44 [http-nio-8081-exec-2] INFO  com.capstone.aspect.LoggerAspect - *************************************
2022-10-16 13:53:44 [http-nio-8081-exec-2] INFO  com.capstone.aspect.LoggerAspect - During: class com.capstone.service.EmiServiceImp.getEmiData() with arguments=emi [s_no=3, loanaccno=202211021, loan_status=closed, emi_amount=0.0, upcomming_payment_date=2022-12-07, remaining_amount=0.0]
2022-10-16 13:53:44 [http-nio-8081-exec-2] INFO  com.capstone.aspect.LoggerAspect - *************************************
2022-10-16 13:53:44 [http-nio-8081-exec-2] INFO  com.capstone.aspect.LoggerAspect - Method name: com.capstone.service.EmiServiceImp
2022-10-16 13:53:44 [http-nio-8081-exec-2] INFO  com.capstone.aspect.LoggerAspect - Method arguments:[Ljava.lang.Object;@58b3a658
2022-10-16 13:53:44 [http-nio-8081-exec-2] INFO  com.capstone.aspect.LoggerAspect - *************************************
2022-10-16 13:53:44 [http-nio-8081-exec-2] INFO  com.capstone.aspect.LoggerAspect - During: class com.capstone.service.EmiServiceImp.getEmiData() with arguments=emi [s_no=3, loanaccno=202211021, loan_status=closed, emi_amount=0.0, upcomming_payment_date=2022-12-07, remaining_amount=0.0]
2022-10-16 13:53:44 [http-nio-8081-exec-2] INFO  com.capstone.aspect.LoggerAspect - *************************************
2022-10-16 13:53:44 [http-nio-8081-exec-2] INFO  com.capstone.aspect.LoggerAspect - During: class com.capstone.controller.EmiController.getemiofAccount() with arguments=<200 OK OK,emi [s_no=3, loanaccno=202211021, loan_status=closed, emi_amount=0.0, upcomming_payment_date=2022-12-07, remaining_amount=0.0],[]>
2022-10-16 13:53:44 [http-nio-8081-exec-2] INFO  com.capstone.aspect.LoggerAspect - *************************************
2022-10-16 13:53:52 [http-nio-8081-exec-3] WARN  o.s.w.s.m.s.DefaultHandlerExceptionResolver - Resolved [org.springframework.web.method.annotation.MethodArgumentTypeMismatchException: Failed to convert value of type 'java.lang.String' to required type 'int'; nested exception is java.lang.NumberFormatException: For input string: "undefined"]
2022-10-16 13:53:52 [http-nio-8081-exec-4] INFO  com.capstone.aspect.LoggerAspect - Method name: com.capstone.controller.EmiController
2022-10-16 13:53:52 [http-nio-8081-exec-4] INFO  com.capstone.aspect.LoggerAspect - Method arguments:[Ljava.lang.Object;@6067790f
2022-10-16 13:53:52 [http-nio-8081-exec-4] INFO  com.capstone.aspect.LoggerAspect - *************************************
2022-10-16 13:53:52 [http-nio-8081-exec-4] INFO  com.capstone.aspect.LoggerAspect - Method name: com.capstone.service.EmiServiceImp
2022-10-16 13:53:52 [http-nio-8081-exec-4] INFO  com.capstone.aspect.LoggerAspect - Method arguments:[Ljava.lang.Object;@37779d58
2022-10-16 13:53:52 [http-nio-8081-exec-4] INFO  com.capstone.aspect.LoggerAspect - *************************************
2022-10-16 13:53:52 [http-nio-8081-exec-4] INFO  com.capstone.aspect.LoggerAspect - During: class com.capstone.service.EmiServiceImp.getEmiData() with arguments=emi [s_no=3, loanaccno=202211021, loan_status=closed, emi_amount=0.0, upcomming_payment_date=2022-12-07, remaining_amount=0.0]
2022-10-16 13:53:52 [http-nio-8081-exec-4] INFO  com.capstone.aspect.LoggerAspect - *************************************
2022-10-16 13:53:52 [http-nio-8081-exec-4] INFO  com.capstone.aspect.LoggerAspect - Method name: com.capstone.service.EmiServiceImp
2022-10-16 13:53:52 [http-nio-8081-exec-4] INFO  com.capstone.aspect.LoggerAspect - Method arguments:[Ljava.lang.Object;@5ce98906
2022-10-16 13:53:52 [http-nio-8081-exec-4] INFO  com.capstone.aspect.LoggerAspect - *************************************
2022-10-16 13:53:52 [http-nio-8081-exec-4] INFO  com.capstone.aspect.LoggerAspect - During: class com.capstone.service.EmiServiceImp.getEmiData() with arguments=emi [s_no=3, loanaccno=202211021, loan_status=closed, emi_amount=0.0, upcomming_payment_date=2022-12-07, remaining_amount=0.0]
2022-10-16 13:53:52 [http-nio-8081-exec-4] INFO  com.capstone.aspect.LoggerAspect - *************************************
2022-10-16 13:53:52 [http-nio-8081-exec-4] INFO  com.capstone.aspect.LoggerAspect - During: class com.capstone.controller.EmiController.getemiofAccount() with arguments=<200 OK OK,emi [s_no=3, loanaccno=202211021, loan_status=closed, emi_amount=0.0, upcomming_payment_date=2022-12-07, remaining_amount=0.0],[]>
2022-10-16 13:53:52 [http-nio-8081-exec-4] INFO  com.capstone.aspect.LoggerAspect - *************************************
2022-10-16 13:53:54 [http-nio-8081-exec-5] WARN  o.s.w.s.m.s.DefaultHandlerExceptionResolver - Resolved [org.springframework.web.method.annotation.MethodArgumentTypeMismatchException: Failed to convert value of type 'java.lang.String' to required type 'int'; nested exception is java.lang.NumberFormatException: For input string: "undefined"]
2022-10-16 13:53:54 [http-nio-8081-exec-6] INFO  com.capstone.aspect.LoggerAspect - Method name: com.capstone.controller.EmiController
2022-10-16 13:53:54 [http-nio-8081-exec-6] INFO  com.capstone.aspect.LoggerAspect - Method arguments:[Ljava.lang.Object;@25f2a391
2022-10-16 13:53:54 [http-nio-8081-exec-6] INFO  com.capstone.aspect.LoggerAspect - *************************************
2022-10-16 13:53:54 [http-nio-8081-exec-6] INFO  com.capstone.aspect.LoggerAspect - Method name: com.capstone.service.EmiServiceImp
2022-10-16 13:53:54 [http-nio-8081-exec-6] INFO  com.capstone.aspect.LoggerAspect - Method arguments:[Ljava.lang.Object;@aea870
2022-10-16 13:53:54 [http-nio-8081-exec-6] INFO  com.capstone.aspect.LoggerAspect - *************************************
2022-10-16 13:53:54 [http-nio-8081-exec-6] INFO  com.capstone.aspect.LoggerAspect - During: class com.capstone.service.EmiServiceImp.getEmiData() with arguments=emi [s_no=3, loanaccno=202211021, loan_status=closed, emi_amount=0.0, upcomming_payment_date=2022-12-07, remaining_amount=0.0]
2022-10-16 13:53:54 [http-nio-8081-exec-6] INFO  com.capstone.aspect.LoggerAspect - *************************************
2022-10-16 13:53:54 [http-nio-8081-exec-6] INFO  com.capstone.aspect.LoggerAspect - Method name: com.capstone.service.EmiServiceImp
2022-10-16 13:53:54 [http-nio-8081-exec-6] INFO  com.capstone.aspect.LoggerAspect - Method arguments:[Ljava.lang.Object;@31293b9f
2022-10-16 13:53:54 [http-nio-8081-exec-6] INFO  com.capstone.aspect.LoggerAspect - *************************************
2022-10-16 13:53:54 [http-nio-8081-exec-6] INFO  com.capstone.aspect.LoggerAspect - During: class com.capstone.service.EmiServiceImp.getEmiData() with arguments=emi [s_no=3, loanaccno=202211021, loan_status=closed, emi_amount=0.0, upcomming_payment_date=2022-12-07, remaining_amount=0.0]
2022-10-16 13:53:54 [http-nio-8081-exec-6] INFO  com.capstone.aspect.LoggerAspect - *************************************
2022-10-16 13:53:54 [http-nio-8081-exec-6] INFO  com.capstone.aspect.LoggerAspect - During: class com.capstone.controller.EmiController.getemiofAccount() with arguments=<200 OK OK,emi [s_no=3, loanaccno=202211021, loan_status=closed, emi_amount=0.0, upcomming_payment_date=2022-12-07, remaining_amount=0.0],[]>
2022-10-16 13:53:54 [http-nio-8081-exec-6] INFO  com.capstone.aspect.LoggerAspect - *************************************
2022-10-16 13:53:57 [http-nio-8081-exec-7] WARN  o.s.w.s.m.s.DefaultHandlerExceptionResolver - Resolved [org.springframework.web.method.annotation.MethodArgumentTypeMismatchException: Failed to convert value of type 'java.lang.String' to required type 'int'; nested exception is java.lang.NumberFormatException: For input string: "undefined"]
2022-10-16 13:53:57 [http-nio-8081-exec-9] INFO  com.capstone.aspect.LoggerAspect - Method name: com.capstone.controller.EmiController
2022-10-16 13:53:57 [http-nio-8081-exec-9] INFO  com.capstone.aspect.LoggerAspect - Method arguments:[Ljava.lang.Object;@5f46cc12
2022-10-16 13:53:57 [http-nio-8081-exec-9] INFO  com.capstone.aspect.LoggerAspect - *************************************
2022-10-16 13:53:57 [http-nio-8081-exec-9] INFO  com.capstone.aspect.LoggerAspect - Method name: com.capstone.service.EmiServiceImp
2022-10-16 13:53:57 [http-nio-8081-exec-9] INFO  com.capstone.aspect.LoggerAspect - Method arguments:[Ljava.lang.Object;@4ce6ebc7
2022-10-16 13:53:57 [http-nio-8081-exec-9] INFO  com.capstone.aspect.LoggerAspect - *************************************
2022-10-16 13:53:57 [http-nio-8081-exec-9] INFO  com.capstone.aspect.LoggerAspect - During: class com.capstone.service.EmiServiceImp.getEmiData() with arguments=emi [s_no=3, loanaccno=202211021, loan_status=closed, emi_amount=0.0, upcomming_payment_date=2022-12-07, remaining_amount=0.0]
2022-10-16 13:53:57 [http-nio-8081-exec-9] INFO  com.capstone.aspect.LoggerAspect - *************************************
2022-10-16 13:53:57 [http-nio-8081-exec-9] INFO  com.capstone.aspect.LoggerAspect - Method name: com.capstone.service.EmiServiceImp
2022-10-16 13:53:57 [http-nio-8081-exec-9] INFO  com.capstone.aspect.LoggerAspect - Method arguments:[Ljava.lang.Object;@1b67d40b
2022-10-16 13:53:57 [http-nio-8081-exec-9] INFO  com.capstone.aspect.LoggerAspect - *************************************
2022-10-16 13:53:57 [http-nio-8081-exec-9] INFO  com.capstone.aspect.LoggerAspect - During: class com.capstone.service.EmiServiceImp.getEmiData() with arguments=emi [s_no=3, loanaccno=202211021, loan_status=closed, emi_amount=0.0, upcomming_payment_date=2022-12-07, remaining_amount=0.0]
2022-10-16 13:53:57 [http-nio-8081-exec-9] INFO  com.capstone.aspect.LoggerAspect - *************************************
2022-10-16 13:53:57 [http-nio-8081-exec-9] INFO  com.capstone.aspect.LoggerAspect - During: class com.capstone.controller.EmiController.getemiofAccount() with arguments=<200 OK OK,emi [s_no=3, loanaccno=202211021, loan_status=closed, emi_amount=0.0, upcomming_payment_date=2022-12-07, remaining_amount=0.0],[]>
2022-10-16 13:53:57 [http-nio-8081-exec-9] INFO  com.capstone.aspect.LoggerAspect - *************************************
2022-10-16 13:54:06 [http-nio-8081-exec-8] WARN  o.s.w.s.m.s.DefaultHandlerExceptionResolver - Resolved [org.springframework.web.method.annotation.MethodArgumentTypeMismatchException: Failed to convert value of type 'java.lang.String' to required type 'int'; nested exception is java.lang.NumberFormatException: For input string: "undefined"]
2022-10-16 13:54:06 [http-nio-8081-exec-10] INFO  com.capstone.aspect.LoggerAspect - Method name: com.capstone.controller.EmiController
2022-10-16 13:54:06 [http-nio-8081-exec-10] INFO  com.capstone.aspect.LoggerAspect - Method arguments:[Ljava.lang.Object;@51229d16
2022-10-16 13:54:06 [http-nio-8081-exec-10] INFO  com.capstone.aspect.LoggerAspect - *************************************
2022-10-16 13:54:06 [http-nio-8081-exec-10] INFO  com.capstone.aspect.LoggerAspect - Method name: com.capstone.service.EmiServiceImp
2022-10-16 13:54:06 [http-nio-8081-exec-10] INFO  com.capstone.aspect.LoggerAspect - Method arguments:[Ljava.lang.Object;@18fabcab
2022-10-16 13:54:06 [http-nio-8081-exec-10] INFO  com.capstone.aspect.LoggerAspect - *************************************
2022-10-16 13:54:06 [http-nio-8081-exec-10] INFO  com.capstone.aspect.LoggerAspect - During: class com.capstone.service.EmiServiceImp.getEmiData() with arguments=emi [s_no=3, loanaccno=202211021, loan_status=closed, emi_amount=0.0, upcomming_payment_date=2022-12-07, remaining_amount=0.0]
2022-10-16 13:54:06 [http-nio-8081-exec-10] INFO  com.capstone.aspect.LoggerAspect - *************************************
2022-10-16 13:54:06 [http-nio-8081-exec-10] INFO  com.capstone.aspect.LoggerAspect - Method name: com.capstone.service.EmiServiceImp
2022-10-16 13:54:06 [http-nio-8081-exec-10] INFO  com.capstone.aspect.LoggerAspect - Method arguments:[Ljava.lang.Object;@6bfd4753
2022-10-16 13:54:06 [http-nio-8081-exec-10] INFO  com.capstone.aspect.LoggerAspect - *************************************
2022-10-16 13:54:06 [http-nio-8081-exec-10] INFO  com.capstone.aspect.LoggerAspect - During: class com.capstone.service.EmiServiceImp.getEmiData() with arguments=emi [s_no=3, loanaccno=202211021, loan_status=closed, emi_amount=0.0, upcomming_payment_date=2022-12-07, remaining_amount=0.0]
2022-10-16 13:54:06 [http-nio-8081-exec-10] INFO  com.capstone.aspect.LoggerAspect - *************************************
2022-10-16 13:54:06 [http-nio-8081-exec-10] INFO  com.capstone.aspect.LoggerAspect - During: class com.capstone.controller.EmiController.getemiofAccount() with arguments=<200 OK OK,emi [s_no=3, loanaccno=202211021, loan_status=closed, emi_amount=0.0, upcomming_payment_date=2022-12-07, remaining_amount=0.0],[]>
2022-10-16 13:54:06 [http-nio-8081-exec-10] INFO  com.capstone.aspect.LoggerAspect - *************************************
2022-10-16 13:54:29 [AsyncResolver-bootstrap-executor-0] INFO  c.n.d.s.r.aws.ConfigClusterResolver - Resolving eureka endpoints via configuration
2022-10-16 13:54:48 [http-nio-8081-exec-1] INFO  com.capstone.aspect.LoggerAspect - Method name: com.capstone.controller.EmiController
2022-10-16 13:54:48 [http-nio-8081-exec-1] INFO  com.capstone.aspect.LoggerAspect - Method arguments:[Ljava.lang.Object;@f5cd3ae
2022-10-16 13:54:48 [http-nio-8081-exec-1] INFO  com.capstone.aspect.LoggerAspect - *************************************
2022-10-16 13:54:48 [http-nio-8081-exec-1] INFO  com.capstone.aspect.LoggerAspect - Method name: com.capstone.service.EmiServiceImp
2022-10-16 13:54:48 [http-nio-8081-exec-1] INFO  com.capstone.aspect.LoggerAspect - Method arguments:[Ljava.lang.Object;@9321635
2022-10-16 13:54:48 [http-nio-8081-exec-1] INFO  com.capstone.aspect.LoggerAspect - *************************************
2022-10-16 13:54:48 [http-nio-8081-exec-1] INFO  com.capstone.aspect.LoggerAspect - During: class com.capstone.service.EmiServiceImp.getEmiData() with arguments=emi [s_no=2, loanaccno=202211012, loan_status=active, emi_amount=4762.067, upcomming_payment_date=2022-11-07, remaining_amount=104577.1]
2022-10-16 13:54:48 [http-nio-8081-exec-1] INFO  com.capstone.aspect.LoggerAspect - *************************************
2022-10-16 13:54:48 [http-nio-8081-exec-1] INFO  com.capstone.aspect.LoggerAspect - Method name: com.capstone.service.EmiServiceImp
2022-10-16 13:54:48 [http-nio-8081-exec-1] INFO  com.capstone.aspect.LoggerAspect - Method arguments:[Ljava.lang.Object;@563d8c9d
2022-10-16 13:54:48 [http-nio-8081-exec-1] INFO  com.capstone.aspect.LoggerAspect - *************************************
2022-10-16 13:54:48 [http-nio-8081-exec-1] INFO  com.capstone.aspect.LoggerAspect - During: class com.capstone.service.EmiServiceImp.getEmiData() with arguments=emi [s_no=2, loanaccno=202211012, loan_status=active, emi_amount=4762.067, upcomming_payment_date=2022-11-07, remaining_amount=104577.1]
2022-10-16 13:54:48 [http-nio-8081-exec-1] INFO  com.capstone.aspect.LoggerAspect - *************************************
2022-10-16 13:54:48 [http-nio-8081-exec-1] INFO  com.capstone.aspect.LoggerAspect - During: class com.capstone.controller.EmiController.getemiofAccount() with arguments=<200 OK OK,emi [s_no=2, loanaccno=202211012, loan_status=active, emi_amount=4762.067, upcomming_payment_date=2022-11-07, remaining_amount=104577.1],[]>
2022-10-16 13:54:48 [http-nio-8081-exec-1] INFO  com.capstone.aspect.LoggerAspect - *************************************
2022-10-16 13:54:50 [http-nio-8081-exec-2] INFO  com.capstone.aspect.LoggerAspect - Method name: com.capstone.controller.EmiController
2022-10-16 13:54:50 [http-nio-8081-exec-2] INFO  com.capstone.aspect.LoggerAspect - Method arguments:[Ljava.lang.Object;@4cb398b9
2022-10-16 13:54:50 [http-nio-8081-exec-2] INFO  com.capstone.aspect.LoggerAspect - *************************************
2022-10-16 13:54:50 [http-nio-8081-exec-2] INFO  com.capstone.aspect.LoggerAspect - Method name: com.capstone.service.EmiServiceImp
2022-10-16 13:54:50 [http-nio-8081-exec-2] INFO  com.capstone.aspect.LoggerAspect - Method arguments:[Ljava.lang.Object;@2854a18f
2022-10-16 13:54:50 [http-nio-8081-exec-2] INFO  com.capstone.aspect.LoggerAspect - *************************************
2022-10-16 13:54:50 [http-nio-8081-exec-2] INFO  com.capstone.aspect.LoggerAspect - During: class com.capstone.service.EmiServiceImp.getEmiData() with arguments=emi [s_no=2, loanaccno=202211012, loan_status=active, emi_amount=4762.067, upcomming_payment_date=2022-11-07, remaining_amount=104577.1]
2022-10-16 13:54:50 [http-nio-8081-exec-2] INFO  com.capstone.aspect.LoggerAspect - *************************************
2022-10-16 13:54:50 [http-nio-8081-exec-2] INFO  com.capstone.aspect.LoggerAspect - Method name: com.capstone.service.EmiServiceImp
2022-10-16 13:54:50 [http-nio-8081-exec-2] INFO  com.capstone.aspect.LoggerAspect - Method arguments:[Ljava.lang.Object;@225737f1
2022-10-16 13:54:50 [http-nio-8081-exec-2] INFO  com.capstone.aspect.LoggerAspect - *************************************
2022-10-16 13:54:50 [http-nio-8081-exec-2] INFO  com.capstone.aspect.LoggerAspect - During: class com.capstone.service.EmiServiceImp.getEmiData() with arguments=emi [s_no=2, loanaccno=202211012, loan_status=active, emi_amount=4762.067, upcomming_payment_date=2022-11-07, remaining_amount=104577.1]
2022-10-16 13:54:50 [http-nio-8081-exec-2] INFO  com.capstone.aspect.LoggerAspect - *************************************
2022-10-16 13:54:50 [http-nio-8081-exec-2] INFO  com.capstone.aspect.LoggerAspect - During: class com.capstone.controller.EmiController.getemiofAccount() with arguments=<200 OK OK,emi [s_no=2, loanaccno=202211012, loan_status=active, emi_amount=4762.067, upcomming_payment_date=2022-11-07, remaining_amount=104577.1],[]>
2022-10-16 13:54:50 [http-nio-8081-exec-2] INFO  com.capstone.aspect.LoggerAspect - *************************************
2022-10-16 13:54:59 [http-nio-8081-exec-3] INFO  com.capstone.aspect.LoggerAspect - Method name: com.capstone.controller.EmiController
2022-10-16 13:54:59 [http-nio-8081-exec-3] INFO  com.capstone.aspect.LoggerAspect - Method arguments:[Ljava.lang.Object;@39346b61
2022-10-16 13:54:59 [http-nio-8081-exec-3] INFO  com.capstone.aspect.LoggerAspect - *************************************
2022-10-16 13:54:59 [http-nio-8081-exec-3] INFO  com.capstone.aspect.LoggerAspect - Method name: com.capstone.service.EmiServiceImp
2022-10-16 13:54:59 [http-nio-8081-exec-3] INFO  com.capstone.aspect.LoggerAspect - Method arguments:[Ljava.lang.Object;@c826efe
2022-10-16 13:54:59 [http-nio-8081-exec-3] INFO  com.capstone.aspect.LoggerAspect - *************************************
2022-10-16 13:54:59 [http-nio-8081-exec-3] INFO  com.capstone.aspect.LoggerAspect - During: class com.capstone.service.EmiServiceImp.updateEMI() with arguments=emi [s_no=2, loanaccno=202211012, loan_status=active, emi_amount=4762.067, upcomming_payment_date=2022-12-07, remaining_amount=100037.48]
2022-10-16 13:54:59 [http-nio-8081-exec-3] INFO  com.capstone.aspect.LoggerAspect - *************************************
2022-10-16 13:54:59 [http-nio-8081-exec-3] INFO  com.capstone.aspect.LoggerAspect - During: class com.capstone.controller.EmiController.updateEMI() with arguments=<200 OK OK,{message=emi updated},[]>
2022-10-16 13:54:59 [http-nio-8081-exec-3] INFO  com.capstone.aspect.LoggerAspect - *************************************
2022-10-16 13:55:03 [http-nio-8081-exec-4] WARN  o.s.w.s.m.s.DefaultHandlerExceptionResolver - Resolved [org.springframework.web.method.annotation.MethodArgumentTypeMismatchException: Failed to convert value of type 'java.lang.String' to required type 'int'; nested exception is java.lang.NumberFormatException: For input string: "undefined"]
2022-10-16 13:55:03 [http-nio-8081-exec-5] INFO  com.capstone.aspect.LoggerAspect - Method name: com.capstone.controller.EmiController
2022-10-16 13:55:03 [http-nio-8081-exec-5] INFO  com.capstone.aspect.LoggerAspect - Method arguments:[Ljava.lang.Object;@13dd975
2022-10-16 13:55:03 [http-nio-8081-exec-5] INFO  com.capstone.aspect.LoggerAspect - *************************************
2022-10-16 13:55:03 [http-nio-8081-exec-5] INFO  com.capstone.aspect.LoggerAspect - Method name: com.capstone.service.EmiServiceImp
2022-10-16 13:55:03 [http-nio-8081-exec-5] INFO  com.capstone.aspect.LoggerAspect - Method arguments:[Ljava.lang.Object;@7471b5e7
2022-10-16 13:55:03 [http-nio-8081-exec-5] INFO  com.capstone.aspect.LoggerAspect - *************************************
2022-10-16 13:55:03 [http-nio-8081-exec-5] INFO  com.capstone.aspect.LoggerAspect - During: class com.capstone.service.EmiServiceImp.getEmiData() with arguments=emi [s_no=2, loanaccno=202211012, loan_status=active, emi_amount=4762.067, upcomming_payment_date=2022-12-07, remaining_amount=100037.48]
2022-10-16 13:55:03 [http-nio-8081-exec-5] INFO  com.capstone.aspect.LoggerAspect - *************************************
2022-10-16 13:55:03 [http-nio-8081-exec-5] INFO  com.capstone.aspect.LoggerAspect - Method name: com.capstone.service.EmiServiceImp
2022-10-16 13:55:03 [http-nio-8081-exec-5] INFO  com.capstone.aspect.LoggerAspect - Method arguments:[Ljava.lang.Object;@cb67757
2022-10-16 13:55:03 [http-nio-8081-exec-5] INFO  com.capstone.aspect.LoggerAspect - *************************************
2022-10-16 13:55:03 [http-nio-8081-exec-5] INFO  com.capstone.aspect.LoggerAspect - During: class com.capstone.service.EmiServiceImp.getEmiData() with arguments=emi [s_no=2, loanaccno=202211012, loan_status=active, emi_amount=4762.067, upcomming_payment_date=2022-12-07, remaining_amount=100037.48]
2022-10-16 13:55:03 [http-nio-8081-exec-5] INFO  com.capstone.aspect.LoggerAspect - *************************************
2022-10-16 13:55:03 [http-nio-8081-exec-5] INFO  com.capstone.aspect.LoggerAspect - During: class com.capstone.controller.EmiController.getemiofAccount() with arguments=<200 OK OK,emi [s_no=2, loanaccno=202211012, loan_status=active, emi_amount=4762.067, upcomming_payment_date=2022-12-07, remaining_amount=100037.48],[]>
2022-10-16 13:55:03 [http-nio-8081-exec-5] INFO  com.capstone.aspect.LoggerAspect - *************************************
2022-10-16 13:55:16 [http-nio-8081-exec-6] WARN  o.s.w.s.m.s.DefaultHandlerExceptionResolver - Resolved [org.springframework.web.method.annotation.MethodArgumentTypeMismatchException: Failed to convert value of type 'java.lang.String' to required type 'int'; nested exception is java.lang.NumberFormatException: For input string: "undefined"]
2022-10-16 13:55:16 [http-nio-8081-exec-7] INFO  com.capstone.aspect.LoggerAspect - Method name: com.capstone.controller.EmiController
2022-10-16 13:55:16 [http-nio-8081-exec-7] INFO  com.capstone.aspect.LoggerAspect - Method arguments:[Ljava.lang.Object;@330be712
2022-10-16 13:55:16 [http-nio-8081-exec-7] INFO  com.capstone.aspect.LoggerAspect - *************************************
2022-10-16 13:55:16 [http-nio-8081-exec-7] INFO  com.capstone.aspect.LoggerAspect - Method name: com.capstone.service.EmiServiceImp
2022-10-16 13:55:16 [http-nio-8081-exec-7] INFO  com.capstone.aspect.LoggerAspect - Method arguments:[Ljava.lang.Object;@2d8cd87c
2022-10-16 13:55:16 [http-nio-8081-exec-7] INFO  com.capstone.aspect.LoggerAspect - *************************************
2022-10-16 13:55:16 [http-nio-8081-exec-7] INFO  com.capstone.aspect.LoggerAspect - During: class com.capstone.service.EmiServiceImp.getEmiData() with arguments=emi [s_no=2, loanaccno=202211012, loan_status=active, emi_amount=4762.067, upcomming_payment_date=2022-12-07, remaining_amount=100037.48]
2022-10-16 13:55:16 [http-nio-8081-exec-7] INFO  com.capstone.aspect.LoggerAspect - *************************************
2022-10-16 13:55:16 [http-nio-8081-exec-7] INFO  com.capstone.aspect.LoggerAspect - Method name: com.capstone.service.EmiServiceImp
2022-10-16 13:55:16 [http-nio-8081-exec-7] INFO  com.capstone.aspect.LoggerAspect - Method arguments:[Ljava.lang.Object;@6878b984
2022-10-16 13:55:16 [http-nio-8081-exec-7] INFO  com.capstone.aspect.LoggerAspect - *************************************
2022-10-16 13:55:16 [http-nio-8081-exec-7] INFO  com.capstone.aspect.LoggerAspect - During: class com.capstone.service.EmiServiceImp.getEmiData() with arguments=emi [s_no=2, loanaccno=202211012, loan_status=active, emi_amount=4762.067, upcomming_payment_date=2022-12-07, remaining_amount=100037.48]
2022-10-16 13:55:16 [http-nio-8081-exec-7] INFO  com.capstone.aspect.LoggerAspect - *************************************
2022-10-16 13:55:16 [http-nio-8081-exec-7] INFO  com.capstone.aspect.LoggerAspect - During: class com.capstone.controller.EmiController.getemiofAccount() with arguments=<200 OK OK,emi [s_no=2, loanaccno=202211012, loan_status=active, emi_amount=4762.067, upcomming_payment_date=2022-12-07, remaining_amount=100037.48],[]>
2022-10-16 13:55:16 [http-nio-8081-exec-7] INFO  com.capstone.aspect.LoggerAspect - *************************************
2022-10-16 13:55:25 [http-nio-8081-exec-9] WARN  o.s.w.s.m.s.DefaultHandlerExceptionResolver - Resolved [org.springframework.web.method.annotation.MethodArgumentTypeMismatchException: Failed to convert value of type 'java.lang.String' to required type 'int'; nested exception is java.lang.NumberFormatException: For input string: "undefined"]
2022-10-16 13:55:25 [http-nio-8081-exec-8] INFO  com.capstone.aspect.LoggerAspect - Method name: com.capstone.controller.EmiController
2022-10-16 13:55:25 [http-nio-8081-exec-8] INFO  com.capstone.aspect.LoggerAspect - Method arguments:[Ljava.lang.Object;@3e1643b
2022-10-16 13:55:25 [http-nio-8081-exec-8] INFO  com.capstone.aspect.LoggerAspect - *************************************
2022-10-16 13:55:25 [http-nio-8081-exec-8] INFO  com.capstone.aspect.LoggerAspect - Method name: com.capstone.service.EmiServiceImp
2022-10-16 13:55:25 [http-nio-8081-exec-8] INFO  com.capstone.aspect.LoggerAspect - Method arguments:[Ljava.lang.Object;@58359bc6
2022-10-16 13:55:25 [http-nio-8081-exec-8] INFO  com.capstone.aspect.LoggerAspect - *************************************
2022-10-16 13:55:25 [http-nio-8081-exec-8] INFO  com.capstone.aspect.LoggerAspect - During: class com.capstone.service.EmiServiceImp.getEmiData() with arguments=emi [s_no=3, loanaccno=202211021, loan_status=closed, emi_amount=0.0, upcomming_payment_date=2022-12-07, remaining_amount=0.0]
2022-10-16 13:55:25 [http-nio-8081-exec-8] INFO  com.capstone.aspect.LoggerAspect - *************************************
2022-10-16 13:55:25 [http-nio-8081-exec-8] INFO  com.capstone.aspect.LoggerAspect - Method name: com.capstone.service.EmiServiceImp
2022-10-16 13:55:25 [http-nio-8081-exec-8] INFO  com.capstone.aspect.LoggerAspect - Method arguments:[Ljava.lang.Object;@4a6d53f1
2022-10-16 13:55:25 [http-nio-8081-exec-8] INFO  com.capstone.aspect.LoggerAspect - *************************************
2022-10-16 13:55:25 [http-nio-8081-exec-8] INFO  com.capstone.aspect.LoggerAspect - During: class com.capstone.service.EmiServiceImp.getEmiData() with arguments=emi [s_no=3, loanaccno=202211021, loan_status=closed, emi_amount=0.0, upcomming_payment_date=2022-12-07, remaining_amount=0.0]
2022-10-16 13:55:25 [http-nio-8081-exec-8] INFO  com.capstone.aspect.LoggerAspect - *************************************
2022-10-16 13:55:25 [http-nio-8081-exec-8] INFO  com.capstone.aspect.LoggerAspect - During: class com.capstone.controller.EmiController.getemiofAccount() with arguments=<200 OK OK,emi [s_no=3, loanaccno=202211021, loan_status=closed, emi_amount=0.0, upcomming_payment_date=2022-12-07, remaining_amount=0.0],[]>
2022-10-16 13:55:25 [http-nio-8081-exec-8] INFO  com.capstone.aspect.LoggerAspect - *************************************
2022-10-16 13:55:40 [http-nio-8081-exec-10] WARN  o.s.w.s.m.s.DefaultHandlerExceptionResolver - Resolved [org.springframework.web.method.annotation.MethodArgumentTypeMismatchException: Failed to convert value of type 'java.lang.String' to required type 'int'; nested exception is java.lang.NumberFormatException: For input string: "undefined"]
2022-10-16 13:55:40 [http-nio-8081-exec-1] INFO  com.capstone.aspect.LoggerAspect - Method name: com.capstone.controller.EmiController
2022-10-16 13:55:40 [http-nio-8081-exec-1] INFO  com.capstone.aspect.LoggerAspect - Method arguments:[Ljava.lang.Object;@6cd639bc
2022-10-16 13:55:40 [http-nio-8081-exec-1] INFO  com.capstone.aspect.LoggerAspect - *************************************
2022-10-16 13:55:40 [http-nio-8081-exec-1] INFO  com.capstone.aspect.LoggerAspect - Method name: com.capstone.service.EmiServiceImp
2022-10-16 13:55:40 [http-nio-8081-exec-1] INFO  com.capstone.aspect.LoggerAspect - Method arguments:[Ljava.lang.Object;@714851a7
2022-10-16 13:55:40 [http-nio-8081-exec-1] INFO  com.capstone.aspect.LoggerAspect - *************************************
2022-10-16 13:55:40 [http-nio-8081-exec-1] INFO  com.capstone.aspect.LoggerAspect - During: class com.capstone.service.EmiServiceImp.getEmiData() with arguments=emi [s_no=3, loanaccno=202211021, loan_status=closed, emi_amount=0.0, upcomming_payment_date=2022-12-07, remaining_amount=0.0]
2022-10-16 13:55:40 [http-nio-8081-exec-1] INFO  com.capstone.aspect.LoggerAspect - *************************************
2022-10-16 13:55:40 [http-nio-8081-exec-1] INFO  com.capstone.aspect.LoggerAspect - Method name: com.capstone.service.EmiServiceImp
2022-10-16 13:55:40 [http-nio-8081-exec-1] INFO  com.capstone.aspect.LoggerAspect - Method arguments:[Ljava.lang.Object;@33e7bd43
2022-10-16 13:55:40 [http-nio-8081-exec-1] INFO  com.capstone.aspect.LoggerAspect - *************************************
2022-10-16 13:55:40 [http-nio-8081-exec-1] INFO  com.capstone.aspect.LoggerAspect - During: class com.capstone.service.EmiServiceImp.getEmiData() with arguments=emi [s_no=3, loanaccno=202211021, loan_status=closed, emi_amount=0.0, upcomming_payment_date=2022-12-07, remaining_amount=0.0]
2022-10-16 13:55:40 [http-nio-8081-exec-1] INFO  com.capstone.aspect.LoggerAspect - *************************************
2022-10-16 13:55:40 [http-nio-8081-exec-1] INFO  com.capstone.aspect.LoggerAspect - During: class com.capstone.controller.EmiController.getemiofAccount() with arguments=<200 OK OK,emi [s_no=3, loanaccno=202211021, loan_status=closed, emi_amount=0.0, upcomming_payment_date=2022-12-07, remaining_amount=0.0],[]>
2022-10-16 13:55:40 [http-nio-8081-exec-1] INFO  com.capstone.aspect.LoggerAspect - *************************************
2022-10-16 13:55:48 [http-nio-8081-exec-2] WARN  o.s.w.s.m.s.DefaultHandlerExceptionResolver - Resolved [org.springframework.web.method.annotation.MethodArgumentTypeMismatchException: Failed to convert value of type 'java.lang.String' to required type 'int'; nested exception is java.lang.NumberFormatException: For input string: "undefined"]
2022-10-16 13:55:49 [http-nio-8081-exec-3] INFO  com.capstone.aspect.LoggerAspect - Method name: com.capstone.controller.EmiController
2022-10-16 13:55:49 [http-nio-8081-exec-3] INFO  com.capstone.aspect.LoggerAspect - Method arguments:[Ljava.lang.Object;@3005f27a
2022-10-16 13:55:49 [http-nio-8081-exec-3] INFO  com.capstone.aspect.LoggerAspect - *************************************
2022-10-16 13:55:49 [http-nio-8081-exec-3] INFO  com.capstone.aspect.LoggerAspect - Method name: com.capstone.service.EmiServiceImp
2022-10-16 13:55:49 [http-nio-8081-exec-3] INFO  com.capstone.aspect.LoggerAspect - Method arguments:[Ljava.lang.Object;@f65431e
2022-10-16 13:55:49 [http-nio-8081-exec-3] INFO  com.capstone.aspect.LoggerAspect - *************************************
2022-10-16 13:55:49 [http-nio-8081-exec-3] INFO  com.capstone.aspect.LoggerAspect - During: class com.capstone.service.EmiServiceImp.getEmiData() with arguments=emi [s_no=3, loanaccno=202211021, loan_status=closed, emi_amount=0.0, upcomming_payment_date=2022-12-07, remaining_amount=0.0]
2022-10-16 13:55:49 [http-nio-8081-exec-3] INFO  com.capstone.aspect.LoggerAspect - *************************************
2022-10-16 13:55:49 [http-nio-8081-exec-3] INFO  com.capstone.aspect.LoggerAspect - Method name: com.capstone.service.EmiServiceImp
2022-10-16 13:55:49 [http-nio-8081-exec-3] INFO  com.capstone.aspect.LoggerAspect - Method arguments:[Ljava.lang.Object;@a883c55
2022-10-16 13:55:49 [http-nio-8081-exec-3] INFO  com.capstone.aspect.LoggerAspect - *************************************
2022-10-16 13:55:49 [http-nio-8081-exec-3] INFO  com.capstone.aspect.LoggerAspect - During: class com.capstone.service.EmiServiceImp.getEmiData() with arguments=emi [s_no=3, loanaccno=202211021, loan_status=closed, emi_amount=0.0, upcomming_payment_date=2022-12-07, remaining_amount=0.0]
2022-10-16 13:55:49 [http-nio-8081-exec-3] INFO  com.capstone.aspect.LoggerAspect - *************************************
2022-10-16 13:55:49 [http-nio-8081-exec-3] INFO  com.capstone.aspect.LoggerAspect - During: class com.capstone.controller.EmiController.getemiofAccount() with arguments=<200 OK OK,emi [s_no=3, loanaccno=202211021, loan_status=closed, emi_amount=0.0, upcomming_payment_date=2022-12-07, remaining_amount=0.0],[]>
2022-10-16 13:55:49 [http-nio-8081-exec-3] INFO  com.capstone.aspect.LoggerAspect - *************************************
2022-10-16 13:55:52 [http-nio-8081-exec-4] WARN  o.s.w.s.m.s.DefaultHandlerExceptionResolver - Resolved [org.springframework.web.method.annotation.MethodArgumentTypeMismatchException: Failed to convert value of type 'java.lang.String' to required type 'int'; nested exception is java.lang.NumberFormatException: For input string: "undefined"]
2022-10-16 13:55:52 [http-nio-8081-exec-5] INFO  com.capstone.aspect.LoggerAspect - Method name: com.capstone.controller.EmiController
2022-10-16 13:55:52 [http-nio-8081-exec-5] INFO  com.capstone.aspect.LoggerAspect - Method arguments:[Ljava.lang.Object;@7f04640f
2022-10-16 13:55:52 [http-nio-8081-exec-5] INFO  com.capstone.aspect.LoggerAspect - *************************************
2022-10-16 13:55:52 [http-nio-8081-exec-5] INFO  com.capstone.aspect.LoggerAspect - Method name: com.capstone.service.EmiServiceImp
2022-10-16 13:55:52 [http-nio-8081-exec-5] INFO  com.capstone.aspect.LoggerAspect - Method arguments:[Ljava.lang.Object;@65b18c4f
2022-10-16 13:55:52 [http-nio-8081-exec-5] INFO  com.capstone.aspect.LoggerAspect - *************************************
2022-10-16 13:55:52 [http-nio-8081-exec-5] INFO  com.capstone.aspect.LoggerAspect - During: class com.capstone.service.EmiServiceImp.getEmiData() with arguments=emi [s_no=3, loanaccno=202211021, loan_status=closed, emi_amount=0.0, upcomming_payment_date=2022-12-07, remaining_amount=0.0]
2022-10-16 13:55:52 [http-nio-8081-exec-5] INFO  com.capstone.aspect.LoggerAspect - *************************************
2022-10-16 13:55:52 [http-nio-8081-exec-5] INFO  com.capstone.aspect.LoggerAspect - Method name: com.capstone.service.EmiServiceImp
2022-10-16 13:55:52 [http-nio-8081-exec-5] INFO  com.capstone.aspect.LoggerAspect - Method arguments:[Ljava.lang.Object;@7f20f96
2022-10-16 13:55:52 [http-nio-8081-exec-5] INFO  com.capstone.aspect.LoggerAspect - *************************************
2022-10-16 13:55:52 [http-nio-8081-exec-5] INFO  com.capstone.aspect.LoggerAspect - During: class com.capstone.service.EmiServiceImp.getEmiData() with arguments=emi [s_no=3, loanaccno=202211021, loan_status=closed, emi_amount=0.0, upcomming_payment_date=2022-12-07, remaining_amount=0.0]
2022-10-16 13:55:52 [http-nio-8081-exec-5] INFO  com.capstone.aspect.LoggerAspect - *************************************
2022-10-16 13:55:52 [http-nio-8081-exec-5] INFO  com.capstone.aspect.LoggerAspect - During: class com.capstone.controller.EmiController.getemiofAccount() with arguments=<200 OK OK,emi [s_no=3, loanaccno=202211021, loan_status=closed, emi_amount=0.0, upcomming_payment_date=2022-12-07, remaining_amount=0.0],[]>
2022-10-16 13:55:52 [http-nio-8081-exec-5] INFO  com.capstone.aspect.LoggerAspect - *************************************
2022-10-16 13:56:38 [http-nio-8081-exec-6] WARN  o.s.w.s.m.s.DefaultHandlerExceptionResolver - Resolved [org.springframework.web.method.annotation.MethodArgumentTypeMismatchException: Failed to convert value of type 'java.lang.String' to required type 'int'; nested exception is java.lang.NumberFormatException: For input string: "undefined"]
2022-10-16 13:56:38 [http-nio-8081-exec-7] INFO  com.capstone.aspect.LoggerAspect - Method name: com.capstone.controller.EmiController
2022-10-16 13:56:38 [http-nio-8081-exec-7] INFO  com.capstone.aspect.LoggerAspect - Method arguments:[Ljava.lang.Object;@52a71890
2022-10-16 13:56:38 [http-nio-8081-exec-7] INFO  com.capstone.aspect.LoggerAspect - *************************************
2022-10-16 13:56:38 [http-nio-8081-exec-7] INFO  com.capstone.aspect.LoggerAspect - Method name: com.capstone.service.EmiServiceImp
2022-10-16 13:56:38 [http-nio-8081-exec-7] INFO  com.capstone.aspect.LoggerAspect - Method arguments:[Ljava.lang.Object;@609f999c
2022-10-16 13:56:38 [http-nio-8081-exec-7] INFO  com.capstone.aspect.LoggerAspect - *************************************
2022-10-16 13:56:38 [http-nio-8081-exec-7] INFO  com.capstone.aspect.LoggerAspect - During: class com.capstone.service.EmiServiceImp.getEmiData() with arguments=emi [s_no=3, loanaccno=202211021, loan_status=closed, emi_amount=0.0, upcomming_payment_date=2022-12-07, remaining_amount=0.0]
2022-10-16 13:56:38 [http-nio-8081-exec-7] INFO  com.capstone.aspect.LoggerAspect - *************************************
2022-10-16 13:56:38 [http-nio-8081-exec-7] INFO  com.capstone.aspect.LoggerAspect - Method name: com.capstone.service.EmiServiceImp
2022-10-16 13:56:38 [http-nio-8081-exec-7] INFO  com.capstone.aspect.LoggerAspect - Method arguments:[Ljava.lang.Object;@47d5d17f
2022-10-16 13:56:38 [http-nio-8081-exec-7] INFO  com.capstone.aspect.LoggerAspect - *************************************
2022-10-16 13:56:38 [http-nio-8081-exec-7] INFO  com.capstone.aspect.LoggerAspect - During: class com.capstone.service.EmiServiceImp.getEmiData() with arguments=emi [s_no=3, loanaccno=202211021, loan_status=closed, emi_amount=0.0, upcomming_payment_date=2022-12-07, remaining_amount=0.0]
2022-10-16 13:56:38 [http-nio-8081-exec-7] INFO  com.capstone.aspect.LoggerAspect - *************************************
2022-10-16 13:56:38 [http-nio-8081-exec-7] INFO  com.capstone.aspect.LoggerAspect - During: class com.capstone.controller.EmiController.getemiofAccount() with arguments=<200 OK OK,emi [s_no=3, loanaccno=202211021, loan_status=closed, emi_amount=0.0, upcomming_payment_date=2022-12-07, remaining_amount=0.0],[]>
2022-10-16 13:56:38 [http-nio-8081-exec-7] INFO  com.capstone.aspect.LoggerAspect - *************************************
2022-10-16 13:56:49 [http-nio-8081-exec-9] WARN  o.s.w.s.m.s.DefaultHandlerExceptionResolver - Resolved [org.springframework.web.method.annotation.MethodArgumentTypeMismatchException: Failed to convert value of type 'java.lang.String' to required type 'int'; nested exception is java.lang.NumberFormatException: For input string: "undefined"]
2022-10-16 13:56:49 [http-nio-8081-exec-8] INFO  com.capstone.aspect.LoggerAspect - Method name: com.capstone.controller.EmiController
2022-10-16 13:56:49 [http-nio-8081-exec-8] INFO  com.capstone.aspect.LoggerAspect - Method arguments:[Ljava.lang.Object;@5fd51db3
2022-10-16 13:56:49 [http-nio-8081-exec-8] INFO  com.capstone.aspect.LoggerAspect - *************************************
2022-10-16 13:56:49 [http-nio-8081-exec-8] INFO  com.capstone.aspect.LoggerAspect - Method name: com.capstone.service.EmiServiceImp
2022-10-16 13:56:49 [http-nio-8081-exec-8] INFO  com.capstone.aspect.LoggerAspect - Method arguments:[Ljava.lang.Object;@7b55f518
2022-10-16 13:56:49 [http-nio-8081-exec-8] INFO  com.capstone.aspect.LoggerAspect - *************************************
2022-10-16 13:56:49 [http-nio-8081-exec-8] INFO  com.capstone.aspect.LoggerAspect - During: class com.capstone.service.EmiServiceImp.getEmiData() with arguments=emi [s_no=3, loanaccno=202211021, loan_status=closed, emi_amount=0.0, upcomming_payment_date=2022-12-07, remaining_amount=0.0]
2022-10-16 13:56:49 [http-nio-8081-exec-8] INFO  com.capstone.aspect.LoggerAspect - *************************************
2022-10-16 13:56:49 [http-nio-8081-exec-8] INFO  com.capstone.aspect.LoggerAspect - Method name: com.capstone.service.EmiServiceImp
2022-10-16 13:56:49 [http-nio-8081-exec-8] INFO  com.capstone.aspect.LoggerAspect - Method arguments:[Ljava.lang.Object;@2c220179
2022-10-16 13:56:49 [http-nio-8081-exec-8] INFO  com.capstone.aspect.LoggerAspect - *************************************
2022-10-16 13:56:49 [http-nio-8081-exec-8] INFO  com.capstone.aspect.LoggerAspect - During: class com.capstone.service.EmiServiceImp.getEmiData() with arguments=emi [s_no=3, loanaccno=202211021, loan_status=closed, emi_amount=0.0, upcomming_payment_date=2022-12-07, remaining_amount=0.0]
2022-10-16 13:56:49 [http-nio-8081-exec-8] INFO  com.capstone.aspect.LoggerAspect - *************************************
2022-10-16 13:56:49 [http-nio-8081-exec-8] INFO  com.capstone.aspect.LoggerAspect - During: class com.capstone.controller.EmiController.getemiofAccount() with arguments=<200 OK OK,emi [s_no=3, loanaccno=202211021, loan_status=closed, emi_amount=0.0, upcomming_payment_date=2022-12-07, remaining_amount=0.0],[]>
2022-10-16 13:56:49 [http-nio-8081-exec-8] INFO  com.capstone.aspect.LoggerAspect - *************************************
2022-10-16 13:56:50 [http-nio-8081-exec-10] WARN  o.s.w.s.m.s.DefaultHandlerExceptionResolver - Resolved [org.springframework.web.method.annotation.MethodArgumentTypeMismatchException: Failed to convert value of type 'java.lang.String' to required type 'int'; nested exception is java.lang.NumberFormatException: For input string: "undefined"]
2022-10-16 13:56:50 [http-nio-8081-exec-1] INFO  com.capstone.aspect.LoggerAspect - Method name: com.capstone.controller.EmiController
2022-10-16 13:56:50 [http-nio-8081-exec-1] INFO  com.capstone.aspect.LoggerAspect - Method arguments:[Ljava.lang.Object;@76bd8a4a
2022-10-16 13:56:50 [http-nio-8081-exec-1] INFO  com.capstone.aspect.LoggerAspect - *************************************
2022-10-16 13:56:50 [http-nio-8081-exec-1] INFO  com.capstone.aspect.LoggerAspect - Method name: com.capstone.service.EmiServiceImp
2022-10-16 13:56:50 [http-nio-8081-exec-1] INFO  com.capstone.aspect.LoggerAspect - Method arguments:[Ljava.lang.Object;@223b9e99
2022-10-16 13:56:50 [http-nio-8081-exec-1] INFO  com.capstone.aspect.LoggerAspect - *************************************
2022-10-16 13:56:50 [http-nio-8081-exec-1] INFO  com.capstone.aspect.LoggerAspect - During: class com.capstone.service.EmiServiceImp.getEmiData() with arguments=emi [s_no=3, loanaccno=202211021, loan_status=closed, emi_amount=0.0, upcomming_payment_date=2022-12-07, remaining_amount=0.0]
2022-10-16 13:56:50 [http-nio-8081-exec-1] INFO  com.capstone.aspect.LoggerAspect - *************************************
2022-10-16 13:56:50 [http-nio-8081-exec-1] INFO  com.capstone.aspect.LoggerAspect - Method name: com.capstone.service.EmiServiceImp
2022-10-16 13:56:50 [http-nio-8081-exec-1] INFO  com.capstone.aspect.LoggerAspect - Method arguments:[Ljava.lang.Object;@58bd211a
2022-10-16 13:56:50 [http-nio-8081-exec-1] INFO  com.capstone.aspect.LoggerAspect - *************************************
2022-10-16 13:56:50 [http-nio-8081-exec-1] INFO  com.capstone.aspect.LoggerAspect - During: class com.capstone.service.EmiServiceImp.getEmiData() with arguments=emi [s_no=3, loanaccno=202211021, loan_status=closed, emi_amount=0.0, upcomming_payment_date=2022-12-07, remaining_amount=0.0]
2022-10-16 13:56:50 [http-nio-8081-exec-1] INFO  com.capstone.aspect.LoggerAspect - *************************************
2022-10-16 13:56:50 [http-nio-8081-exec-1] INFO  com.capstone.aspect.LoggerAspect - During: class com.capstone.controller.EmiController.getemiofAccount() with arguments=<200 OK OK,emi [s_no=3, loanaccno=202211021, loan_status=closed, emi_amount=0.0, upcomming_payment_date=2022-12-07, remaining_amount=0.0],[]>
2022-10-16 13:56:50 [http-nio-8081-exec-1] INFO  com.capstone.aspect.LoggerAspect - *************************************
2022-10-16 13:56:52 [http-nio-8081-exec-2] WARN  o.s.w.s.m.s.DefaultHandlerExceptionResolver - Resolved [org.springframework.web.method.annotation.MethodArgumentTypeMismatchException: Failed to convert value of type 'java.lang.String' to required type 'int'; nested exception is java.lang.NumberFormatException: For input string: "undefined"]
2022-10-16 13:56:53 [http-nio-8081-exec-3] INFO  com.capstone.aspect.LoggerAspect - Method name: com.capstone.controller.EmiController
2022-10-16 13:56:53 [http-nio-8081-exec-3] INFO  com.capstone.aspect.LoggerAspect - Method arguments:[Ljava.lang.Object;@7c399249
2022-10-16 13:56:53 [http-nio-8081-exec-3] INFO  com.capstone.aspect.LoggerAspect - *************************************
2022-10-16 13:56:53 [http-nio-8081-exec-3] INFO  com.capstone.aspect.LoggerAspect - Method name: com.capstone.service.EmiServiceImp
2022-10-16 13:56:53 [http-nio-8081-exec-3] INFO  com.capstone.aspect.LoggerAspect - Method arguments:[Ljava.lang.Object;@1fb3c9bd
2022-10-16 13:56:53 [http-nio-8081-exec-3] INFO  com.capstone.aspect.LoggerAspect - *************************************
2022-10-16 13:56:53 [http-nio-8081-exec-3] INFO  com.capstone.aspect.LoggerAspect - During: class com.capstone.service.EmiServiceImp.getEmiData() with arguments=emi [s_no=3, loanaccno=202211021, loan_status=closed, emi_amount=0.0, upcomming_payment_date=2022-12-07, remaining_amount=0.0]
2022-10-16 13:56:53 [http-nio-8081-exec-3] INFO  com.capstone.aspect.LoggerAspect - *************************************
2022-10-16 13:56:53 [http-nio-8081-exec-3] INFO  com.capstone.aspect.LoggerAspect - Method name: com.capstone.service.EmiServiceImp
2022-10-16 13:56:53 [http-nio-8081-exec-3] INFO  com.capstone.aspect.LoggerAspect - Method arguments:[Ljava.lang.Object;@70229f83
2022-10-16 13:56:53 [http-nio-8081-exec-3] INFO  com.capstone.aspect.LoggerAspect - *************************************
2022-10-16 13:56:53 [http-nio-8081-exec-3] INFO  com.capstone.aspect.LoggerAspect - During: class com.capstone.service.EmiServiceImp.getEmiData() with arguments=emi [s_no=3, loanaccno=202211021, loan_status=closed, emi_amount=0.0, upcomming_payment_date=2022-12-07, remaining_amount=0.0]
2022-10-16 13:56:53 [http-nio-8081-exec-3] INFO  com.capstone.aspect.LoggerAspect - *************************************
2022-10-16 13:56:53 [http-nio-8081-exec-3] INFO  com.capstone.aspect.LoggerAspect - During: class com.capstone.controller.EmiController.getemiofAccount() with arguments=<200 OK OK,emi [s_no=3, loanaccno=202211021, loan_status=closed, emi_amount=0.0, upcomming_payment_date=2022-12-07, remaining_amount=0.0],[]>
2022-10-16 13:56:53 [http-nio-8081-exec-3] INFO  com.capstone.aspect.LoggerAspect - *************************************
2022-10-16 13:57:03 [http-nio-8081-exec-4] WARN  o.s.w.s.m.s.DefaultHandlerExceptionResolver - Resolved [org.springframework.web.method.annotation.MethodArgumentTypeMismatchException: Failed to convert value of type 'java.lang.String' to required type 'int'; nested exception is java.lang.NumberFormatException: For input string: "undefined"]
2022-10-16 13:57:03 [http-nio-8081-exec-5] INFO  com.capstone.aspect.LoggerAspect - Method name: com.capstone.controller.EmiController
2022-10-16 13:57:03 [http-nio-8081-exec-5] INFO  com.capstone.aspect.LoggerAspect - Method arguments:[Ljava.lang.Object;@143fd40a
2022-10-16 13:57:03 [http-nio-8081-exec-5] INFO  com.capstone.aspect.LoggerAspect - *************************************
2022-10-16 13:57:03 [http-nio-8081-exec-5] INFO  com.capstone.aspect.LoggerAspect - Method name: com.capstone.service.EmiServiceImp
2022-10-16 13:57:03 [http-nio-8081-exec-5] INFO  com.capstone.aspect.LoggerAspect - Method arguments:[Ljava.lang.Object;@362a37fa
2022-10-16 13:57:03 [http-nio-8081-exec-5] INFO  com.capstone.aspect.LoggerAspect - *************************************
2022-10-16 13:57:03 [http-nio-8081-exec-5] INFO  com.capstone.aspect.LoggerAspect - During: class com.capstone.service.EmiServiceImp.getEmiData() with arguments=emi [s_no=3, loanaccno=202211021, loan_status=closed, emi_amount=0.0, upcomming_payment_date=2022-12-07, remaining_amount=0.0]
2022-10-16 13:57:03 [http-nio-8081-exec-5] INFO  com.capstone.aspect.LoggerAspect - *************************************
2022-10-16 13:57:03 [http-nio-8081-exec-5] INFO  com.capstone.aspect.LoggerAspect - Method name: com.capstone.service.EmiServiceImp
2022-10-16 13:57:03 [http-nio-8081-exec-5] INFO  com.capstone.aspect.LoggerAspect - Method arguments:[Ljava.lang.Object;@34f6ee48
2022-10-16 13:57:03 [http-nio-8081-exec-5] INFO  com.capstone.aspect.LoggerAspect - *************************************
2022-10-16 13:57:03 [http-nio-8081-exec-5] INFO  com.capstone.aspect.LoggerAspect - During: class com.capstone.service.EmiServiceImp.getEmiData() with arguments=emi [s_no=3, loanaccno=202211021, loan_status=closed, emi_amount=0.0, upcomming_payment_date=2022-12-07, remaining_amount=0.0]
2022-10-16 13:57:03 [http-nio-8081-exec-5] INFO  com.capstone.aspect.LoggerAspect - *************************************
2022-10-16 13:57:03 [http-nio-8081-exec-5] INFO  com.capstone.aspect.LoggerAspect - During: class com.capstone.controller.EmiController.getemiofAccount() with arguments=<200 OK OK,emi [s_no=3, loanaccno=202211021, loan_status=closed, emi_amount=0.0, upcomming_payment_date=2022-12-07, remaining_amount=0.0],[]>
2022-10-16 13:57:03 [http-nio-8081-exec-5] INFO  com.capstone.aspect.LoggerAspect - *************************************
2022-10-16 13:57:06 [http-nio-8081-exec-6] WARN  o.s.w.s.m.s.DefaultHandlerExceptionResolver - Resolved [org.springframework.web.method.annotation.MethodArgumentTypeMismatchException: Failed to convert value of type 'java.lang.String' to required type 'int'; nested exception is java.lang.NumberFormatException: For input string: "undefined"]
2022-10-16 13:57:06 [http-nio-8081-exec-7] INFO  com.capstone.aspect.LoggerAspect - Method name: com.capstone.controller.EmiController
2022-10-16 13:57:06 [http-nio-8081-exec-7] INFO  com.capstone.aspect.LoggerAspect - Method arguments:[Ljava.lang.Object;@21c5811f
2022-10-16 13:57:06 [http-nio-8081-exec-7] INFO  com.capstone.aspect.LoggerAspect - *************************************
2022-10-16 13:57:06 [http-nio-8081-exec-7] INFO  com.capstone.aspect.LoggerAspect - Method name: com.capstone.service.EmiServiceImp
2022-10-16 13:57:06 [http-nio-8081-exec-7] INFO  com.capstone.aspect.LoggerAspect - Method arguments:[Ljava.lang.Object;@f24f48
2022-10-16 13:57:06 [http-nio-8081-exec-7] INFO  com.capstone.aspect.LoggerAspect - *************************************
2022-10-16 13:57:06 [http-nio-8081-exec-7] INFO  com.capstone.aspect.LoggerAspect - During: class com.capstone.service.EmiServiceImp.getEmiData() with arguments=emi [s_no=3, loanaccno=202211021, loan_status=closed, emi_amount=0.0, upcomming_payment_date=2022-12-07, remaining_amount=0.0]
2022-10-16 13:57:06 [http-nio-8081-exec-7] INFO  com.capstone.aspect.LoggerAspect - *************************************
2022-10-16 13:57:06 [http-nio-8081-exec-7] INFO  com.capstone.aspect.LoggerAspect - Method name: com.capstone.service.EmiServiceImp
2022-10-16 13:57:06 [http-nio-8081-exec-7] INFO  com.capstone.aspect.LoggerAspect - Method arguments:[Ljava.lang.Object;@663fba88
2022-10-16 13:57:06 [http-nio-8081-exec-7] INFO  com.capstone.aspect.LoggerAspect - *************************************
2022-10-16 13:57:06 [http-nio-8081-exec-7] INFO  com.capstone.aspect.LoggerAspect - During: class com.capstone.service.EmiServiceImp.getEmiData() with arguments=emi [s_no=3, loanaccno=202211021, loan_status=closed, emi_amount=0.0, upcomming_payment_date=2022-12-07, remaining_amount=0.0]
2022-10-16 13:57:06 [http-nio-8081-exec-7] INFO  com.capstone.aspect.LoggerAspect - *************************************
2022-10-16 13:57:06 [http-nio-8081-exec-7] INFO  com.capstone.aspect.LoggerAspect - During: class com.capstone.controller.EmiController.getemiofAccount() with arguments=<200 OK OK,emi [s_no=3, loanaccno=202211021, loan_status=closed, emi_amount=0.0, upcomming_payment_date=2022-12-07, remaining_amount=0.0],[]>
2022-10-16 13:57:06 [http-nio-8081-exec-7] INFO  com.capstone.aspect.LoggerAspect - *************************************
2022-10-16 13:57:09 [http-nio-8081-exec-9] WARN  o.s.w.s.m.s.DefaultHandlerExceptionResolver - Resolved [org.springframework.web.method.annotation.MethodArgumentTypeMismatchException: Failed to convert value of type 'java.lang.String' to required type 'int'; nested exception is java.lang.NumberFormatException: For input string: "undefined"]
2022-10-16 13:57:09 [http-nio-8081-exec-8] INFO  com.capstone.aspect.LoggerAspect - Method name: com.capstone.controller.EmiController
2022-10-16 13:57:09 [http-nio-8081-exec-8] INFO  com.capstone.aspect.LoggerAspect - Method arguments:[Ljava.lang.Object;@2734b3d2
2022-10-16 13:57:09 [http-nio-8081-exec-8] INFO  com.capstone.aspect.LoggerAspect - *************************************
2022-10-16 13:57:09 [http-nio-8081-exec-8] INFO  com.capstone.aspect.LoggerAspect - Method name: com.capstone.service.EmiServiceImp
2022-10-16 13:57:09 [http-nio-8081-exec-8] INFO  com.capstone.aspect.LoggerAspect - Method arguments:[Ljava.lang.Object;@c317562
2022-10-16 13:57:09 [http-nio-8081-exec-8] INFO  com.capstone.aspect.LoggerAspect - *************************************
2022-10-16 13:57:09 [http-nio-8081-exec-8] INFO  com.capstone.aspect.LoggerAspect - During: class com.capstone.service.EmiServiceImp.getEmiData() with arguments=emi [s_no=3, loanaccno=202211021, loan_status=closed, emi_amount=0.0, upcomming_payment_date=2022-12-07, remaining_amount=0.0]
2022-10-16 13:57:09 [http-nio-8081-exec-8] INFO  com.capstone.aspect.LoggerAspect - *************************************
2022-10-16 13:57:09 [http-nio-8081-exec-8] INFO  com.capstone.aspect.LoggerAspect - Method name: com.capstone.service.EmiServiceImp
2022-10-16 13:57:09 [http-nio-8081-exec-8] INFO  com.capstone.aspect.LoggerAspect - Method arguments:[Ljava.lang.Object;@532edcaa
2022-10-16 13:57:09 [http-nio-8081-exec-8] INFO  com.capstone.aspect.LoggerAspect - *************************************
2022-10-16 13:57:09 [http-nio-8081-exec-8] INFO  com.capstone.aspect.LoggerAspect - During: class com.capstone.service.EmiServiceImp.getEmiData() with arguments=emi [s_no=3, loanaccno=202211021, loan_status=closed, emi_amount=0.0, upcomming_payment_date=2022-12-07, remaining_amount=0.0]
2022-10-16 13:57:09 [http-nio-8081-exec-8] INFO  com.capstone.aspect.LoggerAspect - *************************************
2022-10-16 13:57:09 [http-nio-8081-exec-8] INFO  com.capstone.aspect.LoggerAspect - During: class com.capstone.controller.EmiController.getemiofAccount() with arguments=<200 OK OK,emi [s_no=3, loanaccno=202211021, loan_status=closed, emi_amount=0.0, upcomming_payment_date=2022-12-07, remaining_amount=0.0],[]>
2022-10-16 13:57:09 [http-nio-8081-exec-8] INFO  com.capstone.aspect.LoggerAspect - *************************************
2022-10-16 13:57:11 [http-nio-8081-exec-10] WARN  o.s.w.s.m.s.DefaultHandlerExceptionResolver - Resolved [org.springframework.web.method.annotation.MethodArgumentTypeMismatchException: Failed to convert value of type 'java.lang.String' to required type 'int'; nested exception is java.lang.NumberFormatException: For input string: "undefined"]
2022-10-16 13:57:11 [http-nio-8081-exec-1] INFO  com.capstone.aspect.LoggerAspect - Method name: com.capstone.controller.EmiController
2022-10-16 13:57:11 [http-nio-8081-exec-1] INFO  com.capstone.aspect.LoggerAspect - Method arguments:[Ljava.lang.Object;@5efff512
2022-10-16 13:57:11 [http-nio-8081-exec-1] INFO  com.capstone.aspect.LoggerAspect - *************************************
2022-10-16 13:57:11 [http-nio-8081-exec-1] INFO  com.capstone.aspect.LoggerAspect - Method name: com.capstone.service.EmiServiceImp
2022-10-16 13:57:11 [http-nio-8081-exec-1] INFO  com.capstone.aspect.LoggerAspect - Method arguments:[Ljava.lang.Object;@30709b16
2022-10-16 13:57:11 [http-nio-8081-exec-1] INFO  com.capstone.aspect.LoggerAspect - *************************************
2022-10-16 13:57:11 [http-nio-8081-exec-1] INFO  com.capstone.aspect.LoggerAspect - During: class com.capstone.service.EmiServiceImp.getEmiData() with arguments=emi [s_no=3, loanaccno=202211021, loan_status=closed, emi_amount=0.0, upcomming_payment_date=2022-12-07, remaining_amount=0.0]
2022-10-16 13:57:11 [http-nio-8081-exec-1] INFO  com.capstone.aspect.LoggerAspect - *************************************
2022-10-16 13:57:11 [http-nio-8081-exec-1] INFO  com.capstone.aspect.LoggerAspect - Method name: com.capstone.service.EmiServiceImp
2022-10-16 13:57:11 [http-nio-8081-exec-1] INFO  com.capstone.aspect.LoggerAspect - Method arguments:[Ljava.lang.Object;@58ee0037
2022-10-16 13:57:11 [http-nio-8081-exec-1] INFO  com.capstone.aspect.LoggerAspect - *************************************
2022-10-16 13:57:11 [http-nio-8081-exec-1] INFO  com.capstone.aspect.LoggerAspect - During: class com.capstone.service.EmiServiceImp.getEmiData() with arguments=emi [s_no=3, loanaccno=202211021, loan_status=closed, emi_amount=0.0, upcomming_payment_date=2022-12-07, remaining_amount=0.0]
2022-10-16 13:57:11 [http-nio-8081-exec-1] INFO  com.capstone.aspect.LoggerAspect - *************************************
2022-10-16 13:57:11 [http-nio-8081-exec-1] INFO  com.capstone.aspect.LoggerAspect - During: class com.capstone.controller.EmiController.getemiofAccount() with arguments=<200 OK OK,emi [s_no=3, loanaccno=202211021, loan_status=closed, emi_amount=0.0, upcomming_payment_date=2022-12-07, remaining_amount=0.0],[]>
2022-10-16 13:57:11 [http-nio-8081-exec-1] INFO  com.capstone.aspect.LoggerAspect - *************************************
2022-10-16 13:57:12 [http-nio-8081-exec-2] WARN  o.s.w.s.m.s.DefaultHandlerExceptionResolver - Resolved [org.springframework.web.method.annotation.MethodArgumentTypeMismatchException: Failed to convert value of type 'java.lang.String' to required type 'int'; nested exception is java.lang.NumberFormatException: For input string: "undefined"]
2022-10-16 13:57:12 [http-nio-8081-exec-3] INFO  com.capstone.aspect.LoggerAspect - Method name: com.capstone.controller.EmiController
2022-10-16 13:57:12 [http-nio-8081-exec-3] INFO  com.capstone.aspect.LoggerAspect - Method arguments:[Ljava.lang.Object;@466dcbc8
2022-10-16 13:57:12 [http-nio-8081-exec-3] INFO  com.capstone.aspect.LoggerAspect - *************************************
2022-10-16 13:57:12 [http-nio-8081-exec-3] INFO  com.capstone.aspect.LoggerAspect - Method name: com.capstone.service.EmiServiceImp
2022-10-16 13:57:12 [http-nio-8081-exec-3] INFO  com.capstone.aspect.LoggerAspect - Method arguments:[Ljava.lang.Object;@61bdbb78
2022-10-16 13:57:12 [http-nio-8081-exec-3] INFO  com.capstone.aspect.LoggerAspect - *************************************
2022-10-16 13:57:12 [http-nio-8081-exec-3] INFO  com.capstone.aspect.LoggerAspect - During: class com.capstone.service.EmiServiceImp.getEmiData() with arguments=emi [s_no=3, loanaccno=202211021, loan_status=closed, emi_amount=0.0, upcomming_payment_date=2022-12-07, remaining_amount=0.0]
2022-10-16 13:57:12 [http-nio-8081-exec-3] INFO  com.capstone.aspect.LoggerAspect - *************************************
2022-10-16 13:57:12 [http-nio-8081-exec-3] INFO  com.capstone.aspect.LoggerAspect - Method name: com.capstone.service.EmiServiceImp
2022-10-16 13:57:12 [http-nio-8081-exec-3] INFO  com.capstone.aspect.LoggerAspect - Method arguments:[Ljava.lang.Object;@d4a881c
2022-10-16 13:57:12 [http-nio-8081-exec-3] INFO  com.capstone.aspect.LoggerAspect - *************************************
2022-10-16 13:57:12 [http-nio-8081-exec-3] INFO  com.capstone.aspect.LoggerAspect - During: class com.capstone.service.EmiServiceImp.getEmiData() with arguments=emi [s_no=3, loanaccno=202211021, loan_status=closed, emi_amount=0.0, upcomming_payment_date=2022-12-07, remaining_amount=0.0]
2022-10-16 13:57:12 [http-nio-8081-exec-3] INFO  com.capstone.aspect.LoggerAspect - *************************************
2022-10-16 13:57:12 [http-nio-8081-exec-3] INFO  com.capstone.aspect.LoggerAspect - During: class com.capstone.controller.EmiController.getemiofAccount() with arguments=<200 OK OK,emi [s_no=3, loanaccno=202211021, loan_status=closed, emi_amount=0.0, upcomming_payment_date=2022-12-07, remaining_amount=0.0],[]>
2022-10-16 13:57:12 [http-nio-8081-exec-3] INFO  com.capstone.aspect.LoggerAspect - *************************************
2022-10-16 13:57:15 [http-nio-8081-exec-4] WARN  o.s.w.s.m.s.DefaultHandlerExceptionResolver - Resolved [org.springframework.web.method.annotation.MethodArgumentTypeMismatchException: Failed to convert value of type 'java.lang.String' to required type 'int'; nested exception is java.lang.NumberFormatException: For input string: "undefined"]
2022-10-16 13:57:16 [http-nio-8081-exec-5] INFO  com.capstone.aspect.LoggerAspect - Method name: com.capstone.controller.EmiController
2022-10-16 13:57:16 [http-nio-8081-exec-5] INFO  com.capstone.aspect.LoggerAspect - Method arguments:[Ljava.lang.Object;@2f75048c
2022-10-16 13:57:16 [http-nio-8081-exec-5] INFO  com.capstone.aspect.LoggerAspect - *************************************
2022-10-16 13:57:16 [http-nio-8081-exec-5] INFO  com.capstone.aspect.LoggerAspect - Method name: com.capstone.service.EmiServiceImp
2022-10-16 13:57:16 [http-nio-8081-exec-5] INFO  com.capstone.aspect.LoggerAspect - Method arguments:[Ljava.lang.Object;@25ad9927
2022-10-16 13:57:16 [http-nio-8081-exec-5] INFO  com.capstone.aspect.LoggerAspect - *************************************
2022-10-16 13:57:16 [http-nio-8081-exec-5] INFO  com.capstone.aspect.LoggerAspect - During: class com.capstone.service.EmiServiceImp.getEmiData() with arguments=emi [s_no=3, loanaccno=202211021, loan_status=closed, emi_amount=0.0, upcomming_payment_date=2022-12-07, remaining_amount=0.0]
2022-10-16 13:57:16 [http-nio-8081-exec-5] INFO  com.capstone.aspect.LoggerAspect - *************************************
2022-10-16 13:57:16 [http-nio-8081-exec-5] INFO  com.capstone.aspect.LoggerAspect - Method name: com.capstone.service.EmiServiceImp
2022-10-16 13:57:16 [http-nio-8081-exec-5] INFO  com.capstone.aspect.LoggerAspect - Method arguments:[Ljava.lang.Object;@3116ccee
2022-10-16 13:57:16 [http-nio-8081-exec-5] INFO  com.capstone.aspect.LoggerAspect - *************************************
2022-10-16 13:57:16 [http-nio-8081-exec-5] INFO  com.capstone.aspect.LoggerAspect - During: class com.capstone.service.EmiServiceImp.getEmiData() with arguments=emi [s_no=3, loanaccno=202211021, loan_status=closed, emi_amount=0.0, upcomming_payment_date=2022-12-07, remaining_amount=0.0]
2022-10-16 13:57:16 [http-nio-8081-exec-5] INFO  com.capstone.aspect.LoggerAspect - *************************************
2022-10-16 13:57:16 [http-nio-8081-exec-5] INFO  com.capstone.aspect.LoggerAspect - During: class com.capstone.controller.EmiController.getemiofAccount() with arguments=<200 OK OK,emi [s_no=3, loanaccno=202211021, loan_status=closed, emi_amount=0.0, upcomming_payment_date=2022-12-07, remaining_amount=0.0],[]>
2022-10-16 13:57:16 [http-nio-8081-exec-5] INFO  com.capstone.aspect.LoggerAspect - *************************************
2022-10-16 13:57:18 [http-nio-8081-exec-6] WARN  o.s.w.s.m.s.DefaultHandlerExceptionResolver - Resolved [org.springframework.web.method.annotation.MethodArgumentTypeMismatchException: Failed to convert value of type 'java.lang.String' to required type 'int'; nested exception is java.lang.NumberFormatException: For input string: "undefined"]
2022-10-16 13:57:18 [http-nio-8081-exec-7] INFO  com.capstone.aspect.LoggerAspect - Method name: com.capstone.controller.EmiController
2022-10-16 13:57:18 [http-nio-8081-exec-7] INFO  com.capstone.aspect.LoggerAspect - Method arguments:[Ljava.lang.Object;@175c074d
2022-10-16 13:57:18 [http-nio-8081-exec-7] INFO  com.capstone.aspect.LoggerAspect - *************************************
2022-10-16 13:57:18 [http-nio-8081-exec-7] INFO  com.capstone.aspect.LoggerAspect - Method name: com.capstone.service.EmiServiceImp
2022-10-16 13:57:18 [http-nio-8081-exec-7] INFO  com.capstone.aspect.LoggerAspect - Method arguments:[Ljava.lang.Object;@4619d887
2022-10-16 13:57:18 [http-nio-8081-exec-7] INFO  com.capstone.aspect.LoggerAspect - *************************************
2022-10-16 13:57:18 [http-nio-8081-exec-7] INFO  com.capstone.aspect.LoggerAspect - During: class com.capstone.service.EmiServiceImp.getEmiData() with arguments=emi [s_no=3, loanaccno=202211021, loan_status=closed, emi_amount=0.0, upcomming_payment_date=2022-12-07, remaining_amount=0.0]
2022-10-16 13:57:18 [http-nio-8081-exec-7] INFO  com.capstone.aspect.LoggerAspect - *************************************
2022-10-16 13:57:18 [http-nio-8081-exec-7] INFO  com.capstone.aspect.LoggerAspect - Method name: com.capstone.service.EmiServiceImp
2022-10-16 13:57:18 [http-nio-8081-exec-7] INFO  com.capstone.aspect.LoggerAspect - Method arguments:[Ljava.lang.Object;@592b56e3
2022-10-16 13:57:18 [http-nio-8081-exec-7] INFO  com.capstone.aspect.LoggerAspect - *************************************
2022-10-16 13:57:18 [http-nio-8081-exec-7] INFO  com.capstone.aspect.LoggerAspect - During: class com.capstone.service.EmiServiceImp.getEmiData() with arguments=emi [s_no=3, loanaccno=202211021, loan_status=closed, emi_amount=0.0, upcomming_payment_date=2022-12-07, remaining_amount=0.0]
2022-10-16 13:57:18 [http-nio-8081-exec-7] INFO  com.capstone.aspect.LoggerAspect - *************************************
2022-10-16 13:57:18 [http-nio-8081-exec-7] INFO  com.capstone.aspect.LoggerAspect - During: class com.capstone.controller.EmiController.getemiofAccount() with arguments=<200 OK OK,emi [s_no=3, loanaccno=202211021, loan_status=closed, emi_amount=0.0, upcomming_payment_date=2022-12-07, remaining_amount=0.0],[]>
2022-10-16 13:57:18 [http-nio-8081-exec-7] INFO  com.capstone.aspect.LoggerAspect - *************************************
2022-10-16 13:57:41 [http-nio-8081-exec-9] WARN  o.s.w.s.m.s.DefaultHandlerExceptionResolver - Resolved [org.springframework.web.method.annotation.MethodArgumentTypeMismatchException: Failed to convert value of type 'java.lang.String' to required type 'int'; nested exception is java.lang.NumberFormatException: For input string: "undefined"]
2022-10-16 13:57:41 [http-nio-8081-exec-8] INFO  com.capstone.aspect.LoggerAspect - Method name: com.capstone.controller.EmiController
2022-10-16 13:57:41 [http-nio-8081-exec-8] INFO  com.capstone.aspect.LoggerAspect - Method arguments:[Ljava.lang.Object;@3728ea6
2022-10-16 13:57:41 [http-nio-8081-exec-8] INFO  com.capstone.aspect.LoggerAspect - *************************************
2022-10-16 13:57:41 [http-nio-8081-exec-8] INFO  com.capstone.aspect.LoggerAspect - Method name: com.capstone.service.EmiServiceImp
2022-10-16 13:57:41 [http-nio-8081-exec-8] INFO  com.capstone.aspect.LoggerAspect - Method arguments:[Ljava.lang.Object;@43779e9d
2022-10-16 13:57:41 [http-nio-8081-exec-8] INFO  com.capstone.aspect.LoggerAspect - *************************************
2022-10-16 13:57:41 [http-nio-8081-exec-8] INFO  com.capstone.aspect.LoggerAspect - During: class com.capstone.service.EmiServiceImp.getEmiData() with arguments=emi [s_no=3, loanaccno=202211021, loan_status=closed, emi_amount=0.0, upcomming_payment_date=2022-12-07, remaining_amount=0.0]
2022-10-16 13:57:41 [http-nio-8081-exec-8] INFO  com.capstone.aspect.LoggerAspect - *************************************
2022-10-16 13:57:41 [http-nio-8081-exec-8] INFO  com.capstone.aspect.LoggerAspect - Method name: com.capstone.service.EmiServiceImp
2022-10-16 13:57:41 [http-nio-8081-exec-8] INFO  com.capstone.aspect.LoggerAspect - Method arguments:[Ljava.lang.Object;@6bffa8ba
2022-10-16 13:57:41 [http-nio-8081-exec-8] INFO  com.capstone.aspect.LoggerAspect - *************************************
2022-10-16 13:57:41 [http-nio-8081-exec-8] INFO  com.capstone.aspect.LoggerAspect - During: class com.capstone.service.EmiServiceImp.getEmiData() with arguments=emi [s_no=3, loanaccno=202211021, loan_status=closed, emi_amount=0.0, upcomming_payment_date=2022-12-07, remaining_amount=0.0]
2022-10-16 13:57:41 [http-nio-8081-exec-8] INFO  com.capstone.aspect.LoggerAspect - *************************************
2022-10-16 13:57:41 [http-nio-8081-exec-8] INFO  com.capstone.aspect.LoggerAspect - During: class com.capstone.controller.EmiController.getemiofAccount() with arguments=<200 OK OK,emi [s_no=3, loanaccno=202211021, loan_status=closed, emi_amount=0.0, upcomming_payment_date=2022-12-07, remaining_amount=0.0],[]>
2022-10-16 13:57:41 [http-nio-8081-exec-8] INFO  com.capstone.aspect.LoggerAspect - *************************************
2022-10-16 13:57:48 [http-nio-8081-exec-10] WARN  o.s.w.s.m.s.DefaultHandlerExceptionResolver - Resolved [org.springframework.web.method.annotation.MethodArgumentTypeMismatchException: Failed to convert value of type 'java.lang.String' to required type 'int'; nested exception is java.lang.NumberFormatException: For input string: "undefined"]
2022-10-16 13:57:48 [http-nio-8081-exec-1] INFO  com.capstone.aspect.LoggerAspect - Method name: com.capstone.controller.EmiController
2022-10-16 13:57:48 [http-nio-8081-exec-1] INFO  com.capstone.aspect.LoggerAspect - Method arguments:[Ljava.lang.Object;@765ad79c
2022-10-16 13:57:48 [http-nio-8081-exec-1] INFO  com.capstone.aspect.LoggerAspect - *************************************
2022-10-16 13:57:48 [http-nio-8081-exec-1] INFO  com.capstone.aspect.LoggerAspect - Method name: com.capstone.service.EmiServiceImp
2022-10-16 13:57:48 [http-nio-8081-exec-1] INFO  com.capstone.aspect.LoggerAspect - Method arguments:[Ljava.lang.Object;@76a294af
2022-10-16 13:57:48 [http-nio-8081-exec-1] INFO  com.capstone.aspect.LoggerAspect - *************************************
2022-10-16 13:57:48 [http-nio-8081-exec-1] INFO  com.capstone.aspect.LoggerAspect - During: class com.capstone.service.EmiServiceImp.getEmiData() with arguments=emi [s_no=3, loanaccno=202211021, loan_status=closed, emi_amount=0.0, upcomming_payment_date=2022-12-07, remaining_amount=0.0]
2022-10-16 13:57:48 [http-nio-8081-exec-1] INFO  com.capstone.aspect.LoggerAspect - *************************************
2022-10-16 13:57:48 [http-nio-8081-exec-1] INFO  com.capstone.aspect.LoggerAspect - Method name: com.capstone.service.EmiServiceImp
2022-10-16 13:57:48 [http-nio-8081-exec-1] INFO  com.capstone.aspect.LoggerAspect - Method arguments:[Ljava.lang.Object;@66c75f17
2022-10-16 13:57:48 [http-nio-8081-exec-1] INFO  com.capstone.aspect.LoggerAspect - *************************************
2022-10-16 13:57:48 [http-nio-8081-exec-1] INFO  com.capstone.aspect.LoggerAspect - During: class com.capstone.service.EmiServiceImp.getEmiData() with arguments=emi [s_no=3, loanaccno=202211021, loan_status=closed, emi_amount=0.0, upcomming_payment_date=2022-12-07, remaining_amount=0.0]
2022-10-16 13:57:48 [http-nio-8081-exec-1] INFO  com.capstone.aspect.LoggerAspect - *************************************
2022-10-16 13:57:48 [http-nio-8081-exec-1] INFO  com.capstone.aspect.LoggerAspect - During: class com.capstone.controller.EmiController.getemiofAccount() with arguments=<200 OK OK,emi [s_no=3, loanaccno=202211021, loan_status=closed, emi_amount=0.0, upcomming_payment_date=2022-12-07, remaining_amount=0.0],[]>
2022-10-16 13:57:48 [http-nio-8081-exec-1] INFO  com.capstone.aspect.LoggerAspect - *************************************
2022-10-16 13:57:50 [http-nio-8081-exec-2] WARN  o.s.w.s.m.s.DefaultHandlerExceptionResolver - Resolved [org.springframework.web.method.annotation.MethodArgumentTypeMismatchException: Failed to convert value of type 'java.lang.String' to required type 'int'; nested exception is java.lang.NumberFormatException: For input string: "undefined"]
2022-10-16 13:57:50 [http-nio-8081-exec-3] INFO  com.capstone.aspect.LoggerAspect - Method name: com.capstone.controller.EmiController
2022-10-16 13:57:50 [http-nio-8081-exec-3] INFO  com.capstone.aspect.LoggerAspect - Method arguments:[Ljava.lang.Object;@3851ecca
2022-10-16 13:57:50 [http-nio-8081-exec-3] INFO  com.capstone.aspect.LoggerAspect - *************************************
2022-10-16 13:57:50 [http-nio-8081-exec-3] INFO  com.capstone.aspect.LoggerAspect - Method name: com.capstone.service.EmiServiceImp
2022-10-16 13:57:50 [http-nio-8081-exec-3] INFO  com.capstone.aspect.LoggerAspect - Method arguments:[Ljava.lang.Object;@6611865c
2022-10-16 13:57:50 [http-nio-8081-exec-3] INFO  com.capstone.aspect.LoggerAspect - *************************************
2022-10-16 13:57:50 [http-nio-8081-exec-3] INFO  com.capstone.aspect.LoggerAspect - During: class com.capstone.service.EmiServiceImp.getEmiData() with arguments=emi [s_no=3, loanaccno=202211021, loan_status=closed, emi_amount=0.0, upcomming_payment_date=2022-12-07, remaining_amount=0.0]
2022-10-16 13:57:50 [http-nio-8081-exec-3] INFO  com.capstone.aspect.LoggerAspect - *************************************
2022-10-16 13:57:50 [http-nio-8081-exec-3] INFO  com.capstone.aspect.LoggerAspect - Method name: com.capstone.service.EmiServiceImp
2022-10-16 13:57:50 [http-nio-8081-exec-3] INFO  com.capstone.aspect.LoggerAspect - Method arguments:[Ljava.lang.Object;@11ae8dd
2022-10-16 13:57:50 [http-nio-8081-exec-3] INFO  com.capstone.aspect.LoggerAspect - *************************************
2022-10-16 13:57:50 [http-nio-8081-exec-3] INFO  com.capstone.aspect.LoggerAspect - During: class com.capstone.service.EmiServiceImp.getEmiData() with arguments=emi [s_no=3, loanaccno=202211021, loan_status=closed, emi_amount=0.0, upcomming_payment_date=2022-12-07, remaining_amount=0.0]
2022-10-16 13:57:50 [http-nio-8081-exec-3] INFO  com.capstone.aspect.LoggerAspect - *************************************
2022-10-16 13:57:50 [http-nio-8081-exec-3] INFO  com.capstone.aspect.LoggerAspect - During: class com.capstone.controller.EmiController.getemiofAccount() with arguments=<200 OK OK,emi [s_no=3, loanaccno=202211021, loan_status=closed, emi_amount=0.0, upcomming_payment_date=2022-12-07, remaining_amount=0.0],[]>
2022-10-16 13:57:50 [http-nio-8081-exec-3] INFO  com.capstone.aspect.LoggerAspect - *************************************
2022-10-16 13:57:51 [http-nio-8081-exec-4] WARN  o.s.w.s.m.s.DefaultHandlerExceptionResolver - Resolved [org.springframework.web.method.annotation.MethodArgumentTypeMismatchException: Failed to convert value of type 'java.lang.String' to required type 'int'; nested exception is java.lang.NumberFormatException: For input string: "undefined"]
2022-10-16 13:57:51 [http-nio-8081-exec-5] INFO  com.capstone.aspect.LoggerAspect - Method name: com.capstone.controller.EmiController
2022-10-16 13:57:51 [http-nio-8081-exec-5] INFO  com.capstone.aspect.LoggerAspect - Method arguments:[Ljava.lang.Object;@6b623a4
2022-10-16 13:57:51 [http-nio-8081-exec-5] INFO  com.capstone.aspect.LoggerAspect - *************************************
2022-10-16 13:57:51 [http-nio-8081-exec-5] INFO  com.capstone.aspect.LoggerAspect - Method name: com.capstone.service.EmiServiceImp
2022-10-16 13:57:51 [http-nio-8081-exec-5] INFO  com.capstone.aspect.LoggerAspect - Method arguments:[Ljava.lang.Object;@71bafd29
2022-10-16 13:57:51 [http-nio-8081-exec-5] INFO  com.capstone.aspect.LoggerAspect - *************************************
2022-10-16 13:57:51 [http-nio-8081-exec-5] INFO  com.capstone.aspect.LoggerAspect - During: class com.capstone.service.EmiServiceImp.getEmiData() with arguments=emi [s_no=3, loanaccno=202211021, loan_status=closed, emi_amount=0.0, upcomming_payment_date=2022-12-07, remaining_amount=0.0]
2022-10-16 13:57:51 [http-nio-8081-exec-5] INFO  com.capstone.aspect.LoggerAspect - *************************************
2022-10-16 13:57:51 [http-nio-8081-exec-5] INFO  com.capstone.aspect.LoggerAspect - Method name: com.capstone.service.EmiServiceImp
2022-10-16 13:57:51 [http-nio-8081-exec-5] INFO  com.capstone.aspect.LoggerAspect - Method arguments:[Ljava.lang.Object;@25b915c
2022-10-16 13:57:51 [http-nio-8081-exec-5] INFO  com.capstone.aspect.LoggerAspect - *************************************
2022-10-16 13:57:51 [http-nio-8081-exec-5] INFO  com.capstone.aspect.LoggerAspect - During: class com.capstone.service.EmiServiceImp.getEmiData() with arguments=emi [s_no=3, loanaccno=202211021, loan_status=closed, emi_amount=0.0, upcomming_payment_date=2022-12-07, remaining_amount=0.0]
2022-10-16 13:57:51 [http-nio-8081-exec-5] INFO  com.capstone.aspect.LoggerAspect - *************************************
2022-10-16 13:57:51 [http-nio-8081-exec-5] INFO  com.capstone.aspect.LoggerAspect - During: class com.capstone.controller.EmiController.getemiofAccount() with arguments=<200 OK OK,emi [s_no=3, loanaccno=202211021, loan_status=closed, emi_amount=0.0, upcomming_payment_date=2022-12-07, remaining_amount=0.0],[]>
2022-10-16 13:57:51 [http-nio-8081-exec-5] INFO  com.capstone.aspect.LoggerAspect - *************************************
2022-10-16 13:57:56 [http-nio-8081-exec-6] WARN  o.s.w.s.m.s.DefaultHandlerExceptionResolver - Resolved [org.springframework.web.method.annotation.MethodArgumentTypeMismatchException: Failed to convert value of type 'java.lang.String' to required type 'int'; nested exception is java.lang.NumberFormatException: For input string: "undefined"]
2022-10-16 13:57:56 [http-nio-8081-exec-7] INFO  com.capstone.aspect.LoggerAspect - Method name: com.capstone.controller.EmiController
2022-10-16 13:57:56 [http-nio-8081-exec-7] INFO  com.capstone.aspect.LoggerAspect - Method arguments:[Ljava.lang.Object;@358f2613
2022-10-16 13:57:56 [http-nio-8081-exec-7] INFO  com.capstone.aspect.LoggerAspect - *************************************
2022-10-16 13:57:56 [http-nio-8081-exec-7] INFO  com.capstone.aspect.LoggerAspect - Method name: com.capstone.service.EmiServiceImp
2022-10-16 13:57:56 [http-nio-8081-exec-7] INFO  com.capstone.aspect.LoggerAspect - Method arguments:[Ljava.lang.Object;@485f5cd3
2022-10-16 13:57:56 [http-nio-8081-exec-7] INFO  com.capstone.aspect.LoggerAspect - *************************************
2022-10-16 13:57:56 [http-nio-8081-exec-7] INFO  com.capstone.aspect.LoggerAspect - During: class com.capstone.service.EmiServiceImp.getEmiData() with arguments=emi [s_no=3, loanaccno=202211021, loan_status=closed, emi_amount=0.0, upcomming_payment_date=2022-12-07, remaining_amount=0.0]
2022-10-16 13:57:56 [http-nio-8081-exec-7] INFO  com.capstone.aspect.LoggerAspect - *************************************
2022-10-16 13:57:56 [http-nio-8081-exec-7] INFO  com.capstone.aspect.LoggerAspect - Method name: com.capstone.service.EmiServiceImp
2022-10-16 13:57:56 [http-nio-8081-exec-7] INFO  com.capstone.aspect.LoggerAspect - Method arguments:[Ljava.lang.Object;@2fb6a8ec
2022-10-16 13:57:56 [http-nio-8081-exec-7] INFO  com.capstone.aspect.LoggerAspect - *************************************
2022-10-16 13:57:56 [http-nio-8081-exec-7] INFO  com.capstone.aspect.LoggerAspect - During: class com.capstone.service.EmiServiceImp.getEmiData() with arguments=emi [s_no=3, loanaccno=202211021, loan_status=closed, emi_amount=0.0, upcomming_payment_date=2022-12-07, remaining_amount=0.0]
2022-10-16 13:57:56 [http-nio-8081-exec-7] INFO  com.capstone.aspect.LoggerAspect - *************************************
2022-10-16 13:57:56 [http-nio-8081-exec-7] INFO  com.capstone.aspect.LoggerAspect - During: class com.capstone.controller.EmiController.getemiofAccount() with arguments=<200 OK OK,emi [s_no=3, loanaccno=202211021, loan_status=closed, emi_amount=0.0, upcomming_payment_date=2022-12-07, remaining_amount=0.0],[]>
2022-10-16 13:57:56 [http-nio-8081-exec-7] INFO  com.capstone.aspect.LoggerAspect - *************************************
2022-10-16 13:57:57 [http-nio-8081-exec-9] WARN  o.s.w.s.m.s.DefaultHandlerExceptionResolver - Resolved [org.springframework.web.method.annotation.MethodArgumentTypeMismatchException: Failed to convert value of type 'java.lang.String' to required type 'int'; nested exception is java.lang.NumberFormatException: For input string: "undefined"]
2022-10-16 13:57:57 [http-nio-8081-exec-8] INFO  com.capstone.aspect.LoggerAspect - Method name: com.capstone.controller.EmiController
2022-10-16 13:57:57 [http-nio-8081-exec-8] INFO  com.capstone.aspect.LoggerAspect - Method arguments:[Ljava.lang.Object;@2d9fe71c
2022-10-16 13:57:57 [http-nio-8081-exec-8] INFO  com.capstone.aspect.LoggerAspect - *************************************
2022-10-16 13:57:57 [http-nio-8081-exec-8] INFO  com.capstone.aspect.LoggerAspect - Method name: com.capstone.service.EmiServiceImp
2022-10-16 13:57:57 [http-nio-8081-exec-8] INFO  com.capstone.aspect.LoggerAspect - Method arguments:[Ljava.lang.Object;@713fc3c6
2022-10-16 13:57:57 [http-nio-8081-exec-8] INFO  com.capstone.aspect.LoggerAspect - *************************************
2022-10-16 13:57:57 [http-nio-8081-exec-8] INFO  com.capstone.aspect.LoggerAspect - During: class com.capstone.service.EmiServiceImp.getEmiData() with arguments=emi [s_no=3, loanaccno=202211021, loan_status=closed, emi_amount=0.0, upcomming_payment_date=2022-12-07, remaining_amount=0.0]
2022-10-16 13:57:57 [http-nio-8081-exec-8] INFO  com.capstone.aspect.LoggerAspect - *************************************
2022-10-16 13:57:57 [http-nio-8081-exec-8] INFO  com.capstone.aspect.LoggerAspect - Method name: com.capstone.service.EmiServiceImp
2022-10-16 13:57:57 [http-nio-8081-exec-8] INFO  com.capstone.aspect.LoggerAspect - Method arguments:[Ljava.lang.Object;@2ab030ad
2022-10-16 13:57:57 [http-nio-8081-exec-8] INFO  com.capstone.aspect.LoggerAspect - *************************************
2022-10-16 13:57:57 [http-nio-8081-exec-8] INFO  com.capstone.aspect.LoggerAspect - During: class com.capstone.service.EmiServiceImp.getEmiData() with arguments=emi [s_no=3, loanaccno=202211021, loan_status=closed, emi_amount=0.0, upcomming_payment_date=2022-12-07, remaining_amount=0.0]
2022-10-16 13:57:57 [http-nio-8081-exec-8] INFO  com.capstone.aspect.LoggerAspect - *************************************
2022-10-16 13:57:57 [http-nio-8081-exec-8] INFO  com.capstone.aspect.LoggerAspect - During: class com.capstone.controller.EmiController.getemiofAccount() with arguments=<200 OK OK,emi [s_no=3, loanaccno=202211021, loan_status=closed, emi_amount=0.0, upcomming_payment_date=2022-12-07, remaining_amount=0.0],[]>
2022-10-16 13:57:57 [http-nio-8081-exec-8] INFO  com.capstone.aspect.LoggerAspect - *************************************
2022-10-16 13:58:01 [http-nio-8081-exec-10] WARN  o.s.w.s.m.s.DefaultHandlerExceptionResolver - Resolved [org.springframework.web.method.annotation.MethodArgumentTypeMismatchException: Failed to convert value of type 'java.lang.String' to required type 'int'; nested exception is java.lang.NumberFormatException: For input string: "undefined"]
2022-10-16 13:58:01 [http-nio-8081-exec-1] INFO  com.capstone.aspect.LoggerAspect - Method name: com.capstone.controller.EmiController
2022-10-16 13:58:01 [http-nio-8081-exec-1] INFO  com.capstone.aspect.LoggerAspect - Method arguments:[Ljava.lang.Object;@35919afe
2022-10-16 13:58:01 [http-nio-8081-exec-1] INFO  com.capstone.aspect.LoggerAspect - *************************************
2022-10-16 13:58:01 [http-nio-8081-exec-1] INFO  com.capstone.aspect.LoggerAspect - Method name: com.capstone.service.EmiServiceImp
2022-10-16 13:58:01 [http-nio-8081-exec-1] INFO  com.capstone.aspect.LoggerAspect - Method arguments:[Ljava.lang.Object;@35ee316d
2022-10-16 13:58:01 [http-nio-8081-exec-1] INFO  com.capstone.aspect.LoggerAspect - *************************************
2022-10-16 13:58:01 [http-nio-8081-exec-1] INFO  com.capstone.aspect.LoggerAspect - During: class com.capstone.service.EmiServiceImp.getEmiData() with arguments=emi [s_no=3, loanaccno=202211021, loan_status=closed, emi_amount=0.0, upcomming_payment_date=2022-12-07, remaining_amount=0.0]
2022-10-16 13:58:01 [http-nio-8081-exec-1] INFO  com.capstone.aspect.LoggerAspect - *************************************
2022-10-16 13:58:01 [http-nio-8081-exec-1] INFO  com.capstone.aspect.LoggerAspect - Method name: com.capstone.service.EmiServiceImp
2022-10-16 13:58:01 [http-nio-8081-exec-1] INFO  com.capstone.aspect.LoggerAspect - Method arguments:[Ljava.lang.Object;@72868cad
2022-10-16 13:58:01 [http-nio-8081-exec-1] INFO  com.capstone.aspect.LoggerAspect - *************************************
2022-10-16 13:58:01 [http-nio-8081-exec-1] INFO  com.capstone.aspect.LoggerAspect - During: class com.capstone.service.EmiServiceImp.getEmiData() with arguments=emi [s_no=3, loanaccno=202211021, loan_status=closed, emi_amount=0.0, upcomming_payment_date=2022-12-07, remaining_amount=0.0]
2022-10-16 13:58:01 [http-nio-8081-exec-1] INFO  com.capstone.aspect.LoggerAspect - *************************************
2022-10-16 13:58:01 [http-nio-8081-exec-1] INFO  com.capstone.aspect.LoggerAspect - During: class com.capstone.controller.EmiController.getemiofAccount() with arguments=<200 OK OK,emi [s_no=3, loanaccno=202211021, loan_status=closed, emi_amount=0.0, upcomming_payment_date=2022-12-07, remaining_amount=0.0],[]>
2022-10-16 13:58:01 [http-nio-8081-exec-1] INFO  com.capstone.aspect.LoggerAspect - *************************************
2022-10-16 13:58:08 [http-nio-8081-exec-2] WARN  o.s.w.s.m.s.DefaultHandlerExceptionResolver - Resolved [org.springframework.web.method.annotation.MethodArgumentTypeMismatchException: Failed to convert value of type 'java.lang.String' to required type 'int'; nested exception is java.lang.NumberFormatException: For input string: "undefined"]
2022-10-16 13:58:08 [http-nio-8081-exec-3] INFO  com.capstone.aspect.LoggerAspect - Method name: com.capstone.controller.EmiController
2022-10-16 13:58:08 [http-nio-8081-exec-3] INFO  com.capstone.aspect.LoggerAspect - Method arguments:[Ljava.lang.Object;@40e3cb99
2022-10-16 13:58:08 [http-nio-8081-exec-3] INFO  com.capstone.aspect.LoggerAspect - *************************************
2022-10-16 13:58:08 [http-nio-8081-exec-3] INFO  com.capstone.aspect.LoggerAspect - Method name: com.capstone.service.EmiServiceImp
2022-10-16 13:58:08 [http-nio-8081-exec-3] INFO  com.capstone.aspect.LoggerAspect - Method arguments:[Ljava.lang.Object;@4e816d59
2022-10-16 13:58:08 [http-nio-8081-exec-3] INFO  com.capstone.aspect.LoggerAspect - *************************************
2022-10-16 13:58:08 [http-nio-8081-exec-3] INFO  com.capstone.aspect.LoggerAspect - During: class com.capstone.service.EmiServiceImp.getEmiData() with arguments=emi [s_no=3, loanaccno=202211021, loan_status=closed, emi_amount=0.0, upcomming_payment_date=2022-12-07, remaining_amount=0.0]
2022-10-16 13:58:08 [http-nio-8081-exec-3] INFO  com.capstone.aspect.LoggerAspect - *************************************
2022-10-16 13:58:08 [http-nio-8081-exec-3] INFO  com.capstone.aspect.LoggerAspect - Method name: com.capstone.service.EmiServiceImp
2022-10-16 13:58:08 [http-nio-8081-exec-3] INFO  com.capstone.aspect.LoggerAspect - Method arguments:[Ljava.lang.Object;@10dc5953
2022-10-16 13:58:08 [http-nio-8081-exec-3] INFO  com.capstone.aspect.LoggerAspect - *************************************
2022-10-16 13:58:08 [http-nio-8081-exec-3] INFO  com.capstone.aspect.LoggerAspect - During: class com.capstone.service.EmiServiceImp.getEmiData() with arguments=emi [s_no=3, loanaccno=202211021, loan_status=closed, emi_amount=0.0, upcomming_payment_date=2022-12-07, remaining_amount=0.0]
2022-10-16 13:58:08 [http-nio-8081-exec-3] INFO  com.capstone.aspect.LoggerAspect - *************************************
2022-10-16 13:58:08 [http-nio-8081-exec-3] INFO  com.capstone.aspect.LoggerAspect - During: class com.capstone.controller.EmiController.getemiofAccount() with arguments=<200 OK OK,emi [s_no=3, loanaccno=202211021, loan_status=closed, emi_amount=0.0, upcomming_payment_date=2022-12-07, remaining_amount=0.0],[]>
2022-10-16 13:58:08 [http-nio-8081-exec-3] INFO  com.capstone.aspect.LoggerAspect - *************************************
2022-10-16 13:58:09 [http-nio-8081-exec-4] WARN  o.s.w.s.m.s.DefaultHandlerExceptionResolver - Resolved [org.springframework.web.method.annotation.MethodArgumentTypeMismatchException: Failed to convert value of type 'java.lang.String' to required type 'int'; nested exception is java.lang.NumberFormatException: For input string: "undefined"]
2022-10-16 13:58:09 [http-nio-8081-exec-5] INFO  com.capstone.aspect.LoggerAspect - Method name: com.capstone.controller.EmiController
2022-10-16 13:58:09 [http-nio-8081-exec-5] INFO  com.capstone.aspect.LoggerAspect - Method arguments:[Ljava.lang.Object;@7eb6d2b5
2022-10-16 13:58:09 [http-nio-8081-exec-5] INFO  com.capstone.aspect.LoggerAspect - *************************************
2022-10-16 13:58:09 [http-nio-8081-exec-5] INFO  com.capstone.aspect.LoggerAspect - Method name: com.capstone.service.EmiServiceImp
2022-10-16 13:58:09 [http-nio-8081-exec-5] INFO  com.capstone.aspect.LoggerAspect - Method arguments:[Ljava.lang.Object;@6b6ce4ce
2022-10-16 13:58:09 [http-nio-8081-exec-5] INFO  com.capstone.aspect.LoggerAspect - *************************************
2022-10-16 13:58:09 [http-nio-8081-exec-5] INFO  com.capstone.aspect.LoggerAspect - During: class com.capstone.service.EmiServiceImp.getEmiData() with arguments=emi [s_no=3, loanaccno=202211021, loan_status=closed, emi_amount=0.0, upcomming_payment_date=2022-12-07, remaining_amount=0.0]
2022-10-16 13:58:09 [http-nio-8081-exec-5] INFO  com.capstone.aspect.LoggerAspect - *************************************
2022-10-16 13:58:09 [http-nio-8081-exec-5] INFO  com.capstone.aspect.LoggerAspect - Method name: com.capstone.service.EmiServiceImp
2022-10-16 13:58:09 [http-nio-8081-exec-5] INFO  com.capstone.aspect.LoggerAspect - Method arguments:[Ljava.lang.Object;@5b380150
2022-10-16 13:58:09 [http-nio-8081-exec-5] INFO  com.capstone.aspect.LoggerAspect - *************************************
2022-10-16 13:58:09 [http-nio-8081-exec-5] INFO  com.capstone.aspect.LoggerAspect - During: class com.capstone.service.EmiServiceImp.getEmiData() with arguments=emi [s_no=3, loanaccno=202211021, loan_status=closed, emi_amount=0.0, upcomming_payment_date=2022-12-07, remaining_amount=0.0]
2022-10-16 13:58:09 [http-nio-8081-exec-5] INFO  com.capstone.aspect.LoggerAspect - *************************************
2022-10-16 13:58:09 [http-nio-8081-exec-5] INFO  com.capstone.aspect.LoggerAspect - During: class com.capstone.controller.EmiController.getemiofAccount() with arguments=<200 OK OK,emi [s_no=3, loanaccno=202211021, loan_status=closed, emi_amount=0.0, upcomming_payment_date=2022-12-07, remaining_amount=0.0],[]>
2022-10-16 13:58:09 [http-nio-8081-exec-5] INFO  com.capstone.aspect.LoggerAspect - *************************************
2022-10-16 13:58:15 [http-nio-8081-exec-6] WARN  o.s.w.s.m.s.DefaultHandlerExceptionResolver - Resolved [org.springframework.web.method.annotation.MethodArgumentTypeMismatchException: Failed to convert value of type 'java.lang.String' to required type 'int'; nested exception is java.lang.NumberFormatException: For input string: "undefined"]
2022-10-16 13:58:15 [http-nio-8081-exec-7] INFO  com.capstone.aspect.LoggerAspect - Method name: com.capstone.controller.EmiController
2022-10-16 13:58:15 [http-nio-8081-exec-7] INFO  com.capstone.aspect.LoggerAspect - Method arguments:[Ljava.lang.Object;@4c1b8713
2022-10-16 13:58:15 [http-nio-8081-exec-7] INFO  com.capstone.aspect.LoggerAspect - *************************************
2022-10-16 13:58:15 [http-nio-8081-exec-7] INFO  com.capstone.aspect.LoggerAspect - Method name: com.capstone.service.EmiServiceImp
2022-10-16 13:58:15 [http-nio-8081-exec-7] INFO  com.capstone.aspect.LoggerAspect - Method arguments:[Ljava.lang.Object;@3dd2df6b
2022-10-16 13:58:15 [http-nio-8081-exec-7] INFO  com.capstone.aspect.LoggerAspect - *************************************
2022-10-16 13:58:15 [http-nio-8081-exec-7] INFO  com.capstone.aspect.LoggerAspect - During: class com.capstone.service.EmiServiceImp.getEmiData() with arguments=emi [s_no=3, loanaccno=202211021, loan_status=closed, emi_amount=0.0, upcomming_payment_date=2022-12-07, remaining_amount=0.0]
2022-10-16 13:58:15 [http-nio-8081-exec-7] INFO  com.capstone.aspect.LoggerAspect - *************************************
2022-10-16 13:58:15 [http-nio-8081-exec-7] INFO  com.capstone.aspect.LoggerAspect - Method name: com.capstone.service.EmiServiceImp
2022-10-16 13:58:15 [http-nio-8081-exec-7] INFO  com.capstone.aspect.LoggerAspect - Method arguments:[Ljava.lang.Object;@75758355
2022-10-16 13:58:15 [http-nio-8081-exec-7] INFO  com.capstone.aspect.LoggerAspect - *************************************
2022-10-16 13:58:15 [http-nio-8081-exec-7] INFO  com.capstone.aspect.LoggerAspect - During: class com.capstone.service.EmiServiceImp.getEmiData() with arguments=emi [s_no=3, loanaccno=202211021, loan_status=closed, emi_amount=0.0, upcomming_payment_date=2022-12-07, remaining_amount=0.0]
2022-10-16 13:58:15 [http-nio-8081-exec-7] INFO  com.capstone.aspect.LoggerAspect - *************************************
2022-10-16 13:58:15 [http-nio-8081-exec-7] INFO  com.capstone.aspect.LoggerAspect - During: class com.capstone.controller.EmiController.getemiofAccount() with arguments=<200 OK OK,emi [s_no=3, loanaccno=202211021, loan_status=closed, emi_amount=0.0, upcomming_payment_date=2022-12-07, remaining_amount=0.0],[]>
2022-10-16 13:58:15 [http-nio-8081-exec-7] INFO  com.capstone.aspect.LoggerAspect - *************************************
2022-10-16 13:58:16 [http-nio-8081-exec-9] WARN  o.s.w.s.m.s.DefaultHandlerExceptionResolver - Resolved [org.springframework.web.method.annotation.MethodArgumentTypeMismatchException: Failed to convert value of type 'java.lang.String' to required type 'int'; nested exception is java.lang.NumberFormatException: For input string: "undefined"]
2022-10-16 13:58:16 [http-nio-8081-exec-8] INFO  com.capstone.aspect.LoggerAspect - Method name: com.capstone.controller.EmiController
2022-10-16 13:58:16 [http-nio-8081-exec-8] INFO  com.capstone.aspect.LoggerAspect - Method arguments:[Ljava.lang.Object;@2f8e7d36
2022-10-16 13:58:16 [http-nio-8081-exec-8] INFO  com.capstone.aspect.LoggerAspect - *************************************
2022-10-16 13:58:16 [http-nio-8081-exec-8] INFO  com.capstone.aspect.LoggerAspect - Method name: com.capstone.service.EmiServiceImp
2022-10-16 13:58:16 [http-nio-8081-exec-8] INFO  com.capstone.aspect.LoggerAspect - Method arguments:[Ljava.lang.Object;@716e0558
2022-10-16 13:58:16 [http-nio-8081-exec-8] INFO  com.capstone.aspect.LoggerAspect - *************************************
2022-10-16 13:58:16 [http-nio-8081-exec-8] INFO  com.capstone.aspect.LoggerAspect - During: class com.capstone.service.EmiServiceImp.getEmiData() with arguments=emi [s_no=3, loanaccno=202211021, loan_status=closed, emi_amount=0.0, upcomming_payment_date=2022-12-07, remaining_amount=0.0]
2022-10-16 13:58:16 [http-nio-8081-exec-8] INFO  com.capstone.aspect.LoggerAspect - *************************************
2022-10-16 13:58:16 [http-nio-8081-exec-8] INFO  com.capstone.aspect.LoggerAspect - Method name: com.capstone.service.EmiServiceImp
2022-10-16 13:58:16 [http-nio-8081-exec-8] INFO  com.capstone.aspect.LoggerAspect - Method arguments:[Ljava.lang.Object;@6b09a6eb
2022-10-16 13:58:16 [http-nio-8081-exec-8] INFO  com.capstone.aspect.LoggerAspect - *************************************
2022-10-16 13:58:16 [http-nio-8081-exec-8] INFO  com.capstone.aspect.LoggerAspect - During: class com.capstone.service.EmiServiceImp.getEmiData() with arguments=emi [s_no=3, loanaccno=202211021, loan_status=closed, emi_amount=0.0, upcomming_payment_date=2022-12-07, remaining_amount=0.0]
2022-10-16 13:58:16 [http-nio-8081-exec-8] INFO  com.capstone.aspect.LoggerAspect - *************************************
2022-10-16 13:58:16 [http-nio-8081-exec-8] INFO  com.capstone.aspect.LoggerAspect - During: class com.capstone.controller.EmiController.getemiofAccount() with arguments=<200 OK OK,emi [s_no=3, loanaccno=202211021, loan_status=closed, emi_amount=0.0, upcomming_payment_date=2022-12-07, remaining_amount=0.0],[]>
2022-10-16 13:58:16 [http-nio-8081-exec-8] INFO  com.capstone.aspect.LoggerAspect - *************************************
2022-10-16 13:58:42 [http-nio-8081-exec-10] WARN  o.s.w.s.m.s.DefaultHandlerExceptionResolver - Resolved [org.springframework.web.method.annotation.MethodArgumentTypeMismatchException: Failed to convert value of type 'java.lang.String' to required type 'int'; nested exception is java.lang.NumberFormatException: For input string: "undefined"]
2022-10-16 13:58:42 [http-nio-8081-exec-1] INFO  com.capstone.aspect.LoggerAspect - Method name: com.capstone.controller.EmiController
2022-10-16 13:58:42 [http-nio-8081-exec-1] INFO  com.capstone.aspect.LoggerAspect - Method arguments:[Ljava.lang.Object;@199679e7
2022-10-16 13:58:42 [http-nio-8081-exec-1] INFO  com.capstone.aspect.LoggerAspect - *************************************
2022-10-16 13:58:42 [http-nio-8081-exec-1] INFO  com.capstone.aspect.LoggerAspect - Method name: com.capstone.service.EmiServiceImp
2022-10-16 13:58:42 [http-nio-8081-exec-1] INFO  com.capstone.aspect.LoggerAspect - Method arguments:[Ljava.lang.Object;@22400ce
2022-10-16 13:58:42 [http-nio-8081-exec-1] INFO  com.capstone.aspect.LoggerAspect - *************************************
2022-10-16 13:58:42 [http-nio-8081-exec-1] INFO  com.capstone.aspect.LoggerAspect - During: class com.capstone.service.EmiServiceImp.getEmiData() with arguments=emi [s_no=3, loanaccno=202211021, loan_status=closed, emi_amount=0.0, upcomming_payment_date=2022-12-07, remaining_amount=0.0]
2022-10-16 13:58:42 [http-nio-8081-exec-1] INFO  com.capstone.aspect.LoggerAspect - *************************************
2022-10-16 13:58:42 [http-nio-8081-exec-1] INFO  com.capstone.aspect.LoggerAspect - Method name: com.capstone.service.EmiServiceImp
2022-10-16 13:58:42 [http-nio-8081-exec-1] INFO  com.capstone.aspect.LoggerAspect - Method arguments:[Ljava.lang.Object;@3999c208
2022-10-16 13:58:42 [http-nio-8081-exec-1] INFO  com.capstone.aspect.LoggerAspect - *************************************
2022-10-16 13:58:42 [http-nio-8081-exec-1] INFO  com.capstone.aspect.LoggerAspect - During: class com.capstone.service.EmiServiceImp.getEmiData() with arguments=emi [s_no=3, loanaccno=202211021, loan_status=closed, emi_amount=0.0, upcomming_payment_date=2022-12-07, remaining_amount=0.0]
2022-10-16 13:58:42 [http-nio-8081-exec-1] INFO  com.capstone.aspect.LoggerAspect - *************************************
2022-10-16 13:58:42 [http-nio-8081-exec-1] INFO  com.capstone.aspect.LoggerAspect - During: class com.capstone.controller.EmiController.getemiofAccount() with arguments=<200 OK OK,emi [s_no=3, loanaccno=202211021, loan_status=closed, emi_amount=0.0, upcomming_payment_date=2022-12-07, remaining_amount=0.0],[]>
2022-10-16 13:58:42 [http-nio-8081-exec-1] INFO  com.capstone.aspect.LoggerAspect - *************************************
2022-10-16 13:59:29 [AsyncResolver-bootstrap-executor-0] INFO  c.n.d.s.r.aws.ConfigClusterResolver - Resolving eureka endpoints via configuration
2022-10-16 13:59:40 [http-nio-8081-exec-2] WARN  o.s.w.s.m.s.DefaultHandlerExceptionResolver - Resolved [org.springframework.web.method.annotation.MethodArgumentTypeMismatchException: Failed to convert value of type 'java.lang.String' to required type 'int'; nested exception is java.lang.NumberFormatException: For input string: "undefined"]
2022-10-16 13:59:40 [http-nio-8081-exec-3] INFO  com.capstone.aspect.LoggerAspect - Method name: com.capstone.controller.EmiController
2022-10-16 13:59:40 [http-nio-8081-exec-3] INFO  com.capstone.aspect.LoggerAspect - Method arguments:[Ljava.lang.Object;@62764bc5
2022-10-16 13:59:40 [http-nio-8081-exec-3] INFO  com.capstone.aspect.LoggerAspect - *************************************
2022-10-16 13:59:40 [http-nio-8081-exec-3] INFO  com.capstone.aspect.LoggerAspect - Method name: com.capstone.service.EmiServiceImp
2022-10-16 13:59:40 [http-nio-8081-exec-3] INFO  com.capstone.aspect.LoggerAspect - Method arguments:[Ljava.lang.Object;@247b31dd
2022-10-16 13:59:40 [http-nio-8081-exec-3] INFO  com.capstone.aspect.LoggerAspect - *************************************
2022-10-16 13:59:40 [http-nio-8081-exec-3] INFO  com.capstone.aspect.LoggerAspect - During: class com.capstone.service.EmiServiceImp.getEmiData() with arguments=emi [s_no=3, loanaccno=202211021, loan_status=closed, emi_amount=0.0, upcomming_payment_date=2022-12-07, remaining_amount=0.0]
2022-10-16 13:59:40 [http-nio-8081-exec-3] INFO  com.capstone.aspect.LoggerAspect - *************************************
2022-10-16 13:59:40 [http-nio-8081-exec-3] INFO  com.capstone.aspect.LoggerAspect - Method name: com.capstone.service.EmiServiceImp
2022-10-16 13:59:40 [http-nio-8081-exec-3] INFO  com.capstone.aspect.LoggerAspect - Method arguments:[Ljava.lang.Object;@7bc7e9cf
2022-10-16 13:59:40 [http-nio-8081-exec-3] INFO  com.capstone.aspect.LoggerAspect - *************************************
2022-10-16 13:59:40 [http-nio-8081-exec-3] INFO  com.capstone.aspect.LoggerAspect - During: class com.capstone.service.EmiServiceImp.getEmiData() with arguments=emi [s_no=3, loanaccno=202211021, loan_status=closed, emi_amount=0.0, upcomming_payment_date=2022-12-07, remaining_amount=0.0]
2022-10-16 13:59:40 [http-nio-8081-exec-3] INFO  com.capstone.aspect.LoggerAspect - *************************************
2022-10-16 13:59:40 [http-nio-8081-exec-3] INFO  com.capstone.aspect.LoggerAspect - During: class com.capstone.controller.EmiController.getemiofAccount() with arguments=<200 OK OK,emi [s_no=3, loanaccno=202211021, loan_status=closed, emi_amount=0.0, upcomming_payment_date=2022-12-07, remaining_amount=0.0],[]>
2022-10-16 13:59:40 [http-nio-8081-exec-3] INFO  com.capstone.aspect.LoggerAspect - *************************************
2022-10-16 13:59:41 [http-nio-8081-exec-4] WARN  o.s.w.s.m.s.DefaultHandlerExceptionResolver - Resolved [org.springframework.web.method.annotation.MethodArgumentTypeMismatchException: Failed to convert value of type 'java.lang.String' to required type 'int'; nested exception is java.lang.NumberFormatException: For input string: "undefined"]
2022-10-16 13:59:42 [http-nio-8081-exec-5] INFO  com.capstone.aspect.LoggerAspect - Method name: com.capstone.controller.EmiController
2022-10-16 13:59:42 [http-nio-8081-exec-5] INFO  com.capstone.aspect.LoggerAspect - Method arguments:[Ljava.lang.Object;@e32c395
2022-10-16 13:59:42 [http-nio-8081-exec-5] INFO  com.capstone.aspect.LoggerAspect - *************************************
2022-10-16 13:59:42 [http-nio-8081-exec-5] INFO  com.capstone.aspect.LoggerAspect - Method name: com.capstone.service.EmiServiceImp
2022-10-16 13:59:42 [http-nio-8081-exec-5] INFO  com.capstone.aspect.LoggerAspect - Method arguments:[Ljava.lang.Object;@5d74cd49
2022-10-16 13:59:42 [http-nio-8081-exec-5] INFO  com.capstone.aspect.LoggerAspect - *************************************
2022-10-16 13:59:42 [http-nio-8081-exec-5] INFO  com.capstone.aspect.LoggerAspect - During: class com.capstone.service.EmiServiceImp.getEmiData() with arguments=emi [s_no=3, loanaccno=202211021, loan_status=closed, emi_amount=0.0, upcomming_payment_date=2022-12-07, remaining_amount=0.0]
2022-10-16 13:59:42 [http-nio-8081-exec-5] INFO  com.capstone.aspect.LoggerAspect - *************************************
2022-10-16 13:59:42 [http-nio-8081-exec-5] INFO  com.capstone.aspect.LoggerAspect - Method name: com.capstone.service.EmiServiceImp
2022-10-16 13:59:42 [http-nio-8081-exec-5] INFO  com.capstone.aspect.LoggerAspect - Method arguments:[Ljava.lang.Object;@b0d6ba7
2022-10-16 13:59:42 [http-nio-8081-exec-5] INFO  com.capstone.aspect.LoggerAspect - *************************************
2022-10-16 13:59:42 [http-nio-8081-exec-5] INFO  com.capstone.aspect.LoggerAspect - During: class com.capstone.service.EmiServiceImp.getEmiData() with arguments=emi [s_no=3, loanaccno=202211021, loan_status=closed, emi_amount=0.0, upcomming_payment_date=2022-12-07, remaining_amount=0.0]
2022-10-16 13:59:42 [http-nio-8081-exec-5] INFO  com.capstone.aspect.LoggerAspect - *************************************
2022-10-16 13:59:42 [http-nio-8081-exec-5] INFO  com.capstone.aspect.LoggerAspect - During: class com.capstone.controller.EmiController.getemiofAccount() with arguments=<200 OK OK,emi [s_no=3, loanaccno=202211021, loan_status=closed, emi_amount=0.0, upcomming_payment_date=2022-12-07, remaining_amount=0.0],[]>
2022-10-16 13:59:42 [http-nio-8081-exec-5] INFO  com.capstone.aspect.LoggerAspect - *************************************
2022-10-16 13:59:53 [http-nio-8081-exec-6] WARN  o.s.w.s.m.s.DefaultHandlerExceptionResolver - Resolved [org.springframework.web.method.annotation.MethodArgumentTypeMismatchException: Failed to convert value of type 'java.lang.String' to required type 'int'; nested exception is java.lang.NumberFormatException: For input string: "undefined"]
2022-10-16 13:59:53 [http-nio-8081-exec-7] INFO  com.capstone.aspect.LoggerAspect - Method name: com.capstone.controller.EmiController
2022-10-16 13:59:53 [http-nio-8081-exec-7] INFO  com.capstone.aspect.LoggerAspect - Method arguments:[Ljava.lang.Object;@55cdd48a
2022-10-16 13:59:53 [http-nio-8081-exec-7] INFO  com.capstone.aspect.LoggerAspect - *************************************
2022-10-16 13:59:53 [http-nio-8081-exec-7] INFO  com.capstone.aspect.LoggerAspect - Method name: com.capstone.service.EmiServiceImp
2022-10-16 13:59:53 [http-nio-8081-exec-7] INFO  com.capstone.aspect.LoggerAspect - Method arguments:[Ljava.lang.Object;@3eb64a30
2022-10-16 13:59:53 [http-nio-8081-exec-7] INFO  com.capstone.aspect.LoggerAspect - *************************************
2022-10-16 13:59:53 [http-nio-8081-exec-7] INFO  com.capstone.aspect.LoggerAspect - During: class com.capstone.service.EmiServiceImp.getEmiData() with arguments=emi [s_no=3, loanaccno=202211021, loan_status=closed, emi_amount=0.0, upcomming_payment_date=2022-12-07, remaining_amount=0.0]
2022-10-16 13:59:53 [http-nio-8081-exec-7] INFO  com.capstone.aspect.LoggerAspect - *************************************
2022-10-16 13:59:53 [http-nio-8081-exec-7] INFO  com.capstone.aspect.LoggerAspect - Method name: com.capstone.service.EmiServiceImp
2022-10-16 13:59:53 [http-nio-8081-exec-7] INFO  com.capstone.aspect.LoggerAspect - Method arguments:[Ljava.lang.Object;@38f6304e
2022-10-16 13:59:53 [http-nio-8081-exec-7] INFO  com.capstone.aspect.LoggerAspect - *************************************
2022-10-16 13:59:53 [http-nio-8081-exec-7] INFO  com.capstone.aspect.LoggerAspect - During: class com.capstone.service.EmiServiceImp.getEmiData() with arguments=emi [s_no=3, loanaccno=202211021, loan_status=closed, emi_amount=0.0, upcomming_payment_date=2022-12-07, remaining_amount=0.0]
2022-10-16 13:59:53 [http-nio-8081-exec-7] INFO  com.capstone.aspect.LoggerAspect - *************************************
2022-10-16 13:59:53 [http-nio-8081-exec-7] INFO  com.capstone.aspect.LoggerAspect - During: class com.capstone.controller.EmiController.getemiofAccount() with arguments=<200 OK OK,emi [s_no=3, loanaccno=202211021, loan_status=closed, emi_amount=0.0, upcomming_payment_date=2022-12-07, remaining_amount=0.0],[]>
2022-10-16 13:59:53 [http-nio-8081-exec-7] INFO  com.capstone.aspect.LoggerAspect - *************************************
2022-10-16 13:59:55 [http-nio-8081-exec-9] WARN  o.s.w.s.m.s.DefaultHandlerExceptionResolver - Resolved [org.springframework.web.method.annotation.MethodArgumentTypeMismatchException: Failed to convert value of type 'java.lang.String' to required type 'int'; nested exception is java.lang.NumberFormatException: For input string: "undefined"]
2022-10-16 13:59:55 [http-nio-8081-exec-8] INFO  com.capstone.aspect.LoggerAspect - Method name: com.capstone.controller.EmiController
2022-10-16 13:59:55 [http-nio-8081-exec-8] INFO  com.capstone.aspect.LoggerAspect - Method arguments:[Ljava.lang.Object;@edcbd45
2022-10-16 13:59:55 [http-nio-8081-exec-8] INFO  com.capstone.aspect.LoggerAspect - *************************************
2022-10-16 13:59:55 [http-nio-8081-exec-8] INFO  com.capstone.aspect.LoggerAspect - Method name: com.capstone.service.EmiServiceImp
2022-10-16 13:59:55 [http-nio-8081-exec-8] INFO  com.capstone.aspect.LoggerAspect - Method arguments:[Ljava.lang.Object;@6dc791e9
2022-10-16 13:59:55 [http-nio-8081-exec-8] INFO  com.capstone.aspect.LoggerAspect - *************************************
2022-10-16 13:59:55 [http-nio-8081-exec-8] INFO  com.capstone.aspect.LoggerAspect - During: class com.capstone.service.EmiServiceImp.getEmiData() with arguments=emi [s_no=3, loanaccno=202211021, loan_status=closed, emi_amount=0.0, upcomming_payment_date=2022-12-07, remaining_amount=0.0]
2022-10-16 13:59:55 [http-nio-8081-exec-8] INFO  com.capstone.aspect.LoggerAspect - *************************************
2022-10-16 13:59:55 [http-nio-8081-exec-8] INFO  com.capstone.aspect.LoggerAspect - Method name: com.capstone.service.EmiServiceImp
2022-10-16 13:59:55 [http-nio-8081-exec-8] INFO  com.capstone.aspect.LoggerAspect - Method arguments:[Ljava.lang.Object;@1542d81f
2022-10-16 13:59:55 [http-nio-8081-exec-8] INFO  com.capstone.aspect.LoggerAspect - *************************************
2022-10-16 13:59:55 [http-nio-8081-exec-8] INFO  com.capstone.aspect.LoggerAspect - During: class com.capstone.service.EmiServiceImp.getEmiData() with arguments=emi [s_no=3, loanaccno=202211021, loan_status=closed, emi_amount=0.0, upcomming_payment_date=2022-12-07, remaining_amount=0.0]
2022-10-16 13:59:55 [http-nio-8081-exec-8] INFO  com.capstone.aspect.LoggerAspect - *************************************
2022-10-16 13:59:55 [http-nio-8081-exec-8] INFO  com.capstone.aspect.LoggerAspect - During: class com.capstone.controller.EmiController.getemiofAccount() with arguments=<200 OK OK,emi [s_no=3, loanaccno=202211021, loan_status=closed, emi_amount=0.0, upcomming_payment_date=2022-12-07, remaining_amount=0.0],[]>
2022-10-16 13:59:55 [http-nio-8081-exec-8] INFO  com.capstone.aspect.LoggerAspect - *************************************
2022-10-16 14:00:03 [http-nio-8081-exec-10] WARN  o.s.w.s.m.s.DefaultHandlerExceptionResolver - Resolved [org.springframework.web.method.annotation.MethodArgumentTypeMismatchException: Failed to convert value of type 'java.lang.String' to required type 'int'; nested exception is java.lang.NumberFormatException: For input string: "undefined"]
2022-10-16 14:00:03 [http-nio-8081-exec-1] INFO  com.capstone.aspect.LoggerAspect - Method name: com.capstone.controller.EmiController
2022-10-16 14:00:03 [http-nio-8081-exec-1] INFO  com.capstone.aspect.LoggerAspect - Method arguments:[Ljava.lang.Object;@c71ede6
2022-10-16 14:00:03 [http-nio-8081-exec-1] INFO  com.capstone.aspect.LoggerAspect - *************************************
2022-10-16 14:00:03 [http-nio-8081-exec-1] INFO  com.capstone.aspect.LoggerAspect - Method name: com.capstone.service.EmiServiceImp
2022-10-16 14:00:03 [http-nio-8081-exec-1] INFO  com.capstone.aspect.LoggerAspect - Method arguments:[Ljava.lang.Object;@380fee69
2022-10-16 14:00:03 [http-nio-8081-exec-1] INFO  com.capstone.aspect.LoggerAspect - *************************************
2022-10-16 14:00:03 [http-nio-8081-exec-1] INFO  com.capstone.aspect.LoggerAspect - During: class com.capstone.service.EmiServiceImp.getEmiData() with arguments=emi [s_no=3, loanaccno=202211021, loan_status=closed, emi_amount=0.0, upcomming_payment_date=2022-12-07, remaining_amount=0.0]
2022-10-16 14:00:03 [http-nio-8081-exec-1] INFO  com.capstone.aspect.LoggerAspect - *************************************
2022-10-16 14:00:03 [http-nio-8081-exec-1] INFO  com.capstone.aspect.LoggerAspect - Method name: com.capstone.service.EmiServiceImp
2022-10-16 14:00:03 [http-nio-8081-exec-1] INFO  com.capstone.aspect.LoggerAspect - Method arguments:[Ljava.lang.Object;@18074356
2022-10-16 14:00:03 [http-nio-8081-exec-1] INFO  com.capstone.aspect.LoggerAspect - *************************************
2022-10-16 14:00:03 [http-nio-8081-exec-1] INFO  com.capstone.aspect.LoggerAspect - During: class com.capstone.service.EmiServiceImp.getEmiData() with arguments=emi [s_no=3, loanaccno=202211021, loan_status=closed, emi_amount=0.0, upcomming_payment_date=2022-12-07, remaining_amount=0.0]
2022-10-16 14:00:03 [http-nio-8081-exec-1] INFO  com.capstone.aspect.LoggerAspect - *************************************
2022-10-16 14:00:03 [http-nio-8081-exec-1] INFO  com.capstone.aspect.LoggerAspect - During: class com.capstone.controller.EmiController.getemiofAccount() with arguments=<200 OK OK,emi [s_no=3, loanaccno=202211021, loan_status=closed, emi_amount=0.0, upcomming_payment_date=2022-12-07, remaining_amount=0.0],[]>
2022-10-16 14:00:03 [http-nio-8081-exec-1] INFO  com.capstone.aspect.LoggerAspect - *************************************
2022-10-16 14:00:05 [http-nio-8081-exec-2] WARN  o.s.w.s.m.s.DefaultHandlerExceptionResolver - Resolved [org.springframework.web.method.annotation.MethodArgumentTypeMismatchException: Failed to convert value of type 'java.lang.String' to required type 'int'; nested exception is java.lang.NumberFormatException: For input string: "undefined"]
2022-10-16 14:00:05 [http-nio-8081-exec-3] INFO  com.capstone.aspect.LoggerAspect - Method name: com.capstone.controller.EmiController
2022-10-16 14:00:05 [http-nio-8081-exec-3] INFO  com.capstone.aspect.LoggerAspect - Method arguments:[Ljava.lang.Object;@9730854
2022-10-16 14:00:05 [http-nio-8081-exec-3] INFO  com.capstone.aspect.LoggerAspect - *************************************
2022-10-16 14:00:05 [http-nio-8081-exec-3] INFO  com.capstone.aspect.LoggerAspect - Method name: com.capstone.service.EmiServiceImp
2022-10-16 14:00:05 [http-nio-8081-exec-3] INFO  com.capstone.aspect.LoggerAspect - Method arguments:[Ljava.lang.Object;@48b180b1
2022-10-16 14:00:05 [http-nio-8081-exec-3] INFO  com.capstone.aspect.LoggerAspect - *************************************
2022-10-16 14:00:05 [http-nio-8081-exec-3] INFO  com.capstone.aspect.LoggerAspect - During: class com.capstone.service.EmiServiceImp.getEmiData() with arguments=emi [s_no=3, loanaccno=202211021, loan_status=closed, emi_amount=0.0, upcomming_payment_date=2022-12-07, remaining_amount=0.0]
2022-10-16 14:00:05 [http-nio-8081-exec-3] INFO  com.capstone.aspect.LoggerAspect - *************************************
2022-10-16 14:00:05 [http-nio-8081-exec-3] INFO  com.capstone.aspect.LoggerAspect - Method name: com.capstone.service.EmiServiceImp
2022-10-16 14:00:05 [http-nio-8081-exec-3] INFO  com.capstone.aspect.LoggerAspect - Method arguments:[Ljava.lang.Object;@61b5367d
2022-10-16 14:00:05 [http-nio-8081-exec-3] INFO  com.capstone.aspect.LoggerAspect - *************************************
2022-10-16 14:00:05 [http-nio-8081-exec-3] INFO  com.capstone.aspect.LoggerAspect - During: class com.capstone.service.EmiServiceImp.getEmiData() with arguments=emi [s_no=3, loanaccno=202211021, loan_status=closed, emi_amount=0.0, upcomming_payment_date=2022-12-07, remaining_amount=0.0]
2022-10-16 14:00:05 [http-nio-8081-exec-3] INFO  com.capstone.aspect.LoggerAspect - *************************************
2022-10-16 14:00:05 [http-nio-8081-exec-3] INFO  com.capstone.aspect.LoggerAspect - During: class com.capstone.controller.EmiController.getemiofAccount() with arguments=<200 OK OK,emi [s_no=3, loanaccno=202211021, loan_status=closed, emi_amount=0.0, upcomming_payment_date=2022-12-07, remaining_amount=0.0],[]>
2022-10-16 14:00:05 [http-nio-8081-exec-3] INFO  com.capstone.aspect.LoggerAspect - *************************************
2022-10-16 14:00:07 [http-nio-8081-exec-4] WARN  o.s.w.s.m.s.DefaultHandlerExceptionResolver - Resolved [org.springframework.web.method.annotation.MethodArgumentTypeMismatchException: Failed to convert value of type 'java.lang.String' to required type 'int'; nested exception is java.lang.NumberFormatException: For input string: "undefined"]
2022-10-16 14:00:07 [http-nio-8081-exec-5] INFO  com.capstone.aspect.LoggerAspect - Method name: com.capstone.controller.EmiController
2022-10-16 14:00:07 [http-nio-8081-exec-5] INFO  com.capstone.aspect.LoggerAspect - Method arguments:[Ljava.lang.Object;@7339d27c
2022-10-16 14:00:07 [http-nio-8081-exec-5] INFO  com.capstone.aspect.LoggerAspect - *************************************
2022-10-16 14:00:07 [http-nio-8081-exec-5] INFO  com.capstone.aspect.LoggerAspect - Method name: com.capstone.service.EmiServiceImp
2022-10-16 14:00:07 [http-nio-8081-exec-5] INFO  com.capstone.aspect.LoggerAspect - Method arguments:[Ljava.lang.Object;@759ae61f
2022-10-16 14:00:07 [http-nio-8081-exec-5] INFO  com.capstone.aspect.LoggerAspect - *************************************
2022-10-16 14:00:07 [http-nio-8081-exec-5] INFO  com.capstone.aspect.LoggerAspect - During: class com.capstone.service.EmiServiceImp.getEmiData() with arguments=emi [s_no=3, loanaccno=202211021, loan_status=closed, emi_amount=0.0, upcomming_payment_date=2022-12-07, remaining_amount=0.0]
2022-10-16 14:00:07 [http-nio-8081-exec-5] INFO  com.capstone.aspect.LoggerAspect - *************************************
2022-10-16 14:00:07 [http-nio-8081-exec-5] INFO  com.capstone.aspect.LoggerAspect - Method name: com.capstone.service.EmiServiceImp
2022-10-16 14:00:07 [http-nio-8081-exec-5] INFO  com.capstone.aspect.LoggerAspect - Method arguments:[Ljava.lang.Object;@56345a41
2022-10-16 14:00:07 [http-nio-8081-exec-5] INFO  com.capstone.aspect.LoggerAspect - *************************************
2022-10-16 14:00:07 [http-nio-8081-exec-5] INFO  com.capstone.aspect.LoggerAspect - During: class com.capstone.service.EmiServiceImp.getEmiData() with arguments=emi [s_no=3, loanaccno=202211021, loan_status=closed, emi_amount=0.0, upcomming_payment_date=2022-12-07, remaining_amount=0.0]
2022-10-16 14:00:07 [http-nio-8081-exec-5] INFO  com.capstone.aspect.LoggerAspect - *************************************
2022-10-16 14:00:07 [http-nio-8081-exec-5] INFO  com.capstone.aspect.LoggerAspect - During: class com.capstone.controller.EmiController.getemiofAccount() with arguments=<200 OK OK,emi [s_no=3, loanaccno=202211021, loan_status=closed, emi_amount=0.0, upcomming_payment_date=2022-12-07, remaining_amount=0.0],[]>
2022-10-16 14:00:07 [http-nio-8081-exec-5] INFO  com.capstone.aspect.LoggerAspect - *************************************
2022-10-16 14:00:09 [http-nio-8081-exec-6] WARN  o.s.w.s.m.s.DefaultHandlerExceptionResolver - Resolved [org.springframework.web.method.annotation.MethodArgumentTypeMismatchException: Failed to convert value of type 'java.lang.String' to required type 'int'; nested exception is java.lang.NumberFormatException: For input string: "undefined"]
2022-10-16 14:00:09 [http-nio-8081-exec-7] INFO  com.capstone.aspect.LoggerAspect - Method name: com.capstone.controller.EmiController
2022-10-16 14:00:09 [http-nio-8081-exec-7] INFO  com.capstone.aspect.LoggerAspect - Method arguments:[Ljava.lang.Object;@3c5c2224
2022-10-16 14:00:09 [http-nio-8081-exec-7] INFO  com.capstone.aspect.LoggerAspect - *************************************
2022-10-16 14:00:09 [http-nio-8081-exec-7] INFO  com.capstone.aspect.LoggerAspect - Method name: com.capstone.service.EmiServiceImp
2022-10-16 14:00:09 [http-nio-8081-exec-7] INFO  com.capstone.aspect.LoggerAspect - Method arguments:[Ljava.lang.Object;@667da4d3
2022-10-16 14:00:09 [http-nio-8081-exec-7] INFO  com.capstone.aspect.LoggerAspect - *************************************
2022-10-16 14:00:09 [http-nio-8081-exec-7] INFO  com.capstone.aspect.LoggerAspect - During: class com.capstone.service.EmiServiceImp.getEmiData() with arguments=emi [s_no=3, loanaccno=202211021, loan_status=closed, emi_amount=0.0, upcomming_payment_date=2022-12-07, remaining_amount=0.0]
2022-10-16 14:00:09 [http-nio-8081-exec-7] INFO  com.capstone.aspect.LoggerAspect - *************************************
2022-10-16 14:00:09 [http-nio-8081-exec-7] INFO  com.capstone.aspect.LoggerAspect - Method name: com.capstone.service.EmiServiceImp
2022-10-16 14:00:09 [http-nio-8081-exec-7] INFO  com.capstone.aspect.LoggerAspect - Method arguments:[Ljava.lang.Object;@73355eab
2022-10-16 14:00:09 [http-nio-8081-exec-7] INFO  com.capstone.aspect.LoggerAspect - *************************************
2022-10-16 14:00:09 [http-nio-8081-exec-7] INFO  com.capstone.aspect.LoggerAspect - During: class com.capstone.service.EmiServiceImp.getEmiData() with arguments=emi [s_no=3, loanaccno=202211021, loan_status=closed, emi_amount=0.0, upcomming_payment_date=2022-12-07, remaining_amount=0.0]
2022-10-16 14:00:09 [http-nio-8081-exec-7] INFO  com.capstone.aspect.LoggerAspect - *************************************
2022-10-16 14:00:09 [http-nio-8081-exec-7] INFO  com.capstone.aspect.LoggerAspect - During: class com.capstone.controller.EmiController.getemiofAccount() with arguments=<200 OK OK,emi [s_no=3, loanaccno=202211021, loan_status=closed, emi_amount=0.0, upcomming_payment_date=2022-12-07, remaining_amount=0.0],[]>
2022-10-16 14:00:09 [http-nio-8081-exec-7] INFO  com.capstone.aspect.LoggerAspect - *************************************
2022-10-16 14:00:12 [http-nio-8081-exec-9] WARN  o.s.w.s.m.s.DefaultHandlerExceptionResolver - Resolved [org.springframework.web.method.annotation.MethodArgumentTypeMismatchException: Failed to convert value of type 'java.lang.String' to required type 'int'; nested exception is java.lang.NumberFormatException: For input string: "undefined"]
2022-10-16 14:00:12 [http-nio-8081-exec-8] INFO  com.capstone.aspect.LoggerAspect - Method name: com.capstone.controller.EmiController
2022-10-16 14:00:12 [http-nio-8081-exec-8] INFO  com.capstone.aspect.LoggerAspect - Method arguments:[Ljava.lang.Object;@797e92c6
2022-10-16 14:00:12 [http-nio-8081-exec-8] INFO  com.capstone.aspect.LoggerAspect - *************************************
2022-10-16 14:00:12 [http-nio-8081-exec-8] INFO  com.capstone.aspect.LoggerAspect - Method name: com.capstone.service.EmiServiceImp
2022-10-16 14:00:12 [http-nio-8081-exec-8] INFO  com.capstone.aspect.LoggerAspect - Method arguments:[Ljava.lang.Object;@2769bdf
2022-10-16 14:00:12 [http-nio-8081-exec-8] INFO  com.capstone.aspect.LoggerAspect - *************************************
2022-10-16 14:00:12 [http-nio-8081-exec-8] INFO  com.capstone.aspect.LoggerAspect - During: class com.capstone.service.EmiServiceImp.getEmiData() with arguments=emi [s_no=3, loanaccno=202211021, loan_status=closed, emi_amount=0.0, upcomming_payment_date=2022-12-07, remaining_amount=0.0]
2022-10-16 14:00:12 [http-nio-8081-exec-8] INFO  com.capstone.aspect.LoggerAspect - *************************************
2022-10-16 14:00:12 [http-nio-8081-exec-8] INFO  com.capstone.aspect.LoggerAspect - Method name: com.capstone.service.EmiServiceImp
2022-10-16 14:00:12 [http-nio-8081-exec-8] INFO  com.capstone.aspect.LoggerAspect - Method arguments:[Ljava.lang.Object;@b8ae128
2022-10-16 14:00:12 [http-nio-8081-exec-8] INFO  com.capstone.aspect.LoggerAspect - *************************************
2022-10-16 14:00:12 [http-nio-8081-exec-8] INFO  com.capstone.aspect.LoggerAspect - During: class com.capstone.service.EmiServiceImp.getEmiData() with arguments=emi [s_no=3, loanaccno=202211021, loan_status=closed, emi_amount=0.0, upcomming_payment_date=2022-12-07, remaining_amount=0.0]
2022-10-16 14:00:12 [http-nio-8081-exec-8] INFO  com.capstone.aspect.LoggerAspect - *************************************
2022-10-16 14:00:12 [http-nio-8081-exec-8] INFO  com.capstone.aspect.LoggerAspect - During: class com.capstone.controller.EmiController.getemiofAccount() with arguments=<200 OK OK,emi [s_no=3, loanaccno=202211021, loan_status=closed, emi_amount=0.0, upcomming_payment_date=2022-12-07, remaining_amount=0.0],[]>
2022-10-16 14:00:12 [http-nio-8081-exec-8] INFO  com.capstone.aspect.LoggerAspect - *************************************
2022-10-16 14:00:21 [http-nio-8081-exec-10] WARN  o.s.w.s.m.s.DefaultHandlerExceptionResolver - Resolved [org.springframework.web.method.annotation.MethodArgumentTypeMismatchException: Failed to convert value of type 'java.lang.String' to required type 'int'; nested exception is java.lang.NumberFormatException: For input string: "undefined"]
2022-10-16 14:00:21 [http-nio-8081-exec-1] INFO  com.capstone.aspect.LoggerAspect - Method name: com.capstone.controller.EmiController
2022-10-16 14:00:21 [http-nio-8081-exec-1] INFO  com.capstone.aspect.LoggerAspect - Method arguments:[Ljava.lang.Object;@2bb4ece9
2022-10-16 14:00:21 [http-nio-8081-exec-1] INFO  com.capstone.aspect.LoggerAspect - *************************************
2022-10-16 14:00:21 [http-nio-8081-exec-1] INFO  com.capstone.aspect.LoggerAspect - Method name: com.capstone.service.EmiServiceImp
2022-10-16 14:00:21 [http-nio-8081-exec-1] INFO  com.capstone.aspect.LoggerAspect - Method arguments:[Ljava.lang.Object;@697193ef
2022-10-16 14:00:21 [http-nio-8081-exec-1] INFO  com.capstone.aspect.LoggerAspect - *************************************
2022-10-16 14:00:21 [http-nio-8081-exec-1] INFO  com.capstone.aspect.LoggerAspect - During: class com.capstone.service.EmiServiceImp.getEmiData() with arguments=emi [s_no=3, loanaccno=202211021, loan_status=closed, emi_amount=0.0, upcomming_payment_date=2022-12-07, remaining_amount=0.0]
2022-10-16 14:00:21 [http-nio-8081-exec-1] INFO  com.capstone.aspect.LoggerAspect - *************************************
2022-10-16 14:00:21 [http-nio-8081-exec-1] INFO  com.capstone.aspect.LoggerAspect - Method name: com.capstone.service.EmiServiceImp
2022-10-16 14:00:21 [http-nio-8081-exec-1] INFO  com.capstone.aspect.LoggerAspect - Method arguments:[Ljava.lang.Object;@6c53aa3d
2022-10-16 14:00:21 [http-nio-8081-exec-1] INFO  com.capstone.aspect.LoggerAspect - *************************************
2022-10-16 14:00:21 [http-nio-8081-exec-1] INFO  com.capstone.aspect.LoggerAspect - During: class com.capstone.service.EmiServiceImp.getEmiData() with arguments=emi [s_no=3, loanaccno=202211021, loan_status=closed, emi_amount=0.0, upcomming_payment_date=2022-12-07, remaining_amount=0.0]
2022-10-16 14:00:21 [http-nio-8081-exec-1] INFO  com.capstone.aspect.LoggerAspect - *************************************
2022-10-16 14:00:21 [http-nio-8081-exec-1] INFO  com.capstone.aspect.LoggerAspect - During: class com.capstone.controller.EmiController.getemiofAccount() with arguments=<200 OK OK,emi [s_no=3, loanaccno=202211021, loan_status=closed, emi_amount=0.0, upcomming_payment_date=2022-12-07, remaining_amount=0.0],[]>
2022-10-16 14:00:21 [http-nio-8081-exec-1] INFO  com.capstone.aspect.LoggerAspect - *************************************
2022-10-16 14:00:25 [http-nio-8081-exec-2] WARN  o.s.w.s.m.s.DefaultHandlerExceptionResolver - Resolved [org.springframework.web.method.annotation.MethodArgumentTypeMismatchException: Failed to convert value of type 'java.lang.String' to required type 'int'; nested exception is java.lang.NumberFormatException: For input string: "undefined"]
2022-10-16 14:00:25 [http-nio-8081-exec-3] INFO  com.capstone.aspect.LoggerAspect - Method name: com.capstone.controller.EmiController
2022-10-16 14:00:25 [http-nio-8081-exec-3] INFO  com.capstone.aspect.LoggerAspect - Method arguments:[Ljava.lang.Object;@5898431a
2022-10-16 14:00:25 [http-nio-8081-exec-3] INFO  com.capstone.aspect.LoggerAspect - *************************************
2022-10-16 14:00:25 [http-nio-8081-exec-3] INFO  com.capstone.aspect.LoggerAspect - Method name: com.capstone.service.EmiServiceImp
2022-10-16 14:00:25 [http-nio-8081-exec-3] INFO  com.capstone.aspect.LoggerAspect - Method arguments:[Ljava.lang.Object;@b3d52cb
2022-10-16 14:00:25 [http-nio-8081-exec-3] INFO  com.capstone.aspect.LoggerAspect - *************************************
2022-10-16 14:00:25 [http-nio-8081-exec-3] INFO  com.capstone.aspect.LoggerAspect - During: class com.capstone.service.EmiServiceImp.getEmiData() with arguments=emi [s_no=3, loanaccno=202211021, loan_status=closed, emi_amount=0.0, upcomming_payment_date=2022-12-07, remaining_amount=0.0]
2022-10-16 14:00:25 [http-nio-8081-exec-3] INFO  com.capstone.aspect.LoggerAspect - *************************************
2022-10-16 14:00:25 [http-nio-8081-exec-3] INFO  com.capstone.aspect.LoggerAspect - Method name: com.capstone.service.EmiServiceImp
2022-10-16 14:00:25 [http-nio-8081-exec-3] INFO  com.capstone.aspect.LoggerAspect - Method arguments:[Ljava.lang.Object;@702d67d6
2022-10-16 14:00:25 [http-nio-8081-exec-3] INFO  com.capstone.aspect.LoggerAspect - *************************************
2022-10-16 14:00:25 [http-nio-8081-exec-3] INFO  com.capstone.aspect.LoggerAspect - During: class com.capstone.service.EmiServiceImp.getEmiData() with arguments=emi [s_no=3, loanaccno=202211021, loan_status=closed, emi_amount=0.0, upcomming_payment_date=2022-12-07, remaining_amount=0.0]
2022-10-16 14:00:25 [http-nio-8081-exec-3] INFO  com.capstone.aspect.LoggerAspect - *************************************
2022-10-16 14:00:25 [http-nio-8081-exec-3] INFO  com.capstone.aspect.LoggerAspect - During: class com.capstone.controller.EmiController.getemiofAccount() with arguments=<200 OK OK,emi [s_no=3, loanaccno=202211021, loan_status=closed, emi_amount=0.0, upcomming_payment_date=2022-12-07, remaining_amount=0.0],[]>
2022-10-16 14:00:25 [http-nio-8081-exec-3] INFO  com.capstone.aspect.LoggerAspect - *************************************
2022-10-16 14:00:27 [http-nio-8081-exec-4] WARN  o.s.w.s.m.s.DefaultHandlerExceptionResolver - Resolved [org.springframework.web.method.annotation.MethodArgumentTypeMismatchException: Failed to convert value of type 'java.lang.String' to required type 'int'; nested exception is java.lang.NumberFormatException: For input string: "undefined"]
2022-10-16 14:00:27 [http-nio-8081-exec-5] INFO  com.capstone.aspect.LoggerAspect - Method name: com.capstone.controller.EmiController
2022-10-16 14:00:27 [http-nio-8081-exec-5] INFO  com.capstone.aspect.LoggerAspect - Method arguments:[Ljava.lang.Object;@73b59fbd
2022-10-16 14:00:27 [http-nio-8081-exec-5] INFO  com.capstone.aspect.LoggerAspect - *************************************
2022-10-16 14:00:27 [http-nio-8081-exec-5] INFO  com.capstone.aspect.LoggerAspect - Method name: com.capstone.service.EmiServiceImp
2022-10-16 14:00:27 [http-nio-8081-exec-5] INFO  com.capstone.aspect.LoggerAspect - Method arguments:[Ljava.lang.Object;@350403ca
2022-10-16 14:00:27 [http-nio-8081-exec-5] INFO  com.capstone.aspect.LoggerAspect - *************************************
2022-10-16 14:00:27 [http-nio-8081-exec-5] INFO  com.capstone.aspect.LoggerAspect - During: class com.capstone.service.EmiServiceImp.getEmiData() with arguments=emi [s_no=3, loanaccno=202211021, loan_status=closed, emi_amount=0.0, upcomming_payment_date=2022-12-07, remaining_amount=0.0]
2022-10-16 14:00:27 [http-nio-8081-exec-5] INFO  com.capstone.aspect.LoggerAspect - *************************************
2022-10-16 14:00:27 [http-nio-8081-exec-5] INFO  com.capstone.aspect.LoggerAspect - Method name: com.capstone.service.EmiServiceImp
2022-10-16 14:00:27 [http-nio-8081-exec-5] INFO  com.capstone.aspect.LoggerAspect - Method arguments:[Ljava.lang.Object;@347c686f
2022-10-16 14:00:27 [http-nio-8081-exec-5] INFO  com.capstone.aspect.LoggerAspect - *************************************
2022-10-16 14:00:27 [http-nio-8081-exec-5] INFO  com.capstone.aspect.LoggerAspect - During: class com.capstone.service.EmiServiceImp.getEmiData() with arguments=emi [s_no=3, loanaccno=202211021, loan_status=closed, emi_amount=0.0, upcomming_payment_date=2022-12-07, remaining_amount=0.0]
2022-10-16 14:00:27 [http-nio-8081-exec-5] INFO  com.capstone.aspect.LoggerAspect - *************************************
2022-10-16 14:00:27 [http-nio-8081-exec-5] INFO  com.capstone.aspect.LoggerAspect - During: class com.capstone.controller.EmiController.getemiofAccount() with arguments=<200 OK OK,emi [s_no=3, loanaccno=202211021, loan_status=closed, emi_amount=0.0, upcomming_payment_date=2022-12-07, remaining_amount=0.0],[]>
2022-10-16 14:00:27 [http-nio-8081-exec-5] INFO  com.capstone.aspect.LoggerAspect - *************************************
2022-10-16 14:00:32 [http-nio-8081-exec-6] WARN  o.s.w.s.m.s.DefaultHandlerExceptionResolver - Resolved [org.springframework.web.method.annotation.MethodArgumentTypeMismatchException: Failed to convert value of type 'java.lang.String' to required type 'int'; nested exception is java.lang.NumberFormatException: For input string: "undefined"]
2022-10-16 14:00:32 [http-nio-8081-exec-7] INFO  com.capstone.aspect.LoggerAspect - Method name: com.capstone.controller.EmiController
2022-10-16 14:00:32 [http-nio-8081-exec-7] INFO  com.capstone.aspect.LoggerAspect - Method arguments:[Ljava.lang.Object;@7208c24
2022-10-16 14:00:32 [http-nio-8081-exec-7] INFO  com.capstone.aspect.LoggerAspect - *************************************
2022-10-16 14:00:32 [http-nio-8081-exec-7] INFO  com.capstone.aspect.LoggerAspect - Method name: com.capstone.service.EmiServiceImp
2022-10-16 14:00:32 [http-nio-8081-exec-7] INFO  com.capstone.aspect.LoggerAspect - Method arguments:[Ljava.lang.Object;@4562ae79
2022-10-16 14:00:32 [http-nio-8081-exec-7] INFO  com.capstone.aspect.LoggerAspect - *************************************
2022-10-16 14:00:32 [http-nio-8081-exec-7] INFO  com.capstone.aspect.LoggerAspect - During: class com.capstone.service.EmiServiceImp.getEmiData() with arguments=emi [s_no=3, loanaccno=202211021, loan_status=closed, emi_amount=0.0, upcomming_payment_date=2022-12-07, remaining_amount=0.0]
2022-10-16 14:00:32 [http-nio-8081-exec-7] INFO  com.capstone.aspect.LoggerAspect - *************************************
2022-10-16 14:00:32 [http-nio-8081-exec-7] INFO  com.capstone.aspect.LoggerAspect - Method name: com.capstone.service.EmiServiceImp
2022-10-16 14:00:32 [http-nio-8081-exec-7] INFO  com.capstone.aspect.LoggerAspect - Method arguments:[Ljava.lang.Object;@40871dcf
2022-10-16 14:00:32 [http-nio-8081-exec-7] INFO  com.capstone.aspect.LoggerAspect - *************************************
2022-10-16 14:00:32 [http-nio-8081-exec-7] INFO  com.capstone.aspect.LoggerAspect - During: class com.capstone.service.EmiServiceImp.getEmiData() with arguments=emi [s_no=3, loanaccno=202211021, loan_status=closed, emi_amount=0.0, upcomming_payment_date=2022-12-07, remaining_amount=0.0]
2022-10-16 14:00:32 [http-nio-8081-exec-7] INFO  com.capstone.aspect.LoggerAspect - *************************************
2022-10-16 14:00:32 [http-nio-8081-exec-7] INFO  com.capstone.aspect.LoggerAspect - During: class com.capstone.controller.EmiController.getemiofAccount() with arguments=<200 OK OK,emi [s_no=3, loanaccno=202211021, loan_status=closed, emi_amount=0.0, upcomming_payment_date=2022-12-07, remaining_amount=0.0],[]>
2022-10-16 14:00:32 [http-nio-8081-exec-7] INFO  com.capstone.aspect.LoggerAspect - *************************************
2022-10-16 14:00:41 [http-nio-8081-exec-9] WARN  o.s.w.s.m.s.DefaultHandlerExceptionResolver - Resolved [org.springframework.web.method.annotation.MethodArgumentTypeMismatchException: Failed to convert value of type 'java.lang.String' to required type 'int'; nested exception is java.lang.NumberFormatException: For input string: "undefined"]
2022-10-16 14:00:42 [http-nio-8081-exec-8] INFO  com.capstone.aspect.LoggerAspect - Method name: com.capstone.controller.EmiController
2022-10-16 14:00:42 [http-nio-8081-exec-8] INFO  com.capstone.aspect.LoggerAspect - Method arguments:[Ljava.lang.Object;@4f302492
2022-10-16 14:00:42 [http-nio-8081-exec-8] INFO  com.capstone.aspect.LoggerAspect - *************************************
2022-10-16 14:00:42 [http-nio-8081-exec-8] INFO  com.capstone.aspect.LoggerAspect - Method name: com.capstone.service.EmiServiceImp
2022-10-16 14:00:42 [http-nio-8081-exec-8] INFO  com.capstone.aspect.LoggerAspect - Method arguments:[Ljava.lang.Object;@3588ba49
2022-10-16 14:00:42 [http-nio-8081-exec-8] INFO  com.capstone.aspect.LoggerAspect - *************************************
2022-10-16 14:00:42 [http-nio-8081-exec-8] INFO  com.capstone.aspect.LoggerAspect - During: class com.capstone.service.EmiServiceImp.getEmiData() with arguments=emi [s_no=3, loanaccno=202211021, loan_status=closed, emi_amount=0.0, upcomming_payment_date=2022-12-07, remaining_amount=0.0]
2022-10-16 14:00:42 [http-nio-8081-exec-8] INFO  com.capstone.aspect.LoggerAspect - *************************************
2022-10-16 14:00:42 [http-nio-8081-exec-8] INFO  com.capstone.aspect.LoggerAspect - Method name: com.capstone.service.EmiServiceImp
2022-10-16 14:00:42 [http-nio-8081-exec-8] INFO  com.capstone.aspect.LoggerAspect - Method arguments:[Ljava.lang.Object;@54cee876
2022-10-16 14:00:42 [http-nio-8081-exec-8] INFO  com.capstone.aspect.LoggerAspect - *************************************
2022-10-16 14:00:42 [http-nio-8081-exec-8] INFO  com.capstone.aspect.LoggerAspect - During: class com.capstone.service.EmiServiceImp.getEmiData() with arguments=emi [s_no=3, loanaccno=202211021, loan_status=closed, emi_amount=0.0, upcomming_payment_date=2022-12-07, remaining_amount=0.0]
2022-10-16 14:00:42 [http-nio-8081-exec-8] INFO  com.capstone.aspect.LoggerAspect - *************************************
2022-10-16 14:00:42 [http-nio-8081-exec-8] INFO  com.capstone.aspect.LoggerAspect - During: class com.capstone.controller.EmiController.getemiofAccount() with arguments=<200 OK OK,emi [s_no=3, loanaccno=202211021, loan_status=closed, emi_amount=0.0, upcomming_payment_date=2022-12-07, remaining_amount=0.0],[]>
2022-10-16 14:00:42 [http-nio-8081-exec-8] INFO  com.capstone.aspect.LoggerAspect - *************************************
2022-10-16 14:01:08 [http-nio-8081-exec-10] WARN  o.s.w.s.m.s.DefaultHandlerExceptionResolver - Resolved [org.springframework.web.method.annotation.MethodArgumentTypeMismatchException: Failed to convert value of type 'java.lang.String' to required type 'int'; nested exception is java.lang.NumberFormatException: For input string: "undefined"]
2022-10-16 14:01:08 [http-nio-8081-exec-1] INFO  com.capstone.aspect.LoggerAspect - Method name: com.capstone.controller.EmiController
2022-10-16 14:01:08 [http-nio-8081-exec-1] INFO  com.capstone.aspect.LoggerAspect - Method arguments:[Ljava.lang.Object;@21e0b37a
2022-10-16 14:01:08 [http-nio-8081-exec-1] INFO  com.capstone.aspect.LoggerAspect - *************************************
2022-10-16 14:01:08 [http-nio-8081-exec-1] INFO  com.capstone.aspect.LoggerAspect - Method name: com.capstone.service.EmiServiceImp
2022-10-16 14:01:08 [http-nio-8081-exec-1] INFO  com.capstone.aspect.LoggerAspect - Method arguments:[Ljava.lang.Object;@30f1ab13
2022-10-16 14:01:08 [http-nio-8081-exec-1] INFO  com.capstone.aspect.LoggerAspect - *************************************
2022-10-16 14:01:08 [http-nio-8081-exec-1] INFO  com.capstone.aspect.LoggerAspect - During: class com.capstone.service.EmiServiceImp.getEmiData() with arguments=emi [s_no=3, loanaccno=202211021, loan_status=closed, emi_amount=0.0, upcomming_payment_date=2022-12-07, remaining_amount=0.0]
2022-10-16 14:01:08 [http-nio-8081-exec-1] INFO  com.capstone.aspect.LoggerAspect - *************************************
2022-10-16 14:01:08 [http-nio-8081-exec-1] INFO  com.capstone.aspect.LoggerAspect - Method name: com.capstone.service.EmiServiceImp
2022-10-16 14:01:08 [http-nio-8081-exec-1] INFO  com.capstone.aspect.LoggerAspect - Method arguments:[Ljava.lang.Object;@6f6bee2f
2022-10-16 14:01:08 [http-nio-8081-exec-1] INFO  com.capstone.aspect.LoggerAspect - *************************************
2022-10-16 14:01:08 [http-nio-8081-exec-1] INFO  com.capstone.aspect.LoggerAspect - During: class com.capstone.service.EmiServiceImp.getEmiData() with arguments=emi [s_no=3, loanaccno=202211021, loan_status=closed, emi_amount=0.0, upcomming_payment_date=2022-12-07, remaining_amount=0.0]
2022-10-16 14:01:08 [http-nio-8081-exec-1] INFO  com.capstone.aspect.LoggerAspect - *************************************
2022-10-16 14:01:08 [http-nio-8081-exec-1] INFO  com.capstone.aspect.LoggerAspect - During: class com.capstone.controller.EmiController.getemiofAccount() with arguments=<200 OK OK,emi [s_no=3, loanaccno=202211021, loan_status=closed, emi_amount=0.0, upcomming_payment_date=2022-12-07, remaining_amount=0.0],[]>
2022-10-16 14:01:08 [http-nio-8081-exec-1] INFO  com.capstone.aspect.LoggerAspect - *************************************
2022-10-16 14:01:16 [http-nio-8081-exec-2] WARN  o.s.w.s.m.s.DefaultHandlerExceptionResolver - Resolved [org.springframework.web.method.annotation.MethodArgumentTypeMismatchException: Failed to convert value of type 'java.lang.String' to required type 'int'; nested exception is java.lang.NumberFormatException: For input string: "undefined"]
2022-10-16 14:01:16 [http-nio-8081-exec-3] INFO  com.capstone.aspect.LoggerAspect - Method name: com.capstone.controller.EmiController
2022-10-16 14:01:16 [http-nio-8081-exec-3] INFO  com.capstone.aspect.LoggerAspect - Method arguments:[Ljava.lang.Object;@7c219f0
2022-10-16 14:01:16 [http-nio-8081-exec-3] INFO  com.capstone.aspect.LoggerAspect - *************************************
2022-10-16 14:01:16 [http-nio-8081-exec-3] INFO  com.capstone.aspect.LoggerAspect - Method name: com.capstone.service.EmiServiceImp
2022-10-16 14:01:16 [http-nio-8081-exec-3] INFO  com.capstone.aspect.LoggerAspect - Method arguments:[Ljava.lang.Object;@13487c02
2022-10-16 14:01:16 [http-nio-8081-exec-3] INFO  com.capstone.aspect.LoggerAspect - *************************************
2022-10-16 14:01:16 [http-nio-8081-exec-3] INFO  com.capstone.aspect.LoggerAspect - During: class com.capstone.service.EmiServiceImp.getEmiData() with arguments=emi [s_no=3, loanaccno=202211021, loan_status=closed, emi_amount=0.0, upcomming_payment_date=2022-12-07, remaining_amount=0.0]
2022-10-16 14:01:16 [http-nio-8081-exec-3] INFO  com.capstone.aspect.LoggerAspect - *************************************
2022-10-16 14:01:16 [http-nio-8081-exec-3] INFO  com.capstone.aspect.LoggerAspect - Method name: com.capstone.service.EmiServiceImp
2022-10-16 14:01:16 [http-nio-8081-exec-3] INFO  com.capstone.aspect.LoggerAspect - Method arguments:[Ljava.lang.Object;@1cce0839
2022-10-16 14:01:16 [http-nio-8081-exec-3] INFO  com.capstone.aspect.LoggerAspect - *************************************
2022-10-16 14:01:16 [http-nio-8081-exec-3] INFO  com.capstone.aspect.LoggerAspect - During: class com.capstone.service.EmiServiceImp.getEmiData() with arguments=emi [s_no=3, loanaccno=202211021, loan_status=closed, emi_amount=0.0, upcomming_payment_date=2022-12-07, remaining_amount=0.0]
2022-10-16 14:01:16 [http-nio-8081-exec-3] INFO  com.capstone.aspect.LoggerAspect - *************************************
2022-10-16 14:01:16 [http-nio-8081-exec-3] INFO  com.capstone.aspect.LoggerAspect - During: class com.capstone.controller.EmiController.getemiofAccount() with arguments=<200 OK OK,emi [s_no=3, loanaccno=202211021, loan_status=closed, emi_amount=0.0, upcomming_payment_date=2022-12-07, remaining_amount=0.0],[]>
2022-10-16 14:01:16 [http-nio-8081-exec-3] INFO  com.capstone.aspect.LoggerAspect - *************************************
2022-10-16 14:01:49 [http-nio-8081-exec-4] WARN  o.s.w.s.m.s.DefaultHandlerExceptionResolver - Resolved [org.springframework.web.method.annotation.MethodArgumentTypeMismatchException: Failed to convert value of type 'java.lang.String' to required type 'int'; nested exception is java.lang.NumberFormatException: For input string: "undefined"]
2022-10-16 14:01:49 [http-nio-8081-exec-5] INFO  com.capstone.aspect.LoggerAspect - Method name: com.capstone.controller.EmiController
2022-10-16 14:01:49 [http-nio-8081-exec-5] INFO  com.capstone.aspect.LoggerAspect - Method arguments:[Ljava.lang.Object;@77ca9729
2022-10-16 14:01:49 [http-nio-8081-exec-5] INFO  com.capstone.aspect.LoggerAspect - *************************************
2022-10-16 14:01:49 [http-nio-8081-exec-5] INFO  com.capstone.aspect.LoggerAspect - Method name: com.capstone.service.EmiServiceImp
2022-10-16 14:01:49 [http-nio-8081-exec-5] INFO  com.capstone.aspect.LoggerAspect - Method arguments:[Ljava.lang.Object;@43662bdb
2022-10-16 14:01:49 [http-nio-8081-exec-5] INFO  com.capstone.aspect.LoggerAspect - *************************************
2022-10-16 14:01:49 [http-nio-8081-exec-5] INFO  com.capstone.aspect.LoggerAspect - During: class com.capstone.service.EmiServiceImp.getEmiData() with arguments=emi [s_no=3, loanaccno=202211021, loan_status=closed, emi_amount=0.0, upcomming_payment_date=2022-12-07, remaining_amount=0.0]
2022-10-16 14:01:49 [http-nio-8081-exec-5] INFO  com.capstone.aspect.LoggerAspect - *************************************
2022-10-16 14:01:49 [http-nio-8081-exec-5] INFO  com.capstone.aspect.LoggerAspect - Method name: com.capstone.service.EmiServiceImp
2022-10-16 14:01:49 [http-nio-8081-exec-5] INFO  com.capstone.aspect.LoggerAspect - Method arguments:[Ljava.lang.Object;@2f37fbc7
2022-10-16 14:01:49 [http-nio-8081-exec-5] INFO  com.capstone.aspect.LoggerAspect - *************************************
2022-10-16 14:01:49 [http-nio-8081-exec-5] INFO  com.capstone.aspect.LoggerAspect - During: class com.capstone.service.EmiServiceImp.getEmiData() with arguments=emi [s_no=3, loanaccno=202211021, loan_status=closed, emi_amount=0.0, upcomming_payment_date=2022-12-07, remaining_amount=0.0]
2022-10-16 14:01:49 [http-nio-8081-exec-5] INFO  com.capstone.aspect.LoggerAspect - *************************************
2022-10-16 14:01:49 [http-nio-8081-exec-5] INFO  com.capstone.aspect.LoggerAspect - During: class com.capstone.controller.EmiController.getemiofAccount() with arguments=<200 OK OK,emi [s_no=3, loanaccno=202211021, loan_status=closed, emi_amount=0.0, upcomming_payment_date=2022-12-07, remaining_amount=0.0],[]>
2022-10-16 14:01:49 [http-nio-8081-exec-5] INFO  com.capstone.aspect.LoggerAspect - *************************************
2022-10-16 14:02:10 [http-nio-8081-exec-6] WARN  o.s.w.s.m.s.DefaultHandlerExceptionResolver - Resolved [org.springframework.web.method.annotation.MethodArgumentTypeMismatchException: Failed to convert value of type 'java.lang.String' to required type 'int'; nested exception is java.lang.NumberFormatException: For input string: "undefined"]
2022-10-16 14:02:10 [http-nio-8081-exec-7] INFO  com.capstone.aspect.LoggerAspect - Method name: com.capstone.controller.EmiController
2022-10-16 14:02:10 [http-nio-8081-exec-7] INFO  com.capstone.aspect.LoggerAspect - Method arguments:[Ljava.lang.Object;@140b15c4
2022-10-16 14:02:10 [http-nio-8081-exec-7] INFO  com.capstone.aspect.LoggerAspect - *************************************
2022-10-16 14:02:10 [http-nio-8081-exec-7] INFO  com.capstone.aspect.LoggerAspect - Method name: com.capstone.service.EmiServiceImp
2022-10-16 14:02:10 [http-nio-8081-exec-7] INFO  com.capstone.aspect.LoggerAspect - Method arguments:[Ljava.lang.Object;@35ffcdb4
2022-10-16 14:02:10 [http-nio-8081-exec-7] INFO  com.capstone.aspect.LoggerAspect - *************************************
2022-10-16 14:02:10 [http-nio-8081-exec-7] INFO  com.capstone.aspect.LoggerAspect - During: class com.capstone.service.EmiServiceImp.getEmiData() with arguments=emi [s_no=3, loanaccno=202211021, loan_status=closed, emi_amount=0.0, upcomming_payment_date=2022-12-07, remaining_amount=0.0]
2022-10-16 14:02:10 [http-nio-8081-exec-7] INFO  com.capstone.aspect.LoggerAspect - *************************************
2022-10-16 14:02:10 [http-nio-8081-exec-7] INFO  com.capstone.aspect.LoggerAspect - Method name: com.capstone.service.EmiServiceImp
2022-10-16 14:02:10 [http-nio-8081-exec-7] INFO  com.capstone.aspect.LoggerAspect - Method arguments:[Ljava.lang.Object;@19931767
2022-10-16 14:02:10 [http-nio-8081-exec-7] INFO  com.capstone.aspect.LoggerAspect - *************************************
2022-10-16 14:02:10 [http-nio-8081-exec-7] INFO  com.capstone.aspect.LoggerAspect - During: class com.capstone.service.EmiServiceImp.getEmiData() with arguments=emi [s_no=3, loanaccno=202211021, loan_status=closed, emi_amount=0.0, upcomming_payment_date=2022-12-07, remaining_amount=0.0]
2022-10-16 14:02:10 [http-nio-8081-exec-7] INFO  com.capstone.aspect.LoggerAspect - *************************************
2022-10-16 14:02:10 [http-nio-8081-exec-7] INFO  com.capstone.aspect.LoggerAspect - During: class com.capstone.controller.EmiController.getemiofAccount() with arguments=<200 OK OK,emi [s_no=3, loanaccno=202211021, loan_status=closed, emi_amount=0.0, upcomming_payment_date=2022-12-07, remaining_amount=0.0],[]>
2022-10-16 14:02:10 [http-nio-8081-exec-7] INFO  com.capstone.aspect.LoggerAspect - *************************************
2022-10-16 14:02:19 [http-nio-8081-exec-9] WARN  o.s.w.s.m.s.DefaultHandlerExceptionResolver - Resolved [org.springframework.web.method.annotation.MethodArgumentTypeMismatchException: Failed to convert value of type 'java.lang.String' to required type 'int'; nested exception is java.lang.NumberFormatException: For input string: "undefined"]
2022-10-16 14:02:19 [http-nio-8081-exec-8] INFO  com.capstone.aspect.LoggerAspect - Method name: com.capstone.controller.EmiController
2022-10-16 14:02:19 [http-nio-8081-exec-8] INFO  com.capstone.aspect.LoggerAspect - Method arguments:[Ljava.lang.Object;@474ff62a
2022-10-16 14:02:19 [http-nio-8081-exec-8] INFO  com.capstone.aspect.LoggerAspect - *************************************
2022-10-16 14:02:19 [http-nio-8081-exec-8] INFO  com.capstone.aspect.LoggerAspect - Method name: com.capstone.service.EmiServiceImp
2022-10-16 14:02:19 [http-nio-8081-exec-8] INFO  com.capstone.aspect.LoggerAspect - Method arguments:[Ljava.lang.Object;@1ca719b2
2022-10-16 14:02:19 [http-nio-8081-exec-8] INFO  com.capstone.aspect.LoggerAspect - *************************************
2022-10-16 14:02:19 [http-nio-8081-exec-8] INFO  com.capstone.aspect.LoggerAspect - During: class com.capstone.service.EmiServiceImp.getEmiData() with arguments=emi [s_no=3, loanaccno=202211021, loan_status=closed, emi_amount=0.0, upcomming_payment_date=2022-12-07, remaining_amount=0.0]
2022-10-16 14:02:19 [http-nio-8081-exec-8] INFO  com.capstone.aspect.LoggerAspect - *************************************
2022-10-16 14:02:19 [http-nio-8081-exec-8] INFO  com.capstone.aspect.LoggerAspect - Method name: com.capstone.service.EmiServiceImp
2022-10-16 14:02:19 [http-nio-8081-exec-8] INFO  com.capstone.aspect.LoggerAspect - Method arguments:[Ljava.lang.Object;@4880a593
2022-10-16 14:02:19 [http-nio-8081-exec-8] INFO  com.capstone.aspect.LoggerAspect - *************************************
2022-10-16 14:02:19 [http-nio-8081-exec-8] INFO  com.capstone.aspect.LoggerAspect - During: class com.capstone.service.EmiServiceImp.getEmiData() with arguments=emi [s_no=3, loanaccno=202211021, loan_status=closed, emi_amount=0.0, upcomming_payment_date=2022-12-07, remaining_amount=0.0]
2022-10-16 14:02:19 [http-nio-8081-exec-8] INFO  com.capstone.aspect.LoggerAspect - *************************************
2022-10-16 14:02:19 [http-nio-8081-exec-8] INFO  com.capstone.aspect.LoggerAspect - During: class com.capstone.controller.EmiController.getemiofAccount() with arguments=<200 OK OK,emi [s_no=3, loanaccno=202211021, loan_status=closed, emi_amount=0.0, upcomming_payment_date=2022-12-07, remaining_amount=0.0],[]>
2022-10-16 14:02:19 [http-nio-8081-exec-8] INFO  com.capstone.aspect.LoggerAspect - *************************************
2022-10-16 14:02:38 [http-nio-8081-exec-10] WARN  o.s.w.s.m.s.DefaultHandlerExceptionResolver - Resolved [org.springframework.web.method.annotation.MethodArgumentTypeMismatchException: Failed to convert value of type 'java.lang.String' to required type 'int'; nested exception is java.lang.NumberFormatException: For input string: "undefined"]
2022-10-16 14:02:38 [http-nio-8081-exec-1] INFO  com.capstone.aspect.LoggerAspect - Method name: com.capstone.controller.EmiController
2022-10-16 14:02:38 [http-nio-8081-exec-1] INFO  com.capstone.aspect.LoggerAspect - Method arguments:[Ljava.lang.Object;@3477e03e
2022-10-16 14:02:38 [http-nio-8081-exec-1] INFO  com.capstone.aspect.LoggerAspect - *************************************
2022-10-16 14:02:38 [http-nio-8081-exec-1] INFO  com.capstone.aspect.LoggerAspect - Method name: com.capstone.service.EmiServiceImp
2022-10-16 14:02:38 [http-nio-8081-exec-1] INFO  com.capstone.aspect.LoggerAspect - Method arguments:[Ljava.lang.Object;@5961f85b
2022-10-16 14:02:38 [http-nio-8081-exec-1] INFO  com.capstone.aspect.LoggerAspect - *************************************
2022-10-16 14:02:38 [http-nio-8081-exec-1] INFO  com.capstone.aspect.LoggerAspect - During: class com.capstone.service.EmiServiceImp.getEmiData() with arguments=emi [s_no=3, loanaccno=202211021, loan_status=closed, emi_amount=0.0, upcomming_payment_date=2022-12-07, remaining_amount=0.0]
2022-10-16 14:02:38 [http-nio-8081-exec-1] INFO  com.capstone.aspect.LoggerAspect - *************************************
2022-10-16 14:02:38 [http-nio-8081-exec-1] INFO  com.capstone.aspect.LoggerAspect - Method name: com.capstone.service.EmiServiceImp
2022-10-16 14:02:38 [http-nio-8081-exec-1] INFO  com.capstone.aspect.LoggerAspect - Method arguments:[Ljava.lang.Object;@2ca60ed8
2022-10-16 14:02:38 [http-nio-8081-exec-1] INFO  com.capstone.aspect.LoggerAspect - *************************************
2022-10-16 14:02:38 [http-nio-8081-exec-1] INFO  com.capstone.aspect.LoggerAspect - During: class com.capstone.service.EmiServiceImp.getEmiData() with arguments=emi [s_no=3, loanaccno=202211021, loan_status=closed, emi_amount=0.0, upcomming_payment_date=2022-12-07, remaining_amount=0.0]
2022-10-16 14:02:38 [http-nio-8081-exec-1] INFO  com.capstone.aspect.LoggerAspect - *************************************
2022-10-16 14:02:38 [http-nio-8081-exec-1] INFO  com.capstone.aspect.LoggerAspect - During: class com.capstone.controller.EmiController.getemiofAccount() with arguments=<200 OK OK,emi [s_no=3, loanaccno=202211021, loan_status=closed, emi_amount=0.0, upcomming_payment_date=2022-12-07, remaining_amount=0.0],[]>
2022-10-16 14:02:38 [http-nio-8081-exec-1] INFO  com.capstone.aspect.LoggerAspect - *************************************
2022-10-16 14:02:41 [http-nio-8081-exec-2] WARN  o.s.w.s.m.s.DefaultHandlerExceptionResolver - Resolved [org.springframework.web.method.annotation.MethodArgumentTypeMismatchException: Failed to convert value of type 'java.lang.String' to required type 'int'; nested exception is java.lang.NumberFormatException: For input string: "undefined"]
2022-10-16 14:02:41 [http-nio-8081-exec-3] INFO  com.capstone.aspect.LoggerAspect - Method name: com.capstone.controller.EmiController
2022-10-16 14:02:41 [http-nio-8081-exec-3] INFO  com.capstone.aspect.LoggerAspect - Method arguments:[Ljava.lang.Object;@2cc8f0ec
2022-10-16 14:02:41 [http-nio-8081-exec-3] INFO  com.capstone.aspect.LoggerAspect - *************************************
2022-10-16 14:02:41 [http-nio-8081-exec-3] INFO  com.capstone.aspect.LoggerAspect - Method name: com.capstone.service.EmiServiceImp
2022-10-16 14:02:41 [http-nio-8081-exec-3] INFO  com.capstone.aspect.LoggerAspect - Method arguments:[Ljava.lang.Object;@46ebb541
2022-10-16 14:02:41 [http-nio-8081-exec-3] INFO  com.capstone.aspect.LoggerAspect - *************************************
2022-10-16 14:02:41 [http-nio-8081-exec-3] INFO  com.capstone.aspect.LoggerAspect - During: class com.capstone.service.EmiServiceImp.getEmiData() with arguments=emi [s_no=3, loanaccno=202211021, loan_status=closed, emi_amount=0.0, upcomming_payment_date=2022-12-07, remaining_amount=0.0]
2022-10-16 14:02:41 [http-nio-8081-exec-3] INFO  com.capstone.aspect.LoggerAspect - *************************************
2022-10-16 14:02:41 [http-nio-8081-exec-3] INFO  com.capstone.aspect.LoggerAspect - Method name: com.capstone.service.EmiServiceImp
2022-10-16 14:02:41 [http-nio-8081-exec-3] INFO  com.capstone.aspect.LoggerAspect - Method arguments:[Ljava.lang.Object;@18054831
2022-10-16 14:02:41 [http-nio-8081-exec-3] INFO  com.capstone.aspect.LoggerAspect - *************************************
2022-10-16 14:02:41 [http-nio-8081-exec-3] INFO  com.capstone.aspect.LoggerAspect - During: class com.capstone.service.EmiServiceImp.getEmiData() with arguments=emi [s_no=3, loanaccno=202211021, loan_status=closed, emi_amount=0.0, upcomming_payment_date=2022-12-07, remaining_amount=0.0]
2022-10-16 14:02:41 [http-nio-8081-exec-3] INFO  com.capstone.aspect.LoggerAspect - *************************************
2022-10-16 14:02:41 [http-nio-8081-exec-3] INFO  com.capstone.aspect.LoggerAspect - During: class com.capstone.controller.EmiController.getemiofAccount() with arguments=<200 OK OK,emi [s_no=3, loanaccno=202211021, loan_status=closed, emi_amount=0.0, upcomming_payment_date=2022-12-07, remaining_amount=0.0],[]>
2022-10-16 14:02:41 [http-nio-8081-exec-3] INFO  com.capstone.aspect.LoggerAspect - *************************************
2022-10-16 14:02:52 [http-nio-8081-exec-4] WARN  o.s.w.s.m.s.DefaultHandlerExceptionResolver - Resolved [org.springframework.web.method.annotation.MethodArgumentTypeMismatchException: Failed to convert value of type 'java.lang.String' to required type 'int'; nested exception is java.lang.NumberFormatException: For input string: "undefined"]
2022-10-16 14:02:52 [http-nio-8081-exec-5] INFO  com.capstone.aspect.LoggerAspect - Method name: com.capstone.controller.EmiController
2022-10-16 14:02:52 [http-nio-8081-exec-5] INFO  com.capstone.aspect.LoggerAspect - Method arguments:[Ljava.lang.Object;@11087e53
2022-10-16 14:02:52 [http-nio-8081-exec-5] INFO  com.capstone.aspect.LoggerAspect - *************************************
2022-10-16 14:02:52 [http-nio-8081-exec-5] INFO  com.capstone.aspect.LoggerAspect - Method name: com.capstone.service.EmiServiceImp
2022-10-16 14:02:52 [http-nio-8081-exec-5] INFO  com.capstone.aspect.LoggerAspect - Method arguments:[Ljava.lang.Object;@4deca0f6
2022-10-16 14:02:52 [http-nio-8081-exec-5] INFO  com.capstone.aspect.LoggerAspect - *************************************
2022-10-16 14:02:52 [http-nio-8081-exec-5] INFO  com.capstone.aspect.LoggerAspect - During: class com.capstone.service.EmiServiceImp.getEmiData() with arguments=emi [s_no=3, loanaccno=202211021, loan_status=closed, emi_amount=0.0, upcomming_payment_date=2022-12-07, remaining_amount=0.0]
2022-10-16 14:02:52 [http-nio-8081-exec-5] INFO  com.capstone.aspect.LoggerAspect - *************************************
2022-10-16 14:02:52 [http-nio-8081-exec-5] INFO  com.capstone.aspect.LoggerAspect - Method name: com.capstone.service.EmiServiceImp
2022-10-16 14:02:52 [http-nio-8081-exec-5] INFO  com.capstone.aspect.LoggerAspect - Method arguments:[Ljava.lang.Object;@237420a
2022-10-16 14:02:52 [http-nio-8081-exec-5] INFO  com.capstone.aspect.LoggerAspect - *************************************
2022-10-16 14:02:52 [http-nio-8081-exec-5] INFO  com.capstone.aspect.LoggerAspect - During: class com.capstone.service.EmiServiceImp.getEmiData() with arguments=emi [s_no=3, loanaccno=202211021, loan_status=closed, emi_amount=0.0, upcomming_payment_date=2022-12-07, remaining_amount=0.0]
2022-10-16 14:02:52 [http-nio-8081-exec-5] INFO  com.capstone.aspect.LoggerAspect - *************************************
2022-10-16 14:02:52 [http-nio-8081-exec-5] INFO  com.capstone.aspect.LoggerAspect - During: class com.capstone.controller.EmiController.getemiofAccount() with arguments=<200 OK OK,emi [s_no=3, loanaccno=202211021, loan_status=closed, emi_amount=0.0, upcomming_payment_date=2022-12-07, remaining_amount=0.0],[]>
2022-10-16 14:02:52 [http-nio-8081-exec-5] INFO  com.capstone.aspect.LoggerAspect - *************************************
2022-10-16 14:03:00 [http-nio-8081-exec-6] WARN  o.s.w.s.m.s.DefaultHandlerExceptionResolver - Resolved [org.springframework.web.method.annotation.MethodArgumentTypeMismatchException: Failed to convert value of type 'java.lang.String' to required type 'int'; nested exception is java.lang.NumberFormatException: For input string: "undefined"]
2022-10-16 14:03:00 [http-nio-8081-exec-7] INFO  com.capstone.aspect.LoggerAspect - Method name: com.capstone.controller.EmiController
2022-10-16 14:03:00 [http-nio-8081-exec-7] INFO  com.capstone.aspect.LoggerAspect - Method arguments:[Ljava.lang.Object;@7327c2a
2022-10-16 14:03:00 [http-nio-8081-exec-7] INFO  com.capstone.aspect.LoggerAspect - *************************************
2022-10-16 14:03:00 [http-nio-8081-exec-7] INFO  com.capstone.aspect.LoggerAspect - Method name: com.capstone.service.EmiServiceImp
2022-10-16 14:03:00 [http-nio-8081-exec-7] INFO  com.capstone.aspect.LoggerAspect - Method arguments:[Ljava.lang.Object;@290ceeab
2022-10-16 14:03:00 [http-nio-8081-exec-7] INFO  com.capstone.aspect.LoggerAspect - *************************************
2022-10-16 14:03:00 [http-nio-8081-exec-7] INFO  com.capstone.aspect.LoggerAspect - During: class com.capstone.service.EmiServiceImp.getEmiData() with arguments=emi [s_no=3, loanaccno=202211021, loan_status=closed, emi_amount=0.0, upcomming_payment_date=2022-12-07, remaining_amount=0.0]
2022-10-16 14:03:00 [http-nio-8081-exec-7] INFO  com.capstone.aspect.LoggerAspect - *************************************
2022-10-16 14:03:00 [http-nio-8081-exec-7] INFO  com.capstone.aspect.LoggerAspect - Method name: com.capstone.service.EmiServiceImp
2022-10-16 14:03:00 [http-nio-8081-exec-7] INFO  com.capstone.aspect.LoggerAspect - Method arguments:[Ljava.lang.Object;@6119b1fe
2022-10-16 14:03:00 [http-nio-8081-exec-7] INFO  com.capstone.aspect.LoggerAspect - *************************************
2022-10-16 14:03:00 [http-nio-8081-exec-7] INFO  com.capstone.aspect.LoggerAspect - During: class com.capstone.service.EmiServiceImp.getEmiData() with arguments=emi [s_no=3, loanaccno=202211021, loan_status=closed, emi_amount=0.0, upcomming_payment_date=2022-12-07, remaining_amount=0.0]
2022-10-16 14:03:00 [http-nio-8081-exec-7] INFO  com.capstone.aspect.LoggerAspect - *************************************
2022-10-16 14:03:00 [http-nio-8081-exec-7] INFO  com.capstone.aspect.LoggerAspect - During: class com.capstone.controller.EmiController.getemiofAccount() with arguments=<200 OK OK,emi [s_no=3, loanaccno=202211021, loan_status=closed, emi_amount=0.0, upcomming_payment_date=2022-12-07, remaining_amount=0.0],[]>
2022-10-16 14:03:00 [http-nio-8081-exec-7] INFO  com.capstone.aspect.LoggerAspect - *************************************
2022-10-16 14:03:32 [http-nio-8081-exec-9] INFO  com.capstone.aspect.LoggerAspect - Method name: com.capstone.controller.EmiController
2022-10-16 14:03:32 [http-nio-8081-exec-9] INFO  com.capstone.aspect.LoggerAspect - Method arguments:[Ljava.lang.Object;@2ae9f89c
2022-10-16 14:03:32 [http-nio-8081-exec-9] INFO  com.capstone.aspect.LoggerAspect - *************************************
2022-10-16 14:03:32 [http-nio-8081-exec-9] INFO  com.capstone.aspect.LoggerAspect - Method name: com.capstone.service.EmiServiceImp
2022-10-16 14:03:32 [http-nio-8081-exec-9] INFO  com.capstone.aspect.LoggerAspect - Method arguments:[Ljava.lang.Object;@557c6394
2022-10-16 14:03:32 [http-nio-8081-exec-9] INFO  com.capstone.aspect.LoggerAspect - *************************************
2022-10-16 14:03:32 [http-nio-8081-exec-9] INFO  com.capstone.aspect.LoggerAspect - During: class com.capstone.service.EmiServiceImp.getEmiData() with arguments=emi [s_no=10, loanaccno=202211051, loan_status=active, emi_amount=11973.122, upcomming_payment_date=2022-12-07, remaining_amount=490931.53]
2022-10-16 14:03:32 [http-nio-8081-exec-9] INFO  com.capstone.aspect.LoggerAspect - *************************************
2022-10-16 14:03:32 [http-nio-8081-exec-9] INFO  com.capstone.aspect.LoggerAspect - Method name: com.capstone.service.EmiServiceImp
2022-10-16 14:03:32 [http-nio-8081-exec-9] INFO  com.capstone.aspect.LoggerAspect - Method arguments:[Ljava.lang.Object;@7736445
2022-10-16 14:03:32 [http-nio-8081-exec-9] INFO  com.capstone.aspect.LoggerAspect - *************************************
2022-10-16 14:03:32 [http-nio-8081-exec-9] INFO  com.capstone.aspect.LoggerAspect - During: class com.capstone.service.EmiServiceImp.getEmiData() with arguments=emi [s_no=10, loanaccno=202211051, loan_status=active, emi_amount=11973.122, upcomming_payment_date=2022-12-07, remaining_amount=490931.53]
2022-10-16 14:03:32 [http-nio-8081-exec-9] INFO  com.capstone.aspect.LoggerAspect - *************************************
2022-10-16 14:03:32 [http-nio-8081-exec-9] INFO  com.capstone.aspect.LoggerAspect - During: class com.capstone.controller.EmiController.getemiofAccount() with arguments=<200 OK OK,emi [s_no=10, loanaccno=202211051, loan_status=active, emi_amount=11973.122, upcomming_payment_date=2022-12-07, remaining_amount=490931.53],[]>
2022-10-16 14:03:32 [http-nio-8081-exec-9] INFO  com.capstone.aspect.LoggerAspect - *************************************
2022-10-16 14:03:43 [http-nio-8081-exec-8] INFO  com.capstone.aspect.LoggerAspect - Method name: com.capstone.controller.EmiController
2022-10-16 14:03:43 [http-nio-8081-exec-8] INFO  com.capstone.aspect.LoggerAspect - Method arguments:[Ljava.lang.Object;@1885e6fa
2022-10-16 14:03:43 [http-nio-8081-exec-8] INFO  com.capstone.aspect.LoggerAspect - *************************************
2022-10-16 14:03:43 [http-nio-8081-exec-8] INFO  com.capstone.aspect.LoggerAspect - Method name: com.capstone.service.EmiServiceImp
2022-10-16 14:03:43 [http-nio-8081-exec-8] INFO  com.capstone.aspect.LoggerAspect - Method arguments:[Ljava.lang.Object;@455d5942
2022-10-16 14:03:43 [http-nio-8081-exec-8] INFO  com.capstone.aspect.LoggerAspect - *************************************
2022-10-16 14:03:43 [http-nio-8081-exec-8] INFO  com.capstone.aspect.LoggerAspect - During: class com.capstone.service.EmiServiceImp.getEmiData() with arguments=emi [s_no=10, loanaccno=202211051, loan_status=active, emi_amount=11973.122, upcomming_payment_date=2022-12-07, remaining_amount=490931.53]
2022-10-16 14:03:43 [http-nio-8081-exec-8] INFO  com.capstone.aspect.LoggerAspect - *************************************
2022-10-16 14:03:43 [http-nio-8081-exec-8] INFO  com.capstone.aspect.LoggerAspect - Method name: com.capstone.service.EmiServiceImp
2022-10-16 14:03:43 [http-nio-8081-exec-8] INFO  com.capstone.aspect.LoggerAspect - Method arguments:[Ljava.lang.Object;@3122db9c
2022-10-16 14:03:43 [http-nio-8081-exec-8] INFO  com.capstone.aspect.LoggerAspect - *************************************
2022-10-16 14:03:43 [http-nio-8081-exec-8] INFO  com.capstone.aspect.LoggerAspect - During: class com.capstone.service.EmiServiceImp.getEmiData() with arguments=emi [s_no=10, loanaccno=202211051, loan_status=active, emi_amount=11973.122, upcomming_payment_date=2022-12-07, remaining_amount=490931.53]
2022-10-16 14:03:43 [http-nio-8081-exec-8] INFO  com.capstone.aspect.LoggerAspect - *************************************
2022-10-16 14:03:43 [http-nio-8081-exec-8] INFO  com.capstone.aspect.LoggerAspect - During: class com.capstone.controller.EmiController.getemiofAccount() with arguments=<200 OK OK,emi [s_no=10, loanaccno=202211051, loan_status=active, emi_amount=11973.122, upcomming_payment_date=2022-12-07, remaining_amount=490931.53],[]>
2022-10-16 14:03:43 [http-nio-8081-exec-8] INFO  com.capstone.aspect.LoggerAspect - *************************************
2022-10-16 14:03:44 [http-nio-8081-exec-10] INFO  com.capstone.aspect.LoggerAspect - Method name: com.capstone.controller.EmiController
2022-10-16 14:03:44 [http-nio-8081-exec-10] INFO  com.capstone.aspect.LoggerAspect - Method arguments:[Ljava.lang.Object;@2d031781
2022-10-16 14:03:44 [http-nio-8081-exec-10] INFO  com.capstone.aspect.LoggerAspect - *************************************
2022-10-16 14:03:44 [http-nio-8081-exec-10] INFO  com.capstone.aspect.LoggerAspect - Method name: com.capstone.service.EmiServiceImp
2022-10-16 14:03:44 [http-nio-8081-exec-10] INFO  com.capstone.aspect.LoggerAspect - Method arguments:[Ljava.lang.Object;@751a3d96
2022-10-16 14:03:44 [http-nio-8081-exec-10] INFO  com.capstone.aspect.LoggerAspect - *************************************
2022-10-16 14:03:44 [http-nio-8081-exec-10] INFO  com.capstone.aspect.LoggerAspect - During: class com.capstone.service.EmiServiceImp.getEmiData() with arguments=emi [s_no=10, loanaccno=202211051, loan_status=active, emi_amount=11973.122, upcomming_payment_date=2022-12-07, remaining_amount=490931.53]
2022-10-16 14:03:44 [http-nio-8081-exec-10] INFO  com.capstone.aspect.LoggerAspect - *************************************
2022-10-16 14:03:44 [http-nio-8081-exec-10] INFO  com.capstone.aspect.LoggerAspect - Method name: com.capstone.service.EmiServiceImp
2022-10-16 14:03:44 [http-nio-8081-exec-10] INFO  com.capstone.aspect.LoggerAspect - Method arguments:[Ljava.lang.Object;@7ca778e7
2022-10-16 14:03:44 [http-nio-8081-exec-10] INFO  com.capstone.aspect.LoggerAspect - *************************************
2022-10-16 14:03:44 [http-nio-8081-exec-10] INFO  com.capstone.aspect.LoggerAspect - During: class com.capstone.service.EmiServiceImp.getEmiData() with arguments=emi [s_no=10, loanaccno=202211051, loan_status=active, emi_amount=11973.122, upcomming_payment_date=2022-12-07, remaining_amount=490931.53]
2022-10-16 14:03:44 [http-nio-8081-exec-10] INFO  com.capstone.aspect.LoggerAspect - *************************************
2022-10-16 14:03:44 [http-nio-8081-exec-10] INFO  com.capstone.aspect.LoggerAspect - During: class com.capstone.controller.EmiController.getemiofAccount() with arguments=<200 OK OK,emi [s_no=10, loanaccno=202211051, loan_status=active, emi_amount=11973.122, upcomming_payment_date=2022-12-07, remaining_amount=490931.53],[]>
2022-10-16 14:03:44 [http-nio-8081-exec-10] INFO  com.capstone.aspect.LoggerAspect - *************************************
2022-10-16 14:03:48 [http-nio-8081-exec-1] INFO  com.capstone.aspect.LoggerAspect - Method name: com.capstone.controller.EmiController
2022-10-16 14:03:48 [http-nio-8081-exec-1] INFO  com.capstone.aspect.LoggerAspect - Method arguments:[Ljava.lang.Object;@7c10caa6
2022-10-16 14:03:48 [http-nio-8081-exec-1] INFO  com.capstone.aspect.LoggerAspect - *************************************
2022-10-16 14:03:48 [http-nio-8081-exec-1] INFO  com.capstone.aspect.LoggerAspect - Method name: com.capstone.service.EmiServiceImp
2022-10-16 14:03:48 [http-nio-8081-exec-1] INFO  com.capstone.aspect.LoggerAspect - Method arguments:[Ljava.lang.Object;@a8ce94b
2022-10-16 14:03:48 [http-nio-8081-exec-1] INFO  com.capstone.aspect.LoggerAspect - *************************************
2022-10-16 14:03:49 [http-nio-8081-exec-1] INFO  com.capstone.aspect.LoggerAspect - During: class com.capstone.service.EmiServiceImp.getEmiData() with arguments=emi [s_no=10, loanaccno=202211051, loan_status=active, emi_amount=11973.122, upcomming_payment_date=2022-12-07, remaining_amount=490931.53]
2022-10-16 14:03:49 [http-nio-8081-exec-1] INFO  com.capstone.aspect.LoggerAspect - *************************************
2022-10-16 14:03:49 [http-nio-8081-exec-1] INFO  com.capstone.aspect.LoggerAspect - Method name: com.capstone.service.EmiServiceImp
2022-10-16 14:03:49 [http-nio-8081-exec-1] INFO  com.capstone.aspect.LoggerAspect - Method arguments:[Ljava.lang.Object;@e03b731
2022-10-16 14:03:49 [http-nio-8081-exec-1] INFO  com.capstone.aspect.LoggerAspect - *************************************
2022-10-16 14:03:49 [http-nio-8081-exec-1] INFO  com.capstone.aspect.LoggerAspect - During: class com.capstone.service.EmiServiceImp.getEmiData() with arguments=emi [s_no=10, loanaccno=202211051, loan_status=active, emi_amount=11973.122, upcomming_payment_date=2022-12-07, remaining_amount=490931.53]
2022-10-16 14:03:49 [http-nio-8081-exec-1] INFO  com.capstone.aspect.LoggerAspect - *************************************
2022-10-16 14:03:49 [http-nio-8081-exec-1] INFO  com.capstone.aspect.LoggerAspect - During: class com.capstone.controller.EmiController.getemiofAccount() with arguments=<200 OK OK,emi [s_no=10, loanaccno=202211051, loan_status=active, emi_amount=11973.122, upcomming_payment_date=2022-12-07, remaining_amount=490931.53],[]>
2022-10-16 14:03:49 [http-nio-8081-exec-1] INFO  com.capstone.aspect.LoggerAspect - *************************************
2022-10-16 14:04:05 [http-nio-8081-exec-2] WARN  o.s.w.s.m.s.DefaultHandlerExceptionResolver - Resolved [org.springframework.web.method.annotation.MethodArgumentTypeMismatchException: Failed to convert value of type 'java.lang.String' to required type 'int'; nested exception is java.lang.NumberFormatException: For input string: "undefined"]
2022-10-16 14:04:05 [http-nio-8081-exec-3] INFO  com.capstone.aspect.LoggerAspect - Method name: com.capstone.controller.EmiController
2022-10-16 14:04:05 [http-nio-8081-exec-3] INFO  com.capstone.aspect.LoggerAspect - Method arguments:[Ljava.lang.Object;@3522791c
2022-10-16 14:04:05 [http-nio-8081-exec-3] INFO  com.capstone.aspect.LoggerAspect - *************************************
2022-10-16 14:04:05 [http-nio-8081-exec-3] INFO  com.capstone.aspect.LoggerAspect - Method name: com.capstone.service.EmiServiceImp
2022-10-16 14:04:05 [http-nio-8081-exec-3] INFO  com.capstone.aspect.LoggerAspect - Method arguments:[Ljava.lang.Object;@1a96c829
2022-10-16 14:04:05 [http-nio-8081-exec-3] INFO  com.capstone.aspect.LoggerAspect - *************************************
2022-10-16 14:04:05 [http-nio-8081-exec-3] INFO  com.capstone.aspect.LoggerAspect - During: class com.capstone.service.EmiServiceImp.getEmiData() with arguments=emi [s_no=10, loanaccno=202211051, loan_status=active, emi_amount=11973.122, upcomming_payment_date=2022-12-07, remaining_amount=490931.53]
2022-10-16 14:04:05 [http-nio-8081-exec-3] INFO  com.capstone.aspect.LoggerAspect - *************************************
2022-10-16 14:04:05 [http-nio-8081-exec-3] INFO  com.capstone.aspect.LoggerAspect - Method name: com.capstone.service.EmiServiceImp
2022-10-16 14:04:05 [http-nio-8081-exec-3] INFO  com.capstone.aspect.LoggerAspect - Method arguments:[Ljava.lang.Object;@2ce2a0ae
2022-10-16 14:04:05 [http-nio-8081-exec-3] INFO  com.capstone.aspect.LoggerAspect - *************************************
2022-10-16 14:04:05 [http-nio-8081-exec-3] INFO  com.capstone.aspect.LoggerAspect - During: class com.capstone.service.EmiServiceImp.getEmiData() with arguments=emi [s_no=10, loanaccno=202211051, loan_status=active, emi_amount=11973.122, upcomming_payment_date=2022-12-07, remaining_amount=490931.53]
2022-10-16 14:04:05 [http-nio-8081-exec-3] INFO  com.capstone.aspect.LoggerAspect - *************************************
2022-10-16 14:04:05 [http-nio-8081-exec-3] INFO  com.capstone.aspect.LoggerAspect - During: class com.capstone.controller.EmiController.getemiofAccount() with arguments=<200 OK OK,emi [s_no=10, loanaccno=202211051, loan_status=active, emi_amount=11973.122, upcomming_payment_date=2022-12-07, remaining_amount=490931.53],[]>
2022-10-16 14:04:05 [http-nio-8081-exec-3] INFO  com.capstone.aspect.LoggerAspect - *************************************
2022-10-16 14:04:09 [http-nio-8081-exec-4] INFO  com.capstone.aspect.LoggerAspect - Method name: com.capstone.controller.EmiController
2022-10-16 14:04:09 [http-nio-8081-exec-4] INFO  com.capstone.aspect.LoggerAspect - Method arguments:[Ljava.lang.Object;@11c9ae62
2022-10-16 14:04:09 [http-nio-8081-exec-4] INFO  com.capstone.aspect.LoggerAspect - *************************************
2022-10-16 14:04:09 [http-nio-8081-exec-4] INFO  com.capstone.aspect.LoggerAspect - Method name: com.capstone.service.EmiServiceImp
2022-10-16 14:04:09 [http-nio-8081-exec-4] INFO  com.capstone.aspect.LoggerAspect - Method arguments:[Ljava.lang.Object;@6b4a4f59
2022-10-16 14:04:09 [http-nio-8081-exec-4] INFO  com.capstone.aspect.LoggerAspect - *************************************
2022-10-16 14:04:09 [http-nio-8081-exec-4] INFO  com.capstone.aspect.LoggerAspect - During: class com.capstone.service.EmiServiceImp.getEmiData() with arguments=emi [s_no=10, loanaccno=202211051, loan_status=active, emi_amount=11973.122, upcomming_payment_date=2022-12-07, remaining_amount=490931.53]
2022-10-16 14:04:09 [http-nio-8081-exec-4] INFO  com.capstone.aspect.LoggerAspect - *************************************
2022-10-16 14:04:09 [http-nio-8081-exec-4] INFO  com.capstone.aspect.LoggerAspect - Method name: com.capstone.service.EmiServiceImp
2022-10-16 14:04:09 [http-nio-8081-exec-4] INFO  com.capstone.aspect.LoggerAspect - Method arguments:[Ljava.lang.Object;@eb8f278
2022-10-16 14:04:09 [http-nio-8081-exec-4] INFO  com.capstone.aspect.LoggerAspect - *************************************
2022-10-16 14:04:09 [http-nio-8081-exec-4] INFO  com.capstone.aspect.LoggerAspect - During: class com.capstone.service.EmiServiceImp.getEmiData() with arguments=emi [s_no=10, loanaccno=202211051, loan_status=active, emi_amount=11973.122, upcomming_payment_date=2022-12-07, remaining_amount=490931.53]
2022-10-16 14:04:09 [http-nio-8081-exec-4] INFO  com.capstone.aspect.LoggerAspect - *************************************
2022-10-16 14:04:09 [http-nio-8081-exec-4] INFO  com.capstone.aspect.LoggerAspect - During: class com.capstone.controller.EmiController.getemiofAccount() with arguments=<200 OK OK,emi [s_no=10, loanaccno=202211051, loan_status=active, emi_amount=11973.122, upcomming_payment_date=2022-12-07, remaining_amount=490931.53],[]>
2022-10-16 14:04:09 [http-nio-8081-exec-4] INFO  com.capstone.aspect.LoggerAspect - *************************************
2022-10-16 14:04:10 [http-nio-8081-exec-5] INFO  com.capstone.aspect.LoggerAspect - Method name: com.capstone.controller.EmiController
2022-10-16 14:04:10 [http-nio-8081-exec-5] INFO  com.capstone.aspect.LoggerAspect - Method arguments:[Ljava.lang.Object;@26574242
2022-10-16 14:04:10 [http-nio-8081-exec-5] INFO  com.capstone.aspect.LoggerAspect - *************************************
2022-10-16 14:04:10 [http-nio-8081-exec-5] INFO  com.capstone.aspect.LoggerAspect - Method name: com.capstone.service.EmiServiceImp
2022-10-16 14:04:10 [http-nio-8081-exec-5] INFO  com.capstone.aspect.LoggerAspect - Method arguments:[Ljava.lang.Object;@5a09c5f
2022-10-16 14:04:10 [http-nio-8081-exec-5] INFO  com.capstone.aspect.LoggerAspect - *************************************
2022-10-16 14:04:10 [http-nio-8081-exec-5] INFO  com.capstone.aspect.LoggerAspect - During: class com.capstone.service.EmiServiceImp.getEmiData() with arguments=emi [s_no=10, loanaccno=202211051, loan_status=active, emi_amount=11973.122, upcomming_payment_date=2022-12-07, remaining_amount=490931.53]
2022-10-16 14:04:10 [http-nio-8081-exec-5] INFO  com.capstone.aspect.LoggerAspect - *************************************
2022-10-16 14:04:10 [http-nio-8081-exec-5] INFO  com.capstone.aspect.LoggerAspect - Method name: com.capstone.service.EmiServiceImp
2022-10-16 14:04:10 [http-nio-8081-exec-5] INFO  com.capstone.aspect.LoggerAspect - Method arguments:[Ljava.lang.Object;@62ad1ca9
2022-10-16 14:04:10 [http-nio-8081-exec-5] INFO  com.capstone.aspect.LoggerAspect - *************************************
2022-10-16 14:04:10 [http-nio-8081-exec-5] INFO  com.capstone.aspect.LoggerAspect - During: class com.capstone.service.EmiServiceImp.getEmiData() with arguments=emi [s_no=10, loanaccno=202211051, loan_status=active, emi_amount=11973.122, upcomming_payment_date=2022-12-07, remaining_amount=490931.53]
2022-10-16 14:04:10 [http-nio-8081-exec-5] INFO  com.capstone.aspect.LoggerAspect - *************************************
2022-10-16 14:04:10 [http-nio-8081-exec-5] INFO  com.capstone.aspect.LoggerAspect - During: class com.capstone.controller.EmiController.getemiofAccount() with arguments=<200 OK OK,emi [s_no=10, loanaccno=202211051, loan_status=active, emi_amount=11973.122, upcomming_payment_date=2022-12-07, remaining_amount=490931.53],[]>
2022-10-16 14:04:10 [http-nio-8081-exec-5] INFO  com.capstone.aspect.LoggerAspect - *************************************
2022-10-16 14:04:21 [http-nio-8081-exec-6] INFO  com.capstone.aspect.LoggerAspect - Method name: com.capstone.controller.EmiController
2022-10-16 14:04:21 [http-nio-8081-exec-6] INFO  com.capstone.aspect.LoggerAspect - Method arguments:[Ljava.lang.Object;@63bc1463
2022-10-16 14:04:21 [http-nio-8081-exec-6] INFO  com.capstone.aspect.LoggerAspect - *************************************
2022-10-16 14:04:21 [http-nio-8081-exec-6] INFO  com.capstone.aspect.LoggerAspect - Method name: com.capstone.service.EmiServiceImp
2022-10-16 14:04:21 [http-nio-8081-exec-6] INFO  com.capstone.aspect.LoggerAspect - Method arguments:[Ljava.lang.Object;@7dda08a8
2022-10-16 14:04:21 [http-nio-8081-exec-6] INFO  com.capstone.aspect.LoggerAspect - *************************************
2022-10-16 14:04:21 [http-nio-8081-exec-6] INFO  com.capstone.aspect.LoggerAspect - During: class com.capstone.service.EmiServiceImp.getEmiData() with arguments=emi [s_no=10, loanaccno=202211051, loan_status=active, emi_amount=11973.122, upcomming_payment_date=2022-12-07, remaining_amount=490931.53]
2022-10-16 14:04:21 [http-nio-8081-exec-6] INFO  com.capstone.aspect.LoggerAspect - *************************************
2022-10-16 14:04:21 [http-nio-8081-exec-6] INFO  com.capstone.aspect.LoggerAspect - Method name: com.capstone.service.EmiServiceImp
2022-10-16 14:04:21 [http-nio-8081-exec-6] INFO  com.capstone.aspect.LoggerAspect - Method arguments:[Ljava.lang.Object;@72af7345
2022-10-16 14:04:21 [http-nio-8081-exec-6] INFO  com.capstone.aspect.LoggerAspect - *************************************
2022-10-16 14:04:21 [http-nio-8081-exec-6] INFO  com.capstone.aspect.LoggerAspect - During: class com.capstone.service.EmiServiceImp.getEmiData() with arguments=emi [s_no=10, loanaccno=202211051, loan_status=active, emi_amount=11973.122, upcomming_payment_date=2022-12-07, remaining_amount=490931.53]
2022-10-16 14:04:21 [http-nio-8081-exec-6] INFO  com.capstone.aspect.LoggerAspect - *************************************
2022-10-16 14:04:21 [http-nio-8081-exec-6] INFO  com.capstone.aspect.LoggerAspect - During: class com.capstone.controller.EmiController.getemiofAccount() with arguments=<200 OK OK,emi [s_no=10, loanaccno=202211051, loan_status=active, emi_amount=11973.122, upcomming_payment_date=2022-12-07, remaining_amount=490931.53],[]>
2022-10-16 14:04:21 [http-nio-8081-exec-6] INFO  com.capstone.aspect.LoggerAspect - *************************************
2022-10-16 14:04:24 [http-nio-8081-exec-7] INFO  com.capstone.aspect.LoggerAspect - Method name: com.capstone.controller.EmiController
2022-10-16 14:04:24 [http-nio-8081-exec-7] INFO  com.capstone.aspect.LoggerAspect - Method arguments:[Ljava.lang.Object;@7b39f0ac
2022-10-16 14:04:24 [http-nio-8081-exec-7] INFO  com.capstone.aspect.LoggerAspect - *************************************
2022-10-16 14:04:24 [http-nio-8081-exec-7] INFO  com.capstone.aspect.LoggerAspect - Method name: com.capstone.service.EmiServiceImp
2022-10-16 14:04:24 [http-nio-8081-exec-7] INFO  com.capstone.aspect.LoggerAspect - Method arguments:[Ljava.lang.Object;@7556e938
2022-10-16 14:04:24 [http-nio-8081-exec-7] INFO  com.capstone.aspect.LoggerAspect - *************************************
2022-10-16 14:04:24 [http-nio-8081-exec-7] INFO  com.capstone.aspect.LoggerAspect - During: class com.capstone.service.EmiServiceImp.getEmiData() with arguments=emi [s_no=10, loanaccno=202211051, loan_status=active, emi_amount=11973.122, upcomming_payment_date=2022-12-07, remaining_amount=490931.53]
2022-10-16 14:04:24 [http-nio-8081-exec-7] INFO  com.capstone.aspect.LoggerAspect - *************************************
2022-10-16 14:04:24 [http-nio-8081-exec-7] INFO  com.capstone.aspect.LoggerAspect - Method name: com.capstone.service.EmiServiceImp
2022-10-16 14:04:24 [http-nio-8081-exec-7] INFO  com.capstone.aspect.LoggerAspect - Method arguments:[Ljava.lang.Object;@494b640
2022-10-16 14:04:24 [http-nio-8081-exec-7] INFO  com.capstone.aspect.LoggerAspect - *************************************
2022-10-16 14:04:24 [http-nio-8081-exec-7] INFO  com.capstone.aspect.LoggerAspect - During: class com.capstone.service.EmiServiceImp.getEmiData() with arguments=emi [s_no=10, loanaccno=202211051, loan_status=active, emi_amount=11973.122, upcomming_payment_date=2022-12-07, remaining_amount=490931.53]
2022-10-16 14:04:24 [http-nio-8081-exec-7] INFO  com.capstone.aspect.LoggerAspect - *************************************
2022-10-16 14:04:24 [http-nio-8081-exec-7] INFO  com.capstone.aspect.LoggerAspect - During: class com.capstone.controller.EmiController.getemiofAccount() with arguments=<200 OK OK,emi [s_no=10, loanaccno=202211051, loan_status=active, emi_amount=11973.122, upcomming_payment_date=2022-12-07, remaining_amount=490931.53],[]>
2022-10-16 14:04:24 [http-nio-8081-exec-7] INFO  com.capstone.aspect.LoggerAspect - *************************************
2022-10-16 14:04:30 [AsyncResolver-bootstrap-executor-0] INFO  c.n.d.s.r.aws.ConfigClusterResolver - Resolving eureka endpoints via configuration
2022-10-16 14:04:36 [http-nio-8081-exec-9] INFO  com.capstone.aspect.LoggerAspect - Method name: com.capstone.controller.EmiController
2022-10-16 14:04:36 [http-nio-8081-exec-9] INFO  com.capstone.aspect.LoggerAspect - Method arguments:[Ljava.lang.Object;@46e6c0bc
2022-10-16 14:04:36 [http-nio-8081-exec-9] INFO  com.capstone.aspect.LoggerAspect - *************************************
2022-10-16 14:04:36 [http-nio-8081-exec-9] INFO  com.capstone.aspect.LoggerAspect - Method name: com.capstone.service.EmiServiceImp
2022-10-16 14:04:36 [http-nio-8081-exec-9] INFO  com.capstone.aspect.LoggerAspect - Method arguments:[Ljava.lang.Object;@e6392a5
2022-10-16 14:04:36 [http-nio-8081-exec-9] INFO  com.capstone.aspect.LoggerAspect - *************************************
2022-10-16 14:04:36 [http-nio-8081-exec-9] INFO  com.capstone.aspect.LoggerAspect - During: class com.capstone.service.EmiServiceImp.getEmiData() with arguments=emi [s_no=10, loanaccno=202211051, loan_status=active, emi_amount=11973.122, upcomming_payment_date=2022-12-07, remaining_amount=490931.53]
2022-10-16 14:04:36 [http-nio-8081-exec-9] INFO  com.capstone.aspect.LoggerAspect - *************************************
2022-10-16 14:04:36 [http-nio-8081-exec-9] INFO  com.capstone.aspect.LoggerAspect - Method name: com.capstone.service.EmiServiceImp
2022-10-16 14:04:36 [http-nio-8081-exec-9] INFO  com.capstone.aspect.LoggerAspect - Method arguments:[Ljava.lang.Object;@552a722f
2022-10-16 14:04:36 [http-nio-8081-exec-9] INFO  com.capstone.aspect.LoggerAspect - *************************************
2022-10-16 14:04:36 [http-nio-8081-exec-9] INFO  com.capstone.aspect.LoggerAspect - During: class com.capstone.service.EmiServiceImp.getEmiData() with arguments=emi [s_no=10, loanaccno=202211051, loan_status=active, emi_amount=11973.122, upcomming_payment_date=2022-12-07, remaining_amount=490931.53]
2022-10-16 14:04:36 [http-nio-8081-exec-9] INFO  com.capstone.aspect.LoggerAspect - *************************************
2022-10-16 14:04:36 [http-nio-8081-exec-9] INFO  com.capstone.aspect.LoggerAspect - During: class com.capstone.controller.EmiController.getemiofAccount() with arguments=<200 OK OK,emi [s_no=10, loanaccno=202211051, loan_status=active, emi_amount=11973.122, upcomming_payment_date=2022-12-07, remaining_amount=490931.53],[]>
2022-10-16 14:04:36 [http-nio-8081-exec-9] INFO  com.capstone.aspect.LoggerAspect - *************************************
2022-10-16 14:04:42 [http-nio-8081-exec-8] INFO  com.capstone.aspect.LoggerAspect - Method name: com.capstone.controller.EmiController
2022-10-16 14:04:42 [http-nio-8081-exec-8] INFO  com.capstone.aspect.LoggerAspect - Method arguments:[Ljava.lang.Object;@392501bb
2022-10-16 14:04:42 [http-nio-8081-exec-8] INFO  com.capstone.aspect.LoggerAspect - *************************************
2022-10-16 14:04:42 [http-nio-8081-exec-8] INFO  com.capstone.aspect.LoggerAspect - Method name: com.capstone.service.EmiServiceImp
2022-10-16 14:04:42 [http-nio-8081-exec-8] INFO  com.capstone.aspect.LoggerAspect - Method arguments:[Ljava.lang.Object;@182f1298
2022-10-16 14:04:42 [http-nio-8081-exec-8] INFO  com.capstone.aspect.LoggerAspect - *************************************
2022-10-16 14:04:42 [http-nio-8081-exec-8] INFO  com.capstone.aspect.LoggerAspect - During: class com.capstone.service.EmiServiceImp.getEmiData() with arguments=emi [s_no=10, loanaccno=202211051, loan_status=active, emi_amount=11973.122, upcomming_payment_date=2022-12-07, remaining_amount=490931.53]
2022-10-16 14:04:42 [http-nio-8081-exec-8] INFO  com.capstone.aspect.LoggerAspect - *************************************
2022-10-16 14:04:42 [http-nio-8081-exec-8] INFO  com.capstone.aspect.LoggerAspect - Method name: com.capstone.service.EmiServiceImp
2022-10-16 14:04:42 [http-nio-8081-exec-8] INFO  com.capstone.aspect.LoggerAspect - Method arguments:[Ljava.lang.Object;@1213a09d
2022-10-16 14:04:42 [http-nio-8081-exec-8] INFO  com.capstone.aspect.LoggerAspect - *************************************
2022-10-16 14:04:42 [http-nio-8081-exec-8] INFO  com.capstone.aspect.LoggerAspect - During: class com.capstone.service.EmiServiceImp.getEmiData() with arguments=emi [s_no=10, loanaccno=202211051, loan_status=active, emi_amount=11973.122, upcomming_payment_date=2022-12-07, remaining_amount=490931.53]
2022-10-16 14:04:42 [http-nio-8081-exec-8] INFO  com.capstone.aspect.LoggerAspect - *************************************
2022-10-16 14:04:42 [http-nio-8081-exec-8] INFO  com.capstone.aspect.LoggerAspect - During: class com.capstone.controller.EmiController.getemiofAccount() with arguments=<200 OK OK,emi [s_no=10, loanaccno=202211051, loan_status=active, emi_amount=11973.122, upcomming_payment_date=2022-12-07, remaining_amount=490931.53],[]>
2022-10-16 14:04:42 [http-nio-8081-exec-8] INFO  com.capstone.aspect.LoggerAspect - *************************************
2022-10-16 14:04:56 [http-nio-8081-exec-10] INFO  com.capstone.aspect.LoggerAspect - Method name: com.capstone.controller.EmiController
2022-10-16 14:04:56 [http-nio-8081-exec-10] INFO  com.capstone.aspect.LoggerAspect - Method arguments:[Ljava.lang.Object;@62b34e4a
2022-10-16 14:04:56 [http-nio-8081-exec-10] INFO  com.capstone.aspect.LoggerAspect - *************************************
2022-10-16 14:04:56 [http-nio-8081-exec-10] INFO  com.capstone.aspect.LoggerAspect - Method name: com.capstone.service.EmiServiceImp
2022-10-16 14:04:56 [http-nio-8081-exec-10] INFO  com.capstone.aspect.LoggerAspect - Method arguments:[Ljava.lang.Object;@484f0297
2022-10-16 14:04:56 [http-nio-8081-exec-10] INFO  com.capstone.aspect.LoggerAspect - *************************************
2022-10-16 14:04:56 [http-nio-8081-exec-10] INFO  com.capstone.aspect.LoggerAspect - During: class com.capstone.service.EmiServiceImp.updateEMI() with arguments=emi [s_no=10, loanaccno=202211051, loan_status=active, emi_amount=11973.122, upcomming_payment_date=2023-01-07, remaining_amount=481722.2]
2022-10-16 14:04:56 [http-nio-8081-exec-10] INFO  com.capstone.aspect.LoggerAspect - *************************************
2022-10-16 14:04:56 [http-nio-8081-exec-10] INFO  com.capstone.aspect.LoggerAspect - During: class com.capstone.controller.EmiController.updateEMI() with arguments=<200 OK OK,{message=emi updated},[]>
2022-10-16 14:04:56 [http-nio-8081-exec-10] INFO  com.capstone.aspect.LoggerAspect - *************************************
2022-10-16 14:05:00 [http-nio-8081-exec-1] WARN  o.s.w.s.m.s.DefaultHandlerExceptionResolver - Resolved [org.springframework.web.method.annotation.MethodArgumentTypeMismatchException: Failed to convert value of type 'java.lang.String' to required type 'int'; nested exception is java.lang.NumberFormatException: For input string: "undefined"]
2022-10-16 14:05:00 [http-nio-8081-exec-2] INFO  com.capstone.aspect.LoggerAspect - Method name: com.capstone.controller.EmiController
2022-10-16 14:05:00 [http-nio-8081-exec-2] INFO  com.capstone.aspect.LoggerAspect - Method arguments:[Ljava.lang.Object;@60b8fb
2022-10-16 14:05:00 [http-nio-8081-exec-2] INFO  com.capstone.aspect.LoggerAspect - *************************************
2022-10-16 14:05:00 [http-nio-8081-exec-2] INFO  com.capstone.aspect.LoggerAspect - Method name: com.capstone.service.EmiServiceImp
2022-10-16 14:05:00 [http-nio-8081-exec-2] INFO  com.capstone.aspect.LoggerAspect - Method arguments:[Ljava.lang.Object;@343021d5
2022-10-16 14:05:00 [http-nio-8081-exec-2] INFO  com.capstone.aspect.LoggerAspect - *************************************
2022-10-16 14:05:00 [http-nio-8081-exec-2] INFO  com.capstone.aspect.LoggerAspect - During: class com.capstone.service.EmiServiceImp.getEmiData() with arguments=emi [s_no=10, loanaccno=202211051, loan_status=active, emi_amount=11973.122, upcomming_payment_date=2023-01-07, remaining_amount=481722.2]
2022-10-16 14:05:00 [http-nio-8081-exec-2] INFO  com.capstone.aspect.LoggerAspect - *************************************
2022-10-16 14:05:00 [http-nio-8081-exec-2] INFO  com.capstone.aspect.LoggerAspect - Method name: com.capstone.service.EmiServiceImp
2022-10-16 14:05:00 [http-nio-8081-exec-2] INFO  com.capstone.aspect.LoggerAspect - Method arguments:[Ljava.lang.Object;@2c05eaed
2022-10-16 14:05:00 [http-nio-8081-exec-2] INFO  com.capstone.aspect.LoggerAspect - *************************************
2022-10-16 14:05:00 [http-nio-8081-exec-2] INFO  com.capstone.aspect.LoggerAspect - During: class com.capstone.service.EmiServiceImp.getEmiData() with arguments=emi [s_no=10, loanaccno=202211051, loan_status=active, emi_amount=11973.122, upcomming_payment_date=2023-01-07, remaining_amount=481722.2]
2022-10-16 14:05:00 [http-nio-8081-exec-2] INFO  com.capstone.aspect.LoggerAspect - *************************************
2022-10-16 14:05:00 [http-nio-8081-exec-2] INFO  com.capstone.aspect.LoggerAspect - During: class com.capstone.controller.EmiController.getemiofAccount() with arguments=<200 OK OK,emi [s_no=10, loanaccno=202211051, loan_status=active, emi_amount=11973.122, upcomming_payment_date=2023-01-07, remaining_amount=481722.2],[]>
2022-10-16 14:05:00 [http-nio-8081-exec-2] INFO  com.capstone.aspect.LoggerAspect - *************************************
2022-10-16 14:05:16 [http-nio-8081-exec-3] WARN  o.s.w.s.m.s.DefaultHandlerExceptionResolver - Resolved [org.springframework.web.method.annotation.MethodArgumentTypeMismatchException: Failed to convert value of type 'java.lang.String' to required type 'int'; nested exception is java.lang.NumberFormatException: For input string: "undefined"]
2022-10-16 14:05:16 [http-nio-8081-exec-4] INFO  com.capstone.aspect.LoggerAspect - Method name: com.capstone.controller.EmiController
2022-10-16 14:05:16 [http-nio-8081-exec-4] INFO  com.capstone.aspect.LoggerAspect - Method arguments:[Ljava.lang.Object;@464c09c7
2022-10-16 14:05:16 [http-nio-8081-exec-4] INFO  com.capstone.aspect.LoggerAspect - *************************************
2022-10-16 14:05:16 [http-nio-8081-exec-4] INFO  com.capstone.aspect.LoggerAspect - Method name: com.capstone.service.EmiServiceImp
2022-10-16 14:05:16 [http-nio-8081-exec-4] INFO  com.capstone.aspect.LoggerAspect - Method arguments:[Ljava.lang.Object;@1fe0dd42
2022-10-16 14:05:16 [http-nio-8081-exec-4] INFO  com.capstone.aspect.LoggerAspect - *************************************
2022-10-16 14:05:16 [http-nio-8081-exec-4] INFO  com.capstone.aspect.LoggerAspect - During: class com.capstone.service.EmiServiceImp.getEmiData() with arguments=emi [s_no=2, loanaccno=202211012, loan_status=active, emi_amount=4762.067, upcomming_payment_date=2022-12-07, remaining_amount=100037.48]
2022-10-16 14:05:16 [http-nio-8081-exec-4] INFO  com.capstone.aspect.LoggerAspect - *************************************
2022-10-16 14:05:16 [http-nio-8081-exec-4] INFO  com.capstone.aspect.LoggerAspect - Method name: com.capstone.service.EmiServiceImp
2022-10-16 14:05:16 [http-nio-8081-exec-4] INFO  com.capstone.aspect.LoggerAspect - Method arguments:[Ljava.lang.Object;@2f971933
2022-10-16 14:05:16 [http-nio-8081-exec-4] INFO  com.capstone.aspect.LoggerAspect - *************************************
2022-10-16 14:05:16 [http-nio-8081-exec-4] INFO  com.capstone.aspect.LoggerAspect - During: class com.capstone.service.EmiServiceImp.getEmiData() with arguments=emi [s_no=2, loanaccno=202211012, loan_status=active, emi_amount=4762.067, upcomming_payment_date=2022-12-07, remaining_amount=100037.48]
2022-10-16 14:05:16 [http-nio-8081-exec-4] INFO  com.capstone.aspect.LoggerAspect - *************************************
2022-10-16 14:05:16 [http-nio-8081-exec-4] INFO  com.capstone.aspect.LoggerAspect - During: class com.capstone.controller.EmiController.getemiofAccount() with arguments=<200 OK OK,emi [s_no=2, loanaccno=202211012, loan_status=active, emi_amount=4762.067, upcomming_payment_date=2022-12-07, remaining_amount=100037.48],[]>
2022-10-16 14:05:16 [http-nio-8081-exec-4] INFO  com.capstone.aspect.LoggerAspect - *************************************
2022-10-16 14:05:28 [http-nio-8081-exec-5] WARN  o.s.w.s.m.s.DefaultHandlerExceptionResolver - Resolved [org.springframework.web.method.annotation.MethodArgumentTypeMismatchException: Failed to convert value of type 'java.lang.String' to required type 'int'; nested exception is java.lang.NumberFormatException: For input string: "undefined"]
2022-10-16 14:05:28 [http-nio-8081-exec-6] INFO  com.capstone.aspect.LoggerAspect - Method name: com.capstone.controller.EmiController
2022-10-16 14:05:28 [http-nio-8081-exec-6] INFO  com.capstone.aspect.LoggerAspect - Method arguments:[Ljava.lang.Object;@75da1ced
2022-10-16 14:05:28 [http-nio-8081-exec-6] INFO  com.capstone.aspect.LoggerAspect - *************************************
2022-10-16 14:05:28 [http-nio-8081-exec-6] INFO  com.capstone.aspect.LoggerAspect - Method name: com.capstone.service.EmiServiceImp
2022-10-16 14:05:28 [http-nio-8081-exec-6] INFO  com.capstone.aspect.LoggerAspect - Method arguments:[Ljava.lang.Object;@4244bab5
2022-10-16 14:05:28 [http-nio-8081-exec-6] INFO  com.capstone.aspect.LoggerAspect - *************************************
2022-10-16 14:05:28 [http-nio-8081-exec-6] INFO  com.capstone.aspect.LoggerAspect - During: class com.capstone.service.EmiServiceImp.getEmiData() with arguments=emi [s_no=3, loanaccno=202211021, loan_status=closed, emi_amount=0.0, upcomming_payment_date=2022-12-07, remaining_amount=0.0]
2022-10-16 14:05:28 [http-nio-8081-exec-6] INFO  com.capstone.aspect.LoggerAspect - *************************************
2022-10-16 14:05:28 [http-nio-8081-exec-6] INFO  com.capstone.aspect.LoggerAspect - Method name: com.capstone.service.EmiServiceImp
2022-10-16 14:05:28 [http-nio-8081-exec-6] INFO  com.capstone.aspect.LoggerAspect - Method arguments:[Ljava.lang.Object;@75ac4cc6
2022-10-16 14:05:28 [http-nio-8081-exec-6] INFO  com.capstone.aspect.LoggerAspect - *************************************
2022-10-16 14:05:28 [http-nio-8081-exec-6] INFO  com.capstone.aspect.LoggerAspect - During: class com.capstone.service.EmiServiceImp.getEmiData() with arguments=emi [s_no=3, loanaccno=202211021, loan_status=closed, emi_amount=0.0, upcomming_payment_date=2022-12-07, remaining_amount=0.0]
2022-10-16 14:05:28 [http-nio-8081-exec-6] INFO  com.capstone.aspect.LoggerAspect - *************************************
2022-10-16 14:05:28 [http-nio-8081-exec-6] INFO  com.capstone.aspect.LoggerAspect - During: class com.capstone.controller.EmiController.getemiofAccount() with arguments=<200 OK OK,emi [s_no=3, loanaccno=202211021, loan_status=closed, emi_amount=0.0, upcomming_payment_date=2022-12-07, remaining_amount=0.0],[]>
2022-10-16 14:05:28 [http-nio-8081-exec-6] INFO  com.capstone.aspect.LoggerAspect - *************************************
2022-10-16 14:05:44 [http-nio-8081-exec-7] INFO  com.capstone.aspect.LoggerAspect - Method name: com.capstone.controller.EmiController
2022-10-16 14:05:44 [http-nio-8081-exec-7] INFO  com.capstone.aspect.LoggerAspect - Method arguments:[Ljava.lang.Object;@73c7874d
2022-10-16 14:05:44 [http-nio-8081-exec-7] INFO  com.capstone.aspect.LoggerAspect - *************************************
2022-10-16 14:05:44 [http-nio-8081-exec-7] INFO  com.capstone.aspect.LoggerAspect - Method name: com.capstone.service.EmiServiceImp
2022-10-16 14:05:44 [http-nio-8081-exec-7] INFO  com.capstone.aspect.LoggerAspect - Method arguments:[Ljava.lang.Object;@51248875
2022-10-16 14:05:44 [http-nio-8081-exec-7] INFO  com.capstone.aspect.LoggerAspect - *************************************
2022-10-16 14:05:44 [http-nio-8081-exec-7] INFO  com.capstone.aspect.LoggerAspect - During: class com.capstone.service.EmiServiceImp.getEmiData() with arguments=emi [s_no=10, loanaccno=202211051, loan_status=active, emi_amount=11973.122, upcomming_payment_date=2023-01-07, remaining_amount=481722.2]
2022-10-16 14:05:44 [http-nio-8081-exec-7] INFO  com.capstone.aspect.LoggerAspect - *************************************
2022-10-16 14:05:44 [http-nio-8081-exec-7] INFO  com.capstone.aspect.LoggerAspect - Method name: com.capstone.service.EmiServiceImp
2022-10-16 14:05:44 [http-nio-8081-exec-7] INFO  com.capstone.aspect.LoggerAspect - Method arguments:[Ljava.lang.Object;@2b9b6bb4
2022-10-16 14:05:44 [http-nio-8081-exec-7] INFO  com.capstone.aspect.LoggerAspect - *************************************
2022-10-16 14:05:44 [http-nio-8081-exec-7] INFO  com.capstone.aspect.LoggerAspect - During: class com.capstone.service.EmiServiceImp.getEmiData() with arguments=emi [s_no=10, loanaccno=202211051, loan_status=active, emi_amount=11973.122, upcomming_payment_date=2023-01-07, remaining_amount=481722.2]
2022-10-16 14:05:44 [http-nio-8081-exec-7] INFO  com.capstone.aspect.LoggerAspect - *************************************
2022-10-16 14:05:44 [http-nio-8081-exec-7] INFO  com.capstone.aspect.LoggerAspect - During: class com.capstone.controller.EmiController.getemiofAccount() with arguments=<200 OK OK,emi [s_no=10, loanaccno=202211051, loan_status=active, emi_amount=11973.122, upcomming_payment_date=2023-01-07, remaining_amount=481722.2],[]>
2022-10-16 14:05:44 [http-nio-8081-exec-7] INFO  com.capstone.aspect.LoggerAspect - *************************************
2022-10-16 14:05:52 [http-nio-8081-exec-9] INFO  com.capstone.aspect.LoggerAspect - Method name: com.capstone.controller.EmiController
2022-10-16 14:05:52 [http-nio-8081-exec-9] INFO  com.capstone.aspect.LoggerAspect - Method arguments:[Ljava.lang.Object;@1df54cc
2022-10-16 14:05:52 [http-nio-8081-exec-9] INFO  com.capstone.aspect.LoggerAspect - *************************************
2022-10-16 14:05:52 [http-nio-8081-exec-9] INFO  com.capstone.aspect.LoggerAspect - Method name: com.capstone.service.EmiServiceImp
2022-10-16 14:05:52 [http-nio-8081-exec-9] INFO  com.capstone.aspect.LoggerAspect - Method arguments:[Ljava.lang.Object;@27178f1f
2022-10-16 14:05:52 [http-nio-8081-exec-9] INFO  com.capstone.aspect.LoggerAspect - *************************************
2022-10-16 14:05:52 [http-nio-8081-exec-9] INFO  com.capstone.aspect.LoggerAspect - During: class com.capstone.service.EmiServiceImp.getEmiData() with arguments=emi [s_no=10, loanaccno=202211051, loan_status=active, emi_amount=11973.122, upcomming_payment_date=2023-01-07, remaining_amount=481722.2]
2022-10-16 14:05:52 [http-nio-8081-exec-9] INFO  com.capstone.aspect.LoggerAspect - *************************************
2022-10-16 14:05:52 [http-nio-8081-exec-9] INFO  com.capstone.aspect.LoggerAspect - Method name: com.capstone.service.EmiServiceImp
2022-10-16 14:05:52 [http-nio-8081-exec-9] INFO  com.capstone.aspect.LoggerAspect - Method arguments:[Ljava.lang.Object;@11fb0ade
2022-10-16 14:05:52 [http-nio-8081-exec-9] INFO  com.capstone.aspect.LoggerAspect - *************************************
2022-10-16 14:05:52 [http-nio-8081-exec-9] INFO  com.capstone.aspect.LoggerAspect - During: class com.capstone.service.EmiServiceImp.getEmiData() with arguments=emi [s_no=10, loanaccno=202211051, loan_status=active, emi_amount=11973.122, upcomming_payment_date=2023-01-07, remaining_amount=481722.2]
2022-10-16 14:05:52 [http-nio-8081-exec-9] INFO  com.capstone.aspect.LoggerAspect - *************************************
2022-10-16 14:05:52 [http-nio-8081-exec-9] INFO  com.capstone.aspect.LoggerAspect - During: class com.capstone.controller.EmiController.getemiofAccount() with arguments=<200 OK OK,emi [s_no=10, loanaccno=202211051, loan_status=active, emi_amount=11973.122, upcomming_payment_date=2023-01-07, remaining_amount=481722.2],[]>
2022-10-16 14:05:52 [http-nio-8081-exec-9] INFO  com.capstone.aspect.LoggerAspect - *************************************
2022-10-16 14:09:30 [AsyncResolver-bootstrap-executor-0] INFO  c.n.d.s.r.aws.ConfigClusterResolver - Resolving eureka endpoints via configuration
2022-10-16 14:14:30 [AsyncResolver-bootstrap-executor-0] INFO  c.n.d.s.r.aws.ConfigClusterResolver - Resolving eureka endpoints via configuration
2022-10-16 14:19:30 [AsyncResolver-bootstrap-executor-0] INFO  c.n.d.s.r.aws.ConfigClusterResolver - Resolving eureka endpoints via configuration
2022-10-16 14:24:30 [AsyncResolver-bootstrap-executor-0] INFO  c.n.d.s.r.aws.ConfigClusterResolver - Resolving eureka endpoints via configuration
2022-10-16 14:29:30 [AsyncResolver-bootstrap-executor-0] INFO  c.n.d.s.r.aws.ConfigClusterResolver - Resolving eureka endpoints via configuration
2022-10-16 14:34:30 [AsyncResolver-bootstrap-executor-0] INFO  c.n.d.s.r.aws.ConfigClusterResolver - Resolving eureka endpoints via configuration
2022-10-16 14:39:30 [AsyncResolver-bootstrap-executor-0] INFO  c.n.d.s.r.aws.ConfigClusterResolver - Resolving eureka endpoints via configuration
2022-10-16 14:44:30 [AsyncResolver-bootstrap-executor-0] INFO  c.n.d.s.r.aws.ConfigClusterResolver - Resolving eureka endpoints via configuration
2022-10-16 14:46:33 [http-nio-8081-exec-10] INFO  com.capstone.aspect.LoggerAspect - Method name: com.capstone.controller.EmiController
2022-10-16 14:46:33 [http-nio-8081-exec-10] INFO  com.capstone.aspect.LoggerAspect - Method arguments:[Ljava.lang.Object;@13785659
2022-10-16 14:46:33 [http-nio-8081-exec-10] INFO  com.capstone.aspect.LoggerAspect - *************************************
2022-10-16 14:46:33 [http-nio-8081-exec-10] INFO  com.capstone.aspect.LoggerAspect - Method name: com.capstone.service.EmiServiceImp
2022-10-16 14:46:33 [http-nio-8081-exec-10] INFO  com.capstone.aspect.LoggerAspect - Method arguments:[Ljava.lang.Object;@4b4af1c9
2022-10-16 14:46:33 [http-nio-8081-exec-10] INFO  com.capstone.aspect.LoggerAspect - *************************************
2022-10-16 14:46:33 [http-nio-8081-exec-10] INFO  com.capstone.aspect.LoggerAspect - During: class com.capstone.service.EmiServiceImp.getEmiData() with arguments=emi [s_no=10, loanaccno=202211051, loan_status=active, emi_amount=11973.122, upcomming_payment_date=2023-01-07, remaining_amount=481722.2]
2022-10-16 14:46:33 [http-nio-8081-exec-10] INFO  com.capstone.aspect.LoggerAspect - *************************************
2022-10-16 14:46:33 [http-nio-8081-exec-10] INFO  com.capstone.aspect.LoggerAspect - Method name: com.capstone.service.EmiServiceImp
2022-10-16 14:46:33 [http-nio-8081-exec-10] INFO  com.capstone.aspect.LoggerAspect - Method arguments:[Ljava.lang.Object;@69e36dc3
2022-10-16 14:46:33 [http-nio-8081-exec-10] INFO  com.capstone.aspect.LoggerAspect - *************************************
2022-10-16 14:46:33 [http-nio-8081-exec-10] INFO  com.capstone.aspect.LoggerAspect - During: class com.capstone.service.EmiServiceImp.getEmiData() with arguments=emi [s_no=10, loanaccno=202211051, loan_status=active, emi_amount=11973.122, upcomming_payment_date=2023-01-07, remaining_amount=481722.2]
2022-10-16 14:46:33 [http-nio-8081-exec-10] INFO  com.capstone.aspect.LoggerAspect - *************************************
2022-10-16 14:46:33 [http-nio-8081-exec-10] INFO  com.capstone.aspect.LoggerAspect - During: class com.capstone.controller.EmiController.getemiofAccount() with arguments=<200 OK OK,emi [s_no=10, loanaccno=202211051, loan_status=active, emi_amount=11973.122, upcomming_payment_date=2023-01-07, remaining_amount=481722.2],[]>
2022-10-16 14:46:33 [http-nio-8081-exec-10] INFO  com.capstone.aspect.LoggerAspect - *************************************
2022-10-16 14:46:52 [http-nio-8081-exec-1] INFO  com.capstone.aspect.LoggerAspect - Method name: com.capstone.controller.EmiController
2022-10-16 14:46:52 [http-nio-8081-exec-1] INFO  com.capstone.aspect.LoggerAspect - Method arguments:[Ljava.lang.Object;@157c69aa
2022-10-16 14:46:52 [http-nio-8081-exec-1] INFO  com.capstone.aspect.LoggerAspect - *************************************
2022-10-16 14:46:52 [http-nio-8081-exec-1] INFO  com.capstone.aspect.LoggerAspect - Method name: com.capstone.service.EmiServiceImp
2022-10-16 14:46:52 [http-nio-8081-exec-1] INFO  com.capstone.aspect.LoggerAspect - Method arguments:[Ljava.lang.Object;@3b2cd648
2022-10-16 14:46:52 [http-nio-8081-exec-1] INFO  com.capstone.aspect.LoggerAspect - *************************************
2022-10-16 14:46:52 [http-nio-8081-exec-1] INFO  com.capstone.aspect.LoggerAspect - During: class com.capstone.service.EmiServiceImp.getEmiData() with arguments=emi [s_no=10, loanaccno=202211051, loan_status=active, emi_amount=11973.122, upcomming_payment_date=2023-01-07, remaining_amount=481722.2]
2022-10-16 14:46:52 [http-nio-8081-exec-1] INFO  com.capstone.aspect.LoggerAspect - *************************************
2022-10-16 14:46:52 [http-nio-8081-exec-1] INFO  com.capstone.aspect.LoggerAspect - Method name: com.capstone.service.EmiServiceImp
2022-10-16 14:46:52 [http-nio-8081-exec-1] INFO  com.capstone.aspect.LoggerAspect - Method arguments:[Ljava.lang.Object;@5da7a814
2022-10-16 14:46:52 [http-nio-8081-exec-1] INFO  com.capstone.aspect.LoggerAspect - *************************************
2022-10-16 14:46:52 [http-nio-8081-exec-1] INFO  com.capstone.aspect.LoggerAspect - During: class com.capstone.service.EmiServiceImp.getEmiData() with arguments=emi [s_no=10, loanaccno=202211051, loan_status=active, emi_amount=11973.122, upcomming_payment_date=2023-01-07, remaining_amount=481722.2]
2022-10-16 14:46:53 [http-nio-8081-exec-1] INFO  com.capstone.aspect.LoggerAspect - *************************************
2022-10-16 14:46:53 [http-nio-8081-exec-1] INFO  com.capstone.aspect.LoggerAspect - During: class com.capstone.controller.EmiController.getemiofAccount() with arguments=<200 OK OK,emi [s_no=10, loanaccno=202211051, loan_status=active, emi_amount=11973.122, upcomming_payment_date=2023-01-07, remaining_amount=481722.2],[]>
2022-10-16 14:46:53 [http-nio-8081-exec-1] INFO  com.capstone.aspect.LoggerAspect - *************************************
2022-10-16 14:46:57 [http-nio-8081-exec-2] INFO  com.capstone.aspect.LoggerAspect - Method name: com.capstone.controller.EmiController
2022-10-16 14:46:57 [http-nio-8081-exec-2] INFO  com.capstone.aspect.LoggerAspect - Method arguments:[Ljava.lang.Object;@628c828b
2022-10-16 14:46:57 [http-nio-8081-exec-2] INFO  com.capstone.aspect.LoggerAspect - *************************************
2022-10-16 14:46:57 [http-nio-8081-exec-2] INFO  com.capstone.aspect.LoggerAspect - Method name: com.capstone.service.EmiServiceImp
2022-10-16 14:46:57 [http-nio-8081-exec-2] INFO  com.capstone.aspect.LoggerAspect - Method arguments:[Ljava.lang.Object;@94d2553
2022-10-16 14:46:57 [http-nio-8081-exec-2] INFO  com.capstone.aspect.LoggerAspect - *************************************
2022-10-16 14:46:57 [http-nio-8081-exec-2] INFO  com.capstone.aspect.LoggerAspect - During: class com.capstone.service.EmiServiceImp.getEmiData() with arguments=emi [s_no=10, loanaccno=202211051, loan_status=active, emi_amount=11973.122, upcomming_payment_date=2023-01-07, remaining_amount=481722.2]
2022-10-16 14:46:57 [http-nio-8081-exec-2] INFO  com.capstone.aspect.LoggerAspect - *************************************
2022-10-16 14:46:57 [http-nio-8081-exec-2] INFO  com.capstone.aspect.LoggerAspect - Method name: com.capstone.service.EmiServiceImp
2022-10-16 14:46:57 [http-nio-8081-exec-2] INFO  com.capstone.aspect.LoggerAspect - Method arguments:[Ljava.lang.Object;@7845b0e2
2022-10-16 14:46:57 [http-nio-8081-exec-2] INFO  com.capstone.aspect.LoggerAspect - *************************************
2022-10-16 14:46:57 [http-nio-8081-exec-2] INFO  com.capstone.aspect.LoggerAspect - During: class com.capstone.service.EmiServiceImp.getEmiData() with arguments=emi [s_no=10, loanaccno=202211051, loan_status=active, emi_amount=11973.122, upcomming_payment_date=2023-01-07, remaining_amount=481722.2]
2022-10-16 14:46:57 [http-nio-8081-exec-2] INFO  com.capstone.aspect.LoggerAspect - *************************************
2022-10-16 14:46:57 [http-nio-8081-exec-2] INFO  com.capstone.aspect.LoggerAspect - During: class com.capstone.controller.EmiController.getemiofAccount() with arguments=<200 OK OK,emi [s_no=10, loanaccno=202211051, loan_status=active, emi_amount=11973.122, upcomming_payment_date=2023-01-07, remaining_amount=481722.2],[]>
2022-10-16 14:46:57 [http-nio-8081-exec-2] INFO  com.capstone.aspect.LoggerAspect - *************************************
2022-10-16 14:47:08 [http-nio-8081-exec-3] INFO  com.capstone.aspect.LoggerAspect - Method name: com.capstone.controller.EmiController
2022-10-16 14:47:08 [http-nio-8081-exec-3] INFO  com.capstone.aspect.LoggerAspect - Method arguments:[Ljava.lang.Object;@1aa9d32f
2022-10-16 14:47:08 [http-nio-8081-exec-3] INFO  com.capstone.aspect.LoggerAspect - *************************************
2022-10-16 14:47:08 [http-nio-8081-exec-3] INFO  com.capstone.aspect.LoggerAspect - Method name: com.capstone.service.EmiServiceImp
2022-10-16 14:47:08 [http-nio-8081-exec-3] INFO  com.capstone.aspect.LoggerAspect - Method arguments:[Ljava.lang.Object;@786f4920
2022-10-16 14:47:08 [http-nio-8081-exec-3] INFO  com.capstone.aspect.LoggerAspect - *************************************
2022-10-16 14:47:08 [http-nio-8081-exec-3] INFO  com.capstone.aspect.LoggerAspect - During: class com.capstone.service.EmiServiceImp.getEmiData() with arguments=emi [s_no=10, loanaccno=202211051, loan_status=active, emi_amount=11973.122, upcomming_payment_date=2023-01-07, remaining_amount=481722.2]
2022-10-16 14:47:08 [http-nio-8081-exec-3] INFO  com.capstone.aspect.LoggerAspect - *************************************
2022-10-16 14:47:08 [http-nio-8081-exec-3] INFO  com.capstone.aspect.LoggerAspect - Method name: com.capstone.service.EmiServiceImp
2022-10-16 14:47:08 [http-nio-8081-exec-3] INFO  com.capstone.aspect.LoggerAspect - Method arguments:[Ljava.lang.Object;@47e1be31
2022-10-16 14:47:08 [http-nio-8081-exec-3] INFO  com.capstone.aspect.LoggerAspect - *************************************
2022-10-16 14:47:10 [http-nio-8081-exec-3] INFO  com.capstone.aspect.LoggerAspect - During: class com.capstone.service.EmiServiceImp.getEmiData() with arguments=emi [s_no=10, loanaccno=202211051, loan_status=active, emi_amount=11973.122, upcomming_payment_date=2023-01-07, remaining_amount=481722.2]
2022-10-16 14:47:10 [http-nio-8081-exec-3] INFO  com.capstone.aspect.LoggerAspect - *************************************
2022-10-16 14:47:10 [http-nio-8081-exec-3] INFO  com.capstone.aspect.LoggerAspect - During: class com.capstone.controller.EmiController.getemiofAccount() with arguments=<200 OK OK,emi [s_no=10, loanaccno=202211051, loan_status=active, emi_amount=11973.122, upcomming_payment_date=2023-01-07, remaining_amount=481722.2],[]>
2022-10-16 14:47:10 [http-nio-8081-exec-3] INFO  com.capstone.aspect.LoggerAspect - *************************************
2022-10-16 14:47:11 [http-nio-8081-exec-4] INFO  com.capstone.aspect.LoggerAspect - Method name: com.capstone.controller.EmiController
2022-10-16 14:47:11 [http-nio-8081-exec-4] INFO  com.capstone.aspect.LoggerAspect - Method arguments:[Ljava.lang.Object;@19c65cc9
2022-10-16 14:47:11 [http-nio-8081-exec-4] INFO  com.capstone.aspect.LoggerAspect - *************************************
2022-10-16 14:47:11 [http-nio-8081-exec-4] INFO  com.capstone.aspect.LoggerAspect - Method name: com.capstone.service.EmiServiceImp
2022-10-16 14:47:11 [http-nio-8081-exec-4] INFO  com.capstone.aspect.LoggerAspect - Method arguments:[Ljava.lang.Object;@1559921d
2022-10-16 14:47:11 [http-nio-8081-exec-4] INFO  com.capstone.aspect.LoggerAspect - *************************************
2022-10-16 14:47:11 [http-nio-8081-exec-4] INFO  com.capstone.aspect.LoggerAspect - During: class com.capstone.service.EmiServiceImp.getEmiData() with arguments=emi [s_no=10, loanaccno=202211051, loan_status=active, emi_amount=11973.122, upcomming_payment_date=2023-01-07, remaining_amount=481722.2]
2022-10-16 14:47:11 [http-nio-8081-exec-4] INFO  com.capstone.aspect.LoggerAspect - *************************************
2022-10-16 14:47:11 [http-nio-8081-exec-4] INFO  com.capstone.aspect.LoggerAspect - Method name: com.capstone.service.EmiServiceImp
2022-10-16 14:47:11 [http-nio-8081-exec-4] INFO  com.capstone.aspect.LoggerAspect - Method arguments:[Ljava.lang.Object;@6dac3b21
2022-10-16 14:47:11 [http-nio-8081-exec-4] INFO  com.capstone.aspect.LoggerAspect - *************************************
2022-10-16 14:47:11 [http-nio-8081-exec-4] INFO  com.capstone.aspect.LoggerAspect - During: class com.capstone.service.EmiServiceImp.getEmiData() with arguments=emi [s_no=10, loanaccno=202211051, loan_status=active, emi_amount=11973.122, upcomming_payment_date=2023-01-07, remaining_amount=481722.2]
2022-10-16 14:47:11 [http-nio-8081-exec-4] INFO  com.capstone.aspect.LoggerAspect - *************************************
2022-10-16 14:47:11 [http-nio-8081-exec-4] INFO  com.capstone.aspect.LoggerAspect - During: class com.capstone.controller.EmiController.getemiofAccount() with arguments=<200 OK OK,emi [s_no=10, loanaccno=202211051, loan_status=active, emi_amount=11973.122, upcomming_payment_date=2023-01-07, remaining_amount=481722.2],[]>
2022-10-16 14:47:11 [http-nio-8081-exec-4] INFO  com.capstone.aspect.LoggerAspect - *************************************
2022-10-16 14:47:13 [http-nio-8081-exec-5] INFO  com.capstone.aspect.LoggerAspect - Method name: com.capstone.controller.EmiController
2022-10-16 14:47:13 [http-nio-8081-exec-5] INFO  com.capstone.aspect.LoggerAspect - Method arguments:[Ljava.lang.Object;@42696cbe
2022-10-16 14:47:13 [http-nio-8081-exec-5] INFO  com.capstone.aspect.LoggerAspect - *************************************
2022-10-16 14:47:13 [http-nio-8081-exec-5] INFO  com.capstone.aspect.LoggerAspect - Method name: com.capstone.service.EmiServiceImp
2022-10-16 14:47:13 [http-nio-8081-exec-5] INFO  com.capstone.aspect.LoggerAspect - Method arguments:[Ljava.lang.Object;@465fdba5
2022-10-16 14:47:13 [http-nio-8081-exec-5] INFO  com.capstone.aspect.LoggerAspect - *************************************
2022-10-16 14:47:13 [http-nio-8081-exec-5] INFO  com.capstone.aspect.LoggerAspect - During: class com.capstone.service.EmiServiceImp.getEmiData() with arguments=emi [s_no=10, loanaccno=202211051, loan_status=active, emi_amount=11973.122, upcomming_payment_date=2023-01-07, remaining_amount=481722.2]
2022-10-16 14:47:13 [http-nio-8081-exec-5] INFO  com.capstone.aspect.LoggerAspect - *************************************
2022-10-16 14:47:13 [http-nio-8081-exec-5] INFO  com.capstone.aspect.LoggerAspect - Method name: com.capstone.service.EmiServiceImp
2022-10-16 14:47:13 [http-nio-8081-exec-5] INFO  com.capstone.aspect.LoggerAspect - Method arguments:[Ljava.lang.Object;@64fa1f1d
2022-10-16 14:47:13 [http-nio-8081-exec-5] INFO  com.capstone.aspect.LoggerAspect - *************************************
2022-10-16 14:47:13 [http-nio-8081-exec-5] INFO  com.capstone.aspect.LoggerAspect - During: class com.capstone.service.EmiServiceImp.getEmiData() with arguments=emi [s_no=10, loanaccno=202211051, loan_status=active, emi_amount=11973.122, upcomming_payment_date=2023-01-07, remaining_amount=481722.2]
2022-10-16 14:47:13 [http-nio-8081-exec-5] INFO  com.capstone.aspect.LoggerAspect - *************************************
2022-10-16 14:47:13 [http-nio-8081-exec-5] INFO  com.capstone.aspect.LoggerAspect - During: class com.capstone.controller.EmiController.getemiofAccount() with arguments=<200 OK OK,emi [s_no=10, loanaccno=202211051, loan_status=active, emi_amount=11973.122, upcomming_payment_date=2023-01-07, remaining_amount=481722.2],[]>
2022-10-16 14:47:13 [http-nio-8081-exec-5] INFO  com.capstone.aspect.LoggerAspect - *************************************
2022-10-16 14:47:20 [http-nio-8081-exec-6] INFO  com.capstone.aspect.LoggerAspect - Method name: com.capstone.controller.EmiController
2022-10-16 14:47:20 [http-nio-8081-exec-6] INFO  com.capstone.aspect.LoggerAspect - Method arguments:[Ljava.lang.Object;@51f5bb4a
2022-10-16 14:47:20 [http-nio-8081-exec-6] INFO  com.capstone.aspect.LoggerAspect - *************************************
2022-10-16 14:47:20 [http-nio-8081-exec-6] INFO  com.capstone.aspect.LoggerAspect - Method name: com.capstone.service.EmiServiceImp
2022-10-16 14:47:20 [http-nio-8081-exec-6] INFO  com.capstone.aspect.LoggerAspect - Method arguments:[Ljava.lang.Object;@4c395a5f
2022-10-16 14:47:20 [http-nio-8081-exec-6] INFO  com.capstone.aspect.LoggerAspect - *************************************
2022-10-16 14:47:20 [http-nio-8081-exec-6] INFO  com.capstone.aspect.LoggerAspect - During: class com.capstone.service.EmiServiceImp.getEmiData() with arguments=emi [s_no=10, loanaccno=202211051, loan_status=active, emi_amount=11973.122, upcomming_payment_date=2023-01-07, remaining_amount=481722.2]
2022-10-16 14:47:20 [http-nio-8081-exec-6] INFO  com.capstone.aspect.LoggerAspect - *************************************
2022-10-16 14:47:20 [http-nio-8081-exec-6] INFO  com.capstone.aspect.LoggerAspect - Method name: com.capstone.service.EmiServiceImp
2022-10-16 14:47:20 [http-nio-8081-exec-6] INFO  com.capstone.aspect.LoggerAspect - Method arguments:[Ljava.lang.Object;@1424ab66
2022-10-16 14:47:20 [http-nio-8081-exec-6] INFO  com.capstone.aspect.LoggerAspect - *************************************
2022-10-16 14:47:20 [http-nio-8081-exec-6] INFO  com.capstone.aspect.LoggerAspect - During: class com.capstone.service.EmiServiceImp.getEmiData() with arguments=emi [s_no=10, loanaccno=202211051, loan_status=active, emi_amount=11973.122, upcomming_payment_date=2023-01-07, remaining_amount=481722.2]
2022-10-16 14:47:20 [http-nio-8081-exec-6] INFO  com.capstone.aspect.LoggerAspect - *************************************
2022-10-16 14:47:20 [http-nio-8081-exec-6] INFO  com.capstone.aspect.LoggerAspect - During: class com.capstone.controller.EmiController.getemiofAccount() with arguments=<200 OK OK,emi [s_no=10, loanaccno=202211051, loan_status=active, emi_amount=11973.122, upcomming_payment_date=2023-01-07, remaining_amount=481722.2],[]>
2022-10-16 14:47:20 [http-nio-8081-exec-6] INFO  com.capstone.aspect.LoggerAspect - *************************************
2022-10-16 14:49:30 [AsyncResolver-bootstrap-executor-0] INFO  c.n.d.s.r.aws.ConfigClusterResolver - Resolving eureka endpoints via configuration
2022-10-16 14:51:20 [http-nio-8081-exec-9] INFO  com.capstone.aspect.LoggerAspect - Method name: com.capstone.controller.EmiController
2022-10-16 14:51:20 [http-nio-8081-exec-9] INFO  com.capstone.aspect.LoggerAspect - Method arguments:[Ljava.lang.Object;@3f38f358
2022-10-16 14:51:20 [http-nio-8081-exec-9] INFO  com.capstone.aspect.LoggerAspect - *************************************
2022-10-16 14:51:20 [http-nio-8081-exec-9] INFO  com.capstone.aspect.LoggerAspect - Method name: com.capstone.service.EmiServiceImp
2022-10-16 14:51:20 [http-nio-8081-exec-9] INFO  com.capstone.aspect.LoggerAspect - Method arguments:[Ljava.lang.Object;@4c3d2a7e
2022-10-16 14:51:20 [http-nio-8081-exec-9] INFO  com.capstone.aspect.LoggerAspect - *************************************
2022-10-16 14:51:20 [http-nio-8081-exec-9] INFO  com.capstone.aspect.LoggerAspect - During: class com.capstone.service.EmiServiceImp.getEmiData() with arguments=emi [s_no=10, loanaccno=202211051, loan_status=active, emi_amount=11973.122, upcomming_payment_date=2023-01-07, remaining_amount=481722.2]
2022-10-16 14:51:20 [http-nio-8081-exec-9] INFO  com.capstone.aspect.LoggerAspect - *************************************
2022-10-16 14:51:20 [http-nio-8081-exec-9] INFO  com.capstone.aspect.LoggerAspect - Method name: com.capstone.service.EmiServiceImp
2022-10-16 14:51:20 [http-nio-8081-exec-9] INFO  com.capstone.aspect.LoggerAspect - Method arguments:[Ljava.lang.Object;@58eb8768
2022-10-16 14:51:20 [http-nio-8081-exec-9] INFO  com.capstone.aspect.LoggerAspect - *************************************
2022-10-16 14:51:20 [http-nio-8081-exec-9] INFO  com.capstone.aspect.LoggerAspect - During: class com.capstone.service.EmiServiceImp.getEmiData() with arguments=emi [s_no=10, loanaccno=202211051, loan_status=active, emi_amount=11973.122, upcomming_payment_date=2023-01-07, remaining_amount=481722.2]
2022-10-16 14:51:20 [http-nio-8081-exec-9] INFO  com.capstone.aspect.LoggerAspect - *************************************
2022-10-16 14:51:20 [http-nio-8081-exec-9] INFO  com.capstone.aspect.LoggerAspect - During: class com.capstone.controller.EmiController.getemiofAccount() with arguments=<200 OK OK,emi [s_no=10, loanaccno=202211051, loan_status=active, emi_amount=11973.122, upcomming_payment_date=2023-01-07, remaining_amount=481722.2],[]>
2022-10-16 14:51:20 [http-nio-8081-exec-9] INFO  com.capstone.aspect.LoggerAspect - *************************************
2022-10-16 14:51:22 [http-nio-8081-exec-8] INFO  com.capstone.aspect.LoggerAspect - Method name: com.capstone.controller.EmiController
2022-10-16 14:51:22 [http-nio-8081-exec-8] INFO  com.capstone.aspect.LoggerAspect - Method arguments:[Ljava.lang.Object;@22b446a8
2022-10-16 14:51:22 [http-nio-8081-exec-8] INFO  com.capstone.aspect.LoggerAspect - *************************************
2022-10-16 14:51:22 [http-nio-8081-exec-8] INFO  com.capstone.aspect.LoggerAspect - Method name: com.capstone.service.EmiServiceImp
2022-10-16 14:51:22 [http-nio-8081-exec-8] INFO  com.capstone.aspect.LoggerAspect - Method arguments:[Ljava.lang.Object;@7896e564
2022-10-16 14:51:22 [http-nio-8081-exec-8] INFO  com.capstone.aspect.LoggerAspect - *************************************
2022-10-16 14:51:22 [http-nio-8081-exec-8] INFO  com.capstone.aspect.LoggerAspect - During: class com.capstone.service.EmiServiceImp.getEmiData() with arguments=emi [s_no=10, loanaccno=202211051, loan_status=active, emi_amount=11973.122, upcomming_payment_date=2023-01-07, remaining_amount=481722.2]
2022-10-16 14:51:22 [http-nio-8081-exec-8] INFO  com.capstone.aspect.LoggerAspect - *************************************
2022-10-16 14:51:22 [http-nio-8081-exec-8] INFO  com.capstone.aspect.LoggerAspect - Method name: com.capstone.service.EmiServiceImp
2022-10-16 14:51:22 [http-nio-8081-exec-8] INFO  com.capstone.aspect.LoggerAspect - Method arguments:[Ljava.lang.Object;@5defb008
2022-10-16 14:51:22 [http-nio-8081-exec-8] INFO  com.capstone.aspect.LoggerAspect - *************************************
2022-10-16 14:51:22 [http-nio-8081-exec-8] INFO  com.capstone.aspect.LoggerAspect - During: class com.capstone.service.EmiServiceImp.getEmiData() with arguments=emi [s_no=10, loanaccno=202211051, loan_status=active, emi_amount=11973.122, upcomming_payment_date=2023-01-07, remaining_amount=481722.2]
2022-10-16 14:51:22 [http-nio-8081-exec-8] INFO  com.capstone.aspect.LoggerAspect - *************************************
2022-10-16 14:51:22 [http-nio-8081-exec-8] INFO  com.capstone.aspect.LoggerAspect - During: class com.capstone.controller.EmiController.getemiofAccount() with arguments=<200 OK OK,emi [s_no=10, loanaccno=202211051, loan_status=active, emi_amount=11973.122, upcomming_payment_date=2023-01-07, remaining_amount=481722.2],[]>
2022-10-16 14:51:22 [http-nio-8081-exec-8] INFO  com.capstone.aspect.LoggerAspect - *************************************
2022-10-16 14:51:36 [http-nio-8081-exec-1] INFO  com.capstone.aspect.LoggerAspect - Method name: com.capstone.controller.EmiController
2022-10-16 14:51:36 [http-nio-8081-exec-1] INFO  com.capstone.aspect.LoggerAspect - Method arguments:[Ljava.lang.Object;@f7cf568
2022-10-16 14:51:36 [http-nio-8081-exec-1] INFO  com.capstone.aspect.LoggerAspect - *************************************
2022-10-16 14:51:36 [http-nio-8081-exec-1] INFO  com.capstone.aspect.LoggerAspect - Method name: com.capstone.service.EmiServiceImp
2022-10-16 14:51:36 [http-nio-8081-exec-1] INFO  com.capstone.aspect.LoggerAspect - Method arguments:[Ljava.lang.Object;@331494f5
2022-10-16 14:51:36 [http-nio-8081-exec-1] INFO  com.capstone.aspect.LoggerAspect - *************************************
2022-10-16 14:51:36 [http-nio-8081-exec-10] WARN  o.s.w.s.m.s.DefaultHandlerExceptionResolver - Resolved [org.springframework.web.method.annotation.MethodArgumentTypeMismatchException: Failed to convert value of type 'java.lang.String' to required type 'int'; nested exception is java.lang.NumberFormatException: For input string: "undefined"]
2022-10-16 14:51:36 [http-nio-8081-exec-1] INFO  com.capstone.aspect.LoggerAspect - During: class com.capstone.service.EmiServiceImp.getEmiData() with arguments=emi [s_no=10, loanaccno=202211051, loan_status=active, emi_amount=11973.122, upcomming_payment_date=2023-01-07, remaining_amount=481722.2]
2022-10-16 14:51:36 [http-nio-8081-exec-1] INFO  com.capstone.aspect.LoggerAspect - *************************************
2022-10-16 14:51:36 [http-nio-8081-exec-1] INFO  com.capstone.aspect.LoggerAspect - Method name: com.capstone.service.EmiServiceImp
2022-10-16 14:51:36 [http-nio-8081-exec-1] INFO  com.capstone.aspect.LoggerAspect - Method arguments:[Ljava.lang.Object;@742d7585
2022-10-16 14:51:36 [http-nio-8081-exec-1] INFO  com.capstone.aspect.LoggerAspect - *************************************
2022-10-16 14:51:36 [http-nio-8081-exec-1] INFO  com.capstone.aspect.LoggerAspect - During: class com.capstone.service.EmiServiceImp.getEmiData() with arguments=emi [s_no=10, loanaccno=202211051, loan_status=active, emi_amount=11973.122, upcomming_payment_date=2023-01-07, remaining_amount=481722.2]
2022-10-16 14:51:36 [http-nio-8081-exec-1] INFO  com.capstone.aspect.LoggerAspect - *************************************
2022-10-16 14:51:36 [http-nio-8081-exec-1] INFO  com.capstone.aspect.LoggerAspect - During: class com.capstone.controller.EmiController.getemiofAccount() with arguments=<200 OK OK,emi [s_no=10, loanaccno=202211051, loan_status=active, emi_amount=11973.122, upcomming_payment_date=2023-01-07, remaining_amount=481722.2],[]>
2022-10-16 14:51:36 [http-nio-8081-exec-1] INFO  com.capstone.aspect.LoggerAspect - *************************************
2022-10-16 14:52:54 [http-nio-8081-exec-3] INFO  com.capstone.aspect.LoggerAspect - Method name: com.capstone.controller.EmiController
2022-10-16 14:52:54 [http-nio-8081-exec-3] INFO  com.capstone.aspect.LoggerAspect - Method arguments:[Ljava.lang.Object;@12bdcd29
2022-10-16 14:52:54 [http-nio-8081-exec-3] INFO  com.capstone.aspect.LoggerAspect - *************************************
2022-10-16 14:52:54 [http-nio-8081-exec-3] INFO  com.capstone.aspect.LoggerAspect - Method name: com.capstone.service.EmiServiceImp
2022-10-16 14:52:54 [http-nio-8081-exec-3] INFO  com.capstone.aspect.LoggerAspect - Method arguments:[Ljava.lang.Object;@551ddf7a
2022-10-16 14:52:54 [http-nio-8081-exec-3] INFO  com.capstone.aspect.LoggerAspect - *************************************
2022-10-16 14:52:54 [http-nio-8081-exec-3] INFO  com.capstone.aspect.LoggerAspect - During: class com.capstone.service.EmiServiceImp.getEmiData() with arguments=emi [s_no=10, loanaccno=202211051, loan_status=active, emi_amount=11973.122, upcomming_payment_date=2023-01-07, remaining_amount=481722.2]
2022-10-16 14:52:54 [http-nio-8081-exec-3] INFO  com.capstone.aspect.LoggerAspect - *************************************
2022-10-16 14:52:54 [http-nio-8081-exec-3] INFO  com.capstone.aspect.LoggerAspect - Method name: com.capstone.service.EmiServiceImp
2022-10-16 14:52:54 [http-nio-8081-exec-3] INFO  com.capstone.aspect.LoggerAspect - Method arguments:[Ljava.lang.Object;@2fc3fa73
2022-10-16 14:52:54 [http-nio-8081-exec-3] INFO  com.capstone.aspect.LoggerAspect - *************************************
2022-10-16 14:52:54 [http-nio-8081-exec-3] INFO  com.capstone.aspect.LoggerAspect - During: class com.capstone.service.EmiServiceImp.getEmiData() with arguments=emi [s_no=10, loanaccno=202211051, loan_status=active, emi_amount=11973.122, upcomming_payment_date=2023-01-07, remaining_amount=481722.2]
2022-10-16 14:52:54 [http-nio-8081-exec-3] INFO  com.capstone.aspect.LoggerAspect - *************************************
2022-10-16 14:52:54 [http-nio-8081-exec-3] INFO  com.capstone.aspect.LoggerAspect - During: class com.capstone.controller.EmiController.getemiofAccount() with arguments=<200 OK OK,emi [s_no=10, loanaccno=202211051, loan_status=active, emi_amount=11973.122, upcomming_payment_date=2023-01-07, remaining_amount=481722.2],[]>
2022-10-16 14:52:54 [http-nio-8081-exec-3] INFO  com.capstone.aspect.LoggerAspect - *************************************
2022-10-16 14:53:14 [http-nio-8081-exec-4] INFO  com.capstone.aspect.LoggerAspect - Method name: com.capstone.controller.EmiController
2022-10-16 14:53:14 [http-nio-8081-exec-4] INFO  com.capstone.aspect.LoggerAspect - Method arguments:[Ljava.lang.Object;@21de3cb9
2022-10-16 14:53:14 [http-nio-8081-exec-4] INFO  com.capstone.aspect.LoggerAspect - *************************************
2022-10-16 14:53:14 [http-nio-8081-exec-4] INFO  com.capstone.aspect.LoggerAspect - Method name: com.capstone.service.EmiServiceImp
2022-10-16 14:53:14 [http-nio-8081-exec-4] INFO  com.capstone.aspect.LoggerAspect - Method arguments:[Ljava.lang.Object;@753d4f0f
2022-10-16 14:53:14 [http-nio-8081-exec-4] INFO  com.capstone.aspect.LoggerAspect - *************************************
2022-10-16 14:53:15 [http-nio-8081-exec-4] INFO  com.capstone.aspect.LoggerAspect - During: class com.capstone.service.EmiServiceImp.getEmiData() with arguments=emi [s_no=10, loanaccno=202211051, loan_status=active, emi_amount=11973.122, upcomming_payment_date=2023-01-07, remaining_amount=481722.2]
2022-10-16 14:53:15 [http-nio-8081-exec-4] INFO  com.capstone.aspect.LoggerAspect - *************************************
2022-10-16 14:53:15 [http-nio-8081-exec-4] INFO  com.capstone.aspect.LoggerAspect - Method name: com.capstone.service.EmiServiceImp
2022-10-16 14:53:15 [http-nio-8081-exec-4] INFO  com.capstone.aspect.LoggerAspect - Method arguments:[Ljava.lang.Object;@557fc971
2022-10-16 14:53:15 [http-nio-8081-exec-4] INFO  com.capstone.aspect.LoggerAspect - *************************************
2022-10-16 14:53:15 [http-nio-8081-exec-4] INFO  com.capstone.aspect.LoggerAspect - During: class com.capstone.service.EmiServiceImp.getEmiData() with arguments=emi [s_no=10, loanaccno=202211051, loan_status=active, emi_amount=11973.122, upcomming_payment_date=2023-01-07, remaining_amount=481722.2]
2022-10-16 14:53:15 [http-nio-8081-exec-4] INFO  com.capstone.aspect.LoggerAspect - *************************************
2022-10-16 14:53:15 [http-nio-8081-exec-4] INFO  com.capstone.aspect.LoggerAspect - During: class com.capstone.controller.EmiController.getemiofAccount() with arguments=<200 OK OK,emi [s_no=10, loanaccno=202211051, loan_status=active, emi_amount=11973.122, upcomming_payment_date=2023-01-07, remaining_amount=481722.2],[]>
2022-10-16 14:53:15 [http-nio-8081-exec-4] INFO  com.capstone.aspect.LoggerAspect - *************************************
2022-10-16 14:53:22 [http-nio-8081-exec-5] INFO  com.capstone.aspect.LoggerAspect - Method name: com.capstone.controller.EmiController
2022-10-16 14:53:22 [http-nio-8081-exec-5] INFO  com.capstone.aspect.LoggerAspect - Method arguments:[Ljava.lang.Object;@50a5f8c0
2022-10-16 14:53:22 [http-nio-8081-exec-5] INFO  com.capstone.aspect.LoggerAspect - *************************************
2022-10-16 14:53:22 [http-nio-8081-exec-5] INFO  com.capstone.aspect.LoggerAspect - Method name: com.capstone.service.EmiServiceImp
2022-10-16 14:53:22 [http-nio-8081-exec-5] INFO  com.capstone.aspect.LoggerAspect - Method arguments:[Ljava.lang.Object;@6eca7301
2022-10-16 14:53:22 [http-nio-8081-exec-5] INFO  com.capstone.aspect.LoggerAspect - *************************************
2022-10-16 14:53:22 [http-nio-8081-exec-5] INFO  com.capstone.aspect.LoggerAspect - During: class com.capstone.service.EmiServiceImp.getEmiData() with arguments=emi [s_no=10, loanaccno=202211051, loan_status=active, emi_amount=11973.122, upcomming_payment_date=2023-01-07, remaining_amount=481722.2]
2022-10-16 14:53:22 [http-nio-8081-exec-5] INFO  com.capstone.aspect.LoggerAspect - *************************************
2022-10-16 14:53:22 [http-nio-8081-exec-5] INFO  com.capstone.aspect.LoggerAspect - Method name: com.capstone.service.EmiServiceImp
2022-10-16 14:53:22 [http-nio-8081-exec-5] INFO  com.capstone.aspect.LoggerAspect - Method arguments:[Ljava.lang.Object;@352cf53d
2022-10-16 14:53:22 [http-nio-8081-exec-5] INFO  com.capstone.aspect.LoggerAspect - *************************************
2022-10-16 14:53:22 [http-nio-8081-exec-5] INFO  com.capstone.aspect.LoggerAspect - During: class com.capstone.service.EmiServiceImp.getEmiData() with arguments=emi [s_no=10, loanaccno=202211051, loan_status=active, emi_amount=11973.122, upcomming_payment_date=2023-01-07, remaining_amount=481722.2]
2022-10-16 14:53:22 [http-nio-8081-exec-5] INFO  com.capstone.aspect.LoggerAspect - *************************************
2022-10-16 14:53:22 [http-nio-8081-exec-5] INFO  com.capstone.aspect.LoggerAspect - During: class com.capstone.controller.EmiController.getemiofAccount() with arguments=<200 OK OK,emi [s_no=10, loanaccno=202211051, loan_status=active, emi_amount=11973.122, upcomming_payment_date=2023-01-07, remaining_amount=481722.2],[]>
2022-10-16 14:53:22 [http-nio-8081-exec-5] INFO  com.capstone.aspect.LoggerAspect - *************************************
2022-10-16 14:54:30 [AsyncResolver-bootstrap-executor-0] INFO  c.n.d.s.r.aws.ConfigClusterResolver - Resolving eureka endpoints via configuration
2022-10-16 14:55:23 [http-nio-8081-exec-7] INFO  com.capstone.aspect.LoggerAspect - Method name: com.capstone.controller.EmiController
2022-10-16 14:55:23 [http-nio-8081-exec-7] INFO  com.capstone.aspect.LoggerAspect - Method arguments:[Ljava.lang.Object;@54736695
2022-10-16 14:55:23 [http-nio-8081-exec-7] INFO  com.capstone.aspect.LoggerAspect - *************************************
2022-10-16 14:55:23 [http-nio-8081-exec-7] INFO  com.capstone.aspect.LoggerAspect - Method name: com.capstone.service.EmiServiceImp
2022-10-16 14:55:23 [http-nio-8081-exec-7] INFO  com.capstone.aspect.LoggerAspect - Method arguments:[Ljava.lang.Object;@135e879a
2022-10-16 14:55:23 [http-nio-8081-exec-7] INFO  com.capstone.aspect.LoggerAspect - *************************************
2022-10-16 14:55:23 [http-nio-8081-exec-7] INFO  com.capstone.aspect.LoggerAspect - During: class com.capstone.service.EmiServiceImp.getEmiData() with arguments=emi [s_no=10, loanaccno=202211051, loan_status=active, emi_amount=11973.122, upcomming_payment_date=2023-01-07, remaining_amount=481722.2]
2022-10-16 14:55:23 [http-nio-8081-exec-7] INFO  com.capstone.aspect.LoggerAspect - *************************************
2022-10-16 14:55:23 [http-nio-8081-exec-7] INFO  com.capstone.aspect.LoggerAspect - Method name: com.capstone.service.EmiServiceImp
2022-10-16 14:55:23 [http-nio-8081-exec-7] INFO  com.capstone.aspect.LoggerAspect - Method arguments:[Ljava.lang.Object;@8bb2ae3
2022-10-16 14:55:23 [http-nio-8081-exec-7] INFO  com.capstone.aspect.LoggerAspect - *************************************
2022-10-16 14:55:23 [http-nio-8081-exec-7] INFO  com.capstone.aspect.LoggerAspect - During: class com.capstone.service.EmiServiceImp.getEmiData() with arguments=emi [s_no=10, loanaccno=202211051, loan_status=active, emi_amount=11973.122, upcomming_payment_date=2023-01-07, remaining_amount=481722.2]
2022-10-16 14:55:23 [http-nio-8081-exec-7] INFO  com.capstone.aspect.LoggerAspect - *************************************
2022-10-16 14:55:23 [http-nio-8081-exec-7] INFO  com.capstone.aspect.LoggerAspect - During: class com.capstone.controller.EmiController.getemiofAccount() with arguments=<200 OK OK,emi [s_no=10, loanaccno=202211051, loan_status=active, emi_amount=11973.122, upcomming_payment_date=2023-01-07, remaining_amount=481722.2],[]>
2022-10-16 14:55:23 [http-nio-8081-exec-7] INFO  com.capstone.aspect.LoggerAspect - *************************************
2022-10-16 14:55:54 [http-nio-8081-exec-9] INFO  com.capstone.aspect.LoggerAspect - Method name: com.capstone.controller.EmiController
2022-10-16 14:55:54 [http-nio-8081-exec-9] INFO  com.capstone.aspect.LoggerAspect - Method arguments:[Ljava.lang.Object;@734e179f
2022-10-16 14:55:54 [http-nio-8081-exec-9] INFO  com.capstone.aspect.LoggerAspect - *************************************
2022-10-16 14:55:54 [http-nio-8081-exec-9] INFO  com.capstone.aspect.LoggerAspect - Method name: com.capstone.service.EmiServiceImp
2022-10-16 14:55:54 [http-nio-8081-exec-9] INFO  com.capstone.aspect.LoggerAspect - Method arguments:[Ljava.lang.Object;@635c5df3
2022-10-16 14:55:54 [http-nio-8081-exec-9] INFO  com.capstone.aspect.LoggerAspect - *************************************
2022-10-16 14:55:54 [http-nio-8081-exec-9] INFO  com.capstone.aspect.LoggerAspect - During: class com.capstone.service.EmiServiceImp.getEmiData() with arguments=emi [s_no=10, loanaccno=202211051, loan_status=active, emi_amount=11973.122, upcomming_payment_date=2023-01-07, remaining_amount=481722.2]
2022-10-16 14:55:54 [http-nio-8081-exec-9] INFO  com.capstone.aspect.LoggerAspect - *************************************
2022-10-16 14:55:54 [http-nio-8081-exec-9] INFO  com.capstone.aspect.LoggerAspect - Method name: com.capstone.service.EmiServiceImp
2022-10-16 14:55:54 [http-nio-8081-exec-9] INFO  com.capstone.aspect.LoggerAspect - Method arguments:[Ljava.lang.Object;@3be2237b
2022-10-16 14:55:54 [http-nio-8081-exec-9] INFO  com.capstone.aspect.LoggerAspect - *************************************
2022-10-16 14:55:54 [http-nio-8081-exec-9] INFO  com.capstone.aspect.LoggerAspect - During: class com.capstone.service.EmiServiceImp.getEmiData() with arguments=emi [s_no=10, loanaccno=202211051, loan_status=active, emi_amount=11973.122, upcomming_payment_date=2023-01-07, remaining_amount=481722.2]
2022-10-16 14:55:54 [http-nio-8081-exec-9] INFO  com.capstone.aspect.LoggerAspect - *************************************
2022-10-16 14:55:54 [http-nio-8081-exec-9] INFO  com.capstone.aspect.LoggerAspect - During: class com.capstone.controller.EmiController.getemiofAccount() with arguments=<200 OK OK,emi [s_no=10, loanaccno=202211051, loan_status=active, emi_amount=11973.122, upcomming_payment_date=2023-01-07, remaining_amount=481722.2],[]>
2022-10-16 14:55:54 [http-nio-8081-exec-9] INFO  com.capstone.aspect.LoggerAspect - *************************************
2022-10-16 14:58:07 [http-nio-8081-exec-1] INFO  com.capstone.aspect.LoggerAspect - Method name: com.capstone.controller.EmiController
2022-10-16 14:58:07 [http-nio-8081-exec-1] INFO  com.capstone.aspect.LoggerAspect - Method arguments:[Ljava.lang.Object;@3debc4d6
2022-10-16 14:58:07 [http-nio-8081-exec-1] INFO  com.capstone.aspect.LoggerAspect - *************************************
2022-10-16 14:58:07 [http-nio-8081-exec-1] INFO  com.capstone.aspect.LoggerAspect - Method name: com.capstone.service.EmiServiceImp
2022-10-16 14:58:07 [http-nio-8081-exec-1] INFO  com.capstone.aspect.LoggerAspect - Method arguments:[Ljava.lang.Object;@1b5d45c8
2022-10-16 14:58:07 [http-nio-8081-exec-1] INFO  com.capstone.aspect.LoggerAspect - *************************************
2022-10-16 14:58:07 [http-nio-8081-exec-1] INFO  com.capstone.aspect.LoggerAspect - During: class com.capstone.service.EmiServiceImp.getEmiData() with arguments=emi [s_no=10, loanaccno=202211051, loan_status=active, emi_amount=11973.122, upcomming_payment_date=2023-01-07, remaining_amount=481722.2]
2022-10-16 14:58:07 [http-nio-8081-exec-1] INFO  com.capstone.aspect.LoggerAspect - *************************************
2022-10-16 14:58:07 [http-nio-8081-exec-1] INFO  com.capstone.aspect.LoggerAspect - Method name: com.capstone.service.EmiServiceImp
2022-10-16 14:58:07 [http-nio-8081-exec-1] INFO  com.capstone.aspect.LoggerAspect - Method arguments:[Ljava.lang.Object;@1b26371
2022-10-16 14:58:07 [http-nio-8081-exec-1] INFO  com.capstone.aspect.LoggerAspect - *************************************
2022-10-16 14:58:07 [http-nio-8081-exec-1] INFO  com.capstone.aspect.LoggerAspect - During: class com.capstone.service.EmiServiceImp.getEmiData() with arguments=emi [s_no=10, loanaccno=202211051, loan_status=active, emi_amount=11973.122, upcomming_payment_date=2023-01-07, remaining_amount=481722.2]
2022-10-16 14:58:07 [http-nio-8081-exec-1] INFO  com.capstone.aspect.LoggerAspect - *************************************
2022-10-16 14:58:07 [http-nio-8081-exec-1] INFO  com.capstone.aspect.LoggerAspect - During: class com.capstone.controller.EmiController.getemiofAccount() with arguments=<200 OK OK,emi [s_no=10, loanaccno=202211051, loan_status=active, emi_amount=11973.122, upcomming_payment_date=2023-01-07, remaining_amount=481722.2],[]>
2022-10-16 14:58:07 [http-nio-8081-exec-1] INFO  com.capstone.aspect.LoggerAspect - *************************************
2022-10-16 14:58:17 [http-nio-8081-exec-10] INFO  com.capstone.aspect.LoggerAspect - Method name: com.capstone.controller.EmiController
2022-10-16 14:58:17 [http-nio-8081-exec-10] INFO  com.capstone.aspect.LoggerAspect - Method arguments:[Ljava.lang.Object;@11ee9fb1
2022-10-16 14:58:17 [http-nio-8081-exec-10] INFO  com.capstone.aspect.LoggerAspect - *************************************
2022-10-16 14:58:17 [http-nio-8081-exec-10] INFO  com.capstone.aspect.LoggerAspect - Method name: com.capstone.service.EmiServiceImp
2022-10-16 14:58:17 [http-nio-8081-exec-10] INFO  com.capstone.aspect.LoggerAspect - Method arguments:[Ljava.lang.Object;@41525304
2022-10-16 14:58:17 [http-nio-8081-exec-10] INFO  com.capstone.aspect.LoggerAspect - *************************************
2022-10-16 14:58:17 [http-nio-8081-exec-10] INFO  com.capstone.aspect.LoggerAspect - During: class com.capstone.service.EmiServiceImp.getEmiData() with arguments=emi [s_no=10, loanaccno=202211051, loan_status=active, emi_amount=11973.122, upcomming_payment_date=2023-01-07, remaining_amount=481722.2]
2022-10-16 14:58:17 [http-nio-8081-exec-10] INFO  com.capstone.aspect.LoggerAspect - *************************************
2022-10-16 14:58:17 [http-nio-8081-exec-10] INFO  com.capstone.aspect.LoggerAspect - Method name: com.capstone.service.EmiServiceImp
2022-10-16 14:58:17 [http-nio-8081-exec-10] INFO  com.capstone.aspect.LoggerAspect - Method arguments:[Ljava.lang.Object;@2a4bc239
2022-10-16 14:58:17 [http-nio-8081-exec-10] INFO  com.capstone.aspect.LoggerAspect - *************************************
2022-10-16 14:58:17 [http-nio-8081-exec-10] INFO  com.capstone.aspect.LoggerAspect - During: class com.capstone.service.EmiServiceImp.getEmiData() with arguments=emi [s_no=10, loanaccno=202211051, loan_status=active, emi_amount=11973.122, upcomming_payment_date=2023-01-07, remaining_amount=481722.2]
2022-10-16 14:58:17 [http-nio-8081-exec-10] INFO  com.capstone.aspect.LoggerAspect - *************************************
2022-10-16 14:58:17 [http-nio-8081-exec-10] INFO  com.capstone.aspect.LoggerAspect - During: class com.capstone.controller.EmiController.getemiofAccount() with arguments=<200 OK OK,emi [s_no=10, loanaccno=202211051, loan_status=active, emi_amount=11973.122, upcomming_payment_date=2023-01-07, remaining_amount=481722.2],[]>
2022-10-16 14:58:17 [http-nio-8081-exec-10] INFO  com.capstone.aspect.LoggerAspect - *************************************
2022-10-16 14:58:39 [http-nio-8081-exec-2] INFO  com.capstone.aspect.LoggerAspect - Method name: com.capstone.controller.EmiController
2022-10-16 14:58:39 [http-nio-8081-exec-2] INFO  com.capstone.aspect.LoggerAspect - Method arguments:[Ljava.lang.Object;@26dd0a17
2022-10-16 14:58:39 [http-nio-8081-exec-2] INFO  com.capstone.aspect.LoggerAspect - *************************************
2022-10-16 14:58:39 [http-nio-8081-exec-2] INFO  com.capstone.aspect.LoggerAspect - Method name: com.capstone.service.EmiServiceImp
2022-10-16 14:58:39 [http-nio-8081-exec-2] INFO  com.capstone.aspect.LoggerAspect - Method arguments:[Ljava.lang.Object;@2016cda5
2022-10-16 14:58:39 [http-nio-8081-exec-2] INFO  com.capstone.aspect.LoggerAspect - *************************************
2022-10-16 14:58:39 [http-nio-8081-exec-2] INFO  com.capstone.aspect.LoggerAspect - During: class com.capstone.service.EmiServiceImp.getEmiData() with arguments=emi [s_no=10, loanaccno=202211051, loan_status=active, emi_amount=11973.122, upcomming_payment_date=2023-01-07, remaining_amount=481722.2]
2022-10-16 14:58:39 [http-nio-8081-exec-2] INFO  com.capstone.aspect.LoggerAspect - *************************************
2022-10-16 14:58:39 [http-nio-8081-exec-2] INFO  com.capstone.aspect.LoggerAspect - Method name: com.capstone.service.EmiServiceImp
2022-10-16 14:58:39 [http-nio-8081-exec-2] INFO  com.capstone.aspect.LoggerAspect - Method arguments:[Ljava.lang.Object;@74d30df6
2022-10-16 14:58:39 [http-nio-8081-exec-2] INFO  com.capstone.aspect.LoggerAspect - *************************************
2022-10-16 14:58:39 [http-nio-8081-exec-2] INFO  com.capstone.aspect.LoggerAspect - During: class com.capstone.service.EmiServiceImp.getEmiData() with arguments=emi [s_no=10, loanaccno=202211051, loan_status=active, emi_amount=11973.122, upcomming_payment_date=2023-01-07, remaining_amount=481722.2]
2022-10-16 14:58:39 [http-nio-8081-exec-2] INFO  com.capstone.aspect.LoggerAspect - *************************************
2022-10-16 14:58:39 [http-nio-8081-exec-2] INFO  com.capstone.aspect.LoggerAspect - During: class com.capstone.controller.EmiController.getemiofAccount() with arguments=<200 OK OK,emi [s_no=10, loanaccno=202211051, loan_status=active, emi_amount=11973.122, upcomming_payment_date=2023-01-07, remaining_amount=481722.2],[]>
2022-10-16 14:58:39 [http-nio-8081-exec-2] INFO  com.capstone.aspect.LoggerAspect - *************************************
2022-10-16 14:58:51 [http-nio-8081-exec-3] INFO  com.capstone.aspect.LoggerAspect - Method name: com.capstone.controller.EmiController
2022-10-16 14:58:51 [http-nio-8081-exec-3] INFO  com.capstone.aspect.LoggerAspect - Method arguments:[Ljava.lang.Object;@3918f26f
2022-10-16 14:58:51 [http-nio-8081-exec-3] INFO  com.capstone.aspect.LoggerAspect - *************************************
2022-10-16 14:58:51 [http-nio-8081-exec-3] INFO  com.capstone.aspect.LoggerAspect - Method name: com.capstone.service.EmiServiceImp
2022-10-16 14:58:51 [http-nio-8081-exec-3] INFO  com.capstone.aspect.LoggerAspect - Method arguments:[Ljava.lang.Object;@5ddc8f6
2022-10-16 14:58:51 [http-nio-8081-exec-3] INFO  com.capstone.aspect.LoggerAspect - *************************************
2022-10-16 14:58:51 [http-nio-8081-exec-3] INFO  com.capstone.aspect.LoggerAspect - During: class com.capstone.service.EmiServiceImp.getEmiData() with arguments=emi [s_no=10, loanaccno=202211051, loan_status=active, emi_amount=11973.122, upcomming_payment_date=2023-01-07, remaining_amount=481722.2]
2022-10-16 14:58:51 [http-nio-8081-exec-3] INFO  com.capstone.aspect.LoggerAspect - *************************************
2022-10-16 14:58:51 [http-nio-8081-exec-3] INFO  com.capstone.aspect.LoggerAspect - Method name: com.capstone.service.EmiServiceImp
2022-10-16 14:58:51 [http-nio-8081-exec-3] INFO  com.capstone.aspect.LoggerAspect - Method arguments:[Ljava.lang.Object;@51b8882c
2022-10-16 14:58:51 [http-nio-8081-exec-3] INFO  com.capstone.aspect.LoggerAspect - *************************************
2022-10-16 14:58:51 [http-nio-8081-exec-3] INFO  com.capstone.aspect.LoggerAspect - During: class com.capstone.service.EmiServiceImp.getEmiData() with arguments=emi [s_no=10, loanaccno=202211051, loan_status=active, emi_amount=11973.122, upcomming_payment_date=2023-01-07, remaining_amount=481722.2]
2022-10-16 14:58:51 [http-nio-8081-exec-3] INFO  com.capstone.aspect.LoggerAspect - *************************************
2022-10-16 14:58:51 [http-nio-8081-exec-3] INFO  com.capstone.aspect.LoggerAspect - During: class com.capstone.controller.EmiController.getemiofAccount() with arguments=<200 OK OK,emi [s_no=10, loanaccno=202211051, loan_status=active, emi_amount=11973.122, upcomming_payment_date=2023-01-07, remaining_amount=481722.2],[]>
2022-10-16 14:58:51 [http-nio-8081-exec-3] INFO  com.capstone.aspect.LoggerAspect - *************************************
2022-10-16 14:58:56 [http-nio-8081-exec-4] INFO  com.capstone.aspect.LoggerAspect - Method name: com.capstone.controller.EmiController
2022-10-16 14:58:56 [http-nio-8081-exec-4] INFO  com.capstone.aspect.LoggerAspect - Method arguments:[Ljava.lang.Object;@29c27b92
2022-10-16 14:58:56 [http-nio-8081-exec-4] INFO  com.capstone.aspect.LoggerAspect - *************************************
2022-10-16 14:58:56 [http-nio-8081-exec-4] INFO  com.capstone.aspect.LoggerAspect - Method name: com.capstone.service.EmiServiceImp
2022-10-16 14:58:56 [http-nio-8081-exec-4] INFO  com.capstone.aspect.LoggerAspect - Method arguments:[Ljava.lang.Object;@7cca4afa
2022-10-16 14:58:56 [http-nio-8081-exec-4] INFO  com.capstone.aspect.LoggerAspect - *************************************
2022-10-16 14:58:56 [http-nio-8081-exec-4] INFO  com.capstone.aspect.LoggerAspect - During: class com.capstone.service.EmiServiceImp.getEmiData() with arguments=emi [s_no=10, loanaccno=202211051, loan_status=active, emi_amount=11973.122, upcomming_payment_date=2023-01-07, remaining_amount=481722.2]
2022-10-16 14:58:56 [http-nio-8081-exec-4] INFO  com.capstone.aspect.LoggerAspect - *************************************
2022-10-16 14:58:56 [http-nio-8081-exec-4] INFO  com.capstone.aspect.LoggerAspect - Method name: com.capstone.service.EmiServiceImp
2022-10-16 14:58:56 [http-nio-8081-exec-4] INFO  com.capstone.aspect.LoggerAspect - Method arguments:[Ljava.lang.Object;@16ee9880
2022-10-16 14:58:56 [http-nio-8081-exec-4] INFO  com.capstone.aspect.LoggerAspect - *************************************
2022-10-16 14:58:56 [http-nio-8081-exec-4] INFO  com.capstone.aspect.LoggerAspect - During: class com.capstone.service.EmiServiceImp.getEmiData() with arguments=emi [s_no=10, loanaccno=202211051, loan_status=active, emi_amount=11973.122, upcomming_payment_date=2023-01-07, remaining_amount=481722.2]
2022-10-16 14:58:56 [http-nio-8081-exec-4] INFO  com.capstone.aspect.LoggerAspect - *************************************
2022-10-16 14:58:56 [http-nio-8081-exec-4] INFO  com.capstone.aspect.LoggerAspect - During: class com.capstone.controller.EmiController.getemiofAccount() with arguments=<200 OK OK,emi [s_no=10, loanaccno=202211051, loan_status=active, emi_amount=11973.122, upcomming_payment_date=2023-01-07, remaining_amount=481722.2],[]>
2022-10-16 14:58:56 [http-nio-8081-exec-4] INFO  com.capstone.aspect.LoggerAspect - *************************************
2022-10-16 14:59:15 [http-nio-8081-exec-5] INFO  com.capstone.aspect.LoggerAspect - Method name: com.capstone.controller.EmiController
2022-10-16 14:59:15 [http-nio-8081-exec-5] INFO  com.capstone.aspect.LoggerAspect - Method arguments:[Ljava.lang.Object;@4bcdaa59
2022-10-16 14:59:15 [http-nio-8081-exec-5] INFO  com.capstone.aspect.LoggerAspect - *************************************
2022-10-16 14:59:15 [http-nio-8081-exec-5] INFO  com.capstone.aspect.LoggerAspect - Method name: com.capstone.service.EmiServiceImp
2022-10-16 14:59:15 [http-nio-8081-exec-5] INFO  com.capstone.aspect.LoggerAspect - Method arguments:[Ljava.lang.Object;@69d66270
2022-10-16 14:59:15 [http-nio-8081-exec-5] INFO  com.capstone.aspect.LoggerAspect - *************************************
2022-10-16 14:59:15 [http-nio-8081-exec-5] INFO  com.capstone.aspect.LoggerAspect - During: class com.capstone.service.EmiServiceImp.getEmiData() with arguments=emi [s_no=10, loanaccno=202211051, loan_status=active, emi_amount=11973.122, upcomming_payment_date=2023-01-07, remaining_amount=481722.2]
2022-10-16 14:59:15 [http-nio-8081-exec-5] INFO  com.capstone.aspect.LoggerAspect - *************************************
2022-10-16 14:59:15 [http-nio-8081-exec-5] INFO  com.capstone.aspect.LoggerAspect - Method name: com.capstone.service.EmiServiceImp
2022-10-16 14:59:15 [http-nio-8081-exec-5] INFO  com.capstone.aspect.LoggerAspect - Method arguments:[Ljava.lang.Object;@3a7980f2
2022-10-16 14:59:15 [http-nio-8081-exec-5] INFO  com.capstone.aspect.LoggerAspect - *************************************
2022-10-16 14:59:15 [http-nio-8081-exec-5] INFO  com.capstone.aspect.LoggerAspect - During: class com.capstone.service.EmiServiceImp.getEmiData() with arguments=emi [s_no=10, loanaccno=202211051, loan_status=active, emi_amount=11973.122, upcomming_payment_date=2023-01-07, remaining_amount=481722.2]
2022-10-16 14:59:15 [http-nio-8081-exec-5] INFO  com.capstone.aspect.LoggerAspect - *************************************
2022-10-16 14:59:15 [http-nio-8081-exec-5] INFO  com.capstone.aspect.LoggerAspect - During: class com.capstone.controller.EmiController.getemiofAccount() with arguments=<200 OK OK,emi [s_no=10, loanaccno=202211051, loan_status=active, emi_amount=11973.122, upcomming_payment_date=2023-01-07, remaining_amount=481722.2],[]>
2022-10-16 14:59:15 [http-nio-8081-exec-5] INFO  com.capstone.aspect.LoggerAspect - *************************************
2022-10-16 14:59:30 [AsyncResolver-bootstrap-executor-0] INFO  c.n.d.s.r.aws.ConfigClusterResolver - Resolving eureka endpoints via configuration
2022-10-16 14:59:53 [http-nio-8081-exec-6] INFO  com.capstone.aspect.LoggerAspect - Method name: com.capstone.controller.EmiController
2022-10-16 14:59:53 [http-nio-8081-exec-6] INFO  com.capstone.aspect.LoggerAspect - Method arguments:[Ljava.lang.Object;@619e5ad0
2022-10-16 14:59:53 [http-nio-8081-exec-6] INFO  com.capstone.aspect.LoggerAspect - *************************************
2022-10-16 14:59:53 [http-nio-8081-exec-6] INFO  com.capstone.aspect.LoggerAspect - Method name: com.capstone.service.EmiServiceImp
2022-10-16 14:59:53 [http-nio-8081-exec-6] INFO  com.capstone.aspect.LoggerAspect - Method arguments:[Ljava.lang.Object;@24ebd1ee
2022-10-16 14:59:53 [http-nio-8081-exec-6] INFO  com.capstone.aspect.LoggerAspect - *************************************
2022-10-16 14:59:53 [http-nio-8081-exec-6] INFO  com.capstone.aspect.LoggerAspect - During: class com.capstone.service.EmiServiceImp.getEmiData() with arguments=emi [s_no=10, loanaccno=202211051, loan_status=active, emi_amount=11973.122, upcomming_payment_date=2023-01-07, remaining_amount=481722.2]
2022-10-16 14:59:53 [http-nio-8081-exec-6] INFO  com.capstone.aspect.LoggerAspect - *************************************
2022-10-16 14:59:53 [http-nio-8081-exec-6] INFO  com.capstone.aspect.LoggerAspect - Method name: com.capstone.service.EmiServiceImp
2022-10-16 14:59:53 [http-nio-8081-exec-6] INFO  com.capstone.aspect.LoggerAspect - Method arguments:[Ljava.lang.Object;@22baa868
2022-10-16 14:59:53 [http-nio-8081-exec-6] INFO  com.capstone.aspect.LoggerAspect - *************************************
2022-10-16 14:59:53 [http-nio-8081-exec-6] INFO  com.capstone.aspect.LoggerAspect - During: class com.capstone.service.EmiServiceImp.getEmiData() with arguments=emi [s_no=10, loanaccno=202211051, loan_status=active, emi_amount=11973.122, upcomming_payment_date=2023-01-07, remaining_amount=481722.2]
2022-10-16 14:59:53 [http-nio-8081-exec-6] INFO  com.capstone.aspect.LoggerAspect - *************************************
2022-10-16 14:59:53 [http-nio-8081-exec-6] INFO  com.capstone.aspect.LoggerAspect - During: class com.capstone.controller.EmiController.getemiofAccount() with arguments=<200 OK OK,emi [s_no=10, loanaccno=202211051, loan_status=active, emi_amount=11973.122, upcomming_payment_date=2023-01-07, remaining_amount=481722.2],[]>
2022-10-16 14:59:53 [http-nio-8081-exec-6] INFO  com.capstone.aspect.LoggerAspect - *************************************
2022-10-16 14:59:55 [http-nio-8081-exec-7] INFO  com.capstone.aspect.LoggerAspect - Method name: com.capstone.controller.EmiController
2022-10-16 14:59:55 [http-nio-8081-exec-7] INFO  com.capstone.aspect.LoggerAspect - Method arguments:[Ljava.lang.Object;@1128a2e8
2022-10-16 14:59:55 [http-nio-8081-exec-7] INFO  com.capstone.aspect.LoggerAspect - *************************************
2022-10-16 14:59:55 [http-nio-8081-exec-7] INFO  com.capstone.aspect.LoggerAspect - Method name: com.capstone.service.EmiServiceImp
2022-10-16 14:59:55 [http-nio-8081-exec-7] INFO  com.capstone.aspect.LoggerAspect - Method arguments:[Ljava.lang.Object;@4484d4f5
2022-10-16 14:59:55 [http-nio-8081-exec-7] INFO  com.capstone.aspect.LoggerAspect - *************************************
2022-10-16 14:59:55 [http-nio-8081-exec-7] INFO  com.capstone.aspect.LoggerAspect - During: class com.capstone.service.EmiServiceImp.getEmiData() with arguments=emi [s_no=10, loanaccno=202211051, loan_status=active, emi_amount=11973.122, upcomming_payment_date=2023-01-07, remaining_amount=481722.2]
2022-10-16 14:59:55 [http-nio-8081-exec-7] INFO  com.capstone.aspect.LoggerAspect - *************************************
2022-10-16 14:59:55 [http-nio-8081-exec-7] INFO  com.capstone.aspect.LoggerAspect - Method name: com.capstone.service.EmiServiceImp
2022-10-16 14:59:55 [http-nio-8081-exec-7] INFO  com.capstone.aspect.LoggerAspect - Method arguments:[Ljava.lang.Object;@2d55eddd
2022-10-16 14:59:55 [http-nio-8081-exec-7] INFO  com.capstone.aspect.LoggerAspect - *************************************
2022-10-16 14:59:55 [http-nio-8081-exec-7] INFO  com.capstone.aspect.LoggerAspect - During: class com.capstone.service.EmiServiceImp.getEmiData() with arguments=emi [s_no=10, loanaccno=202211051, loan_status=active, emi_amount=11973.122, upcomming_payment_date=2023-01-07, remaining_amount=481722.2]
2022-10-16 14:59:55 [http-nio-8081-exec-7] INFO  com.capstone.aspect.LoggerAspect - *************************************
2022-10-16 14:59:55 [http-nio-8081-exec-7] INFO  com.capstone.aspect.LoggerAspect - During: class com.capstone.controller.EmiController.getemiofAccount() with arguments=<200 OK OK,emi [s_no=10, loanaccno=202211051, loan_status=active, emi_amount=11973.122, upcomming_payment_date=2023-01-07, remaining_amount=481722.2],[]>
2022-10-16 14:59:55 [http-nio-8081-exec-7] INFO  com.capstone.aspect.LoggerAspect - *************************************
2022-10-16 15:00:19 [http-nio-8081-exec-9] INFO  com.capstone.aspect.LoggerAspect - Method name: com.capstone.controller.EmiController
2022-10-16 15:00:19 [http-nio-8081-exec-9] INFO  com.capstone.aspect.LoggerAspect - Method arguments:[Ljava.lang.Object;@3bbc9bdf
2022-10-16 15:00:19 [http-nio-8081-exec-9] INFO  com.capstone.aspect.LoggerAspect - *************************************
2022-10-16 15:00:19 [http-nio-8081-exec-9] INFO  com.capstone.aspect.LoggerAspect - Method name: com.capstone.service.EmiServiceImp
2022-10-16 15:00:19 [http-nio-8081-exec-9] INFO  com.capstone.aspect.LoggerAspect - Method arguments:[Ljava.lang.Object;@12a8aa5b
2022-10-16 15:00:19 [http-nio-8081-exec-9] INFO  com.capstone.aspect.LoggerAspect - *************************************
2022-10-16 15:00:19 [http-nio-8081-exec-9] INFO  com.capstone.aspect.LoggerAspect - During: class com.capstone.service.EmiServiceImp.getEmiData() with arguments=emi [s_no=10, loanaccno=202211051, loan_status=active, emi_amount=11973.122, upcomming_payment_date=2023-01-07, remaining_amount=481722.2]
2022-10-16 15:00:19 [http-nio-8081-exec-9] INFO  com.capstone.aspect.LoggerAspect - *************************************
2022-10-16 15:00:19 [http-nio-8081-exec-9] INFO  com.capstone.aspect.LoggerAspect - Method name: com.capstone.service.EmiServiceImp
2022-10-16 15:00:19 [http-nio-8081-exec-9] INFO  com.capstone.aspect.LoggerAspect - Method arguments:[Ljava.lang.Object;@e7b5ec8
2022-10-16 15:00:19 [http-nio-8081-exec-9] INFO  com.capstone.aspect.LoggerAspect - *************************************
2022-10-16 15:00:19 [http-nio-8081-exec-9] INFO  com.capstone.aspect.LoggerAspect - During: class com.capstone.service.EmiServiceImp.getEmiData() with arguments=emi [s_no=10, loanaccno=202211051, loan_status=active, emi_amount=11973.122, upcomming_payment_date=2023-01-07, remaining_amount=481722.2]
2022-10-16 15:00:19 [http-nio-8081-exec-9] INFO  com.capstone.aspect.LoggerAspect - *************************************
2022-10-16 15:00:19 [http-nio-8081-exec-9] INFO  com.capstone.aspect.LoggerAspect - During: class com.capstone.controller.EmiController.getemiofAccount() with arguments=<200 OK OK,emi [s_no=10, loanaccno=202211051, loan_status=active, emi_amount=11973.122, upcomming_payment_date=2023-01-07, remaining_amount=481722.2],[]>
2022-10-16 15:00:19 [http-nio-8081-exec-9] INFO  com.capstone.aspect.LoggerAspect - *************************************
2022-10-16 15:00:54 [http-nio-8081-exec-8] WARN  o.s.w.s.m.s.DefaultHandlerExceptionResolver - Resolved [org.springframework.web.method.annotation.MethodArgumentTypeMismatchException: Failed to convert value of type 'java.lang.String' to required type 'int'; nested exception is java.lang.NumberFormatException: For input string: "undefined"]
2022-10-16 15:00:54 [http-nio-8081-exec-1] INFO  com.capstone.aspect.LoggerAspect - Method name: com.capstone.controller.EmiController
2022-10-16 15:00:54 [http-nio-8081-exec-1] INFO  com.capstone.aspect.LoggerAspect - Method arguments:[Ljava.lang.Object;@392ab405
2022-10-16 15:00:54 [http-nio-8081-exec-1] INFO  com.capstone.aspect.LoggerAspect - *************************************
2022-10-16 15:00:54 [http-nio-8081-exec-1] INFO  com.capstone.aspect.LoggerAspect - Method name: com.capstone.service.EmiServiceImp
2022-10-16 15:00:54 [http-nio-8081-exec-1] INFO  com.capstone.aspect.LoggerAspect - Method arguments:[Ljava.lang.Object;@51fded8
2022-10-16 15:00:54 [http-nio-8081-exec-1] INFO  com.capstone.aspect.LoggerAspect - *************************************
2022-10-16 15:00:54 [http-nio-8081-exec-1] INFO  com.capstone.aspect.LoggerAspect - During: class com.capstone.service.EmiServiceImp.getEmiData() with arguments=emi [s_no=10, loanaccno=202211051, loan_status=active, emi_amount=11973.122, upcomming_payment_date=2023-01-07, remaining_amount=481722.2]
2022-10-16 15:00:54 [http-nio-8081-exec-1] INFO  com.capstone.aspect.LoggerAspect - *************************************
2022-10-16 15:00:54 [http-nio-8081-exec-1] INFO  com.capstone.aspect.LoggerAspect - Method name: com.capstone.service.EmiServiceImp
2022-10-16 15:00:54 [http-nio-8081-exec-1] INFO  com.capstone.aspect.LoggerAspect - Method arguments:[Ljava.lang.Object;@7685a8e7
2022-10-16 15:00:54 [http-nio-8081-exec-1] INFO  com.capstone.aspect.LoggerAspect - *************************************
2022-10-16 15:00:54 [http-nio-8081-exec-1] INFO  com.capstone.aspect.LoggerAspect - During: class com.capstone.service.EmiServiceImp.getEmiData() with arguments=emi [s_no=10, loanaccno=202211051, loan_status=active, emi_amount=11973.122, upcomming_payment_date=2023-01-07, remaining_amount=481722.2]
2022-10-16 15:00:54 [http-nio-8081-exec-1] INFO  com.capstone.aspect.LoggerAspect - *************************************
2022-10-16 15:00:54 [http-nio-8081-exec-1] INFO  com.capstone.aspect.LoggerAspect - During: class com.capstone.controller.EmiController.getemiofAccount() with arguments=<200 OK OK,emi [s_no=10, loanaccno=202211051, loan_status=active, emi_amount=11973.122, upcomming_payment_date=2023-01-07, remaining_amount=481722.2],[]>
2022-10-16 15:00:54 [http-nio-8081-exec-1] INFO  com.capstone.aspect.LoggerAspect - *************************************
2022-10-16 15:03:23 [http-nio-8081-exec-2] INFO  com.capstone.aspect.LoggerAspect - Method name: com.capstone.controller.EmiController
2022-10-16 15:03:23 [http-nio-8081-exec-2] INFO  com.capstone.aspect.LoggerAspect - Method arguments:[Ljava.lang.Object;@49c8e31
2022-10-16 15:03:23 [http-nio-8081-exec-2] INFO  com.capstone.aspect.LoggerAspect - *************************************
2022-10-16 15:03:23 [http-nio-8081-exec-2] INFO  com.capstone.aspect.LoggerAspect - Method name: com.capstone.service.EmiServiceImp
2022-10-16 15:03:23 [http-nio-8081-exec-2] INFO  com.capstone.aspect.LoggerAspect - Method arguments:[Ljava.lang.Object;@407d373f
2022-10-16 15:03:23 [http-nio-8081-exec-2] INFO  com.capstone.aspect.LoggerAspect - *************************************
2022-10-16 15:03:23 [http-nio-8081-exec-2] INFO  com.capstone.aspect.LoggerAspect - During: class com.capstone.service.EmiServiceImp.getEmiData() with arguments=emi [s_no=10, loanaccno=202211051, loan_status=active, emi_amount=11973.122, upcomming_payment_date=2023-01-07, remaining_amount=481722.2]
2022-10-16 15:03:23 [http-nio-8081-exec-2] INFO  com.capstone.aspect.LoggerAspect - *************************************
2022-10-16 15:03:23 [http-nio-8081-exec-2] INFO  com.capstone.aspect.LoggerAspect - Method name: com.capstone.service.EmiServiceImp
2022-10-16 15:03:23 [http-nio-8081-exec-2] INFO  com.capstone.aspect.LoggerAspect - Method arguments:[Ljava.lang.Object;@738b3671
2022-10-16 15:03:23 [http-nio-8081-exec-2] INFO  com.capstone.aspect.LoggerAspect - *************************************
2022-10-16 15:03:23 [http-nio-8081-exec-2] INFO  com.capstone.aspect.LoggerAspect - During: class com.capstone.service.EmiServiceImp.getEmiData() with arguments=emi [s_no=10, loanaccno=202211051, loan_status=active, emi_amount=11973.122, upcomming_payment_date=2023-01-07, remaining_amount=481722.2]
2022-10-16 15:03:23 [http-nio-8081-exec-2] INFO  com.capstone.aspect.LoggerAspect - *************************************
2022-10-16 15:03:23 [http-nio-8081-exec-2] INFO  com.capstone.aspect.LoggerAspect - During: class com.capstone.controller.EmiController.getemiofAccount() with arguments=<200 OK OK,emi [s_no=10, loanaccno=202211051, loan_status=active, emi_amount=11973.122, upcomming_payment_date=2023-01-07, remaining_amount=481722.2],[]>
2022-10-16 15:03:23 [http-nio-8081-exec-2] INFO  com.capstone.aspect.LoggerAspect - *************************************
2022-10-16 15:03:24 [http-nio-8081-exec-3] INFO  com.capstone.aspect.LoggerAspect - Method name: com.capstone.controller.EmiController
2022-10-16 15:03:24 [http-nio-8081-exec-3] INFO  com.capstone.aspect.LoggerAspect - Method arguments:[Ljava.lang.Object;@4f202a6d
2022-10-16 15:03:24 [http-nio-8081-exec-3] INFO  com.capstone.aspect.LoggerAspect - *************************************
2022-10-16 15:03:24 [http-nio-8081-exec-3] INFO  com.capstone.aspect.LoggerAspect - Method name: com.capstone.service.EmiServiceImp
2022-10-16 15:03:24 [http-nio-8081-exec-3] INFO  com.capstone.aspect.LoggerAspect - Method arguments:[Ljava.lang.Object;@595fc818
2022-10-16 15:03:24 [http-nio-8081-exec-3] INFO  com.capstone.aspect.LoggerAspect - *************************************
2022-10-16 15:03:24 [http-nio-8081-exec-3] INFO  com.capstone.aspect.LoggerAspect - During: class com.capstone.service.EmiServiceImp.getEmiData() with arguments=emi [s_no=10, loanaccno=202211051, loan_status=active, emi_amount=11973.122, upcomming_payment_date=2023-01-07, remaining_amount=481722.2]
2022-10-16 15:03:24 [http-nio-8081-exec-3] INFO  com.capstone.aspect.LoggerAspect - *************************************
2022-10-16 15:03:24 [http-nio-8081-exec-3] INFO  com.capstone.aspect.LoggerAspect - Method name: com.capstone.service.EmiServiceImp
2022-10-16 15:03:24 [http-nio-8081-exec-3] INFO  com.capstone.aspect.LoggerAspect - Method arguments:[Ljava.lang.Object;@55645889
2022-10-16 15:03:24 [http-nio-8081-exec-3] INFO  com.capstone.aspect.LoggerAspect - *************************************
2022-10-16 15:03:24 [http-nio-8081-exec-3] INFO  com.capstone.aspect.LoggerAspect - During: class com.capstone.service.EmiServiceImp.getEmiData() with arguments=emi [s_no=10, loanaccno=202211051, loan_status=active, emi_amount=11973.122, upcomming_payment_date=2023-01-07, remaining_amount=481722.2]
2022-10-16 15:03:24 [http-nio-8081-exec-3] INFO  com.capstone.aspect.LoggerAspect - *************************************
2022-10-16 15:03:24 [http-nio-8081-exec-3] INFO  com.capstone.aspect.LoggerAspect - During: class com.capstone.controller.EmiController.getemiofAccount() with arguments=<200 OK OK,emi [s_no=10, loanaccno=202211051, loan_status=active, emi_amount=11973.122, upcomming_payment_date=2023-01-07, remaining_amount=481722.2],[]>
2022-10-16 15:03:24 [http-nio-8081-exec-3] INFO  com.capstone.aspect.LoggerAspect - *************************************
2022-10-16 15:03:29 [http-nio-8081-exec-4] INFO  com.capstone.aspect.LoggerAspect - Method name: com.capstone.controller.EmiController
2022-10-16 15:03:29 [http-nio-8081-exec-4] INFO  com.capstone.aspect.LoggerAspect - Method arguments:[Ljava.lang.Object;@64bff97f
2022-10-16 15:03:29 [http-nio-8081-exec-4] INFO  com.capstone.aspect.LoggerAspect - *************************************
2022-10-16 15:03:29 [http-nio-8081-exec-4] INFO  com.capstone.aspect.LoggerAspect - Method name: com.capstone.service.EmiServiceImp
2022-10-16 15:03:29 [http-nio-8081-exec-4] INFO  com.capstone.aspect.LoggerAspect - Method arguments:[Ljava.lang.Object;@2609b87c
2022-10-16 15:03:29 [http-nio-8081-exec-4] INFO  com.capstone.aspect.LoggerAspect - *************************************
2022-10-16 15:03:29 [http-nio-8081-exec-4] INFO  com.capstone.aspect.LoggerAspect - During: class com.capstone.service.EmiServiceImp.getEmiData() with arguments=emi [s_no=10, loanaccno=202211051, loan_status=active, emi_amount=11973.122, upcomming_payment_date=2023-01-07, remaining_amount=481722.2]
2022-10-16 15:03:29 [http-nio-8081-exec-4] INFO  com.capstone.aspect.LoggerAspect - *************************************
2022-10-16 15:03:29 [http-nio-8081-exec-4] INFO  com.capstone.aspect.LoggerAspect - Method name: com.capstone.service.EmiServiceImp
2022-10-16 15:03:29 [http-nio-8081-exec-4] INFO  com.capstone.aspect.LoggerAspect - Method arguments:[Ljava.lang.Object;@4cac5398
2022-10-16 15:03:29 [http-nio-8081-exec-4] INFO  com.capstone.aspect.LoggerAspect - *************************************
2022-10-16 15:03:29 [http-nio-8081-exec-4] INFO  com.capstone.aspect.LoggerAspect - During: class com.capstone.service.EmiServiceImp.getEmiData() with arguments=emi [s_no=10, loanaccno=202211051, loan_status=active, emi_amount=11973.122, upcomming_payment_date=2023-01-07, remaining_amount=481722.2]
2022-10-16 15:03:29 [http-nio-8081-exec-4] INFO  com.capstone.aspect.LoggerAspect - *************************************
2022-10-16 15:03:29 [http-nio-8081-exec-4] INFO  com.capstone.aspect.LoggerAspect - During: class com.capstone.controller.EmiController.getemiofAccount() with arguments=<200 OK OK,emi [s_no=10, loanaccno=202211051, loan_status=active, emi_amount=11973.122, upcomming_payment_date=2023-01-07, remaining_amount=481722.2],[]>
2022-10-16 15:03:29 [http-nio-8081-exec-4] INFO  com.capstone.aspect.LoggerAspect - *************************************
2022-10-16 15:03:32 [http-nio-8081-exec-5] INFO  com.capstone.aspect.LoggerAspect - Method name: com.capstone.controller.EmiController
2022-10-16 15:03:32 [http-nio-8081-exec-5] INFO  com.capstone.aspect.LoggerAspect - Method arguments:[Ljava.lang.Object;@55d9c10f
2022-10-16 15:03:32 [http-nio-8081-exec-5] INFO  com.capstone.aspect.LoggerAspect - *************************************
2022-10-16 15:03:32 [http-nio-8081-exec-5] INFO  com.capstone.aspect.LoggerAspect - Method name: com.capstone.service.EmiServiceImp
2022-10-16 15:03:32 [http-nio-8081-exec-5] INFO  com.capstone.aspect.LoggerAspect - Method arguments:[Ljava.lang.Object;@5cb023b5
2022-10-16 15:03:32 [http-nio-8081-exec-5] INFO  com.capstone.aspect.LoggerAspect - *************************************
2022-10-16 15:03:32 [http-nio-8081-exec-5] INFO  com.capstone.aspect.LoggerAspect - During: class com.capstone.service.EmiServiceImp.getEmiData() with arguments=emi [s_no=10, loanaccno=202211051, loan_status=active, emi_amount=11973.122, upcomming_payment_date=2023-01-07, remaining_amount=481722.2]
2022-10-16 15:03:32 [http-nio-8081-exec-5] INFO  com.capstone.aspect.LoggerAspect - *************************************
2022-10-16 15:03:32 [http-nio-8081-exec-5] INFO  com.capstone.aspect.LoggerAspect - Method name: com.capstone.service.EmiServiceImp
2022-10-16 15:03:32 [http-nio-8081-exec-5] INFO  com.capstone.aspect.LoggerAspect - Method arguments:[Ljava.lang.Object;@385c2b87
2022-10-16 15:03:32 [http-nio-8081-exec-5] INFO  com.capstone.aspect.LoggerAspect - *************************************
2022-10-16 15:03:32 [http-nio-8081-exec-5] INFO  com.capstone.aspect.LoggerAspect - During: class com.capstone.service.EmiServiceImp.getEmiData() with arguments=emi [s_no=10, loanaccno=202211051, loan_status=active, emi_amount=11973.122, upcomming_payment_date=2023-01-07, remaining_amount=481722.2]
2022-10-16 15:03:32 [http-nio-8081-exec-5] INFO  com.capstone.aspect.LoggerAspect - *************************************
2022-10-16 15:03:32 [http-nio-8081-exec-5] INFO  com.capstone.aspect.LoggerAspect - During: class com.capstone.controller.EmiController.getemiofAccount() with arguments=<200 OK OK,emi [s_no=10, loanaccno=202211051, loan_status=active, emi_amount=11973.122, upcomming_payment_date=2023-01-07, remaining_amount=481722.2],[]>
2022-10-16 15:03:32 [http-nio-8081-exec-5] INFO  com.capstone.aspect.LoggerAspect - *************************************
2022-10-16 15:03:47 [http-nio-8081-exec-6] INFO  com.capstone.aspect.LoggerAspect - Method name: com.capstone.controller.EmiController
2022-10-16 15:03:47 [http-nio-8081-exec-6] INFO  com.capstone.aspect.LoggerAspect - Method arguments:[Ljava.lang.Object;@726cf248
2022-10-16 15:03:47 [http-nio-8081-exec-6] INFO  com.capstone.aspect.LoggerAspect - *************************************
2022-10-16 15:03:47 [http-nio-8081-exec-6] INFO  com.capstone.aspect.LoggerAspect - Method name: com.capstone.service.EmiServiceImp
2022-10-16 15:03:47 [http-nio-8081-exec-6] INFO  com.capstone.aspect.LoggerAspect - Method arguments:[Ljava.lang.Object;@333334f3
2022-10-16 15:03:47 [http-nio-8081-exec-6] INFO  com.capstone.aspect.LoggerAspect - *************************************
2022-10-16 15:03:47 [http-nio-8081-exec-6] INFO  com.capstone.aspect.LoggerAspect - During: class com.capstone.service.EmiServiceImp.getEmiData() with arguments=emi [s_no=10, loanaccno=202211051, loan_status=active, emi_amount=11973.122, upcomming_payment_date=2023-01-07, remaining_amount=481722.2]
2022-10-16 15:03:47 [http-nio-8081-exec-6] INFO  com.capstone.aspect.LoggerAspect - *************************************
2022-10-16 15:03:47 [http-nio-8081-exec-6] INFO  com.capstone.aspect.LoggerAspect - Method name: com.capstone.service.EmiServiceImp
2022-10-16 15:03:47 [http-nio-8081-exec-6] INFO  com.capstone.aspect.LoggerAspect - Method arguments:[Ljava.lang.Object;@3a6eca3f
2022-10-16 15:03:47 [http-nio-8081-exec-6] INFO  com.capstone.aspect.LoggerAspect - *************************************
2022-10-16 15:03:47 [http-nio-8081-exec-6] INFO  com.capstone.aspect.LoggerAspect - During: class com.capstone.service.EmiServiceImp.getEmiData() with arguments=emi [s_no=10, loanaccno=202211051, loan_status=active, emi_amount=11973.122, upcomming_payment_date=2023-01-07, remaining_amount=481722.2]
2022-10-16 15:03:47 [http-nio-8081-exec-6] INFO  com.capstone.aspect.LoggerAspect - *************************************
2022-10-16 15:03:47 [http-nio-8081-exec-6] INFO  com.capstone.aspect.LoggerAspect - During: class com.capstone.controller.EmiController.getemiofAccount() with arguments=<200 OK OK,emi [s_no=10, loanaccno=202211051, loan_status=active, emi_amount=11973.122, upcomming_payment_date=2023-01-07, remaining_amount=481722.2],[]>
2022-10-16 15:03:47 [http-nio-8081-exec-6] INFO  com.capstone.aspect.LoggerAspect - *************************************
2022-10-16 15:03:49 [http-nio-8081-exec-7] INFO  com.capstone.aspect.LoggerAspect - Method name: com.capstone.controller.EmiController
2022-10-16 15:03:49 [http-nio-8081-exec-7] INFO  com.capstone.aspect.LoggerAspect - Method arguments:[Ljava.lang.Object;@5245e31b
2022-10-16 15:03:49 [http-nio-8081-exec-7] INFO  com.capstone.aspect.LoggerAspect - *************************************
2022-10-16 15:03:49 [http-nio-8081-exec-7] INFO  com.capstone.aspect.LoggerAspect - Method name: com.capstone.service.EmiServiceImp
2022-10-16 15:03:49 [http-nio-8081-exec-7] INFO  com.capstone.aspect.LoggerAspect - Method arguments:[Ljava.lang.Object;@4c7b7930
2022-10-16 15:03:49 [http-nio-8081-exec-7] INFO  com.capstone.aspect.LoggerAspect - *************************************
2022-10-16 15:03:49 [http-nio-8081-exec-7] INFO  com.capstone.aspect.LoggerAspect - During: class com.capstone.service.EmiServiceImp.getEmiData() with arguments=emi [s_no=10, loanaccno=202211051, loan_status=active, emi_amount=11973.122, upcomming_payment_date=2023-01-07, remaining_amount=481722.2]
2022-10-16 15:03:49 [http-nio-8081-exec-7] INFO  com.capstone.aspect.LoggerAspect - *************************************
2022-10-16 15:03:49 [http-nio-8081-exec-7] INFO  com.capstone.aspect.LoggerAspect - Method name: com.capstone.service.EmiServiceImp
2022-10-16 15:03:49 [http-nio-8081-exec-7] INFO  com.capstone.aspect.LoggerAspect - Method arguments:[Ljava.lang.Object;@58e1612
2022-10-16 15:03:49 [http-nio-8081-exec-7] INFO  com.capstone.aspect.LoggerAspect - *************************************
2022-10-16 15:03:49 [http-nio-8081-exec-7] INFO  com.capstone.aspect.LoggerAspect - During: class com.capstone.service.EmiServiceImp.getEmiData() with arguments=emi [s_no=10, loanaccno=202211051, loan_status=active, emi_amount=11973.122, upcomming_payment_date=2023-01-07, remaining_amount=481722.2]
2022-10-16 15:03:49 [http-nio-8081-exec-7] INFO  com.capstone.aspect.LoggerAspect - *************************************
2022-10-16 15:03:49 [http-nio-8081-exec-7] INFO  com.capstone.aspect.LoggerAspect - During: class com.capstone.controller.EmiController.getemiofAccount() with arguments=<200 OK OK,emi [s_no=10, loanaccno=202211051, loan_status=active, emi_amount=11973.122, upcomming_payment_date=2023-01-07, remaining_amount=481722.2],[]>
2022-10-16 15:03:49 [http-nio-8081-exec-7] INFO  com.capstone.aspect.LoggerAspect - *************************************
2022-10-16 15:03:53 [http-nio-8081-exec-9] INFO  com.capstone.aspect.LoggerAspect - Method name: com.capstone.controller.EmiController
2022-10-16 15:03:53 [http-nio-8081-exec-9] INFO  com.capstone.aspect.LoggerAspect - Method arguments:[Ljava.lang.Object;@3f60dfbf
2022-10-16 15:03:53 [http-nio-8081-exec-9] INFO  com.capstone.aspect.LoggerAspect - *************************************
2022-10-16 15:03:53 [http-nio-8081-exec-9] INFO  com.capstone.aspect.LoggerAspect - Method name: com.capstone.service.EmiServiceImp
2022-10-16 15:03:53 [http-nio-8081-exec-9] INFO  com.capstone.aspect.LoggerAspect - Method arguments:[Ljava.lang.Object;@25bd587f
2022-10-16 15:03:53 [http-nio-8081-exec-9] INFO  com.capstone.aspect.LoggerAspect - *************************************
2022-10-16 15:03:53 [http-nio-8081-exec-9] INFO  com.capstone.aspect.LoggerAspect - During: class com.capstone.service.EmiServiceImp.getEmiData() with arguments=emi [s_no=10, loanaccno=202211051, loan_status=active, emi_amount=11973.122, upcomming_payment_date=2023-01-07, remaining_amount=481722.2]
2022-10-16 15:03:53 [http-nio-8081-exec-9] INFO  com.capstone.aspect.LoggerAspect - *************************************
2022-10-16 15:03:53 [http-nio-8081-exec-9] INFO  com.capstone.aspect.LoggerAspect - Method name: com.capstone.service.EmiServiceImp
2022-10-16 15:03:53 [http-nio-8081-exec-9] INFO  com.capstone.aspect.LoggerAspect - Method arguments:[Ljava.lang.Object;@5a33424a
2022-10-16 15:03:53 [http-nio-8081-exec-9] INFO  com.capstone.aspect.LoggerAspect - *************************************
2022-10-16 15:03:53 [http-nio-8081-exec-9] INFO  com.capstone.aspect.LoggerAspect - During: class com.capstone.service.EmiServiceImp.getEmiData() with arguments=emi [s_no=10, loanaccno=202211051, loan_status=active, emi_amount=11973.122, upcomming_payment_date=2023-01-07, remaining_amount=481722.2]
2022-10-16 15:03:53 [http-nio-8081-exec-9] INFO  com.capstone.aspect.LoggerAspect - *************************************
2022-10-16 15:03:53 [http-nio-8081-exec-9] INFO  com.capstone.aspect.LoggerAspect - During: class com.capstone.controller.EmiController.getemiofAccount() with arguments=<200 OK OK,emi [s_no=10, loanaccno=202211051, loan_status=active, emi_amount=11973.122, upcomming_payment_date=2023-01-07, remaining_amount=481722.2],[]>
2022-10-16 15:03:53 [http-nio-8081-exec-9] INFO  com.capstone.aspect.LoggerAspect - *************************************
2022-10-16 15:04:02 [http-nio-8081-exec-8] INFO  com.capstone.aspect.LoggerAspect - Method name: com.capstone.controller.EmiController
2022-10-16 15:04:02 [http-nio-8081-exec-8] INFO  com.capstone.aspect.LoggerAspect - Method arguments:[Ljava.lang.Object;@27f2e6b4
2022-10-16 15:04:02 [http-nio-8081-exec-8] INFO  com.capstone.aspect.LoggerAspect - *************************************
2022-10-16 15:04:02 [http-nio-8081-exec-8] INFO  com.capstone.aspect.LoggerAspect - Method name: com.capstone.service.EmiServiceImp
2022-10-16 15:04:02 [http-nio-8081-exec-8] INFO  com.capstone.aspect.LoggerAspect - Method arguments:[Ljava.lang.Object;@25266099
2022-10-16 15:04:02 [http-nio-8081-exec-8] INFO  com.capstone.aspect.LoggerAspect - *************************************
2022-10-16 15:04:02 [http-nio-8081-exec-8] INFO  com.capstone.aspect.LoggerAspect - During: class com.capstone.service.EmiServiceImp.updateEMI() with arguments=emi [s_no=10, loanaccno=202211051, loan_status=active, emi_amount=11973.122, upcomming_payment_date=2023-02-07, remaining_amount=471559.12]
2022-10-16 15:04:02 [http-nio-8081-exec-8] INFO  com.capstone.aspect.LoggerAspect - *************************************
2022-10-16 15:04:02 [http-nio-8081-exec-8] INFO  com.capstone.aspect.LoggerAspect - During: class com.capstone.controller.EmiController.updateEMI() with arguments=<200 OK OK,{message=emi updated},[]>
2022-10-16 15:04:02 [http-nio-8081-exec-8] INFO  com.capstone.aspect.LoggerAspect - *************************************
2022-10-16 15:04:12 [http-nio-8081-exec-1] WARN  o.s.w.s.m.s.DefaultHandlerExceptionResolver - Resolved [org.springframework.web.method.annotation.MethodArgumentTypeMismatchException: Failed to convert value of type 'java.lang.String' to required type 'int'; nested exception is java.lang.NumberFormatException: For input string: "undefined"]
2022-10-16 15:04:12 [http-nio-8081-exec-10] INFO  com.capstone.aspect.LoggerAspect - Method name: com.capstone.controller.EmiController
2022-10-16 15:04:12 [http-nio-8081-exec-10] INFO  com.capstone.aspect.LoggerAspect - Method arguments:[Ljava.lang.Object;@654ca082
2022-10-16 15:04:12 [http-nio-8081-exec-10] INFO  com.capstone.aspect.LoggerAspect - *************************************
2022-10-16 15:04:12 [http-nio-8081-exec-10] INFO  com.capstone.aspect.LoggerAspect - Method name: com.capstone.service.EmiServiceImp
2022-10-16 15:04:12 [http-nio-8081-exec-10] INFO  com.capstone.aspect.LoggerAspect - Method arguments:[Ljava.lang.Object;@898875c
2022-10-16 15:04:12 [http-nio-8081-exec-10] INFO  com.capstone.aspect.LoggerAspect - *************************************
2022-10-16 15:04:12 [http-nio-8081-exec-10] INFO  com.capstone.aspect.LoggerAspect - During: class com.capstone.service.EmiServiceImp.getEmiData() with arguments=emi [s_no=10, loanaccno=202211051, loan_status=active, emi_amount=11973.122, upcomming_payment_date=2023-02-07, remaining_amount=471559.12]
2022-10-16 15:04:12 [http-nio-8081-exec-10] INFO  com.capstone.aspect.LoggerAspect - *************************************
2022-10-16 15:04:12 [http-nio-8081-exec-10] INFO  com.capstone.aspect.LoggerAspect - Method name: com.capstone.service.EmiServiceImp
2022-10-16 15:04:12 [http-nio-8081-exec-10] INFO  com.capstone.aspect.LoggerAspect - Method arguments:[Ljava.lang.Object;@3ec602a6
2022-10-16 15:04:12 [http-nio-8081-exec-10] INFO  com.capstone.aspect.LoggerAspect - *************************************
2022-10-16 15:04:12 [http-nio-8081-exec-10] INFO  com.capstone.aspect.LoggerAspect - During: class com.capstone.service.EmiServiceImp.getEmiData() with arguments=emi [s_no=10, loanaccno=202211051, loan_status=active, emi_amount=11973.122, upcomming_payment_date=2023-02-07, remaining_amount=471559.12]
2022-10-16 15:04:12 [http-nio-8081-exec-10] INFO  com.capstone.aspect.LoggerAspect - *************************************
2022-10-16 15:04:12 [http-nio-8081-exec-10] INFO  com.capstone.aspect.LoggerAspect - During: class com.capstone.controller.EmiController.getemiofAccount() with arguments=<200 OK OK,emi [s_no=10, loanaccno=202211051, loan_status=active, emi_amount=11973.122, upcomming_payment_date=2023-02-07, remaining_amount=471559.12],[]>
2022-10-16 15:04:12 [http-nio-8081-exec-10] INFO  com.capstone.aspect.LoggerAspect - *************************************
2022-10-16 15:04:30 [AsyncResolver-bootstrap-executor-0] INFO  c.n.d.s.r.aws.ConfigClusterResolver - Resolving eureka endpoints via configuration
2022-10-16 15:05:31 [http-nio-8081-exec-3] INFO  com.capstone.aspect.LoggerAspect - Method name: com.capstone.controller.EmiController
2022-10-16 15:05:31 [http-nio-8081-exec-3] INFO  com.capstone.aspect.LoggerAspect - Method arguments:[Ljava.lang.Object;@193f4b9e
2022-10-16 15:05:31 [http-nio-8081-exec-3] INFO  com.capstone.aspect.LoggerAspect - *************************************
2022-10-16 15:05:31 [http-nio-8081-exec-3] INFO  com.capstone.aspect.LoggerAspect - Method name: com.capstone.service.EmiServiceImp
2022-10-16 15:05:31 [http-nio-8081-exec-3] INFO  com.capstone.aspect.LoggerAspect - Method arguments:[Ljava.lang.Object;@73842398
2022-10-16 15:05:31 [http-nio-8081-exec-3] INFO  com.capstone.aspect.LoggerAspect - *************************************
2022-10-16 15:05:31 [http-nio-8081-exec-3] INFO  com.capstone.aspect.LoggerAspect - During: class com.capstone.service.EmiServiceImp.getEmiData() with arguments=emi [s_no=7, loanaccno=202211033, loan_status=active, emi_amount=10271.0, upcomming_payment_date=2022-11-07, remaining_amount=350000.0]
2022-10-16 15:05:31 [http-nio-8081-exec-3] INFO  com.capstone.aspect.LoggerAspect - *************************************
2022-10-16 15:05:31 [http-nio-8081-exec-3] INFO  com.capstone.aspect.LoggerAspect - Method name: com.capstone.service.EmiServiceImp
2022-10-16 15:05:31 [http-nio-8081-exec-3] INFO  com.capstone.aspect.LoggerAspect - Method arguments:[Ljava.lang.Object;@2127b01e
2022-10-16 15:05:31 [http-nio-8081-exec-3] INFO  com.capstone.aspect.LoggerAspect - *************************************
2022-10-16 15:05:31 [http-nio-8081-exec-3] INFO  com.capstone.aspect.LoggerAspect - During: class com.capstone.service.EmiServiceImp.getEmiData() with arguments=emi [s_no=7, loanaccno=202211033, loan_status=active, emi_amount=10271.0, upcomming_payment_date=2022-11-07, remaining_amount=350000.0]
2022-10-16 15:05:31 [http-nio-8081-exec-3] INFO  com.capstone.aspect.LoggerAspect - *************************************
2022-10-16 15:05:31 [http-nio-8081-exec-3] INFO  com.capstone.aspect.LoggerAspect - During: class com.capstone.controller.EmiController.getemiofAccount() with arguments=<200 OK OK,emi [s_no=7, loanaccno=202211033, loan_status=active, emi_amount=10271.0, upcomming_payment_date=2022-11-07, remaining_amount=350000.0],[]>
2022-10-16 15:05:31 [http-nio-8081-exec-3] INFO  com.capstone.aspect.LoggerAspect - *************************************
2022-10-16 15:05:35 [http-nio-8081-exec-4] INFO  com.capstone.aspect.LoggerAspect - Method name: com.capstone.controller.EmiController
2022-10-16 15:05:35 [http-nio-8081-exec-4] INFO  com.capstone.aspect.LoggerAspect - Method arguments:[Ljava.lang.Object;@4aa11488
2022-10-16 15:05:35 [http-nio-8081-exec-4] INFO  com.capstone.aspect.LoggerAspect - *************************************
2022-10-16 15:05:35 [http-nio-8081-exec-4] INFO  com.capstone.aspect.LoggerAspect - Method name: com.capstone.service.EmiServiceImp
2022-10-16 15:05:35 [http-nio-8081-exec-4] INFO  com.capstone.aspect.LoggerAspect - Method arguments:[Ljava.lang.Object;@974e64b
2022-10-16 15:05:35 [http-nio-8081-exec-4] INFO  com.capstone.aspect.LoggerAspect - *************************************
2022-10-16 15:05:35 [http-nio-8081-exec-4] INFO  com.capstone.aspect.LoggerAspect - During: class com.capstone.service.EmiServiceImp.getEmiData() with arguments=emi [s_no=7, loanaccno=202211033, loan_status=active, emi_amount=10271.0, upcomming_payment_date=2022-11-07, remaining_amount=350000.0]
2022-10-16 15:05:35 [http-nio-8081-exec-4] INFO  com.capstone.aspect.LoggerAspect - *************************************
2022-10-16 15:05:35 [http-nio-8081-exec-4] INFO  com.capstone.aspect.LoggerAspect - Method name: com.capstone.service.EmiServiceImp
2022-10-16 15:05:35 [http-nio-8081-exec-4] INFO  com.capstone.aspect.LoggerAspect - Method arguments:[Ljava.lang.Object;@1e0ae3d2
2022-10-16 15:05:35 [http-nio-8081-exec-4] INFO  com.capstone.aspect.LoggerAspect - *************************************
2022-10-16 15:05:35 [http-nio-8081-exec-4] INFO  com.capstone.aspect.LoggerAspect - During: class com.capstone.service.EmiServiceImp.getEmiData() with arguments=emi [s_no=7, loanaccno=202211033, loan_status=active, emi_amount=10271.0, upcomming_payment_date=2022-11-07, remaining_amount=350000.0]
2022-10-16 15:05:35 [http-nio-8081-exec-4] INFO  com.capstone.aspect.LoggerAspect - *************************************
2022-10-16 15:05:35 [http-nio-8081-exec-4] INFO  com.capstone.aspect.LoggerAspect - During: class com.capstone.controller.EmiController.getemiofAccount() with arguments=<200 OK OK,emi [s_no=7, loanaccno=202211033, loan_status=active, emi_amount=10271.0, upcomming_payment_date=2022-11-07, remaining_amount=350000.0],[]>
2022-10-16 15:05:35 [http-nio-8081-exec-4] INFO  com.capstone.aspect.LoggerAspect - *************************************
2022-10-16 15:07:12 [http-nio-8081-exec-6] ERROR o.a.c.c.C.[.[.[.[dispatcherServlet] - Servlet.service() for servlet [dispatcherServlet] in context with path [] threw exception [Token expired] with root cause
javax.servlet.ServletException: Token expired
	at com.capstone.filter.EmiFilter.doFilter(EmiFilter.java:59)
	at org.apache.catalina.core.ApplicationFilterChain.internalDoFilter(ApplicationFilterChain.java:189)
	at org.apache.catalina.core.ApplicationFilterChain.doFilter(ApplicationFilterChain.java:162)
	at org.springframework.web.filter.RequestContextFilter.doFilterInternal(RequestContextFilter.java:100)
	at org.springframework.web.filter.OncePerRequestFilter.doFilter(OncePerRequestFilter.java:117)
	at org.apache.catalina.core.ApplicationFilterChain.internalDoFilter(ApplicationFilterChain.java:189)
	at org.apache.catalina.core.ApplicationFilterChain.doFilter(ApplicationFilterChain.java:162)
	at org.springframework.web.filter.FormContentFilter.doFilterInternal(FormContentFilter.java:93)
	at org.springframework.web.filter.OncePerRequestFilter.doFilter(OncePerRequestFilter.java:117)
	at org.apache.catalina.core.ApplicationFilterChain.internalDoFilter(ApplicationFilterChain.java:189)
	at org.apache.catalina.core.ApplicationFilterChain.doFilter(ApplicationFilterChain.java:162)
	at org.springframework.web.filter.CharacterEncodingFilter.doFilterInternal(CharacterEncodingFilter.java:201)
	at org.springframework.web.filter.OncePerRequestFilter.doFilter(OncePerRequestFilter.java:117)
	at org.apache.catalina.core.ApplicationFilterChain.internalDoFilter(ApplicationFilterChain.java:189)
	at org.apache.catalina.core.ApplicationFilterChain.doFilter(ApplicationFilterChain.java:162)
	at org.apache.catalina.core.StandardWrapperValve.invoke(StandardWrapperValve.java:197)
	at org.apache.catalina.core.StandardContextValve.invoke(StandardContextValve.java:97)
	at org.apache.catalina.authenticator.AuthenticatorBase.invoke(AuthenticatorBase.java:541)
	at org.apache.catalina.core.StandardHostValve.invoke(StandardHostValve.java:135)
	at org.apache.catalina.valves.ErrorReportValve.invoke(ErrorReportValve.java:92)
	at org.apache.catalina.core.StandardEngineValve.invoke(StandardEngineValve.java:78)
	at org.apache.catalina.connector.CoyoteAdapter.service(CoyoteAdapter.java:360)
	at org.apache.coyote.http11.Http11Processor.service(Http11Processor.java:399)
	at org.apache.coyote.AbstractProcessorLight.process(AbstractProcessorLight.java:65)
	at org.apache.coyote.AbstractProtocol$ConnectionHandler.process(AbstractProtocol.java:890)
	at org.apache.tomcat.util.net.NioEndpoint$SocketProcessor.doRun(NioEndpoint.java:1789)
	at org.apache.tomcat.util.net.SocketProcessorBase.run(SocketProcessorBase.java:49)
	at org.apache.tomcat.util.threads.ThreadPoolExecutor.runWorker(ThreadPoolExecutor.java:1191)
	at org.apache.tomcat.util.threads.ThreadPoolExecutor$Worker.run(ThreadPoolExecutor.java:659)
	at org.apache.tomcat.util.threads.TaskThread$WrappingRunnable.run(TaskThread.java:61)
	at java.base/java.lang.Thread.run(Thread.java:833)
2022-10-16 15:07:44 [http-nio-8081-exec-7] ERROR o.a.c.c.C.[.[.[.[dispatcherServlet] - Servlet.service() for servlet [dispatcherServlet] in context with path [] threw exception [Token expired] with root cause
javax.servlet.ServletException: Token expired
	at com.capstone.filter.EmiFilter.doFilter(EmiFilter.java:59)
	at org.apache.catalina.core.ApplicationFilterChain.internalDoFilter(ApplicationFilterChain.java:189)
	at org.apache.catalina.core.ApplicationFilterChain.doFilter(ApplicationFilterChain.java:162)
	at org.springframework.web.filter.RequestContextFilter.doFilterInternal(RequestContextFilter.java:100)
	at org.springframework.web.filter.OncePerRequestFilter.doFilter(OncePerRequestFilter.java:117)
	at org.apache.catalina.core.ApplicationFilterChain.internalDoFilter(ApplicationFilterChain.java:189)
	at org.apache.catalina.core.ApplicationFilterChain.doFilter(ApplicationFilterChain.java:162)
	at org.springframework.web.filter.FormContentFilter.doFilterInternal(FormContentFilter.java:93)
	at org.springframework.web.filter.OncePerRequestFilter.doFilter(OncePerRequestFilter.java:117)
	at org.apache.catalina.core.ApplicationFilterChain.internalDoFilter(ApplicationFilterChain.java:189)
	at org.apache.catalina.core.ApplicationFilterChain.doFilter(ApplicationFilterChain.java:162)
	at org.springframework.web.filter.CharacterEncodingFilter.doFilterInternal(CharacterEncodingFilter.java:201)
	at org.springframework.web.filter.OncePerRequestFilter.doFilter(OncePerRequestFilter.java:117)
	at org.apache.catalina.core.ApplicationFilterChain.internalDoFilter(ApplicationFilterChain.java:189)
	at org.apache.catalina.core.ApplicationFilterChain.doFilter(ApplicationFilterChain.java:162)
	at org.apache.catalina.core.StandardWrapperValve.invoke(StandardWrapperValve.java:197)
	at org.apache.catalina.core.StandardContextValve.invoke(StandardContextValve.java:97)
	at org.apache.catalina.authenticator.AuthenticatorBase.invoke(AuthenticatorBase.java:541)
	at org.apache.catalina.core.StandardHostValve.invoke(StandardHostValve.java:135)
	at org.apache.catalina.valves.ErrorReportValve.invoke(ErrorReportValve.java:92)
	at org.apache.catalina.core.StandardEngineValve.invoke(StandardEngineValve.java:78)
	at org.apache.catalina.connector.CoyoteAdapter.service(CoyoteAdapter.java:360)
	at org.apache.coyote.http11.Http11Processor.service(Http11Processor.java:399)
	at org.apache.coyote.AbstractProcessorLight.process(AbstractProcessorLight.java:65)
	at org.apache.coyote.AbstractProtocol$ConnectionHandler.process(AbstractProtocol.java:890)
	at org.apache.tomcat.util.net.NioEndpoint$SocketProcessor.doRun(NioEndpoint.java:1789)
	at org.apache.tomcat.util.net.SocketProcessorBase.run(SocketProcessorBase.java:49)
	at org.apache.tomcat.util.threads.ThreadPoolExecutor.runWorker(ThreadPoolExecutor.java:1191)
	at org.apache.tomcat.util.threads.ThreadPoolExecutor$Worker.run(ThreadPoolExecutor.java:659)
	at org.apache.tomcat.util.threads.TaskThread$WrappingRunnable.run(TaskThread.java:61)
	at java.base/java.lang.Thread.run(Thread.java:833)
2022-10-16 15:08:02 [http-nio-8081-exec-9] INFO  com.capstone.aspect.LoggerAspect - Method name: com.capstone.controller.EmiController
2022-10-16 15:08:02 [http-nio-8081-exec-9] INFO  com.capstone.aspect.LoggerAspect - Method arguments:[Ljava.lang.Object;@2d937a39
2022-10-16 15:08:02 [http-nio-8081-exec-9] INFO  com.capstone.aspect.LoggerAspect - *************************************
2022-10-16 15:08:02 [http-nio-8081-exec-9] INFO  com.capstone.aspect.LoggerAspect - Method name: com.capstone.service.EmiServiceImp
2022-10-16 15:08:02 [http-nio-8081-exec-9] INFO  com.capstone.aspect.LoggerAspect - Method arguments:[Ljava.lang.Object;@243be0d4
2022-10-16 15:08:02 [http-nio-8081-exec-9] INFO  com.capstone.aspect.LoggerAspect - *************************************
2022-10-16 15:08:02 [http-nio-8081-exec-9] INFO  com.capstone.aspect.LoggerAspect - During: class com.capstone.service.EmiServiceImp.updateEMI() with arguments=emi [s_no=10, loanaccno=202211051, loan_status=active, emi_amount=11973.122, upcomming_payment_date=2022-11-07, remaining_amount=500000.0]
2022-10-16 15:08:02 [http-nio-8081-exec-9] INFO  com.capstone.aspect.LoggerAspect - *************************************
2022-10-16 15:08:02 [http-nio-8081-exec-9] INFO  com.capstone.aspect.LoggerAspect - During: class com.capstone.controller.EmiController.updateEMI() with arguments=<200 OK OK,{message=emi updated},[]>
2022-10-16 15:08:02 [http-nio-8081-exec-9] INFO  com.capstone.aspect.LoggerAspect - *************************************
2022-10-16 15:09:30 [AsyncResolver-bootstrap-executor-0] INFO  c.n.d.s.r.aws.ConfigClusterResolver - Resolving eureka endpoints via configuration
2022-10-16 15:14:30 [AsyncResolver-bootstrap-executor-0] INFO  c.n.d.s.r.aws.ConfigClusterResolver - Resolving eureka endpoints via configuration
2022-10-16 15:19:30 [AsyncResolver-bootstrap-executor-0] INFO  c.n.d.s.r.aws.ConfigClusterResolver - Resolving eureka endpoints via configuration
2022-10-16 15:24:30 [AsyncResolver-bootstrap-executor-0] INFO  c.n.d.s.r.aws.ConfigClusterResolver - Resolving eureka endpoints via configuration
2022-10-16 15:29:30 [AsyncResolver-bootstrap-executor-0] INFO  c.n.d.s.r.aws.ConfigClusterResolver - Resolving eureka endpoints via configuration
2022-10-16 15:34:30 [AsyncResolver-bootstrap-executor-0] INFO  c.n.d.s.r.aws.ConfigClusterResolver - Resolving eureka endpoints via configuration
2022-10-16 15:39:30 [AsyncResolver-bootstrap-executor-0] INFO  c.n.d.s.r.aws.ConfigClusterResolver - Resolving eureka endpoints via configuration
2022-10-16 15:43:42 [http-nio-8081-exec-1] ERROR o.a.c.c.C.[.[.[.[dispatcherServlet] - Servlet.service() for servlet [dispatcherServlet] in context with path [] threw exception [Token has been modified by unauthorized user] with root cause
javax.servlet.ServletException: Token has been modified by unauthorized user
	at com.capstone.filter.EmiFilter.doFilter(EmiFilter.java:57)
	at org.apache.catalina.core.ApplicationFilterChain.internalDoFilter(ApplicationFilterChain.java:189)
	at org.apache.catalina.core.ApplicationFilterChain.doFilter(ApplicationFilterChain.java:162)
	at org.springframework.web.filter.RequestContextFilter.doFilterInternal(RequestContextFilter.java:100)
	at org.springframework.web.filter.OncePerRequestFilter.doFilter(OncePerRequestFilter.java:117)
	at org.apache.catalina.core.ApplicationFilterChain.internalDoFilter(ApplicationFilterChain.java:189)
	at org.apache.catalina.core.ApplicationFilterChain.doFilter(ApplicationFilterChain.java:162)
	at org.springframework.web.filter.FormContentFilter.doFilterInternal(FormContentFilter.java:93)
	at org.springframework.web.filter.OncePerRequestFilter.doFilter(OncePerRequestFilter.java:117)
	at org.apache.catalina.core.ApplicationFilterChain.internalDoFilter(ApplicationFilterChain.java:189)
	at org.apache.catalina.core.ApplicationFilterChain.doFilter(ApplicationFilterChain.java:162)
	at org.springframework.web.filter.CharacterEncodingFilter.doFilterInternal(CharacterEncodingFilter.java:201)
	at org.springframework.web.filter.OncePerRequestFilter.doFilter(OncePerRequestFilter.java:117)
	at org.apache.catalina.core.ApplicationFilterChain.internalDoFilter(ApplicationFilterChain.java:189)
	at org.apache.catalina.core.ApplicationFilterChain.doFilter(ApplicationFilterChain.java:162)
	at org.apache.catalina.core.StandardWrapperValve.invoke(StandardWrapperValve.java:197)
	at org.apache.catalina.core.StandardContextValve.invoke(StandardContextValve.java:97)
	at org.apache.catalina.authenticator.AuthenticatorBase.invoke(AuthenticatorBase.java:541)
	at org.apache.catalina.core.StandardHostValve.invoke(StandardHostValve.java:135)
	at org.apache.catalina.valves.ErrorReportValve.invoke(ErrorReportValve.java:92)
	at org.apache.catalina.core.StandardEngineValve.invoke(StandardEngineValve.java:78)
	at org.apache.catalina.connector.CoyoteAdapter.service(CoyoteAdapter.java:360)
	at org.apache.coyote.http11.Http11Processor.service(Http11Processor.java:399)
	at org.apache.coyote.AbstractProcessorLight.process(AbstractProcessorLight.java:65)
	at org.apache.coyote.AbstractProtocol$ConnectionHandler.process(AbstractProtocol.java:890)
	at org.apache.tomcat.util.net.NioEndpoint$SocketProcessor.doRun(NioEndpoint.java:1789)
	at org.apache.tomcat.util.net.SocketProcessorBase.run(SocketProcessorBase.java:49)
	at org.apache.tomcat.util.threads.ThreadPoolExecutor.runWorker(ThreadPoolExecutor.java:1191)
	at org.apache.tomcat.util.threads.ThreadPoolExecutor$Worker.run(ThreadPoolExecutor.java:659)
	at org.apache.tomcat.util.threads.TaskThread$WrappingRunnable.run(TaskThread.java:61)
	at java.base/java.lang.Thread.run(Thread.java:833)
2022-10-16 15:43:52 [http-nio-8081-exec-10] INFO  com.capstone.aspect.LoggerAspect - Method name: com.capstone.controller.EmiController
2022-10-16 15:43:52 [http-nio-8081-exec-10] INFO  com.capstone.aspect.LoggerAspect - Method arguments:[Ljava.lang.Object;@48f62dba
2022-10-16 15:43:52 [http-nio-8081-exec-10] INFO  com.capstone.aspect.LoggerAspect - *************************************
2022-10-16 15:43:52 [http-nio-8081-exec-10] INFO  com.capstone.aspect.LoggerAspect - Method name: com.capstone.service.EmiServiceImp
2022-10-16 15:43:52 [http-nio-8081-exec-10] INFO  com.capstone.aspect.LoggerAspect - Method arguments:[Ljava.lang.Object;@34884c2e
2022-10-16 15:43:52 [http-nio-8081-exec-10] INFO  com.capstone.aspect.LoggerAspect - *************************************
2022-10-16 15:43:52 [http-nio-8081-exec-10] INFO  com.capstone.aspect.LoggerAspect - During: class com.capstone.service.EmiServiceImp.getEmiData() with arguments=emi [s_no=10, loanaccno=202211051, loan_status=active, emi_amount=11973.122, upcomming_payment_date=2022-11-07, remaining_amount=500000.0]
2022-10-16 15:43:52 [http-nio-8081-exec-10] INFO  com.capstone.aspect.LoggerAspect - *************************************
2022-10-16 15:43:52 [http-nio-8081-exec-10] INFO  com.capstone.aspect.LoggerAspect - Method name: com.capstone.service.EmiServiceImp
2022-10-16 15:43:52 [http-nio-8081-exec-10] INFO  com.capstone.aspect.LoggerAspect - Method arguments:[Ljava.lang.Object;@16844fde
2022-10-16 15:43:52 [http-nio-8081-exec-10] INFO  com.capstone.aspect.LoggerAspect - *************************************
2022-10-16 15:43:52 [http-nio-8081-exec-10] INFO  com.capstone.aspect.LoggerAspect - During: class com.capstone.service.EmiServiceImp.getEmiData() with arguments=emi [s_no=10, loanaccno=202211051, loan_status=active, emi_amount=11973.122, upcomming_payment_date=2022-11-07, remaining_amount=500000.0]
2022-10-16 15:43:52 [http-nio-8081-exec-10] INFO  com.capstone.aspect.LoggerAspect - *************************************
2022-10-16 15:43:52 [http-nio-8081-exec-10] INFO  com.capstone.aspect.LoggerAspect - During: class com.capstone.controller.EmiController.getemiofAccount() with arguments=<200 OK OK,emi [s_no=10, loanaccno=202211051, loan_status=active, emi_amount=11973.122, upcomming_payment_date=2022-11-07, remaining_amount=500000.0],[]>
2022-10-16 15:43:52 [http-nio-8081-exec-10] INFO  com.capstone.aspect.LoggerAspect - *************************************
2022-10-16 15:44:00 [http-nio-8081-exec-2] ERROR o.a.c.c.C.[.[.[.[dispatcherServlet] - Servlet.service() for servlet [dispatcherServlet] in context with path [] threw exception [Token has been modified by unauthorized user] with root cause
javax.servlet.ServletException: Token has been modified by unauthorized user
	at com.capstone.filter.EmiFilter.doFilter(EmiFilter.java:57)
	at org.apache.catalina.core.ApplicationFilterChain.internalDoFilter(ApplicationFilterChain.java:189)
	at org.apache.catalina.core.ApplicationFilterChain.doFilter(ApplicationFilterChain.java:162)
	at org.springframework.web.filter.RequestContextFilter.doFilterInternal(RequestContextFilter.java:100)
	at org.springframework.web.filter.OncePerRequestFilter.doFilter(OncePerRequestFilter.java:117)
	at org.apache.catalina.core.ApplicationFilterChain.internalDoFilter(ApplicationFilterChain.java:189)
	at org.apache.catalina.core.ApplicationFilterChain.doFilter(ApplicationFilterChain.java:162)
	at org.springframework.web.filter.FormContentFilter.doFilterInternal(FormContentFilter.java:93)
	at org.springframework.web.filter.OncePerRequestFilter.doFilter(OncePerRequestFilter.java:117)
	at org.apache.catalina.core.ApplicationFilterChain.internalDoFilter(ApplicationFilterChain.java:189)
	at org.apache.catalina.core.ApplicationFilterChain.doFilter(ApplicationFilterChain.java:162)
	at org.springframework.web.filter.CharacterEncodingFilter.doFilterInternal(CharacterEncodingFilter.java:201)
	at org.springframework.web.filter.OncePerRequestFilter.doFilter(OncePerRequestFilter.java:117)
	at org.apache.catalina.core.ApplicationFilterChain.internalDoFilter(ApplicationFilterChain.java:189)
	at org.apache.catalina.core.ApplicationFilterChain.doFilter(ApplicationFilterChain.java:162)
	at org.apache.catalina.core.StandardWrapperValve.invoke(StandardWrapperValve.java:197)
	at org.apache.catalina.core.StandardContextValve.invoke(StandardContextValve.java:97)
	at org.apache.catalina.authenticator.AuthenticatorBase.invoke(AuthenticatorBase.java:541)
	at org.apache.catalina.core.StandardHostValve.invoke(StandardHostValve.java:135)
	at org.apache.catalina.valves.ErrorReportValve.invoke(ErrorReportValve.java:92)
	at org.apache.catalina.core.StandardEngineValve.invoke(StandardEngineValve.java:78)
	at org.apache.catalina.connector.CoyoteAdapter.service(CoyoteAdapter.java:360)
	at org.apache.coyote.http11.Http11Processor.service(Http11Processor.java:399)
	at org.apache.coyote.AbstractProcessorLight.process(AbstractProcessorLight.java:65)
	at org.apache.coyote.AbstractProtocol$ConnectionHandler.process(AbstractProtocol.java:890)
	at org.apache.tomcat.util.net.NioEndpoint$SocketProcessor.doRun(NioEndpoint.java:1789)
	at org.apache.tomcat.util.net.SocketProcessorBase.run(SocketProcessorBase.java:49)
	at org.apache.tomcat.util.threads.ThreadPoolExecutor.runWorker(ThreadPoolExecutor.java:1191)
	at org.apache.tomcat.util.threads.ThreadPoolExecutor$Worker.run(ThreadPoolExecutor.java:659)
	at org.apache.tomcat.util.threads.TaskThread$WrappingRunnable.run(TaskThread.java:61)
	at java.base/java.lang.Thread.run(Thread.java:833)
2022-10-16 15:44:05 [http-nio-8081-exec-3] INFO  com.capstone.aspect.LoggerAspect - Method name: com.capstone.controller.EmiController
2022-10-16 15:44:05 [http-nio-8081-exec-3] INFO  com.capstone.aspect.LoggerAspect - Method arguments:[Ljava.lang.Object;@37bcf72a
2022-10-16 15:44:05 [http-nio-8081-exec-3] INFO  com.capstone.aspect.LoggerAspect - *************************************
2022-10-16 15:44:05 [http-nio-8081-exec-3] INFO  com.capstone.aspect.LoggerAspect - Method name: com.capstone.service.EmiServiceImp
2022-10-16 15:44:05 [http-nio-8081-exec-3] INFO  com.capstone.aspect.LoggerAspect - Method arguments:[Ljava.lang.Object;@20878538
2022-10-16 15:44:05 [http-nio-8081-exec-3] INFO  com.capstone.aspect.LoggerAspect - *************************************
2022-10-16 15:44:05 [http-nio-8081-exec-3] INFO  com.capstone.aspect.LoggerAspect - During: class com.capstone.service.EmiServiceImp.getEmiData() with arguments=emi [s_no=10, loanaccno=202211051, loan_status=active, emi_amount=11973.122, upcomming_payment_date=2022-11-07, remaining_amount=500000.0]
2022-10-16 15:44:05 [http-nio-8081-exec-3] INFO  com.capstone.aspect.LoggerAspect - *************************************
2022-10-16 15:44:05 [http-nio-8081-exec-3] INFO  com.capstone.aspect.LoggerAspect - Method name: com.capstone.service.EmiServiceImp
2022-10-16 15:44:05 [http-nio-8081-exec-3] INFO  com.capstone.aspect.LoggerAspect - Method arguments:[Ljava.lang.Object;@4bf4a3e1
2022-10-16 15:44:05 [http-nio-8081-exec-3] INFO  com.capstone.aspect.LoggerAspect - *************************************
2022-10-16 15:44:05 [http-nio-8081-exec-3] INFO  com.capstone.aspect.LoggerAspect - During: class com.capstone.service.EmiServiceImp.getEmiData() with arguments=emi [s_no=10, loanaccno=202211051, loan_status=active, emi_amount=11973.122, upcomming_payment_date=2022-11-07, remaining_amount=500000.0]
2022-10-16 15:44:05 [http-nio-8081-exec-3] INFO  com.capstone.aspect.LoggerAspect - *************************************
2022-10-16 15:44:05 [http-nio-8081-exec-3] INFO  com.capstone.aspect.LoggerAspect - During: class com.capstone.controller.EmiController.getemiofAccount() with arguments=<200 OK OK,emi [s_no=10, loanaccno=202211051, loan_status=active, emi_amount=11973.122, upcomming_payment_date=2022-11-07, remaining_amount=500000.0],[]>
2022-10-16 15:44:05 [http-nio-8081-exec-3] INFO  com.capstone.aspect.LoggerAspect - *************************************
2022-10-16 15:44:30 [AsyncResolver-bootstrap-executor-0] INFO  c.n.d.s.r.aws.ConfigClusterResolver - Resolving eureka endpoints via configuration
2022-10-16 15:44:51 [http-nio-8081-exec-4] INFO  com.capstone.aspect.LoggerAspect - Method name: com.capstone.controller.EmiController
2022-10-16 15:44:51 [http-nio-8081-exec-4] INFO  com.capstone.aspect.LoggerAspect - Method arguments:[Ljava.lang.Object;@47979f46
2022-10-16 15:44:51 [http-nio-8081-exec-4] INFO  com.capstone.aspect.LoggerAspect - *************************************
2022-10-16 15:44:51 [http-nio-8081-exec-4] INFO  com.capstone.aspect.LoggerAspect - Method name: com.capstone.service.EmiServiceImp
2022-10-16 15:44:51 [http-nio-8081-exec-4] INFO  com.capstone.aspect.LoggerAspect - Method arguments:[Ljava.lang.Object;@61da7b46
2022-10-16 15:44:51 [http-nio-8081-exec-4] INFO  com.capstone.aspect.LoggerAspect - *************************************
2022-10-16 15:44:51 [http-nio-8081-exec-4] INFO  com.capstone.aspect.LoggerAspect - During: class com.capstone.service.EmiServiceImp.getEmiData() with arguments=emi [s_no=10, loanaccno=202211051, loan_status=active, emi_amount=11973.122, upcomming_payment_date=2022-11-07, remaining_amount=500000.0]
2022-10-16 15:44:51 [http-nio-8081-exec-4] INFO  com.capstone.aspect.LoggerAspect - *************************************
2022-10-16 15:44:51 [http-nio-8081-exec-4] INFO  com.capstone.aspect.LoggerAspect - Method name: com.capstone.service.EmiServiceImp
2022-10-16 15:44:51 [http-nio-8081-exec-4] INFO  com.capstone.aspect.LoggerAspect - Method arguments:[Ljava.lang.Object;@411d9e3a
2022-10-16 15:44:51 [http-nio-8081-exec-4] INFO  com.capstone.aspect.LoggerAspect - *************************************
2022-10-16 15:44:51 [http-nio-8081-exec-4] INFO  com.capstone.aspect.LoggerAspect - During: class com.capstone.service.EmiServiceImp.getEmiData() with arguments=emi [s_no=10, loanaccno=202211051, loan_status=active, emi_amount=11973.122, upcomming_payment_date=2022-11-07, remaining_amount=500000.0]
2022-10-16 15:44:51 [http-nio-8081-exec-4] INFO  com.capstone.aspect.LoggerAspect - *************************************
2022-10-16 15:44:51 [http-nio-8081-exec-4] INFO  com.capstone.aspect.LoggerAspect - During: class com.capstone.controller.EmiController.getemiofAccount() with arguments=<200 OK OK,emi [s_no=10, loanaccno=202211051, loan_status=active, emi_amount=11973.122, upcomming_payment_date=2022-11-07, remaining_amount=500000.0],[]>
2022-10-16 15:44:51 [http-nio-8081-exec-4] INFO  com.capstone.aspect.LoggerAspect - *************************************
2022-10-16 15:45:17 [http-nio-8081-exec-5] INFO  com.capstone.aspect.LoggerAspect - Method name: com.capstone.controller.EmiController
2022-10-16 15:45:17 [http-nio-8081-exec-5] INFO  com.capstone.aspect.LoggerAspect - Method arguments:[Ljava.lang.Object;@185e2c4
2022-10-16 15:45:17 [http-nio-8081-exec-5] INFO  com.capstone.aspect.LoggerAspect - *************************************
2022-10-16 15:45:17 [http-nio-8081-exec-5] INFO  com.capstone.aspect.LoggerAspect - Method name: com.capstone.service.EmiServiceImp
2022-10-16 15:45:17 [http-nio-8081-exec-5] INFO  com.capstone.aspect.LoggerAspect - Method arguments:[Ljava.lang.Object;@63b3e5b5
2022-10-16 15:45:17 [http-nio-8081-exec-5] INFO  com.capstone.aspect.LoggerAspect - *************************************
2022-10-16 15:45:17 [http-nio-8081-exec-5] INFO  com.capstone.aspect.LoggerAspect - During: class com.capstone.service.EmiServiceImp.getEmiData() with arguments=emi [s_no=10, loanaccno=202211051, loan_status=active, emi_amount=11973.122, upcomming_payment_date=2022-11-07, remaining_amount=500000.0]
2022-10-16 15:45:17 [http-nio-8081-exec-5] INFO  com.capstone.aspect.LoggerAspect - *************************************
2022-10-16 15:45:17 [http-nio-8081-exec-5] INFO  com.capstone.aspect.LoggerAspect - Method name: com.capstone.service.EmiServiceImp
2022-10-16 15:45:17 [http-nio-8081-exec-5] INFO  com.capstone.aspect.LoggerAspect - Method arguments:[Ljava.lang.Object;@4f181fb3
2022-10-16 15:45:17 [http-nio-8081-exec-5] INFO  com.capstone.aspect.LoggerAspect - *************************************
2022-10-16 15:45:17 [http-nio-8081-exec-5] INFO  com.capstone.aspect.LoggerAspect - During: class com.capstone.service.EmiServiceImp.getEmiData() with arguments=emi [s_no=10, loanaccno=202211051, loan_status=active, emi_amount=11973.122, upcomming_payment_date=2022-11-07, remaining_amount=500000.0]
2022-10-16 15:45:17 [http-nio-8081-exec-5] INFO  com.capstone.aspect.LoggerAspect - *************************************
2022-10-16 15:45:17 [http-nio-8081-exec-5] INFO  com.capstone.aspect.LoggerAspect - During: class com.capstone.controller.EmiController.getemiofAccount() with arguments=<200 OK OK,emi [s_no=10, loanaccno=202211051, loan_status=active, emi_amount=11973.122, upcomming_payment_date=2022-11-07, remaining_amount=500000.0],[]>
2022-10-16 15:45:17 [http-nio-8081-exec-5] INFO  com.capstone.aspect.LoggerAspect - *************************************
2022-10-16 15:45:26 [http-nio-8081-exec-6] INFO  com.capstone.aspect.LoggerAspect - Method name: com.capstone.controller.EmiController
2022-10-16 15:45:26 [http-nio-8081-exec-6] INFO  com.capstone.aspect.LoggerAspect - Method arguments:[Ljava.lang.Object;@5cf2a85e
2022-10-16 15:45:26 [http-nio-8081-exec-6] INFO  com.capstone.aspect.LoggerAspect - *************************************
2022-10-16 15:45:26 [http-nio-8081-exec-6] INFO  com.capstone.aspect.LoggerAspect - Method name: com.capstone.service.EmiServiceImp
2022-10-16 15:45:26 [http-nio-8081-exec-6] INFO  com.capstone.aspect.LoggerAspect - Method arguments:[Ljava.lang.Object;@4853a67
2022-10-16 15:45:26 [http-nio-8081-exec-6] INFO  com.capstone.aspect.LoggerAspect - *************************************
2022-10-16 15:45:26 [http-nio-8081-exec-6] INFO  com.capstone.aspect.LoggerAspect - During: class com.capstone.service.EmiServiceImp.getEmiData() with arguments=emi [s_no=10, loanaccno=202211051, loan_status=active, emi_amount=11973.122, upcomming_payment_date=2022-11-07, remaining_amount=500000.0]
2022-10-16 15:45:26 [http-nio-8081-exec-6] INFO  com.capstone.aspect.LoggerAspect - *************************************
2022-10-16 15:45:26 [http-nio-8081-exec-6] INFO  com.capstone.aspect.LoggerAspect - Method name: com.capstone.service.EmiServiceImp
2022-10-16 15:45:26 [http-nio-8081-exec-6] INFO  com.capstone.aspect.LoggerAspect - Method arguments:[Ljava.lang.Object;@6e65f68e
2022-10-16 15:45:26 [http-nio-8081-exec-6] INFO  com.capstone.aspect.LoggerAspect - *************************************
2022-10-16 15:45:26 [http-nio-8081-exec-6] INFO  com.capstone.aspect.LoggerAspect - During: class com.capstone.service.EmiServiceImp.getEmiData() with arguments=emi [s_no=10, loanaccno=202211051, loan_status=active, emi_amount=11973.122, upcomming_payment_date=2022-11-07, remaining_amount=500000.0]
2022-10-16 15:45:26 [http-nio-8081-exec-6] INFO  com.capstone.aspect.LoggerAspect - *************************************
2022-10-16 15:45:26 [http-nio-8081-exec-6] INFO  com.capstone.aspect.LoggerAspect - During: class com.capstone.controller.EmiController.getemiofAccount() with arguments=<200 OK OK,emi [s_no=10, loanaccno=202211051, loan_status=active, emi_amount=11973.122, upcomming_payment_date=2022-11-07, remaining_amount=500000.0],[]>
2022-10-16 15:45:26 [http-nio-8081-exec-6] INFO  com.capstone.aspect.LoggerAspect - *************************************
2022-10-16 15:45:53 [http-nio-8081-exec-7] INFO  com.capstone.aspect.LoggerAspect - Method name: com.capstone.controller.EmiController
2022-10-16 15:45:53 [http-nio-8081-exec-7] INFO  com.capstone.aspect.LoggerAspect - Method arguments:[Ljava.lang.Object;@713c9ba6
2022-10-16 15:45:53 [http-nio-8081-exec-7] INFO  com.capstone.aspect.LoggerAspect - *************************************
2022-10-16 15:45:53 [http-nio-8081-exec-7] INFO  com.capstone.aspect.LoggerAspect - Method name: com.capstone.service.EmiServiceImp
2022-10-16 15:45:53 [http-nio-8081-exec-7] INFO  com.capstone.aspect.LoggerAspect - Method arguments:[Ljava.lang.Object;@3c316b9d
2022-10-16 15:45:53 [http-nio-8081-exec-7] INFO  com.capstone.aspect.LoggerAspect - *************************************
2022-10-16 15:45:53 [http-nio-8081-exec-7] INFO  com.capstone.aspect.LoggerAspect - During: class com.capstone.service.EmiServiceImp.getEmiData() with arguments=emi [s_no=10, loanaccno=202211051, loan_status=active, emi_amount=11973.122, upcomming_payment_date=2022-11-07, remaining_amount=500000.0]
2022-10-16 15:45:53 [http-nio-8081-exec-7] INFO  com.capstone.aspect.LoggerAspect - *************************************
2022-10-16 15:45:53 [http-nio-8081-exec-7] INFO  com.capstone.aspect.LoggerAspect - Method name: com.capstone.service.EmiServiceImp
2022-10-16 15:45:53 [http-nio-8081-exec-7] INFO  com.capstone.aspect.LoggerAspect - Method arguments:[Ljava.lang.Object;@5cc6fdbe
2022-10-16 15:45:53 [http-nio-8081-exec-7] INFO  com.capstone.aspect.LoggerAspect - *************************************
2022-10-16 15:45:54 [http-nio-8081-exec-7] INFO  com.capstone.aspect.LoggerAspect - During: class com.capstone.service.EmiServiceImp.getEmiData() with arguments=emi [s_no=10, loanaccno=202211051, loan_status=active, emi_amount=11973.122, upcomming_payment_date=2022-11-07, remaining_amount=500000.0]
2022-10-16 15:45:54 [http-nio-8081-exec-7] INFO  com.capstone.aspect.LoggerAspect - *************************************
2022-10-16 15:45:54 [http-nio-8081-exec-7] INFO  com.capstone.aspect.LoggerAspect - During: class com.capstone.controller.EmiController.getemiofAccount() with arguments=<200 OK OK,emi [s_no=10, loanaccno=202211051, loan_status=active, emi_amount=11973.122, upcomming_payment_date=2022-11-07, remaining_amount=500000.0],[]>
2022-10-16 15:45:54 [http-nio-8081-exec-7] INFO  com.capstone.aspect.LoggerAspect - *************************************
2022-10-16 15:46:08 [http-nio-8081-exec-9] INFO  com.capstone.aspect.LoggerAspect - Method name: com.capstone.controller.EmiController
2022-10-16 15:46:08 [http-nio-8081-exec-9] INFO  com.capstone.aspect.LoggerAspect - Method arguments:[Ljava.lang.Object;@3884cf4
2022-10-16 15:46:08 [http-nio-8081-exec-9] INFO  com.capstone.aspect.LoggerAspect - *************************************
2022-10-16 15:46:08 [http-nio-8081-exec-9] INFO  com.capstone.aspect.LoggerAspect - Method name: com.capstone.service.EmiServiceImp
2022-10-16 15:46:08 [http-nio-8081-exec-9] INFO  com.capstone.aspect.LoggerAspect - Method arguments:[Ljava.lang.Object;@46ece59f
2022-10-16 15:46:08 [http-nio-8081-exec-9] INFO  com.capstone.aspect.LoggerAspect - *************************************
2022-10-16 15:46:08 [http-nio-8081-exec-9] INFO  com.capstone.aspect.LoggerAspect - During: class com.capstone.service.EmiServiceImp.getEmiData() with arguments=emi [s_no=10, loanaccno=202211051, loan_status=active, emi_amount=11973.122, upcomming_payment_date=2022-11-07, remaining_amount=500000.0]
2022-10-16 15:46:08 [http-nio-8081-exec-9] INFO  com.capstone.aspect.LoggerAspect - *************************************
2022-10-16 15:46:08 [http-nio-8081-exec-9] INFO  com.capstone.aspect.LoggerAspect - Method name: com.capstone.service.EmiServiceImp
2022-10-16 15:46:08 [http-nio-8081-exec-9] INFO  com.capstone.aspect.LoggerAspect - Method arguments:[Ljava.lang.Object;@44637480
2022-10-16 15:46:08 [http-nio-8081-exec-9] INFO  com.capstone.aspect.LoggerAspect - *************************************
2022-10-16 15:46:08 [http-nio-8081-exec-9] INFO  com.capstone.aspect.LoggerAspect - During: class com.capstone.service.EmiServiceImp.getEmiData() with arguments=emi [s_no=10, loanaccno=202211051, loan_status=active, emi_amount=11973.122, upcomming_payment_date=2022-11-07, remaining_amount=500000.0]
2022-10-16 15:46:08 [http-nio-8081-exec-9] INFO  com.capstone.aspect.LoggerAspect - *************************************
2022-10-16 15:46:08 [http-nio-8081-exec-9] INFO  com.capstone.aspect.LoggerAspect - During: class com.capstone.controller.EmiController.getemiofAccount() with arguments=<200 OK OK,emi [s_no=10, loanaccno=202211051, loan_status=active, emi_amount=11973.122, upcomming_payment_date=2022-11-07, remaining_amount=500000.0],[]>
2022-10-16 15:46:08 [http-nio-8081-exec-9] INFO  com.capstone.aspect.LoggerAspect - *************************************
2022-10-16 15:46:19 [http-nio-8081-exec-8] INFO  com.capstone.aspect.LoggerAspect - Method name: com.capstone.controller.EmiController
2022-10-16 15:46:19 [http-nio-8081-exec-8] INFO  com.capstone.aspect.LoggerAspect - Method arguments:[Ljava.lang.Object;@41589412
2022-10-16 15:46:19 [http-nio-8081-exec-8] INFO  com.capstone.aspect.LoggerAspect - *************************************
2022-10-16 15:46:19 [http-nio-8081-exec-8] INFO  com.capstone.aspect.LoggerAspect - Method name: com.capstone.service.EmiServiceImp
2022-10-16 15:46:19 [http-nio-8081-exec-8] INFO  com.capstone.aspect.LoggerAspect - Method arguments:[Ljava.lang.Object;@206543d8
2022-10-16 15:46:19 [http-nio-8081-exec-8] INFO  com.capstone.aspect.LoggerAspect - *************************************
2022-10-16 15:46:19 [http-nio-8081-exec-8] INFO  com.capstone.aspect.LoggerAspect - During: class com.capstone.service.EmiServiceImp.getEmiData() with arguments=emi [s_no=10, loanaccno=202211051, loan_status=active, emi_amount=11973.122, upcomming_payment_date=2022-11-07, remaining_amount=500000.0]
2022-10-16 15:46:19 [http-nio-8081-exec-8] INFO  com.capstone.aspect.LoggerAspect - *************************************
2022-10-16 15:46:19 [http-nio-8081-exec-8] INFO  com.capstone.aspect.LoggerAspect - Method name: com.capstone.service.EmiServiceImp
2022-10-16 15:46:19 [http-nio-8081-exec-8] INFO  com.capstone.aspect.LoggerAspect - Method arguments:[Ljava.lang.Object;@619789f9
2022-10-16 15:46:19 [http-nio-8081-exec-8] INFO  com.capstone.aspect.LoggerAspect - *************************************
2022-10-16 15:46:19 [http-nio-8081-exec-8] INFO  com.capstone.aspect.LoggerAspect - During: class com.capstone.service.EmiServiceImp.getEmiData() with arguments=emi [s_no=10, loanaccno=202211051, loan_status=active, emi_amount=11973.122, upcomming_payment_date=2022-11-07, remaining_amount=500000.0]
2022-10-16 15:46:19 [http-nio-8081-exec-8] INFO  com.capstone.aspect.LoggerAspect - *************************************
2022-10-16 15:46:19 [http-nio-8081-exec-8] INFO  com.capstone.aspect.LoggerAspect - During: class com.capstone.controller.EmiController.getemiofAccount() with arguments=<200 OK OK,emi [s_no=10, loanaccno=202211051, loan_status=active, emi_amount=11973.122, upcomming_payment_date=2022-11-07, remaining_amount=500000.0],[]>
2022-10-16 15:46:19 [http-nio-8081-exec-8] INFO  com.capstone.aspect.LoggerAspect - *************************************
2022-10-16 15:46:22 [http-nio-8081-exec-1] INFO  com.capstone.aspect.LoggerAspect - Method name: com.capstone.controller.EmiController
2022-10-16 15:46:22 [http-nio-8081-exec-1] INFO  com.capstone.aspect.LoggerAspect - Method arguments:[Ljava.lang.Object;@538689af
2022-10-16 15:46:22 [http-nio-8081-exec-1] INFO  com.capstone.aspect.LoggerAspect - *************************************
2022-10-16 15:46:22 [http-nio-8081-exec-1] INFO  com.capstone.aspect.LoggerAspect - Method name: com.capstone.service.EmiServiceImp
2022-10-16 15:46:22 [http-nio-8081-exec-1] INFO  com.capstone.aspect.LoggerAspect - Method arguments:[Ljava.lang.Object;@3b87ea8d
2022-10-16 15:46:22 [http-nio-8081-exec-1] INFO  com.capstone.aspect.LoggerAspect - *************************************
2022-10-16 15:46:22 [http-nio-8081-exec-1] INFO  com.capstone.aspect.LoggerAspect - During: class com.capstone.service.EmiServiceImp.getEmiData() with arguments=emi [s_no=10, loanaccno=202211051, loan_status=active, emi_amount=11973.122, upcomming_payment_date=2022-11-07, remaining_amount=500000.0]
2022-10-16 15:46:22 [http-nio-8081-exec-1] INFO  com.capstone.aspect.LoggerAspect - *************************************
2022-10-16 15:46:22 [http-nio-8081-exec-1] INFO  com.capstone.aspect.LoggerAspect - Method name: com.capstone.service.EmiServiceImp
2022-10-16 15:46:22 [http-nio-8081-exec-1] INFO  com.capstone.aspect.LoggerAspect - Method arguments:[Ljava.lang.Object;@61efc247
2022-10-16 15:46:22 [http-nio-8081-exec-1] INFO  com.capstone.aspect.LoggerAspect - *************************************
2022-10-16 15:46:22 [http-nio-8081-exec-1] INFO  com.capstone.aspect.LoggerAspect - During: class com.capstone.service.EmiServiceImp.getEmiData() with arguments=emi [s_no=10, loanaccno=202211051, loan_status=active, emi_amount=11973.122, upcomming_payment_date=2022-11-07, remaining_amount=500000.0]
2022-10-16 15:46:22 [http-nio-8081-exec-1] INFO  com.capstone.aspect.LoggerAspect - *************************************
2022-10-16 15:46:22 [http-nio-8081-exec-1] INFO  com.capstone.aspect.LoggerAspect - During: class com.capstone.controller.EmiController.getemiofAccount() with arguments=<200 OK OK,emi [s_no=10, loanaccno=202211051, loan_status=active, emi_amount=11973.122, upcomming_payment_date=2022-11-07, remaining_amount=500000.0],[]>
2022-10-16 15:46:22 [http-nio-8081-exec-1] INFO  com.capstone.aspect.LoggerAspect - *************************************
2022-10-16 15:47:14 [http-nio-8081-exec-10] INFO  com.capstone.aspect.LoggerAspect - Method name: com.capstone.controller.EmiController
2022-10-16 15:47:14 [http-nio-8081-exec-10] INFO  com.capstone.aspect.LoggerAspect - Method arguments:[Ljava.lang.Object;@5d8ffe73
2022-10-16 15:47:14 [http-nio-8081-exec-10] INFO  com.capstone.aspect.LoggerAspect - *************************************
2022-10-16 15:47:14 [http-nio-8081-exec-10] INFO  com.capstone.aspect.LoggerAspect - Method name: com.capstone.service.EmiServiceImp
2022-10-16 15:47:14 [http-nio-8081-exec-10] INFO  com.capstone.aspect.LoggerAspect - Method arguments:[Ljava.lang.Object;@4a9c9629
2022-10-16 15:47:14 [http-nio-8081-exec-10] INFO  com.capstone.aspect.LoggerAspect - *************************************
2022-10-16 15:47:14 [http-nio-8081-exec-10] INFO  com.capstone.aspect.LoggerAspect - During: class com.capstone.service.EmiServiceImp.getEmiData() with arguments=emi [s_no=10, loanaccno=202211051, loan_status=active, emi_amount=11973.122, upcomming_payment_date=2022-11-07, remaining_amount=500000.0]
2022-10-16 15:47:14 [http-nio-8081-exec-10] INFO  com.capstone.aspect.LoggerAspect - *************************************
2022-10-16 15:47:14 [http-nio-8081-exec-10] INFO  com.capstone.aspect.LoggerAspect - Method name: com.capstone.service.EmiServiceImp
2022-10-16 15:47:14 [http-nio-8081-exec-10] INFO  com.capstone.aspect.LoggerAspect - Method arguments:[Ljava.lang.Object;@39493302
2022-10-16 15:47:14 [http-nio-8081-exec-10] INFO  com.capstone.aspect.LoggerAspect - *************************************
2022-10-16 15:47:14 [http-nio-8081-exec-10] INFO  com.capstone.aspect.LoggerAspect - During: class com.capstone.service.EmiServiceImp.getEmiData() with arguments=emi [s_no=10, loanaccno=202211051, loan_status=active, emi_amount=11973.122, upcomming_payment_date=2022-11-07, remaining_amount=500000.0]
2022-10-16 15:47:14 [http-nio-8081-exec-10] INFO  com.capstone.aspect.LoggerAspect - *************************************
2022-10-16 15:47:14 [http-nio-8081-exec-10] INFO  com.capstone.aspect.LoggerAspect - During: class com.capstone.controller.EmiController.getemiofAccount() with arguments=<200 OK OK,emi [s_no=10, loanaccno=202211051, loan_status=active, emi_amount=11973.122, upcomming_payment_date=2022-11-07, remaining_amount=500000.0],[]>
2022-10-16 15:47:14 [http-nio-8081-exec-10] INFO  com.capstone.aspect.LoggerAspect - *************************************
2022-10-16 15:48:42 [http-nio-8081-exec-3] ERROR o.a.c.c.C.[.[.[.[dispatcherServlet] - Servlet.service() for servlet [dispatcherServlet] in context with path [] threw exception [Token has been modified by unauthorized user] with root cause
javax.servlet.ServletException: Token has been modified by unauthorized user
	at com.capstone.filter.EmiFilter.doFilter(EmiFilter.java:57)
	at org.apache.catalina.core.ApplicationFilterChain.internalDoFilter(ApplicationFilterChain.java:189)
	at org.apache.catalina.core.ApplicationFilterChain.doFilter(ApplicationFilterChain.java:162)
	at org.springframework.web.filter.RequestContextFilter.doFilterInternal(RequestContextFilter.java:100)
	at org.springframework.web.filter.OncePerRequestFilter.doFilter(OncePerRequestFilter.java:117)
	at org.apache.catalina.core.ApplicationFilterChain.internalDoFilter(ApplicationFilterChain.java:189)
	at org.apache.catalina.core.ApplicationFilterChain.doFilter(ApplicationFilterChain.java:162)
	at org.springframework.web.filter.FormContentFilter.doFilterInternal(FormContentFilter.java:93)
	at org.springframework.web.filter.OncePerRequestFilter.doFilter(OncePerRequestFilter.java:117)
	at org.apache.catalina.core.ApplicationFilterChain.internalDoFilter(ApplicationFilterChain.java:189)
	at org.apache.catalina.core.ApplicationFilterChain.doFilter(ApplicationFilterChain.java:162)
	at org.springframework.web.filter.CharacterEncodingFilter.doFilterInternal(CharacterEncodingFilter.java:201)
	at org.springframework.web.filter.OncePerRequestFilter.doFilter(OncePerRequestFilter.java:117)
	at org.apache.catalina.core.ApplicationFilterChain.internalDoFilter(ApplicationFilterChain.java:189)
	at org.apache.catalina.core.ApplicationFilterChain.doFilter(ApplicationFilterChain.java:162)
	at org.apache.catalina.core.StandardWrapperValve.invoke(StandardWrapperValve.java:197)
	at org.apache.catalina.core.StandardContextValve.invoke(StandardContextValve.java:97)
	at org.apache.catalina.authenticator.AuthenticatorBase.invoke(AuthenticatorBase.java:541)
	at org.apache.catalina.core.StandardHostValve.invoke(StandardHostValve.java:135)
	at org.apache.catalina.valves.ErrorReportValve.invoke(ErrorReportValve.java:92)
	at org.apache.catalina.core.StandardEngineValve.invoke(StandardEngineValve.java:78)
	at org.apache.catalina.connector.CoyoteAdapter.service(CoyoteAdapter.java:360)
	at org.apache.coyote.http11.Http11Processor.service(Http11Processor.java:399)
	at org.apache.coyote.AbstractProcessorLight.process(AbstractProcessorLight.java:65)
	at org.apache.coyote.AbstractProtocol$ConnectionHandler.process(AbstractProtocol.java:890)
	at org.apache.tomcat.util.net.NioEndpoint$SocketProcessor.doRun(NioEndpoint.java:1789)
	at org.apache.tomcat.util.net.SocketProcessorBase.run(SocketProcessorBase.java:49)
	at org.apache.tomcat.util.threads.ThreadPoolExecutor.runWorker(ThreadPoolExecutor.java:1191)
	at org.apache.tomcat.util.threads.ThreadPoolExecutor$Worker.run(ThreadPoolExecutor.java:659)
	at org.apache.tomcat.util.threads.TaskThread$WrappingRunnable.run(TaskThread.java:61)
	at java.base/java.lang.Thread.run(Thread.java:833)
2022-10-16 15:49:29 [http-nio-8081-exec-4] ERROR o.a.c.c.C.[.[.[.[dispatcherServlet] - Servlet.service() for servlet [dispatcherServlet] in context with path [] threw exception [Token has been modified by unauthorized user] with root cause
javax.servlet.ServletException: Token has been modified by unauthorized user
	at com.capstone.filter.EmiFilter.doFilter(EmiFilter.java:57)
	at org.apache.catalina.core.ApplicationFilterChain.internalDoFilter(ApplicationFilterChain.java:189)
	at org.apache.catalina.core.ApplicationFilterChain.doFilter(ApplicationFilterChain.java:162)
	at org.springframework.web.filter.RequestContextFilter.doFilterInternal(RequestContextFilter.java:100)
	at org.springframework.web.filter.OncePerRequestFilter.doFilter(OncePerRequestFilter.java:117)
	at org.apache.catalina.core.ApplicationFilterChain.internalDoFilter(ApplicationFilterChain.java:189)
	at org.apache.catalina.core.ApplicationFilterChain.doFilter(ApplicationFilterChain.java:162)
	at org.springframework.web.filter.FormContentFilter.doFilterInternal(FormContentFilter.java:93)
	at org.springframework.web.filter.OncePerRequestFilter.doFilter(OncePerRequestFilter.java:117)
	at org.apache.catalina.core.ApplicationFilterChain.internalDoFilter(ApplicationFilterChain.java:189)
	at org.apache.catalina.core.ApplicationFilterChain.doFilter(ApplicationFilterChain.java:162)
	at org.springframework.web.filter.CharacterEncodingFilter.doFilterInternal(CharacterEncodingFilter.java:201)
	at org.springframework.web.filter.OncePerRequestFilter.doFilter(OncePerRequestFilter.java:117)
	at org.apache.catalina.core.ApplicationFilterChain.internalDoFilter(ApplicationFilterChain.java:189)
	at org.apache.catalina.core.ApplicationFilterChain.doFilter(ApplicationFilterChain.java:162)
	at org.apache.catalina.core.StandardWrapperValve.invoke(StandardWrapperValve.java:197)
	at org.apache.catalina.core.StandardContextValve.invoke(StandardContextValve.java:97)
	at org.apache.catalina.authenticator.AuthenticatorBase.invoke(AuthenticatorBase.java:541)
	at org.apache.catalina.core.StandardHostValve.invoke(StandardHostValve.java:135)
	at org.apache.catalina.valves.ErrorReportValve.invoke(ErrorReportValve.java:92)
	at org.apache.catalina.core.StandardEngineValve.invoke(StandardEngineValve.java:78)
	at org.apache.catalina.connector.CoyoteAdapter.service(CoyoteAdapter.java:360)
	at org.apache.coyote.http11.Http11Processor.service(Http11Processor.java:399)
	at org.apache.coyote.AbstractProcessorLight.process(AbstractProcessorLight.java:65)
	at org.apache.coyote.AbstractProtocol$ConnectionHandler.process(AbstractProtocol.java:890)
	at org.apache.tomcat.util.net.NioEndpoint$SocketProcessor.doRun(NioEndpoint.java:1789)
	at org.apache.tomcat.util.net.SocketProcessorBase.run(SocketProcessorBase.java:49)
	at org.apache.tomcat.util.threads.ThreadPoolExecutor.runWorker(ThreadPoolExecutor.java:1191)
	at org.apache.tomcat.util.threads.ThreadPoolExecutor$Worker.run(ThreadPoolExecutor.java:659)
	at org.apache.tomcat.util.threads.TaskThread$WrappingRunnable.run(TaskThread.java:61)
	at java.base/java.lang.Thread.run(Thread.java:833)
2022-10-16 15:49:30 [AsyncResolver-bootstrap-executor-0] INFO  c.n.d.s.r.aws.ConfigClusterResolver - Resolving eureka endpoints via configuration
2022-10-16 15:49:30 [http-nio-8081-exec-5] INFO  com.capstone.aspect.LoggerAspect - Method name: com.capstone.controller.EmiController
2022-10-16 15:49:30 [http-nio-8081-exec-5] INFO  com.capstone.aspect.LoggerAspect - Method arguments:[Ljava.lang.Object;@25a1c5b0
2022-10-16 15:49:30 [http-nio-8081-exec-5] INFO  com.capstone.aspect.LoggerAspect - *************************************
2022-10-16 15:49:30 [http-nio-8081-exec-5] INFO  com.capstone.aspect.LoggerAspect - Method name: com.capstone.service.EmiServiceImp
2022-10-16 15:49:30 [http-nio-8081-exec-5] INFO  com.capstone.aspect.LoggerAspect - Method arguments:[Ljava.lang.Object;@223f857e
2022-10-16 15:49:30 [http-nio-8081-exec-5] INFO  com.capstone.aspect.LoggerAspect - *************************************
2022-10-16 15:49:30 [http-nio-8081-exec-5] INFO  com.capstone.aspect.LoggerAspect - During: class com.capstone.service.EmiServiceImp.getEmiData() with arguments=emi [s_no=5, loanaccno=202211031, loan_status=active, emi_amount=4258.0, upcomming_payment_date=2022-11-07, remaining_amount=210000.0]
2022-10-16 15:49:30 [http-nio-8081-exec-5] INFO  com.capstone.aspect.LoggerAspect - *************************************
2022-10-16 15:49:30 [http-nio-8081-exec-5] INFO  com.capstone.aspect.LoggerAspect - Method name: com.capstone.service.EmiServiceImp
2022-10-16 15:49:30 [http-nio-8081-exec-5] INFO  com.capstone.aspect.LoggerAspect - Method arguments:[Ljava.lang.Object;@29a52360
2022-10-16 15:49:30 [http-nio-8081-exec-5] INFO  com.capstone.aspect.LoggerAspect - *************************************
2022-10-16 15:49:30 [http-nio-8081-exec-5] INFO  com.capstone.aspect.LoggerAspect - During: class com.capstone.service.EmiServiceImp.getEmiData() with arguments=emi [s_no=5, loanaccno=202211031, loan_status=active, emi_amount=4258.0, upcomming_payment_date=2022-11-07, remaining_amount=210000.0]
2022-10-16 15:49:30 [http-nio-8081-exec-5] INFO  com.capstone.aspect.LoggerAspect - *************************************
2022-10-16 15:49:30 [http-nio-8081-exec-5] INFO  com.capstone.aspect.LoggerAspect - During: class com.capstone.controller.EmiController.getemiofAccount() with arguments=<200 OK OK,emi [s_no=5, loanaccno=202211031, loan_status=active, emi_amount=4258.0, upcomming_payment_date=2022-11-07, remaining_amount=210000.0],[]>
2022-10-16 15:49:30 [http-nio-8081-exec-5] INFO  com.capstone.aspect.LoggerAspect - *************************************
2022-10-16 15:49:38 [http-nio-8081-exec-6] ERROR o.a.c.c.C.[.[.[.[dispatcherServlet] - Servlet.service() for servlet [dispatcherServlet] in context with path [] threw exception [Token has been modified by unauthorized user] with root cause
javax.servlet.ServletException: Token has been modified by unauthorized user
	at com.capstone.filter.EmiFilter.doFilter(EmiFilter.java:57)
	at org.apache.catalina.core.ApplicationFilterChain.internalDoFilter(ApplicationFilterChain.java:189)
	at org.apache.catalina.core.ApplicationFilterChain.doFilter(ApplicationFilterChain.java:162)
	at org.springframework.web.filter.RequestContextFilter.doFilterInternal(RequestContextFilter.java:100)
	at org.springframework.web.filter.OncePerRequestFilter.doFilter(OncePerRequestFilter.java:117)
	at org.apache.catalina.core.ApplicationFilterChain.internalDoFilter(ApplicationFilterChain.java:189)
	at org.apache.catalina.core.ApplicationFilterChain.doFilter(ApplicationFilterChain.java:162)
	at org.springframework.web.filter.FormContentFilter.doFilterInternal(FormContentFilter.java:93)
	at org.springframework.web.filter.OncePerRequestFilter.doFilter(OncePerRequestFilter.java:117)
	at org.apache.catalina.core.ApplicationFilterChain.internalDoFilter(ApplicationFilterChain.java:189)
	at org.apache.catalina.core.ApplicationFilterChain.doFilter(ApplicationFilterChain.java:162)
	at org.springframework.web.filter.CharacterEncodingFilter.doFilterInternal(CharacterEncodingFilter.java:201)
	at org.springframework.web.filter.OncePerRequestFilter.doFilter(OncePerRequestFilter.java:117)
	at org.apache.catalina.core.ApplicationFilterChain.internalDoFilter(ApplicationFilterChain.java:189)
	at org.apache.catalina.core.ApplicationFilterChain.doFilter(ApplicationFilterChain.java:162)
	at org.apache.catalina.core.StandardWrapperValve.invoke(StandardWrapperValve.java:197)
	at org.apache.catalina.core.StandardContextValve.invoke(StandardContextValve.java:97)
	at org.apache.catalina.authenticator.AuthenticatorBase.invoke(AuthenticatorBase.java:541)
	at org.apache.catalina.core.StandardHostValve.invoke(StandardHostValve.java:135)
	at org.apache.catalina.valves.ErrorReportValve.invoke(ErrorReportValve.java:92)
	at org.apache.catalina.core.StandardEngineValve.invoke(StandardEngineValve.java:78)
	at org.apache.catalina.connector.CoyoteAdapter.service(CoyoteAdapter.java:360)
	at org.apache.coyote.http11.Http11Processor.service(Http11Processor.java:399)
	at org.apache.coyote.AbstractProcessorLight.process(AbstractProcessorLight.java:65)
	at org.apache.coyote.AbstractProtocol$ConnectionHandler.process(AbstractProtocol.java:890)
	at org.apache.tomcat.util.net.NioEndpoint$SocketProcessor.doRun(NioEndpoint.java:1789)
	at org.apache.tomcat.util.net.SocketProcessorBase.run(SocketProcessorBase.java:49)
	at org.apache.tomcat.util.threads.ThreadPoolExecutor.runWorker(ThreadPoolExecutor.java:1191)
	at org.apache.tomcat.util.threads.ThreadPoolExecutor$Worker.run(ThreadPoolExecutor.java:659)
	at org.apache.tomcat.util.threads.TaskThread$WrappingRunnable.run(TaskThread.java:61)
	at java.base/java.lang.Thread.run(Thread.java:833)
2022-10-16 15:49:40 [http-nio-8081-exec-7] INFO  com.capstone.aspect.LoggerAspect - Method name: com.capstone.controller.EmiController
2022-10-16 15:49:40 [http-nio-8081-exec-7] INFO  com.capstone.aspect.LoggerAspect - Method arguments:[Ljava.lang.Object;@2e2a01
2022-10-16 15:49:40 [http-nio-8081-exec-7] INFO  com.capstone.aspect.LoggerAspect - *************************************
2022-10-16 15:49:40 [http-nio-8081-exec-7] INFO  com.capstone.aspect.LoggerAspect - Method name: com.capstone.service.EmiServiceImp
2022-10-16 15:49:40 [http-nio-8081-exec-7] INFO  com.capstone.aspect.LoggerAspect - Method arguments:[Ljava.lang.Object;@506aa864
2022-10-16 15:49:40 [http-nio-8081-exec-7] INFO  com.capstone.aspect.LoggerAspect - *************************************
2022-10-16 15:49:40 [http-nio-8081-exec-7] INFO  com.capstone.aspect.LoggerAspect - During: class com.capstone.service.EmiServiceImp.getEmiData() with arguments=emi [s_no=5, loanaccno=202211031, loan_status=active, emi_amount=4258.0, upcomming_payment_date=2022-11-07, remaining_amount=210000.0]
2022-10-16 15:49:40 [http-nio-8081-exec-7] INFO  com.capstone.aspect.LoggerAspect - *************************************
2022-10-16 15:49:40 [http-nio-8081-exec-7] INFO  com.capstone.aspect.LoggerAspect - Method name: com.capstone.service.EmiServiceImp
2022-10-16 15:49:40 [http-nio-8081-exec-7] INFO  com.capstone.aspect.LoggerAspect - Method arguments:[Ljava.lang.Object;@40d4ca08
2022-10-16 15:49:40 [http-nio-8081-exec-7] INFO  com.capstone.aspect.LoggerAspect - *************************************
2022-10-16 15:49:40 [http-nio-8081-exec-7] INFO  com.capstone.aspect.LoggerAspect - During: class com.capstone.service.EmiServiceImp.getEmiData() with arguments=emi [s_no=5, loanaccno=202211031, loan_status=active, emi_amount=4258.0, upcomming_payment_date=2022-11-07, remaining_amount=210000.0]
2022-10-16 15:49:40 [http-nio-8081-exec-7] INFO  com.capstone.aspect.LoggerAspect - *************************************
2022-10-16 15:49:40 [http-nio-8081-exec-7] INFO  com.capstone.aspect.LoggerAspect - During: class com.capstone.controller.EmiController.getemiofAccount() with arguments=<200 OK OK,emi [s_no=5, loanaccno=202211031, loan_status=active, emi_amount=4258.0, upcomming_payment_date=2022-11-07, remaining_amount=210000.0],[]>
2022-10-16 15:49:40 [http-nio-8081-exec-7] INFO  com.capstone.aspect.LoggerAspect - *************************************
2022-10-16 15:49:51 [http-nio-8081-exec-9] ERROR o.a.c.c.C.[.[.[.[dispatcherServlet] - Servlet.service() for servlet [dispatcherServlet] in context with path [] threw exception [Token has been modified by unauthorized user] with root cause
javax.servlet.ServletException: Token has been modified by unauthorized user
	at com.capstone.filter.EmiFilter.doFilter(EmiFilter.java:57)
	at org.apache.catalina.core.ApplicationFilterChain.internalDoFilter(ApplicationFilterChain.java:189)
	at org.apache.catalina.core.ApplicationFilterChain.doFilter(ApplicationFilterChain.java:162)
	at org.springframework.web.filter.RequestContextFilter.doFilterInternal(RequestContextFilter.java:100)
	at org.springframework.web.filter.OncePerRequestFilter.doFilter(OncePerRequestFilter.java:117)
	at org.apache.catalina.core.ApplicationFilterChain.internalDoFilter(ApplicationFilterChain.java:189)
	at org.apache.catalina.core.ApplicationFilterChain.doFilter(ApplicationFilterChain.java:162)
	at org.springframework.web.filter.FormContentFilter.doFilterInternal(FormContentFilter.java:93)
	at org.springframework.web.filter.OncePerRequestFilter.doFilter(OncePerRequestFilter.java:117)
	at org.apache.catalina.core.ApplicationFilterChain.internalDoFilter(ApplicationFilterChain.java:189)
	at org.apache.catalina.core.ApplicationFilterChain.doFilter(ApplicationFilterChain.java:162)
	at org.springframework.web.filter.CharacterEncodingFilter.doFilterInternal(CharacterEncodingFilter.java:201)
	at org.springframework.web.filter.OncePerRequestFilter.doFilter(OncePerRequestFilter.java:117)
	at org.apache.catalina.core.ApplicationFilterChain.internalDoFilter(ApplicationFilterChain.java:189)
	at org.apache.catalina.core.ApplicationFilterChain.doFilter(ApplicationFilterChain.java:162)
	at org.apache.catalina.core.StandardWrapperValve.invoke(StandardWrapperValve.java:197)
	at org.apache.catalina.core.StandardContextValve.invoke(StandardContextValve.java:97)
	at org.apache.catalina.authenticator.AuthenticatorBase.invoke(AuthenticatorBase.java:541)
	at org.apache.catalina.core.StandardHostValve.invoke(StandardHostValve.java:135)
	at org.apache.catalina.valves.ErrorReportValve.invoke(ErrorReportValve.java:92)
	at org.apache.catalina.core.StandardEngineValve.invoke(StandardEngineValve.java:78)
	at org.apache.catalina.connector.CoyoteAdapter.service(CoyoteAdapter.java:360)
	at org.apache.coyote.http11.Http11Processor.service(Http11Processor.java:399)
	at org.apache.coyote.AbstractProcessorLight.process(AbstractProcessorLight.java:65)
	at org.apache.coyote.AbstractProtocol$ConnectionHandler.process(AbstractProtocol.java:890)
	at org.apache.tomcat.util.net.NioEndpoint$SocketProcessor.doRun(NioEndpoint.java:1789)
	at org.apache.tomcat.util.net.SocketProcessorBase.run(SocketProcessorBase.java:49)
	at org.apache.tomcat.util.threads.ThreadPoolExecutor.runWorker(ThreadPoolExecutor.java:1191)
	at org.apache.tomcat.util.threads.ThreadPoolExecutor$Worker.run(ThreadPoolExecutor.java:659)
	at org.apache.tomcat.util.threads.TaskThread$WrappingRunnable.run(TaskThread.java:61)
	at java.base/java.lang.Thread.run(Thread.java:833)
2022-10-16 15:54:22 [http-nio-8081-exec-8] INFO  com.capstone.aspect.LoggerAspect - Method name: com.capstone.controller.EmiController
2022-10-16 15:54:22 [http-nio-8081-exec-8] INFO  com.capstone.aspect.LoggerAspect - Method arguments:[Ljava.lang.Object;@50c06883
2022-10-16 15:54:22 [http-nio-8081-exec-8] INFO  com.capstone.aspect.LoggerAspect - *************************************
2022-10-16 15:54:22 [http-nio-8081-exec-8] INFO  com.capstone.aspect.LoggerAspect - Method name: com.capstone.service.EmiServiceImp
2022-10-16 15:54:22 [http-nio-8081-exec-8] INFO  com.capstone.aspect.LoggerAspect - Method arguments:[Ljava.lang.Object;@3c0ff4d6
2022-10-16 15:54:22 [http-nio-8081-exec-8] INFO  com.capstone.aspect.LoggerAspect - *************************************
2022-10-16 15:54:22 [http-nio-8081-exec-8] INFO  com.capstone.aspect.LoggerAspect - During: class com.capstone.service.EmiServiceImp.getEmiData() with arguments=emi [s_no=5, loanaccno=202211031, loan_status=active, emi_amount=4258.0, upcomming_payment_date=2022-11-07, remaining_amount=210000.0]
2022-10-16 15:54:22 [http-nio-8081-exec-8] INFO  com.capstone.aspect.LoggerAspect - *************************************
2022-10-16 15:54:22 [http-nio-8081-exec-8] INFO  com.capstone.aspect.LoggerAspect - Method name: com.capstone.service.EmiServiceImp
2022-10-16 15:54:22 [http-nio-8081-exec-8] INFO  com.capstone.aspect.LoggerAspect - Method arguments:[Ljava.lang.Object;@c525b49
2022-10-16 15:54:22 [http-nio-8081-exec-8] INFO  com.capstone.aspect.LoggerAspect - *************************************
2022-10-16 15:54:22 [http-nio-8081-exec-8] INFO  com.capstone.aspect.LoggerAspect - During: class com.capstone.service.EmiServiceImp.getEmiData() with arguments=emi [s_no=5, loanaccno=202211031, loan_status=active, emi_amount=4258.0, upcomming_payment_date=2022-11-07, remaining_amount=210000.0]
2022-10-16 15:54:22 [http-nio-8081-exec-8] INFO  com.capstone.aspect.LoggerAspect - *************************************
2022-10-16 15:54:22 [http-nio-8081-exec-8] INFO  com.capstone.aspect.LoggerAspect - During: class com.capstone.controller.EmiController.getemiofAccount() with arguments=<200 OK OK,emi [s_no=5, loanaccno=202211031, loan_status=active, emi_amount=4258.0, upcomming_payment_date=2022-11-07, remaining_amount=210000.0],[]>
2022-10-16 15:54:22 [http-nio-8081-exec-8] INFO  com.capstone.aspect.LoggerAspect - *************************************
2022-10-16 15:54:30 [AsyncResolver-bootstrap-executor-0] INFO  c.n.d.s.r.aws.ConfigClusterResolver - Resolving eureka endpoints via configuration
2022-10-16 15:59:30 [AsyncResolver-bootstrap-executor-0] INFO  c.n.d.s.r.aws.ConfigClusterResolver - Resolving eureka endpoints via configuration
2022-10-16 16:00:16 [http-nio-8081-exec-10] INFO  com.capstone.aspect.LoggerAspect - Method name: com.capstone.controller.EmiController
2022-10-16 16:00:16 [http-nio-8081-exec-10] INFO  com.capstone.aspect.LoggerAspect - Method arguments:[Ljava.lang.Object;@692e702d
2022-10-16 16:00:16 [http-nio-8081-exec-10] INFO  com.capstone.aspect.LoggerAspect - *************************************
2022-10-16 16:00:16 [http-nio-8081-exec-10] INFO  com.capstone.aspect.LoggerAspect - Method name: com.capstone.service.EmiServiceImp
2022-10-16 16:00:16 [http-nio-8081-exec-10] INFO  com.capstone.aspect.LoggerAspect - Method arguments:[Ljava.lang.Object;@53732daa
2022-10-16 16:00:16 [http-nio-8081-exec-10] INFO  com.capstone.aspect.LoggerAspect - *************************************
2022-10-16 16:00:16 [http-nio-8081-exec-10] INFO  com.capstone.aspect.LoggerAspect - During: class com.capstone.service.EmiServiceImp.getEmiData() with arguments=emi [s_no=5, loanaccno=202211031, loan_status=active, emi_amount=4258.0, upcomming_payment_date=2022-11-07, remaining_amount=210000.0]
2022-10-16 16:00:16 [http-nio-8081-exec-10] INFO  com.capstone.aspect.LoggerAspect - *************************************
2022-10-16 16:00:16 [http-nio-8081-exec-10] INFO  com.capstone.aspect.LoggerAspect - Method name: com.capstone.service.EmiServiceImp
2022-10-16 16:00:16 [http-nio-8081-exec-10] INFO  com.capstone.aspect.LoggerAspect - Method arguments:[Ljava.lang.Object;@4dea7971
2022-10-16 16:00:16 [http-nio-8081-exec-10] INFO  com.capstone.aspect.LoggerAspect - *************************************
2022-10-16 16:00:16 [http-nio-8081-exec-10] INFO  com.capstone.aspect.LoggerAspect - During: class com.capstone.service.EmiServiceImp.getEmiData() with arguments=emi [s_no=5, loanaccno=202211031, loan_status=active, emi_amount=4258.0, upcomming_payment_date=2022-11-07, remaining_amount=210000.0]
2022-10-16 16:00:16 [http-nio-8081-exec-10] INFO  com.capstone.aspect.LoggerAspect - *************************************
2022-10-16 16:00:16 [http-nio-8081-exec-10] INFO  com.capstone.aspect.LoggerAspect - During: class com.capstone.controller.EmiController.getemiofAccount() with arguments=<200 OK OK,emi [s_no=5, loanaccno=202211031, loan_status=active, emi_amount=4258.0, upcomming_payment_date=2022-11-07, remaining_amount=210000.0],[]>
2022-10-16 16:00:16 [http-nio-8081-exec-10] INFO  com.capstone.aspect.LoggerAspect - *************************************
2022-10-16 16:00:18 [http-nio-8081-exec-2] INFO  com.capstone.aspect.LoggerAspect - Method name: com.capstone.controller.EmiController
2022-10-16 16:00:18 [http-nio-8081-exec-2] INFO  com.capstone.aspect.LoggerAspect - Method arguments:[Ljava.lang.Object;@73c7dd66
2022-10-16 16:00:18 [http-nio-8081-exec-2] INFO  com.capstone.aspect.LoggerAspect - *************************************
2022-10-16 16:00:18 [http-nio-8081-exec-2] INFO  com.capstone.aspect.LoggerAspect - Method name: com.capstone.service.EmiServiceImp
2022-10-16 16:00:18 [http-nio-8081-exec-2] INFO  com.capstone.aspect.LoggerAspect - Method arguments:[Ljava.lang.Object;@1f301c3b
2022-10-16 16:00:18 [http-nio-8081-exec-2] INFO  com.capstone.aspect.LoggerAspect - *************************************
2022-10-16 16:00:18 [http-nio-8081-exec-2] INFO  com.capstone.aspect.LoggerAspect - During: class com.capstone.service.EmiServiceImp.getEmiData() with arguments=emi [s_no=5, loanaccno=202211031, loan_status=active, emi_amount=4258.0, upcomming_payment_date=2022-11-07, remaining_amount=210000.0]
2022-10-16 16:00:18 [http-nio-8081-exec-2] INFO  com.capstone.aspect.LoggerAspect - *************************************
2022-10-16 16:00:18 [http-nio-8081-exec-2] INFO  com.capstone.aspect.LoggerAspect - Method name: com.capstone.service.EmiServiceImp
2022-10-16 16:00:18 [http-nio-8081-exec-2] INFO  com.capstone.aspect.LoggerAspect - Method arguments:[Ljava.lang.Object;@e790fb1
2022-10-16 16:00:18 [http-nio-8081-exec-2] INFO  com.capstone.aspect.LoggerAspect - *************************************
2022-10-16 16:00:18 [http-nio-8081-exec-2] INFO  com.capstone.aspect.LoggerAspect - During: class com.capstone.service.EmiServiceImp.getEmiData() with arguments=emi [s_no=5, loanaccno=202211031, loan_status=active, emi_amount=4258.0, upcomming_payment_date=2022-11-07, remaining_amount=210000.0]
2022-10-16 16:00:18 [http-nio-8081-exec-2] INFO  com.capstone.aspect.LoggerAspect - *************************************
2022-10-16 16:00:18 [http-nio-8081-exec-2] INFO  com.capstone.aspect.LoggerAspect - During: class com.capstone.controller.EmiController.getemiofAccount() with arguments=<200 OK OK,emi [s_no=5, loanaccno=202211031, loan_status=active, emi_amount=4258.0, upcomming_payment_date=2022-11-07, remaining_amount=210000.0],[]>
2022-10-16 16:00:18 [http-nio-8081-exec-2] INFO  com.capstone.aspect.LoggerAspect - *************************************
2022-10-16 16:00:38 [http-nio-8081-exec-3] INFO  com.capstone.aspect.LoggerAspect - Method name: com.capstone.controller.EmiController
2022-10-16 16:00:38 [http-nio-8081-exec-3] INFO  com.capstone.aspect.LoggerAspect - Method arguments:[Ljava.lang.Object;@63d1d4c1
2022-10-16 16:00:38 [http-nio-8081-exec-3] INFO  com.capstone.aspect.LoggerAspect - *************************************
2022-10-16 16:00:38 [http-nio-8081-exec-3] INFO  com.capstone.aspect.LoggerAspect - Method name: com.capstone.service.EmiServiceImp
2022-10-16 16:00:38 [http-nio-8081-exec-3] INFO  com.capstone.aspect.LoggerAspect - Method arguments:[Ljava.lang.Object;@6d0e8631
2022-10-16 16:00:38 [http-nio-8081-exec-3] INFO  com.capstone.aspect.LoggerAspect - *************************************
2022-10-16 16:00:38 [http-nio-8081-exec-3] INFO  com.capstone.aspect.LoggerAspect - During: class com.capstone.service.EmiServiceImp.getEmiData() with arguments=emi [s_no=10, loanaccno=202211051, loan_status=active, emi_amount=11973.122, upcomming_payment_date=2022-11-07, remaining_amount=500000.0]
2022-10-16 16:00:38 [http-nio-8081-exec-3] INFO  com.capstone.aspect.LoggerAspect - *************************************
2022-10-16 16:00:38 [http-nio-8081-exec-3] INFO  com.capstone.aspect.LoggerAspect - Method name: com.capstone.service.EmiServiceImp
2022-10-16 16:00:38 [http-nio-8081-exec-3] INFO  com.capstone.aspect.LoggerAspect - Method arguments:[Ljava.lang.Object;@661c5d14
2022-10-16 16:00:38 [http-nio-8081-exec-3] INFO  com.capstone.aspect.LoggerAspect - *************************************
2022-10-16 16:00:38 [http-nio-8081-exec-3] INFO  com.capstone.aspect.LoggerAspect - During: class com.capstone.service.EmiServiceImp.getEmiData() with arguments=emi [s_no=10, loanaccno=202211051, loan_status=active, emi_amount=11973.122, upcomming_payment_date=2022-11-07, remaining_amount=500000.0]
2022-10-16 16:00:38 [http-nio-8081-exec-3] INFO  com.capstone.aspect.LoggerAspect - *************************************
2022-10-16 16:00:38 [http-nio-8081-exec-3] INFO  com.capstone.aspect.LoggerAspect - During: class com.capstone.controller.EmiController.getemiofAccount() with arguments=<200 OK OK,emi [s_no=10, loanaccno=202211051, loan_status=active, emi_amount=11973.122, upcomming_payment_date=2022-11-07, remaining_amount=500000.0],[]>
2022-10-16 16:00:38 [http-nio-8081-exec-3] INFO  com.capstone.aspect.LoggerAspect - *************************************
2022-10-16 16:00:39 [http-nio-8081-exec-4] INFO  com.capstone.aspect.LoggerAspect - Method name: com.capstone.controller.EmiController
2022-10-16 16:00:39 [http-nio-8081-exec-4] INFO  com.capstone.aspect.LoggerAspect - Method arguments:[Ljava.lang.Object;@4338ac69
2022-10-16 16:00:39 [http-nio-8081-exec-4] INFO  com.capstone.aspect.LoggerAspect - *************************************
2022-10-16 16:00:39 [http-nio-8081-exec-4] INFO  com.capstone.aspect.LoggerAspect - Method name: com.capstone.service.EmiServiceImp
2022-10-16 16:00:39 [http-nio-8081-exec-4] INFO  com.capstone.aspect.LoggerAspect - Method arguments:[Ljava.lang.Object;@1168d6a2
2022-10-16 16:00:39 [http-nio-8081-exec-4] INFO  com.capstone.aspect.LoggerAspect - *************************************
2022-10-16 16:00:40 [http-nio-8081-exec-4] INFO  com.capstone.aspect.LoggerAspect - During: class com.capstone.service.EmiServiceImp.getEmiData() with arguments=emi [s_no=10, loanaccno=202211051, loan_status=active, emi_amount=11973.122, upcomming_payment_date=2022-11-07, remaining_amount=500000.0]
2022-10-16 16:00:40 [http-nio-8081-exec-4] INFO  com.capstone.aspect.LoggerAspect - *************************************
2022-10-16 16:00:40 [http-nio-8081-exec-4] INFO  com.capstone.aspect.LoggerAspect - Method name: com.capstone.service.EmiServiceImp
2022-10-16 16:00:40 [http-nio-8081-exec-4] INFO  com.capstone.aspect.LoggerAspect - Method arguments:[Ljava.lang.Object;@67e99204
2022-10-16 16:00:40 [http-nio-8081-exec-4] INFO  com.capstone.aspect.LoggerAspect - *************************************
2022-10-16 16:00:40 [http-nio-8081-exec-4] INFO  com.capstone.aspect.LoggerAspect - During: class com.capstone.service.EmiServiceImp.getEmiData() with arguments=emi [s_no=10, loanaccno=202211051, loan_status=active, emi_amount=11973.122, upcomming_payment_date=2022-11-07, remaining_amount=500000.0]
2022-10-16 16:00:40 [http-nio-8081-exec-4] INFO  com.capstone.aspect.LoggerAspect - *************************************
2022-10-16 16:00:40 [http-nio-8081-exec-4] INFO  com.capstone.aspect.LoggerAspect - During: class com.capstone.controller.EmiController.getemiofAccount() with arguments=<200 OK OK,emi [s_no=10, loanaccno=202211051, loan_status=active, emi_amount=11973.122, upcomming_payment_date=2022-11-07, remaining_amount=500000.0],[]>
2022-10-16 16:00:40 [http-nio-8081-exec-4] INFO  com.capstone.aspect.LoggerAspect - *************************************
2022-10-16 16:00:57 [http-nio-8081-exec-5] INFO  com.capstone.aspect.LoggerAspect - Method name: com.capstone.controller.EmiController
2022-10-16 16:00:57 [http-nio-8081-exec-5] INFO  com.capstone.aspect.LoggerAspect - Method arguments:[Ljava.lang.Object;@7a8b938f
2022-10-16 16:00:57 [http-nio-8081-exec-5] INFO  com.capstone.aspect.LoggerAspect - *************************************
2022-10-16 16:00:57 [http-nio-8081-exec-5] INFO  com.capstone.aspect.LoggerAspect - Method name: com.capstone.service.EmiServiceImp
2022-10-16 16:00:57 [http-nio-8081-exec-5] INFO  com.capstone.aspect.LoggerAspect - Method arguments:[Ljava.lang.Object;@4c67e61b
2022-10-16 16:00:57 [http-nio-8081-exec-5] INFO  com.capstone.aspect.LoggerAspect - *************************************
2022-10-16 16:00:57 [http-nio-8081-exec-5] INFO  com.capstone.aspect.LoggerAspect - During: class com.capstone.service.EmiServiceImp.getEmiData() with arguments=emi [s_no=10, loanaccno=202211051, loan_status=active, emi_amount=11973.122, upcomming_payment_date=2022-11-07, remaining_amount=500000.0]
2022-10-16 16:00:57 [http-nio-8081-exec-5] INFO  com.capstone.aspect.LoggerAspect - *************************************
2022-10-16 16:00:57 [http-nio-8081-exec-5] INFO  com.capstone.aspect.LoggerAspect - Method name: com.capstone.service.EmiServiceImp
2022-10-16 16:00:57 [http-nio-8081-exec-5] INFO  com.capstone.aspect.LoggerAspect - Method arguments:[Ljava.lang.Object;@187eff56
2022-10-16 16:00:57 [http-nio-8081-exec-5] INFO  com.capstone.aspect.LoggerAspect - *************************************
2022-10-16 16:00:57 [http-nio-8081-exec-5] INFO  com.capstone.aspect.LoggerAspect - During: class com.capstone.service.EmiServiceImp.getEmiData() with arguments=emi [s_no=10, loanaccno=202211051, loan_status=active, emi_amount=11973.122, upcomming_payment_date=2022-11-07, remaining_amount=500000.0]
2022-10-16 16:00:57 [http-nio-8081-exec-5] INFO  com.capstone.aspect.LoggerAspect - *************************************
2022-10-16 16:00:57 [http-nio-8081-exec-5] INFO  com.capstone.aspect.LoggerAspect - During: class com.capstone.controller.EmiController.getemiofAccount() with arguments=<200 OK OK,emi [s_no=10, loanaccno=202211051, loan_status=active, emi_amount=11973.122, upcomming_payment_date=2022-11-07, remaining_amount=500000.0],[]>
2022-10-16 16:00:57 [http-nio-8081-exec-5] INFO  com.capstone.aspect.LoggerAspect - *************************************
2022-10-16 16:00:58 [http-nio-8081-exec-6] INFO  com.capstone.aspect.LoggerAspect - Method name: com.capstone.controller.EmiController
2022-10-16 16:00:58 [http-nio-8081-exec-6] INFO  com.capstone.aspect.LoggerAspect - Method arguments:[Ljava.lang.Object;@613c4da3
2022-10-16 16:00:58 [http-nio-8081-exec-6] INFO  com.capstone.aspect.LoggerAspect - *************************************
2022-10-16 16:00:58 [http-nio-8081-exec-6] INFO  com.capstone.aspect.LoggerAspect - Method name: com.capstone.service.EmiServiceImp
2022-10-16 16:00:58 [http-nio-8081-exec-6] INFO  com.capstone.aspect.LoggerAspect - Method arguments:[Ljava.lang.Object;@462d3a77
2022-10-16 16:00:58 [http-nio-8081-exec-6] INFO  com.capstone.aspect.LoggerAspect - *************************************
2022-10-16 16:00:58 [http-nio-8081-exec-6] INFO  com.capstone.aspect.LoggerAspect - During: class com.capstone.service.EmiServiceImp.getEmiData() with arguments=emi [s_no=10, loanaccno=202211051, loan_status=active, emi_amount=11973.122, upcomming_payment_date=2022-11-07, remaining_amount=500000.0]
2022-10-16 16:00:58 [http-nio-8081-exec-6] INFO  com.capstone.aspect.LoggerAspect - *************************************
2022-10-16 16:00:58 [http-nio-8081-exec-6] INFO  com.capstone.aspect.LoggerAspect - Method name: com.capstone.service.EmiServiceImp
2022-10-16 16:00:58 [http-nio-8081-exec-6] INFO  com.capstone.aspect.LoggerAspect - Method arguments:[Ljava.lang.Object;@7f4204f8
2022-10-16 16:00:58 [http-nio-8081-exec-6] INFO  com.capstone.aspect.LoggerAspect - *************************************
2022-10-16 16:00:58 [http-nio-8081-exec-6] INFO  com.capstone.aspect.LoggerAspect - During: class com.capstone.service.EmiServiceImp.getEmiData() with arguments=emi [s_no=10, loanaccno=202211051, loan_status=active, emi_amount=11973.122, upcomming_payment_date=2022-11-07, remaining_amount=500000.0]
2022-10-16 16:00:58 [http-nio-8081-exec-6] INFO  com.capstone.aspect.LoggerAspect - *************************************
2022-10-16 16:00:58 [http-nio-8081-exec-6] INFO  com.capstone.aspect.LoggerAspect - During: class com.capstone.controller.EmiController.getemiofAccount() with arguments=<200 OK OK,emi [s_no=10, loanaccno=202211051, loan_status=active, emi_amount=11973.122, upcomming_payment_date=2022-11-07, remaining_amount=500000.0],[]>
2022-10-16 16:00:58 [http-nio-8081-exec-6] INFO  com.capstone.aspect.LoggerAspect - *************************************
2022-10-16 16:01:07 [http-nio-8081-exec-7] INFO  com.capstone.aspect.LoggerAspect - Method name: com.capstone.controller.EmiController
2022-10-16 16:01:07 [http-nio-8081-exec-7] INFO  com.capstone.aspect.LoggerAspect - Method arguments:[Ljava.lang.Object;@13159652
2022-10-16 16:01:07 [http-nio-8081-exec-7] INFO  com.capstone.aspect.LoggerAspect - *************************************
2022-10-16 16:01:07 [http-nio-8081-exec-7] INFO  com.capstone.aspect.LoggerAspect - Method name: com.capstone.service.EmiServiceImp
2022-10-16 16:01:07 [http-nio-8081-exec-7] INFO  com.capstone.aspect.LoggerAspect - Method arguments:[Ljava.lang.Object;@2cc0e7df
2022-10-16 16:01:07 [http-nio-8081-exec-7] INFO  com.capstone.aspect.LoggerAspect - *************************************
2022-10-16 16:01:07 [http-nio-8081-exec-7] INFO  com.capstone.aspect.LoggerAspect - During: class com.capstone.service.EmiServiceImp.updateEMI() with arguments=emi [s_no=10, loanaccno=202211051, loan_status=active, emi_amount=11973.122, upcomming_payment_date=2022-12-07, remaining_amount=490941.53]
2022-10-16 16:01:07 [http-nio-8081-exec-7] INFO  com.capstone.aspect.LoggerAspect - *************************************
2022-10-16 16:01:07 [http-nio-8081-exec-7] INFO  com.capstone.aspect.LoggerAspect - During: class com.capstone.controller.EmiController.updateEMI() with arguments=<200 OK OK,{message=emi updated},[]>
2022-10-16 16:01:07 [http-nio-8081-exec-7] INFO  com.capstone.aspect.LoggerAspect - *************************************
2022-10-16 16:01:24 [http-nio-8081-exec-9] INFO  com.capstone.aspect.LoggerAspect - Method name: com.capstone.controller.EmiController
2022-10-16 16:01:24 [http-nio-8081-exec-9] INFO  com.capstone.aspect.LoggerAspect - Method arguments:[Ljava.lang.Object;@10517cb4
2022-10-16 16:01:24 [http-nio-8081-exec-9] INFO  com.capstone.aspect.LoggerAspect - *************************************
2022-10-16 16:01:24 [http-nio-8081-exec-9] INFO  com.capstone.aspect.LoggerAspect - Method name: com.capstone.service.EmiServiceImp
2022-10-16 16:01:24 [http-nio-8081-exec-9] INFO  com.capstone.aspect.LoggerAspect - Method arguments:[Ljava.lang.Object;@1760ebb2
2022-10-16 16:01:24 [http-nio-8081-exec-9] INFO  com.capstone.aspect.LoggerAspect - *************************************
2022-10-16 16:01:24 [http-nio-8081-exec-9] INFO  com.capstone.aspect.LoggerAspect - During: class com.capstone.service.EmiServiceImp.getEmiData() with arguments=emi [s_no=10, loanaccno=202211051, loan_status=active, emi_amount=11973.122, upcomming_payment_date=2022-12-07, remaining_amount=490941.53]
2022-10-16 16:01:24 [http-nio-8081-exec-9] INFO  com.capstone.aspect.LoggerAspect - *************************************
2022-10-16 16:01:24 [http-nio-8081-exec-9] INFO  com.capstone.aspect.LoggerAspect - Method name: com.capstone.service.EmiServiceImp
2022-10-16 16:01:24 [http-nio-8081-exec-9] INFO  com.capstone.aspect.LoggerAspect - Method arguments:[Ljava.lang.Object;@142d056f
2022-10-16 16:01:24 [http-nio-8081-exec-9] INFO  com.capstone.aspect.LoggerAspect - *************************************
2022-10-16 16:01:24 [http-nio-8081-exec-9] INFO  com.capstone.aspect.LoggerAspect - During: class com.capstone.service.EmiServiceImp.getEmiData() with arguments=emi [s_no=10, loanaccno=202211051, loan_status=active, emi_amount=11973.122, upcomming_payment_date=2022-12-07, remaining_amount=490941.53]
2022-10-16 16:01:24 [http-nio-8081-exec-9] INFO  com.capstone.aspect.LoggerAspect - *************************************
2022-10-16 16:01:24 [http-nio-8081-exec-9] INFO  com.capstone.aspect.LoggerAspect - During: class com.capstone.controller.EmiController.getemiofAccount() with arguments=<200 OK OK,emi [s_no=10, loanaccno=202211051, loan_status=active, emi_amount=11973.122, upcomming_payment_date=2022-12-07, remaining_amount=490941.53],[]>
2022-10-16 16:01:24 [http-nio-8081-exec-9] INFO  com.capstone.aspect.LoggerAspect - *************************************
2022-10-16 16:01:26 [http-nio-8081-exec-8] INFO  com.capstone.aspect.LoggerAspect - Method name: com.capstone.controller.EmiController
2022-10-16 16:01:26 [http-nio-8081-exec-8] INFO  com.capstone.aspect.LoggerAspect - Method arguments:[Ljava.lang.Object;@4a16c09f
2022-10-16 16:01:26 [http-nio-8081-exec-8] INFO  com.capstone.aspect.LoggerAspect - *************************************
2022-10-16 16:01:26 [http-nio-8081-exec-8] INFO  com.capstone.aspect.LoggerAspect - Method name: com.capstone.service.EmiServiceImp
2022-10-16 16:01:26 [http-nio-8081-exec-8] INFO  com.capstone.aspect.LoggerAspect - Method arguments:[Ljava.lang.Object;@4711828e
2022-10-16 16:01:26 [http-nio-8081-exec-8] INFO  com.capstone.aspect.LoggerAspect - *************************************
2022-10-16 16:01:26 [http-nio-8081-exec-8] INFO  com.capstone.aspect.LoggerAspect - During: class com.capstone.service.EmiServiceImp.getEmiData() with arguments=emi [s_no=10, loanaccno=202211051, loan_status=active, emi_amount=11973.122, upcomming_payment_date=2022-12-07, remaining_amount=490941.53]
2022-10-16 16:01:26 [http-nio-8081-exec-8] INFO  com.capstone.aspect.LoggerAspect - *************************************
2022-10-16 16:01:26 [http-nio-8081-exec-8] INFO  com.capstone.aspect.LoggerAspect - Method name: com.capstone.service.EmiServiceImp
2022-10-16 16:01:26 [http-nio-8081-exec-8] INFO  com.capstone.aspect.LoggerAspect - Method arguments:[Ljava.lang.Object;@5248292b
2022-10-16 16:01:26 [http-nio-8081-exec-8] INFO  com.capstone.aspect.LoggerAspect - *************************************
2022-10-16 16:01:26 [http-nio-8081-exec-8] INFO  com.capstone.aspect.LoggerAspect - During: class com.capstone.service.EmiServiceImp.getEmiData() with arguments=emi [s_no=10, loanaccno=202211051, loan_status=active, emi_amount=11973.122, upcomming_payment_date=2022-12-07, remaining_amount=490941.53]
2022-10-16 16:01:26 [http-nio-8081-exec-8] INFO  com.capstone.aspect.LoggerAspect - *************************************
2022-10-16 16:01:26 [http-nio-8081-exec-8] INFO  com.capstone.aspect.LoggerAspect - During: class com.capstone.controller.EmiController.getemiofAccount() with arguments=<200 OK OK,emi [s_no=10, loanaccno=202211051, loan_status=active, emi_amount=11973.122, upcomming_payment_date=2022-12-07, remaining_amount=490941.53],[]>
2022-10-16 16:01:26 [http-nio-8081-exec-8] INFO  com.capstone.aspect.LoggerAspect - *************************************
2022-10-16 16:01:36 [http-nio-8081-exec-1] INFO  com.capstone.aspect.LoggerAspect - Method name: com.capstone.controller.EmiController
2022-10-16 16:01:36 [http-nio-8081-exec-1] INFO  com.capstone.aspect.LoggerAspect - Method arguments:[Ljava.lang.Object;@22bfba14
2022-10-16 16:01:36 [http-nio-8081-exec-1] INFO  com.capstone.aspect.LoggerAspect - *************************************
2022-10-16 16:01:36 [http-nio-8081-exec-1] INFO  com.capstone.aspect.LoggerAspect - Method name: com.capstone.service.EmiServiceImp
2022-10-16 16:01:36 [http-nio-8081-exec-1] INFO  com.capstone.aspect.LoggerAspect - Method arguments:[Ljava.lang.Object;@99b22bb
2022-10-16 16:01:36 [http-nio-8081-exec-1] INFO  com.capstone.aspect.LoggerAspect - *************************************
2022-10-16 16:01:36 [http-nio-8081-exec-1] INFO  com.capstone.aspect.LoggerAspect - During: class com.capstone.service.EmiServiceImp.updateEMI() with arguments=emi [s_no=10, loanaccno=202211051, loan_status=active, emi_amount=11973.122, upcomming_payment_date=2023-01-07, remaining_amount=481821.22]
2022-10-16 16:01:36 [http-nio-8081-exec-1] INFO  com.capstone.aspect.LoggerAspect - *************************************
2022-10-16 16:01:36 [http-nio-8081-exec-1] INFO  com.capstone.aspect.LoggerAspect - During: class com.capstone.controller.EmiController.updateEMI() with arguments=<200 OK OK,{message=emi updated},[]>
2022-10-16 16:01:36 [http-nio-8081-exec-1] INFO  com.capstone.aspect.LoggerAspect - *************************************
2022-10-16 16:01:41 [http-nio-8081-exec-10] INFO  com.capstone.aspect.LoggerAspect - Method name: com.capstone.controller.EmiController
2022-10-16 16:01:41 [http-nio-8081-exec-10] INFO  com.capstone.aspect.LoggerAspect - Method arguments:[Ljava.lang.Object;@23e004c3
2022-10-16 16:01:41 [http-nio-8081-exec-10] INFO  com.capstone.aspect.LoggerAspect - *************************************
2022-10-16 16:01:41 [http-nio-8081-exec-10] INFO  com.capstone.aspect.LoggerAspect - Method name: com.capstone.service.EmiServiceImp
2022-10-16 16:01:41 [http-nio-8081-exec-10] INFO  com.capstone.aspect.LoggerAspect - Method arguments:[Ljava.lang.Object;@737f6738
2022-10-16 16:01:41 [http-nio-8081-exec-10] INFO  com.capstone.aspect.LoggerAspect - *************************************
2022-10-16 16:01:41 [http-nio-8081-exec-10] INFO  com.capstone.aspect.LoggerAspect - During: class com.capstone.service.EmiServiceImp.getEmiData() with arguments=emi [s_no=10, loanaccno=202211051, loan_status=active, emi_amount=11973.122, upcomming_payment_date=2023-01-07, remaining_amount=481821.22]
2022-10-16 16:01:41 [http-nio-8081-exec-10] INFO  com.capstone.aspect.LoggerAspect - *************************************
2022-10-16 16:01:41 [http-nio-8081-exec-10] INFO  com.capstone.aspect.LoggerAspect - Method name: com.capstone.service.EmiServiceImp
2022-10-16 16:01:41 [http-nio-8081-exec-10] INFO  com.capstone.aspect.LoggerAspect - Method arguments:[Ljava.lang.Object;@339f94bf
2022-10-16 16:01:41 [http-nio-8081-exec-10] INFO  com.capstone.aspect.LoggerAspect - *************************************
2022-10-16 16:01:41 [http-nio-8081-exec-10] INFO  com.capstone.aspect.LoggerAspect - During: class com.capstone.service.EmiServiceImp.getEmiData() with arguments=emi [s_no=10, loanaccno=202211051, loan_status=active, emi_amount=11973.122, upcomming_payment_date=2023-01-07, remaining_amount=481821.22]
2022-10-16 16:01:41 [http-nio-8081-exec-10] INFO  com.capstone.aspect.LoggerAspect - *************************************
2022-10-16 16:01:41 [http-nio-8081-exec-10] INFO  com.capstone.aspect.LoggerAspect - During: class com.capstone.controller.EmiController.getemiofAccount() with arguments=<200 OK OK,emi [s_no=10, loanaccno=202211051, loan_status=active, emi_amount=11973.122, upcomming_payment_date=2023-01-07, remaining_amount=481821.22],[]>
2022-10-16 16:01:41 [http-nio-8081-exec-10] INFO  com.capstone.aspect.LoggerAspect - *************************************
2022-10-16 16:01:44 [http-nio-8081-exec-2] INFO  com.capstone.aspect.LoggerAspect - Method name: com.capstone.controller.EmiController
2022-10-16 16:01:44 [http-nio-8081-exec-2] INFO  com.capstone.aspect.LoggerAspect - Method arguments:[Ljava.lang.Object;@13f2cfb
2022-10-16 16:01:44 [http-nio-8081-exec-2] INFO  com.capstone.aspect.LoggerAspect - *************************************
2022-10-16 16:01:44 [http-nio-8081-exec-2] INFO  com.capstone.aspect.LoggerAspect - Method name: com.capstone.service.EmiServiceImp
2022-10-16 16:01:44 [http-nio-8081-exec-2] INFO  com.capstone.aspect.LoggerAspect - Method arguments:[Ljava.lang.Object;@50a1dc72
2022-10-16 16:01:44 [http-nio-8081-exec-2] INFO  com.capstone.aspect.LoggerAspect - *************************************
2022-10-16 16:01:44 [http-nio-8081-exec-2] INFO  com.capstone.aspect.LoggerAspect - During: class com.capstone.service.EmiServiceImp.getEmiData() with arguments=emi [s_no=10, loanaccno=202211051, loan_status=active, emi_amount=11973.122, upcomming_payment_date=2023-01-07, remaining_amount=481821.22]
2022-10-16 16:01:44 [http-nio-8081-exec-2] INFO  com.capstone.aspect.LoggerAspect - *************************************
2022-10-16 16:01:44 [http-nio-8081-exec-2] INFO  com.capstone.aspect.LoggerAspect - Method name: com.capstone.service.EmiServiceImp
2022-10-16 16:01:44 [http-nio-8081-exec-2] INFO  com.capstone.aspect.LoggerAspect - Method arguments:[Ljava.lang.Object;@18377afa
2022-10-16 16:01:44 [http-nio-8081-exec-2] INFO  com.capstone.aspect.LoggerAspect - *************************************
2022-10-16 16:01:44 [http-nio-8081-exec-2] INFO  com.capstone.aspect.LoggerAspect - During: class com.capstone.service.EmiServiceImp.getEmiData() with arguments=emi [s_no=10, loanaccno=202211051, loan_status=active, emi_amount=11973.122, upcomming_payment_date=2023-01-07, remaining_amount=481821.22]
2022-10-16 16:01:44 [http-nio-8081-exec-2] INFO  com.capstone.aspect.LoggerAspect - *************************************
2022-10-16 16:01:44 [http-nio-8081-exec-2] INFO  com.capstone.aspect.LoggerAspect - During: class com.capstone.controller.EmiController.getemiofAccount() with arguments=<200 OK OK,emi [s_no=10, loanaccno=202211051, loan_status=active, emi_amount=11973.122, upcomming_payment_date=2023-01-07, remaining_amount=481821.22],[]>
2022-10-16 16:01:44 [http-nio-8081-exec-2] INFO  com.capstone.aspect.LoggerAspect - *************************************
2022-10-16 16:01:52 [http-nio-8081-exec-3] INFO  com.capstone.aspect.LoggerAspect - Method name: com.capstone.controller.EmiController
2022-10-16 16:01:52 [http-nio-8081-exec-3] INFO  com.capstone.aspect.LoggerAspect - Method arguments:[Ljava.lang.Object;@f71ecb6
2022-10-16 16:01:52 [http-nio-8081-exec-3] INFO  com.capstone.aspect.LoggerAspect - *************************************
2022-10-16 16:01:52 [http-nio-8081-exec-3] INFO  com.capstone.aspect.LoggerAspect - Method name: com.capstone.service.EmiServiceImp
2022-10-16 16:01:52 [http-nio-8081-exec-3] INFO  com.capstone.aspect.LoggerAspect - Method arguments:[Ljava.lang.Object;@1e39acff
2022-10-16 16:01:52 [http-nio-8081-exec-3] INFO  com.capstone.aspect.LoggerAspect - *************************************
2022-10-16 16:01:52 [http-nio-8081-exec-3] INFO  com.capstone.aspect.LoggerAspect - During: class com.capstone.service.EmiServiceImp.updateEMI() with arguments=emi [s_no=10, loanaccno=202211051, loan_status=active, emi_amount=11973.122, upcomming_payment_date=2023-02-07, remaining_amount=472636.72]
2022-10-16 16:01:52 [http-nio-8081-exec-3] INFO  com.capstone.aspect.LoggerAspect - *************************************
2022-10-16 16:01:52 [http-nio-8081-exec-3] INFO  com.capstone.aspect.LoggerAspect - During: class com.capstone.controller.EmiController.updateEMI() with arguments=<200 OK OK,{message=emi updated},[]>
2022-10-16 16:01:52 [http-nio-8081-exec-3] INFO  com.capstone.aspect.LoggerAspect - *************************************
2022-10-16 16:02:02 [http-nio-8081-exec-4] INFO  com.capstone.aspect.LoggerAspect - Method name: com.capstone.controller.EmiController
2022-10-16 16:02:02 [http-nio-8081-exec-4] INFO  com.capstone.aspect.LoggerAspect - Method arguments:[Ljava.lang.Object;@7a792bfc
2022-10-16 16:02:02 [http-nio-8081-exec-4] INFO  com.capstone.aspect.LoggerAspect - *************************************
2022-10-16 16:02:02 [http-nio-8081-exec-4] INFO  com.capstone.aspect.LoggerAspect - Method name: com.capstone.service.EmiServiceImp
2022-10-16 16:02:02 [http-nio-8081-exec-4] INFO  com.capstone.aspect.LoggerAspect - Method arguments:[Ljava.lang.Object;@309ade04
2022-10-16 16:02:02 [http-nio-8081-exec-4] INFO  com.capstone.aspect.LoggerAspect - *************************************
2022-10-16 16:02:02 [http-nio-8081-exec-4] INFO  com.capstone.aspect.LoggerAspect - During: class com.capstone.service.EmiServiceImp.getEmiData() with arguments=emi [s_no=10, loanaccno=202211051, loan_status=active, emi_amount=11973.122, upcomming_payment_date=2023-02-07, remaining_amount=472636.72]
2022-10-16 16:02:02 [http-nio-8081-exec-4] INFO  com.capstone.aspect.LoggerAspect - *************************************
2022-10-16 16:02:02 [http-nio-8081-exec-4] INFO  com.capstone.aspect.LoggerAspect - Method name: com.capstone.service.EmiServiceImp
2022-10-16 16:02:02 [http-nio-8081-exec-4] INFO  com.capstone.aspect.LoggerAspect - Method arguments:[Ljava.lang.Object;@1f8ceb5d
2022-10-16 16:02:02 [http-nio-8081-exec-4] INFO  com.capstone.aspect.LoggerAspect - *************************************
2022-10-16 16:02:02 [http-nio-8081-exec-4] INFO  com.capstone.aspect.LoggerAspect - During: class com.capstone.service.EmiServiceImp.getEmiData() with arguments=emi [s_no=10, loanaccno=202211051, loan_status=active, emi_amount=11973.122, upcomming_payment_date=2023-02-07, remaining_amount=472636.72]
2022-10-16 16:02:02 [http-nio-8081-exec-4] INFO  com.capstone.aspect.LoggerAspect - *************************************
2022-10-16 16:02:02 [http-nio-8081-exec-4] INFO  com.capstone.aspect.LoggerAspect - During: class com.capstone.controller.EmiController.getemiofAccount() with arguments=<200 OK OK,emi [s_no=10, loanaccno=202211051, loan_status=active, emi_amount=11973.122, upcomming_payment_date=2023-02-07, remaining_amount=472636.72],[]>
2022-10-16 16:02:02 [http-nio-8081-exec-4] INFO  com.capstone.aspect.LoggerAspect - *************************************
2022-10-16 16:02:03 [http-nio-8081-exec-5] INFO  com.capstone.aspect.LoggerAspect - Method name: com.capstone.controller.EmiController
2022-10-16 16:02:03 [http-nio-8081-exec-5] INFO  com.capstone.aspect.LoggerAspect - Method arguments:[Ljava.lang.Object;@3697b63f
2022-10-16 16:02:03 [http-nio-8081-exec-5] INFO  com.capstone.aspect.LoggerAspect - *************************************
2022-10-16 16:02:03 [http-nio-8081-exec-5] INFO  com.capstone.aspect.LoggerAspect - Method name: com.capstone.service.EmiServiceImp
2022-10-16 16:02:03 [http-nio-8081-exec-5] INFO  com.capstone.aspect.LoggerAspect - Method arguments:[Ljava.lang.Object;@2d76b87
2022-10-16 16:02:03 [http-nio-8081-exec-5] INFO  com.capstone.aspect.LoggerAspect - *************************************
2022-10-16 16:02:03 [http-nio-8081-exec-5] INFO  com.capstone.aspect.LoggerAspect - During: class com.capstone.service.EmiServiceImp.getEmiData() with arguments=emi [s_no=10, loanaccno=202211051, loan_status=active, emi_amount=11973.122, upcomming_payment_date=2023-02-07, remaining_amount=472636.72]
2022-10-16 16:02:03 [http-nio-8081-exec-5] INFO  com.capstone.aspect.LoggerAspect - *************************************
2022-10-16 16:02:03 [http-nio-8081-exec-5] INFO  com.capstone.aspect.LoggerAspect - Method name: com.capstone.service.EmiServiceImp
2022-10-16 16:02:03 [http-nio-8081-exec-5] INFO  com.capstone.aspect.LoggerAspect - Method arguments:[Ljava.lang.Object;@5158a328
2022-10-16 16:02:03 [http-nio-8081-exec-5] INFO  com.capstone.aspect.LoggerAspect - *************************************
2022-10-16 16:02:03 [http-nio-8081-exec-5] INFO  com.capstone.aspect.LoggerAspect - During: class com.capstone.service.EmiServiceImp.getEmiData() with arguments=emi [s_no=10, loanaccno=202211051, loan_status=active, emi_amount=11973.122, upcomming_payment_date=2023-02-07, remaining_amount=472636.72]
2022-10-16 16:02:03 [http-nio-8081-exec-5] INFO  com.capstone.aspect.LoggerAspect - *************************************
2022-10-16 16:02:03 [http-nio-8081-exec-5] INFO  com.capstone.aspect.LoggerAspect - During: class com.capstone.controller.EmiController.getemiofAccount() with arguments=<200 OK OK,emi [s_no=10, loanaccno=202211051, loan_status=active, emi_amount=11973.122, upcomming_payment_date=2023-02-07, remaining_amount=472636.72],[]>
2022-10-16 16:02:03 [http-nio-8081-exec-5] INFO  com.capstone.aspect.LoggerAspect - *************************************
2022-10-16 16:02:22 [http-nio-8081-exec-6] INFO  com.capstone.aspect.LoggerAspect - Method name: com.capstone.controller.EmiController
2022-10-16 16:02:22 [http-nio-8081-exec-6] INFO  com.capstone.aspect.LoggerAspect - Method arguments:[Ljava.lang.Object;@6bc9766f
2022-10-16 16:02:22 [http-nio-8081-exec-6] INFO  com.capstone.aspect.LoggerAspect - *************************************
2022-10-16 16:02:22 [http-nio-8081-exec-6] INFO  com.capstone.aspect.LoggerAspect - Method name: com.capstone.service.EmiServiceImp
2022-10-16 16:02:22 [http-nio-8081-exec-6] INFO  com.capstone.aspect.LoggerAspect - Method arguments:[Ljava.lang.Object;@5db16914
2022-10-16 16:02:22 [http-nio-8081-exec-6] INFO  com.capstone.aspect.LoggerAspect - *************************************
2022-10-16 16:02:22 [http-nio-8081-exec-6] INFO  com.capstone.aspect.LoggerAspect - During: class com.capstone.service.EmiServiceImp.getEmiData() with arguments=emi [s_no=10, loanaccno=202211051, loan_status=active, emi_amount=11973.122, upcomming_payment_date=2023-02-07, remaining_amount=472636.72]
2022-10-16 16:02:22 [http-nio-8081-exec-6] INFO  com.capstone.aspect.LoggerAspect - *************************************
2022-10-16 16:02:22 [http-nio-8081-exec-6] INFO  com.capstone.aspect.LoggerAspect - Method name: com.capstone.service.EmiServiceImp
2022-10-16 16:02:22 [http-nio-8081-exec-6] INFO  com.capstone.aspect.LoggerAspect - Method arguments:[Ljava.lang.Object;@34c02cd3
2022-10-16 16:02:22 [http-nio-8081-exec-6] INFO  com.capstone.aspect.LoggerAspect - *************************************
2022-10-16 16:02:22 [http-nio-8081-exec-6] INFO  com.capstone.aspect.LoggerAspect - During: class com.capstone.service.EmiServiceImp.getEmiData() with arguments=emi [s_no=10, loanaccno=202211051, loan_status=active, emi_amount=11973.122, upcomming_payment_date=2023-02-07, remaining_amount=472636.72]
2022-10-16 16:02:22 [http-nio-8081-exec-6] INFO  com.capstone.aspect.LoggerAspect - *************************************
2022-10-16 16:02:22 [http-nio-8081-exec-6] INFO  com.capstone.aspect.LoggerAspect - During: class com.capstone.controller.EmiController.getemiofAccount() with arguments=<200 OK OK,emi [s_no=10, loanaccno=202211051, loan_status=active, emi_amount=11973.122, upcomming_payment_date=2023-02-07, remaining_amount=472636.72],[]>
2022-10-16 16:02:22 [http-nio-8081-exec-6] INFO  com.capstone.aspect.LoggerAspect - *************************************
2022-10-16 16:02:24 [http-nio-8081-exec-7] INFO  com.capstone.aspect.LoggerAspect - Method name: com.capstone.controller.EmiController
2022-10-16 16:02:24 [http-nio-8081-exec-7] INFO  com.capstone.aspect.LoggerAspect - Method arguments:[Ljava.lang.Object;@4d2a1bbb
2022-10-16 16:02:24 [http-nio-8081-exec-7] INFO  com.capstone.aspect.LoggerAspect - *************************************
2022-10-16 16:02:24 [http-nio-8081-exec-7] INFO  com.capstone.aspect.LoggerAspect - Method name: com.capstone.service.EmiServiceImp
2022-10-16 16:02:24 [http-nio-8081-exec-7] INFO  com.capstone.aspect.LoggerAspect - Method arguments:[Ljava.lang.Object;@4a2470f7
2022-10-16 16:02:24 [http-nio-8081-exec-7] INFO  com.capstone.aspect.LoggerAspect - *************************************
2022-10-16 16:02:24 [http-nio-8081-exec-7] INFO  com.capstone.aspect.LoggerAspect - During: class com.capstone.service.EmiServiceImp.getEmiData() with arguments=emi [s_no=10, loanaccno=202211051, loan_status=active, emi_amount=11973.122, upcomming_payment_date=2023-02-07, remaining_amount=472636.72]
2022-10-16 16:02:24 [http-nio-8081-exec-7] INFO  com.capstone.aspect.LoggerAspect - *************************************
2022-10-16 16:02:24 [http-nio-8081-exec-7] INFO  com.capstone.aspect.LoggerAspect - Method name: com.capstone.service.EmiServiceImp
2022-10-16 16:02:24 [http-nio-8081-exec-7] INFO  com.capstone.aspect.LoggerAspect - Method arguments:[Ljava.lang.Object;@7a54ea7e
2022-10-16 16:02:24 [http-nio-8081-exec-7] INFO  com.capstone.aspect.LoggerAspect - *************************************
2022-10-16 16:02:24 [http-nio-8081-exec-7] INFO  com.capstone.aspect.LoggerAspect - During: class com.capstone.service.EmiServiceImp.getEmiData() with arguments=emi [s_no=10, loanaccno=202211051, loan_status=active, emi_amount=11973.122, upcomming_payment_date=2023-02-07, remaining_amount=472636.72]
2022-10-16 16:02:24 [http-nio-8081-exec-7] INFO  com.capstone.aspect.LoggerAspect - *************************************
2022-10-16 16:02:24 [http-nio-8081-exec-7] INFO  com.capstone.aspect.LoggerAspect - During: class com.capstone.controller.EmiController.getemiofAccount() with arguments=<200 OK OK,emi [s_no=10, loanaccno=202211051, loan_status=active, emi_amount=11973.122, upcomming_payment_date=2023-02-07, remaining_amount=472636.72],[]>
2022-10-16 16:02:24 [http-nio-8081-exec-7] INFO  com.capstone.aspect.LoggerAspect - *************************************
2022-10-16 16:02:34 [http-nio-8081-exec-9] INFO  com.capstone.aspect.LoggerAspect - Method name: com.capstone.controller.EmiController
2022-10-16 16:02:34 [http-nio-8081-exec-9] INFO  com.capstone.aspect.LoggerAspect - Method arguments:[Ljava.lang.Object;@52caf563
2022-10-16 16:02:34 [http-nio-8081-exec-9] INFO  com.capstone.aspect.LoggerAspect - *************************************
2022-10-16 16:02:34 [http-nio-8081-exec-9] INFO  com.capstone.aspect.LoggerAspect - Method name: com.capstone.service.EmiServiceImp
2022-10-16 16:02:34 [http-nio-8081-exec-9] INFO  com.capstone.aspect.LoggerAspect - Method arguments:[Ljava.lang.Object;@92fc566
2022-10-16 16:02:34 [http-nio-8081-exec-9] INFO  com.capstone.aspect.LoggerAspect - *************************************
2022-10-16 16:02:34 [http-nio-8081-exec-9] INFO  com.capstone.aspect.LoggerAspect - During: class com.capstone.service.EmiServiceImp.updateEMI() with arguments=emi [s_no=10, loanaccno=202211051, loan_status=active, emi_amount=11973.122, upcomming_payment_date=2023-03-07, remaining_amount=463408.66]
2022-10-16 16:02:34 [http-nio-8081-exec-9] INFO  com.capstone.aspect.LoggerAspect - *************************************
2022-10-16 16:02:34 [http-nio-8081-exec-9] INFO  com.capstone.aspect.LoggerAspect - During: class com.capstone.controller.EmiController.updateEMI() with arguments=<200 OK OK,{message=emi updated},[]>
2022-10-16 16:02:34 [http-nio-8081-exec-9] INFO  com.capstone.aspect.LoggerAspect - *************************************
2022-10-16 16:02:58 [http-nio-8081-exec-8] INFO  com.capstone.aspect.LoggerAspect - Method name: com.capstone.controller.EmiController
2022-10-16 16:02:58 [http-nio-8081-exec-8] INFO  com.capstone.aspect.LoggerAspect - Method arguments:[Ljava.lang.Object;@354d1c8e
2022-10-16 16:02:58 [http-nio-8081-exec-8] INFO  com.capstone.aspect.LoggerAspect - *************************************
2022-10-16 16:02:58 [http-nio-8081-exec-8] INFO  com.capstone.aspect.LoggerAspect - Method name: com.capstone.service.EmiServiceImp
2022-10-16 16:02:58 [http-nio-8081-exec-8] INFO  com.capstone.aspect.LoggerAspect - Method arguments:[Ljava.lang.Object;@880a175
2022-10-16 16:02:58 [http-nio-8081-exec-8] INFO  com.capstone.aspect.LoggerAspect - *************************************
2022-10-16 16:02:58 [http-nio-8081-exec-8] INFO  com.capstone.aspect.LoggerAspect - During: class com.capstone.service.EmiServiceImp.getEmiData() with arguments=emi [s_no=10, loanaccno=202211051, loan_status=active, emi_amount=11973.122, upcomming_payment_date=2023-03-07, remaining_amount=463408.66]
2022-10-16 16:02:58 [http-nio-8081-exec-8] INFO  com.capstone.aspect.LoggerAspect - *************************************
2022-10-16 16:02:58 [http-nio-8081-exec-8] INFO  com.capstone.aspect.LoggerAspect - Method name: com.capstone.service.EmiServiceImp
2022-10-16 16:02:58 [http-nio-8081-exec-8] INFO  com.capstone.aspect.LoggerAspect - Method arguments:[Ljava.lang.Object;@118376c5
2022-10-16 16:02:58 [http-nio-8081-exec-8] INFO  com.capstone.aspect.LoggerAspect - *************************************
2022-10-16 16:02:58 [http-nio-8081-exec-8] INFO  com.capstone.aspect.LoggerAspect - During: class com.capstone.service.EmiServiceImp.getEmiData() with arguments=emi [s_no=10, loanaccno=202211051, loan_status=active, emi_amount=11973.122, upcomming_payment_date=2023-03-07, remaining_amount=463408.66]
2022-10-16 16:02:58 [http-nio-8081-exec-8] INFO  com.capstone.aspect.LoggerAspect - *************************************
2022-10-16 16:02:58 [http-nio-8081-exec-8] INFO  com.capstone.aspect.LoggerAspect - During: class com.capstone.controller.EmiController.getemiofAccount() with arguments=<200 OK OK,emi [s_no=10, loanaccno=202211051, loan_status=active, emi_amount=11973.122, upcomming_payment_date=2023-03-07, remaining_amount=463408.66],[]>
2022-10-16 16:02:58 [http-nio-8081-exec-8] INFO  com.capstone.aspect.LoggerAspect - *************************************
2022-10-16 16:03:00 [http-nio-8081-exec-1] INFO  com.capstone.aspect.LoggerAspect - Method name: com.capstone.controller.EmiController
2022-10-16 16:03:00 [http-nio-8081-exec-1] INFO  com.capstone.aspect.LoggerAspect - Method arguments:[Ljava.lang.Object;@3cef02e7
2022-10-16 16:03:00 [http-nio-8081-exec-1] INFO  com.capstone.aspect.LoggerAspect - *************************************
2022-10-16 16:03:00 [http-nio-8081-exec-1] INFO  com.capstone.aspect.LoggerAspect - Method name: com.capstone.service.EmiServiceImp
2022-10-16 16:03:00 [http-nio-8081-exec-1] INFO  com.capstone.aspect.LoggerAspect - Method arguments:[Ljava.lang.Object;@4a1f2d03
2022-10-16 16:03:00 [http-nio-8081-exec-1] INFO  com.capstone.aspect.LoggerAspect - *************************************
2022-10-16 16:03:00 [http-nio-8081-exec-1] INFO  com.capstone.aspect.LoggerAspect - During: class com.capstone.service.EmiServiceImp.getEmiData() with arguments=emi [s_no=10, loanaccno=202211051, loan_status=active, emi_amount=11973.122, upcomming_payment_date=2023-03-07, remaining_amount=463408.66]
2022-10-16 16:03:00 [http-nio-8081-exec-1] INFO  com.capstone.aspect.LoggerAspect - *************************************
2022-10-16 16:03:00 [http-nio-8081-exec-1] INFO  com.capstone.aspect.LoggerAspect - Method name: com.capstone.service.EmiServiceImp
2022-10-16 16:03:00 [http-nio-8081-exec-1] INFO  com.capstone.aspect.LoggerAspect - Method arguments:[Ljava.lang.Object;@17de1d9b
2022-10-16 16:03:00 [http-nio-8081-exec-1] INFO  com.capstone.aspect.LoggerAspect - *************************************
2022-10-16 16:03:00 [http-nio-8081-exec-1] INFO  com.capstone.aspect.LoggerAspect - During: class com.capstone.service.EmiServiceImp.getEmiData() with arguments=emi [s_no=10, loanaccno=202211051, loan_status=active, emi_amount=11973.122, upcomming_payment_date=2023-03-07, remaining_amount=463408.66]
2022-10-16 16:03:00 [http-nio-8081-exec-1] INFO  com.capstone.aspect.LoggerAspect - *************************************
2022-10-16 16:03:00 [http-nio-8081-exec-1] INFO  com.capstone.aspect.LoggerAspect - During: class com.capstone.controller.EmiController.getemiofAccount() with arguments=<200 OK OK,emi [s_no=10, loanaccno=202211051, loan_status=active, emi_amount=11973.122, upcomming_payment_date=2023-03-07, remaining_amount=463408.66],[]>
2022-10-16 16:03:00 [http-nio-8081-exec-1] INFO  com.capstone.aspect.LoggerAspect - *************************************
2022-10-16 16:03:14 [http-nio-8081-exec-10] INFO  com.capstone.aspect.LoggerAspect - Method name: com.capstone.controller.EmiController
2022-10-16 16:03:14 [http-nio-8081-exec-10] INFO  com.capstone.aspect.LoggerAspect - Method arguments:[Ljava.lang.Object;@308349d3
2022-10-16 16:03:14 [http-nio-8081-exec-10] INFO  com.capstone.aspect.LoggerAspect - *************************************
2022-10-16 16:03:14 [http-nio-8081-exec-10] INFO  com.capstone.aspect.LoggerAspect - Method name: com.capstone.service.EmiServiceImp
2022-10-16 16:03:14 [http-nio-8081-exec-10] INFO  com.capstone.aspect.LoggerAspect - Method arguments:[Ljava.lang.Object;@2f03e669
2022-10-16 16:03:14 [http-nio-8081-exec-10] INFO  com.capstone.aspect.LoggerAspect - *************************************
2022-10-16 16:03:14 [http-nio-8081-exec-10] INFO  com.capstone.aspect.LoggerAspect - During: class com.capstone.service.EmiServiceImp.getEmiData() with arguments=emi [s_no=10, loanaccno=202211051, loan_status=active, emi_amount=11973.122, upcomming_payment_date=2023-03-07, remaining_amount=463408.66]
2022-10-16 16:03:14 [http-nio-8081-exec-10] INFO  com.capstone.aspect.LoggerAspect - *************************************
2022-10-16 16:03:14 [http-nio-8081-exec-10] INFO  com.capstone.aspect.LoggerAspect - Method name: com.capstone.service.EmiServiceImp
2022-10-16 16:03:14 [http-nio-8081-exec-10] INFO  com.capstone.aspect.LoggerAspect - Method arguments:[Ljava.lang.Object;@173dc4d4
2022-10-16 16:03:14 [http-nio-8081-exec-10] INFO  com.capstone.aspect.LoggerAspect - *************************************
2022-10-16 16:03:14 [http-nio-8081-exec-10] INFO  com.capstone.aspect.LoggerAspect - During: class com.capstone.service.EmiServiceImp.getEmiData() with arguments=emi [s_no=10, loanaccno=202211051, loan_status=active, emi_amount=11973.122, upcomming_payment_date=2023-03-07, remaining_amount=463408.66]
2022-10-16 16:03:14 [http-nio-8081-exec-10] INFO  com.capstone.aspect.LoggerAspect - *************************************
2022-10-16 16:03:14 [http-nio-8081-exec-10] INFO  com.capstone.aspect.LoggerAspect - During: class com.capstone.controller.EmiController.getemiofAccount() with arguments=<200 OK OK,emi [s_no=10, loanaccno=202211051, loan_status=active, emi_amount=11973.122, upcomming_payment_date=2023-03-07, remaining_amount=463408.66],[]>
2022-10-16 16:03:14 [http-nio-8081-exec-10] INFO  com.capstone.aspect.LoggerAspect - *************************************
2022-10-16 16:03:23 [http-nio-8081-exec-2] INFO  com.capstone.aspect.LoggerAspect - Method name: com.capstone.controller.EmiController
2022-10-16 16:03:23 [http-nio-8081-exec-2] INFO  com.capstone.aspect.LoggerAspect - Method arguments:[Ljava.lang.Object;@17df9495
2022-10-16 16:03:23 [http-nio-8081-exec-2] INFO  com.capstone.aspect.LoggerAspect - *************************************
2022-10-16 16:03:23 [http-nio-8081-exec-2] INFO  com.capstone.aspect.LoggerAspect - Method name: com.capstone.service.EmiServiceImp
2022-10-16 16:03:23 [http-nio-8081-exec-2] INFO  com.capstone.aspect.LoggerAspect - Method arguments:[Ljava.lang.Object;@1f753da2
2022-10-16 16:03:23 [http-nio-8081-exec-2] INFO  com.capstone.aspect.LoggerAspect - *************************************
2022-10-16 16:03:23 [http-nio-8081-exec-2] INFO  com.capstone.aspect.LoggerAspect - During: class com.capstone.service.EmiServiceImp.updateEMI() with arguments=emi [s_no=10, loanaccno=202211051, loan_status=active, emi_amount=11973.122, upcomming_payment_date=2023-04-07, remaining_amount=454127.75]
2022-10-16 16:03:23 [http-nio-8081-exec-2] INFO  com.capstone.aspect.LoggerAspect - *************************************
2022-10-16 16:03:23 [http-nio-8081-exec-2] INFO  com.capstone.aspect.LoggerAspect - During: class com.capstone.controller.EmiController.updateEMI() with arguments=<200 OK OK,{message=emi updated},[]>
2022-10-16 16:03:23 [http-nio-8081-exec-2] INFO  com.capstone.aspect.LoggerAspect - *************************************
2022-10-16 16:03:38 [http-nio-8081-exec-3] WARN  o.s.w.s.m.s.DefaultHandlerExceptionResolver - Resolved [org.springframework.web.method.annotation.MethodArgumentTypeMismatchException: Failed to convert value of type 'java.lang.String' to required type 'int'; nested exception is java.lang.NumberFormatException: For input string: "undefined"]
2022-10-16 16:03:38 [http-nio-8081-exec-4] INFO  com.capstone.aspect.LoggerAspect - Method name: com.capstone.controller.EmiController
2022-10-16 16:03:38 [http-nio-8081-exec-4] INFO  com.capstone.aspect.LoggerAspect - Method arguments:[Ljava.lang.Object;@5b033af2
2022-10-16 16:03:38 [http-nio-8081-exec-4] INFO  com.capstone.aspect.LoggerAspect - *************************************
2022-10-16 16:03:38 [http-nio-8081-exec-4] INFO  com.capstone.aspect.LoggerAspect - Method name: com.capstone.service.EmiServiceImp
2022-10-16 16:03:38 [http-nio-8081-exec-4] INFO  com.capstone.aspect.LoggerAspect - Method arguments:[Ljava.lang.Object;@5f31362d
2022-10-16 16:03:38 [http-nio-8081-exec-4] INFO  com.capstone.aspect.LoggerAspect - *************************************
2022-10-16 16:03:38 [http-nio-8081-exec-4] INFO  com.capstone.aspect.LoggerAspect - During: class com.capstone.service.EmiServiceImp.getEmiData() with arguments=emi [s_no=10, loanaccno=202211051, loan_status=active, emi_amount=11973.122, upcomming_payment_date=2023-04-07, remaining_amount=454127.75]
2022-10-16 16:03:38 [http-nio-8081-exec-4] INFO  com.capstone.aspect.LoggerAspect - *************************************
2022-10-16 16:03:38 [http-nio-8081-exec-4] INFO  com.capstone.aspect.LoggerAspect - Method name: com.capstone.service.EmiServiceImp
2022-10-16 16:03:38 [http-nio-8081-exec-4] INFO  com.capstone.aspect.LoggerAspect - Method arguments:[Ljava.lang.Object;@d9e1db4
2022-10-16 16:03:38 [http-nio-8081-exec-4] INFO  com.capstone.aspect.LoggerAspect - *************************************
2022-10-16 16:03:38 [http-nio-8081-exec-4] INFO  com.capstone.aspect.LoggerAspect - During: class com.capstone.service.EmiServiceImp.getEmiData() with arguments=emi [s_no=10, loanaccno=202211051, loan_status=active, emi_amount=11973.122, upcomming_payment_date=2023-04-07, remaining_amount=454127.75]
2022-10-16 16:03:38 [http-nio-8081-exec-4] INFO  com.capstone.aspect.LoggerAspect - *************************************
2022-10-16 16:03:38 [http-nio-8081-exec-4] INFO  com.capstone.aspect.LoggerAspect - During: class com.capstone.controller.EmiController.getemiofAccount() with arguments=<200 OK OK,emi [s_no=10, loanaccno=202211051, loan_status=active, emi_amount=11973.122, upcomming_payment_date=2023-04-07, remaining_amount=454127.75],[]>
2022-10-16 16:03:38 [http-nio-8081-exec-4] INFO  com.capstone.aspect.LoggerAspect - *************************************
2022-10-16 16:03:44 [http-nio-8081-exec-5] WARN  o.s.w.s.m.s.DefaultHandlerExceptionResolver - Resolved [org.springframework.web.method.annotation.MethodArgumentTypeMismatchException: Failed to convert value of type 'java.lang.String' to required type 'int'; nested exception is java.lang.NumberFormatException: For input string: "undefined"]
2022-10-16 16:03:44 [http-nio-8081-exec-6] INFO  com.capstone.aspect.LoggerAspect - Method name: com.capstone.controller.EmiController
2022-10-16 16:03:44 [http-nio-8081-exec-6] INFO  com.capstone.aspect.LoggerAspect - Method arguments:[Ljava.lang.Object;@35d96fa9
2022-10-16 16:03:44 [http-nio-8081-exec-6] INFO  com.capstone.aspect.LoggerAspect - *************************************
2022-10-16 16:03:44 [http-nio-8081-exec-6] INFO  com.capstone.aspect.LoggerAspect - Method name: com.capstone.service.EmiServiceImp
2022-10-16 16:03:44 [http-nio-8081-exec-6] INFO  com.capstone.aspect.LoggerAspect - Method arguments:[Ljava.lang.Object;@30bf72a1
2022-10-16 16:03:44 [http-nio-8081-exec-6] INFO  com.capstone.aspect.LoggerAspect - *************************************
2022-10-16 16:03:44 [http-nio-8081-exec-6] INFO  com.capstone.aspect.LoggerAspect - During: class com.capstone.service.EmiServiceImp.getEmiData() with arguments=emi [s_no=10, loanaccno=202211051, loan_status=active, emi_amount=11973.122, upcomming_payment_date=2023-04-07, remaining_amount=454127.75]
2022-10-16 16:03:44 [http-nio-8081-exec-6] INFO  com.capstone.aspect.LoggerAspect - *************************************
2022-10-16 16:03:44 [http-nio-8081-exec-6] INFO  com.capstone.aspect.LoggerAspect - Method name: com.capstone.service.EmiServiceImp
2022-10-16 16:03:44 [http-nio-8081-exec-6] INFO  com.capstone.aspect.LoggerAspect - Method arguments:[Ljava.lang.Object;@490e98a0
2022-10-16 16:03:44 [http-nio-8081-exec-6] INFO  com.capstone.aspect.LoggerAspect - *************************************
2022-10-16 16:03:44 [http-nio-8081-exec-6] INFO  com.capstone.aspect.LoggerAspect - During: class com.capstone.service.EmiServiceImp.getEmiData() with arguments=emi [s_no=10, loanaccno=202211051, loan_status=active, emi_amount=11973.122, upcomming_payment_date=2023-04-07, remaining_amount=454127.75]
2022-10-16 16:03:44 [http-nio-8081-exec-6] INFO  com.capstone.aspect.LoggerAspect - *************************************
2022-10-16 16:03:44 [http-nio-8081-exec-6] INFO  com.capstone.aspect.LoggerAspect - During: class com.capstone.controller.EmiController.getemiofAccount() with arguments=<200 OK OK,emi [s_no=10, loanaccno=202211051, loan_status=active, emi_amount=11973.122, upcomming_payment_date=2023-04-07, remaining_amount=454127.75],[]>
2022-10-16 16:03:44 [http-nio-8081-exec-6] INFO  com.capstone.aspect.LoggerAspect - *************************************
2022-10-16 16:03:49 [http-nio-8081-exec-7] WARN  o.s.w.s.m.s.DefaultHandlerExceptionResolver - Resolved [org.springframework.web.method.annotation.MethodArgumentTypeMismatchException: Failed to convert value of type 'java.lang.String' to required type 'int'; nested exception is java.lang.NumberFormatException: For input string: "undefined"]
2022-10-16 16:03:50 [http-nio-8081-exec-9] INFO  com.capstone.aspect.LoggerAspect - Method name: com.capstone.controller.EmiController
2022-10-16 16:03:50 [http-nio-8081-exec-9] INFO  com.capstone.aspect.LoggerAspect - Method arguments:[Ljava.lang.Object;@1ce460e5
2022-10-16 16:03:50 [http-nio-8081-exec-9] INFO  com.capstone.aspect.LoggerAspect - *************************************
2022-10-16 16:03:50 [http-nio-8081-exec-9] INFO  com.capstone.aspect.LoggerAspect - Method name: com.capstone.service.EmiServiceImp
2022-10-16 16:03:50 [http-nio-8081-exec-9] INFO  com.capstone.aspect.LoggerAspect - Method arguments:[Ljava.lang.Object;@4e69a703
2022-10-16 16:03:50 [http-nio-8081-exec-9] INFO  com.capstone.aspect.LoggerAspect - *************************************
2022-10-16 16:03:50 [http-nio-8081-exec-9] INFO  com.capstone.aspect.LoggerAspect - During: class com.capstone.service.EmiServiceImp.getEmiData() with arguments=emi [s_no=10, loanaccno=202211051, loan_status=active, emi_amount=11973.122, upcomming_payment_date=2023-04-07, remaining_amount=454127.75]
2022-10-16 16:03:50 [http-nio-8081-exec-9] INFO  com.capstone.aspect.LoggerAspect - *************************************
2022-10-16 16:03:50 [http-nio-8081-exec-9] INFO  com.capstone.aspect.LoggerAspect - Method name: com.capstone.service.EmiServiceImp
2022-10-16 16:03:50 [http-nio-8081-exec-9] INFO  com.capstone.aspect.LoggerAspect - Method arguments:[Ljava.lang.Object;@6431f207
2022-10-16 16:03:50 [http-nio-8081-exec-9] INFO  com.capstone.aspect.LoggerAspect - *************************************
2022-10-16 16:03:50 [http-nio-8081-exec-9] INFO  com.capstone.aspect.LoggerAspect - During: class com.capstone.service.EmiServiceImp.getEmiData() with arguments=emi [s_no=10, loanaccno=202211051, loan_status=active, emi_amount=11973.122, upcomming_payment_date=2023-04-07, remaining_amount=454127.75]
2022-10-16 16:03:50 [http-nio-8081-exec-9] INFO  com.capstone.aspect.LoggerAspect - *************************************
2022-10-16 16:03:50 [http-nio-8081-exec-9] INFO  com.capstone.aspect.LoggerAspect - During: class com.capstone.controller.EmiController.getemiofAccount() with arguments=<200 OK OK,emi [s_no=10, loanaccno=202211051, loan_status=active, emi_amount=11973.122, upcomming_payment_date=2023-04-07, remaining_amount=454127.75],[]>
2022-10-16 16:03:50 [http-nio-8081-exec-9] INFO  com.capstone.aspect.LoggerAspect - *************************************
2022-10-16 16:04:30 [AsyncResolver-bootstrap-executor-0] INFO  c.n.d.s.r.aws.ConfigClusterResolver - Resolving eureka endpoints via configuration
2022-10-16 16:05:58 [http-nio-8081-exec-1] INFO  com.capstone.aspect.LoggerAspect - Method name: com.capstone.controller.EmiController
2022-10-16 16:05:58 [http-nio-8081-exec-1] INFO  com.capstone.aspect.LoggerAspect - Method arguments:[Ljava.lang.Object;@23875edc
2022-10-16 16:05:58 [http-nio-8081-exec-1] INFO  com.capstone.aspect.LoggerAspect - *************************************
2022-10-16 16:05:58 [http-nio-8081-exec-1] INFO  com.capstone.aspect.LoggerAspect - Method name: com.capstone.service.EmiServiceImp
2022-10-16 16:05:58 [http-nio-8081-exec-1] INFO  com.capstone.aspect.LoggerAspect - Method arguments:[Ljava.lang.Object;@2e529a88
2022-10-16 16:05:58 [http-nio-8081-exec-1] INFO  com.capstone.aspect.LoggerAspect - *************************************
2022-10-16 16:05:58 [http-nio-8081-exec-1] INFO  com.capstone.aspect.LoggerAspect - During: class com.capstone.service.EmiServiceImp.getEmiData() with arguments=emi [s_no=10, loanaccno=202211051, loan_status=active, emi_amount=11973.122, upcomming_payment_date=2023-04-07, remaining_amount=454127.75]
2022-10-16 16:05:58 [http-nio-8081-exec-1] INFO  com.capstone.aspect.LoggerAspect - *************************************
2022-10-16 16:05:58 [http-nio-8081-exec-1] INFO  com.capstone.aspect.LoggerAspect - Method name: com.capstone.service.EmiServiceImp
2022-10-16 16:05:58 [http-nio-8081-exec-1] INFO  com.capstone.aspect.LoggerAspect - Method arguments:[Ljava.lang.Object;@bae19cd
2022-10-16 16:05:58 [http-nio-8081-exec-1] INFO  com.capstone.aspect.LoggerAspect - *************************************
2022-10-16 16:05:58 [http-nio-8081-exec-1] INFO  com.capstone.aspect.LoggerAspect - During: class com.capstone.service.EmiServiceImp.getEmiData() with arguments=emi [s_no=10, loanaccno=202211051, loan_status=active, emi_amount=11973.122, upcomming_payment_date=2023-04-07, remaining_amount=454127.75]
2022-10-16 16:05:58 [http-nio-8081-exec-1] INFO  com.capstone.aspect.LoggerAspect - *************************************
2022-10-16 16:05:58 [http-nio-8081-exec-1] INFO  com.capstone.aspect.LoggerAspect - During: class com.capstone.controller.EmiController.getemiofAccount() with arguments=<200 OK OK,emi [s_no=10, loanaccno=202211051, loan_status=active, emi_amount=11973.122, upcomming_payment_date=2023-04-07, remaining_amount=454127.75],[]>
2022-10-16 16:05:58 [http-nio-8081-exec-1] INFO  com.capstone.aspect.LoggerAspect - *************************************
2022-10-16 16:05:59 [http-nio-8081-exec-10] INFO  com.capstone.aspect.LoggerAspect - Method name: com.capstone.controller.EmiController
2022-10-16 16:05:59 [http-nio-8081-exec-10] INFO  com.capstone.aspect.LoggerAspect - Method arguments:[Ljava.lang.Object;@3ded742c
2022-10-16 16:05:59 [http-nio-8081-exec-10] INFO  com.capstone.aspect.LoggerAspect - *************************************
2022-10-16 16:05:59 [http-nio-8081-exec-10] INFO  com.capstone.aspect.LoggerAspect - Method name: com.capstone.service.EmiServiceImp
2022-10-16 16:05:59 [http-nio-8081-exec-10] INFO  com.capstone.aspect.LoggerAspect - Method arguments:[Ljava.lang.Object;@3580dd24
2022-10-16 16:05:59 [http-nio-8081-exec-10] INFO  com.capstone.aspect.LoggerAspect - *************************************
2022-10-16 16:05:59 [http-nio-8081-exec-10] INFO  com.capstone.aspect.LoggerAspect - During: class com.capstone.service.EmiServiceImp.getEmiData() with arguments=emi [s_no=10, loanaccno=202211051, loan_status=active, emi_amount=11973.122, upcomming_payment_date=2023-04-07, remaining_amount=454127.75]
2022-10-16 16:05:59 [http-nio-8081-exec-10] INFO  com.capstone.aspect.LoggerAspect - *************************************
2022-10-16 16:05:59 [http-nio-8081-exec-10] INFO  com.capstone.aspect.LoggerAspect - Method name: com.capstone.service.EmiServiceImp
2022-10-16 16:05:59 [http-nio-8081-exec-10] INFO  com.capstone.aspect.LoggerAspect - Method arguments:[Ljava.lang.Object;@679ab7df
2022-10-16 16:05:59 [http-nio-8081-exec-10] INFO  com.capstone.aspect.LoggerAspect - *************************************
2022-10-16 16:06:00 [http-nio-8081-exec-10] INFO  com.capstone.aspect.LoggerAspect - During: class com.capstone.service.EmiServiceImp.getEmiData() with arguments=emi [s_no=10, loanaccno=202211051, loan_status=active, emi_amount=11973.122, upcomming_payment_date=2023-04-07, remaining_amount=454127.75]
2022-10-16 16:06:00 [http-nio-8081-exec-10] INFO  com.capstone.aspect.LoggerAspect - *************************************
2022-10-16 16:06:00 [http-nio-8081-exec-10] INFO  com.capstone.aspect.LoggerAspect - During: class com.capstone.controller.EmiController.getemiofAccount() with arguments=<200 OK OK,emi [s_no=10, loanaccno=202211051, loan_status=active, emi_amount=11973.122, upcomming_payment_date=2023-04-07, remaining_amount=454127.75],[]>
2022-10-16 16:06:00 [http-nio-8081-exec-10] INFO  com.capstone.aspect.LoggerAspect - *************************************
2022-10-16 16:06:06 [http-nio-8081-exec-2] INFO  com.capstone.aspect.LoggerAspect - Method name: com.capstone.controller.EmiController
2022-10-16 16:06:06 [http-nio-8081-exec-2] INFO  com.capstone.aspect.LoggerAspect - Method arguments:[Ljava.lang.Object;@5b439726
2022-10-16 16:06:06 [http-nio-8081-exec-2] INFO  com.capstone.aspect.LoggerAspect - *************************************
2022-10-16 16:06:06 [http-nio-8081-exec-2] INFO  com.capstone.aspect.LoggerAspect - Method name: com.capstone.service.EmiServiceImp
2022-10-16 16:06:06 [http-nio-8081-exec-2] INFO  com.capstone.aspect.LoggerAspect - Method arguments:[Ljava.lang.Object;@5d5866b0
2022-10-16 16:06:06 [http-nio-8081-exec-2] INFO  com.capstone.aspect.LoggerAspect - *************************************
2022-10-16 16:06:06 [http-nio-8081-exec-2] INFO  com.capstone.aspect.LoggerAspect - During: class com.capstone.service.EmiServiceImp.updateEMI() with arguments=emi [s_no=10, loanaccno=202211051, loan_status=active, emi_amount=11973.122, upcomming_payment_date=2023-05-07, remaining_amount=444780.72]
2022-10-16 16:06:06 [http-nio-8081-exec-2] INFO  com.capstone.aspect.LoggerAspect - *************************************
2022-10-16 16:06:06 [http-nio-8081-exec-2] INFO  com.capstone.aspect.LoggerAspect - During: class com.capstone.controller.EmiController.updateEMI() with arguments=<200 OK OK,{message=emi updated},[]>
2022-10-16 16:06:06 [http-nio-8081-exec-2] INFO  com.capstone.aspect.LoggerAspect - *************************************
2022-10-16 16:06:41 [http-nio-8081-exec-4] INFO  com.capstone.aspect.LoggerAspect - Method name: com.capstone.controller.EmiController
2022-10-16 16:06:41 [http-nio-8081-exec-4] INFO  com.capstone.aspect.LoggerAspect - Method arguments:[Ljava.lang.Object;@7adfbb83
2022-10-16 16:06:41 [http-nio-8081-exec-4] INFO  com.capstone.aspect.LoggerAspect - *************************************
2022-10-16 16:06:41 [http-nio-8081-exec-4] INFO  com.capstone.aspect.LoggerAspect - Method name: com.capstone.service.EmiServiceImp
2022-10-16 16:06:41 [http-nio-8081-exec-4] INFO  com.capstone.aspect.LoggerAspect - Method arguments:[Ljava.lang.Object;@4ffec6c9
2022-10-16 16:06:41 [http-nio-8081-exec-4] INFO  com.capstone.aspect.LoggerAspect - *************************************
2022-10-16 16:06:41 [http-nio-8081-exec-4] INFO  com.capstone.aspect.LoggerAspect - During: class com.capstone.service.EmiServiceImp.getEmiData() with arguments=emi [s_no=10, loanaccno=202211051, loan_status=active, emi_amount=11973.122, upcomming_payment_date=2023-05-07, remaining_amount=444780.72]
2022-10-16 16:06:41 [http-nio-8081-exec-4] INFO  com.capstone.aspect.LoggerAspect - *************************************
2022-10-16 16:06:41 [http-nio-8081-exec-4] INFO  com.capstone.aspect.LoggerAspect - Method name: com.capstone.service.EmiServiceImp
2022-10-16 16:06:41 [http-nio-8081-exec-4] INFO  com.capstone.aspect.LoggerAspect - Method arguments:[Ljava.lang.Object;@1c3878e3
2022-10-16 16:06:41 [http-nio-8081-exec-4] INFO  com.capstone.aspect.LoggerAspect - *************************************
2022-10-16 16:06:41 [http-nio-8081-exec-4] INFO  com.capstone.aspect.LoggerAspect - During: class com.capstone.service.EmiServiceImp.getEmiData() with arguments=emi [s_no=10, loanaccno=202211051, loan_status=active, emi_amount=11973.122, upcomming_payment_date=2023-05-07, remaining_amount=444780.72]
2022-10-16 16:06:41 [http-nio-8081-exec-4] INFO  com.capstone.aspect.LoggerAspect - *************************************
2022-10-16 16:06:41 [http-nio-8081-exec-4] INFO  com.capstone.aspect.LoggerAspect - During: class com.capstone.controller.EmiController.getemiofAccount() with arguments=<200 OK OK,emi [s_no=10, loanaccno=202211051, loan_status=active, emi_amount=11973.122, upcomming_payment_date=2023-05-07, remaining_amount=444780.72],[]>
2022-10-16 16:06:41 [http-nio-8081-exec-4] INFO  com.capstone.aspect.LoggerAspect - *************************************
2022-10-16 16:06:42 [http-nio-8081-exec-3] INFO  com.capstone.aspect.LoggerAspect - Method name: com.capstone.controller.EmiController
2022-10-16 16:06:42 [http-nio-8081-exec-3] INFO  com.capstone.aspect.LoggerAspect - Method arguments:[Ljava.lang.Object;@1ae5676f
2022-10-16 16:06:42 [http-nio-8081-exec-3] INFO  com.capstone.aspect.LoggerAspect - *************************************
2022-10-16 16:06:42 [http-nio-8081-exec-3] INFO  com.capstone.aspect.LoggerAspect - Method name: com.capstone.service.EmiServiceImp
2022-10-16 16:06:42 [http-nio-8081-exec-3] INFO  com.capstone.aspect.LoggerAspect - Method arguments:[Ljava.lang.Object;@1df1ab48
2022-10-16 16:06:42 [http-nio-8081-exec-3] INFO  com.capstone.aspect.LoggerAspect - *************************************
2022-10-16 16:06:42 [http-nio-8081-exec-3] INFO  com.capstone.aspect.LoggerAspect - During: class com.capstone.service.EmiServiceImp.getEmiData() with arguments=emi [s_no=10, loanaccno=202211051, loan_status=active, emi_amount=11973.122, upcomming_payment_date=2023-05-07, remaining_amount=444780.72]
2022-10-16 16:06:42 [http-nio-8081-exec-3] INFO  com.capstone.aspect.LoggerAspect - *************************************
2022-10-16 16:06:42 [http-nio-8081-exec-3] INFO  com.capstone.aspect.LoggerAspect - Method name: com.capstone.service.EmiServiceImp
2022-10-16 16:06:42 [http-nio-8081-exec-3] INFO  com.capstone.aspect.LoggerAspect - Method arguments:[Ljava.lang.Object;@731dd759
2022-10-16 16:06:42 [http-nio-8081-exec-3] INFO  com.capstone.aspect.LoggerAspect - *************************************
2022-10-16 16:06:42 [http-nio-8081-exec-3] INFO  com.capstone.aspect.LoggerAspect - During: class com.capstone.service.EmiServiceImp.getEmiData() with arguments=emi [s_no=10, loanaccno=202211051, loan_status=active, emi_amount=11973.122, upcomming_payment_date=2023-05-07, remaining_amount=444780.72]
2022-10-16 16:06:42 [http-nio-8081-exec-3] INFO  com.capstone.aspect.LoggerAspect - *************************************
2022-10-16 16:06:42 [http-nio-8081-exec-3] INFO  com.capstone.aspect.LoggerAspect - During: class com.capstone.controller.EmiController.getemiofAccount() with arguments=<200 OK OK,emi [s_no=10, loanaccno=202211051, loan_status=active, emi_amount=11973.122, upcomming_payment_date=2023-05-07, remaining_amount=444780.72],[]>
2022-10-16 16:06:42 [http-nio-8081-exec-3] INFO  com.capstone.aspect.LoggerAspect - *************************************
2022-10-16 16:06:49 [http-nio-8081-exec-5] INFO  com.capstone.aspect.LoggerAspect - Method name: com.capstone.controller.EmiController
2022-10-16 16:06:49 [http-nio-8081-exec-5] INFO  com.capstone.aspect.LoggerAspect - Method arguments:[Ljava.lang.Object;@2ad41deb
2022-10-16 16:06:49 [http-nio-8081-exec-5] INFO  com.capstone.aspect.LoggerAspect - *************************************
2022-10-16 16:06:49 [http-nio-8081-exec-5] INFO  com.capstone.aspect.LoggerAspect - Method name: com.capstone.service.EmiServiceImp
2022-10-16 16:06:49 [http-nio-8081-exec-5] INFO  com.capstone.aspect.LoggerAspect - Method arguments:[Ljava.lang.Object;@2beb27d6
2022-10-16 16:06:49 [http-nio-8081-exec-5] INFO  com.capstone.aspect.LoggerAspect - *************************************
2022-10-16 16:06:49 [http-nio-8081-exec-5] INFO  com.capstone.aspect.LoggerAspect - During: class com.capstone.service.EmiServiceImp.updateEMI() with arguments=emi [s_no=10, loanaccno=202211051, loan_status=active, emi_amount=11973.122, upcomming_payment_date=2023-06-07, remaining_amount=435281.16]
2022-10-16 16:06:49 [http-nio-8081-exec-5] INFO  com.capstone.aspect.LoggerAspect - *************************************
2022-10-16 16:06:49 [http-nio-8081-exec-5] INFO  com.capstone.aspect.LoggerAspect - During: class com.capstone.controller.EmiController.updateEMI() with arguments=<200 OK OK,{message=emi updated},[]>
2022-10-16 16:06:49 [http-nio-8081-exec-5] INFO  com.capstone.aspect.LoggerAspect - *************************************
2022-10-16 16:06:53 [http-nio-8081-exec-6] WARN  o.s.w.s.m.s.DefaultHandlerExceptionResolver - Resolved [org.springframework.web.method.annotation.MethodArgumentTypeMismatchException: Failed to convert value of type 'java.lang.String' to required type 'int'; nested exception is java.lang.NumberFormatException: For input string: "undefined"]
2022-10-16 16:06:53 [http-nio-8081-exec-7] INFO  com.capstone.aspect.LoggerAspect - Method name: com.capstone.controller.EmiController
2022-10-16 16:06:53 [http-nio-8081-exec-7] INFO  com.capstone.aspect.LoggerAspect - Method arguments:[Ljava.lang.Object;@6ede9151
2022-10-16 16:06:53 [http-nio-8081-exec-7] INFO  com.capstone.aspect.LoggerAspect - *************************************
2022-10-16 16:06:53 [http-nio-8081-exec-7] INFO  com.capstone.aspect.LoggerAspect - Method name: com.capstone.service.EmiServiceImp
2022-10-16 16:06:53 [http-nio-8081-exec-7] INFO  com.capstone.aspect.LoggerAspect - Method arguments:[Ljava.lang.Object;@743960bb
2022-10-16 16:06:53 [http-nio-8081-exec-7] INFO  com.capstone.aspect.LoggerAspect - *************************************
2022-10-16 16:06:53 [http-nio-8081-exec-7] INFO  com.capstone.aspect.LoggerAspect - During: class com.capstone.service.EmiServiceImp.getEmiData() with arguments=emi [s_no=10, loanaccno=202211051, loan_status=active, emi_amount=11973.122, upcomming_payment_date=2023-06-07, remaining_amount=435281.16]
2022-10-16 16:06:53 [http-nio-8081-exec-7] INFO  com.capstone.aspect.LoggerAspect - *************************************
2022-10-16 16:06:53 [http-nio-8081-exec-7] INFO  com.capstone.aspect.LoggerAspect - Method name: com.capstone.service.EmiServiceImp
2022-10-16 16:06:53 [http-nio-8081-exec-7] INFO  com.capstone.aspect.LoggerAspect - Method arguments:[Ljava.lang.Object;@48343407
2022-10-16 16:06:53 [http-nio-8081-exec-7] INFO  com.capstone.aspect.LoggerAspect - *************************************
2022-10-16 16:06:53 [http-nio-8081-exec-7] INFO  com.capstone.aspect.LoggerAspect - During: class com.capstone.service.EmiServiceImp.getEmiData() with arguments=emi [s_no=10, loanaccno=202211051, loan_status=active, emi_amount=11973.122, upcomming_payment_date=2023-06-07, remaining_amount=435281.16]
2022-10-16 16:06:53 [http-nio-8081-exec-7] INFO  com.capstone.aspect.LoggerAspect - *************************************
2022-10-16 16:06:53 [http-nio-8081-exec-7] INFO  com.capstone.aspect.LoggerAspect - During: class com.capstone.controller.EmiController.getemiofAccount() with arguments=<200 OK OK,emi [s_no=10, loanaccno=202211051, loan_status=active, emi_amount=11973.122, upcomming_payment_date=2023-06-07, remaining_amount=435281.16],[]>
2022-10-16 16:06:53 [http-nio-8081-exec-7] INFO  com.capstone.aspect.LoggerAspect - *************************************
2022-10-16 16:07:00 [http-nio-8081-exec-9] INFO  com.capstone.aspect.LoggerAspect - Method name: com.capstone.controller.EmiController
2022-10-16 16:07:00 [http-nio-8081-exec-9] INFO  com.capstone.aspect.LoggerAspect - Method arguments:[Ljava.lang.Object;@4c951945
2022-10-16 16:07:00 [http-nio-8081-exec-9] INFO  com.capstone.aspect.LoggerAspect - *************************************
2022-10-16 16:07:00 [http-nio-8081-exec-9] INFO  com.capstone.aspect.LoggerAspect - Method name: com.capstone.service.EmiServiceImp
2022-10-16 16:07:00 [http-nio-8081-exec-9] INFO  com.capstone.aspect.LoggerAspect - Method arguments:[Ljava.lang.Object;@7469be99
2022-10-16 16:07:00 [http-nio-8081-exec-9] INFO  com.capstone.aspect.LoggerAspect - *************************************
2022-10-16 16:07:01 [http-nio-8081-exec-9] INFO  com.capstone.aspect.LoggerAspect - During: class com.capstone.service.EmiServiceImp.getEmiData() with arguments=emi [s_no=10, loanaccno=202211051, loan_status=active, emi_amount=11973.122, upcomming_payment_date=2023-06-07, remaining_amount=435281.16]
2022-10-16 16:07:01 [http-nio-8081-exec-9] INFO  com.capstone.aspect.LoggerAspect - *************************************
2022-10-16 16:07:01 [http-nio-8081-exec-9] INFO  com.capstone.aspect.LoggerAspect - Method name: com.capstone.service.EmiServiceImp
2022-10-16 16:07:01 [http-nio-8081-exec-9] INFO  com.capstone.aspect.LoggerAspect - Method arguments:[Ljava.lang.Object;@695cbb42
2022-10-16 16:07:01 [http-nio-8081-exec-9] INFO  com.capstone.aspect.LoggerAspect - *************************************
2022-10-16 16:07:01 [http-nio-8081-exec-9] INFO  com.capstone.aspect.LoggerAspect - During: class com.capstone.service.EmiServiceImp.getEmiData() with arguments=emi [s_no=10, loanaccno=202211051, loan_status=active, emi_amount=11973.122, upcomming_payment_date=2023-06-07, remaining_amount=435281.16]
2022-10-16 16:07:01 [http-nio-8081-exec-9] INFO  com.capstone.aspect.LoggerAspect - *************************************
2022-10-16 16:07:01 [http-nio-8081-exec-9] INFO  com.capstone.aspect.LoggerAspect - During: class com.capstone.controller.EmiController.getemiofAccount() with arguments=<200 OK OK,emi [s_no=10, loanaccno=202211051, loan_status=active, emi_amount=11973.122, upcomming_payment_date=2023-06-07, remaining_amount=435281.16],[]>
2022-10-16 16:07:01 [http-nio-8081-exec-9] INFO  com.capstone.aspect.LoggerAspect - *************************************
2022-10-16 16:07:02 [http-nio-8081-exec-8] INFO  com.capstone.aspect.LoggerAspect - Method name: com.capstone.controller.EmiController
2022-10-16 16:07:02 [http-nio-8081-exec-8] INFO  com.capstone.aspect.LoggerAspect - Method arguments:[Ljava.lang.Object;@432b9b39
2022-10-16 16:07:02 [http-nio-8081-exec-8] INFO  com.capstone.aspect.LoggerAspect - *************************************
2022-10-16 16:07:02 [http-nio-8081-exec-8] INFO  com.capstone.aspect.LoggerAspect - Method name: com.capstone.service.EmiServiceImp
2022-10-16 16:07:02 [http-nio-8081-exec-8] INFO  com.capstone.aspect.LoggerAspect - Method arguments:[Ljava.lang.Object;@687ee1da
2022-10-16 16:07:02 [http-nio-8081-exec-8] INFO  com.capstone.aspect.LoggerAspect - *************************************
2022-10-16 16:07:02 [http-nio-8081-exec-8] INFO  com.capstone.aspect.LoggerAspect - During: class com.capstone.service.EmiServiceImp.getEmiData() with arguments=emi [s_no=10, loanaccno=202211051, loan_status=active, emi_amount=11973.122, upcomming_payment_date=2023-06-07, remaining_amount=435281.16]
2022-10-16 16:07:02 [http-nio-8081-exec-8] INFO  com.capstone.aspect.LoggerAspect - *************************************
2022-10-16 16:07:02 [http-nio-8081-exec-8] INFO  com.capstone.aspect.LoggerAspect - Method name: com.capstone.service.EmiServiceImp
2022-10-16 16:07:02 [http-nio-8081-exec-8] INFO  com.capstone.aspect.LoggerAspect - Method arguments:[Ljava.lang.Object;@d3e3c62
2022-10-16 16:07:02 [http-nio-8081-exec-8] INFO  com.capstone.aspect.LoggerAspect - *************************************
2022-10-16 16:07:02 [http-nio-8081-exec-8] INFO  com.capstone.aspect.LoggerAspect - During: class com.capstone.service.EmiServiceImp.getEmiData() with arguments=emi [s_no=10, loanaccno=202211051, loan_status=active, emi_amount=11973.122, upcomming_payment_date=2023-06-07, remaining_amount=435281.16]
2022-10-16 16:07:02 [http-nio-8081-exec-8] INFO  com.capstone.aspect.LoggerAspect - *************************************
2022-10-16 16:07:02 [http-nio-8081-exec-8] INFO  com.capstone.aspect.LoggerAspect - During: class com.capstone.controller.EmiController.getemiofAccount() with arguments=<200 OK OK,emi [s_no=10, loanaccno=202211051, loan_status=active, emi_amount=11973.122, upcomming_payment_date=2023-06-07, remaining_amount=435281.16],[]>
2022-10-16 16:07:02 [http-nio-8081-exec-8] INFO  com.capstone.aspect.LoggerAspect - *************************************
2022-10-16 16:07:50 [http-nio-8081-exec-1] INFO  com.capstone.aspect.LoggerAspect - Method name: com.capstone.controller.EmiController
2022-10-16 16:07:50 [http-nio-8081-exec-1] INFO  com.capstone.aspect.LoggerAspect - Method arguments:[Ljava.lang.Object;@be821f2
2022-10-16 16:07:50 [http-nio-8081-exec-1] INFO  com.capstone.aspect.LoggerAspect - *************************************
2022-10-16 16:07:50 [http-nio-8081-exec-1] INFO  com.capstone.aspect.LoggerAspect - Method name: com.capstone.service.EmiServiceImp
2022-10-16 16:07:50 [http-nio-8081-exec-1] INFO  com.capstone.aspect.LoggerAspect - Method arguments:[Ljava.lang.Object;@605a71de
2022-10-16 16:07:50 [http-nio-8081-exec-1] INFO  com.capstone.aspect.LoggerAspect - *************************************
2022-10-16 16:07:50 [http-nio-8081-exec-1] INFO  com.capstone.aspect.LoggerAspect - During: class com.capstone.service.EmiServiceImp.getEmiData() with arguments=emi [s_no=10, loanaccno=202211051, loan_status=active, emi_amount=11973.122, upcomming_payment_date=2023-06-07, remaining_amount=435281.16]
2022-10-16 16:07:50 [http-nio-8081-exec-1] INFO  com.capstone.aspect.LoggerAspect - *************************************
2022-10-16 16:07:50 [http-nio-8081-exec-1] INFO  com.capstone.aspect.LoggerAspect - Method name: com.capstone.service.EmiServiceImp
2022-10-16 16:07:50 [http-nio-8081-exec-1] INFO  com.capstone.aspect.LoggerAspect - Method arguments:[Ljava.lang.Object;@23049b25
2022-10-16 16:07:50 [http-nio-8081-exec-1] INFO  com.capstone.aspect.LoggerAspect - *************************************
2022-10-16 16:07:50 [http-nio-8081-exec-1] INFO  com.capstone.aspect.LoggerAspect - During: class com.capstone.service.EmiServiceImp.getEmiData() with arguments=emi [s_no=10, loanaccno=202211051, loan_status=active, emi_amount=11973.122, upcomming_payment_date=2023-06-07, remaining_amount=435281.16]
2022-10-16 16:07:50 [http-nio-8081-exec-1] INFO  com.capstone.aspect.LoggerAspect - *************************************
2022-10-16 16:07:50 [http-nio-8081-exec-1] INFO  com.capstone.aspect.LoggerAspect - During: class com.capstone.controller.EmiController.getemiofAccount() with arguments=<200 OK OK,emi [s_no=10, loanaccno=202211051, loan_status=active, emi_amount=11973.122, upcomming_payment_date=2023-06-07, remaining_amount=435281.16],[]>
2022-10-16 16:07:50 [http-nio-8081-exec-1] INFO  com.capstone.aspect.LoggerAspect - *************************************
2022-10-16 16:07:54 [http-nio-8081-exec-10] INFO  com.capstone.aspect.LoggerAspect - Method name: com.capstone.controller.EmiController
2022-10-16 16:07:54 [http-nio-8081-exec-10] INFO  com.capstone.aspect.LoggerAspect - Method arguments:[Ljava.lang.Object;@52964e18
2022-10-16 16:07:54 [http-nio-8081-exec-10] INFO  com.capstone.aspect.LoggerAspect - *************************************
2022-10-16 16:07:54 [http-nio-8081-exec-10] INFO  com.capstone.aspect.LoggerAspect - Method name: com.capstone.service.EmiServiceImp
2022-10-16 16:07:54 [http-nio-8081-exec-10] INFO  com.capstone.aspect.LoggerAspect - Method arguments:[Ljava.lang.Object;@4b99402b
2022-10-16 16:07:54 [http-nio-8081-exec-10] INFO  com.capstone.aspect.LoggerAspect - *************************************
2022-10-16 16:07:54 [http-nio-8081-exec-10] INFO  com.capstone.aspect.LoggerAspect - During: class com.capstone.service.EmiServiceImp.getEmiData() with arguments=emi [s_no=10, loanaccno=202211051, loan_status=active, emi_amount=11973.122, upcomming_payment_date=2023-06-07, remaining_amount=435281.16]
2022-10-16 16:07:54 [http-nio-8081-exec-10] INFO  com.capstone.aspect.LoggerAspect - *************************************
2022-10-16 16:07:54 [http-nio-8081-exec-10] INFO  com.capstone.aspect.LoggerAspect - Method name: com.capstone.service.EmiServiceImp
2022-10-16 16:07:54 [http-nio-8081-exec-10] INFO  com.capstone.aspect.LoggerAspect - Method arguments:[Ljava.lang.Object;@77593750
2022-10-16 16:07:54 [http-nio-8081-exec-10] INFO  com.capstone.aspect.LoggerAspect - *************************************
2022-10-16 16:07:54 [http-nio-8081-exec-10] INFO  com.capstone.aspect.LoggerAspect - During: class com.capstone.service.EmiServiceImp.getEmiData() with arguments=emi [s_no=10, loanaccno=202211051, loan_status=active, emi_amount=11973.122, upcomming_payment_date=2023-06-07, remaining_amount=435281.16]
2022-10-16 16:07:54 [http-nio-8081-exec-10] INFO  com.capstone.aspect.LoggerAspect - *************************************
2022-10-16 16:07:54 [http-nio-8081-exec-10] INFO  com.capstone.aspect.LoggerAspect - During: class com.capstone.controller.EmiController.getemiofAccount() with arguments=<200 OK OK,emi [s_no=10, loanaccno=202211051, loan_status=active, emi_amount=11973.122, upcomming_payment_date=2023-06-07, remaining_amount=435281.16],[]>
2022-10-16 16:07:54 [http-nio-8081-exec-10] INFO  com.capstone.aspect.LoggerAspect - *************************************
2022-10-16 16:08:02 [http-nio-8081-exec-2] INFO  com.capstone.aspect.LoggerAspect - Method name: com.capstone.controller.EmiController
2022-10-16 16:08:02 [http-nio-8081-exec-2] INFO  com.capstone.aspect.LoggerAspect - Method arguments:[Ljava.lang.Object;@3b73a46c
2022-10-16 16:08:02 [http-nio-8081-exec-2] INFO  com.capstone.aspect.LoggerAspect - *************************************
2022-10-16 16:08:02 [http-nio-8081-exec-2] INFO  com.capstone.aspect.LoggerAspect - Method name: com.capstone.service.EmiServiceImp
2022-10-16 16:08:02 [http-nio-8081-exec-2] INFO  com.capstone.aspect.LoggerAspect - Method arguments:[Ljava.lang.Object;@921d9c1
2022-10-16 16:08:02 [http-nio-8081-exec-2] INFO  com.capstone.aspect.LoggerAspect - *************************************
2022-10-16 16:08:02 [http-nio-8081-exec-2] INFO  com.capstone.aspect.LoggerAspect - During: class com.capstone.service.EmiServiceImp.updateEMI() with arguments=emi [s_no=10, loanaccno=202211051, loan_status=active, emi_amount=11973.122, upcomming_payment_date=2023-07-07, remaining_amount=425771.2]
2022-10-16 16:08:02 [http-nio-8081-exec-2] INFO  com.capstone.aspect.LoggerAspect - *************************************
2022-10-16 16:08:02 [http-nio-8081-exec-2] INFO  com.capstone.aspect.LoggerAspect - During: class com.capstone.controller.EmiController.updateEMI() with arguments=<200 OK OK,{message=emi updated},[]>
2022-10-16 16:08:02 [http-nio-8081-exec-2] INFO  com.capstone.aspect.LoggerAspect - *************************************
2022-10-16 16:08:40 [http-nio-8081-exec-4] INFO  com.capstone.aspect.LoggerAspect - Method name: com.capstone.controller.EmiController
2022-10-16 16:08:40 [http-nio-8081-exec-4] INFO  com.capstone.aspect.LoggerAspect - Method arguments:[Ljava.lang.Object;@1851c8af
2022-10-16 16:08:40 [http-nio-8081-exec-4] INFO  com.capstone.aspect.LoggerAspect - *************************************
2022-10-16 16:08:40 [http-nio-8081-exec-4] INFO  com.capstone.aspect.LoggerAspect - Method name: com.capstone.service.EmiServiceImp
2022-10-16 16:08:40 [http-nio-8081-exec-4] INFO  com.capstone.aspect.LoggerAspect - Method arguments:[Ljava.lang.Object;@3a43e99b
2022-10-16 16:08:40 [http-nio-8081-exec-4] INFO  com.capstone.aspect.LoggerAspect - *************************************
2022-10-16 16:08:40 [http-nio-8081-exec-4] INFO  com.capstone.aspect.LoggerAspect - During: class com.capstone.service.EmiServiceImp.getEmiData() with arguments=emi [s_no=10, loanaccno=202211051, loan_status=active, emi_amount=11973.122, upcomming_payment_date=2023-07-07, remaining_amount=425771.2]
2022-10-16 16:08:40 [http-nio-8081-exec-4] INFO  com.capstone.aspect.LoggerAspect - *************************************
2022-10-16 16:08:40 [http-nio-8081-exec-4] INFO  com.capstone.aspect.LoggerAspect - Method name: com.capstone.service.EmiServiceImp
2022-10-16 16:08:40 [http-nio-8081-exec-4] INFO  com.capstone.aspect.LoggerAspect - Method arguments:[Ljava.lang.Object;@6be1baa0
2022-10-16 16:08:40 [http-nio-8081-exec-4] INFO  com.capstone.aspect.LoggerAspect - *************************************
2022-10-16 16:08:40 [http-nio-8081-exec-4] INFO  com.capstone.aspect.LoggerAspect - During: class com.capstone.service.EmiServiceImp.getEmiData() with arguments=emi [s_no=10, loanaccno=202211051, loan_status=active, emi_amount=11973.122, upcomming_payment_date=2023-07-07, remaining_amount=425771.2]
2022-10-16 16:08:40 [http-nio-8081-exec-4] INFO  com.capstone.aspect.LoggerAspect - *************************************
2022-10-16 16:08:40 [http-nio-8081-exec-4] INFO  com.capstone.aspect.LoggerAspect - During: class com.capstone.controller.EmiController.getemiofAccount() with arguments=<200 OK OK,emi [s_no=10, loanaccno=202211051, loan_status=active, emi_amount=11973.122, upcomming_payment_date=2023-07-07, remaining_amount=425771.2],[]>
2022-10-16 16:08:40 [http-nio-8081-exec-4] INFO  com.capstone.aspect.LoggerAspect - *************************************
2022-10-16 16:08:41 [http-nio-8081-exec-3] INFO  com.capstone.aspect.LoggerAspect - Method name: com.capstone.controller.EmiController
2022-10-16 16:08:41 [http-nio-8081-exec-3] INFO  com.capstone.aspect.LoggerAspect - Method arguments:[Ljava.lang.Object;@62408faa
2022-10-16 16:08:41 [http-nio-8081-exec-3] INFO  com.capstone.aspect.LoggerAspect - *************************************
2022-10-16 16:08:41 [http-nio-8081-exec-3] INFO  com.capstone.aspect.LoggerAspect - Method name: com.capstone.service.EmiServiceImp
2022-10-16 16:08:41 [http-nio-8081-exec-3] INFO  com.capstone.aspect.LoggerAspect - Method arguments:[Ljava.lang.Object;@2fb5b155
2022-10-16 16:08:41 [http-nio-8081-exec-3] INFO  com.capstone.aspect.LoggerAspect - *************************************
2022-10-16 16:08:41 [http-nio-8081-exec-3] INFO  com.capstone.aspect.LoggerAspect - During: class com.capstone.service.EmiServiceImp.getEmiData() with arguments=emi [s_no=10, loanaccno=202211051, loan_status=active, emi_amount=11973.122, upcomming_payment_date=2023-07-07, remaining_amount=425771.2]
2022-10-16 16:08:41 [http-nio-8081-exec-3] INFO  com.capstone.aspect.LoggerAspect - *************************************
2022-10-16 16:08:41 [http-nio-8081-exec-3] INFO  com.capstone.aspect.LoggerAspect - Method name: com.capstone.service.EmiServiceImp
2022-10-16 16:08:41 [http-nio-8081-exec-3] INFO  com.capstone.aspect.LoggerAspect - Method arguments:[Ljava.lang.Object;@267e8ef0
2022-10-16 16:08:41 [http-nio-8081-exec-3] INFO  com.capstone.aspect.LoggerAspect - *************************************
2022-10-16 16:08:41 [http-nio-8081-exec-3] INFO  com.capstone.aspect.LoggerAspect - During: class com.capstone.service.EmiServiceImp.getEmiData() with arguments=emi [s_no=10, loanaccno=202211051, loan_status=active, emi_amount=11973.122, upcomming_payment_date=2023-07-07, remaining_amount=425771.2]
2022-10-16 16:08:41 [http-nio-8081-exec-3] INFO  com.capstone.aspect.LoggerAspect - *************************************
2022-10-16 16:08:41 [http-nio-8081-exec-3] INFO  com.capstone.aspect.LoggerAspect - During: class com.capstone.controller.EmiController.getemiofAccount() with arguments=<200 OK OK,emi [s_no=10, loanaccno=202211051, loan_status=active, emi_amount=11973.122, upcomming_payment_date=2023-07-07, remaining_amount=425771.2],[]>
2022-10-16 16:08:41 [http-nio-8081-exec-3] INFO  com.capstone.aspect.LoggerAspect - *************************************
2022-10-16 16:08:48 [http-nio-8081-exec-5] INFO  com.capstone.aspect.LoggerAspect - Method name: com.capstone.controller.EmiController
2022-10-16 16:08:48 [http-nio-8081-exec-5] INFO  com.capstone.aspect.LoggerAspect - Method arguments:[Ljava.lang.Object;@9e299b4
2022-10-16 16:08:48 [http-nio-8081-exec-5] INFO  com.capstone.aspect.LoggerAspect - *************************************
2022-10-16 16:08:48 [http-nio-8081-exec-5] INFO  com.capstone.aspect.LoggerAspect - Method name: com.capstone.service.EmiServiceImp
2022-10-16 16:08:48 [http-nio-8081-exec-5] INFO  com.capstone.aspect.LoggerAspect - Method arguments:[Ljava.lang.Object;@6650c32e
2022-10-16 16:08:48 [http-nio-8081-exec-5] INFO  com.capstone.aspect.LoggerAspect - *************************************
2022-10-16 16:08:48 [http-nio-8081-exec-5] INFO  com.capstone.aspect.LoggerAspect - During: class com.capstone.service.EmiServiceImp.updateEMI() with arguments=emi [s_no=10, loanaccno=202211051, loan_status=active, emi_amount=11973.122, upcomming_payment_date=2023-08-07, remaining_amount=416047.75]
2022-10-16 16:08:48 [http-nio-8081-exec-5] INFO  com.capstone.aspect.LoggerAspect - *************************************
2022-10-16 16:08:48 [http-nio-8081-exec-5] INFO  com.capstone.aspect.LoggerAspect - During: class com.capstone.controller.EmiController.updateEMI() with arguments=<200 OK OK,{message=emi updated},[]>
2022-10-16 16:08:48 [http-nio-8081-exec-5] INFO  com.capstone.aspect.LoggerAspect - *************************************
2022-10-16 16:08:51 [http-nio-8081-exec-6] WARN  o.s.w.s.m.s.DefaultHandlerExceptionResolver - Resolved [org.springframework.web.method.annotation.MethodArgumentTypeMismatchException: Failed to convert value of type 'java.lang.String' to required type 'int'; nested exception is java.lang.NumberFormatException: For input string: "undefined"]
2022-10-16 16:08:51 [http-nio-8081-exec-7] INFO  com.capstone.aspect.LoggerAspect - Method name: com.capstone.controller.EmiController
2022-10-16 16:08:51 [http-nio-8081-exec-7] INFO  com.capstone.aspect.LoggerAspect - Method arguments:[Ljava.lang.Object;@29431141
2022-10-16 16:08:51 [http-nio-8081-exec-7] INFO  com.capstone.aspect.LoggerAspect - *************************************
2022-10-16 16:08:51 [http-nio-8081-exec-7] INFO  com.capstone.aspect.LoggerAspect - Method name: com.capstone.service.EmiServiceImp
2022-10-16 16:08:51 [http-nio-8081-exec-7] INFO  com.capstone.aspect.LoggerAspect - Method arguments:[Ljava.lang.Object;@7671f57e
2022-10-16 16:08:51 [http-nio-8081-exec-7] INFO  com.capstone.aspect.LoggerAspect - *************************************
2022-10-16 16:08:51 [http-nio-8081-exec-7] INFO  com.capstone.aspect.LoggerAspect - During: class com.capstone.service.EmiServiceImp.getEmiData() with arguments=emi [s_no=10, loanaccno=202211051, loan_status=active, emi_amount=11973.122, upcomming_payment_date=2023-08-07, remaining_amount=416047.75]
2022-10-16 16:08:51 [http-nio-8081-exec-7] INFO  com.capstone.aspect.LoggerAspect - *************************************
2022-10-16 16:08:51 [http-nio-8081-exec-7] INFO  com.capstone.aspect.LoggerAspect - Method name: com.capstone.service.EmiServiceImp
2022-10-16 16:08:51 [http-nio-8081-exec-7] INFO  com.capstone.aspect.LoggerAspect - Method arguments:[Ljava.lang.Object;@37aa400d
2022-10-16 16:08:51 [http-nio-8081-exec-7] INFO  com.capstone.aspect.LoggerAspect - *************************************
2022-10-16 16:08:51 [http-nio-8081-exec-7] INFO  com.capstone.aspect.LoggerAspect - During: class com.capstone.service.EmiServiceImp.getEmiData() with arguments=emi [s_no=10, loanaccno=202211051, loan_status=active, emi_amount=11973.122, upcomming_payment_date=2023-08-07, remaining_amount=416047.75]
2022-10-16 16:08:51 [http-nio-8081-exec-7] INFO  com.capstone.aspect.LoggerAspect - *************************************
2022-10-16 16:08:51 [http-nio-8081-exec-7] INFO  com.capstone.aspect.LoggerAspect - During: class com.capstone.controller.EmiController.getemiofAccount() with arguments=<200 OK OK,emi [s_no=10, loanaccno=202211051, loan_status=active, emi_amount=11973.122, upcomming_payment_date=2023-08-07, remaining_amount=416047.75],[]>
2022-10-16 16:08:51 [http-nio-8081-exec-7] INFO  com.capstone.aspect.LoggerAspect - *************************************
2022-10-16 16:09:30 [AsyncResolver-bootstrap-executor-0] INFO  c.n.d.s.r.aws.ConfigClusterResolver - Resolving eureka endpoints via configuration
2022-10-16 16:10:01 [http-nio-8081-exec-8] INFO  com.capstone.aspect.LoggerAspect - Method name: com.capstone.controller.EmiController
2022-10-16 16:10:01 [http-nio-8081-exec-8] INFO  com.capstone.aspect.LoggerAspect - Method arguments:[Ljava.lang.Object;@48f37840
2022-10-16 16:10:01 [http-nio-8081-exec-8] INFO  com.capstone.aspect.LoggerAspect - *************************************
2022-10-16 16:10:01 [http-nio-8081-exec-8] INFO  com.capstone.aspect.LoggerAspect - Method name: com.capstone.service.EmiServiceImp
2022-10-16 16:10:01 [http-nio-8081-exec-8] INFO  com.capstone.aspect.LoggerAspect - Method arguments:[Ljava.lang.Object;@154d98eb
2022-10-16 16:10:01 [http-nio-8081-exec-8] INFO  com.capstone.aspect.LoggerAspect - *************************************
2022-10-16 16:10:01 [http-nio-8081-exec-8] INFO  com.capstone.aspect.LoggerAspect - During: class com.capstone.service.EmiServiceImp.getEmiData() with arguments=emi [s_no=10, loanaccno=202211051, loan_status=active, emi_amount=11973.122, upcomming_payment_date=2023-08-07, remaining_amount=416047.75]
2022-10-16 16:10:01 [http-nio-8081-exec-8] INFO  com.capstone.aspect.LoggerAspect - *************************************
2022-10-16 16:10:01 [http-nio-8081-exec-8] INFO  com.capstone.aspect.LoggerAspect - Method name: com.capstone.service.EmiServiceImp
2022-10-16 16:10:01 [http-nio-8081-exec-8] INFO  com.capstone.aspect.LoggerAspect - Method arguments:[Ljava.lang.Object;@6d77575b
2022-10-16 16:10:01 [http-nio-8081-exec-8] INFO  com.capstone.aspect.LoggerAspect - *************************************
2022-10-16 16:10:01 [http-nio-8081-exec-8] INFO  com.capstone.aspect.LoggerAspect - During: class com.capstone.service.EmiServiceImp.getEmiData() with arguments=emi [s_no=10, loanaccno=202211051, loan_status=active, emi_amount=11973.122, upcomming_payment_date=2023-08-07, remaining_amount=416047.75]
2022-10-16 16:10:01 [http-nio-8081-exec-8] INFO  com.capstone.aspect.LoggerAspect - *************************************
2022-10-16 16:10:01 [http-nio-8081-exec-8] INFO  com.capstone.aspect.LoggerAspect - During: class com.capstone.controller.EmiController.getemiofAccount() with arguments=<200 OK OK,emi [s_no=10, loanaccno=202211051, loan_status=active, emi_amount=11973.122, upcomming_payment_date=2023-08-07, remaining_amount=416047.75],[]>
2022-10-16 16:10:01 [http-nio-8081-exec-8] INFO  com.capstone.aspect.LoggerAspect - *************************************
2022-10-16 16:10:03 [http-nio-8081-exec-1] INFO  com.capstone.aspect.LoggerAspect - Method name: com.capstone.controller.EmiController
2022-10-16 16:10:03 [http-nio-8081-exec-1] INFO  com.capstone.aspect.LoggerAspect - Method arguments:[Ljava.lang.Object;@215a0a5d
2022-10-16 16:10:03 [http-nio-8081-exec-1] INFO  com.capstone.aspect.LoggerAspect - *************************************
2022-10-16 16:10:03 [http-nio-8081-exec-1] INFO  com.capstone.aspect.LoggerAspect - Method name: com.capstone.service.EmiServiceImp
2022-10-16 16:10:03 [http-nio-8081-exec-1] INFO  com.capstone.aspect.LoggerAspect - Method arguments:[Ljava.lang.Object;@155e44c2
2022-10-16 16:10:03 [http-nio-8081-exec-1] INFO  com.capstone.aspect.LoggerAspect - *************************************
2022-10-16 16:10:03 [http-nio-8081-exec-1] INFO  com.capstone.aspect.LoggerAspect - During: class com.capstone.service.EmiServiceImp.getEmiData() with arguments=emi [s_no=10, loanaccno=202211051, loan_status=active, emi_amount=11973.122, upcomming_payment_date=2023-08-07, remaining_amount=416047.75]
2022-10-16 16:10:03 [http-nio-8081-exec-1] INFO  com.capstone.aspect.LoggerAspect - *************************************
2022-10-16 16:10:03 [http-nio-8081-exec-1] INFO  com.capstone.aspect.LoggerAspect - Method name: com.capstone.service.EmiServiceImp
2022-10-16 16:10:03 [http-nio-8081-exec-1] INFO  com.capstone.aspect.LoggerAspect - Method arguments:[Ljava.lang.Object;@5fea753a
2022-10-16 16:10:03 [http-nio-8081-exec-1] INFO  com.capstone.aspect.LoggerAspect - *************************************
2022-10-16 16:10:03 [http-nio-8081-exec-1] INFO  com.capstone.aspect.LoggerAspect - During: class com.capstone.service.EmiServiceImp.getEmiData() with arguments=emi [s_no=10, loanaccno=202211051, loan_status=active, emi_amount=11973.122, upcomming_payment_date=2023-08-07, remaining_amount=416047.75]
2022-10-16 16:10:03 [http-nio-8081-exec-1] INFO  com.capstone.aspect.LoggerAspect - *************************************
2022-10-16 16:10:03 [http-nio-8081-exec-1] INFO  com.capstone.aspect.LoggerAspect - During: class com.capstone.controller.EmiController.getemiofAccount() with arguments=<200 OK OK,emi [s_no=10, loanaccno=202211051, loan_status=active, emi_amount=11973.122, upcomming_payment_date=2023-08-07, remaining_amount=416047.75],[]>
2022-10-16 16:10:03 [http-nio-8081-exec-1] INFO  com.capstone.aspect.LoggerAspect - *************************************
2022-10-16 16:10:13 [http-nio-8081-exec-10] INFO  com.capstone.aspect.LoggerAspect - Method name: com.capstone.controller.EmiController
2022-10-16 16:10:13 [http-nio-8081-exec-10] INFO  com.capstone.aspect.LoggerAspect - Method arguments:[Ljava.lang.Object;@2ee8a319
2022-10-16 16:10:13 [http-nio-8081-exec-10] INFO  com.capstone.aspect.LoggerAspect - *************************************
2022-10-16 16:10:13 [http-nio-8081-exec-10] INFO  com.capstone.aspect.LoggerAspect - Method name: com.capstone.service.EmiServiceImp
2022-10-16 16:10:13 [http-nio-8081-exec-10] INFO  com.capstone.aspect.LoggerAspect - Method arguments:[Ljava.lang.Object;@65d4c321
2022-10-16 16:10:13 [http-nio-8081-exec-10] INFO  com.capstone.aspect.LoggerAspect - *************************************
2022-10-16 16:10:13 [http-nio-8081-exec-10] INFO  com.capstone.aspect.LoggerAspect - During: class com.capstone.service.EmiServiceImp.updateEMI() with arguments=emi [s_no=10, loanaccno=202211051, loan_status=active, emi_amount=11973.122, upcomming_payment_date=2023-09-07, remaining_amount=405614.56]
2022-10-16 16:10:13 [http-nio-8081-exec-10] INFO  com.capstone.aspect.LoggerAspect - *************************************
2022-10-16 16:10:13 [http-nio-8081-exec-10] INFO  com.capstone.aspect.LoggerAspect - During: class com.capstone.controller.EmiController.updateEMI() with arguments=<200 OK OK,{message=emi updated},[]>
2022-10-16 16:10:13 [http-nio-8081-exec-10] INFO  com.capstone.aspect.LoggerAspect - *************************************
2022-10-16 16:10:27 [http-nio-8081-exec-2] WARN  o.s.w.s.m.s.DefaultHandlerExceptionResolver - Resolved [org.springframework.web.method.annotation.MethodArgumentTypeMismatchException: Failed to convert value of type 'java.lang.String' to required type 'int'; nested exception is java.lang.NumberFormatException: For input string: "undefined"]
2022-10-16 16:10:27 [http-nio-8081-exec-4] INFO  com.capstone.aspect.LoggerAspect - Method name: com.capstone.controller.EmiController
2022-10-16 16:10:27 [http-nio-8081-exec-4] INFO  com.capstone.aspect.LoggerAspect - Method arguments:[Ljava.lang.Object;@36376716
2022-10-16 16:10:27 [http-nio-8081-exec-4] INFO  com.capstone.aspect.LoggerAspect - *************************************
2022-10-16 16:10:27 [http-nio-8081-exec-4] INFO  com.capstone.aspect.LoggerAspect - Method name: com.capstone.service.EmiServiceImp
2022-10-16 16:10:27 [http-nio-8081-exec-4] INFO  com.capstone.aspect.LoggerAspect - Method arguments:[Ljava.lang.Object;@41a44f36
2022-10-16 16:10:27 [http-nio-8081-exec-4] INFO  com.capstone.aspect.LoggerAspect - *************************************
2022-10-16 16:10:27 [http-nio-8081-exec-4] INFO  com.capstone.aspect.LoggerAspect - During: class com.capstone.service.EmiServiceImp.getEmiData() with arguments=emi [s_no=10, loanaccno=202211051, loan_status=active, emi_amount=11973.122, upcomming_payment_date=2023-09-07, remaining_amount=405614.56]
2022-10-16 16:10:27 [http-nio-8081-exec-4] INFO  com.capstone.aspect.LoggerAspect - *************************************
2022-10-16 16:10:27 [http-nio-8081-exec-4] INFO  com.capstone.aspect.LoggerAspect - Method name: com.capstone.service.EmiServiceImp
2022-10-16 16:10:27 [http-nio-8081-exec-4] INFO  com.capstone.aspect.LoggerAspect - Method arguments:[Ljava.lang.Object;@531cee6e
2022-10-16 16:10:27 [http-nio-8081-exec-4] INFO  com.capstone.aspect.LoggerAspect - *************************************
2022-10-16 16:10:27 [http-nio-8081-exec-4] INFO  com.capstone.aspect.LoggerAspect - During: class com.capstone.service.EmiServiceImp.getEmiData() with arguments=emi [s_no=10, loanaccno=202211051, loan_status=active, emi_amount=11973.122, upcomming_payment_date=2023-09-07, remaining_amount=405614.56]
2022-10-16 16:10:27 [http-nio-8081-exec-4] INFO  com.capstone.aspect.LoggerAspect - *************************************
2022-10-16 16:10:27 [http-nio-8081-exec-4] INFO  com.capstone.aspect.LoggerAspect - During: class com.capstone.controller.EmiController.getemiofAccount() with arguments=<200 OK OK,emi [s_no=10, loanaccno=202211051, loan_status=active, emi_amount=11973.122, upcomming_payment_date=2023-09-07, remaining_amount=405614.56],[]>
2022-10-16 16:10:27 [http-nio-8081-exec-4] INFO  com.capstone.aspect.LoggerAspect - *************************************
2022-10-16 16:10:39 [http-nio-8081-exec-3] WARN  o.s.w.s.m.s.DefaultHandlerExceptionResolver - Resolved [org.springframework.web.method.annotation.MethodArgumentTypeMismatchException: Failed to convert value of type 'java.lang.String' to required type 'int'; nested exception is java.lang.NumberFormatException: For input string: "undefined"]
2022-10-16 16:10:39 [http-nio-8081-exec-5] INFO  com.capstone.aspect.LoggerAspect - Method name: com.capstone.controller.EmiController
2022-10-16 16:10:39 [http-nio-8081-exec-5] INFO  com.capstone.aspect.LoggerAspect - Method arguments:[Ljava.lang.Object;@4b04b978
2022-10-16 16:10:39 [http-nio-8081-exec-5] INFO  com.capstone.aspect.LoggerAspect - *************************************
2022-10-16 16:10:39 [http-nio-8081-exec-5] INFO  com.capstone.aspect.LoggerAspect - Method name: com.capstone.service.EmiServiceImp
2022-10-16 16:10:39 [http-nio-8081-exec-5] INFO  com.capstone.aspect.LoggerAspect - Method arguments:[Ljava.lang.Object;@19cfc975
2022-10-16 16:10:39 [http-nio-8081-exec-5] INFO  com.capstone.aspect.LoggerAspect - *************************************
2022-10-16 16:10:39 [http-nio-8081-exec-5] INFO  com.capstone.aspect.LoggerAspect - During: class com.capstone.service.EmiServiceImp.getEmiData() with arguments=emi [s_no=10, loanaccno=202211051, loan_status=active, emi_amount=11973.122, upcomming_payment_date=2023-09-07, remaining_amount=405614.56]
2022-10-16 16:10:39 [http-nio-8081-exec-5] INFO  com.capstone.aspect.LoggerAspect - *************************************
2022-10-16 16:10:39 [http-nio-8081-exec-5] INFO  com.capstone.aspect.LoggerAspect - Method name: com.capstone.service.EmiServiceImp
2022-10-16 16:10:39 [http-nio-8081-exec-5] INFO  com.capstone.aspect.LoggerAspect - Method arguments:[Ljava.lang.Object;@770a67d
2022-10-16 16:10:39 [http-nio-8081-exec-5] INFO  com.capstone.aspect.LoggerAspect - *************************************
2022-10-16 16:10:39 [http-nio-8081-exec-5] INFO  com.capstone.aspect.LoggerAspect - During: class com.capstone.service.EmiServiceImp.getEmiData() with arguments=emi [s_no=10, loanaccno=202211051, loan_status=active, emi_amount=11973.122, upcomming_payment_date=2023-09-07, remaining_amount=405614.56]
2022-10-16 16:10:39 [http-nio-8081-exec-5] INFO  com.capstone.aspect.LoggerAspect - *************************************
2022-10-16 16:10:39 [http-nio-8081-exec-5] INFO  com.capstone.aspect.LoggerAspect - During: class com.capstone.controller.EmiController.getemiofAccount() with arguments=<200 OK OK,emi [s_no=10, loanaccno=202211051, loan_status=active, emi_amount=11973.122, upcomming_payment_date=2023-09-07, remaining_amount=405614.56],[]>
2022-10-16 16:10:39 [http-nio-8081-exec-5] INFO  com.capstone.aspect.LoggerAspect - *************************************
2022-10-16 16:12:51 [http-nio-8081-exec-7] INFO  com.capstone.aspect.LoggerAspect - Method name: com.capstone.controller.EmiController
2022-10-16 16:12:51 [http-nio-8081-exec-7] INFO  com.capstone.aspect.LoggerAspect - Method arguments:[Ljava.lang.Object;@43912d45
2022-10-16 16:12:51 [http-nio-8081-exec-7] INFO  com.capstone.aspect.LoggerAspect - *************************************
2022-10-16 16:12:51 [http-nio-8081-exec-7] INFO  com.capstone.aspect.LoggerAspect - Method name: com.capstone.service.EmiServiceImp
2022-10-16 16:12:51 [http-nio-8081-exec-7] INFO  com.capstone.aspect.LoggerAspect - Method arguments:[Ljava.lang.Object;@4b87c0c3
2022-10-16 16:12:51 [http-nio-8081-exec-7] INFO  com.capstone.aspect.LoggerAspect - *************************************
2022-10-16 16:12:51 [http-nio-8081-exec-7] INFO  com.capstone.aspect.LoggerAspect - During: class com.capstone.service.EmiServiceImp.getEmiData() with arguments=emi [s_no=10, loanaccno=202211051, loan_status=active, emi_amount=11973.122, upcomming_payment_date=2023-09-07, remaining_amount=405614.56]
2022-10-16 16:12:51 [http-nio-8081-exec-7] INFO  com.capstone.aspect.LoggerAspect - *************************************
2022-10-16 16:12:51 [http-nio-8081-exec-7] INFO  com.capstone.aspect.LoggerAspect - Method name: com.capstone.service.EmiServiceImp
2022-10-16 16:12:51 [http-nio-8081-exec-7] INFO  com.capstone.aspect.LoggerAspect - Method arguments:[Ljava.lang.Object;@718af71d
2022-10-16 16:12:51 [http-nio-8081-exec-7] INFO  com.capstone.aspect.LoggerAspect - *************************************
2022-10-16 16:12:51 [http-nio-8081-exec-7] INFO  com.capstone.aspect.LoggerAspect - During: class com.capstone.service.EmiServiceImp.getEmiData() with arguments=emi [s_no=10, loanaccno=202211051, loan_status=active, emi_amount=11973.122, upcomming_payment_date=2023-09-07, remaining_amount=405614.56]
2022-10-16 16:12:51 [http-nio-8081-exec-7] INFO  com.capstone.aspect.LoggerAspect - *************************************
2022-10-16 16:12:51 [http-nio-8081-exec-7] INFO  com.capstone.aspect.LoggerAspect - During: class com.capstone.controller.EmiController.getemiofAccount() with arguments=<200 OK OK,emi [s_no=10, loanaccno=202211051, loan_status=active, emi_amount=11973.122, upcomming_payment_date=2023-09-07, remaining_amount=405614.56],[]>
2022-10-16 16:12:51 [http-nio-8081-exec-7] INFO  com.capstone.aspect.LoggerAspect - *************************************
2022-10-16 16:12:54 [http-nio-8081-exec-9] INFO  com.capstone.aspect.LoggerAspect - Method name: com.capstone.controller.EmiController
2022-10-16 16:12:54 [http-nio-8081-exec-9] INFO  com.capstone.aspect.LoggerAspect - Method arguments:[Ljava.lang.Object;@b72b03c
2022-10-16 16:12:54 [http-nio-8081-exec-9] INFO  com.capstone.aspect.LoggerAspect - *************************************
2022-10-16 16:12:54 [http-nio-8081-exec-9] INFO  com.capstone.aspect.LoggerAspect - Method name: com.capstone.service.EmiServiceImp
2022-10-16 16:12:54 [http-nio-8081-exec-9] INFO  com.capstone.aspect.LoggerAspect - Method arguments:[Ljava.lang.Object;@47ef1c55
2022-10-16 16:12:54 [http-nio-8081-exec-9] INFO  com.capstone.aspect.LoggerAspect - *************************************
2022-10-16 16:12:54 [http-nio-8081-exec-9] INFO  com.capstone.aspect.LoggerAspect - During: class com.capstone.service.EmiServiceImp.getEmiData() with arguments=emi [s_no=10, loanaccno=202211051, loan_status=active, emi_amount=11973.122, upcomming_payment_date=2023-09-07, remaining_amount=405614.56]
2022-10-16 16:12:54 [http-nio-8081-exec-9] INFO  com.capstone.aspect.LoggerAspect - *************************************
2022-10-16 16:12:54 [http-nio-8081-exec-9] INFO  com.capstone.aspect.LoggerAspect - Method name: com.capstone.service.EmiServiceImp
2022-10-16 16:12:54 [http-nio-8081-exec-9] INFO  com.capstone.aspect.LoggerAspect - Method arguments:[Ljava.lang.Object;@370c14c4
2022-10-16 16:12:54 [http-nio-8081-exec-9] INFO  com.capstone.aspect.LoggerAspect - *************************************
2022-10-16 16:12:54 [http-nio-8081-exec-9] INFO  com.capstone.aspect.LoggerAspect - During: class com.capstone.service.EmiServiceImp.getEmiData() with arguments=emi [s_no=10, loanaccno=202211051, loan_status=active, emi_amount=11973.122, upcomming_payment_date=2023-09-07, remaining_amount=405614.56]
2022-10-16 16:12:54 [http-nio-8081-exec-9] INFO  com.capstone.aspect.LoggerAspect - *************************************
2022-10-16 16:12:54 [http-nio-8081-exec-9] INFO  com.capstone.aspect.LoggerAspect - During: class com.capstone.controller.EmiController.getemiofAccount() with arguments=<200 OK OK,emi [s_no=10, loanaccno=202211051, loan_status=active, emi_amount=11973.122, upcomming_payment_date=2023-09-07, remaining_amount=405614.56],[]>
2022-10-16 16:12:54 [http-nio-8081-exec-9] INFO  com.capstone.aspect.LoggerAspect - *************************************
2022-10-16 16:13:04 [http-nio-8081-exec-8] INFO  com.capstone.aspect.LoggerAspect - Method name: com.capstone.controller.EmiController
2022-10-16 16:13:04 [http-nio-8081-exec-8] INFO  com.capstone.aspect.LoggerAspect - Method arguments:[Ljava.lang.Object;@6f84161e
2022-10-16 16:13:04 [http-nio-8081-exec-8] INFO  com.capstone.aspect.LoggerAspect - *************************************
2022-10-16 16:13:04 [http-nio-8081-exec-8] INFO  com.capstone.aspect.LoggerAspect - Method name: com.capstone.service.EmiServiceImp
2022-10-16 16:13:04 [http-nio-8081-exec-8] INFO  com.capstone.aspect.LoggerAspect - Method arguments:[Ljava.lang.Object;@4eb53ff3
2022-10-16 16:13:04 [http-nio-8081-exec-8] INFO  com.capstone.aspect.LoggerAspect - *************************************
2022-10-16 16:13:04 [http-nio-8081-exec-8] INFO  com.capstone.aspect.LoggerAspect - During: class com.capstone.service.EmiServiceImp.updateEMI() with arguments=emi [s_no=10, loanaccno=202211051, loan_status=active, emi_amount=11973.122, upcomming_payment_date=2023-10-07, remaining_amount=396006.53]
2022-10-16 16:13:04 [http-nio-8081-exec-8] INFO  com.capstone.aspect.LoggerAspect - *************************************
2022-10-16 16:13:04 [http-nio-8081-exec-8] INFO  com.capstone.aspect.LoggerAspect - During: class com.capstone.controller.EmiController.updateEMI() with arguments=<200 OK OK,{message=emi updated},[]>
2022-10-16 16:13:04 [http-nio-8081-exec-8] INFO  com.capstone.aspect.LoggerAspect - *************************************
2022-10-16 16:13:07 [http-nio-8081-exec-1] INFO  com.capstone.aspect.LoggerAspect - Method name: com.capstone.controller.EmiController
2022-10-16 16:13:07 [http-nio-8081-exec-1] INFO  com.capstone.aspect.LoggerAspect - Method arguments:[Ljava.lang.Object;@796f6e57
2022-10-16 16:13:07 [http-nio-8081-exec-1] INFO  com.capstone.aspect.LoggerAspect - *************************************
2022-10-16 16:13:07 [http-nio-8081-exec-1] INFO  com.capstone.aspect.LoggerAspect - Method name: com.capstone.service.EmiServiceImp
2022-10-16 16:13:07 [http-nio-8081-exec-1] INFO  com.capstone.aspect.LoggerAspect - Method arguments:[Ljava.lang.Object;@9332678
2022-10-16 16:13:07 [http-nio-8081-exec-1] INFO  com.capstone.aspect.LoggerAspect - *************************************
2022-10-16 16:13:07 [http-nio-8081-exec-1] INFO  com.capstone.aspect.LoggerAspect - During: class com.capstone.service.EmiServiceImp.getEmiData() with arguments=emi [s_no=10, loanaccno=202211051, loan_status=active, emi_amount=11973.122, upcomming_payment_date=2023-10-07, remaining_amount=396006.53]
2022-10-16 16:13:07 [http-nio-8081-exec-1] INFO  com.capstone.aspect.LoggerAspect - *************************************
2022-10-16 16:13:07 [http-nio-8081-exec-1] INFO  com.capstone.aspect.LoggerAspect - Method name: com.capstone.service.EmiServiceImp
2022-10-16 16:13:07 [http-nio-8081-exec-1] INFO  com.capstone.aspect.LoggerAspect - Method arguments:[Ljava.lang.Object;@4574b521
2022-10-16 16:13:07 [http-nio-8081-exec-1] INFO  com.capstone.aspect.LoggerAspect - *************************************
2022-10-16 16:13:07 [http-nio-8081-exec-1] INFO  com.capstone.aspect.LoggerAspect - During: class com.capstone.service.EmiServiceImp.getEmiData() with arguments=emi [s_no=10, loanaccno=202211051, loan_status=active, emi_amount=11973.122, upcomming_payment_date=2023-10-07, remaining_amount=396006.53]
2022-10-16 16:13:07 [http-nio-8081-exec-1] INFO  com.capstone.aspect.LoggerAspect - *************************************
2022-10-16 16:13:07 [http-nio-8081-exec-1] INFO  com.capstone.aspect.LoggerAspect - During: class com.capstone.controller.EmiController.getemiofAccount() with arguments=<200 OK OK,emi [s_no=10, loanaccno=202211051, loan_status=active, emi_amount=11973.122, upcomming_payment_date=2023-10-07, remaining_amount=396006.53],[]>
2022-10-16 16:13:07 [http-nio-8081-exec-1] INFO  com.capstone.aspect.LoggerAspect - *************************************
2022-10-16 16:13:46 [http-nio-8081-exec-10] INFO  com.capstone.aspect.LoggerAspect - Method name: com.capstone.controller.EmiController
2022-10-16 16:13:46 [http-nio-8081-exec-10] INFO  com.capstone.aspect.LoggerAspect - Method arguments:[Ljava.lang.Object;@690d7c46
2022-10-16 16:13:46 [http-nio-8081-exec-10] INFO  com.capstone.aspect.LoggerAspect - *************************************
2022-10-16 16:13:46 [http-nio-8081-exec-10] INFO  com.capstone.aspect.LoggerAspect - Method name: com.capstone.service.EmiServiceImp
2022-10-16 16:13:46 [http-nio-8081-exec-10] INFO  com.capstone.aspect.LoggerAspect - Method arguments:[Ljava.lang.Object;@5051ab21
2022-10-16 16:13:46 [http-nio-8081-exec-10] INFO  com.capstone.aspect.LoggerAspect - *************************************
2022-10-16 16:13:46 [http-nio-8081-exec-10] INFO  com.capstone.aspect.LoggerAspect - During: class com.capstone.service.EmiServiceImp.getEmiData() with arguments=emi [s_no=10, loanaccno=202211051, loan_status=active, emi_amount=11973.122, upcomming_payment_date=2023-10-07, remaining_amount=396006.53]
2022-10-16 16:13:46 [http-nio-8081-exec-10] INFO  com.capstone.aspect.LoggerAspect - *************************************
2022-10-16 16:13:46 [http-nio-8081-exec-10] INFO  com.capstone.aspect.LoggerAspect - Method name: com.capstone.service.EmiServiceImp
2022-10-16 16:13:46 [http-nio-8081-exec-10] INFO  com.capstone.aspect.LoggerAspect - Method arguments:[Ljava.lang.Object;@136cf0b0
2022-10-16 16:13:46 [http-nio-8081-exec-10] INFO  com.capstone.aspect.LoggerAspect - *************************************
2022-10-16 16:13:46 [http-nio-8081-exec-10] INFO  com.capstone.aspect.LoggerAspect - During: class com.capstone.service.EmiServiceImp.getEmiData() with arguments=emi [s_no=10, loanaccno=202211051, loan_status=active, emi_amount=11973.122, upcomming_payment_date=2023-10-07, remaining_amount=396006.53]
2022-10-16 16:13:46 [http-nio-8081-exec-10] INFO  com.capstone.aspect.LoggerAspect - *************************************
2022-10-16 16:13:46 [http-nio-8081-exec-10] INFO  com.capstone.aspect.LoggerAspect - During: class com.capstone.controller.EmiController.getemiofAccount() with arguments=<200 OK OK,emi [s_no=10, loanaccno=202211051, loan_status=active, emi_amount=11973.122, upcomming_payment_date=2023-10-07, remaining_amount=396006.53],[]>
2022-10-16 16:13:46 [http-nio-8081-exec-10] INFO  com.capstone.aspect.LoggerAspect - *************************************
2022-10-16 16:14:09 [http-nio-8081-exec-2] ERROR o.a.c.c.C.[.[.[.[dispatcherServlet] - Servlet.service() for servlet [dispatcherServlet] in context with path [] threw exception [Token expired] with root cause
javax.servlet.ServletException: Token expired
	at com.capstone.filter.EmiFilter.doFilter(EmiFilter.java:59)
	at org.apache.catalina.core.ApplicationFilterChain.internalDoFilter(ApplicationFilterChain.java:189)
	at org.apache.catalina.core.ApplicationFilterChain.doFilter(ApplicationFilterChain.java:162)
	at org.springframework.web.filter.RequestContextFilter.doFilterInternal(RequestContextFilter.java:100)
	at org.springframework.web.filter.OncePerRequestFilter.doFilter(OncePerRequestFilter.java:117)
	at org.apache.catalina.core.ApplicationFilterChain.internalDoFilter(ApplicationFilterChain.java:189)
	at org.apache.catalina.core.ApplicationFilterChain.doFilter(ApplicationFilterChain.java:162)
	at org.springframework.web.filter.FormContentFilter.doFilterInternal(FormContentFilter.java:93)
	at org.springframework.web.filter.OncePerRequestFilter.doFilter(OncePerRequestFilter.java:117)
	at org.apache.catalina.core.ApplicationFilterChain.internalDoFilter(ApplicationFilterChain.java:189)
	at org.apache.catalina.core.ApplicationFilterChain.doFilter(ApplicationFilterChain.java:162)
	at org.springframework.web.filter.CharacterEncodingFilter.doFilterInternal(CharacterEncodingFilter.java:201)
	at org.springframework.web.filter.OncePerRequestFilter.doFilter(OncePerRequestFilter.java:117)
	at org.apache.catalina.core.ApplicationFilterChain.internalDoFilter(ApplicationFilterChain.java:189)
	at org.apache.catalina.core.ApplicationFilterChain.doFilter(ApplicationFilterChain.java:162)
	at org.apache.catalina.core.StandardWrapperValve.invoke(StandardWrapperValve.java:197)
	at org.apache.catalina.core.StandardContextValve.invoke(StandardContextValve.java:97)
	at org.apache.catalina.authenticator.AuthenticatorBase.invoke(AuthenticatorBase.java:541)
	at org.apache.catalina.core.StandardHostValve.invoke(StandardHostValve.java:135)
	at org.apache.catalina.valves.ErrorReportValve.invoke(ErrorReportValve.java:92)
	at org.apache.catalina.core.StandardEngineValve.invoke(StandardEngineValve.java:78)
	at org.apache.catalina.connector.CoyoteAdapter.service(CoyoteAdapter.java:360)
	at org.apache.coyote.http11.Http11Processor.service(Http11Processor.java:399)
	at org.apache.coyote.AbstractProcessorLight.process(AbstractProcessorLight.java:65)
	at org.apache.coyote.AbstractProtocol$ConnectionHandler.process(AbstractProtocol.java:890)
	at org.apache.tomcat.util.net.NioEndpoint$SocketProcessor.doRun(NioEndpoint.java:1789)
	at org.apache.tomcat.util.net.SocketProcessorBase.run(SocketProcessorBase.java:49)
	at org.apache.tomcat.util.threads.ThreadPoolExecutor.runWorker(ThreadPoolExecutor.java:1191)
	at org.apache.tomcat.util.threads.ThreadPoolExecutor$Worker.run(ThreadPoolExecutor.java:659)
	at org.apache.tomcat.util.threads.TaskThread$WrappingRunnable.run(TaskThread.java:61)
	at java.base/java.lang.Thread.run(Thread.java:833)
2022-10-16 16:14:26 [http-nio-8081-exec-4] INFO  com.capstone.aspect.LoggerAspect - Method name: com.capstone.controller.EmiController
2022-10-16 16:14:26 [http-nio-8081-exec-4] INFO  com.capstone.aspect.LoggerAspect - Method arguments:[Ljava.lang.Object;@1984a28
2022-10-16 16:14:26 [http-nio-8081-exec-4] INFO  com.capstone.aspect.LoggerAspect - *************************************
2022-10-16 16:14:26 [http-nio-8081-exec-4] INFO  com.capstone.aspect.LoggerAspect - Method name: com.capstone.service.EmiServiceImp
2022-10-16 16:14:26 [http-nio-8081-exec-4] INFO  com.capstone.aspect.LoggerAspect - Method arguments:[Ljava.lang.Object;@1b9db890
2022-10-16 16:14:26 [http-nio-8081-exec-4] INFO  com.capstone.aspect.LoggerAspect - *************************************
2022-10-16 16:14:26 [http-nio-8081-exec-4] INFO  com.capstone.aspect.LoggerAspect - During: class com.capstone.service.EmiServiceImp.updateEMI() with arguments=emi [s_no=10, loanaccno=202211051, loan_status=active, emi_amount=11973.122, upcomming_payment_date=2022-11-07, remaining_amount=500000.0]
2022-10-16 16:14:26 [http-nio-8081-exec-4] INFO  com.capstone.aspect.LoggerAspect - *************************************
2022-10-16 16:14:26 [http-nio-8081-exec-4] INFO  com.capstone.aspect.LoggerAspect - During: class com.capstone.controller.EmiController.updateEMI() with arguments=<200 OK OK,{message=emi updated},[]>
2022-10-16 16:14:26 [http-nio-8081-exec-4] INFO  com.capstone.aspect.LoggerAspect - *************************************
2022-10-16 16:14:30 [AsyncResolver-bootstrap-executor-0] INFO  c.n.d.s.r.aws.ConfigClusterResolver - Resolving eureka endpoints via configuration
2022-10-16 16:15:53 [http-nio-8081-exec-5] INFO  com.capstone.aspect.LoggerAspect - Method name: com.capstone.controller.EmiController
2022-10-16 16:15:53 [http-nio-8081-exec-5] INFO  com.capstone.aspect.LoggerAspect - Method arguments:[Ljava.lang.Object;@19e33d37
2022-10-16 16:15:53 [http-nio-8081-exec-5] INFO  com.capstone.aspect.LoggerAspect - *************************************
2022-10-16 16:15:53 [http-nio-8081-exec-5] INFO  com.capstone.aspect.LoggerAspect - Method name: com.capstone.service.EmiServiceImp
2022-10-16 16:15:53 [http-nio-8081-exec-5] INFO  com.capstone.aspect.LoggerAspect - Method arguments:[Ljava.lang.Object;@1d2f16fb
2022-10-16 16:15:53 [http-nio-8081-exec-5] INFO  com.capstone.aspect.LoggerAspect - *************************************
2022-10-16 16:15:53 [http-nio-8081-exec-5] INFO  com.capstone.aspect.LoggerAspect - During: class com.capstone.service.EmiServiceImp.getEmiData() with arguments=emi [s_no=10, loanaccno=202211051, loan_status=active, emi_amount=11973.122, upcomming_payment_date=2022-11-07, remaining_amount=500000.0]
2022-10-16 16:15:53 [http-nio-8081-exec-5] INFO  com.capstone.aspect.LoggerAspect - *************************************
2022-10-16 16:15:53 [http-nio-8081-exec-5] INFO  com.capstone.aspect.LoggerAspect - Method name: com.capstone.service.EmiServiceImp
2022-10-16 16:15:53 [http-nio-8081-exec-5] INFO  com.capstone.aspect.LoggerAspect - Method arguments:[Ljava.lang.Object;@231f7a2c
2022-10-16 16:15:53 [http-nio-8081-exec-5] INFO  com.capstone.aspect.LoggerAspect - *************************************
2022-10-16 16:15:53 [http-nio-8081-exec-5] INFO  com.capstone.aspect.LoggerAspect - During: class com.capstone.service.EmiServiceImp.getEmiData() with arguments=emi [s_no=10, loanaccno=202211051, loan_status=active, emi_amount=11973.122, upcomming_payment_date=2022-11-07, remaining_amount=500000.0]
2022-10-16 16:15:53 [http-nio-8081-exec-5] INFO  com.capstone.aspect.LoggerAspect - *************************************
2022-10-16 16:15:53 [http-nio-8081-exec-5] INFO  com.capstone.aspect.LoggerAspect - During: class com.capstone.controller.EmiController.getemiofAccount() with arguments=<200 OK OK,emi [s_no=10, loanaccno=202211051, loan_status=active, emi_amount=11973.122, upcomming_payment_date=2022-11-07, remaining_amount=500000.0],[]>
2022-10-16 16:15:53 [http-nio-8081-exec-5] INFO  com.capstone.aspect.LoggerAspect - *************************************
2022-10-16 16:16:16 [http-nio-8081-exec-6] INFO  com.capstone.aspect.LoggerAspect - Method name: com.capstone.controller.EmiController
2022-10-16 16:16:16 [http-nio-8081-exec-6] INFO  com.capstone.aspect.LoggerAspect - Method arguments:[Ljava.lang.Object;@5ae97923
2022-10-16 16:16:16 [http-nio-8081-exec-6] INFO  com.capstone.aspect.LoggerAspect - *************************************
2022-10-16 16:16:16 [http-nio-8081-exec-6] INFO  com.capstone.aspect.LoggerAspect - Method name: com.capstone.service.EmiServiceImp
2022-10-16 16:16:16 [http-nio-8081-exec-6] INFO  com.capstone.aspect.LoggerAspect - Method arguments:[Ljava.lang.Object;@685c728e
2022-10-16 16:16:16 [http-nio-8081-exec-6] INFO  com.capstone.aspect.LoggerAspect - *************************************
2022-10-16 16:16:16 [http-nio-8081-exec-6] INFO  com.capstone.aspect.LoggerAspect - During: class com.capstone.service.EmiServiceImp.getEmiData() with arguments=emi [s_no=10, loanaccno=202211051, loan_status=active, emi_amount=11973.122, upcomming_payment_date=2022-11-07, remaining_amount=500000.0]
2022-10-16 16:16:16 [http-nio-8081-exec-6] INFO  com.capstone.aspect.LoggerAspect - *************************************
2022-10-16 16:16:16 [http-nio-8081-exec-6] INFO  com.capstone.aspect.LoggerAspect - Method name: com.capstone.service.EmiServiceImp
2022-10-16 16:16:16 [http-nio-8081-exec-6] INFO  com.capstone.aspect.LoggerAspect - Method arguments:[Ljava.lang.Object;@6669042
2022-10-16 16:16:16 [http-nio-8081-exec-6] INFO  com.capstone.aspect.LoggerAspect - *************************************
2022-10-16 16:16:16 [http-nio-8081-exec-6] INFO  com.capstone.aspect.LoggerAspect - During: class com.capstone.service.EmiServiceImp.getEmiData() with arguments=emi [s_no=10, loanaccno=202211051, loan_status=active, emi_amount=11973.122, upcomming_payment_date=2022-11-07, remaining_amount=500000.0]
2022-10-16 16:16:16 [http-nio-8081-exec-6] INFO  com.capstone.aspect.LoggerAspect - *************************************
2022-10-16 16:16:16 [http-nio-8081-exec-6] INFO  com.capstone.aspect.LoggerAspect - During: class com.capstone.controller.EmiController.getemiofAccount() with arguments=<200 OK OK,emi [s_no=10, loanaccno=202211051, loan_status=active, emi_amount=11973.122, upcomming_payment_date=2022-11-07, remaining_amount=500000.0],[]>
2022-10-16 16:16:16 [http-nio-8081-exec-6] INFO  com.capstone.aspect.LoggerAspect - *************************************
2022-10-16 16:16:39 [http-nio-8081-exec-7] INFO  com.capstone.aspect.LoggerAspect - Method name: com.capstone.controller.EmiController
2022-10-16 16:16:39 [http-nio-8081-exec-7] INFO  com.capstone.aspect.LoggerAspect - Method arguments:[Ljava.lang.Object;@7cf0379b
2022-10-16 16:16:39 [http-nio-8081-exec-7] INFO  com.capstone.aspect.LoggerAspect - *************************************
2022-10-16 16:16:39 [http-nio-8081-exec-7] INFO  com.capstone.aspect.LoggerAspect - Method name: com.capstone.service.EmiServiceImp
2022-10-16 16:16:39 [http-nio-8081-exec-7] INFO  com.capstone.aspect.LoggerAspect - Method arguments:[Ljava.lang.Object;@591a5537
2022-10-16 16:16:39 [http-nio-8081-exec-7] INFO  com.capstone.aspect.LoggerAspect - *************************************
2022-10-16 16:16:39 [http-nio-8081-exec-7] INFO  com.capstone.aspect.LoggerAspect - During: class com.capstone.service.EmiServiceImp.getEmiData() with arguments=emi [s_no=10, loanaccno=202211051, loan_status=active, emi_amount=11973.122, upcomming_payment_date=2022-11-07, remaining_amount=500000.0]
2022-10-16 16:16:39 [http-nio-8081-exec-7] INFO  com.capstone.aspect.LoggerAspect - *************************************
2022-10-16 16:16:39 [http-nio-8081-exec-7] INFO  com.capstone.aspect.LoggerAspect - Method name: com.capstone.service.EmiServiceImp
2022-10-16 16:16:39 [http-nio-8081-exec-7] INFO  com.capstone.aspect.LoggerAspect - Method arguments:[Ljava.lang.Object;@314fb723
2022-10-16 16:16:39 [http-nio-8081-exec-7] INFO  com.capstone.aspect.LoggerAspect - *************************************
2022-10-16 16:16:39 [http-nio-8081-exec-7] INFO  com.capstone.aspect.LoggerAspect - During: class com.capstone.service.EmiServiceImp.getEmiData() with arguments=emi [s_no=10, loanaccno=202211051, loan_status=active, emi_amount=11973.122, upcomming_payment_date=2022-11-07, remaining_amount=500000.0]
2022-10-16 16:16:39 [http-nio-8081-exec-7] INFO  com.capstone.aspect.LoggerAspect - *************************************
2022-10-16 16:16:39 [http-nio-8081-exec-7] INFO  com.capstone.aspect.LoggerAspect - During: class com.capstone.controller.EmiController.getemiofAccount() with arguments=<200 OK OK,emi [s_no=10, loanaccno=202211051, loan_status=active, emi_amount=11973.122, upcomming_payment_date=2022-11-07, remaining_amount=500000.0],[]>
2022-10-16 16:16:39 [http-nio-8081-exec-7] INFO  com.capstone.aspect.LoggerAspect - *************************************
2022-10-16 16:16:41 [http-nio-8081-exec-9] INFO  com.capstone.aspect.LoggerAspect - Method name: com.capstone.controller.EmiController
2022-10-16 16:16:41 [http-nio-8081-exec-9] INFO  com.capstone.aspect.LoggerAspect - Method arguments:[Ljava.lang.Object;@3c682678
2022-10-16 16:16:41 [http-nio-8081-exec-9] INFO  com.capstone.aspect.LoggerAspect - *************************************
2022-10-16 16:16:41 [http-nio-8081-exec-9] INFO  com.capstone.aspect.LoggerAspect - Method name: com.capstone.service.EmiServiceImp
2022-10-16 16:16:41 [http-nio-8081-exec-9] INFO  com.capstone.aspect.LoggerAspect - Method arguments:[Ljava.lang.Object;@769b3af2
2022-10-16 16:16:41 [http-nio-8081-exec-9] INFO  com.capstone.aspect.LoggerAspect - *************************************
2022-10-16 16:16:41 [http-nio-8081-exec-9] INFO  com.capstone.aspect.LoggerAspect - During: class com.capstone.service.EmiServiceImp.getEmiData() with arguments=emi [s_no=10, loanaccno=202211051, loan_status=active, emi_amount=11973.122, upcomming_payment_date=2022-11-07, remaining_amount=500000.0]
2022-10-16 16:16:41 [http-nio-8081-exec-9] INFO  com.capstone.aspect.LoggerAspect - *************************************
2022-10-16 16:16:41 [http-nio-8081-exec-9] INFO  com.capstone.aspect.LoggerAspect - Method name: com.capstone.service.EmiServiceImp
2022-10-16 16:16:41 [http-nio-8081-exec-9] INFO  com.capstone.aspect.LoggerAspect - Method arguments:[Ljava.lang.Object;@7fffa3fe
2022-10-16 16:16:41 [http-nio-8081-exec-9] INFO  com.capstone.aspect.LoggerAspect - *************************************
2022-10-16 16:16:41 [http-nio-8081-exec-9] INFO  com.capstone.aspect.LoggerAspect - During: class com.capstone.service.EmiServiceImp.getEmiData() with arguments=emi [s_no=10, loanaccno=202211051, loan_status=active, emi_amount=11973.122, upcomming_payment_date=2022-11-07, remaining_amount=500000.0]
2022-10-16 16:16:41 [http-nio-8081-exec-9] INFO  com.capstone.aspect.LoggerAspect - *************************************
2022-10-16 16:16:41 [http-nio-8081-exec-9] INFO  com.capstone.aspect.LoggerAspect - During: class com.capstone.controller.EmiController.getemiofAccount() with arguments=<200 OK OK,emi [s_no=10, loanaccno=202211051, loan_status=active, emi_amount=11973.122, upcomming_payment_date=2022-11-07, remaining_amount=500000.0],[]>
2022-10-16 16:16:41 [http-nio-8081-exec-9] INFO  com.capstone.aspect.LoggerAspect - *************************************
2022-10-16 16:16:54 [http-nio-8081-exec-8] INFO  com.capstone.aspect.LoggerAspect - Method name: com.capstone.controller.EmiController
2022-10-16 16:16:54 [http-nio-8081-exec-8] INFO  com.capstone.aspect.LoggerAspect - Method arguments:[Ljava.lang.Object;@1c9ad07f
2022-10-16 16:16:54 [http-nio-8081-exec-8] INFO  com.capstone.aspect.LoggerAspect - *************************************
2022-10-16 16:16:54 [http-nio-8081-exec-8] INFO  com.capstone.aspect.LoggerAspect - Method name: com.capstone.service.EmiServiceImp
2022-10-16 16:16:54 [http-nio-8081-exec-8] INFO  com.capstone.aspect.LoggerAspect - Method arguments:[Ljava.lang.Object;@67f897ff
2022-10-16 16:16:54 [http-nio-8081-exec-8] INFO  com.capstone.aspect.LoggerAspect - *************************************
2022-10-16 16:16:54 [http-nio-8081-exec-8] INFO  com.capstone.aspect.LoggerAspect - During: class com.capstone.service.EmiServiceImp.getEmiData() with arguments=emi [s_no=10, loanaccno=202211051, loan_status=active, emi_amount=11973.122, upcomming_payment_date=2022-11-07, remaining_amount=500000.0]
2022-10-16 16:16:54 [http-nio-8081-exec-8] INFO  com.capstone.aspect.LoggerAspect - *************************************
2022-10-16 16:16:54 [http-nio-8081-exec-8] INFO  com.capstone.aspect.LoggerAspect - Method name: com.capstone.service.EmiServiceImp
2022-10-16 16:16:54 [http-nio-8081-exec-8] INFO  com.capstone.aspect.LoggerAspect - Method arguments:[Ljava.lang.Object;@743b3868
2022-10-16 16:16:54 [http-nio-8081-exec-8] INFO  com.capstone.aspect.LoggerAspect - *************************************
2022-10-16 16:16:54 [http-nio-8081-exec-8] INFO  com.capstone.aspect.LoggerAspect - During: class com.capstone.service.EmiServiceImp.getEmiData() with arguments=emi [s_no=10, loanaccno=202211051, loan_status=active, emi_amount=11973.122, upcomming_payment_date=2022-11-07, remaining_amount=500000.0]
2022-10-16 16:16:54 [http-nio-8081-exec-8] INFO  com.capstone.aspect.LoggerAspect - *************************************
2022-10-16 16:16:54 [http-nio-8081-exec-8] INFO  com.capstone.aspect.LoggerAspect - During: class com.capstone.controller.EmiController.getemiofAccount() with arguments=<200 OK OK,emi [s_no=10, loanaccno=202211051, loan_status=active, emi_amount=11973.122, upcomming_payment_date=2022-11-07, remaining_amount=500000.0],[]>
2022-10-16 16:16:54 [http-nio-8081-exec-8] INFO  com.capstone.aspect.LoggerAspect - *************************************
2022-10-16 16:17:22 [http-nio-8081-exec-1] INFO  com.capstone.aspect.LoggerAspect - Method name: com.capstone.controller.EmiController
2022-10-16 16:17:22 [http-nio-8081-exec-1] INFO  com.capstone.aspect.LoggerAspect - Method arguments:[Ljava.lang.Object;@333681a1
2022-10-16 16:17:22 [http-nio-8081-exec-1] INFO  com.capstone.aspect.LoggerAspect - *************************************
2022-10-16 16:17:22 [http-nio-8081-exec-1] INFO  com.capstone.aspect.LoggerAspect - Method name: com.capstone.service.EmiServiceImp
2022-10-16 16:17:22 [http-nio-8081-exec-1] INFO  com.capstone.aspect.LoggerAspect - Method arguments:[Ljava.lang.Object;@2a7d94d6
2022-10-16 16:17:22 [http-nio-8081-exec-1] INFO  com.capstone.aspect.LoggerAspect - *************************************
2022-10-16 16:17:22 [http-nio-8081-exec-1] INFO  com.capstone.aspect.LoggerAspect - During: class com.capstone.service.EmiServiceImp.getEmiData() with arguments=emi [s_no=10, loanaccno=202211051, loan_status=active, emi_amount=11973.122, upcomming_payment_date=2022-11-07, remaining_amount=500000.0]
2022-10-16 16:17:22 [http-nio-8081-exec-1] INFO  com.capstone.aspect.LoggerAspect - *************************************
2022-10-16 16:17:22 [http-nio-8081-exec-1] INFO  com.capstone.aspect.LoggerAspect - Method name: com.capstone.service.EmiServiceImp
2022-10-16 16:17:22 [http-nio-8081-exec-1] INFO  com.capstone.aspect.LoggerAspect - Method arguments:[Ljava.lang.Object;@6e3cfdeb
2022-10-16 16:17:22 [http-nio-8081-exec-1] INFO  com.capstone.aspect.LoggerAspect - *************************************
2022-10-16 16:17:22 [http-nio-8081-exec-1] INFO  com.capstone.aspect.LoggerAspect - During: class com.capstone.service.EmiServiceImp.getEmiData() with arguments=emi [s_no=10, loanaccno=202211051, loan_status=active, emi_amount=11973.122, upcomming_payment_date=2022-11-07, remaining_amount=500000.0]
2022-10-16 16:17:22 [http-nio-8081-exec-1] INFO  com.capstone.aspect.LoggerAspect - *************************************
2022-10-16 16:17:22 [http-nio-8081-exec-1] INFO  com.capstone.aspect.LoggerAspect - During: class com.capstone.controller.EmiController.getemiofAccount() with arguments=<200 OK OK,emi [s_no=10, loanaccno=202211051, loan_status=active, emi_amount=11973.122, upcomming_payment_date=2022-11-07, remaining_amount=500000.0],[]>
2022-10-16 16:17:22 [http-nio-8081-exec-1] INFO  com.capstone.aspect.LoggerAspect - *************************************
2022-10-16 16:17:23 [http-nio-8081-exec-10] INFO  com.capstone.aspect.LoggerAspect - Method name: com.capstone.controller.EmiController
2022-10-16 16:17:23 [http-nio-8081-exec-10] INFO  com.capstone.aspect.LoggerAspect - Method arguments:[Ljava.lang.Object;@57073843
2022-10-16 16:17:23 [http-nio-8081-exec-10] INFO  com.capstone.aspect.LoggerAspect - *************************************
2022-10-16 16:17:23 [http-nio-8081-exec-10] INFO  com.capstone.aspect.LoggerAspect - Method name: com.capstone.service.EmiServiceImp
2022-10-16 16:17:23 [http-nio-8081-exec-10] INFO  com.capstone.aspect.LoggerAspect - Method arguments:[Ljava.lang.Object;@7040167a
2022-10-16 16:17:23 [http-nio-8081-exec-10] INFO  com.capstone.aspect.LoggerAspect - *************************************
2022-10-16 16:17:23 [http-nio-8081-exec-10] INFO  com.capstone.aspect.LoggerAspect - During: class com.capstone.service.EmiServiceImp.getEmiData() with arguments=emi [s_no=10, loanaccno=202211051, loan_status=active, emi_amount=11973.122, upcomming_payment_date=2022-11-07, remaining_amount=500000.0]
2022-10-16 16:17:23 [http-nio-8081-exec-10] INFO  com.capstone.aspect.LoggerAspect - *************************************
2022-10-16 16:17:23 [http-nio-8081-exec-10] INFO  com.capstone.aspect.LoggerAspect - Method name: com.capstone.service.EmiServiceImp
2022-10-16 16:17:23 [http-nio-8081-exec-10] INFO  com.capstone.aspect.LoggerAspect - Method arguments:[Ljava.lang.Object;@75cac34d
2022-10-16 16:17:23 [http-nio-8081-exec-10] INFO  com.capstone.aspect.LoggerAspect - *************************************
2022-10-16 16:17:23 [http-nio-8081-exec-10] INFO  com.capstone.aspect.LoggerAspect - During: class com.capstone.service.EmiServiceImp.getEmiData() with arguments=emi [s_no=10, loanaccno=202211051, loan_status=active, emi_amount=11973.122, upcomming_payment_date=2022-11-07, remaining_amount=500000.0]
2022-10-16 16:17:23 [http-nio-8081-exec-10] INFO  com.capstone.aspect.LoggerAspect - *************************************
2022-10-16 16:17:23 [http-nio-8081-exec-10] INFO  com.capstone.aspect.LoggerAspect - During: class com.capstone.controller.EmiController.getemiofAccount() with arguments=<200 OK OK,emi [s_no=10, loanaccno=202211051, loan_status=active, emi_amount=11973.122, upcomming_payment_date=2022-11-07, remaining_amount=500000.0],[]>
2022-10-16 16:17:23 [http-nio-8081-exec-10] INFO  com.capstone.aspect.LoggerAspect - *************************************
2022-10-16 16:17:34 [http-nio-8081-exec-2] INFO  com.capstone.aspect.LoggerAspect - Method name: com.capstone.controller.EmiController
2022-10-16 16:17:34 [http-nio-8081-exec-2] INFO  com.capstone.aspect.LoggerAspect - Method arguments:[Ljava.lang.Object;@7ae2f55e
2022-10-16 16:17:34 [http-nio-8081-exec-2] INFO  com.capstone.aspect.LoggerAspect - *************************************
2022-10-16 16:17:34 [http-nio-8081-exec-2] INFO  com.capstone.aspect.LoggerAspect - Method name: com.capstone.service.EmiServiceImp
2022-10-16 16:17:34 [http-nio-8081-exec-2] INFO  com.capstone.aspect.LoggerAspect - Method arguments:[Ljava.lang.Object;@76c75b3c
2022-10-16 16:17:34 [http-nio-8081-exec-2] INFO  com.capstone.aspect.LoggerAspect - *************************************
2022-10-16 16:17:34 [http-nio-8081-exec-2] INFO  com.capstone.aspect.LoggerAspect - During: class com.capstone.service.EmiServiceImp.updateEMI() with arguments=emi [s_no=10, loanaccno=202211051, loan_status=closed, emi_amount=0.0, upcomming_payment_date=2022-11-07, remaining_amount=0.0]
2022-10-16 16:17:34 [http-nio-8081-exec-2] INFO  com.capstone.aspect.LoggerAspect - *************************************
2022-10-16 16:17:34 [http-nio-8081-exec-2] INFO  com.capstone.aspect.LoggerAspect - During: class com.capstone.controller.EmiController.updateEMI() with arguments=<200 OK OK,{message=emi updated},[]>
2022-10-16 16:17:34 [http-nio-8081-exec-2] INFO  com.capstone.aspect.LoggerAspect - *************************************
2022-10-16 16:17:39 [http-nio-8081-exec-4] INFO  com.capstone.aspect.LoggerAspect - Method name: com.capstone.controller.EmiController
2022-10-16 16:17:39 [http-nio-8081-exec-4] INFO  com.capstone.aspect.LoggerAspect - Method arguments:[Ljava.lang.Object;@5f0cee19
2022-10-16 16:17:39 [http-nio-8081-exec-4] INFO  com.capstone.aspect.LoggerAspect - *************************************
2022-10-16 16:17:39 [http-nio-8081-exec-4] INFO  com.capstone.aspect.LoggerAspect - Method name: com.capstone.service.EmiServiceImp
2022-10-16 16:17:39 [http-nio-8081-exec-4] INFO  com.capstone.aspect.LoggerAspect - Method arguments:[Ljava.lang.Object;@149d1be3
2022-10-16 16:17:39 [http-nio-8081-exec-4] INFO  com.capstone.aspect.LoggerAspect - *************************************
2022-10-16 16:17:39 [http-nio-8081-exec-4] INFO  com.capstone.aspect.LoggerAspect - During: class com.capstone.service.EmiServiceImp.getEmiData() with arguments=emi [s_no=10, loanaccno=202211051, loan_status=closed, emi_amount=0.0, upcomming_payment_date=2022-11-07, remaining_amount=0.0]
2022-10-16 16:17:39 [http-nio-8081-exec-4] INFO  com.capstone.aspect.LoggerAspect - *************************************
2022-10-16 16:17:39 [http-nio-8081-exec-4] INFO  com.capstone.aspect.LoggerAspect - Method name: com.capstone.service.EmiServiceImp
2022-10-16 16:17:39 [http-nio-8081-exec-4] INFO  com.capstone.aspect.LoggerAspect - Method arguments:[Ljava.lang.Object;@2d00487b
2022-10-16 16:17:39 [http-nio-8081-exec-4] INFO  com.capstone.aspect.LoggerAspect - *************************************
2022-10-16 16:17:39 [http-nio-8081-exec-4] INFO  com.capstone.aspect.LoggerAspect - During: class com.capstone.service.EmiServiceImp.getEmiData() with arguments=emi [s_no=10, loanaccno=202211051, loan_status=closed, emi_amount=0.0, upcomming_payment_date=2022-11-07, remaining_amount=0.0]
2022-10-16 16:17:39 [http-nio-8081-exec-4] INFO  com.capstone.aspect.LoggerAspect - *************************************
2022-10-16 16:17:39 [http-nio-8081-exec-4] INFO  com.capstone.aspect.LoggerAspect - During: class com.capstone.controller.EmiController.getemiofAccount() with arguments=<200 OK OK,emi [s_no=10, loanaccno=202211051, loan_status=closed, emi_amount=0.0, upcomming_payment_date=2022-11-07, remaining_amount=0.0],[]>
2022-10-16 16:17:39 [http-nio-8081-exec-4] INFO  com.capstone.aspect.LoggerAspect - *************************************
2022-10-16 16:19:30 [AsyncResolver-bootstrap-executor-0] INFO  c.n.d.s.r.aws.ConfigClusterResolver - Resolving eureka endpoints via configuration
2022-10-16 16:24:30 [AsyncResolver-bootstrap-executor-0] INFO  c.n.d.s.r.aws.ConfigClusterResolver - Resolving eureka endpoints via configuration
2022-10-16 16:29:30 [AsyncResolver-bootstrap-executor-0] INFO  c.n.d.s.r.aws.ConfigClusterResolver - Resolving eureka endpoints via configuration
2022-10-16 16:34:30 [AsyncResolver-bootstrap-executor-0] INFO  c.n.d.s.r.aws.ConfigClusterResolver - Resolving eureka endpoints via configuration
2022-10-16 16:39:30 [AsyncResolver-bootstrap-executor-0] INFO  c.n.d.s.r.aws.ConfigClusterResolver - Resolving eureka endpoints via configuration
2022-10-16 16:44:30 [AsyncResolver-bootstrap-executor-0] INFO  c.n.d.s.r.aws.ConfigClusterResolver - Resolving eureka endpoints via configuration
2022-10-16 16:49:30 [AsyncResolver-bootstrap-executor-0] INFO  c.n.d.s.r.aws.ConfigClusterResolver - Resolving eureka endpoints via configuration
2022-10-16 16:54:30 [AsyncResolver-bootstrap-executor-0] INFO  c.n.d.s.r.aws.ConfigClusterResolver - Resolving eureka endpoints via configuration
2022-10-16 16:56:35 [http-nio-8081-exec-5] INFO  com.capstone.aspect.LoggerAspect - Method name: com.capstone.controller.EmiController
2022-10-16 16:56:35 [http-nio-8081-exec-5] INFO  com.capstone.aspect.LoggerAspect - Method arguments:[Ljava.lang.Object;@4b6d2944
2022-10-16 16:56:35 [http-nio-8081-exec-5] INFO  com.capstone.aspect.LoggerAspect - *************************************
2022-10-16 16:56:35 [http-nio-8081-exec-5] INFO  com.capstone.aspect.LoggerAspect - Method name: com.capstone.service.EmiServiceImp
2022-10-16 16:56:35 [http-nio-8081-exec-5] INFO  com.capstone.aspect.LoggerAspect - Method arguments:[Ljava.lang.Object;@7f6f373c
2022-10-16 16:56:35 [http-nio-8081-exec-5] INFO  com.capstone.aspect.LoggerAspect - *************************************
2022-10-16 16:56:35 [http-nio-8081-exec-5] INFO  com.capstone.aspect.LoggerAspect - During: class com.capstone.service.EmiServiceImp.getEmiData() with arguments=emi [s_no=10, loanaccno=202211051, loan_status=closed, emi_amount=0.0, upcomming_payment_date=2022-11-07, remaining_amount=0.0]
2022-10-16 16:56:35 [http-nio-8081-exec-5] INFO  com.capstone.aspect.LoggerAspect - *************************************
2022-10-16 16:56:35 [http-nio-8081-exec-5] INFO  com.capstone.aspect.LoggerAspect - Method name: com.capstone.service.EmiServiceImp
2022-10-16 16:56:35 [http-nio-8081-exec-5] INFO  com.capstone.aspect.LoggerAspect - Method arguments:[Ljava.lang.Object;@7ca4fd98
2022-10-16 16:56:35 [http-nio-8081-exec-5] INFO  com.capstone.aspect.LoggerAspect - *************************************
2022-10-16 16:56:35 [http-nio-8081-exec-5] INFO  com.capstone.aspect.LoggerAspect - During: class com.capstone.service.EmiServiceImp.getEmiData() with arguments=emi [s_no=10, loanaccno=202211051, loan_status=closed, emi_amount=0.0, upcomming_payment_date=2022-11-07, remaining_amount=0.0]
2022-10-16 16:56:35 [http-nio-8081-exec-5] INFO  com.capstone.aspect.LoggerAspect - *************************************
2022-10-16 16:56:35 [http-nio-8081-exec-5] INFO  com.capstone.aspect.LoggerAspect - During: class com.capstone.controller.EmiController.getemiofAccount() with arguments=<200 OK OK,emi [s_no=10, loanaccno=202211051, loan_status=closed, emi_amount=0.0, upcomming_payment_date=2022-11-07, remaining_amount=0.0],[]>
2022-10-16 16:56:35 [http-nio-8081-exec-5] INFO  com.capstone.aspect.LoggerAspect - *************************************
2022-10-16 16:56:40 [http-nio-8081-exec-6] INFO  com.capstone.aspect.LoggerAspect - Method name: com.capstone.controller.EmiController
2022-10-16 16:56:40 [http-nio-8081-exec-6] INFO  com.capstone.aspect.LoggerAspect - Method arguments:[Ljava.lang.Object;@7baaf117
2022-10-16 16:56:40 [http-nio-8081-exec-6] INFO  com.capstone.aspect.LoggerAspect - *************************************
2022-10-16 16:56:40 [http-nio-8081-exec-6] INFO  com.capstone.aspect.LoggerAspect - Method name: com.capstone.service.EmiServiceImp
2022-10-16 16:56:40 [http-nio-8081-exec-6] INFO  com.capstone.aspect.LoggerAspect - Method arguments:[Ljava.lang.Object;@3ca89428
2022-10-16 16:56:40 [http-nio-8081-exec-6] INFO  com.capstone.aspect.LoggerAspect - *************************************
2022-10-16 16:56:40 [http-nio-8081-exec-6] INFO  com.capstone.aspect.LoggerAspect - During: class com.capstone.service.EmiServiceImp.getEmiData() with arguments=emi [s_no=10, loanaccno=202211051, loan_status=closed, emi_amount=0.0, upcomming_payment_date=2022-11-07, remaining_amount=0.0]
2022-10-16 16:56:40 [http-nio-8081-exec-6] INFO  com.capstone.aspect.LoggerAspect - *************************************
2022-10-16 16:56:40 [http-nio-8081-exec-6] INFO  com.capstone.aspect.LoggerAspect - Method name: com.capstone.service.EmiServiceImp
2022-10-16 16:56:40 [http-nio-8081-exec-6] INFO  com.capstone.aspect.LoggerAspect - Method arguments:[Ljava.lang.Object;@7309c186
2022-10-16 16:56:40 [http-nio-8081-exec-6] INFO  com.capstone.aspect.LoggerAspect - *************************************
2022-10-16 16:56:40 [http-nio-8081-exec-6] INFO  com.capstone.aspect.LoggerAspect - During: class com.capstone.service.EmiServiceImp.getEmiData() with arguments=emi [s_no=10, loanaccno=202211051, loan_status=closed, emi_amount=0.0, upcomming_payment_date=2022-11-07, remaining_amount=0.0]
2022-10-16 16:56:40 [http-nio-8081-exec-6] INFO  com.capstone.aspect.LoggerAspect - *************************************
2022-10-16 16:56:40 [http-nio-8081-exec-6] INFO  com.capstone.aspect.LoggerAspect - During: class com.capstone.controller.EmiController.getemiofAccount() with arguments=<200 OK OK,emi [s_no=10, loanaccno=202211051, loan_status=closed, emi_amount=0.0, upcomming_payment_date=2022-11-07, remaining_amount=0.0],[]>
2022-10-16 16:56:40 [http-nio-8081-exec-6] INFO  com.capstone.aspect.LoggerAspect - *************************************
2022-10-16 16:56:47 [http-nio-8081-exec-7] INFO  com.capstone.aspect.LoggerAspect - Method name: com.capstone.controller.EmiController
2022-10-16 16:56:47 [http-nio-8081-exec-7] INFO  com.capstone.aspect.LoggerAspect - Method arguments:[Ljava.lang.Object;@4cb17910
2022-10-16 16:56:47 [http-nio-8081-exec-7] INFO  com.capstone.aspect.LoggerAspect - *************************************
2022-10-16 16:56:47 [http-nio-8081-exec-7] INFO  com.capstone.aspect.LoggerAspect - Method name: com.capstone.service.EmiServiceImp
2022-10-16 16:56:47 [http-nio-8081-exec-7] INFO  com.capstone.aspect.LoggerAspect - Method arguments:[Ljava.lang.Object;@35ac1fce
2022-10-16 16:56:47 [http-nio-8081-exec-7] INFO  com.capstone.aspect.LoggerAspect - *************************************
2022-10-16 16:56:47 [http-nio-8081-exec-7] INFO  com.capstone.aspect.LoggerAspect - During: class com.capstone.service.EmiServiceImp.getEmiData() with arguments=emi [s_no=10, loanaccno=202211051, loan_status=closed, emi_amount=0.0, upcomming_payment_date=2022-11-07, remaining_amount=0.0]
2022-10-16 16:56:47 [http-nio-8081-exec-7] INFO  com.capstone.aspect.LoggerAspect - *************************************
2022-10-16 16:56:47 [http-nio-8081-exec-7] INFO  com.capstone.aspect.LoggerAspect - Method name: com.capstone.service.EmiServiceImp
2022-10-16 16:56:47 [http-nio-8081-exec-7] INFO  com.capstone.aspect.LoggerAspect - Method arguments:[Ljava.lang.Object;@15a95090
2022-10-16 16:56:47 [http-nio-8081-exec-7] INFO  com.capstone.aspect.LoggerAspect - *************************************
2022-10-16 16:56:47 [http-nio-8081-exec-7] INFO  com.capstone.aspect.LoggerAspect - During: class com.capstone.service.EmiServiceImp.getEmiData() with arguments=emi [s_no=10, loanaccno=202211051, loan_status=closed, emi_amount=0.0, upcomming_payment_date=2022-11-07, remaining_amount=0.0]
2022-10-16 16:56:47 [http-nio-8081-exec-7] INFO  com.capstone.aspect.LoggerAspect - *************************************
2022-10-16 16:56:47 [http-nio-8081-exec-7] INFO  com.capstone.aspect.LoggerAspect - During: class com.capstone.controller.EmiController.getemiofAccount() with arguments=<200 OK OK,emi [s_no=10, loanaccno=202211051, loan_status=closed, emi_amount=0.0, upcomming_payment_date=2022-11-07, remaining_amount=0.0],[]>
2022-10-16 16:56:47 [http-nio-8081-exec-7] INFO  com.capstone.aspect.LoggerAspect - *************************************
2022-10-16 16:56:54 [http-nio-8081-exec-9] INFO  com.capstone.aspect.LoggerAspect - Method name: com.capstone.controller.EmiController
2022-10-16 16:56:54 [http-nio-8081-exec-9] INFO  com.capstone.aspect.LoggerAspect - Method arguments:[Ljava.lang.Object;@7f9e8f0d
2022-10-16 16:56:54 [http-nio-8081-exec-9] INFO  com.capstone.aspect.LoggerAspect - *************************************
2022-10-16 16:56:54 [http-nio-8081-exec-9] INFO  com.capstone.aspect.LoggerAspect - Method name: com.capstone.service.EmiServiceImp
2022-10-16 16:56:54 [http-nio-8081-exec-9] INFO  com.capstone.aspect.LoggerAspect - Method arguments:[Ljava.lang.Object;@25efe877
2022-10-16 16:56:54 [http-nio-8081-exec-9] INFO  com.capstone.aspect.LoggerAspect - *************************************
2022-10-16 16:56:54 [http-nio-8081-exec-9] INFO  com.capstone.aspect.LoggerAspect - During: class com.capstone.service.EmiServiceImp.getEmiData() with arguments=emi [s_no=10, loanaccno=202211051, loan_status=closed, emi_amount=0.0, upcomming_payment_date=2022-11-07, remaining_amount=0.0]
2022-10-16 16:56:54 [http-nio-8081-exec-9] INFO  com.capstone.aspect.LoggerAspect - *************************************
2022-10-16 16:56:54 [http-nio-8081-exec-9] INFO  com.capstone.aspect.LoggerAspect - Method name: com.capstone.service.EmiServiceImp
2022-10-16 16:56:54 [http-nio-8081-exec-9] INFO  com.capstone.aspect.LoggerAspect - Method arguments:[Ljava.lang.Object;@2587e6df
2022-10-16 16:56:54 [http-nio-8081-exec-9] INFO  com.capstone.aspect.LoggerAspect - *************************************
2022-10-16 16:56:54 [http-nio-8081-exec-9] INFO  com.capstone.aspect.LoggerAspect - During: class com.capstone.service.EmiServiceImp.getEmiData() with arguments=emi [s_no=10, loanaccno=202211051, loan_status=closed, emi_amount=0.0, upcomming_payment_date=2022-11-07, remaining_amount=0.0]
2022-10-16 16:56:54 [http-nio-8081-exec-9] INFO  com.capstone.aspect.LoggerAspect - *************************************
2022-10-16 16:56:54 [http-nio-8081-exec-9] INFO  com.capstone.aspect.LoggerAspect - During: class com.capstone.controller.EmiController.getemiofAccount() with arguments=<200 OK OK,emi [s_no=10, loanaccno=202211051, loan_status=closed, emi_amount=0.0, upcomming_payment_date=2022-11-07, remaining_amount=0.0],[]>
2022-10-16 16:56:54 [http-nio-8081-exec-9] INFO  com.capstone.aspect.LoggerAspect - *************************************
2022-10-16 16:57:20 [http-nio-8081-exec-8] INFO  com.capstone.aspect.LoggerAspect - Method name: com.capstone.controller.EmiController
2022-10-16 16:57:20 [http-nio-8081-exec-8] INFO  com.capstone.aspect.LoggerAspect - Method arguments:[Ljava.lang.Object;@193840b8
2022-10-16 16:57:20 [http-nio-8081-exec-8] INFO  com.capstone.aspect.LoggerAspect - *************************************
2022-10-16 16:57:20 [http-nio-8081-exec-8] INFO  com.capstone.aspect.LoggerAspect - Method name: com.capstone.service.EmiServiceImp
2022-10-16 16:57:20 [http-nio-8081-exec-8] INFO  com.capstone.aspect.LoggerAspect - Method arguments:[Ljava.lang.Object;@1a98bee8
2022-10-16 16:57:20 [http-nio-8081-exec-8] INFO  com.capstone.aspect.LoggerAspect - *************************************
2022-10-16 16:57:21 [http-nio-8081-exec-8] INFO  com.capstone.aspect.LoggerAspect - During: class com.capstone.service.EmiServiceImp.updateEMI() with arguments=emi [s_no=10, loanaccno=202211051, loan_status=active, emi_amount=11973.122, upcomming_payment_date=2022-11-07, remaining_amount=500000.0]
2022-10-16 16:57:21 [http-nio-8081-exec-8] INFO  com.capstone.aspect.LoggerAspect - *************************************
2022-10-16 16:57:21 [http-nio-8081-exec-8] INFO  com.capstone.aspect.LoggerAspect - During: class com.capstone.controller.EmiController.updateEMI() with arguments=<200 OK OK,{message=emi updated},[]>
2022-10-16 16:57:21 [http-nio-8081-exec-8] INFO  com.capstone.aspect.LoggerAspect - *************************************
2022-10-16 16:57:28 [http-nio-8081-exec-1] INFO  com.capstone.aspect.LoggerAspect - Method name: com.capstone.controller.EmiController
2022-10-16 16:57:28 [http-nio-8081-exec-1] INFO  com.capstone.aspect.LoggerAspect - Method arguments:[Ljava.lang.Object;@f78a6a5
2022-10-16 16:57:28 [http-nio-8081-exec-1] INFO  com.capstone.aspect.LoggerAspect - *************************************
2022-10-16 16:57:28 [http-nio-8081-exec-1] INFO  com.capstone.aspect.LoggerAspect - Method name: com.capstone.service.EmiServiceImp
2022-10-16 16:57:28 [http-nio-8081-exec-1] INFO  com.capstone.aspect.LoggerAspect - Method arguments:[Ljava.lang.Object;@1e60cb3c
2022-10-16 16:57:28 [http-nio-8081-exec-1] INFO  com.capstone.aspect.LoggerAspect - *************************************
2022-10-16 16:57:28 [http-nio-8081-exec-1] INFO  com.capstone.aspect.LoggerAspect - During: class com.capstone.service.EmiServiceImp.getEmiData() with arguments=emi [s_no=10, loanaccno=202211051, loan_status=active, emi_amount=11973.122, upcomming_payment_date=2022-11-07, remaining_amount=500000.0]
2022-10-16 16:57:28 [http-nio-8081-exec-1] INFO  com.capstone.aspect.LoggerAspect - *************************************
2022-10-16 16:57:28 [http-nio-8081-exec-1] INFO  com.capstone.aspect.LoggerAspect - Method name: com.capstone.service.EmiServiceImp
2022-10-16 16:57:28 [http-nio-8081-exec-1] INFO  com.capstone.aspect.LoggerAspect - Method arguments:[Ljava.lang.Object;@6eec3ec6
2022-10-16 16:57:28 [http-nio-8081-exec-1] INFO  com.capstone.aspect.LoggerAspect - *************************************
2022-10-16 16:57:28 [http-nio-8081-exec-1] INFO  com.capstone.aspect.LoggerAspect - During: class com.capstone.service.EmiServiceImp.getEmiData() with arguments=emi [s_no=10, loanaccno=202211051, loan_status=active, emi_amount=11973.122, upcomming_payment_date=2022-11-07, remaining_amount=500000.0]
2022-10-16 16:57:28 [http-nio-8081-exec-1] INFO  com.capstone.aspect.LoggerAspect - *************************************
2022-10-16 16:57:28 [http-nio-8081-exec-1] INFO  com.capstone.aspect.LoggerAspect - During: class com.capstone.controller.EmiController.getemiofAccount() with arguments=<200 OK OK,emi [s_no=10, loanaccno=202211051, loan_status=active, emi_amount=11973.122, upcomming_payment_date=2022-11-07, remaining_amount=500000.0],[]>
2022-10-16 16:57:28 [http-nio-8081-exec-1] INFO  com.capstone.aspect.LoggerAspect - *************************************
2022-10-16 16:59:30 [AsyncResolver-bootstrap-executor-0] INFO  c.n.d.s.r.aws.ConfigClusterResolver - Resolving eureka endpoints via configuration
2022-10-16 17:04:30 [AsyncResolver-bootstrap-executor-0] INFO  c.n.d.s.r.aws.ConfigClusterResolver - Resolving eureka endpoints via configuration
2022-10-16 17:09:30 [AsyncResolver-bootstrap-executor-0] INFO  c.n.d.s.r.aws.ConfigClusterResolver - Resolving eureka endpoints via configuration
2022-10-16 17:14:30 [AsyncResolver-bootstrap-executor-0] INFO  c.n.d.s.r.aws.ConfigClusterResolver - Resolving eureka endpoints via configuration
2022-10-16 17:19:30 [AsyncResolver-bootstrap-executor-0] INFO  c.n.d.s.r.aws.ConfigClusterResolver - Resolving eureka endpoints via configuration
2022-10-16 17:24:30 [AsyncResolver-bootstrap-executor-0] INFO  c.n.d.s.r.aws.ConfigClusterResolver - Resolving eureka endpoints via configuration
2022-10-16 17:29:30 [AsyncResolver-bootstrap-executor-0] INFO  c.n.d.s.r.aws.ConfigClusterResolver - Resolving eureka endpoints via configuration
2022-10-16 17:34:30 [AsyncResolver-bootstrap-executor-0] INFO  c.n.d.s.r.aws.ConfigClusterResolver - Resolving eureka endpoints via configuration
2022-10-16 17:39:30 [AsyncResolver-bootstrap-executor-0] INFO  c.n.d.s.r.aws.ConfigClusterResolver - Resolving eureka endpoints via configuration
2022-10-16 17:44:30 [AsyncResolver-bootstrap-executor-0] INFO  c.n.d.s.r.aws.ConfigClusterResolver - Resolving eureka endpoints via configuration
2022-10-16 17:48:10 [http-nio-8081-exec-2] INFO  com.capstone.aspect.LoggerAspect - Method name: com.capstone.controller.EmiController
2022-10-16 17:48:10 [http-nio-8081-exec-2] INFO  com.capstone.aspect.LoggerAspect - Method arguments:[Ljava.lang.Object;@1548d90f
2022-10-16 17:48:10 [http-nio-8081-exec-2] INFO  com.capstone.aspect.LoggerAspect - *************************************
2022-10-16 17:48:10 [http-nio-8081-exec-2] INFO  com.capstone.aspect.LoggerAspect - Method name: com.capstone.service.EmiServiceImp
2022-10-16 17:48:10 [http-nio-8081-exec-2] INFO  com.capstone.aspect.LoggerAspect - Method arguments:[Ljava.lang.Object;@1bf60832
2022-10-16 17:48:10 [http-nio-8081-exec-2] INFO  com.capstone.aspect.LoggerAspect - *************************************
2022-10-16 17:48:10 [http-nio-8081-exec-2] INFO  com.capstone.aspect.LoggerAspect - During: class com.capstone.service.EmiServiceImp.getEmiData() with arguments=emi [s_no=10, loanaccno=202211051, loan_status=active, emi_amount=11973.122, upcomming_payment_date=2022-11-07, remaining_amount=500000.0]
2022-10-16 17:48:10 [http-nio-8081-exec-2] INFO  com.capstone.aspect.LoggerAspect - *************************************
2022-10-16 17:48:10 [http-nio-8081-exec-2] INFO  com.capstone.aspect.LoggerAspect - Method name: com.capstone.service.EmiServiceImp
2022-10-16 17:48:10 [http-nio-8081-exec-2] INFO  com.capstone.aspect.LoggerAspect - Method arguments:[Ljava.lang.Object;@666eccc5
2022-10-16 17:48:10 [http-nio-8081-exec-2] INFO  com.capstone.aspect.LoggerAspect - *************************************
2022-10-16 17:48:10 [http-nio-8081-exec-2] INFO  com.capstone.aspect.LoggerAspect - During: class com.capstone.service.EmiServiceImp.getEmiData() with arguments=emi [s_no=10, loanaccno=202211051, loan_status=active, emi_amount=11973.122, upcomming_payment_date=2022-11-07, remaining_amount=500000.0]
2022-10-16 17:48:10 [http-nio-8081-exec-2] INFO  com.capstone.aspect.LoggerAspect - *************************************
2022-10-16 17:48:10 [http-nio-8081-exec-2] INFO  com.capstone.aspect.LoggerAspect - During: class com.capstone.controller.EmiController.getemiofAccount() with arguments=<200 OK OK,emi [s_no=10, loanaccno=202211051, loan_status=active, emi_amount=11973.122, upcomming_payment_date=2022-11-07, remaining_amount=500000.0],[]>
2022-10-16 17:48:10 [http-nio-8081-exec-2] INFO  com.capstone.aspect.LoggerAspect - *************************************
2022-10-16 17:48:11 [http-nio-8081-exec-4] INFO  com.capstone.aspect.LoggerAspect - Method name: com.capstone.controller.EmiController
2022-10-16 17:48:11 [http-nio-8081-exec-4] INFO  com.capstone.aspect.LoggerAspect - Method arguments:[Ljava.lang.Object;@7da06e10
2022-10-16 17:48:11 [http-nio-8081-exec-4] INFO  com.capstone.aspect.LoggerAspect - *************************************
2022-10-16 17:48:11 [http-nio-8081-exec-4] INFO  com.capstone.aspect.LoggerAspect - Method name: com.capstone.service.EmiServiceImp
2022-10-16 17:48:11 [http-nio-8081-exec-4] INFO  com.capstone.aspect.LoggerAspect - Method arguments:[Ljava.lang.Object;@21130bd2
2022-10-16 17:48:11 [http-nio-8081-exec-4] INFO  com.capstone.aspect.LoggerAspect - *************************************
2022-10-16 17:48:11 [http-nio-8081-exec-4] INFO  com.capstone.aspect.LoggerAspect - During: class com.capstone.service.EmiServiceImp.getEmiData() with arguments=emi [s_no=10, loanaccno=202211051, loan_status=active, emi_amount=11973.122, upcomming_payment_date=2022-11-07, remaining_amount=500000.0]
2022-10-16 17:48:11 [http-nio-8081-exec-4] INFO  com.capstone.aspect.LoggerAspect - *************************************
2022-10-16 17:48:11 [http-nio-8081-exec-4] INFO  com.capstone.aspect.LoggerAspect - Method name: com.capstone.service.EmiServiceImp
2022-10-16 17:48:11 [http-nio-8081-exec-4] INFO  com.capstone.aspect.LoggerAspect - Method arguments:[Ljava.lang.Object;@189a9785
2022-10-16 17:48:11 [http-nio-8081-exec-4] INFO  com.capstone.aspect.LoggerAspect - *************************************
2022-10-16 17:48:11 [http-nio-8081-exec-4] INFO  com.capstone.aspect.LoggerAspect - During: class com.capstone.service.EmiServiceImp.getEmiData() with arguments=emi [s_no=10, loanaccno=202211051, loan_status=active, emi_amount=11973.122, upcomming_payment_date=2022-11-07, remaining_amount=500000.0]
2022-10-16 17:48:11 [http-nio-8081-exec-4] INFO  com.capstone.aspect.LoggerAspect - *************************************
2022-10-16 17:48:11 [http-nio-8081-exec-4] INFO  com.capstone.aspect.LoggerAspect - During: class com.capstone.controller.EmiController.getemiofAccount() with arguments=<200 OK OK,emi [s_no=10, loanaccno=202211051, loan_status=active, emi_amount=11973.122, upcomming_payment_date=2022-11-07, remaining_amount=500000.0],[]>
2022-10-16 17:48:11 [http-nio-8081-exec-4] INFO  com.capstone.aspect.LoggerAspect - *************************************
2022-10-16 17:48:18 [http-nio-8081-exec-3] INFO  com.capstone.aspect.LoggerAspect - Method name: com.capstone.controller.EmiController
2022-10-16 17:48:18 [http-nio-8081-exec-3] INFO  com.capstone.aspect.LoggerAspect - Method arguments:[Ljava.lang.Object;@3bd56ae7
2022-10-16 17:48:18 [http-nio-8081-exec-3] INFO  com.capstone.aspect.LoggerAspect - *************************************
2022-10-16 17:48:18 [http-nio-8081-exec-3] INFO  com.capstone.aspect.LoggerAspect - Method name: com.capstone.service.EmiServiceImp
2022-10-16 17:48:18 [http-nio-8081-exec-3] INFO  com.capstone.aspect.LoggerAspect - Method arguments:[Ljava.lang.Object;@75730a86
2022-10-16 17:48:18 [http-nio-8081-exec-3] INFO  com.capstone.aspect.LoggerAspect - *************************************
2022-10-16 17:48:18 [http-nio-8081-exec-3] INFO  com.capstone.aspect.LoggerAspect - During: class com.capstone.service.EmiServiceImp.getEmiData() with arguments=emi [s_no=10, loanaccno=202211051, loan_status=active, emi_amount=11973.122, upcomming_payment_date=2022-11-07, remaining_amount=500000.0]
2022-10-16 17:48:18 [http-nio-8081-exec-3] INFO  com.capstone.aspect.LoggerAspect - *************************************
2022-10-16 17:48:18 [http-nio-8081-exec-3] INFO  com.capstone.aspect.LoggerAspect - Method name: com.capstone.service.EmiServiceImp
2022-10-16 17:48:18 [http-nio-8081-exec-3] INFO  com.capstone.aspect.LoggerAspect - Method arguments:[Ljava.lang.Object;@379e62a9
2022-10-16 17:48:18 [http-nio-8081-exec-3] INFO  com.capstone.aspect.LoggerAspect - *************************************
2022-10-16 17:48:18 [http-nio-8081-exec-3] INFO  com.capstone.aspect.LoggerAspect - During: class com.capstone.service.EmiServiceImp.getEmiData() with arguments=emi [s_no=10, loanaccno=202211051, loan_status=active, emi_amount=11973.122, upcomming_payment_date=2022-11-07, remaining_amount=500000.0]
2022-10-16 17:48:18 [http-nio-8081-exec-3] INFO  com.capstone.aspect.LoggerAspect - *************************************
2022-10-16 17:48:18 [http-nio-8081-exec-3] INFO  com.capstone.aspect.LoggerAspect - During: class com.capstone.controller.EmiController.getemiofAccount() with arguments=<200 OK OK,emi [s_no=10, loanaccno=202211051, loan_status=active, emi_amount=11973.122, upcomming_payment_date=2022-11-07, remaining_amount=500000.0],[]>
2022-10-16 17:48:18 [http-nio-8081-exec-3] INFO  com.capstone.aspect.LoggerAspect - *************************************
2022-10-16 17:48:19 [http-nio-8081-exec-5] INFO  com.capstone.aspect.LoggerAspect - Method name: com.capstone.controller.EmiController
2022-10-16 17:48:19 [http-nio-8081-exec-5] INFO  com.capstone.aspect.LoggerAspect - Method arguments:[Ljava.lang.Object;@256f9217
2022-10-16 17:48:19 [http-nio-8081-exec-5] INFO  com.capstone.aspect.LoggerAspect - *************************************
2022-10-16 17:48:19 [http-nio-8081-exec-5] INFO  com.capstone.aspect.LoggerAspect - Method name: com.capstone.service.EmiServiceImp
2022-10-16 17:48:19 [http-nio-8081-exec-5] INFO  com.capstone.aspect.LoggerAspect - Method arguments:[Ljava.lang.Object;@282c0fb1
2022-10-16 17:48:19 [http-nio-8081-exec-5] INFO  com.capstone.aspect.LoggerAspect - *************************************
2022-10-16 17:48:19 [http-nio-8081-exec-5] INFO  com.capstone.aspect.LoggerAspect - During: class com.capstone.service.EmiServiceImp.getEmiData() with arguments=emi [s_no=10, loanaccno=202211051, loan_status=active, emi_amount=11973.122, upcomming_payment_date=2022-11-07, remaining_amount=500000.0]
2022-10-16 17:48:19 [http-nio-8081-exec-5] INFO  com.capstone.aspect.LoggerAspect - *************************************
2022-10-16 17:48:19 [http-nio-8081-exec-5] INFO  com.capstone.aspect.LoggerAspect - Method name: com.capstone.service.EmiServiceImp
2022-10-16 17:48:19 [http-nio-8081-exec-5] INFO  com.capstone.aspect.LoggerAspect - Method arguments:[Ljava.lang.Object;@6ead82e4
2022-10-16 17:48:19 [http-nio-8081-exec-5] INFO  com.capstone.aspect.LoggerAspect - *************************************
2022-10-16 17:48:19 [http-nio-8081-exec-5] INFO  com.capstone.aspect.LoggerAspect - During: class com.capstone.service.EmiServiceImp.getEmiData() with arguments=emi [s_no=10, loanaccno=202211051, loan_status=active, emi_amount=11973.122, upcomming_payment_date=2022-11-07, remaining_amount=500000.0]
2022-10-16 17:48:19 [http-nio-8081-exec-5] INFO  com.capstone.aspect.LoggerAspect - *************************************
2022-10-16 17:48:19 [http-nio-8081-exec-5] INFO  com.capstone.aspect.LoggerAspect - During: class com.capstone.controller.EmiController.getemiofAccount() with arguments=<200 OK OK,emi [s_no=10, loanaccno=202211051, loan_status=active, emi_amount=11973.122, upcomming_payment_date=2022-11-07, remaining_amount=500000.0],[]>
2022-10-16 17:48:19 [http-nio-8081-exec-5] INFO  com.capstone.aspect.LoggerAspect - *************************************
2022-10-16 17:48:22 [http-nio-8081-exec-6] INFO  com.capstone.aspect.LoggerAspect - Method name: com.capstone.controller.EmiController
2022-10-16 17:48:22 [http-nio-8081-exec-6] INFO  com.capstone.aspect.LoggerAspect - Method arguments:[Ljava.lang.Object;@11f3b165
2022-10-16 17:48:22 [http-nio-8081-exec-6] INFO  com.capstone.aspect.LoggerAspect - *************************************
2022-10-16 17:48:22 [http-nio-8081-exec-6] INFO  com.capstone.aspect.LoggerAspect - Method name: com.capstone.service.EmiServiceImp
2022-10-16 17:48:22 [http-nio-8081-exec-6] INFO  com.capstone.aspect.LoggerAspect - Method arguments:[Ljava.lang.Object;@3dc95ab
2022-10-16 17:48:22 [http-nio-8081-exec-6] INFO  com.capstone.aspect.LoggerAspect - *************************************
2022-10-16 17:48:22 [http-nio-8081-exec-6] INFO  com.capstone.aspect.LoggerAspect - During: class com.capstone.service.EmiServiceImp.getEmiData() with arguments=emi [s_no=10, loanaccno=202211051, loan_status=active, emi_amount=11973.122, upcomming_payment_date=2022-11-07, remaining_amount=500000.0]
2022-10-16 17:48:22 [http-nio-8081-exec-6] INFO  com.capstone.aspect.LoggerAspect - *************************************
2022-10-16 17:48:22 [http-nio-8081-exec-6] INFO  com.capstone.aspect.LoggerAspect - Method name: com.capstone.service.EmiServiceImp
2022-10-16 17:48:22 [http-nio-8081-exec-6] INFO  com.capstone.aspect.LoggerAspect - Method arguments:[Ljava.lang.Object;@67a7ac94
2022-10-16 17:48:22 [http-nio-8081-exec-6] INFO  com.capstone.aspect.LoggerAspect - *************************************
2022-10-16 17:48:22 [http-nio-8081-exec-6] INFO  com.capstone.aspect.LoggerAspect - During: class com.capstone.service.EmiServiceImp.getEmiData() with arguments=emi [s_no=10, loanaccno=202211051, loan_status=active, emi_amount=11973.122, upcomming_payment_date=2022-11-07, remaining_amount=500000.0]
2022-10-16 17:48:22 [http-nio-8081-exec-6] INFO  com.capstone.aspect.LoggerAspect - *************************************
2022-10-16 17:48:22 [http-nio-8081-exec-6] INFO  com.capstone.aspect.LoggerAspect - During: class com.capstone.controller.EmiController.getemiofAccount() with arguments=<200 OK OK,emi [s_no=10, loanaccno=202211051, loan_status=active, emi_amount=11973.122, upcomming_payment_date=2022-11-07, remaining_amount=500000.0],[]>
2022-10-16 17:48:22 [http-nio-8081-exec-6] INFO  com.capstone.aspect.LoggerAspect - *************************************
2022-10-16 17:48:37 [http-nio-8081-exec-7] INFO  com.capstone.aspect.LoggerAspect - Method name: com.capstone.controller.EmiController
2022-10-16 17:48:37 [http-nio-8081-exec-7] INFO  com.capstone.aspect.LoggerAspect - Method arguments:[Ljava.lang.Object;@67ff0fa3
2022-10-16 17:48:37 [http-nio-8081-exec-7] INFO  com.capstone.aspect.LoggerAspect - *************************************
2022-10-16 17:48:37 [http-nio-8081-exec-7] INFO  com.capstone.aspect.LoggerAspect - Method name: com.capstone.service.EmiServiceImp
2022-10-16 17:48:37 [http-nio-8081-exec-7] INFO  com.capstone.aspect.LoggerAspect - Method arguments:[Ljava.lang.Object;@ff211e6
2022-10-16 17:48:37 [http-nio-8081-exec-7] INFO  com.capstone.aspect.LoggerAspect - *************************************
2022-10-16 17:48:37 [http-nio-8081-exec-7] INFO  com.capstone.aspect.LoggerAspect - During: class com.capstone.service.EmiServiceImp.getEmiData() with arguments=emi [s_no=10, loanaccno=202211051, loan_status=active, emi_amount=11973.122, upcomming_payment_date=2022-11-07, remaining_amount=500000.0]
2022-10-16 17:48:37 [http-nio-8081-exec-7] INFO  com.capstone.aspect.LoggerAspect - *************************************
2022-10-16 17:48:37 [http-nio-8081-exec-7] INFO  com.capstone.aspect.LoggerAspect - Method name: com.capstone.service.EmiServiceImp
2022-10-16 17:48:37 [http-nio-8081-exec-7] INFO  com.capstone.aspect.LoggerAspect - Method arguments:[Ljava.lang.Object;@2bd14e1c
2022-10-16 17:48:37 [http-nio-8081-exec-7] INFO  com.capstone.aspect.LoggerAspect - *************************************
2022-10-16 17:48:37 [http-nio-8081-exec-7] INFO  com.capstone.aspect.LoggerAspect - During: class com.capstone.service.EmiServiceImp.getEmiData() with arguments=emi [s_no=10, loanaccno=202211051, loan_status=active, emi_amount=11973.122, upcomming_payment_date=2022-11-07, remaining_amount=500000.0]
2022-10-16 17:48:37 [http-nio-8081-exec-7] INFO  com.capstone.aspect.LoggerAspect - *************************************
2022-10-16 17:48:37 [http-nio-8081-exec-7] INFO  com.capstone.aspect.LoggerAspect - During: class com.capstone.controller.EmiController.getemiofAccount() with arguments=<200 OK OK,emi [s_no=10, loanaccno=202211051, loan_status=active, emi_amount=11973.122, upcomming_payment_date=2022-11-07, remaining_amount=500000.0],[]>
2022-10-16 17:48:37 [http-nio-8081-exec-7] INFO  com.capstone.aspect.LoggerAspect - *************************************
2022-10-16 17:48:38 [http-nio-8081-exec-9] INFO  com.capstone.aspect.LoggerAspect - Method name: com.capstone.controller.EmiController
2022-10-16 17:48:38 [http-nio-8081-exec-9] INFO  com.capstone.aspect.LoggerAspect - Method arguments:[Ljava.lang.Object;@61cca7a0
2022-10-16 17:48:38 [http-nio-8081-exec-9] INFO  com.capstone.aspect.LoggerAspect - *************************************
2022-10-16 17:48:38 [http-nio-8081-exec-9] INFO  com.capstone.aspect.LoggerAspect - Method name: com.capstone.service.EmiServiceImp
2022-10-16 17:48:38 [http-nio-8081-exec-9] INFO  com.capstone.aspect.LoggerAspect - Method arguments:[Ljava.lang.Object;@f0e7bec
2022-10-16 17:48:38 [http-nio-8081-exec-9] INFO  com.capstone.aspect.LoggerAspect - *************************************
2022-10-16 17:48:38 [http-nio-8081-exec-9] INFO  com.capstone.aspect.LoggerAspect - During: class com.capstone.service.EmiServiceImp.getEmiData() with arguments=emi [s_no=10, loanaccno=202211051, loan_status=active, emi_amount=11973.122, upcomming_payment_date=2022-11-07, remaining_amount=500000.0]
2022-10-16 17:48:38 [http-nio-8081-exec-9] INFO  com.capstone.aspect.LoggerAspect - *************************************
2022-10-16 17:48:38 [http-nio-8081-exec-9] INFO  com.capstone.aspect.LoggerAspect - Method name: com.capstone.service.EmiServiceImp
2022-10-16 17:48:38 [http-nio-8081-exec-9] INFO  com.capstone.aspect.LoggerAspect - Method arguments:[Ljava.lang.Object;@4bf7d3c7
2022-10-16 17:48:38 [http-nio-8081-exec-9] INFO  com.capstone.aspect.LoggerAspect - *************************************
2022-10-16 17:48:38 [http-nio-8081-exec-9] INFO  com.capstone.aspect.LoggerAspect - During: class com.capstone.service.EmiServiceImp.getEmiData() with arguments=emi [s_no=10, loanaccno=202211051, loan_status=active, emi_amount=11973.122, upcomming_payment_date=2022-11-07, remaining_amount=500000.0]
2022-10-16 17:48:38 [http-nio-8081-exec-9] INFO  com.capstone.aspect.LoggerAspect - *************************************
2022-10-16 17:48:38 [http-nio-8081-exec-9] INFO  com.capstone.aspect.LoggerAspect - During: class com.capstone.controller.EmiController.getemiofAccount() with arguments=<200 OK OK,emi [s_no=10, loanaccno=202211051, loan_status=active, emi_amount=11973.122, upcomming_payment_date=2022-11-07, remaining_amount=500000.0],[]>
2022-10-16 17:48:38 [http-nio-8081-exec-9] INFO  com.capstone.aspect.LoggerAspect - *************************************
2022-10-16 17:49:19 [http-nio-8081-exec-8] INFO  com.capstone.aspect.LoggerAspect - Method name: com.capstone.controller.EmiController
2022-10-16 17:49:19 [http-nio-8081-exec-8] INFO  com.capstone.aspect.LoggerAspect - Method arguments:[Ljava.lang.Object;@798e6126
2022-10-16 17:49:19 [http-nio-8081-exec-8] INFO  com.capstone.aspect.LoggerAspect - *************************************
2022-10-16 17:49:19 [http-nio-8081-exec-8] INFO  com.capstone.aspect.LoggerAspect - Method name: com.capstone.service.EmiServiceImp
2022-10-16 17:49:19 [http-nio-8081-exec-8] INFO  com.capstone.aspect.LoggerAspect - Method arguments:[Ljava.lang.Object;@4eb367c4
2022-10-16 17:49:19 [http-nio-8081-exec-8] INFO  com.capstone.aspect.LoggerAspect - *************************************
2022-10-16 17:49:19 [http-nio-8081-exec-8] INFO  com.capstone.aspect.LoggerAspect - During: class com.capstone.service.EmiServiceImp.getEmiData() with arguments=emi [s_no=10, loanaccno=202211051, loan_status=active, emi_amount=11973.122, upcomming_payment_date=2022-11-07, remaining_amount=500000.0]
2022-10-16 17:49:19 [http-nio-8081-exec-8] INFO  com.capstone.aspect.LoggerAspect - *************************************
2022-10-16 17:49:19 [http-nio-8081-exec-8] INFO  com.capstone.aspect.LoggerAspect - Method name: com.capstone.service.EmiServiceImp
2022-10-16 17:49:19 [http-nio-8081-exec-8] INFO  com.capstone.aspect.LoggerAspect - Method arguments:[Ljava.lang.Object;@58042e78
2022-10-16 17:49:19 [http-nio-8081-exec-8] INFO  com.capstone.aspect.LoggerAspect - *************************************
2022-10-16 17:49:19 [http-nio-8081-exec-8] INFO  com.capstone.aspect.LoggerAspect - During: class com.capstone.service.EmiServiceImp.getEmiData() with arguments=emi [s_no=10, loanaccno=202211051, loan_status=active, emi_amount=11973.122, upcomming_payment_date=2022-11-07, remaining_amount=500000.0]
2022-10-16 17:49:19 [http-nio-8081-exec-8] INFO  com.capstone.aspect.LoggerAspect - *************************************
2022-10-16 17:49:19 [http-nio-8081-exec-8] INFO  com.capstone.aspect.LoggerAspect - During: class com.capstone.controller.EmiController.getemiofAccount() with arguments=<200 OK OK,emi [s_no=10, loanaccno=202211051, loan_status=active, emi_amount=11973.122, upcomming_payment_date=2022-11-07, remaining_amount=500000.0],[]>
2022-10-16 17:49:19 [http-nio-8081-exec-8] INFO  com.capstone.aspect.LoggerAspect - *************************************
2022-10-16 17:49:20 [http-nio-8081-exec-1] INFO  com.capstone.aspect.LoggerAspect - Method name: com.capstone.controller.EmiController
2022-10-16 17:49:20 [http-nio-8081-exec-1] INFO  com.capstone.aspect.LoggerAspect - Method arguments:[Ljava.lang.Object;@70904601
2022-10-16 17:49:20 [http-nio-8081-exec-1] INFO  com.capstone.aspect.LoggerAspect - *************************************
2022-10-16 17:49:20 [http-nio-8081-exec-1] INFO  com.capstone.aspect.LoggerAspect - Method name: com.capstone.service.EmiServiceImp
2022-10-16 17:49:20 [http-nio-8081-exec-1] INFO  com.capstone.aspect.LoggerAspect - Method arguments:[Ljava.lang.Object;@3abd987b
2022-10-16 17:49:20 [http-nio-8081-exec-1] INFO  com.capstone.aspect.LoggerAspect - *************************************
2022-10-16 17:49:20 [http-nio-8081-exec-1] INFO  com.capstone.aspect.LoggerAspect - During: class com.capstone.service.EmiServiceImp.getEmiData() with arguments=emi [s_no=10, loanaccno=202211051, loan_status=active, emi_amount=11973.122, upcomming_payment_date=2022-11-07, remaining_amount=500000.0]
2022-10-16 17:49:20 [http-nio-8081-exec-1] INFO  com.capstone.aspect.LoggerAspect - *************************************
2022-10-16 17:49:20 [http-nio-8081-exec-1] INFO  com.capstone.aspect.LoggerAspect - Method name: com.capstone.service.EmiServiceImp
2022-10-16 17:49:20 [http-nio-8081-exec-1] INFO  com.capstone.aspect.LoggerAspect - Method arguments:[Ljava.lang.Object;@60585034
2022-10-16 17:49:20 [http-nio-8081-exec-1] INFO  com.capstone.aspect.LoggerAspect - *************************************
2022-10-16 17:49:20 [http-nio-8081-exec-1] INFO  com.capstone.aspect.LoggerAspect - During: class com.capstone.service.EmiServiceImp.getEmiData() with arguments=emi [s_no=10, loanaccno=202211051, loan_status=active, emi_amount=11973.122, upcomming_payment_date=2022-11-07, remaining_amount=500000.0]
2022-10-16 17:49:20 [http-nio-8081-exec-1] INFO  com.capstone.aspect.LoggerAspect - *************************************
2022-10-16 17:49:20 [http-nio-8081-exec-1] INFO  com.capstone.aspect.LoggerAspect - During: class com.capstone.controller.EmiController.getemiofAccount() with arguments=<200 OK OK,emi [s_no=10, loanaccno=202211051, loan_status=active, emi_amount=11973.122, upcomming_payment_date=2022-11-07, remaining_amount=500000.0],[]>
2022-10-16 17:49:20 [http-nio-8081-exec-1] INFO  com.capstone.aspect.LoggerAspect - *************************************
2022-10-16 17:49:26 [http-nio-8081-exec-10] INFO  com.capstone.aspect.LoggerAspect - Method name: com.capstone.controller.EmiController
2022-10-16 17:49:26 [http-nio-8081-exec-10] INFO  com.capstone.aspect.LoggerAspect - Method arguments:[Ljava.lang.Object;@4640b2c3
2022-10-16 17:49:26 [http-nio-8081-exec-10] INFO  com.capstone.aspect.LoggerAspect - *************************************
2022-10-16 17:49:26 [http-nio-8081-exec-10] INFO  com.capstone.aspect.LoggerAspect - Method name: com.capstone.service.EmiServiceImp
2022-10-16 17:49:26 [http-nio-8081-exec-10] INFO  com.capstone.aspect.LoggerAspect - Method arguments:[Ljava.lang.Object;@388fc51
2022-10-16 17:49:26 [http-nio-8081-exec-10] INFO  com.capstone.aspect.LoggerAspect - *************************************
2022-10-16 17:49:27 [http-nio-8081-exec-10] INFO  com.capstone.aspect.LoggerAspect - During: class com.capstone.service.EmiServiceImp.getEmiData() with arguments=emi [s_no=10, loanaccno=202211051, loan_status=active, emi_amount=11973.122, upcomming_payment_date=2022-11-07, remaining_amount=500000.0]
2022-10-16 17:49:27 [http-nio-8081-exec-10] INFO  com.capstone.aspect.LoggerAspect - *************************************
2022-10-16 17:49:27 [http-nio-8081-exec-10] INFO  com.capstone.aspect.LoggerAspect - Method name: com.capstone.service.EmiServiceImp
2022-10-16 17:49:27 [http-nio-8081-exec-10] INFO  com.capstone.aspect.LoggerAspect - Method arguments:[Ljava.lang.Object;@68608ba3
2022-10-16 17:49:27 [http-nio-8081-exec-10] INFO  com.capstone.aspect.LoggerAspect - *************************************
2022-10-16 17:49:27 [http-nio-8081-exec-10] INFO  com.capstone.aspect.LoggerAspect - During: class com.capstone.service.EmiServiceImp.getEmiData() with arguments=emi [s_no=10, loanaccno=202211051, loan_status=active, emi_amount=11973.122, upcomming_payment_date=2022-11-07, remaining_amount=500000.0]
2022-10-16 17:49:27 [http-nio-8081-exec-10] INFO  com.capstone.aspect.LoggerAspect - *************************************
2022-10-16 17:49:27 [http-nio-8081-exec-10] INFO  com.capstone.aspect.LoggerAspect - During: class com.capstone.controller.EmiController.getemiofAccount() with arguments=<200 OK OK,emi [s_no=10, loanaccno=202211051, loan_status=active, emi_amount=11973.122, upcomming_payment_date=2022-11-07, remaining_amount=500000.0],[]>
2022-10-16 17:49:27 [http-nio-8081-exec-10] INFO  com.capstone.aspect.LoggerAspect - *************************************
2022-10-16 17:49:27 [http-nio-8081-exec-2] INFO  com.capstone.aspect.LoggerAspect - Method name: com.capstone.controller.EmiController
2022-10-16 17:49:27 [http-nio-8081-exec-2] INFO  com.capstone.aspect.LoggerAspect - Method arguments:[Ljava.lang.Object;@3a675dbb
2022-10-16 17:49:27 [http-nio-8081-exec-2] INFO  com.capstone.aspect.LoggerAspect - *************************************
2022-10-16 17:49:27 [http-nio-8081-exec-2] INFO  com.capstone.aspect.LoggerAspect - Method name: com.capstone.service.EmiServiceImp
2022-10-16 17:49:27 [http-nio-8081-exec-2] INFO  com.capstone.aspect.LoggerAspect - Method arguments:[Ljava.lang.Object;@5de2a13b
2022-10-16 17:49:27 [http-nio-8081-exec-2] INFO  com.capstone.aspect.LoggerAspect - *************************************
2022-10-16 17:49:27 [http-nio-8081-exec-2] INFO  com.capstone.aspect.LoggerAspect - During: class com.capstone.service.EmiServiceImp.getEmiData() with arguments=emi [s_no=10, loanaccno=202211051, loan_status=active, emi_amount=11973.122, upcomming_payment_date=2022-11-07, remaining_amount=500000.0]
2022-10-16 17:49:27 [http-nio-8081-exec-2] INFO  com.capstone.aspect.LoggerAspect - *************************************
2022-10-16 17:49:27 [http-nio-8081-exec-2] INFO  com.capstone.aspect.LoggerAspect - Method name: com.capstone.service.EmiServiceImp
2022-10-16 17:49:27 [http-nio-8081-exec-2] INFO  com.capstone.aspect.LoggerAspect - Method arguments:[Ljava.lang.Object;@4351c822
2022-10-16 17:49:27 [http-nio-8081-exec-2] INFO  com.capstone.aspect.LoggerAspect - *************************************
2022-10-16 17:49:27 [http-nio-8081-exec-2] INFO  com.capstone.aspect.LoggerAspect - During: class com.capstone.service.EmiServiceImp.getEmiData() with arguments=emi [s_no=10, loanaccno=202211051, loan_status=active, emi_amount=11973.122, upcomming_payment_date=2022-11-07, remaining_amount=500000.0]
2022-10-16 17:49:27 [http-nio-8081-exec-2] INFO  com.capstone.aspect.LoggerAspect - *************************************
2022-10-16 17:49:27 [http-nio-8081-exec-2] INFO  com.capstone.aspect.LoggerAspect - During: class com.capstone.controller.EmiController.getemiofAccount() with arguments=<200 OK OK,emi [s_no=10, loanaccno=202211051, loan_status=active, emi_amount=11973.122, upcomming_payment_date=2022-11-07, remaining_amount=500000.0],[]>
2022-10-16 17:49:27 [http-nio-8081-exec-2] INFO  com.capstone.aspect.LoggerAspect - *************************************
2022-10-16 17:49:30 [AsyncResolver-bootstrap-executor-0] INFO  c.n.d.s.r.aws.ConfigClusterResolver - Resolving eureka endpoints via configuration
2022-10-16 17:49:38 [http-nio-8081-exec-4] INFO  com.capstone.aspect.LoggerAspect - Method name: com.capstone.controller.EmiController
2022-10-16 17:49:38 [http-nio-8081-exec-4] INFO  com.capstone.aspect.LoggerAspect - Method arguments:[Ljava.lang.Object;@457ec310
2022-10-16 17:49:38 [http-nio-8081-exec-4] INFO  com.capstone.aspect.LoggerAspect - *************************************
2022-10-16 17:49:38 [http-nio-8081-exec-4] INFO  com.capstone.aspect.LoggerAspect - Method name: com.capstone.service.EmiServiceImp
2022-10-16 17:49:38 [http-nio-8081-exec-4] INFO  com.capstone.aspect.LoggerAspect - Method arguments:[Ljava.lang.Object;@22edf0e7
2022-10-16 17:49:38 [http-nio-8081-exec-4] INFO  com.capstone.aspect.LoggerAspect - *************************************
2022-10-16 17:49:38 [http-nio-8081-exec-4] INFO  com.capstone.aspect.LoggerAspect - During: class com.capstone.service.EmiServiceImp.updateEMI() with arguments=emi [s_no=10, loanaccno=202211051, loan_status=active, emi_amount=11973.122, upcomming_payment_date=2022-12-07, remaining_amount=490843.53]
2022-10-16 17:49:38 [http-nio-8081-exec-4] INFO  com.capstone.aspect.LoggerAspect - *************************************
2022-10-16 17:49:38 [http-nio-8081-exec-4] INFO  com.capstone.aspect.LoggerAspect - During: class com.capstone.controller.EmiController.updateEMI() with arguments=<200 OK OK,{message=emi updated},[]>
2022-10-16 17:49:38 [http-nio-8081-exec-4] INFO  com.capstone.aspect.LoggerAspect - *************************************
2022-10-16 17:49:40 [http-nio-8081-exec-3] INFO  com.capstone.aspect.LoggerAspect - Method name: com.capstone.controller.EmiController
2022-10-16 17:49:40 [http-nio-8081-exec-3] INFO  com.capstone.aspect.LoggerAspect - Method arguments:[Ljava.lang.Object;@1f7080b2
2022-10-16 17:49:40 [http-nio-8081-exec-3] INFO  com.capstone.aspect.LoggerAspect - *************************************
2022-10-16 17:49:40 [http-nio-8081-exec-3] INFO  com.capstone.aspect.LoggerAspect - Method name: com.capstone.service.EmiServiceImp
2022-10-16 17:49:40 [http-nio-8081-exec-3] INFO  com.capstone.aspect.LoggerAspect - Method arguments:[Ljava.lang.Object;@8b000d
2022-10-16 17:49:40 [http-nio-8081-exec-3] INFO  com.capstone.aspect.LoggerAspect - *************************************
2022-10-16 17:49:40 [http-nio-8081-exec-3] INFO  com.capstone.aspect.LoggerAspect - During: class com.capstone.service.EmiServiceImp.getEmiData() with arguments=emi [s_no=10, loanaccno=202211051, loan_status=active, emi_amount=11973.122, upcomming_payment_date=2022-12-07, remaining_amount=490843.53]
2022-10-16 17:49:40 [http-nio-8081-exec-3] INFO  com.capstone.aspect.LoggerAspect - *************************************
2022-10-16 17:49:40 [http-nio-8081-exec-3] INFO  com.capstone.aspect.LoggerAspect - Method name: com.capstone.service.EmiServiceImp
2022-10-16 17:49:40 [http-nio-8081-exec-3] INFO  com.capstone.aspect.LoggerAspect - Method arguments:[Ljava.lang.Object;@5e45fb5f
2022-10-16 17:49:40 [http-nio-8081-exec-3] INFO  com.capstone.aspect.LoggerAspect - *************************************
2022-10-16 17:49:40 [http-nio-8081-exec-3] INFO  com.capstone.aspect.LoggerAspect - During: class com.capstone.service.EmiServiceImp.getEmiData() with arguments=emi [s_no=10, loanaccno=202211051, loan_status=active, emi_amount=11973.122, upcomming_payment_date=2022-12-07, remaining_amount=490843.53]
2022-10-16 17:49:40 [http-nio-8081-exec-3] INFO  com.capstone.aspect.LoggerAspect - *************************************
2022-10-16 17:49:40 [http-nio-8081-exec-3] INFO  com.capstone.aspect.LoggerAspect - During: class com.capstone.controller.EmiController.getemiofAccount() with arguments=<200 OK OK,emi [s_no=10, loanaccno=202211051, loan_status=active, emi_amount=11973.122, upcomming_payment_date=2022-12-07, remaining_amount=490843.53],[]>
2022-10-16 17:49:40 [http-nio-8081-exec-3] INFO  com.capstone.aspect.LoggerAspect - *************************************
2022-10-16 17:49:41 [http-nio-8081-exec-5] INFO  com.capstone.aspect.LoggerAspect - Method name: com.capstone.controller.EmiController
2022-10-16 17:49:41 [http-nio-8081-exec-5] INFO  com.capstone.aspect.LoggerAspect - Method arguments:[Ljava.lang.Object;@2eaf32e7
2022-10-16 17:49:41 [http-nio-8081-exec-5] INFO  com.capstone.aspect.LoggerAspect - *************************************
2022-10-16 17:49:41 [http-nio-8081-exec-5] INFO  com.capstone.aspect.LoggerAspect - Method name: com.capstone.service.EmiServiceImp
2022-10-16 17:49:41 [http-nio-8081-exec-5] INFO  com.capstone.aspect.LoggerAspect - Method arguments:[Ljava.lang.Object;@202d5c8c
2022-10-16 17:49:41 [http-nio-8081-exec-5] INFO  com.capstone.aspect.LoggerAspect - *************************************
2022-10-16 17:49:41 [http-nio-8081-exec-5] INFO  com.capstone.aspect.LoggerAspect - During: class com.capstone.service.EmiServiceImp.getEmiData() with arguments=emi [s_no=10, loanaccno=202211051, loan_status=active, emi_amount=11973.122, upcomming_payment_date=2022-12-07, remaining_amount=490843.53]
2022-10-16 17:49:41 [http-nio-8081-exec-5] INFO  com.capstone.aspect.LoggerAspect - *************************************
2022-10-16 17:49:41 [http-nio-8081-exec-5] INFO  com.capstone.aspect.LoggerAspect - Method name: com.capstone.service.EmiServiceImp
2022-10-16 17:49:41 [http-nio-8081-exec-5] INFO  com.capstone.aspect.LoggerAspect - Method arguments:[Ljava.lang.Object;@7b96560f
2022-10-16 17:49:41 [http-nio-8081-exec-5] INFO  com.capstone.aspect.LoggerAspect - *************************************
2022-10-16 17:49:41 [http-nio-8081-exec-5] INFO  com.capstone.aspect.LoggerAspect - During: class com.capstone.service.EmiServiceImp.getEmiData() with arguments=emi [s_no=10, loanaccno=202211051, loan_status=active, emi_amount=11973.122, upcomming_payment_date=2022-12-07, remaining_amount=490843.53]
2022-10-16 17:49:41 [http-nio-8081-exec-5] INFO  com.capstone.aspect.LoggerAspect - *************************************
2022-10-16 17:49:41 [http-nio-8081-exec-5] INFO  com.capstone.aspect.LoggerAspect - During: class com.capstone.controller.EmiController.getemiofAccount() with arguments=<200 OK OK,emi [s_no=10, loanaccno=202211051, loan_status=active, emi_amount=11973.122, upcomming_payment_date=2022-12-07, remaining_amount=490843.53],[]>
2022-10-16 17:49:41 [http-nio-8081-exec-5] INFO  com.capstone.aspect.LoggerAspect - *************************************
2022-10-16 17:49:48 [http-nio-8081-exec-6] INFO  com.capstone.aspect.LoggerAspect - Method name: com.capstone.controller.EmiController
2022-10-16 17:49:48 [http-nio-8081-exec-6] INFO  com.capstone.aspect.LoggerAspect - Method arguments:[Ljava.lang.Object;@1b142ab4
2022-10-16 17:49:48 [http-nio-8081-exec-6] INFO  com.capstone.aspect.LoggerAspect - *************************************
2022-10-16 17:49:48 [http-nio-8081-exec-6] INFO  com.capstone.aspect.LoggerAspect - Method name: com.capstone.service.EmiServiceImp
2022-10-16 17:49:48 [http-nio-8081-exec-6] INFO  com.capstone.aspect.LoggerAspect - Method arguments:[Ljava.lang.Object;@4cc59375
2022-10-16 17:49:48 [http-nio-8081-exec-6] INFO  com.capstone.aspect.LoggerAspect - *************************************
2022-10-16 17:49:48 [http-nio-8081-exec-6] INFO  com.capstone.aspect.LoggerAspect - During: class com.capstone.service.EmiServiceImp.updateEMI() with arguments=emi [s_no=10, loanaccno=202211051, loan_status=closed, emi_amount=0.0, upcomming_payment_date=2022-12-07, remaining_amount=0.0]
2022-10-16 17:49:48 [http-nio-8081-exec-6] INFO  com.capstone.aspect.LoggerAspect - *************************************
2022-10-16 17:49:48 [http-nio-8081-exec-6] INFO  com.capstone.aspect.LoggerAspect - During: class com.capstone.controller.EmiController.updateEMI() with arguments=<200 OK OK,{message=emi updated},[]>
2022-10-16 17:49:48 [http-nio-8081-exec-6] INFO  com.capstone.aspect.LoggerAspect - *************************************
2022-10-16 17:49:54 [http-nio-8081-exec-7] INFO  com.capstone.aspect.LoggerAspect - Method name: com.capstone.controller.EmiController
2022-10-16 17:49:54 [http-nio-8081-exec-7] INFO  com.capstone.aspect.LoggerAspect - Method arguments:[Ljava.lang.Object;@47d78485
2022-10-16 17:49:54 [http-nio-8081-exec-7] INFO  com.capstone.aspect.LoggerAspect - *************************************
2022-10-16 17:49:54 [http-nio-8081-exec-7] INFO  com.capstone.aspect.LoggerAspect - Method name: com.capstone.service.EmiServiceImp
2022-10-16 17:49:54 [http-nio-8081-exec-7] INFO  com.capstone.aspect.LoggerAspect - Method arguments:[Ljava.lang.Object;@79cb4fd2
2022-10-16 17:49:54 [http-nio-8081-exec-7] INFO  com.capstone.aspect.LoggerAspect - *************************************
2022-10-16 17:49:54 [http-nio-8081-exec-7] INFO  com.capstone.aspect.LoggerAspect - During: class com.capstone.service.EmiServiceImp.getEmiData() with arguments=emi [s_no=10, loanaccno=202211051, loan_status=closed, emi_amount=0.0, upcomming_payment_date=2022-12-07, remaining_amount=0.0]
2022-10-16 17:49:54 [http-nio-8081-exec-7] INFO  com.capstone.aspect.LoggerAspect - *************************************
2022-10-16 17:49:54 [http-nio-8081-exec-7] INFO  com.capstone.aspect.LoggerAspect - Method name: com.capstone.service.EmiServiceImp
2022-10-16 17:49:54 [http-nio-8081-exec-7] INFO  com.capstone.aspect.LoggerAspect - Method arguments:[Ljava.lang.Object;@625b50be
2022-10-16 17:49:54 [http-nio-8081-exec-7] INFO  com.capstone.aspect.LoggerAspect - *************************************
2022-10-16 17:49:54 [http-nio-8081-exec-7] INFO  com.capstone.aspect.LoggerAspect - During: class com.capstone.service.EmiServiceImp.getEmiData() with arguments=emi [s_no=10, loanaccno=202211051, loan_status=closed, emi_amount=0.0, upcomming_payment_date=2022-12-07, remaining_amount=0.0]
2022-10-16 17:49:54 [http-nio-8081-exec-7] INFO  com.capstone.aspect.LoggerAspect - *************************************
2022-10-16 17:49:54 [http-nio-8081-exec-7] INFO  com.capstone.aspect.LoggerAspect - During: class com.capstone.controller.EmiController.getemiofAccount() with arguments=<200 OK OK,emi [s_no=10, loanaccno=202211051, loan_status=closed, emi_amount=0.0, upcomming_payment_date=2022-12-07, remaining_amount=0.0],[]>
2022-10-16 17:49:54 [http-nio-8081-exec-7] INFO  com.capstone.aspect.LoggerAspect - *************************************
2022-10-16 17:52:19 [http-nio-8081-exec-8] INFO  com.capstone.aspect.LoggerAspect - Method name: com.capstone.controller.EmiController
2022-10-16 17:52:19 [http-nio-8081-exec-8] INFO  com.capstone.aspect.LoggerAspect - Method arguments:[Ljava.lang.Object;@7bd4c27b
2022-10-16 17:52:19 [http-nio-8081-exec-8] INFO  com.capstone.aspect.LoggerAspect - *************************************
2022-10-16 17:52:19 [http-nio-8081-exec-8] INFO  com.capstone.aspect.LoggerAspect - Method name: com.capstone.service.EmiServiceImp
2022-10-16 17:52:19 [http-nio-8081-exec-8] INFO  com.capstone.aspect.LoggerAspect - Method arguments:[Ljava.lang.Object;@6d156193
2022-10-16 17:52:19 [http-nio-8081-exec-8] INFO  com.capstone.aspect.LoggerAspect - *************************************
2022-10-16 17:52:19 [http-nio-8081-exec-8] INFO  com.capstone.aspect.LoggerAspect - During: class com.capstone.service.EmiServiceImp.getEmiData() with arguments=emi [s_no=10, loanaccno=202211051, loan_status=closed, emi_amount=0.0, upcomming_payment_date=2022-12-07, remaining_amount=0.0]
2022-10-16 17:52:19 [http-nio-8081-exec-8] INFO  com.capstone.aspect.LoggerAspect - *************************************
2022-10-16 17:52:19 [http-nio-8081-exec-8] INFO  com.capstone.aspect.LoggerAspect - Method name: com.capstone.service.EmiServiceImp
2022-10-16 17:52:19 [http-nio-8081-exec-8] INFO  com.capstone.aspect.LoggerAspect - Method arguments:[Ljava.lang.Object;@428aa27f
2022-10-16 17:52:19 [http-nio-8081-exec-8] INFO  com.capstone.aspect.LoggerAspect - *************************************
2022-10-16 17:52:19 [http-nio-8081-exec-8] INFO  com.capstone.aspect.LoggerAspect - During: class com.capstone.service.EmiServiceImp.getEmiData() with arguments=emi [s_no=10, loanaccno=202211051, loan_status=closed, emi_amount=0.0, upcomming_payment_date=2022-12-07, remaining_amount=0.0]
2022-10-16 17:52:19 [http-nio-8081-exec-8] INFO  com.capstone.aspect.LoggerAspect - *************************************
2022-10-16 17:52:19 [http-nio-8081-exec-8] INFO  com.capstone.aspect.LoggerAspect - During: class com.capstone.controller.EmiController.getemiofAccount() with arguments=<200 OK OK,emi [s_no=10, loanaccno=202211051, loan_status=closed, emi_amount=0.0, upcomming_payment_date=2022-12-07, remaining_amount=0.0],[]>
2022-10-16 17:52:19 [http-nio-8081-exec-8] INFO  com.capstone.aspect.LoggerAspect - *************************************
2022-10-16 17:52:26 [http-nio-8081-exec-1] INFO  com.capstone.aspect.LoggerAspect - Method name: com.capstone.controller.EmiController
2022-10-16 17:52:26 [http-nio-8081-exec-1] INFO  com.capstone.aspect.LoggerAspect - Method arguments:[Ljava.lang.Object;@1f2801c6
2022-10-16 17:52:26 [http-nio-8081-exec-1] INFO  com.capstone.aspect.LoggerAspect - *************************************
2022-10-16 17:52:26 [http-nio-8081-exec-1] INFO  com.capstone.aspect.LoggerAspect - Method name: com.capstone.service.EmiServiceImp
2022-10-16 17:52:26 [http-nio-8081-exec-1] INFO  com.capstone.aspect.LoggerAspect - Method arguments:[Ljava.lang.Object;@7c36525b
2022-10-16 17:52:26 [http-nio-8081-exec-1] INFO  com.capstone.aspect.LoggerAspect - *************************************
2022-10-16 17:52:26 [http-nio-8081-exec-1] INFO  com.capstone.aspect.LoggerAspect - During: class com.capstone.service.EmiServiceImp.getEmiData() with arguments=emi [s_no=10, loanaccno=202211051, loan_status=closed, emi_amount=0.0, upcomming_payment_date=2022-12-07, remaining_amount=0.0]
2022-10-16 17:52:26 [http-nio-8081-exec-1] INFO  com.capstone.aspect.LoggerAspect - *************************************
2022-10-16 17:52:26 [http-nio-8081-exec-1] INFO  com.capstone.aspect.LoggerAspect - Method name: com.capstone.service.EmiServiceImp
2022-10-16 17:52:26 [http-nio-8081-exec-1] INFO  com.capstone.aspect.LoggerAspect - Method arguments:[Ljava.lang.Object;@5a02baed
2022-10-16 17:52:26 [http-nio-8081-exec-1] INFO  com.capstone.aspect.LoggerAspect - *************************************
2022-10-16 17:52:26 [http-nio-8081-exec-1] INFO  com.capstone.aspect.LoggerAspect - During: class com.capstone.service.EmiServiceImp.getEmiData() with arguments=emi [s_no=10, loanaccno=202211051, loan_status=closed, emi_amount=0.0, upcomming_payment_date=2022-12-07, remaining_amount=0.0]
2022-10-16 17:52:26 [http-nio-8081-exec-1] INFO  com.capstone.aspect.LoggerAspect - *************************************
2022-10-16 17:52:26 [http-nio-8081-exec-1] INFO  com.capstone.aspect.LoggerAspect - During: class com.capstone.controller.EmiController.getemiofAccount() with arguments=<200 OK OK,emi [s_no=10, loanaccno=202211051, loan_status=closed, emi_amount=0.0, upcomming_payment_date=2022-12-07, remaining_amount=0.0],[]>
2022-10-16 17:52:26 [http-nio-8081-exec-1] INFO  com.capstone.aspect.LoggerAspect - *************************************
2022-10-16 17:52:28 [http-nio-8081-exec-10] INFO  com.capstone.aspect.LoggerAspect - Method name: com.capstone.controller.EmiController
2022-10-16 17:52:28 [http-nio-8081-exec-10] INFO  com.capstone.aspect.LoggerAspect - Method arguments:[Ljava.lang.Object;@8d3ab03
2022-10-16 17:52:28 [http-nio-8081-exec-10] INFO  com.capstone.aspect.LoggerAspect - *************************************
2022-10-16 17:52:28 [http-nio-8081-exec-10] INFO  com.capstone.aspect.LoggerAspect - Method name: com.capstone.service.EmiServiceImp
2022-10-16 17:52:28 [http-nio-8081-exec-10] INFO  com.capstone.aspect.LoggerAspect - Method arguments:[Ljava.lang.Object;@2837dcb3
2022-10-16 17:52:28 [http-nio-8081-exec-10] INFO  com.capstone.aspect.LoggerAspect - *************************************
2022-10-16 17:52:28 [http-nio-8081-exec-10] INFO  com.capstone.aspect.LoggerAspect - During: class com.capstone.service.EmiServiceImp.getEmiData() with arguments=emi [s_no=10, loanaccno=202211051, loan_status=closed, emi_amount=0.0, upcomming_payment_date=2022-12-07, remaining_amount=0.0]
2022-10-16 17:52:28 [http-nio-8081-exec-10] INFO  com.capstone.aspect.LoggerAspect - *************************************
2022-10-16 17:52:28 [http-nio-8081-exec-10] INFO  com.capstone.aspect.LoggerAspect - Method name: com.capstone.service.EmiServiceImp
2022-10-16 17:52:28 [http-nio-8081-exec-10] INFO  com.capstone.aspect.LoggerAspect - Method arguments:[Ljava.lang.Object;@608c9fdf
2022-10-16 17:52:28 [http-nio-8081-exec-10] INFO  com.capstone.aspect.LoggerAspect - *************************************
2022-10-16 17:52:28 [http-nio-8081-exec-10] INFO  com.capstone.aspect.LoggerAspect - During: class com.capstone.service.EmiServiceImp.getEmiData() with arguments=emi [s_no=10, loanaccno=202211051, loan_status=closed, emi_amount=0.0, upcomming_payment_date=2022-12-07, remaining_amount=0.0]
2022-10-16 17:52:28 [http-nio-8081-exec-10] INFO  com.capstone.aspect.LoggerAspect - *************************************
2022-10-16 17:52:28 [http-nio-8081-exec-10] INFO  com.capstone.aspect.LoggerAspect - During: class com.capstone.controller.EmiController.getemiofAccount() with arguments=<200 OK OK,emi [s_no=10, loanaccno=202211051, loan_status=closed, emi_amount=0.0, upcomming_payment_date=2022-12-07, remaining_amount=0.0],[]>
2022-10-16 17:52:28 [http-nio-8081-exec-10] INFO  com.capstone.aspect.LoggerAspect - *************************************
2022-10-16 17:52:35 [http-nio-8081-exec-2] INFO  com.capstone.aspect.LoggerAspect - Method name: com.capstone.controller.EmiController
2022-10-16 17:52:35 [http-nio-8081-exec-2] INFO  com.capstone.aspect.LoggerAspect - Method arguments:[Ljava.lang.Object;@3be86abc
2022-10-16 17:52:35 [http-nio-8081-exec-2] INFO  com.capstone.aspect.LoggerAspect - *************************************
2022-10-16 17:52:35 [http-nio-8081-exec-2] INFO  com.capstone.aspect.LoggerAspect - Method name: com.capstone.service.EmiServiceImp
2022-10-16 17:52:35 [http-nio-8081-exec-2] INFO  com.capstone.aspect.LoggerAspect - Method arguments:[Ljava.lang.Object;@1c1e0f12
2022-10-16 17:52:35 [http-nio-8081-exec-2] INFO  com.capstone.aspect.LoggerAspect - *************************************
2022-10-16 17:52:35 [http-nio-8081-exec-2] INFO  com.capstone.aspect.LoggerAspect - During: class com.capstone.service.EmiServiceImp.getEmiData() with arguments=emi [s_no=10, loanaccno=202211051, loan_status=closed, emi_amount=0.0, upcomming_payment_date=2022-12-07, remaining_amount=0.0]
2022-10-16 17:52:35 [http-nio-8081-exec-2] INFO  com.capstone.aspect.LoggerAspect - *************************************
2022-10-16 17:52:35 [http-nio-8081-exec-2] INFO  com.capstone.aspect.LoggerAspect - Method name: com.capstone.service.EmiServiceImp
2022-10-16 17:52:35 [http-nio-8081-exec-2] INFO  com.capstone.aspect.LoggerAspect - Method arguments:[Ljava.lang.Object;@3659f36
2022-10-16 17:52:35 [http-nio-8081-exec-2] INFO  com.capstone.aspect.LoggerAspect - *************************************
2022-10-16 17:52:35 [http-nio-8081-exec-2] INFO  com.capstone.aspect.LoggerAspect - During: class com.capstone.service.EmiServiceImp.getEmiData() with arguments=emi [s_no=10, loanaccno=202211051, loan_status=closed, emi_amount=0.0, upcomming_payment_date=2022-12-07, remaining_amount=0.0]
2022-10-16 17:52:35 [http-nio-8081-exec-2] INFO  com.capstone.aspect.LoggerAspect - *************************************
2022-10-16 17:52:35 [http-nio-8081-exec-2] INFO  com.capstone.aspect.LoggerAspect - During: class com.capstone.controller.EmiController.getemiofAccount() with arguments=<200 OK OK,emi [s_no=10, loanaccno=202211051, loan_status=closed, emi_amount=0.0, upcomming_payment_date=2022-12-07, remaining_amount=0.0],[]>
2022-10-16 17:52:35 [http-nio-8081-exec-2] INFO  com.capstone.aspect.LoggerAspect - *************************************
2022-10-16 17:52:41 [http-nio-8081-exec-4] INFO  com.capstone.aspect.LoggerAspect - Method name: com.capstone.controller.EmiController
2022-10-16 17:52:41 [http-nio-8081-exec-4] INFO  com.capstone.aspect.LoggerAspect - Method arguments:[Ljava.lang.Object;@f6e5980
2022-10-16 17:52:41 [http-nio-8081-exec-4] INFO  com.capstone.aspect.LoggerAspect - *************************************
2022-10-16 17:52:41 [http-nio-8081-exec-4] INFO  com.capstone.aspect.LoggerAspect - Method name: com.capstone.service.EmiServiceImp
2022-10-16 17:52:41 [http-nio-8081-exec-4] INFO  com.capstone.aspect.LoggerAspect - Method arguments:[Ljava.lang.Object;@9b2f17f
2022-10-16 17:52:41 [http-nio-8081-exec-4] INFO  com.capstone.aspect.LoggerAspect - *************************************
2022-10-16 17:52:41 [http-nio-8081-exec-4] INFO  com.capstone.aspect.LoggerAspect - During: class com.capstone.service.EmiServiceImp.getEmiData() with arguments=emi [s_no=10, loanaccno=202211051, loan_status=closed, emi_amount=0.0, upcomming_payment_date=2022-12-07, remaining_amount=0.0]
2022-10-16 17:52:41 [http-nio-8081-exec-4] INFO  com.capstone.aspect.LoggerAspect - *************************************
2022-10-16 17:52:41 [http-nio-8081-exec-4] INFO  com.capstone.aspect.LoggerAspect - Method name: com.capstone.service.EmiServiceImp
2022-10-16 17:52:41 [http-nio-8081-exec-4] INFO  com.capstone.aspect.LoggerAspect - Method arguments:[Ljava.lang.Object;@81235b
2022-10-16 17:52:41 [http-nio-8081-exec-4] INFO  com.capstone.aspect.LoggerAspect - *************************************
2022-10-16 17:52:41 [http-nio-8081-exec-4] INFO  com.capstone.aspect.LoggerAspect - During: class com.capstone.service.EmiServiceImp.getEmiData() with arguments=emi [s_no=10, loanaccno=202211051, loan_status=closed, emi_amount=0.0, upcomming_payment_date=2022-12-07, remaining_amount=0.0]
2022-10-16 17:52:41 [http-nio-8081-exec-4] INFO  com.capstone.aspect.LoggerAspect - *************************************
2022-10-16 17:52:41 [http-nio-8081-exec-4] INFO  com.capstone.aspect.LoggerAspect - During: class com.capstone.controller.EmiController.getemiofAccount() with arguments=<200 OK OK,emi [s_no=10, loanaccno=202211051, loan_status=closed, emi_amount=0.0, upcomming_payment_date=2022-12-07, remaining_amount=0.0],[]>
2022-10-16 17:52:41 [http-nio-8081-exec-4] INFO  com.capstone.aspect.LoggerAspect - *************************************
2022-10-16 17:52:53 [http-nio-8081-exec-3] INFO  com.capstone.aspect.LoggerAspect - Method name: com.capstone.controller.EmiController
2022-10-16 17:52:53 [http-nio-8081-exec-3] INFO  com.capstone.aspect.LoggerAspect - Method arguments:[Ljava.lang.Object;@5a3f4aa2
2022-10-16 17:52:53 [http-nio-8081-exec-3] INFO  com.capstone.aspect.LoggerAspect - *************************************
2022-10-16 17:52:53 [http-nio-8081-exec-3] INFO  com.capstone.aspect.LoggerAspect - Method name: com.capstone.service.EmiServiceImp
2022-10-16 17:52:53 [http-nio-8081-exec-3] INFO  com.capstone.aspect.LoggerAspect - Method arguments:[Ljava.lang.Object;@36cb4fec
2022-10-16 17:52:53 [http-nio-8081-exec-3] INFO  com.capstone.aspect.LoggerAspect - *************************************
2022-10-16 17:52:53 [http-nio-8081-exec-3] INFO  com.capstone.aspect.LoggerAspect - During: class com.capstone.service.EmiServiceImp.getEmiData() with arguments=emi [s_no=1, loanaccno=202211011, loan_status=active, emi_amount=15909.827, upcomming_payment_date=2023-01-07, remaining_amount=1480628.0]
2022-10-16 17:52:53 [http-nio-8081-exec-3] INFO  com.capstone.aspect.LoggerAspect - *************************************
2022-10-16 17:52:53 [http-nio-8081-exec-3] INFO  com.capstone.aspect.LoggerAspect - Method name: com.capstone.service.EmiServiceImp
2022-10-16 17:52:53 [http-nio-8081-exec-3] INFO  com.capstone.aspect.LoggerAspect - Method arguments:[Ljava.lang.Object;@2ef347dc
2022-10-16 17:52:53 [http-nio-8081-exec-3] INFO  com.capstone.aspect.LoggerAspect - *************************************
2022-10-16 17:52:53 [http-nio-8081-exec-3] INFO  com.capstone.aspect.LoggerAspect - During: class com.capstone.service.EmiServiceImp.getEmiData() with arguments=emi [s_no=1, loanaccno=202211011, loan_status=active, emi_amount=15909.827, upcomming_payment_date=2023-01-07, remaining_amount=1480628.0]
2022-10-16 17:52:53 [http-nio-8081-exec-3] INFO  com.capstone.aspect.LoggerAspect - *************************************
2022-10-16 17:52:53 [http-nio-8081-exec-3] INFO  com.capstone.aspect.LoggerAspect - During: class com.capstone.controller.EmiController.getemiofAccount() with arguments=<200 OK OK,emi [s_no=1, loanaccno=202211011, loan_status=active, emi_amount=15909.827, upcomming_payment_date=2023-01-07, remaining_amount=1480628.0],[]>
2022-10-16 17:52:53 [http-nio-8081-exec-3] INFO  com.capstone.aspect.LoggerAspect - *************************************
2022-10-16 17:54:30 [AsyncResolver-bootstrap-executor-0] INFO  c.n.d.s.r.aws.ConfigClusterResolver - Resolving eureka endpoints via configuration
2022-10-16 17:59:30 [AsyncResolver-bootstrap-executor-0] INFO  c.n.d.s.r.aws.ConfigClusterResolver - Resolving eureka endpoints via configuration
2022-10-16 18:04:30 [AsyncResolver-bootstrap-executor-0] INFO  c.n.d.s.r.aws.ConfigClusterResolver - Resolving eureka endpoints via configuration
2022-10-16 18:07:12 [http-nio-8081-exec-6] INFO  com.capstone.aspect.LoggerAspect - Method name: com.capstone.controller.EmiController
2022-10-16 18:07:12 [http-nio-8081-exec-6] INFO  com.capstone.aspect.LoggerAspect - Method arguments:[Ljava.lang.Object;@685b5e42
2022-10-16 18:07:12 [http-nio-8081-exec-6] INFO  com.capstone.aspect.LoggerAspect - *************************************
2022-10-16 18:07:12 [http-nio-8081-exec-6] INFO  com.capstone.aspect.LoggerAspect - Method name: com.capstone.service.EmiServiceImp
2022-10-16 18:07:12 [http-nio-8081-exec-6] INFO  com.capstone.aspect.LoggerAspect - Method arguments:[Ljava.lang.Object;@490d5fc3
2022-10-16 18:07:12 [http-nio-8081-exec-6] INFO  com.capstone.aspect.LoggerAspect - *************************************
2022-10-16 18:07:12 [http-nio-8081-exec-6] INFO  com.capstone.aspect.LoggerAspect - During: class com.capstone.service.EmiServiceImp.getEmiData() with arguments=emi [s_no=1, loanaccno=202211011, loan_status=active, emi_amount=15909.827, upcomming_payment_date=2023-01-07, remaining_amount=1480628.0]
2022-10-16 18:07:12 [http-nio-8081-exec-6] INFO  com.capstone.aspect.LoggerAspect - *************************************
2022-10-16 18:07:12 [http-nio-8081-exec-6] INFO  com.capstone.aspect.LoggerAspect - Method name: com.capstone.service.EmiServiceImp
2022-10-16 18:07:12 [http-nio-8081-exec-6] INFO  com.capstone.aspect.LoggerAspect - Method arguments:[Ljava.lang.Object;@2c79f468
2022-10-16 18:07:12 [http-nio-8081-exec-6] INFO  com.capstone.aspect.LoggerAspect - *************************************
2022-10-16 18:07:12 [http-nio-8081-exec-6] INFO  com.capstone.aspect.LoggerAspect - During: class com.capstone.service.EmiServiceImp.getEmiData() with arguments=emi [s_no=1, loanaccno=202211011, loan_status=active, emi_amount=15909.827, upcomming_payment_date=2023-01-07, remaining_amount=1480628.0]
2022-10-16 18:07:12 [http-nio-8081-exec-6] INFO  com.capstone.aspect.LoggerAspect - *************************************
2022-10-16 18:07:12 [http-nio-8081-exec-6] INFO  com.capstone.aspect.LoggerAspect - During: class com.capstone.controller.EmiController.getemiofAccount() with arguments=<200 OK OK,emi [s_no=1, loanaccno=202211011, loan_status=active, emi_amount=15909.827, upcomming_payment_date=2023-01-07, remaining_amount=1480628.0],[]>
2022-10-16 18:07:12 [http-nio-8081-exec-6] INFO  com.capstone.aspect.LoggerAspect - *************************************
2022-10-16 18:07:33 [http-nio-8081-exec-7] INFO  com.capstone.aspect.LoggerAspect - Method name: com.capstone.controller.EmiController
2022-10-16 18:07:33 [http-nio-8081-exec-7] INFO  com.capstone.aspect.LoggerAspect - Method arguments:[Ljava.lang.Object;@75550919
2022-10-16 18:07:33 [http-nio-8081-exec-7] INFO  com.capstone.aspect.LoggerAspect - *************************************
2022-10-16 18:07:33 [http-nio-8081-exec-7] INFO  com.capstone.aspect.LoggerAspect - Method name: com.capstone.service.EmiServiceImp
2022-10-16 18:07:33 [http-nio-8081-exec-7] INFO  com.capstone.aspect.LoggerAspect - Method arguments:[Ljava.lang.Object;@78b2064
2022-10-16 18:07:33 [http-nio-8081-exec-7] INFO  com.capstone.aspect.LoggerAspect - *************************************
2022-10-16 18:07:33 [http-nio-8081-exec-7] INFO  com.capstone.aspect.LoggerAspect - During: class com.capstone.service.EmiServiceImp.getEmiData() with arguments=emi [s_no=1, loanaccno=202211011, loan_status=active, emi_amount=15909.827, upcomming_payment_date=2023-01-07, remaining_amount=1480628.0]
2022-10-16 18:07:33 [http-nio-8081-exec-7] INFO  com.capstone.aspect.LoggerAspect - *************************************
2022-10-16 18:07:33 [http-nio-8081-exec-7] INFO  com.capstone.aspect.LoggerAspect - Method name: com.capstone.service.EmiServiceImp
2022-10-16 18:07:33 [http-nio-8081-exec-7] INFO  com.capstone.aspect.LoggerAspect - Method arguments:[Ljava.lang.Object;@766d9148
2022-10-16 18:07:33 [http-nio-8081-exec-7] INFO  com.capstone.aspect.LoggerAspect - *************************************
2022-10-16 18:07:33 [http-nio-8081-exec-7] INFO  com.capstone.aspect.LoggerAspect - During: class com.capstone.service.EmiServiceImp.getEmiData() with arguments=emi [s_no=1, loanaccno=202211011, loan_status=active, emi_amount=15909.827, upcomming_payment_date=2023-01-07, remaining_amount=1480628.0]
2022-10-16 18:07:33 [http-nio-8081-exec-7] INFO  com.capstone.aspect.LoggerAspect - *************************************
2022-10-16 18:07:33 [http-nio-8081-exec-7] INFO  com.capstone.aspect.LoggerAspect - During: class com.capstone.controller.EmiController.getemiofAccount() with arguments=<200 OK OK,emi [s_no=1, loanaccno=202211011, loan_status=active, emi_amount=15909.827, upcomming_payment_date=2023-01-07, remaining_amount=1480628.0],[]>
2022-10-16 18:07:33 [http-nio-8081-exec-7] INFO  com.capstone.aspect.LoggerAspect - *************************************
2022-10-16 18:07:34 [http-nio-8081-exec-9] INFO  com.capstone.aspect.LoggerAspect - Method name: com.capstone.controller.EmiController
2022-10-16 18:07:34 [http-nio-8081-exec-9] INFO  com.capstone.aspect.LoggerAspect - Method arguments:[Ljava.lang.Object;@2710e42f
2022-10-16 18:07:34 [http-nio-8081-exec-9] INFO  com.capstone.aspect.LoggerAspect - *************************************
2022-10-16 18:07:34 [http-nio-8081-exec-9] INFO  com.capstone.aspect.LoggerAspect - Method name: com.capstone.service.EmiServiceImp
2022-10-16 18:07:34 [http-nio-8081-exec-9] INFO  com.capstone.aspect.LoggerAspect - Method arguments:[Ljava.lang.Object;@6c1214df
2022-10-16 18:07:34 [http-nio-8081-exec-9] INFO  com.capstone.aspect.LoggerAspect - *************************************
2022-10-16 18:07:34 [http-nio-8081-exec-9] INFO  com.capstone.aspect.LoggerAspect - During: class com.capstone.service.EmiServiceImp.getEmiData() with arguments=emi [s_no=1, loanaccno=202211011, loan_status=active, emi_amount=15909.827, upcomming_payment_date=2023-01-07, remaining_amount=1480628.0]
2022-10-16 18:07:34 [http-nio-8081-exec-9] INFO  com.capstone.aspect.LoggerAspect - *************************************
2022-10-16 18:07:34 [http-nio-8081-exec-9] INFO  com.capstone.aspect.LoggerAspect - Method name: com.capstone.service.EmiServiceImp
2022-10-16 18:07:34 [http-nio-8081-exec-9] INFO  com.capstone.aspect.LoggerAspect - Method arguments:[Ljava.lang.Object;@5a9c8023
2022-10-16 18:07:34 [http-nio-8081-exec-9] INFO  com.capstone.aspect.LoggerAspect - *************************************
2022-10-16 18:07:34 [http-nio-8081-exec-9] INFO  com.capstone.aspect.LoggerAspect - During: class com.capstone.service.EmiServiceImp.getEmiData() with arguments=emi [s_no=1, loanaccno=202211011, loan_status=active, emi_amount=15909.827, upcomming_payment_date=2023-01-07, remaining_amount=1480628.0]
2022-10-16 18:07:34 [http-nio-8081-exec-9] INFO  com.capstone.aspect.LoggerAspect - *************************************
2022-10-16 18:07:34 [http-nio-8081-exec-9] INFO  com.capstone.aspect.LoggerAspect - During: class com.capstone.controller.EmiController.getemiofAccount() with arguments=<200 OK OK,emi [s_no=1, loanaccno=202211011, loan_status=active, emi_amount=15909.827, upcomming_payment_date=2023-01-07, remaining_amount=1480628.0],[]>
2022-10-16 18:07:34 [http-nio-8081-exec-9] INFO  com.capstone.aspect.LoggerAspect - *************************************
2022-10-16 18:07:39 [http-nio-8081-exec-8] INFO  com.capstone.aspect.LoggerAspect - Method name: com.capstone.controller.EmiController
2022-10-16 18:07:39 [http-nio-8081-exec-8] INFO  com.capstone.aspect.LoggerAspect - Method arguments:[Ljava.lang.Object;@30d452b0
2022-10-16 18:07:39 [http-nio-8081-exec-8] INFO  com.capstone.aspect.LoggerAspect - *************************************
2022-10-16 18:07:39 [http-nio-8081-exec-8] INFO  com.capstone.aspect.LoggerAspect - Method name: com.capstone.service.EmiServiceImp
2022-10-16 18:07:39 [http-nio-8081-exec-8] INFO  com.capstone.aspect.LoggerAspect - Method arguments:[Ljava.lang.Object;@6bacd197
2022-10-16 18:07:39 [http-nio-8081-exec-8] INFO  com.capstone.aspect.LoggerAspect - *************************************
2022-10-16 18:07:39 [http-nio-8081-exec-8] INFO  com.capstone.aspect.LoggerAspect - During: class com.capstone.service.EmiServiceImp.getEmiData() with arguments=emi [s_no=1, loanaccno=202211011, loan_status=active, emi_amount=15909.827, upcomming_payment_date=2023-01-07, remaining_amount=1480628.0]
2022-10-16 18:07:39 [http-nio-8081-exec-8] INFO  com.capstone.aspect.LoggerAspect - *************************************
2022-10-16 18:07:39 [http-nio-8081-exec-8] INFO  com.capstone.aspect.LoggerAspect - Method name: com.capstone.service.EmiServiceImp
2022-10-16 18:07:39 [http-nio-8081-exec-8] INFO  com.capstone.aspect.LoggerAspect - Method arguments:[Ljava.lang.Object;@470503ad
2022-10-16 18:07:39 [http-nio-8081-exec-8] INFO  com.capstone.aspect.LoggerAspect - *************************************
2022-10-16 18:07:39 [http-nio-8081-exec-8] INFO  com.capstone.aspect.LoggerAspect - During: class com.capstone.service.EmiServiceImp.getEmiData() with arguments=emi [s_no=1, loanaccno=202211011, loan_status=active, emi_amount=15909.827, upcomming_payment_date=2023-01-07, remaining_amount=1480628.0]
2022-10-16 18:07:39 [http-nio-8081-exec-8] INFO  com.capstone.aspect.LoggerAspect - *************************************
2022-10-16 18:07:39 [http-nio-8081-exec-8] INFO  com.capstone.aspect.LoggerAspect - During: class com.capstone.controller.EmiController.getemiofAccount() with arguments=<200 OK OK,emi [s_no=1, loanaccno=202211011, loan_status=active, emi_amount=15909.827, upcomming_payment_date=2023-01-07, remaining_amount=1480628.0],[]>
2022-10-16 18:07:39 [http-nio-8081-exec-8] INFO  com.capstone.aspect.LoggerAspect - *************************************
2022-10-16 18:07:41 [http-nio-8081-exec-1] INFO  com.capstone.aspect.LoggerAspect - Method name: com.capstone.controller.EmiController
2022-10-16 18:07:41 [http-nio-8081-exec-1] INFO  com.capstone.aspect.LoggerAspect - Method arguments:[Ljava.lang.Object;@343ec993
2022-10-16 18:07:41 [http-nio-8081-exec-1] INFO  com.capstone.aspect.LoggerAspect - *************************************
2022-10-16 18:07:41 [http-nio-8081-exec-1] INFO  com.capstone.aspect.LoggerAspect - Method name: com.capstone.service.EmiServiceImp
2022-10-16 18:07:41 [http-nio-8081-exec-1] INFO  com.capstone.aspect.LoggerAspect - Method arguments:[Ljava.lang.Object;@195e1b6f
2022-10-16 18:07:41 [http-nio-8081-exec-1] INFO  com.capstone.aspect.LoggerAspect - *************************************
2022-10-16 18:07:41 [http-nio-8081-exec-1] INFO  com.capstone.aspect.LoggerAspect - During: class com.capstone.service.EmiServiceImp.getEmiData() with arguments=emi [s_no=1, loanaccno=202211011, loan_status=active, emi_amount=15909.827, upcomming_payment_date=2023-01-07, remaining_amount=1480628.0]
2022-10-16 18:07:41 [http-nio-8081-exec-1] INFO  com.capstone.aspect.LoggerAspect - *************************************
2022-10-16 18:07:41 [http-nio-8081-exec-1] INFO  com.capstone.aspect.LoggerAspect - Method name: com.capstone.service.EmiServiceImp
2022-10-16 18:07:41 [http-nio-8081-exec-1] INFO  com.capstone.aspect.LoggerAspect - Method arguments:[Ljava.lang.Object;@107be220
2022-10-16 18:07:41 [http-nio-8081-exec-1] INFO  com.capstone.aspect.LoggerAspect - *************************************
2022-10-16 18:07:41 [http-nio-8081-exec-1] INFO  com.capstone.aspect.LoggerAspect - During: class com.capstone.service.EmiServiceImp.getEmiData() with arguments=emi [s_no=1, loanaccno=202211011, loan_status=active, emi_amount=15909.827, upcomming_payment_date=2023-01-07, remaining_amount=1480628.0]
2022-10-16 18:07:41 [http-nio-8081-exec-1] INFO  com.capstone.aspect.LoggerAspect - *************************************
2022-10-16 18:07:41 [http-nio-8081-exec-1] INFO  com.capstone.aspect.LoggerAspect - During: class com.capstone.controller.EmiController.getemiofAccount() with arguments=<200 OK OK,emi [s_no=1, loanaccno=202211011, loan_status=active, emi_amount=15909.827, upcomming_payment_date=2023-01-07, remaining_amount=1480628.0],[]>
2022-10-16 18:07:41 [http-nio-8081-exec-1] INFO  com.capstone.aspect.LoggerAspect - *************************************
2022-10-16 18:09:13 [http-nio-8081-exec-2] INFO  com.capstone.aspect.LoggerAspect - Method name: com.capstone.controller.EmiController
2022-10-16 18:09:13 [http-nio-8081-exec-2] INFO  com.capstone.aspect.LoggerAspect - Method arguments:[Ljava.lang.Object;@1dbfec63
2022-10-16 18:09:13 [http-nio-8081-exec-2] INFO  com.capstone.aspect.LoggerAspect - *************************************
2022-10-16 18:09:13 [http-nio-8081-exec-2] INFO  com.capstone.aspect.LoggerAspect - Method name: com.capstone.service.EmiServiceImp
2022-10-16 18:09:13 [http-nio-8081-exec-2] INFO  com.capstone.aspect.LoggerAspect - Method arguments:[Ljava.lang.Object;@5b80b47e
2022-10-16 18:09:13 [http-nio-8081-exec-2] INFO  com.capstone.aspect.LoggerAspect - *************************************
2022-10-16 18:09:13 [http-nio-8081-exec-2] INFO  com.capstone.aspect.LoggerAspect - During: class com.capstone.service.EmiServiceImp.getEmiData() with arguments=emi [s_no=1, loanaccno=202211011, loan_status=active, emi_amount=15909.827, upcomming_payment_date=2023-01-07, remaining_amount=1480628.0]
2022-10-16 18:09:13 [http-nio-8081-exec-2] INFO  com.capstone.aspect.LoggerAspect - *************************************
2022-10-16 18:09:13 [http-nio-8081-exec-2] INFO  com.capstone.aspect.LoggerAspect - Method name: com.capstone.service.EmiServiceImp
2022-10-16 18:09:13 [http-nio-8081-exec-2] INFO  com.capstone.aspect.LoggerAspect - Method arguments:[Ljava.lang.Object;@3dde3f84
2022-10-16 18:09:13 [http-nio-8081-exec-2] INFO  com.capstone.aspect.LoggerAspect - *************************************
2022-10-16 18:09:13 [http-nio-8081-exec-2] INFO  com.capstone.aspect.LoggerAspect - During: class com.capstone.service.EmiServiceImp.getEmiData() with arguments=emi [s_no=1, loanaccno=202211011, loan_status=active, emi_amount=15909.827, upcomming_payment_date=2023-01-07, remaining_amount=1480628.0]
2022-10-16 18:09:13 [http-nio-8081-exec-2] INFO  com.capstone.aspect.LoggerAspect - *************************************
2022-10-16 18:09:13 [http-nio-8081-exec-2] INFO  com.capstone.aspect.LoggerAspect - During: class com.capstone.controller.EmiController.getemiofAccount() with arguments=<200 OK OK,emi [s_no=1, loanaccno=202211011, loan_status=active, emi_amount=15909.827, upcomming_payment_date=2023-01-07, remaining_amount=1480628.0],[]>
2022-10-16 18:09:13 [http-nio-8081-exec-2] INFO  com.capstone.aspect.LoggerAspect - *************************************
2022-10-16 18:09:17 [http-nio-8081-exec-4] INFO  com.capstone.aspect.LoggerAspect - Method name: com.capstone.controller.EmiController
2022-10-16 18:09:17 [http-nio-8081-exec-4] INFO  com.capstone.aspect.LoggerAspect - Method arguments:[Ljava.lang.Object;@775590d
2022-10-16 18:09:17 [http-nio-8081-exec-4] INFO  com.capstone.aspect.LoggerAspect - *************************************
2022-10-16 18:09:17 [http-nio-8081-exec-4] INFO  com.capstone.aspect.LoggerAspect - Method name: com.capstone.service.EmiServiceImp
2022-10-16 18:09:17 [http-nio-8081-exec-4] INFO  com.capstone.aspect.LoggerAspect - Method arguments:[Ljava.lang.Object;@4371cb19
2022-10-16 18:09:17 [http-nio-8081-exec-4] INFO  com.capstone.aspect.LoggerAspect - *************************************
2022-10-16 18:09:17 [http-nio-8081-exec-4] INFO  com.capstone.aspect.LoggerAspect - During: class com.capstone.service.EmiServiceImp.getEmiData() with arguments=emi [s_no=1, loanaccno=202211011, loan_status=active, emi_amount=15909.827, upcomming_payment_date=2023-01-07, remaining_amount=1480628.0]
2022-10-16 18:09:17 [http-nio-8081-exec-4] INFO  com.capstone.aspect.LoggerAspect - *************************************
2022-10-16 18:09:17 [http-nio-8081-exec-4] INFO  com.capstone.aspect.LoggerAspect - Method name: com.capstone.service.EmiServiceImp
2022-10-16 18:09:17 [http-nio-8081-exec-4] INFO  com.capstone.aspect.LoggerAspect - Method arguments:[Ljava.lang.Object;@178f25af
2022-10-16 18:09:17 [http-nio-8081-exec-4] INFO  com.capstone.aspect.LoggerAspect - *************************************
2022-10-16 18:09:17 [http-nio-8081-exec-4] INFO  com.capstone.aspect.LoggerAspect - During: class com.capstone.service.EmiServiceImp.getEmiData() with arguments=emi [s_no=1, loanaccno=202211011, loan_status=active, emi_amount=15909.827, upcomming_payment_date=2023-01-07, remaining_amount=1480628.0]
2022-10-16 18:09:17 [http-nio-8081-exec-4] INFO  com.capstone.aspect.LoggerAspect - *************************************
2022-10-16 18:09:17 [http-nio-8081-exec-4] INFO  com.capstone.aspect.LoggerAspect - During: class com.capstone.controller.EmiController.getemiofAccount() with arguments=<200 OK OK,emi [s_no=1, loanaccno=202211011, loan_status=active, emi_amount=15909.827, upcomming_payment_date=2023-01-07, remaining_amount=1480628.0],[]>
2022-10-16 18:09:17 [http-nio-8081-exec-4] INFO  com.capstone.aspect.LoggerAspect - *************************************
2022-10-16 18:09:30 [AsyncResolver-bootstrap-executor-0] INFO  c.n.d.s.r.aws.ConfigClusterResolver - Resolving eureka endpoints via configuration
2022-10-16 18:09:49 [http-nio-8081-exec-3] INFO  com.capstone.aspect.LoggerAspect - Method name: com.capstone.controller.EmiController
2022-10-16 18:09:49 [http-nio-8081-exec-3] INFO  com.capstone.aspect.LoggerAspect - Method arguments:[Ljava.lang.Object;@4f26a1b8
2022-10-16 18:09:49 [http-nio-8081-exec-3] INFO  com.capstone.aspect.LoggerAspect - *************************************
2022-10-16 18:09:49 [http-nio-8081-exec-3] INFO  com.capstone.aspect.LoggerAspect - Method name: com.capstone.service.EmiServiceImp
2022-10-16 18:09:49 [http-nio-8081-exec-3] INFO  com.capstone.aspect.LoggerAspect - Method arguments:[Ljava.lang.Object;@730cd79f
2022-10-16 18:09:49 [http-nio-8081-exec-3] INFO  com.capstone.aspect.LoggerAspect - *************************************
2022-10-16 18:09:49 [http-nio-8081-exec-3] INFO  com.capstone.aspect.LoggerAspect - During: class com.capstone.service.EmiServiceImp.getEmiData() with arguments=emi [s_no=1, loanaccno=202211011, loan_status=active, emi_amount=15909.827, upcomming_payment_date=2023-01-07, remaining_amount=1480628.0]
2022-10-16 18:09:49 [http-nio-8081-exec-3] INFO  com.capstone.aspect.LoggerAspect - *************************************
2022-10-16 18:09:49 [http-nio-8081-exec-3] INFO  com.capstone.aspect.LoggerAspect - Method name: com.capstone.service.EmiServiceImp
2022-10-16 18:09:49 [http-nio-8081-exec-3] INFO  com.capstone.aspect.LoggerAspect - Method arguments:[Ljava.lang.Object;@17bd8045
2022-10-16 18:09:49 [http-nio-8081-exec-3] INFO  com.capstone.aspect.LoggerAspect - *************************************
2022-10-16 18:09:50 [http-nio-8081-exec-3] INFO  com.capstone.aspect.LoggerAspect - During: class com.capstone.service.EmiServiceImp.getEmiData() with arguments=emi [s_no=1, loanaccno=202211011, loan_status=active, emi_amount=15909.827, upcomming_payment_date=2023-01-07, remaining_amount=1480628.0]
2022-10-16 18:09:50 [http-nio-8081-exec-3] INFO  com.capstone.aspect.LoggerAspect - *************************************
2022-10-16 18:09:50 [http-nio-8081-exec-3] INFO  com.capstone.aspect.LoggerAspect - During: class com.capstone.controller.EmiController.getemiofAccount() with arguments=<200 OK OK,emi [s_no=1, loanaccno=202211011, loan_status=active, emi_amount=15909.827, upcomming_payment_date=2023-01-07, remaining_amount=1480628.0],[]>
2022-10-16 18:09:50 [http-nio-8081-exec-3] INFO  com.capstone.aspect.LoggerAspect - *************************************
2022-10-16 18:09:51 [http-nio-8081-exec-5] INFO  com.capstone.aspect.LoggerAspect - Method name: com.capstone.controller.EmiController
2022-10-16 18:09:51 [http-nio-8081-exec-5] INFO  com.capstone.aspect.LoggerAspect - Method arguments:[Ljava.lang.Object;@4102b4f1
2022-10-16 18:09:51 [http-nio-8081-exec-5] INFO  com.capstone.aspect.LoggerAspect - *************************************
2022-10-16 18:09:51 [http-nio-8081-exec-5] INFO  com.capstone.aspect.LoggerAspect - Method name: com.capstone.service.EmiServiceImp
2022-10-16 18:09:51 [http-nio-8081-exec-5] INFO  com.capstone.aspect.LoggerAspect - Method arguments:[Ljava.lang.Object;@72af70df
2022-10-16 18:09:51 [http-nio-8081-exec-5] INFO  com.capstone.aspect.LoggerAspect - *************************************
2022-10-16 18:09:51 [http-nio-8081-exec-5] INFO  com.capstone.aspect.LoggerAspect - During: class com.capstone.service.EmiServiceImp.getEmiData() with arguments=emi [s_no=1, loanaccno=202211011, loan_status=active, emi_amount=15909.827, upcomming_payment_date=2023-01-07, remaining_amount=1480628.0]
2022-10-16 18:09:51 [http-nio-8081-exec-5] INFO  com.capstone.aspect.LoggerAspect - *************************************
2022-10-16 18:09:51 [http-nio-8081-exec-5] INFO  com.capstone.aspect.LoggerAspect - Method name: com.capstone.service.EmiServiceImp
2022-10-16 18:09:51 [http-nio-8081-exec-5] INFO  com.capstone.aspect.LoggerAspect - Method arguments:[Ljava.lang.Object;@2870bb2f
2022-10-16 18:09:51 [http-nio-8081-exec-5] INFO  com.capstone.aspect.LoggerAspect - *************************************
2022-10-16 18:09:51 [http-nio-8081-exec-5] INFO  com.capstone.aspect.LoggerAspect - During: class com.capstone.service.EmiServiceImp.getEmiData() with arguments=emi [s_no=1, loanaccno=202211011, loan_status=active, emi_amount=15909.827, upcomming_payment_date=2023-01-07, remaining_amount=1480628.0]
2022-10-16 18:09:51 [http-nio-8081-exec-5] INFO  com.capstone.aspect.LoggerAspect - *************************************
2022-10-16 18:09:51 [http-nio-8081-exec-5] INFO  com.capstone.aspect.LoggerAspect - During: class com.capstone.controller.EmiController.getemiofAccount() with arguments=<200 OK OK,emi [s_no=1, loanaccno=202211011, loan_status=active, emi_amount=15909.827, upcomming_payment_date=2023-01-07, remaining_amount=1480628.0],[]>
2022-10-16 18:09:51 [http-nio-8081-exec-5] INFO  com.capstone.aspect.LoggerAspect - *************************************
2022-10-16 18:10:05 [http-nio-8081-exec-6] INFO  com.capstone.aspect.LoggerAspect - Method name: com.capstone.controller.EmiController
2022-10-16 18:10:05 [http-nio-8081-exec-6] INFO  com.capstone.aspect.LoggerAspect - Method arguments:[Ljava.lang.Object;@1bfa3f88
2022-10-16 18:10:05 [http-nio-8081-exec-6] INFO  com.capstone.aspect.LoggerAspect - *************************************
2022-10-16 18:10:05 [http-nio-8081-exec-6] INFO  com.capstone.aspect.LoggerAspect - Method name: com.capstone.service.EmiServiceImp
2022-10-16 18:10:05 [http-nio-8081-exec-6] INFO  com.capstone.aspect.LoggerAspect - Method arguments:[Ljava.lang.Object;@3f1f9239
2022-10-16 18:10:05 [http-nio-8081-exec-6] INFO  com.capstone.aspect.LoggerAspect - *************************************
2022-10-16 18:10:05 [http-nio-8081-exec-6] INFO  com.capstone.aspect.LoggerAspect - During: class com.capstone.service.EmiServiceImp.updateEMI() with arguments=emi [s_no=1, loanaccno=202211011, loan_status=active, emi_amount=15909.827, upcomming_payment_date=2023-02-07, remaining_amount=1469887.5]
2022-10-16 18:10:05 [http-nio-8081-exec-6] INFO  com.capstone.aspect.LoggerAspect - *************************************
2022-10-16 18:10:05 [http-nio-8081-exec-6] INFO  com.capstone.aspect.LoggerAspect - During: class com.capstone.controller.EmiController.updateEMI() with arguments=<200 OK OK,{message=emi updated},[]>
2022-10-16 18:10:05 [http-nio-8081-exec-6] INFO  com.capstone.aspect.LoggerAspect - *************************************
2022-10-16 18:14:30 [AsyncResolver-bootstrap-executor-0] INFO  c.n.d.s.r.aws.ConfigClusterResolver - Resolving eureka endpoints via configuration
2022-10-16 18:17:10 [http-nio-8081-exec-9] INFO  com.capstone.aspect.LoggerAspect - Method name: com.capstone.controller.EmiController
2022-10-16 18:17:10 [http-nio-8081-exec-9] INFO  com.capstone.aspect.LoggerAspect - Method arguments:[Ljava.lang.Object;@4e139bfb
2022-10-16 18:17:10 [http-nio-8081-exec-9] INFO  com.capstone.aspect.LoggerAspect - *************************************
2022-10-16 18:17:10 [http-nio-8081-exec-9] INFO  com.capstone.aspect.LoggerAspect - Method name: com.capstone.service.EmiServiceImp
2022-10-16 18:17:10 [http-nio-8081-exec-9] INFO  com.capstone.aspect.LoggerAspect - Method arguments:[Ljava.lang.Object;@212dcf58
2022-10-16 18:17:10 [http-nio-8081-exec-9] INFO  com.capstone.aspect.LoggerAspect - *************************************
2022-10-16 18:17:10 [http-nio-8081-exec-9] INFO  com.capstone.aspect.LoggerAspect - During: class com.capstone.service.EmiServiceImp.getEmiData() with arguments=emi [s_no=10, loanaccno=202211051, loan_status=closed, emi_amount=0.0, upcomming_payment_date=2022-12-07, remaining_amount=0.0]
2022-10-16 18:17:10 [http-nio-8081-exec-9] INFO  com.capstone.aspect.LoggerAspect - *************************************
2022-10-16 18:17:10 [http-nio-8081-exec-9] INFO  com.capstone.aspect.LoggerAspect - Method name: com.capstone.service.EmiServiceImp
2022-10-16 18:17:10 [http-nio-8081-exec-9] INFO  com.capstone.aspect.LoggerAspect - Method arguments:[Ljava.lang.Object;@10643b9f
2022-10-16 18:17:10 [http-nio-8081-exec-9] INFO  com.capstone.aspect.LoggerAspect - *************************************
2022-10-16 18:17:10 [http-nio-8081-exec-9] INFO  com.capstone.aspect.LoggerAspect - During: class com.capstone.service.EmiServiceImp.getEmiData() with arguments=emi [s_no=10, loanaccno=202211051, loan_status=closed, emi_amount=0.0, upcomming_payment_date=2022-12-07, remaining_amount=0.0]
2022-10-16 18:17:10 [http-nio-8081-exec-9] INFO  com.capstone.aspect.LoggerAspect - *************************************
2022-10-16 18:17:10 [http-nio-8081-exec-9] INFO  com.capstone.aspect.LoggerAspect - During: class com.capstone.controller.EmiController.getemiofAccount() with arguments=<200 OK OK,emi [s_no=10, loanaccno=202211051, loan_status=closed, emi_amount=0.0, upcomming_payment_date=2022-12-07, remaining_amount=0.0],[]>
2022-10-16 18:17:10 [http-nio-8081-exec-9] INFO  com.capstone.aspect.LoggerAspect - *************************************
2022-10-16 18:17:13 [http-nio-8081-exec-8] INFO  com.capstone.aspect.LoggerAspect - Method name: com.capstone.controller.EmiController
2022-10-16 18:17:13 [http-nio-8081-exec-8] INFO  com.capstone.aspect.LoggerAspect - Method arguments:[Ljava.lang.Object;@37a329bf
2022-10-16 18:17:13 [http-nio-8081-exec-8] INFO  com.capstone.aspect.LoggerAspect - *************************************
2022-10-16 18:17:13 [http-nio-8081-exec-8] INFO  com.capstone.aspect.LoggerAspect - Method name: com.capstone.service.EmiServiceImp
2022-10-16 18:17:13 [http-nio-8081-exec-8] INFO  com.capstone.aspect.LoggerAspect - Method arguments:[Ljava.lang.Object;@750a26de
2022-10-16 18:17:13 [http-nio-8081-exec-8] INFO  com.capstone.aspect.LoggerAspect - *************************************
2022-10-16 18:17:13 [http-nio-8081-exec-8] INFO  com.capstone.aspect.LoggerAspect - During: class com.capstone.service.EmiServiceImp.getEmiData() with arguments=emi [s_no=10, loanaccno=202211051, loan_status=closed, emi_amount=0.0, upcomming_payment_date=2022-12-07, remaining_amount=0.0]
2022-10-16 18:17:13 [http-nio-8081-exec-8] INFO  com.capstone.aspect.LoggerAspect - *************************************
2022-10-16 18:17:13 [http-nio-8081-exec-8] INFO  com.capstone.aspect.LoggerAspect - Method name: com.capstone.service.EmiServiceImp
2022-10-16 18:17:13 [http-nio-8081-exec-8] INFO  com.capstone.aspect.LoggerAspect - Method arguments:[Ljava.lang.Object;@25940d40
2022-10-16 18:17:13 [http-nio-8081-exec-8] INFO  com.capstone.aspect.LoggerAspect - *************************************
2022-10-16 18:17:13 [http-nio-8081-exec-8] INFO  com.capstone.aspect.LoggerAspect - During: class com.capstone.service.EmiServiceImp.getEmiData() with arguments=emi [s_no=10, loanaccno=202211051, loan_status=closed, emi_amount=0.0, upcomming_payment_date=2022-12-07, remaining_amount=0.0]
2022-10-16 18:17:13 [http-nio-8081-exec-8] INFO  com.capstone.aspect.LoggerAspect - *************************************
2022-10-16 18:17:13 [http-nio-8081-exec-8] INFO  com.capstone.aspect.LoggerAspect - During: class com.capstone.controller.EmiController.getemiofAccount() with arguments=<200 OK OK,emi [s_no=10, loanaccno=202211051, loan_status=closed, emi_amount=0.0, upcomming_payment_date=2022-12-07, remaining_amount=0.0],[]>
2022-10-16 18:17:13 [http-nio-8081-exec-8] INFO  com.capstone.aspect.LoggerAspect - *************************************
2022-10-16 18:17:28 [http-nio-8081-exec-1] INFO  com.capstone.aspect.LoggerAspect - Method name: com.capstone.controller.EmiController
2022-10-16 18:17:28 [http-nio-8081-exec-1] INFO  com.capstone.aspect.LoggerAspect - Method arguments:[Ljava.lang.Object;@59bb95c1
2022-10-16 18:17:28 [http-nio-8081-exec-1] INFO  com.capstone.aspect.LoggerAspect - *************************************
2022-10-16 18:17:28 [http-nio-8081-exec-1] INFO  com.capstone.aspect.LoggerAspect - Method name: com.capstone.service.EmiServiceImp
2022-10-16 18:17:28 [http-nio-8081-exec-1] INFO  com.capstone.aspect.LoggerAspect - Method arguments:[Ljava.lang.Object;@206776b6
2022-10-16 18:17:28 [http-nio-8081-exec-1] INFO  com.capstone.aspect.LoggerAspect - *************************************
2022-10-16 18:17:28 [http-nio-8081-exec-1] INFO  com.capstone.aspect.LoggerAspect - During: class com.capstone.service.EmiServiceImp.getEmiData() with arguments=emi [s_no=2, loanaccno=202211012, loan_status=active, emi_amount=4762.067, upcomming_payment_date=2022-12-07, remaining_amount=100037.48]
2022-10-16 18:17:28 [http-nio-8081-exec-1] INFO  com.capstone.aspect.LoggerAspect - *************************************
2022-10-16 18:17:28 [http-nio-8081-exec-1] INFO  com.capstone.aspect.LoggerAspect - Method name: com.capstone.service.EmiServiceImp
2022-10-16 18:17:28 [http-nio-8081-exec-1] INFO  com.capstone.aspect.LoggerAspect - Method arguments:[Ljava.lang.Object;@7af6690d
2022-10-16 18:17:28 [http-nio-8081-exec-1] INFO  com.capstone.aspect.LoggerAspect - *************************************
2022-10-16 18:17:28 [http-nio-8081-exec-1] INFO  com.capstone.aspect.LoggerAspect - During: class com.capstone.service.EmiServiceImp.getEmiData() with arguments=emi [s_no=2, loanaccno=202211012, loan_status=active, emi_amount=4762.067, upcomming_payment_date=2022-12-07, remaining_amount=100037.48]
2022-10-16 18:17:28 [http-nio-8081-exec-1] INFO  com.capstone.aspect.LoggerAspect - *************************************
2022-10-16 18:17:28 [http-nio-8081-exec-1] INFO  com.capstone.aspect.LoggerAspect - During: class com.capstone.controller.EmiController.getemiofAccount() with arguments=<200 OK OK,emi [s_no=2, loanaccno=202211012, loan_status=active, emi_amount=4762.067, upcomming_payment_date=2022-12-07, remaining_amount=100037.48],[]>
2022-10-16 18:17:28 [http-nio-8081-exec-1] INFO  com.capstone.aspect.LoggerAspect - *************************************
2022-10-16 18:17:32 [http-nio-8081-exec-10] INFO  com.capstone.aspect.LoggerAspect - Method name: com.capstone.controller.EmiController
2022-10-16 18:17:32 [http-nio-8081-exec-10] INFO  com.capstone.aspect.LoggerAspect - Method arguments:[Ljava.lang.Object;@4487d3e9
2022-10-16 18:17:32 [http-nio-8081-exec-10] INFO  com.capstone.aspect.LoggerAspect - *************************************
2022-10-16 18:17:32 [http-nio-8081-exec-10] INFO  com.capstone.aspect.LoggerAspect - Method name: com.capstone.service.EmiServiceImp
2022-10-16 18:17:32 [http-nio-8081-exec-10] INFO  com.capstone.aspect.LoggerAspect - Method arguments:[Ljava.lang.Object;@111b63df
2022-10-16 18:17:32 [http-nio-8081-exec-10] INFO  com.capstone.aspect.LoggerAspect - *************************************
2022-10-16 18:17:32 [http-nio-8081-exec-10] INFO  com.capstone.aspect.LoggerAspect - During: class com.capstone.service.EmiServiceImp.getEmiData() with arguments=emi [s_no=2, loanaccno=202211012, loan_status=active, emi_amount=4762.067, upcomming_payment_date=2022-12-07, remaining_amount=100037.48]
2022-10-16 18:17:32 [http-nio-8081-exec-10] INFO  com.capstone.aspect.LoggerAspect - *************************************
2022-10-16 18:17:32 [http-nio-8081-exec-10] INFO  com.capstone.aspect.LoggerAspect - Method name: com.capstone.service.EmiServiceImp
2022-10-16 18:17:32 [http-nio-8081-exec-10] INFO  com.capstone.aspect.LoggerAspect - Method arguments:[Ljava.lang.Object;@6a4d3dc5
2022-10-16 18:17:32 [http-nio-8081-exec-10] INFO  com.capstone.aspect.LoggerAspect - *************************************
2022-10-16 18:17:32 [http-nio-8081-exec-10] INFO  com.capstone.aspect.LoggerAspect - During: class com.capstone.service.EmiServiceImp.getEmiData() with arguments=emi [s_no=2, loanaccno=202211012, loan_status=active, emi_amount=4762.067, upcomming_payment_date=2022-12-07, remaining_amount=100037.48]
2022-10-16 18:17:32 [http-nio-8081-exec-10] INFO  com.capstone.aspect.LoggerAspect - *************************************
2022-10-16 18:17:32 [http-nio-8081-exec-10] INFO  com.capstone.aspect.LoggerAspect - During: class com.capstone.controller.EmiController.getemiofAccount() with arguments=<200 OK OK,emi [s_no=2, loanaccno=202211012, loan_status=active, emi_amount=4762.067, upcomming_payment_date=2022-12-07, remaining_amount=100037.48],[]>
2022-10-16 18:17:32 [http-nio-8081-exec-10] INFO  com.capstone.aspect.LoggerAspect - *************************************
2022-10-16 18:17:58 [http-nio-8081-exec-2] INFO  com.capstone.aspect.LoggerAspect - Method name: com.capstone.controller.EmiController
2022-10-16 18:17:58 [http-nio-8081-exec-2] INFO  com.capstone.aspect.LoggerAspect - Method arguments:[Ljava.lang.Object;@2e058caa
2022-10-16 18:17:58 [http-nio-8081-exec-2] INFO  com.capstone.aspect.LoggerAspect - *************************************
2022-10-16 18:17:58 [http-nio-8081-exec-2] INFO  com.capstone.aspect.LoggerAspect - Method name: com.capstone.service.EmiServiceImp
2022-10-16 18:17:58 [http-nio-8081-exec-2] INFO  com.capstone.aspect.LoggerAspect - Method arguments:[Ljava.lang.Object;@23f51cbe
2022-10-16 18:17:58 [http-nio-8081-exec-2] INFO  com.capstone.aspect.LoggerAspect - *************************************
2022-10-16 18:17:58 [http-nio-8081-exec-2] INFO  com.capstone.aspect.LoggerAspect - During: class com.capstone.service.EmiServiceImp.updateEMI() with arguments=emi [s_no=2, loanaccno=202211012, loan_status=active, emi_amount=4762.067, upcomming_payment_date=2023-01-07, remaining_amount=94583.86]
2022-10-16 18:17:58 [http-nio-8081-exec-2] INFO  com.capstone.aspect.LoggerAspect - *************************************
2022-10-16 18:17:58 [http-nio-8081-exec-2] INFO  com.capstone.aspect.LoggerAspect - During: class com.capstone.controller.EmiController.updateEMI() with arguments=<200 OK OK,{message=emi updated},[]>
2022-10-16 18:17:58 [http-nio-8081-exec-2] INFO  com.capstone.aspect.LoggerAspect - *************************************
2022-10-16 18:18:52 [http-nio-8081-exec-4] INFO  com.capstone.aspect.LoggerAspect - Method name: com.capstone.controller.EmiController
2022-10-16 18:18:52 [http-nio-8081-exec-4] INFO  com.capstone.aspect.LoggerAspect - Method arguments:[Ljava.lang.Object;@4c84e6e2
2022-10-16 18:18:52 [http-nio-8081-exec-4] INFO  com.capstone.aspect.LoggerAspect - *************************************
2022-10-16 18:18:52 [http-nio-8081-exec-4] INFO  com.capstone.aspect.LoggerAspect - Method name: com.capstone.service.EmiServiceImp
2022-10-16 18:18:52 [http-nio-8081-exec-4] INFO  com.capstone.aspect.LoggerAspect - Method arguments:[Ljava.lang.Object;@1c519587
2022-10-16 18:18:52 [http-nio-8081-exec-4] INFO  com.capstone.aspect.LoggerAspect - *************************************
2022-10-16 18:18:52 [http-nio-8081-exec-4] INFO  com.capstone.aspect.LoggerAspect - During: class com.capstone.service.EmiServiceImp.getEmiData() with arguments=emi [s_no=3, loanaccno=202211021, loan_status=closed, emi_amount=0.0, upcomming_payment_date=2022-12-07, remaining_amount=0.0]
2022-10-16 18:18:52 [http-nio-8081-exec-4] INFO  com.capstone.aspect.LoggerAspect - *************************************
2022-10-16 18:18:52 [http-nio-8081-exec-4] INFO  com.capstone.aspect.LoggerAspect - Method name: com.capstone.service.EmiServiceImp
2022-10-16 18:18:52 [http-nio-8081-exec-4] INFO  com.capstone.aspect.LoggerAspect - Method arguments:[Ljava.lang.Object;@1d091d3c
2022-10-16 18:18:52 [http-nio-8081-exec-4] INFO  com.capstone.aspect.LoggerAspect - *************************************
2022-10-16 18:18:52 [http-nio-8081-exec-4] INFO  com.capstone.aspect.LoggerAspect - During: class com.capstone.service.EmiServiceImp.getEmiData() with arguments=emi [s_no=3, loanaccno=202211021, loan_status=closed, emi_amount=0.0, upcomming_payment_date=2022-12-07, remaining_amount=0.0]
2022-10-16 18:18:52 [http-nio-8081-exec-4] INFO  com.capstone.aspect.LoggerAspect - *************************************
2022-10-16 18:18:52 [http-nio-8081-exec-4] INFO  com.capstone.aspect.LoggerAspect - During: class com.capstone.controller.EmiController.getemiofAccount() with arguments=<200 OK OK,emi [s_no=3, loanaccno=202211021, loan_status=closed, emi_amount=0.0, upcomming_payment_date=2022-12-07, remaining_amount=0.0],[]>
2022-10-16 18:18:52 [http-nio-8081-exec-4] INFO  com.capstone.aspect.LoggerAspect - *************************************
2022-10-16 18:19:01 [http-nio-8081-exec-3] INFO  com.capstone.aspect.LoggerAspect - Method name: com.capstone.controller.EmiController
2022-10-16 18:19:01 [http-nio-8081-exec-3] INFO  com.capstone.aspect.LoggerAspect - Method arguments:[Ljava.lang.Object;@38a168b8
2022-10-16 18:19:01 [http-nio-8081-exec-3] INFO  com.capstone.aspect.LoggerAspect - *************************************
2022-10-16 18:19:01 [http-nio-8081-exec-3] INFO  com.capstone.aspect.LoggerAspect - Method name: com.capstone.service.EmiServiceImp
2022-10-16 18:19:01 [http-nio-8081-exec-3] INFO  com.capstone.aspect.LoggerAspect - Method arguments:[Ljava.lang.Object;@1793cab
2022-10-16 18:19:01 [http-nio-8081-exec-3] INFO  com.capstone.aspect.LoggerAspect - *************************************
2022-10-16 18:19:01 [http-nio-8081-exec-3] INFO  com.capstone.aspect.LoggerAspect - During: class com.capstone.service.EmiServiceImp.getEmiData() with arguments=emi [s_no=3, loanaccno=202211021, loan_status=closed, emi_amount=0.0, upcomming_payment_date=2022-12-07, remaining_amount=0.0]
2022-10-16 18:19:01 [http-nio-8081-exec-3] INFO  com.capstone.aspect.LoggerAspect - *************************************
2022-10-16 18:19:01 [http-nio-8081-exec-3] INFO  com.capstone.aspect.LoggerAspect - Method name: com.capstone.service.EmiServiceImp
2022-10-16 18:19:01 [http-nio-8081-exec-3] INFO  com.capstone.aspect.LoggerAspect - Method arguments:[Ljava.lang.Object;@2a26c456
2022-10-16 18:19:01 [http-nio-8081-exec-3] INFO  com.capstone.aspect.LoggerAspect - *************************************
2022-10-16 18:19:01 [http-nio-8081-exec-3] INFO  com.capstone.aspect.LoggerAspect - During: class com.capstone.service.EmiServiceImp.getEmiData() with arguments=emi [s_no=3, loanaccno=202211021, loan_status=closed, emi_amount=0.0, upcomming_payment_date=2022-12-07, remaining_amount=0.0]
2022-10-16 18:19:01 [http-nio-8081-exec-3] INFO  com.capstone.aspect.LoggerAspect - *************************************
2022-10-16 18:19:01 [http-nio-8081-exec-3] INFO  com.capstone.aspect.LoggerAspect - During: class com.capstone.controller.EmiController.getemiofAccount() with arguments=<200 OK OK,emi [s_no=3, loanaccno=202211021, loan_status=closed, emi_amount=0.0, upcomming_payment_date=2022-12-07, remaining_amount=0.0],[]>
2022-10-16 18:19:01 [http-nio-8081-exec-3] INFO  com.capstone.aspect.LoggerAspect - *************************************
2022-10-16 18:19:03 [http-nio-8081-exec-5] INFO  com.capstone.aspect.LoggerAspect - Method name: com.capstone.controller.EmiController
2022-10-16 18:19:03 [http-nio-8081-exec-5] INFO  com.capstone.aspect.LoggerAspect - Method arguments:[Ljava.lang.Object;@54b673d8
2022-10-16 18:19:03 [http-nio-8081-exec-5] INFO  com.capstone.aspect.LoggerAspect - *************************************
2022-10-16 18:19:03 [http-nio-8081-exec-5] INFO  com.capstone.aspect.LoggerAspect - Method name: com.capstone.service.EmiServiceImp
2022-10-16 18:19:03 [http-nio-8081-exec-5] INFO  com.capstone.aspect.LoggerAspect - Method arguments:[Ljava.lang.Object;@5a804db2
2022-10-16 18:19:03 [http-nio-8081-exec-5] INFO  com.capstone.aspect.LoggerAspect - *************************************
2022-10-16 18:19:03 [http-nio-8081-exec-5] INFO  com.capstone.aspect.LoggerAspect - During: class com.capstone.service.EmiServiceImp.getEmiData() with arguments=emi [s_no=3, loanaccno=202211021, loan_status=closed, emi_amount=0.0, upcomming_payment_date=2022-12-07, remaining_amount=0.0]
2022-10-16 18:19:03 [http-nio-8081-exec-5] INFO  com.capstone.aspect.LoggerAspect - *************************************
2022-10-16 18:19:03 [http-nio-8081-exec-5] INFO  com.capstone.aspect.LoggerAspect - Method name: com.capstone.service.EmiServiceImp
2022-10-16 18:19:03 [http-nio-8081-exec-5] INFO  com.capstone.aspect.LoggerAspect - Method arguments:[Ljava.lang.Object;@4c216bf6
2022-10-16 18:19:03 [http-nio-8081-exec-5] INFO  com.capstone.aspect.LoggerAspect - *************************************
2022-10-16 18:19:03 [http-nio-8081-exec-5] INFO  com.capstone.aspect.LoggerAspect - During: class com.capstone.service.EmiServiceImp.getEmiData() with arguments=emi [s_no=3, loanaccno=202211021, loan_status=closed, emi_amount=0.0, upcomming_payment_date=2022-12-07, remaining_amount=0.0]
2022-10-16 18:19:03 [http-nio-8081-exec-5] INFO  com.capstone.aspect.LoggerAspect - *************************************
2022-10-16 18:19:03 [http-nio-8081-exec-5] INFO  com.capstone.aspect.LoggerAspect - During: class com.capstone.controller.EmiController.getemiofAccount() with arguments=<200 OK OK,emi [s_no=3, loanaccno=202211021, loan_status=closed, emi_amount=0.0, upcomming_payment_date=2022-12-07, remaining_amount=0.0],[]>
2022-10-16 18:19:03 [http-nio-8081-exec-5] INFO  com.capstone.aspect.LoggerAspect - *************************************
2022-10-16 18:19:06 [http-nio-8081-exec-6] INFO  com.capstone.aspect.LoggerAspect - Method name: com.capstone.controller.EmiController
2022-10-16 18:19:06 [http-nio-8081-exec-6] INFO  com.capstone.aspect.LoggerAspect - Method arguments:[Ljava.lang.Object;@589b1a14
2022-10-16 18:19:06 [http-nio-8081-exec-6] INFO  com.capstone.aspect.LoggerAspect - *************************************
2022-10-16 18:19:06 [http-nio-8081-exec-6] INFO  com.capstone.aspect.LoggerAspect - Method name: com.capstone.service.EmiServiceImp
2022-10-16 18:19:06 [http-nio-8081-exec-6] INFO  com.capstone.aspect.LoggerAspect - Method arguments:[Ljava.lang.Object;@3fa26a1a
2022-10-16 18:19:06 [http-nio-8081-exec-6] INFO  com.capstone.aspect.LoggerAspect - *************************************
2022-10-16 18:19:06 [http-nio-8081-exec-6] INFO  com.capstone.aspect.LoggerAspect - During: class com.capstone.service.EmiServiceImp.getEmiData() with arguments=emi [s_no=3, loanaccno=202211021, loan_status=closed, emi_amount=0.0, upcomming_payment_date=2022-12-07, remaining_amount=0.0]
2022-10-16 18:19:06 [http-nio-8081-exec-6] INFO  com.capstone.aspect.LoggerAspect - *************************************
2022-10-16 18:19:06 [http-nio-8081-exec-6] INFO  com.capstone.aspect.LoggerAspect - Method name: com.capstone.service.EmiServiceImp
2022-10-16 18:19:06 [http-nio-8081-exec-6] INFO  com.capstone.aspect.LoggerAspect - Method arguments:[Ljava.lang.Object;@6fb07043
2022-10-16 18:19:06 [http-nio-8081-exec-6] INFO  com.capstone.aspect.LoggerAspect - *************************************
2022-10-16 18:19:06 [http-nio-8081-exec-6] INFO  com.capstone.aspect.LoggerAspect - During: class com.capstone.service.EmiServiceImp.getEmiData() with arguments=emi [s_no=3, loanaccno=202211021, loan_status=closed, emi_amount=0.0, upcomming_payment_date=2022-12-07, remaining_amount=0.0]
2022-10-16 18:19:06 [http-nio-8081-exec-6] INFO  com.capstone.aspect.LoggerAspect - *************************************
2022-10-16 18:19:06 [http-nio-8081-exec-6] INFO  com.capstone.aspect.LoggerAspect - During: class com.capstone.controller.EmiController.getemiofAccount() with arguments=<200 OK OK,emi [s_no=3, loanaccno=202211021, loan_status=closed, emi_amount=0.0, upcomming_payment_date=2022-12-07, remaining_amount=0.0],[]>
2022-10-16 18:19:06 [http-nio-8081-exec-6] INFO  com.capstone.aspect.LoggerAspect - *************************************
2022-10-16 18:19:30 [AsyncResolver-bootstrap-executor-0] INFO  c.n.d.s.r.aws.ConfigClusterResolver - Resolving eureka endpoints via configuration
2022-10-16 18:20:42 [http-nio-8081-exec-9] INFO  com.capstone.aspect.LoggerAspect - Method name: com.capstone.controller.EmiController
2022-10-16 18:20:42 [http-nio-8081-exec-9] INFO  com.capstone.aspect.LoggerAspect - Method arguments:[Ljava.lang.Object;@37263e77
2022-10-16 18:20:42 [http-nio-8081-exec-9] INFO  com.capstone.aspect.LoggerAspect - *************************************
2022-10-16 18:20:42 [http-nio-8081-exec-9] INFO  com.capstone.aspect.LoggerAspect - Method name: com.capstone.service.EmiServiceImp
2022-10-16 18:20:42 [http-nio-8081-exec-9] INFO  com.capstone.aspect.LoggerAspect - Method arguments:[Ljava.lang.Object;@51fcd0a1
2022-10-16 18:20:42 [http-nio-8081-exec-9] INFO  com.capstone.aspect.LoggerAspect - *************************************
2022-10-16 18:20:42 [http-nio-8081-exec-9] INFO  com.capstone.aspect.LoggerAspect - During: class com.capstone.service.EmiServiceImp.getEmiData() with arguments=emi [s_no=3, loanaccno=202211021, loan_status=closed, emi_amount=0.0, upcomming_payment_date=2022-12-07, remaining_amount=0.0]
2022-10-16 18:20:42 [http-nio-8081-exec-9] INFO  com.capstone.aspect.LoggerAspect - *************************************
2022-10-16 18:20:42 [http-nio-8081-exec-9] INFO  com.capstone.aspect.LoggerAspect - Method name: com.capstone.service.EmiServiceImp
2022-10-16 18:20:42 [http-nio-8081-exec-9] INFO  com.capstone.aspect.LoggerAspect - Method arguments:[Ljava.lang.Object;@4a7eb046
2022-10-16 18:20:42 [http-nio-8081-exec-9] INFO  com.capstone.aspect.LoggerAspect - *************************************
2022-10-16 18:20:42 [http-nio-8081-exec-9] INFO  com.capstone.aspect.LoggerAspect - During: class com.capstone.service.EmiServiceImp.getEmiData() with arguments=emi [s_no=3, loanaccno=202211021, loan_status=closed, emi_amount=0.0, upcomming_payment_date=2022-12-07, remaining_amount=0.0]
2022-10-16 18:20:42 [http-nio-8081-exec-9] INFO  com.capstone.aspect.LoggerAspect - *************************************
2022-10-16 18:20:42 [http-nio-8081-exec-9] INFO  com.capstone.aspect.LoggerAspect - During: class com.capstone.controller.EmiController.getemiofAccount() with arguments=<200 OK OK,emi [s_no=3, loanaccno=202211021, loan_status=closed, emi_amount=0.0, upcomming_payment_date=2022-12-07, remaining_amount=0.0],[]>
2022-10-16 18:20:42 [http-nio-8081-exec-9] INFO  com.capstone.aspect.LoggerAspect - *************************************
2022-10-16 18:22:03 [http-nio-8081-exec-1] INFO  com.capstone.aspect.LoggerAspect - Method name: com.capstone.controller.EmiController
2022-10-16 18:22:03 [http-nio-8081-exec-1] INFO  com.capstone.aspect.LoggerAspect - Method arguments:[Ljava.lang.Object;@4c44b1eb
2022-10-16 18:22:03 [http-nio-8081-exec-1] INFO  com.capstone.aspect.LoggerAspect - *************************************
2022-10-16 18:22:03 [http-nio-8081-exec-1] INFO  com.capstone.aspect.LoggerAspect - Method name: com.capstone.service.EmiServiceImp
2022-10-16 18:22:03 [http-nio-8081-exec-1] INFO  com.capstone.aspect.LoggerAspect - Method arguments:[Ljava.lang.Object;@403404d2
2022-10-16 18:22:03 [http-nio-8081-exec-1] INFO  com.capstone.aspect.LoggerAspect - *************************************
2022-10-16 18:22:03 [http-nio-8081-exec-1] INFO  com.capstone.aspect.LoggerAspect - During: class com.capstone.service.EmiServiceImp.getEmiData() with arguments=emi [s_no=3, loanaccno=202211021, loan_status=closed, emi_amount=0.0, upcomming_payment_date=2022-12-07, remaining_amount=0.0]
2022-10-16 18:22:03 [http-nio-8081-exec-1] INFO  com.capstone.aspect.LoggerAspect - *************************************
2022-10-16 18:22:03 [http-nio-8081-exec-1] INFO  com.capstone.aspect.LoggerAspect - Method name: com.capstone.service.EmiServiceImp
2022-10-16 18:22:03 [http-nio-8081-exec-1] INFO  com.capstone.aspect.LoggerAspect - Method arguments:[Ljava.lang.Object;@27c5724d
2022-10-16 18:22:03 [http-nio-8081-exec-1] INFO  com.capstone.aspect.LoggerAspect - *************************************
2022-10-16 18:22:03 [http-nio-8081-exec-1] INFO  com.capstone.aspect.LoggerAspect - During: class com.capstone.service.EmiServiceImp.getEmiData() with arguments=emi [s_no=3, loanaccno=202211021, loan_status=closed, emi_amount=0.0, upcomming_payment_date=2022-12-07, remaining_amount=0.0]
2022-10-16 18:22:03 [http-nio-8081-exec-1] INFO  com.capstone.aspect.LoggerAspect - *************************************
2022-10-16 18:22:03 [http-nio-8081-exec-1] INFO  com.capstone.aspect.LoggerAspect - During: class com.capstone.controller.EmiController.getemiofAccount() with arguments=<200 OK OK,emi [s_no=3, loanaccno=202211021, loan_status=closed, emi_amount=0.0, upcomming_payment_date=2022-12-07, remaining_amount=0.0],[]>
2022-10-16 18:22:03 [http-nio-8081-exec-1] INFO  com.capstone.aspect.LoggerAspect - *************************************
2022-10-16 18:22:29 [http-nio-8081-exec-10] INFO  com.capstone.aspect.LoggerAspect - Method name: com.capstone.controller.EmiController
2022-10-16 18:22:29 [http-nio-8081-exec-10] INFO  com.capstone.aspect.LoggerAspect - Method arguments:[Ljava.lang.Object;@d40e52f
2022-10-16 18:22:29 [http-nio-8081-exec-10] INFO  com.capstone.aspect.LoggerAspect - *************************************
2022-10-16 18:22:29 [http-nio-8081-exec-10] INFO  com.capstone.aspect.LoggerAspect - Method name: com.capstone.service.EmiServiceImp
2022-10-16 18:22:29 [http-nio-8081-exec-10] INFO  com.capstone.aspect.LoggerAspect - Method arguments:[Ljava.lang.Object;@518e65b1
2022-10-16 18:22:29 [http-nio-8081-exec-10] INFO  com.capstone.aspect.LoggerAspect - *************************************
2022-10-16 18:22:29 [http-nio-8081-exec-10] INFO  com.capstone.aspect.LoggerAspect - During: class com.capstone.service.EmiServiceImp.getEmiData() with arguments=emi [s_no=3, loanaccno=202211021, loan_status=closed, emi_amount=0.0, upcomming_payment_date=2022-12-07, remaining_amount=0.0]
2022-10-16 18:22:29 [http-nio-8081-exec-10] INFO  com.capstone.aspect.LoggerAspect - *************************************
2022-10-16 18:22:29 [http-nio-8081-exec-10] INFO  com.capstone.aspect.LoggerAspect - Method name: com.capstone.service.EmiServiceImp
2022-10-16 18:22:29 [http-nio-8081-exec-10] INFO  com.capstone.aspect.LoggerAspect - Method arguments:[Ljava.lang.Object;@6b40e566
2022-10-16 18:22:29 [http-nio-8081-exec-10] INFO  com.capstone.aspect.LoggerAspect - *************************************
2022-10-16 18:22:29 [http-nio-8081-exec-10] INFO  com.capstone.aspect.LoggerAspect - During: class com.capstone.service.EmiServiceImp.getEmiData() with arguments=emi [s_no=3, loanaccno=202211021, loan_status=closed, emi_amount=0.0, upcomming_payment_date=2022-12-07, remaining_amount=0.0]
2022-10-16 18:22:29 [http-nio-8081-exec-10] INFO  com.capstone.aspect.LoggerAspect - *************************************
2022-10-16 18:22:29 [http-nio-8081-exec-10] INFO  com.capstone.aspect.LoggerAspect - During: class com.capstone.controller.EmiController.getemiofAccount() with arguments=<200 OK OK,emi [s_no=3, loanaccno=202211021, loan_status=closed, emi_amount=0.0, upcomming_payment_date=2022-12-07, remaining_amount=0.0],[]>
2022-10-16 18:22:29 [http-nio-8081-exec-10] INFO  com.capstone.aspect.LoggerAspect - *************************************
2022-10-16 18:22:35 [http-nio-8081-exec-2] INFO  com.capstone.aspect.LoggerAspect - Method name: com.capstone.controller.EmiController
2022-10-16 18:22:35 [http-nio-8081-exec-2] INFO  com.capstone.aspect.LoggerAspect - Method arguments:[Ljava.lang.Object;@25e0174b
2022-10-16 18:22:35 [http-nio-8081-exec-2] INFO  com.capstone.aspect.LoggerAspect - *************************************
2022-10-16 18:22:35 [http-nio-8081-exec-2] INFO  com.capstone.aspect.LoggerAspect - Method name: com.capstone.service.EmiServiceImp
2022-10-16 18:22:35 [http-nio-8081-exec-2] INFO  com.capstone.aspect.LoggerAspect - Method arguments:[Ljava.lang.Object;@7d986aac
2022-10-16 18:22:35 [http-nio-8081-exec-2] INFO  com.capstone.aspect.LoggerAspect - *************************************
2022-10-16 18:22:35 [http-nio-8081-exec-2] INFO  com.capstone.aspect.LoggerAspect - During: class com.capstone.service.EmiServiceImp.getEmiData() with arguments=emi [s_no=3, loanaccno=202211021, loan_status=closed, emi_amount=0.0, upcomming_payment_date=2022-12-07, remaining_amount=0.0]
2022-10-16 18:22:35 [http-nio-8081-exec-2] INFO  com.capstone.aspect.LoggerAspect - *************************************
2022-10-16 18:22:35 [http-nio-8081-exec-2] INFO  com.capstone.aspect.LoggerAspect - Method name: com.capstone.service.EmiServiceImp
2022-10-16 18:22:35 [http-nio-8081-exec-2] INFO  com.capstone.aspect.LoggerAspect - Method arguments:[Ljava.lang.Object;@2b575069
2022-10-16 18:22:35 [http-nio-8081-exec-2] INFO  com.capstone.aspect.LoggerAspect - *************************************
2022-10-16 18:22:35 [http-nio-8081-exec-2] INFO  com.capstone.aspect.LoggerAspect - During: class com.capstone.service.EmiServiceImp.getEmiData() with arguments=emi [s_no=3, loanaccno=202211021, loan_status=closed, emi_amount=0.0, upcomming_payment_date=2022-12-07, remaining_amount=0.0]
2022-10-16 18:22:35 [http-nio-8081-exec-2] INFO  com.capstone.aspect.LoggerAspect - *************************************
2022-10-16 18:22:35 [http-nio-8081-exec-2] INFO  com.capstone.aspect.LoggerAspect - During: class com.capstone.controller.EmiController.getemiofAccount() with arguments=<200 OK OK,emi [s_no=3, loanaccno=202211021, loan_status=closed, emi_amount=0.0, upcomming_payment_date=2022-12-07, remaining_amount=0.0],[]>
2022-10-16 18:22:35 [http-nio-8081-exec-2] INFO  com.capstone.aspect.LoggerAspect - *************************************
2022-10-16 18:24:30 [AsyncResolver-bootstrap-executor-0] INFO  c.n.d.s.r.aws.ConfigClusterResolver - Resolving eureka endpoints via configuration
2022-10-16 18:29:30 [AsyncResolver-bootstrap-executor-0] INFO  c.n.d.s.r.aws.ConfigClusterResolver - Resolving eureka endpoints via configuration
2022-10-16 18:31:21 [http-nio-8081-exec-3] ERROR o.a.c.c.C.[.[.[.[dispatcherServlet] - Servlet.service() for servlet [dispatcherServlet] in context with path [] threw exception [Token expired] with root cause
javax.servlet.ServletException: Token expired
	at com.capstone.filter.EmiFilter.doFilter(EmiFilter.java:59)
	at org.apache.catalina.core.ApplicationFilterChain.internalDoFilter(ApplicationFilterChain.java:189)
	at org.apache.catalina.core.ApplicationFilterChain.doFilter(ApplicationFilterChain.java:162)
	at org.springframework.web.filter.RequestContextFilter.doFilterInternal(RequestContextFilter.java:100)
	at org.springframework.web.filter.OncePerRequestFilter.doFilter(OncePerRequestFilter.java:117)
	at org.apache.catalina.core.ApplicationFilterChain.internalDoFilter(ApplicationFilterChain.java:189)
	at org.apache.catalina.core.ApplicationFilterChain.doFilter(ApplicationFilterChain.java:162)
	at org.springframework.web.filter.FormContentFilter.doFilterInternal(FormContentFilter.java:93)
	at org.springframework.web.filter.OncePerRequestFilter.doFilter(OncePerRequestFilter.java:117)
	at org.apache.catalina.core.ApplicationFilterChain.internalDoFilter(ApplicationFilterChain.java:189)
	at org.apache.catalina.core.ApplicationFilterChain.doFilter(ApplicationFilterChain.java:162)
	at org.springframework.web.filter.CharacterEncodingFilter.doFilterInternal(CharacterEncodingFilter.java:201)
	at org.springframework.web.filter.OncePerRequestFilter.doFilter(OncePerRequestFilter.java:117)
	at org.apache.catalina.core.ApplicationFilterChain.internalDoFilter(ApplicationFilterChain.java:189)
	at org.apache.catalina.core.ApplicationFilterChain.doFilter(ApplicationFilterChain.java:162)
	at org.apache.catalina.core.StandardWrapperValve.invoke(StandardWrapperValve.java:197)
	at org.apache.catalina.core.StandardContextValve.invoke(StandardContextValve.java:97)
	at org.apache.catalina.authenticator.AuthenticatorBase.invoke(AuthenticatorBase.java:541)
	at org.apache.catalina.core.StandardHostValve.invoke(StandardHostValve.java:135)
	at org.apache.catalina.valves.ErrorReportValve.invoke(ErrorReportValve.java:92)
	at org.apache.catalina.core.StandardEngineValve.invoke(StandardEngineValve.java:78)
	at org.apache.catalina.connector.CoyoteAdapter.service(CoyoteAdapter.java:360)
	at org.apache.coyote.http11.Http11Processor.service(Http11Processor.java:399)
	at org.apache.coyote.AbstractProcessorLight.process(AbstractProcessorLight.java:65)
	at org.apache.coyote.AbstractProtocol$ConnectionHandler.process(AbstractProtocol.java:890)
	at org.apache.tomcat.util.net.NioEndpoint$SocketProcessor.doRun(NioEndpoint.java:1789)
	at org.apache.tomcat.util.net.SocketProcessorBase.run(SocketProcessorBase.java:49)
	at org.apache.tomcat.util.threads.ThreadPoolExecutor.runWorker(ThreadPoolExecutor.java:1191)
	at org.apache.tomcat.util.threads.ThreadPoolExecutor$Worker.run(ThreadPoolExecutor.java:659)
	at org.apache.tomcat.util.threads.TaskThread$WrappingRunnable.run(TaskThread.java:61)
	at java.base/java.lang.Thread.run(Thread.java:833)
2022-10-16 18:31:39 [http-nio-8081-exec-5] INFO  com.capstone.aspect.LoggerAspect - Method name: com.capstone.controller.EmiController
2022-10-16 18:31:39 [http-nio-8081-exec-5] INFO  com.capstone.aspect.LoggerAspect - Method arguments:[Ljava.lang.Object;@3b34b47b
2022-10-16 18:31:39 [http-nio-8081-exec-5] INFO  com.capstone.aspect.LoggerAspect - *************************************
2022-10-16 18:31:39 [http-nio-8081-exec-5] INFO  com.capstone.aspect.LoggerAspect - Method name: com.capstone.service.EmiServiceImp
2022-10-16 18:31:39 [http-nio-8081-exec-5] INFO  com.capstone.aspect.LoggerAspect - Method arguments:[Ljava.lang.Object;@770ec998
2022-10-16 18:31:39 [http-nio-8081-exec-5] INFO  com.capstone.aspect.LoggerAspect - *************************************
2022-10-16 18:31:40 [http-nio-8081-exec-5] INFO  com.capstone.aspect.LoggerAspect - During: class com.capstone.service.EmiServiceImp.updateEMI() with arguments=emi [s_no=10, loanaccno=202211051, loan_status=active, emi_amount=11973.122, upcomming_payment_date=2022-11-07, remaining_amount=500000.0]
2022-10-16 18:31:40 [http-nio-8081-exec-5] INFO  com.capstone.aspect.LoggerAspect - *************************************
2022-10-16 18:31:40 [http-nio-8081-exec-5] INFO  com.capstone.aspect.LoggerAspect - During: class com.capstone.controller.EmiController.updateEMI() with arguments=<200 OK OK,{message=emi updated},[]>
2022-10-16 18:31:40 [http-nio-8081-exec-5] INFO  com.capstone.aspect.LoggerAspect - *************************************
2022-10-16 18:31:52 [http-nio-8081-exec-6] INFO  com.capstone.aspect.LoggerAspect - Method name: com.capstone.controller.EmiController
2022-10-16 18:31:52 [http-nio-8081-exec-6] INFO  com.capstone.aspect.LoggerAspect - Method arguments:[Ljava.lang.Object;@5c34aa1
2022-10-16 18:31:52 [http-nio-8081-exec-6] INFO  com.capstone.aspect.LoggerAspect - *************************************
2022-10-16 18:31:52 [http-nio-8081-exec-6] INFO  com.capstone.aspect.LoggerAspect - Method name: com.capstone.service.EmiServiceImp
2022-10-16 18:31:52 [http-nio-8081-exec-6] INFO  com.capstone.aspect.LoggerAspect - Method arguments:[Ljava.lang.Object;@b95afba
2022-10-16 18:31:52 [http-nio-8081-exec-6] INFO  com.capstone.aspect.LoggerAspect - *************************************
2022-10-16 18:31:52 [http-nio-8081-exec-6] INFO  com.capstone.aspect.LoggerAspect - During: class com.capstone.service.EmiServiceImp.getEmiData() with arguments=emi [s_no=10, loanaccno=202211051, loan_status=active, emi_amount=11973.122, upcomming_payment_date=2022-11-07, remaining_amount=500000.0]
2022-10-16 18:31:52 [http-nio-8081-exec-6] INFO  com.capstone.aspect.LoggerAspect - *************************************
2022-10-16 18:31:52 [http-nio-8081-exec-6] INFO  com.capstone.aspect.LoggerAspect - Method name: com.capstone.service.EmiServiceImp
2022-10-16 18:31:52 [http-nio-8081-exec-6] INFO  com.capstone.aspect.LoggerAspect - Method arguments:[Ljava.lang.Object;@d902604
2022-10-16 18:31:52 [http-nio-8081-exec-6] INFO  com.capstone.aspect.LoggerAspect - *************************************
2022-10-16 18:31:52 [http-nio-8081-exec-6] INFO  com.capstone.aspect.LoggerAspect - During: class com.capstone.service.EmiServiceImp.getEmiData() with arguments=emi [s_no=10, loanaccno=202211051, loan_status=active, emi_amount=11973.122, upcomming_payment_date=2022-11-07, remaining_amount=500000.0]
2022-10-16 18:31:52 [http-nio-8081-exec-6] INFO  com.capstone.aspect.LoggerAspect - *************************************
2022-10-16 18:31:52 [http-nio-8081-exec-6] INFO  com.capstone.aspect.LoggerAspect - During: class com.capstone.controller.EmiController.getemiofAccount() with arguments=<200 OK OK,emi [s_no=10, loanaccno=202211051, loan_status=active, emi_amount=11973.122, upcomming_payment_date=2022-11-07, remaining_amount=500000.0],[]>
2022-10-16 18:31:52 [http-nio-8081-exec-6] INFO  com.capstone.aspect.LoggerAspect - *************************************
2022-10-16 18:31:56 [http-nio-8081-exec-7] INFO  com.capstone.aspect.LoggerAspect - Method name: com.capstone.controller.EmiController
2022-10-16 18:31:56 [http-nio-8081-exec-7] INFO  com.capstone.aspect.LoggerAspect - Method arguments:[Ljava.lang.Object;@e2887a9
2022-10-16 18:31:56 [http-nio-8081-exec-7] INFO  com.capstone.aspect.LoggerAspect - *************************************
2022-10-16 18:31:56 [http-nio-8081-exec-7] INFO  com.capstone.aspect.LoggerAspect - Method name: com.capstone.service.EmiServiceImp
2022-10-16 18:31:56 [http-nio-8081-exec-7] INFO  com.capstone.aspect.LoggerAspect - Method arguments:[Ljava.lang.Object;@4ae05e4e
2022-10-16 18:31:56 [http-nio-8081-exec-7] INFO  com.capstone.aspect.LoggerAspect - *************************************
2022-10-16 18:31:56 [http-nio-8081-exec-7] INFO  com.capstone.aspect.LoggerAspect - During: class com.capstone.service.EmiServiceImp.getEmiData() with arguments=emi [s_no=10, loanaccno=202211051, loan_status=active, emi_amount=11973.122, upcomming_payment_date=2022-11-07, remaining_amount=500000.0]
2022-10-16 18:31:56 [http-nio-8081-exec-7] INFO  com.capstone.aspect.LoggerAspect - *************************************
2022-10-16 18:31:56 [http-nio-8081-exec-7] INFO  com.capstone.aspect.LoggerAspect - Method name: com.capstone.service.EmiServiceImp
2022-10-16 18:31:56 [http-nio-8081-exec-7] INFO  com.capstone.aspect.LoggerAspect - Method arguments:[Ljava.lang.Object;@3c01d177
2022-10-16 18:31:56 [http-nio-8081-exec-7] INFO  com.capstone.aspect.LoggerAspect - *************************************
2022-10-16 18:31:56 [http-nio-8081-exec-7] INFO  com.capstone.aspect.LoggerAspect - During: class com.capstone.service.EmiServiceImp.getEmiData() with arguments=emi [s_no=10, loanaccno=202211051, loan_status=active, emi_amount=11973.122, upcomming_payment_date=2022-11-07, remaining_amount=500000.0]
2022-10-16 18:31:56 [http-nio-8081-exec-7] INFO  com.capstone.aspect.LoggerAspect - *************************************
2022-10-16 18:31:56 [http-nio-8081-exec-7] INFO  com.capstone.aspect.LoggerAspect - During: class com.capstone.controller.EmiController.getemiofAccount() with arguments=<200 OK OK,emi [s_no=10, loanaccno=202211051, loan_status=active, emi_amount=11973.122, upcomming_payment_date=2022-11-07, remaining_amount=500000.0],[]>
2022-10-16 18:31:56 [http-nio-8081-exec-7] INFO  com.capstone.aspect.LoggerAspect - *************************************
2022-10-16 18:32:26 [http-nio-8081-exec-9] INFO  com.capstone.aspect.LoggerAspect - Method name: com.capstone.controller.EmiController
2022-10-16 18:32:26 [http-nio-8081-exec-9] INFO  com.capstone.aspect.LoggerAspect - Method arguments:[Ljava.lang.Object;@631f113c
2022-10-16 18:32:26 [http-nio-8081-exec-9] INFO  com.capstone.aspect.LoggerAspect - *************************************
2022-10-16 18:32:26 [http-nio-8081-exec-9] INFO  com.capstone.aspect.LoggerAspect - Method name: com.capstone.service.EmiServiceImp
2022-10-16 18:32:26 [http-nio-8081-exec-9] INFO  com.capstone.aspect.LoggerAspect - Method arguments:[Ljava.lang.Object;@21a731a6
2022-10-16 18:32:26 [http-nio-8081-exec-9] INFO  com.capstone.aspect.LoggerAspect - *************************************
2022-10-16 18:32:26 [http-nio-8081-exec-9] INFO  com.capstone.aspect.LoggerAspect - During: class com.capstone.service.EmiServiceImp.getEmiData() with arguments=emi [s_no=10, loanaccno=202211051, loan_status=active, emi_amount=11973.122, upcomming_payment_date=2022-11-07, remaining_amount=500000.0]
2022-10-16 18:32:26 [http-nio-8081-exec-9] INFO  com.capstone.aspect.LoggerAspect - *************************************
2022-10-16 18:32:26 [http-nio-8081-exec-9] INFO  com.capstone.aspect.LoggerAspect - Method name: com.capstone.service.EmiServiceImp
2022-10-16 18:32:26 [http-nio-8081-exec-9] INFO  com.capstone.aspect.LoggerAspect - Method arguments:[Ljava.lang.Object;@1390049b
2022-10-16 18:32:26 [http-nio-8081-exec-9] INFO  com.capstone.aspect.LoggerAspect - *************************************
2022-10-16 18:32:26 [http-nio-8081-exec-9] INFO  com.capstone.aspect.LoggerAspect - During: class com.capstone.service.EmiServiceImp.getEmiData() with arguments=emi [s_no=10, loanaccno=202211051, loan_status=active, emi_amount=11973.122, upcomming_payment_date=2022-11-07, remaining_amount=500000.0]
2022-10-16 18:32:26 [http-nio-8081-exec-9] INFO  com.capstone.aspect.LoggerAspect - *************************************
2022-10-16 18:32:26 [http-nio-8081-exec-9] INFO  com.capstone.aspect.LoggerAspect - During: class com.capstone.controller.EmiController.getemiofAccount() with arguments=<200 OK OK,emi [s_no=10, loanaccno=202211051, loan_status=active, emi_amount=11973.122, upcomming_payment_date=2022-11-07, remaining_amount=500000.0],[]>
2022-10-16 18:32:26 [http-nio-8081-exec-9] INFO  com.capstone.aspect.LoggerAspect - *************************************
2022-10-16 18:32:36 [http-nio-8081-exec-8] INFO  com.capstone.aspect.LoggerAspect - Method name: com.capstone.controller.EmiController
2022-10-16 18:32:36 [http-nio-8081-exec-8] INFO  com.capstone.aspect.LoggerAspect - Method arguments:[Ljava.lang.Object;@1e47cc82
2022-10-16 18:32:36 [http-nio-8081-exec-8] INFO  com.capstone.aspect.LoggerAspect - *************************************
2022-10-16 18:32:36 [http-nio-8081-exec-8] INFO  com.capstone.aspect.LoggerAspect - Method name: com.capstone.service.EmiServiceImp
2022-10-16 18:32:36 [http-nio-8081-exec-8] INFO  com.capstone.aspect.LoggerAspect - Method arguments:[Ljava.lang.Object;@51363e78
2022-10-16 18:32:36 [http-nio-8081-exec-8] INFO  com.capstone.aspect.LoggerAspect - *************************************
2022-10-16 18:32:36 [http-nio-8081-exec-8] INFO  com.capstone.aspect.LoggerAspect - During: class com.capstone.service.EmiServiceImp.getEmiData() with arguments=emi [s_no=10, loanaccno=202211051, loan_status=active, emi_amount=11973.122, upcomming_payment_date=2022-11-07, remaining_amount=500000.0]
2022-10-16 18:32:36 [http-nio-8081-exec-8] INFO  com.capstone.aspect.LoggerAspect - *************************************
2022-10-16 18:32:36 [http-nio-8081-exec-8] INFO  com.capstone.aspect.LoggerAspect - Method name: com.capstone.service.EmiServiceImp
2022-10-16 18:32:36 [http-nio-8081-exec-8] INFO  com.capstone.aspect.LoggerAspect - Method arguments:[Ljava.lang.Object;@49ba0a9c
2022-10-16 18:32:36 [http-nio-8081-exec-8] INFO  com.capstone.aspect.LoggerAspect - *************************************
2022-10-16 18:32:37 [http-nio-8081-exec-8] INFO  com.capstone.aspect.LoggerAspect - During: class com.capstone.service.EmiServiceImp.getEmiData() with arguments=emi [s_no=10, loanaccno=202211051, loan_status=active, emi_amount=11973.122, upcomming_payment_date=2022-11-07, remaining_amount=500000.0]
2022-10-16 18:32:37 [http-nio-8081-exec-8] INFO  com.capstone.aspect.LoggerAspect - *************************************
2022-10-16 18:32:37 [http-nio-8081-exec-8] INFO  com.capstone.aspect.LoggerAspect - During: class com.capstone.controller.EmiController.getemiofAccount() with arguments=<200 OK OK,emi [s_no=10, loanaccno=202211051, loan_status=active, emi_amount=11973.122, upcomming_payment_date=2022-11-07, remaining_amount=500000.0],[]>
2022-10-16 18:32:37 [http-nio-8081-exec-8] INFO  com.capstone.aspect.LoggerAspect - *************************************
2022-10-16 18:34:30 [AsyncResolver-bootstrap-executor-0] INFO  c.n.d.s.r.aws.ConfigClusterResolver - Resolving eureka endpoints via configuration
2022-10-16 18:35:39 [http-nio-8081-exec-10] INFO  com.capstone.aspect.LoggerAspect - Method name: com.capstone.controller.EmiController
2022-10-16 18:35:39 [http-nio-8081-exec-10] INFO  com.capstone.aspect.LoggerAspect - Method arguments:[Ljava.lang.Object;@dc61f1b
2022-10-16 18:35:39 [http-nio-8081-exec-10] INFO  com.capstone.aspect.LoggerAspect - *************************************
2022-10-16 18:35:39 [http-nio-8081-exec-10] INFO  com.capstone.aspect.LoggerAspect - Method name: com.capstone.service.EmiServiceImp
2022-10-16 18:35:39 [http-nio-8081-exec-10] INFO  com.capstone.aspect.LoggerAspect - Method arguments:[Ljava.lang.Object;@3877d9a7
2022-10-16 18:35:39 [http-nio-8081-exec-10] INFO  com.capstone.aspect.LoggerAspect - *************************************
2022-10-16 18:35:39 [http-nio-8081-exec-10] INFO  com.capstone.aspect.LoggerAspect - During: class com.capstone.service.EmiServiceImp.getEmiData() with arguments=emi [s_no=10, loanaccno=202211051, loan_status=active, emi_amount=11973.122, upcomming_payment_date=2022-11-07, remaining_amount=500000.0]
2022-10-16 18:35:39 [http-nio-8081-exec-10] INFO  com.capstone.aspect.LoggerAspect - *************************************
2022-10-16 18:35:39 [http-nio-8081-exec-10] INFO  com.capstone.aspect.LoggerAspect - Method name: com.capstone.service.EmiServiceImp
2022-10-16 18:35:39 [http-nio-8081-exec-10] INFO  com.capstone.aspect.LoggerAspect - Method arguments:[Ljava.lang.Object;@28b72019
2022-10-16 18:35:39 [http-nio-8081-exec-10] INFO  com.capstone.aspect.LoggerAspect - *************************************
2022-10-16 18:35:39 [http-nio-8081-exec-10] INFO  com.capstone.aspect.LoggerAspect - During: class com.capstone.service.EmiServiceImp.getEmiData() with arguments=emi [s_no=10, loanaccno=202211051, loan_status=active, emi_amount=11973.122, upcomming_payment_date=2022-11-07, remaining_amount=500000.0]
2022-10-16 18:35:39 [http-nio-8081-exec-10] INFO  com.capstone.aspect.LoggerAspect - *************************************
2022-10-16 18:35:39 [http-nio-8081-exec-10] INFO  com.capstone.aspect.LoggerAspect - During: class com.capstone.controller.EmiController.getemiofAccount() with arguments=<200 OK OK,emi [s_no=10, loanaccno=202211051, loan_status=active, emi_amount=11973.122, upcomming_payment_date=2022-11-07, remaining_amount=500000.0],[]>
2022-10-16 18:35:39 [http-nio-8081-exec-10] INFO  com.capstone.aspect.LoggerAspect - *************************************
2022-10-16 18:35:43 [http-nio-8081-exec-2] INFO  com.capstone.aspect.LoggerAspect - Method name: com.capstone.controller.EmiController
2022-10-16 18:35:43 [http-nio-8081-exec-2] INFO  com.capstone.aspect.LoggerAspect - Method arguments:[Ljava.lang.Object;@68b28454
2022-10-16 18:35:43 [http-nio-8081-exec-2] INFO  com.capstone.aspect.LoggerAspect - *************************************
2022-10-16 18:35:43 [http-nio-8081-exec-2] INFO  com.capstone.aspect.LoggerAspect - Method name: com.capstone.service.EmiServiceImp
2022-10-16 18:35:43 [http-nio-8081-exec-2] INFO  com.capstone.aspect.LoggerAspect - Method arguments:[Ljava.lang.Object;@4c372919
2022-10-16 18:35:43 [http-nio-8081-exec-2] INFO  com.capstone.aspect.LoggerAspect - *************************************
2022-10-16 18:35:43 [http-nio-8081-exec-2] INFO  com.capstone.aspect.LoggerAspect - During: class com.capstone.service.EmiServiceImp.getEmiData() with arguments=emi [s_no=10, loanaccno=202211051, loan_status=active, emi_amount=11973.122, upcomming_payment_date=2022-11-07, remaining_amount=500000.0]
2022-10-16 18:35:43 [http-nio-8081-exec-2] INFO  com.capstone.aspect.LoggerAspect - *************************************
2022-10-16 18:35:43 [http-nio-8081-exec-2] INFO  com.capstone.aspect.LoggerAspect - Method name: com.capstone.service.EmiServiceImp
2022-10-16 18:35:43 [http-nio-8081-exec-2] INFO  com.capstone.aspect.LoggerAspect - Method arguments:[Ljava.lang.Object;@40696392
2022-10-16 18:35:43 [http-nio-8081-exec-2] INFO  com.capstone.aspect.LoggerAspect - *************************************
2022-10-16 18:35:43 [http-nio-8081-exec-2] INFO  com.capstone.aspect.LoggerAspect - During: class com.capstone.service.EmiServiceImp.getEmiData() with arguments=emi [s_no=10, loanaccno=202211051, loan_status=active, emi_amount=11973.122, upcomming_payment_date=2022-11-07, remaining_amount=500000.0]
2022-10-16 18:35:43 [http-nio-8081-exec-2] INFO  com.capstone.aspect.LoggerAspect - *************************************
2022-10-16 18:35:43 [http-nio-8081-exec-2] INFO  com.capstone.aspect.LoggerAspect - During: class com.capstone.controller.EmiController.getemiofAccount() with arguments=<200 OK OK,emi [s_no=10, loanaccno=202211051, loan_status=active, emi_amount=11973.122, upcomming_payment_date=2022-11-07, remaining_amount=500000.0],[]>
2022-10-16 18:35:43 [http-nio-8081-exec-2] INFO  com.capstone.aspect.LoggerAspect - *************************************
2022-10-16 18:36:03 [http-nio-8081-exec-4] INFO  com.capstone.aspect.LoggerAspect - Method name: com.capstone.controller.EmiController
2022-10-16 18:36:03 [http-nio-8081-exec-4] INFO  com.capstone.aspect.LoggerAspect - Method arguments:[Ljava.lang.Object;@69ea92a1
2022-10-16 18:36:03 [http-nio-8081-exec-4] INFO  com.capstone.aspect.LoggerAspect - *************************************
2022-10-16 18:36:03 [http-nio-8081-exec-4] INFO  com.capstone.aspect.LoggerAspect - Method name: com.capstone.service.EmiServiceImp
2022-10-16 18:36:03 [http-nio-8081-exec-4] INFO  com.capstone.aspect.LoggerAspect - Method arguments:[Ljava.lang.Object;@72a28ffb
2022-10-16 18:36:03 [http-nio-8081-exec-4] INFO  com.capstone.aspect.LoggerAspect - *************************************
2022-10-16 18:36:03 [http-nio-8081-exec-4] INFO  com.capstone.aspect.LoggerAspect - During: class com.capstone.service.EmiServiceImp.getEmiData() with arguments=emi [s_no=10, loanaccno=202211051, loan_status=active, emi_amount=11973.122, upcomming_payment_date=2022-11-07, remaining_amount=500000.0]
2022-10-16 18:36:03 [http-nio-8081-exec-4] INFO  com.capstone.aspect.LoggerAspect - *************************************
2022-10-16 18:36:03 [http-nio-8081-exec-4] INFO  com.capstone.aspect.LoggerAspect - Method name: com.capstone.service.EmiServiceImp
2022-10-16 18:36:03 [http-nio-8081-exec-4] INFO  com.capstone.aspect.LoggerAspect - Method arguments:[Ljava.lang.Object;@339a151c
2022-10-16 18:36:03 [http-nio-8081-exec-4] INFO  com.capstone.aspect.LoggerAspect - *************************************
2022-10-16 18:36:03 [http-nio-8081-exec-4] INFO  com.capstone.aspect.LoggerAspect - During: class com.capstone.service.EmiServiceImp.getEmiData() with arguments=emi [s_no=10, loanaccno=202211051, loan_status=active, emi_amount=11973.122, upcomming_payment_date=2022-11-07, remaining_amount=500000.0]
2022-10-16 18:36:03 [http-nio-8081-exec-4] INFO  com.capstone.aspect.LoggerAspect - *************************************
2022-10-16 18:36:03 [http-nio-8081-exec-4] INFO  com.capstone.aspect.LoggerAspect - During: class com.capstone.controller.EmiController.getemiofAccount() with arguments=<200 OK OK,emi [s_no=10, loanaccno=202211051, loan_status=active, emi_amount=11973.122, upcomming_payment_date=2022-11-07, remaining_amount=500000.0],[]>
2022-10-16 18:36:03 [http-nio-8081-exec-4] INFO  com.capstone.aspect.LoggerAspect - *************************************
2022-10-16 18:36:09 [http-nio-8081-exec-3] INFO  com.capstone.aspect.LoggerAspect - Method name: com.capstone.controller.EmiController
2022-10-16 18:36:09 [http-nio-8081-exec-3] INFO  com.capstone.aspect.LoggerAspect - Method arguments:[Ljava.lang.Object;@7e0c084a
2022-10-16 18:36:09 [http-nio-8081-exec-3] INFO  com.capstone.aspect.LoggerAspect - *************************************
2022-10-16 18:36:09 [http-nio-8081-exec-3] INFO  com.capstone.aspect.LoggerAspect - Method name: com.capstone.service.EmiServiceImp
2022-10-16 18:36:09 [http-nio-8081-exec-3] INFO  com.capstone.aspect.LoggerAspect - Method arguments:[Ljava.lang.Object;@4e49fc2a
2022-10-16 18:36:09 [http-nio-8081-exec-3] INFO  com.capstone.aspect.LoggerAspect - *************************************
2022-10-16 18:36:09 [http-nio-8081-exec-3] INFO  com.capstone.aspect.LoggerAspect - During: class com.capstone.service.EmiServiceImp.getEmiData() with arguments=emi [s_no=10, loanaccno=202211051, loan_status=active, emi_amount=11973.122, upcomming_payment_date=2022-11-07, remaining_amount=500000.0]
2022-10-16 18:36:09 [http-nio-8081-exec-3] INFO  com.capstone.aspect.LoggerAspect - *************************************
2022-10-16 18:36:09 [http-nio-8081-exec-3] INFO  com.capstone.aspect.LoggerAspect - Method name: com.capstone.service.EmiServiceImp
2022-10-16 18:36:09 [http-nio-8081-exec-3] INFO  com.capstone.aspect.LoggerAspect - Method arguments:[Ljava.lang.Object;@558cb890
2022-10-16 18:36:09 [http-nio-8081-exec-3] INFO  com.capstone.aspect.LoggerAspect - *************************************
2022-10-16 18:36:09 [http-nio-8081-exec-3] INFO  com.capstone.aspect.LoggerAspect - During: class com.capstone.service.EmiServiceImp.getEmiData() with arguments=emi [s_no=10, loanaccno=202211051, loan_status=active, emi_amount=11973.122, upcomming_payment_date=2022-11-07, remaining_amount=500000.0]
2022-10-16 18:36:09 [http-nio-8081-exec-3] INFO  com.capstone.aspect.LoggerAspect - *************************************
2022-10-16 18:36:09 [http-nio-8081-exec-3] INFO  com.capstone.aspect.LoggerAspect - During: class com.capstone.controller.EmiController.getemiofAccount() with arguments=<200 OK OK,emi [s_no=10, loanaccno=202211051, loan_status=active, emi_amount=11973.122, upcomming_payment_date=2022-11-07, remaining_amount=500000.0],[]>
2022-10-16 18:36:09 [http-nio-8081-exec-3] INFO  com.capstone.aspect.LoggerAspect - *************************************
2022-10-16 18:36:19 [http-nio-8081-exec-5] INFO  com.capstone.aspect.LoggerAspect - Method name: com.capstone.controller.EmiController
2022-10-16 18:36:19 [http-nio-8081-exec-5] INFO  com.capstone.aspect.LoggerAspect - Method arguments:[Ljava.lang.Object;@23b82969
2022-10-16 18:36:19 [http-nio-8081-exec-5] INFO  com.capstone.aspect.LoggerAspect - *************************************
2022-10-16 18:36:19 [http-nio-8081-exec-5] INFO  com.capstone.aspect.LoggerAspect - Method name: com.capstone.service.EmiServiceImp
2022-10-16 18:36:19 [http-nio-8081-exec-5] INFO  com.capstone.aspect.LoggerAspect - Method arguments:[Ljava.lang.Object;@2da48464
2022-10-16 18:36:19 [http-nio-8081-exec-5] INFO  com.capstone.aspect.LoggerAspect - *************************************
2022-10-16 18:36:19 [http-nio-8081-exec-5] INFO  com.capstone.aspect.LoggerAspect - During: class com.capstone.service.EmiServiceImp.updateEMI() with arguments=emi [s_no=10, loanaccno=202211051, loan_status=active, emi_amount=11973.122, upcomming_payment_date=2022-12-07, remaining_amount=489943.53]
2022-10-16 18:36:19 [http-nio-8081-exec-5] INFO  com.capstone.aspect.LoggerAspect - *************************************
2022-10-16 18:36:19 [http-nio-8081-exec-5] INFO  com.capstone.aspect.LoggerAspect - During: class com.capstone.controller.EmiController.updateEMI() with arguments=<200 OK OK,{message=emi updated},[]>
2022-10-16 18:36:19 [http-nio-8081-exec-5] INFO  com.capstone.aspect.LoggerAspect - *************************************
2022-10-16 18:39:30 [AsyncResolver-bootstrap-executor-0] INFO  c.n.d.s.r.aws.ConfigClusterResolver - Resolving eureka endpoints via configuration
2022-10-16 18:44:30 [AsyncResolver-bootstrap-executor-0] INFO  c.n.d.s.r.aws.ConfigClusterResolver - Resolving eureka endpoints via configuration
2022-10-16 18:45:28 [http-nio-8081-exec-7] INFO  com.capstone.aspect.LoggerAspect - Method name: com.capstone.controller.EmiController
2022-10-16 18:45:28 [http-nio-8081-exec-7] INFO  com.capstone.aspect.LoggerAspect - Method arguments:[Ljava.lang.Object;@5fc3fa84
2022-10-16 18:45:28 [http-nio-8081-exec-7] INFO  com.capstone.aspect.LoggerAspect - *************************************
2022-10-16 18:45:28 [http-nio-8081-exec-7] INFO  com.capstone.aspect.LoggerAspect - Method name: com.capstone.service.EmiServiceImp
2022-10-16 18:45:28 [http-nio-8081-exec-7] INFO  com.capstone.aspect.LoggerAspect - Method arguments:[Ljava.lang.Object;@24f891f
2022-10-16 18:45:28 [http-nio-8081-exec-7] INFO  com.capstone.aspect.LoggerAspect - *************************************
2022-10-16 18:45:28 [http-nio-8081-exec-7] INFO  com.capstone.aspect.LoggerAspect - During: class com.capstone.service.EmiServiceImp.getEmiData() with arguments=emi [s_no=10, loanaccno=202211051, loan_status=active, emi_amount=11973.122, upcomming_payment_date=2022-12-07, remaining_amount=489943.53]
2022-10-16 18:45:28 [http-nio-8081-exec-7] INFO  com.capstone.aspect.LoggerAspect - *************************************
2022-10-16 18:45:28 [http-nio-8081-exec-7] INFO  com.capstone.aspect.LoggerAspect - Method name: com.capstone.service.EmiServiceImp
2022-10-16 18:45:28 [http-nio-8081-exec-7] INFO  com.capstone.aspect.LoggerAspect - Method arguments:[Ljava.lang.Object;@6b7aca88
2022-10-16 18:45:28 [http-nio-8081-exec-7] INFO  com.capstone.aspect.LoggerAspect - *************************************
2022-10-16 18:45:28 [http-nio-8081-exec-7] INFO  com.capstone.aspect.LoggerAspect - During: class com.capstone.service.EmiServiceImp.getEmiData() with arguments=emi [s_no=10, loanaccno=202211051, loan_status=active, emi_amount=11973.122, upcomming_payment_date=2022-12-07, remaining_amount=489943.53]
2022-10-16 18:45:28 [http-nio-8081-exec-7] INFO  com.capstone.aspect.LoggerAspect - *************************************
2022-10-16 18:45:28 [http-nio-8081-exec-7] INFO  com.capstone.aspect.LoggerAspect - During: class com.capstone.controller.EmiController.getemiofAccount() with arguments=<200 OK OK,emi [s_no=10, loanaccno=202211051, loan_status=active, emi_amount=11973.122, upcomming_payment_date=2022-12-07, remaining_amount=489943.53],[]>
2022-10-16 18:45:28 [http-nio-8081-exec-7] INFO  com.capstone.aspect.LoggerAspect - *************************************
2022-10-16 18:45:31 [http-nio-8081-exec-9] INFO  com.capstone.aspect.LoggerAspect - Method name: com.capstone.controller.EmiController
2022-10-16 18:45:31 [http-nio-8081-exec-9] INFO  com.capstone.aspect.LoggerAspect - Method arguments:[Ljava.lang.Object;@30685ce4
2022-10-16 18:45:31 [http-nio-8081-exec-9] INFO  com.capstone.aspect.LoggerAspect - *************************************
2022-10-16 18:45:31 [http-nio-8081-exec-9] INFO  com.capstone.aspect.LoggerAspect - Method name: com.capstone.service.EmiServiceImp
2022-10-16 18:45:31 [http-nio-8081-exec-9] INFO  com.capstone.aspect.LoggerAspect - Method arguments:[Ljava.lang.Object;@21e53f2a
2022-10-16 18:45:31 [http-nio-8081-exec-9] INFO  com.capstone.aspect.LoggerAspect - *************************************
2022-10-16 18:45:31 [http-nio-8081-exec-9] INFO  com.capstone.aspect.LoggerAspect - During: class com.capstone.service.EmiServiceImp.getEmiData() with arguments=emi [s_no=10, loanaccno=202211051, loan_status=active, emi_amount=11973.122, upcomming_payment_date=2022-12-07, remaining_amount=489943.53]
2022-10-16 18:45:31 [http-nio-8081-exec-9] INFO  com.capstone.aspect.LoggerAspect - *************************************
2022-10-16 18:45:31 [http-nio-8081-exec-9] INFO  com.capstone.aspect.LoggerAspect - Method name: com.capstone.service.EmiServiceImp
2022-10-16 18:45:31 [http-nio-8081-exec-9] INFO  com.capstone.aspect.LoggerAspect - Method arguments:[Ljava.lang.Object;@a0c8e31
2022-10-16 18:45:31 [http-nio-8081-exec-9] INFO  com.capstone.aspect.LoggerAspect - *************************************
2022-10-16 18:45:31 [http-nio-8081-exec-9] INFO  com.capstone.aspect.LoggerAspect - During: class com.capstone.service.EmiServiceImp.getEmiData() with arguments=emi [s_no=10, loanaccno=202211051, loan_status=active, emi_amount=11973.122, upcomming_payment_date=2022-12-07, remaining_amount=489943.53]
2022-10-16 18:45:31 [http-nio-8081-exec-9] INFO  com.capstone.aspect.LoggerAspect - *************************************
2022-10-16 18:45:31 [http-nio-8081-exec-9] INFO  com.capstone.aspect.LoggerAspect - During: class com.capstone.controller.EmiController.getemiofAccount() with arguments=<200 OK OK,emi [s_no=10, loanaccno=202211051, loan_status=active, emi_amount=11973.122, upcomming_payment_date=2022-12-07, remaining_amount=489943.53],[]>
2022-10-16 18:45:31 [http-nio-8081-exec-9] INFO  com.capstone.aspect.LoggerAspect - *************************************
2022-10-16 18:49:30 [AsyncResolver-bootstrap-executor-0] INFO  c.n.d.s.r.aws.ConfigClusterResolver - Resolving eureka endpoints via configuration
2022-10-16 18:54:30 [AsyncResolver-bootstrap-executor-0] INFO  c.n.d.s.r.aws.ConfigClusterResolver - Resolving eureka endpoints via configuration
2022-10-16 18:59:30 [AsyncResolver-bootstrap-executor-0] INFO  c.n.d.s.r.aws.ConfigClusterResolver - Resolving eureka endpoints via configuration
2022-10-16 19:04:30 [AsyncResolver-bootstrap-executor-0] INFO  c.n.d.s.r.aws.ConfigClusterResolver - Resolving eureka endpoints via configuration
2022-10-16 19:04:54 [http-nio-8081-exec-1] INFO  com.capstone.aspect.LoggerAspect - Method name: com.capstone.controller.EmiController
2022-10-16 19:04:54 [http-nio-8081-exec-1] INFO  com.capstone.aspect.LoggerAspect - Method arguments:[Ljava.lang.Object;@452f66b5
2022-10-16 19:04:54 [http-nio-8081-exec-1] INFO  com.capstone.aspect.LoggerAspect - *************************************
2022-10-16 19:04:54 [http-nio-8081-exec-1] INFO  com.capstone.aspect.LoggerAspect - Method name: com.capstone.service.EmiServiceImp
2022-10-16 19:04:54 [http-nio-8081-exec-1] INFO  com.capstone.aspect.LoggerAspect - Method arguments:[Ljava.lang.Object;@3e5ab825
2022-10-16 19:04:54 [http-nio-8081-exec-1] INFO  com.capstone.aspect.LoggerAspect - *************************************
2022-10-16 19:04:54 [http-nio-8081-exec-1] INFO  com.capstone.aspect.LoggerAspect - During: class com.capstone.service.EmiServiceImp.getEmiData() with arguments=emi [s_no=10, loanaccno=202211051, loan_status=active, emi_amount=11973.122, upcomming_payment_date=2022-12-07, remaining_amount=489943.53]
2022-10-16 19:04:54 [http-nio-8081-exec-1] INFO  com.capstone.aspect.LoggerAspect - *************************************
2022-10-16 19:04:54 [http-nio-8081-exec-1] INFO  com.capstone.aspect.LoggerAspect - Method name: com.capstone.service.EmiServiceImp
2022-10-16 19:04:54 [http-nio-8081-exec-1] INFO  com.capstone.aspect.LoggerAspect - Method arguments:[Ljava.lang.Object;@27d70fb7
2022-10-16 19:04:54 [http-nio-8081-exec-1] INFO  com.capstone.aspect.LoggerAspect - *************************************
2022-10-16 19:04:54 [http-nio-8081-exec-1] INFO  com.capstone.aspect.LoggerAspect - During: class com.capstone.service.EmiServiceImp.getEmiData() with arguments=emi [s_no=10, loanaccno=202211051, loan_status=active, emi_amount=11973.122, upcomming_payment_date=2022-12-07, remaining_amount=489943.53]
2022-10-16 19:04:54 [http-nio-8081-exec-1] INFO  com.capstone.aspect.LoggerAspect - *************************************
2022-10-16 19:04:54 [http-nio-8081-exec-1] INFO  com.capstone.aspect.LoggerAspect - During: class com.capstone.controller.EmiController.getemiofAccount() with arguments=<200 OK OK,emi [s_no=10, loanaccno=202211051, loan_status=active, emi_amount=11973.122, upcomming_payment_date=2022-12-07, remaining_amount=489943.53],[]>
2022-10-16 19:04:54 [http-nio-8081-exec-1] INFO  com.capstone.aspect.LoggerAspect - *************************************
2022-10-16 19:04:56 [http-nio-8081-exec-10] INFO  com.capstone.aspect.LoggerAspect - Method name: com.capstone.controller.EmiController
2022-10-16 19:04:56 [http-nio-8081-exec-10] INFO  com.capstone.aspect.LoggerAspect - Method arguments:[Ljava.lang.Object;@50ba402
2022-10-16 19:04:56 [http-nio-8081-exec-10] INFO  com.capstone.aspect.LoggerAspect - *************************************
2022-10-16 19:04:56 [http-nio-8081-exec-10] INFO  com.capstone.aspect.LoggerAspect - Method name: com.capstone.service.EmiServiceImp
2022-10-16 19:04:56 [http-nio-8081-exec-10] INFO  com.capstone.aspect.LoggerAspect - Method arguments:[Ljava.lang.Object;@1e03a698
2022-10-16 19:04:56 [http-nio-8081-exec-10] INFO  com.capstone.aspect.LoggerAspect - *************************************
2022-10-16 19:04:56 [http-nio-8081-exec-10] INFO  com.capstone.aspect.LoggerAspect - During: class com.capstone.service.EmiServiceImp.getEmiData() with arguments=emi [s_no=10, loanaccno=202211051, loan_status=active, emi_amount=11973.122, upcomming_payment_date=2022-12-07, remaining_amount=489943.53]
2022-10-16 19:04:56 [http-nio-8081-exec-10] INFO  com.capstone.aspect.LoggerAspect - *************************************
2022-10-16 19:04:56 [http-nio-8081-exec-10] INFO  com.capstone.aspect.LoggerAspect - Method name: com.capstone.service.EmiServiceImp
2022-10-16 19:04:56 [http-nio-8081-exec-10] INFO  com.capstone.aspect.LoggerAspect - Method arguments:[Ljava.lang.Object;@5695a951
2022-10-16 19:04:56 [http-nio-8081-exec-10] INFO  com.capstone.aspect.LoggerAspect - *************************************
2022-10-16 19:04:56 [http-nio-8081-exec-10] INFO  com.capstone.aspect.LoggerAspect - During: class com.capstone.service.EmiServiceImp.getEmiData() with arguments=emi [s_no=10, loanaccno=202211051, loan_status=active, emi_amount=11973.122, upcomming_payment_date=2022-12-07, remaining_amount=489943.53]
2022-10-16 19:04:56 [http-nio-8081-exec-10] INFO  com.capstone.aspect.LoggerAspect - *************************************
2022-10-16 19:04:56 [http-nio-8081-exec-10] INFO  com.capstone.aspect.LoggerAspect - During: class com.capstone.controller.EmiController.getemiofAccount() with arguments=<200 OK OK,emi [s_no=10, loanaccno=202211051, loan_status=active, emi_amount=11973.122, upcomming_payment_date=2022-12-07, remaining_amount=489943.53],[]>
2022-10-16 19:04:56 [http-nio-8081-exec-10] INFO  com.capstone.aspect.LoggerAspect - *************************************
2022-10-16 19:05:22 [http-nio-8081-exec-2] INFO  com.capstone.aspect.LoggerAspect - Method name: com.capstone.controller.EmiController
2022-10-16 19:05:22 [http-nio-8081-exec-2] INFO  com.capstone.aspect.LoggerAspect - Method arguments:[Ljava.lang.Object;@69e2e435
2022-10-16 19:05:22 [http-nio-8081-exec-2] INFO  com.capstone.aspect.LoggerAspect - *************************************
2022-10-16 19:05:22 [http-nio-8081-exec-2] INFO  com.capstone.aspect.LoggerAspect - Method name: com.capstone.service.EmiServiceImp
2022-10-16 19:05:22 [http-nio-8081-exec-2] INFO  com.capstone.aspect.LoggerAspect - Method arguments:[Ljava.lang.Object;@222e0c03
2022-10-16 19:05:22 [http-nio-8081-exec-2] INFO  com.capstone.aspect.LoggerAspect - *************************************
2022-10-16 19:05:22 [http-nio-8081-exec-2] INFO  com.capstone.aspect.LoggerAspect - During: class com.capstone.service.EmiServiceImp.getEmiData() with arguments=emi [s_no=10, loanaccno=202211051, loan_status=active, emi_amount=11973.122, upcomming_payment_date=2022-12-07, remaining_amount=489943.53]
2022-10-16 19:05:22 [http-nio-8081-exec-2] INFO  com.capstone.aspect.LoggerAspect - *************************************
2022-10-16 19:05:22 [http-nio-8081-exec-2] INFO  com.capstone.aspect.LoggerAspect - Method name: com.capstone.service.EmiServiceImp
2022-10-16 19:05:22 [http-nio-8081-exec-2] INFO  com.capstone.aspect.LoggerAspect - Method arguments:[Ljava.lang.Object;@11b1a55d
2022-10-16 19:05:22 [http-nio-8081-exec-2] INFO  com.capstone.aspect.LoggerAspect - *************************************
2022-10-16 19:05:22 [http-nio-8081-exec-2] INFO  com.capstone.aspect.LoggerAspect - During: class com.capstone.service.EmiServiceImp.getEmiData() with arguments=emi [s_no=10, loanaccno=202211051, loan_status=active, emi_amount=11973.122, upcomming_payment_date=2022-12-07, remaining_amount=489943.53]
2022-10-16 19:05:22 [http-nio-8081-exec-2] INFO  com.capstone.aspect.LoggerAspect - *************************************
2022-10-16 19:05:22 [http-nio-8081-exec-2] INFO  com.capstone.aspect.LoggerAspect - During: class com.capstone.controller.EmiController.getemiofAccount() with arguments=<200 OK OK,emi [s_no=10, loanaccno=202211051, loan_status=active, emi_amount=11973.122, upcomming_payment_date=2022-12-07, remaining_amount=489943.53],[]>
2022-10-16 19:05:22 [http-nio-8081-exec-2] INFO  com.capstone.aspect.LoggerAspect - *************************************
2022-10-16 19:06:42 [http-nio-8081-exec-3] INFO  com.capstone.aspect.LoggerAspect - Method name: com.capstone.controller.EmiController
2022-10-16 19:06:42 [http-nio-8081-exec-3] INFO  com.capstone.aspect.LoggerAspect - Method arguments:[Ljava.lang.Object;@1ea1934c
2022-10-16 19:06:42 [http-nio-8081-exec-3] INFO  com.capstone.aspect.LoggerAspect - *************************************
2022-10-16 19:06:42 [http-nio-8081-exec-3] INFO  com.capstone.aspect.LoggerAspect - Method name: com.capstone.service.EmiServiceImp
2022-10-16 19:06:42 [http-nio-8081-exec-3] INFO  com.capstone.aspect.LoggerAspect - Method arguments:[Ljava.lang.Object;@1cb2795e
2022-10-16 19:06:42 [http-nio-8081-exec-3] INFO  com.capstone.aspect.LoggerAspect - *************************************
2022-10-16 19:06:42 [http-nio-8081-exec-3] INFO  com.capstone.aspect.LoggerAspect - During: class com.capstone.service.EmiServiceImp.getEmiData() with arguments=emi [s_no=10, loanaccno=202211051, loan_status=active, emi_amount=11973.122, upcomming_payment_date=2022-12-07, remaining_amount=489943.53]
2022-10-16 19:06:42 [http-nio-8081-exec-3] INFO  com.capstone.aspect.LoggerAspect - *************************************
2022-10-16 19:06:42 [http-nio-8081-exec-3] INFO  com.capstone.aspect.LoggerAspect - Method name: com.capstone.service.EmiServiceImp
2022-10-16 19:06:42 [http-nio-8081-exec-3] INFO  com.capstone.aspect.LoggerAspect - Method arguments:[Ljava.lang.Object;@492058ed
2022-10-16 19:06:42 [http-nio-8081-exec-3] INFO  com.capstone.aspect.LoggerAspect - *************************************
2022-10-16 19:06:42 [http-nio-8081-exec-3] INFO  com.capstone.aspect.LoggerAspect - During: class com.capstone.service.EmiServiceImp.getEmiData() with arguments=emi [s_no=10, loanaccno=202211051, loan_status=active, emi_amount=11973.122, upcomming_payment_date=2022-12-07, remaining_amount=489943.53]
2022-10-16 19:06:42 [http-nio-8081-exec-3] INFO  com.capstone.aspect.LoggerAspect - *************************************
2022-10-16 19:06:42 [http-nio-8081-exec-3] INFO  com.capstone.aspect.LoggerAspect - During: class com.capstone.controller.EmiController.getemiofAccount() with arguments=<200 OK OK,emi [s_no=10, loanaccno=202211051, loan_status=active, emi_amount=11973.122, upcomming_payment_date=2022-12-07, remaining_amount=489943.53],[]>
2022-10-16 19:06:42 [http-nio-8081-exec-3] INFO  com.capstone.aspect.LoggerAspect - *************************************
2022-10-16 19:06:45 [http-nio-8081-exec-5] INFO  com.capstone.aspect.LoggerAspect - Method name: com.capstone.controller.EmiController
2022-10-16 19:06:45 [http-nio-8081-exec-5] INFO  com.capstone.aspect.LoggerAspect - Method arguments:[Ljava.lang.Object;@57812217
2022-10-16 19:06:45 [http-nio-8081-exec-5] INFO  com.capstone.aspect.LoggerAspect - *************************************
2022-10-16 19:06:45 [http-nio-8081-exec-5] INFO  com.capstone.aspect.LoggerAspect - Method name: com.capstone.service.EmiServiceImp
2022-10-16 19:06:45 [http-nio-8081-exec-5] INFO  com.capstone.aspect.LoggerAspect - Method arguments:[Ljava.lang.Object;@26b66ea7
2022-10-16 19:06:45 [http-nio-8081-exec-5] INFO  com.capstone.aspect.LoggerAspect - *************************************
2022-10-16 19:06:45 [http-nio-8081-exec-5] INFO  com.capstone.aspect.LoggerAspect - During: class com.capstone.service.EmiServiceImp.getEmiData() with arguments=emi [s_no=10, loanaccno=202211051, loan_status=active, emi_amount=11973.122, upcomming_payment_date=2022-12-07, remaining_amount=489943.53]
2022-10-16 19:06:45 [http-nio-8081-exec-5] INFO  com.capstone.aspect.LoggerAspect - *************************************
2022-10-16 19:06:45 [http-nio-8081-exec-5] INFO  com.capstone.aspect.LoggerAspect - Method name: com.capstone.service.EmiServiceImp
2022-10-16 19:06:45 [http-nio-8081-exec-5] INFO  com.capstone.aspect.LoggerAspect - Method arguments:[Ljava.lang.Object;@235f05fd
2022-10-16 19:06:45 [http-nio-8081-exec-5] INFO  com.capstone.aspect.LoggerAspect - *************************************
2022-10-16 19:06:45 [http-nio-8081-exec-5] INFO  com.capstone.aspect.LoggerAspect - During: class com.capstone.service.EmiServiceImp.getEmiData() with arguments=emi [s_no=10, loanaccno=202211051, loan_status=active, emi_amount=11973.122, upcomming_payment_date=2022-12-07, remaining_amount=489943.53]
2022-10-16 19:06:45 [http-nio-8081-exec-5] INFO  com.capstone.aspect.LoggerAspect - *************************************
2022-10-16 19:06:45 [http-nio-8081-exec-5] INFO  com.capstone.aspect.LoggerAspect - During: class com.capstone.controller.EmiController.getemiofAccount() with arguments=<200 OK OK,emi [s_no=10, loanaccno=202211051, loan_status=active, emi_amount=11973.122, upcomming_payment_date=2022-12-07, remaining_amount=489943.53],[]>
2022-10-16 19:06:45 [http-nio-8081-exec-5] INFO  com.capstone.aspect.LoggerAspect - *************************************
2022-10-16 19:06:52 [http-nio-8081-exec-6] INFO  com.capstone.aspect.LoggerAspect - Method name: com.capstone.controller.EmiController
2022-10-16 19:06:52 [http-nio-8081-exec-6] INFO  com.capstone.aspect.LoggerAspect - Method arguments:[Ljava.lang.Object;@7193d609
2022-10-16 19:06:52 [http-nio-8081-exec-6] INFO  com.capstone.aspect.LoggerAspect - *************************************
2022-10-16 19:06:52 [http-nio-8081-exec-6] INFO  com.capstone.aspect.LoggerAspect - Method name: com.capstone.service.EmiServiceImp
2022-10-16 19:06:52 [http-nio-8081-exec-6] INFO  com.capstone.aspect.LoggerAspect - Method arguments:[Ljava.lang.Object;@b5fd354
2022-10-16 19:06:52 [http-nio-8081-exec-6] INFO  com.capstone.aspect.LoggerAspect - *************************************
2022-10-16 19:06:52 [http-nio-8081-exec-6] INFO  com.capstone.aspect.LoggerAspect - During: class com.capstone.service.EmiServiceImp.getEmiData() with arguments=emi [s_no=10, loanaccno=202211051, loan_status=active, emi_amount=11973.122, upcomming_payment_date=2022-12-07, remaining_amount=489943.53]
2022-10-16 19:06:52 [http-nio-8081-exec-6] INFO  com.capstone.aspect.LoggerAspect - *************************************
2022-10-16 19:06:52 [http-nio-8081-exec-6] INFO  com.capstone.aspect.LoggerAspect - Method name: com.capstone.service.EmiServiceImp
2022-10-16 19:06:52 [http-nio-8081-exec-6] INFO  com.capstone.aspect.LoggerAspect - Method arguments:[Ljava.lang.Object;@95cf958
2022-10-16 19:06:52 [http-nio-8081-exec-6] INFO  com.capstone.aspect.LoggerAspect - *************************************
2022-10-16 19:06:52 [http-nio-8081-exec-6] INFO  com.capstone.aspect.LoggerAspect - During: class com.capstone.service.EmiServiceImp.getEmiData() with arguments=emi [s_no=10, loanaccno=202211051, loan_status=active, emi_amount=11973.122, upcomming_payment_date=2022-12-07, remaining_amount=489943.53]
2022-10-16 19:06:52 [http-nio-8081-exec-6] INFO  com.capstone.aspect.LoggerAspect - *************************************
2022-10-16 19:06:52 [http-nio-8081-exec-6] INFO  com.capstone.aspect.LoggerAspect - During: class com.capstone.controller.EmiController.getemiofAccount() with arguments=<200 OK OK,emi [s_no=10, loanaccno=202211051, loan_status=active, emi_amount=11973.122, upcomming_payment_date=2022-12-07, remaining_amount=489943.53],[]>
2022-10-16 19:06:52 [http-nio-8081-exec-6] INFO  com.capstone.aspect.LoggerAspect - *************************************
2022-10-16 19:06:54 [http-nio-8081-exec-7] INFO  com.capstone.aspect.LoggerAspect - Method name: com.capstone.controller.EmiController
2022-10-16 19:06:54 [http-nio-8081-exec-7] INFO  com.capstone.aspect.LoggerAspect - Method arguments:[Ljava.lang.Object;@6223d6f1
2022-10-16 19:06:54 [http-nio-8081-exec-7] INFO  com.capstone.aspect.LoggerAspect - *************************************
2022-10-16 19:06:54 [http-nio-8081-exec-7] INFO  com.capstone.aspect.LoggerAspect - Method name: com.capstone.service.EmiServiceImp
2022-10-16 19:06:54 [http-nio-8081-exec-7] INFO  com.capstone.aspect.LoggerAspect - Method arguments:[Ljava.lang.Object;@3f157a79
2022-10-16 19:06:54 [http-nio-8081-exec-7] INFO  com.capstone.aspect.LoggerAspect - *************************************
2022-10-16 19:06:54 [http-nio-8081-exec-7] INFO  com.capstone.aspect.LoggerAspect - During: class com.capstone.service.EmiServiceImp.getEmiData() with arguments=emi [s_no=10, loanaccno=202211051, loan_status=active, emi_amount=11973.122, upcomming_payment_date=2022-12-07, remaining_amount=489943.53]
2022-10-16 19:06:54 [http-nio-8081-exec-7] INFO  com.capstone.aspect.LoggerAspect - *************************************
2022-10-16 19:06:54 [http-nio-8081-exec-7] INFO  com.capstone.aspect.LoggerAspect - Method name: com.capstone.service.EmiServiceImp
2022-10-16 19:06:54 [http-nio-8081-exec-7] INFO  com.capstone.aspect.LoggerAspect - Method arguments:[Ljava.lang.Object;@368df595
2022-10-16 19:06:54 [http-nio-8081-exec-7] INFO  com.capstone.aspect.LoggerAspect - *************************************
2022-10-16 19:06:54 [http-nio-8081-exec-7] INFO  com.capstone.aspect.LoggerAspect - During: class com.capstone.service.EmiServiceImp.getEmiData() with arguments=emi [s_no=10, loanaccno=202211051, loan_status=active, emi_amount=11973.122, upcomming_payment_date=2022-12-07, remaining_amount=489943.53]
2022-10-16 19:06:54 [http-nio-8081-exec-7] INFO  com.capstone.aspect.LoggerAspect - *************************************
2022-10-16 19:06:54 [http-nio-8081-exec-7] INFO  com.capstone.aspect.LoggerAspect - During: class com.capstone.controller.EmiController.getemiofAccount() with arguments=<200 OK OK,emi [s_no=10, loanaccno=202211051, loan_status=active, emi_amount=11973.122, upcomming_payment_date=2022-12-07, remaining_amount=489943.53],[]>
2022-10-16 19:06:54 [http-nio-8081-exec-7] INFO  com.capstone.aspect.LoggerAspect - *************************************
2022-10-16 19:07:13 [http-nio-8081-exec-9] INFO  com.capstone.aspect.LoggerAspect - Method name: com.capstone.controller.EmiController
2022-10-16 19:07:13 [http-nio-8081-exec-9] INFO  com.capstone.aspect.LoggerAspect - Method arguments:[Ljava.lang.Object;@755f1e31
2022-10-16 19:07:13 [http-nio-8081-exec-9] INFO  com.capstone.aspect.LoggerAspect - *************************************
2022-10-16 19:07:13 [http-nio-8081-exec-9] INFO  com.capstone.aspect.LoggerAspect - Method name: com.capstone.service.EmiServiceImp
2022-10-16 19:07:13 [http-nio-8081-exec-9] INFO  com.capstone.aspect.LoggerAspect - Method arguments:[Ljava.lang.Object;@54260a56
2022-10-16 19:07:13 [http-nio-8081-exec-9] INFO  com.capstone.aspect.LoggerAspect - *************************************
2022-10-16 19:07:13 [http-nio-8081-exec-9] INFO  com.capstone.aspect.LoggerAspect - During: class com.capstone.service.EmiServiceImp.getEmiData() with arguments=emi [s_no=4, loanaccno=202211022, loan_status=active, emi_amount=14673.0, upcomming_payment_date=2022-11-07, remaining_amount=500000.0]
2022-10-16 19:07:13 [http-nio-8081-exec-9] INFO  com.capstone.aspect.LoggerAspect - *************************************
2022-10-16 19:07:13 [http-nio-8081-exec-9] INFO  com.capstone.aspect.LoggerAspect - Method name: com.capstone.service.EmiServiceImp
2022-10-16 19:07:13 [http-nio-8081-exec-9] INFO  com.capstone.aspect.LoggerAspect - Method arguments:[Ljava.lang.Object;@545e3ea8
2022-10-16 19:07:13 [http-nio-8081-exec-9] INFO  com.capstone.aspect.LoggerAspect - *************************************
2022-10-16 19:07:13 [http-nio-8081-exec-9] INFO  com.capstone.aspect.LoggerAspect - During: class com.capstone.service.EmiServiceImp.getEmiData() with arguments=emi [s_no=4, loanaccno=202211022, loan_status=active, emi_amount=14673.0, upcomming_payment_date=2022-11-07, remaining_amount=500000.0]
2022-10-16 19:07:13 [http-nio-8081-exec-9] INFO  com.capstone.aspect.LoggerAspect - *************************************
2022-10-16 19:07:13 [http-nio-8081-exec-9] INFO  com.capstone.aspect.LoggerAspect - During: class com.capstone.controller.EmiController.getemiofAccount() with arguments=<200 OK OK,emi [s_no=4, loanaccno=202211022, loan_status=active, emi_amount=14673.0, upcomming_payment_date=2022-11-07, remaining_amount=500000.0],[]>
2022-10-16 19:07:13 [http-nio-8081-exec-9] INFO  com.capstone.aspect.LoggerAspect - *************************************
2022-10-16 19:07:14 [http-nio-8081-exec-8] INFO  com.capstone.aspect.LoggerAspect - Method name: com.capstone.controller.EmiController
2022-10-16 19:07:14 [http-nio-8081-exec-8] INFO  com.capstone.aspect.LoggerAspect - Method arguments:[Ljava.lang.Object;@5306e7f7
2022-10-16 19:07:14 [http-nio-8081-exec-8] INFO  com.capstone.aspect.LoggerAspect - *************************************
2022-10-16 19:07:14 [http-nio-8081-exec-8] INFO  com.capstone.aspect.LoggerAspect - Method name: com.capstone.service.EmiServiceImp
2022-10-16 19:07:14 [http-nio-8081-exec-8] INFO  com.capstone.aspect.LoggerAspect - Method arguments:[Ljava.lang.Object;@49107244
2022-10-16 19:07:14 [http-nio-8081-exec-8] INFO  com.capstone.aspect.LoggerAspect - *************************************
2022-10-16 19:07:14 [http-nio-8081-exec-8] INFO  com.capstone.aspect.LoggerAspect - During: class com.capstone.service.EmiServiceImp.getEmiData() with arguments=emi [s_no=4, loanaccno=202211022, loan_status=active, emi_amount=14673.0, upcomming_payment_date=2022-11-07, remaining_amount=500000.0]
2022-10-16 19:07:14 [http-nio-8081-exec-8] INFO  com.capstone.aspect.LoggerAspect - *************************************
2022-10-16 19:07:14 [http-nio-8081-exec-8] INFO  com.capstone.aspect.LoggerAspect - Method name: com.capstone.service.EmiServiceImp
2022-10-16 19:07:14 [http-nio-8081-exec-8] INFO  com.capstone.aspect.LoggerAspect - Method arguments:[Ljava.lang.Object;@69840959
2022-10-16 19:07:14 [http-nio-8081-exec-8] INFO  com.capstone.aspect.LoggerAspect - *************************************
2022-10-16 19:07:14 [http-nio-8081-exec-8] INFO  com.capstone.aspect.LoggerAspect - During: class com.capstone.service.EmiServiceImp.getEmiData() with arguments=emi [s_no=4, loanaccno=202211022, loan_status=active, emi_amount=14673.0, upcomming_payment_date=2022-11-07, remaining_amount=500000.0]
2022-10-16 19:07:14 [http-nio-8081-exec-8] INFO  com.capstone.aspect.LoggerAspect - *************************************
2022-10-16 19:07:14 [http-nio-8081-exec-8] INFO  com.capstone.aspect.LoggerAspect - During: class com.capstone.controller.EmiController.getemiofAccount() with arguments=<200 OK OK,emi [s_no=4, loanaccno=202211022, loan_status=active, emi_amount=14673.0, upcomming_payment_date=2022-11-07, remaining_amount=500000.0],[]>
2022-10-16 19:07:14 [http-nio-8081-exec-8] INFO  com.capstone.aspect.LoggerAspect - *************************************
2022-10-16 19:07:18 [http-nio-8081-exec-1] INFO  com.capstone.aspect.LoggerAspect - Method name: com.capstone.controller.EmiController
2022-10-16 19:07:18 [http-nio-8081-exec-1] INFO  com.capstone.aspect.LoggerAspect - Method arguments:[Ljava.lang.Object;@ea8e90d
2022-10-16 19:07:18 [http-nio-8081-exec-1] INFO  com.capstone.aspect.LoggerAspect - *************************************
2022-10-16 19:07:18 [http-nio-8081-exec-1] INFO  com.capstone.aspect.LoggerAspect - Method name: com.capstone.service.EmiServiceImp
2022-10-16 19:07:18 [http-nio-8081-exec-1] INFO  com.capstone.aspect.LoggerAspect - Method arguments:[Ljava.lang.Object;@5c9bcdcd
2022-10-16 19:07:18 [http-nio-8081-exec-1] INFO  com.capstone.aspect.LoggerAspect - *************************************
2022-10-16 19:07:18 [http-nio-8081-exec-1] INFO  com.capstone.aspect.LoggerAspect - During: class com.capstone.service.EmiServiceImp.getEmiData() with arguments=emi [s_no=3, loanaccno=202211021, loan_status=closed, emi_amount=0.0, upcomming_payment_date=2022-12-07, remaining_amount=0.0]
2022-10-16 19:07:18 [http-nio-8081-exec-1] INFO  com.capstone.aspect.LoggerAspect - *************************************
2022-10-16 19:07:18 [http-nio-8081-exec-1] INFO  com.capstone.aspect.LoggerAspect - Method name: com.capstone.service.EmiServiceImp
2022-10-16 19:07:18 [http-nio-8081-exec-1] INFO  com.capstone.aspect.LoggerAspect - Method arguments:[Ljava.lang.Object;@3e9a0a47
2022-10-16 19:07:18 [http-nio-8081-exec-1] INFO  com.capstone.aspect.LoggerAspect - *************************************
2022-10-16 19:07:18 [http-nio-8081-exec-1] INFO  com.capstone.aspect.LoggerAspect - During: class com.capstone.service.EmiServiceImp.getEmiData() with arguments=emi [s_no=3, loanaccno=202211021, loan_status=closed, emi_amount=0.0, upcomming_payment_date=2022-12-07, remaining_amount=0.0]
2022-10-16 19:07:18 [http-nio-8081-exec-1] INFO  com.capstone.aspect.LoggerAspect - *************************************
2022-10-16 19:07:18 [http-nio-8081-exec-1] INFO  com.capstone.aspect.LoggerAspect - During: class com.capstone.controller.EmiController.getemiofAccount() with arguments=<200 OK OK,emi [s_no=3, loanaccno=202211021, loan_status=closed, emi_amount=0.0, upcomming_payment_date=2022-12-07, remaining_amount=0.0],[]>
2022-10-16 19:07:18 [http-nio-8081-exec-1] INFO  com.capstone.aspect.LoggerAspect - *************************************
2022-10-16 19:07:19 [http-nio-8081-exec-10] INFO  com.capstone.aspect.LoggerAspect - Method name: com.capstone.controller.EmiController
2022-10-16 19:07:19 [http-nio-8081-exec-10] INFO  com.capstone.aspect.LoggerAspect - Method arguments:[Ljava.lang.Object;@4d8b859
2022-10-16 19:07:19 [http-nio-8081-exec-10] INFO  com.capstone.aspect.LoggerAspect - *************************************
2022-10-16 19:07:19 [http-nio-8081-exec-10] INFO  com.capstone.aspect.LoggerAspect - Method name: com.capstone.service.EmiServiceImp
2022-10-16 19:07:19 [http-nio-8081-exec-10] INFO  com.capstone.aspect.LoggerAspect - Method arguments:[Ljava.lang.Object;@3d73c7d8
2022-10-16 19:07:19 [http-nio-8081-exec-10] INFO  com.capstone.aspect.LoggerAspect - *************************************
2022-10-16 19:07:19 [http-nio-8081-exec-10] INFO  com.capstone.aspect.LoggerAspect - During: class com.capstone.service.EmiServiceImp.getEmiData() with arguments=emi [s_no=3, loanaccno=202211021, loan_status=closed, emi_amount=0.0, upcomming_payment_date=2022-12-07, remaining_amount=0.0]
2022-10-16 19:07:19 [http-nio-8081-exec-10] INFO  com.capstone.aspect.LoggerAspect - *************************************
2022-10-16 19:07:19 [http-nio-8081-exec-10] INFO  com.capstone.aspect.LoggerAspect - Method name: com.capstone.service.EmiServiceImp
2022-10-16 19:07:19 [http-nio-8081-exec-10] INFO  com.capstone.aspect.LoggerAspect - Method arguments:[Ljava.lang.Object;@3f672628
2022-10-16 19:07:19 [http-nio-8081-exec-10] INFO  com.capstone.aspect.LoggerAspect - *************************************
2022-10-16 19:07:19 [http-nio-8081-exec-10] INFO  com.capstone.aspect.LoggerAspect - During: class com.capstone.service.EmiServiceImp.getEmiData() with arguments=emi [s_no=3, loanaccno=202211021, loan_status=closed, emi_amount=0.0, upcomming_payment_date=2022-12-07, remaining_amount=0.0]
2022-10-16 19:07:19 [http-nio-8081-exec-10] INFO  com.capstone.aspect.LoggerAspect - *************************************
2022-10-16 19:07:19 [http-nio-8081-exec-10] INFO  com.capstone.aspect.LoggerAspect - During: class com.capstone.controller.EmiController.getemiofAccount() with arguments=<200 OK OK,emi [s_no=3, loanaccno=202211021, loan_status=closed, emi_amount=0.0, upcomming_payment_date=2022-12-07, remaining_amount=0.0],[]>
2022-10-16 19:07:19 [http-nio-8081-exec-10] INFO  com.capstone.aspect.LoggerAspect - *************************************
2022-10-16 19:07:21 [http-nio-8081-exec-2] INFO  com.capstone.aspect.LoggerAspect - Method name: com.capstone.controller.EmiController
2022-10-16 19:07:21 [http-nio-8081-exec-2] INFO  com.capstone.aspect.LoggerAspect - Method arguments:[Ljava.lang.Object;@43fe696e
2022-10-16 19:07:21 [http-nio-8081-exec-2] INFO  com.capstone.aspect.LoggerAspect - *************************************
2022-10-16 19:07:21 [http-nio-8081-exec-2] INFO  com.capstone.aspect.LoggerAspect - Method name: com.capstone.service.EmiServiceImp
2022-10-16 19:07:21 [http-nio-8081-exec-2] INFO  com.capstone.aspect.LoggerAspect - Method arguments:[Ljava.lang.Object;@6dd73412
2022-10-16 19:07:21 [http-nio-8081-exec-2] INFO  com.capstone.aspect.LoggerAspect - *************************************
2022-10-16 19:07:21 [http-nio-8081-exec-2] INFO  com.capstone.aspect.LoggerAspect - During: class com.capstone.service.EmiServiceImp.getEmiData() with arguments=emi [s_no=3, loanaccno=202211021, loan_status=closed, emi_amount=0.0, upcomming_payment_date=2022-12-07, remaining_amount=0.0]
2022-10-16 19:07:21 [http-nio-8081-exec-2] INFO  com.capstone.aspect.LoggerAspect - *************************************
2022-10-16 19:07:21 [http-nio-8081-exec-2] INFO  com.capstone.aspect.LoggerAspect - Method name: com.capstone.service.EmiServiceImp
2022-10-16 19:07:21 [http-nio-8081-exec-2] INFO  com.capstone.aspect.LoggerAspect - Method arguments:[Ljava.lang.Object;@2f87bf9c
2022-10-16 19:07:21 [http-nio-8081-exec-2] INFO  com.capstone.aspect.LoggerAspect - *************************************
2022-10-16 19:07:21 [http-nio-8081-exec-2] INFO  com.capstone.aspect.LoggerAspect - During: class com.capstone.service.EmiServiceImp.getEmiData() with arguments=emi [s_no=3, loanaccno=202211021, loan_status=closed, emi_amount=0.0, upcomming_payment_date=2022-12-07, remaining_amount=0.0]
2022-10-16 19:07:21 [http-nio-8081-exec-2] INFO  com.capstone.aspect.LoggerAspect - *************************************
2022-10-16 19:07:21 [http-nio-8081-exec-2] INFO  com.capstone.aspect.LoggerAspect - During: class com.capstone.controller.EmiController.getemiofAccount() with arguments=<200 OK OK,emi [s_no=3, loanaccno=202211021, loan_status=closed, emi_amount=0.0, upcomming_payment_date=2022-12-07, remaining_amount=0.0],[]>
2022-10-16 19:07:21 [http-nio-8081-exec-2] INFO  com.capstone.aspect.LoggerAspect - *************************************
2022-10-16 19:09:30 [AsyncResolver-bootstrap-executor-0] INFO  c.n.d.s.r.aws.ConfigClusterResolver - Resolving eureka endpoints via configuration
2022-10-16 19:14:30 [AsyncResolver-bootstrap-executor-0] INFO  c.n.d.s.r.aws.ConfigClusterResolver - Resolving eureka endpoints via configuration
2022-10-16 19:19:30 [AsyncResolver-bootstrap-executor-0] INFO  c.n.d.s.r.aws.ConfigClusterResolver - Resolving eureka endpoints via configuration
2022-10-16 19:24:30 [AsyncResolver-bootstrap-executor-0] INFO  c.n.d.s.r.aws.ConfigClusterResolver - Resolving eureka endpoints via configuration
2022-10-16 19:29:30 [AsyncResolver-bootstrap-executor-0] INFO  c.n.d.s.r.aws.ConfigClusterResolver - Resolving eureka endpoints via configuration
2022-10-16 19:34:30 [AsyncResolver-bootstrap-executor-0] INFO  c.n.d.s.r.aws.ConfigClusterResolver - Resolving eureka endpoints via configuration
2022-10-16 19:39:30 [AsyncResolver-bootstrap-executor-0] INFO  c.n.d.s.r.aws.ConfigClusterResolver - Resolving eureka endpoints via configuration
2022-10-16 19:44:30 [AsyncResolver-bootstrap-executor-0] INFO  c.n.d.s.r.aws.ConfigClusterResolver - Resolving eureka endpoints via configuration
2022-10-16 19:49:30 [AsyncResolver-bootstrap-executor-0] INFO  c.n.d.s.r.aws.ConfigClusterResolver - Resolving eureka endpoints via configuration
2022-10-16 19:54:30 [AsyncResolver-bootstrap-executor-0] INFO  c.n.d.s.r.aws.ConfigClusterResolver - Resolving eureka endpoints via configuration
2022-10-16 19:59:30 [AsyncResolver-bootstrap-executor-0] INFO  c.n.d.s.r.aws.ConfigClusterResolver - Resolving eureka endpoints via configuration
2022-10-16 20:04:30 [AsyncResolver-bootstrap-executor-0] INFO  c.n.d.s.r.aws.ConfigClusterResolver - Resolving eureka endpoints via configuration
2022-10-16 20:09:30 [AsyncResolver-bootstrap-executor-0] INFO  c.n.d.s.r.aws.ConfigClusterResolver - Resolving eureka endpoints via configuration
2022-10-16 20:14:30 [AsyncResolver-bootstrap-executor-0] INFO  c.n.d.s.r.aws.ConfigClusterResolver - Resolving eureka endpoints via configuration
2022-10-16 20:19:30 [AsyncResolver-bootstrap-executor-0] INFO  c.n.d.s.r.aws.ConfigClusterResolver - Resolving eureka endpoints via configuration
2022-10-16 20:24:30 [AsyncResolver-bootstrap-executor-0] INFO  c.n.d.s.r.aws.ConfigClusterResolver - Resolving eureka endpoints via configuration
2022-10-16 20:29:30 [AsyncResolver-bootstrap-executor-0] INFO  c.n.d.s.r.aws.ConfigClusterResolver - Resolving eureka endpoints via configuration
