2022-10-15 12:10:18 [restartedMain] INFO  com.capstone.EmiApiApplication - Starting EmiApiApplication using Java 17.0.2 on MOHAN with PID 6760 (C:\Users\mohan\Downloads\Natwest Capstone\frontend\spring-master\emi-api\target\classes started by mohan in C:\Users\mohan\Downloads\Natwest Capstone\frontend\spring-master\emi-api)
2022-10-15 12:10:18 [restartedMain] INFO  com.capstone.EmiApiApplication - No active profile set, falling back to 1 default profile: "default"
2022-10-15 12:10:18 [restartedMain] INFO  o.s.b.d.e.DevToolsPropertyDefaultsPostProcessor - Devtools property defaults active! Set 'spring.devtools.add-properties' to 'false' to disable
2022-10-15 12:10:18 [restartedMain] INFO  o.s.b.d.e.DevToolsPropertyDefaultsPostProcessor - For additional web related logging consider setting the 'logging.level.web' property to 'DEBUG'
2022-10-15 12:10:19 [restartedMain] INFO  o.s.d.r.c.RepositoryConfigurationDelegate - Bootstrapping Spring Data JPA repositories in DEFAULT mode.
2022-10-15 12:10:19 [restartedMain] INFO  o.s.d.r.c.RepositoryConfigurationDelegate - Finished Spring Data repository scanning in 163 ms. Found 1 JPA repository interfaces.
2022-10-15 12:10:19 [restartedMain] INFO  o.s.cloud.context.scope.GenericScope - BeanFactory id=27ea66f2-a049-32ee-806a-2cfedeab83d8
2022-10-15 12:10:20 [restartedMain] INFO  o.s.b.w.e.tomcat.TomcatWebServer - Tomcat initialized with port(s): 8081 (http)
2022-10-15 12:10:20 [restartedMain] INFO  o.a.coyote.http11.Http11NioProtocol - Initializing ProtocolHandler ["http-nio-8081"]
2022-10-15 12:10:20 [restartedMain] INFO  o.a.catalina.core.StandardService - Starting service [Tomcat]
2022-10-15 12:10:20 [restartedMain] INFO  o.a.catalina.core.StandardEngine - Starting Servlet engine: [Apache Tomcat/9.0.65]
2022-10-15 12:10:20 [restartedMain] INFO  o.a.c.c.C.[Tomcat].[localhost].[/] - Initializing Spring embedded WebApplicationContext
2022-10-15 12:10:20 [restartedMain] INFO  o.s.b.w.s.c.ServletWebServerApplicationContext - Root WebApplicationContext: initialization completed in 1894 ms
2022-10-15 12:10:20 [restartedMain] INFO  o.h.jpa.internal.util.LogHelper - HHH000204: Processing PersistenceUnitInfo [name: default]
2022-10-15 12:10:20 [restartedMain] INFO  org.hibernate.Version - HHH000412: Hibernate ORM core version 5.6.11.Final
2022-10-15 12:10:20 [restartedMain] INFO  o.h.annotations.common.Version - HCANN000001: Hibernate Commons Annotations {5.1.2.Final}
2022-10-15 12:10:20 [restartedMain] INFO  com.zaxxer.hikari.HikariDataSource - HikariPool-1 - Starting...
2022-10-15 12:10:21 [restartedMain] INFO  com.zaxxer.hikari.HikariDataSource - HikariPool-1 - Start completed.
2022-10-15 12:10:21 [restartedMain] INFO  org.hibernate.dialect.Dialect - HHH000400: Using dialect: org.hibernate.dialect.MySQL8Dialect
2022-10-15 12:10:22 [restartedMain] INFO  o.h.e.t.j.p.i.JtaPlatformInitiator - HHH000490: Using JtaPlatform implementation: [org.hibernate.engine.transaction.jta.platform.internal.NoJtaPlatform]
2022-10-15 12:10:22 [restartedMain] INFO  o.s.o.j.LocalContainerEntityManagerFactoryBean - Initialized JPA EntityManagerFactory for persistence unit 'default'
2022-10-15 12:10:22 [restartedMain] WARN  o.s.b.a.o.j.JpaBaseConfiguration$JpaWebConfiguration - spring.jpa.open-in-view is enabled by default. Therefore, database queries may be performed during view rendering. Explicitly configure spring.jpa.open-in-view to disable this warning
2022-10-15 12:10:23 [restartedMain] WARN  o.s.b.d.a.OptionalLiveReloadServer - Unable to start LiveReload server
2022-10-15 12:10:23 [restartedMain] INFO  o.s.c.n.e.c.DiscoveryClientOptionalArgsConfiguration - Eureka HTTP Client uses RestTemplate.
2022-10-15 12:10:23 [restartedMain] WARN  o.s.c.l.c.LoadBalancerCacheAutoConfiguration$LoadBalancerCaffeineWarnLogger - Spring Cloud LoadBalancer is currently working with the default cache. While this cache implementation is useful for development and tests, it's recommended to use Caffeine cache in production.You can switch to using Caffeine cache, by adding it and org.springframework.cache.caffeine.CaffeineCacheManager to the classpath.
2022-10-15 12:10:23 [restartedMain] INFO  o.s.c.n.eureka.InstanceInfoFactory - Setting initial instance status as: STARTING
2022-10-15 12:10:24 [restartedMain] INFO  c.netflix.discovery.DiscoveryClient - Initializing Eureka in region us-east-1
2022-10-15 12:10:24 [restartedMain] INFO  c.n.d.s.r.aws.ConfigClusterResolver - Resolving eureka endpoints via configuration
2022-10-15 12:10:24 [restartedMain] INFO  c.netflix.discovery.DiscoveryClient - Disable delta property : false
2022-10-15 12:10:24 [restartedMain] INFO  c.netflix.discovery.DiscoveryClient - Single vip registry refresh property : null
2022-10-15 12:10:24 [restartedMain] INFO  c.netflix.discovery.DiscoveryClient - Force full registry fetch : false
2022-10-15 12:10:24 [restartedMain] INFO  c.netflix.discovery.DiscoveryClient - Application is null : false
2022-10-15 12:10:24 [restartedMain] INFO  c.netflix.discovery.DiscoveryClient - Registered Applications size is zero : true
2022-10-15 12:10:24 [restartedMain] INFO  c.netflix.discovery.DiscoveryClient - Application version is -1: true
2022-10-15 12:10:24 [restartedMain] INFO  c.netflix.discovery.DiscoveryClient - Getting all instance registry info from the eureka server
2022-10-15 12:10:24 [restartedMain] INFO  c.netflix.discovery.DiscoveryClient - The response status is 200
2022-10-15 12:10:24 [restartedMain] INFO  c.netflix.discovery.DiscoveryClient - Starting heartbeat executor: renew interval is: 30
2022-10-15 12:10:24 [restartedMain] INFO  c.n.discovery.InstanceInfoReplicator - InstanceInfoReplicator onDemand update allowed rate per min is 4
2022-10-15 12:10:24 [restartedMain] INFO  c.netflix.discovery.DiscoveryClient - Discovery Client initialized at timestamp 1665816024431 with initial instances count: 2
2022-10-15 12:10:24 [restartedMain] INFO  o.s.c.n.e.s.EurekaServiceRegistry - Registering application EMI-API with eureka with status UP
2022-10-15 12:10:24 [restartedMain] INFO  c.netflix.discovery.DiscoveryClient - Saw local status change event StatusChangeEvent [timestamp=1665816024435, current=UP, previous=STARTING]
2022-10-15 12:10:24 [DiscoveryClient-InstanceInfoReplicator-0] INFO  c.netflix.discovery.DiscoveryClient - DiscoveryClient_EMI-API/192.168.0.8:emi-api:8081: registering service...
2022-10-15 12:10:24 [restartedMain] INFO  o.a.coyote.http11.Http11NioProtocol - Starting ProtocolHandler ["http-nio-8081"]
2022-10-15 12:10:24 [restartedMain] INFO  o.s.b.w.e.tomcat.TomcatWebServer - Tomcat started on port(s): 8081 (http) with context path ''
2022-10-15 12:10:24 [restartedMain] INFO  o.s.c.n.e.s.EurekaAutoServiceRegistration - Updating port to 8081
2022-10-15 12:10:24 [DiscoveryClient-InstanceInfoReplicator-0] INFO  c.netflix.discovery.DiscoveryClient - DiscoveryClient_EMI-API/192.168.0.8:emi-api:8081 - registration status: 204
2022-10-15 12:10:24 [restartedMain] INFO  com.capstone.EmiApiApplication - Started EmiApiApplication in 6.74 seconds (JVM running for 8.028)
2022-10-15 12:12:14 [http-nio-8081-exec-1] INFO  o.a.c.c.C.[Tomcat].[localhost].[/] - Initializing Spring DispatcherServlet 'dispatcherServlet'
2022-10-15 12:12:14 [http-nio-8081-exec-1] INFO  o.s.web.servlet.DispatcherServlet - Initializing Servlet 'dispatcherServlet'
2022-10-15 12:12:14 [http-nio-8081-exec-1] INFO  o.s.web.servlet.DispatcherServlet - Completed initialization in 1 ms
2022-10-15 12:12:14 [http-nio-8081-exec-1] INFO  com.capstone.aspect.LoggerAspect - Method name: com.capstone.controller.EmiController
2022-10-15 12:12:14 [http-nio-8081-exec-1] INFO  com.capstone.aspect.LoggerAspect - Method arguments:[Ljava.lang.Object;@67cf4f41
2022-10-15 12:12:14 [http-nio-8081-exec-1] INFO  com.capstone.aspect.LoggerAspect - *************************************
2022-10-15 12:12:14 [http-nio-8081-exec-1] INFO  com.capstone.aspect.LoggerAspect - Method name: com.capstone.service.EmiServiceImp
2022-10-15 12:12:14 [http-nio-8081-exec-1] INFO  com.capstone.aspect.LoggerAspect - Method arguments:[Ljava.lang.Object;@4f6f1386
2022-10-15 12:12:14 [http-nio-8081-exec-1] INFO  com.capstone.aspect.LoggerAspect - *************************************
2022-10-15 12:12:14 [http-nio-8081-exec-1] INFO  com.capstone.aspect.LoggerAspect - During: class com.capstone.service.EmiServiceImp.getEmiData() with arguments=emi [s_no=10, loanaccno=202211051, loan_status=active, emi_amount=11973.122, upcomming_payment_date=2022-11-07, remaining_amount=479828.4]
2022-10-15 12:12:14 [http-nio-8081-exec-1] INFO  com.capstone.aspect.LoggerAspect - *************************************
2022-10-15 12:12:14 [http-nio-8081-exec-1] INFO  com.capstone.aspect.LoggerAspect - Method name: com.capstone.service.EmiServiceImp
2022-10-15 12:12:14 [http-nio-8081-exec-1] INFO  com.capstone.aspect.LoggerAspect - Method arguments:[Ljava.lang.Object;@616184c6
2022-10-15 12:12:14 [http-nio-8081-exec-1] INFO  com.capstone.aspect.LoggerAspect - *************************************
2022-10-15 12:12:14 [http-nio-8081-exec-1] INFO  com.capstone.aspect.LoggerAspect - During: class com.capstone.service.EmiServiceImp.getEmiData() with arguments=emi [s_no=10, loanaccno=202211051, loan_status=active, emi_amount=11973.122, upcomming_payment_date=2022-11-07, remaining_amount=479828.4]
2022-10-15 12:12:14 [http-nio-8081-exec-1] INFO  com.capstone.aspect.LoggerAspect - *************************************
2022-10-15 12:12:14 [http-nio-8081-exec-1] INFO  com.capstone.aspect.LoggerAspect - During: class com.capstone.controller.EmiController.getemiofAccount() with arguments=<200 OK OK,emi [s_no=10, loanaccno=202211051, loan_status=active, emi_amount=11973.122, upcomming_payment_date=2022-11-07, remaining_amount=479828.4],[]>
2022-10-15 12:12:14 [http-nio-8081-exec-1] INFO  com.capstone.aspect.LoggerAspect - *************************************
2022-10-15 12:12:16 [http-nio-8081-exec-2] INFO  com.capstone.aspect.LoggerAspect - Method name: com.capstone.controller.EmiController
2022-10-15 12:12:16 [http-nio-8081-exec-2] INFO  com.capstone.aspect.LoggerAspect - Method arguments:[Ljava.lang.Object;@6dd6c612
2022-10-15 12:12:16 [http-nio-8081-exec-2] INFO  com.capstone.aspect.LoggerAspect - *************************************
2022-10-15 12:12:16 [http-nio-8081-exec-2] INFO  com.capstone.aspect.LoggerAspect - Method name: com.capstone.service.EmiServiceImp
2022-10-15 12:12:16 [http-nio-8081-exec-2] INFO  com.capstone.aspect.LoggerAspect - Method arguments:[Ljava.lang.Object;@631135d8
2022-10-15 12:12:16 [http-nio-8081-exec-2] INFO  com.capstone.aspect.LoggerAspect - *************************************
2022-10-15 12:12:16 [http-nio-8081-exec-2] INFO  com.capstone.aspect.LoggerAspect - During: class com.capstone.service.EmiServiceImp.getEmiData() with arguments=emi [s_no=10, loanaccno=202211051, loan_status=active, emi_amount=11973.122, upcomming_payment_date=2022-11-07, remaining_amount=479828.4]
2022-10-15 12:12:16 [http-nio-8081-exec-2] INFO  com.capstone.aspect.LoggerAspect - *************************************
2022-10-15 12:12:16 [http-nio-8081-exec-2] INFO  com.capstone.aspect.LoggerAspect - Method name: com.capstone.service.EmiServiceImp
2022-10-15 12:12:16 [http-nio-8081-exec-2] INFO  com.capstone.aspect.LoggerAspect - Method arguments:[Ljava.lang.Object;@23e1e39
2022-10-15 12:12:16 [http-nio-8081-exec-2] INFO  com.capstone.aspect.LoggerAspect - *************************************
2022-10-15 12:12:16 [http-nio-8081-exec-2] INFO  com.capstone.aspect.LoggerAspect - During: class com.capstone.service.EmiServiceImp.getEmiData() with arguments=emi [s_no=10, loanaccno=202211051, loan_status=active, emi_amount=11973.122, upcomming_payment_date=2022-11-07, remaining_amount=479828.4]
2022-10-15 12:12:16 [http-nio-8081-exec-2] INFO  com.capstone.aspect.LoggerAspect - *************************************
2022-10-15 12:12:16 [http-nio-8081-exec-2] INFO  com.capstone.aspect.LoggerAspect - During: class com.capstone.controller.EmiController.getemiofAccount() with arguments=<200 OK OK,emi [s_no=10, loanaccno=202211051, loan_status=active, emi_amount=11973.122, upcomming_payment_date=2022-11-07, remaining_amount=479828.4],[]>
2022-10-15 12:12:16 [http-nio-8081-exec-2] INFO  com.capstone.aspect.LoggerAspect - *************************************
2022-10-15 12:15:24 [AsyncResolver-bootstrap-executor-0] INFO  c.n.d.s.r.aws.ConfigClusterResolver - Resolving eureka endpoints via configuration
2022-10-15 12:20:24 [AsyncResolver-bootstrap-executor-0] INFO  c.n.d.s.r.aws.ConfigClusterResolver - Resolving eureka endpoints via configuration
2022-10-15 12:20:38 [http-nio-8081-exec-4] INFO  com.capstone.aspect.LoggerAspect - Method name: com.capstone.controller.EmiController
2022-10-15 12:20:38 [http-nio-8081-exec-4] INFO  com.capstone.aspect.LoggerAspect - Method arguments:[Ljava.lang.Object;@4fed9901
2022-10-15 12:20:38 [http-nio-8081-exec-4] INFO  com.capstone.aspect.LoggerAspect - *************************************
2022-10-15 12:20:38 [http-nio-8081-exec-4] INFO  com.capstone.aspect.LoggerAspect - Method name: com.capstone.service.EmiServiceImp
2022-10-15 12:20:38 [http-nio-8081-exec-4] INFO  com.capstone.aspect.LoggerAspect - Method arguments:[Ljava.lang.Object;@412a6e8c
2022-10-15 12:20:38 [http-nio-8081-exec-4] INFO  com.capstone.aspect.LoggerAspect - *************************************
2022-10-15 12:20:38 [http-nio-8081-exec-4] INFO  com.capstone.aspect.LoggerAspect - During: class com.capstone.service.EmiServiceImp.getEmiData() with arguments=emi [s_no=10, loanaccno=202211051, loan_status=active, emi_amount=11973.122, upcomming_payment_date=2022-11-07, remaining_amount=479828.4]
2022-10-15 12:20:38 [http-nio-8081-exec-4] INFO  com.capstone.aspect.LoggerAspect - *************************************
2022-10-15 12:20:38 [http-nio-8081-exec-4] INFO  com.capstone.aspect.LoggerAspect - Method name: com.capstone.service.EmiServiceImp
2022-10-15 12:20:38 [http-nio-8081-exec-4] INFO  com.capstone.aspect.LoggerAspect - Method arguments:[Ljava.lang.Object;@102331fb
2022-10-15 12:20:38 [http-nio-8081-exec-4] INFO  com.capstone.aspect.LoggerAspect - *************************************
2022-10-15 12:20:38 [http-nio-8081-exec-4] INFO  com.capstone.aspect.LoggerAspect - During: class com.capstone.service.EmiServiceImp.getEmiData() with arguments=emi [s_no=10, loanaccno=202211051, loan_status=active, emi_amount=11973.122, upcomming_payment_date=2022-11-07, remaining_amount=479828.4]
2022-10-15 12:20:38 [http-nio-8081-exec-4] INFO  com.capstone.aspect.LoggerAspect - *************************************
2022-10-15 12:20:38 [http-nio-8081-exec-4] INFO  com.capstone.aspect.LoggerAspect - During: class com.capstone.controller.EmiController.getemiofAccount() with arguments=<200 OK OK,emi [s_no=10, loanaccno=202211051, loan_status=active, emi_amount=11973.122, upcomming_payment_date=2022-11-07, remaining_amount=479828.4],[]>
2022-10-15 12:20:38 [http-nio-8081-exec-4] INFO  com.capstone.aspect.LoggerAspect - *************************************
2022-10-15 12:20:40 [http-nio-8081-exec-5] INFO  com.capstone.aspect.LoggerAspect - Method name: com.capstone.controller.EmiController
2022-10-15 12:20:40 [http-nio-8081-exec-5] INFO  com.capstone.aspect.LoggerAspect - Method arguments:[Ljava.lang.Object;@6c7d2f07
2022-10-15 12:20:40 [http-nio-8081-exec-5] INFO  com.capstone.aspect.LoggerAspect - *************************************
2022-10-15 12:20:40 [http-nio-8081-exec-5] INFO  com.capstone.aspect.LoggerAspect - Method name: com.capstone.service.EmiServiceImp
2022-10-15 12:20:40 [http-nio-8081-exec-5] INFO  com.capstone.aspect.LoggerAspect - Method arguments:[Ljava.lang.Object;@62baccf8
2022-10-15 12:20:40 [http-nio-8081-exec-5] INFO  com.capstone.aspect.LoggerAspect - *************************************
2022-10-15 12:20:40 [http-nio-8081-exec-5] INFO  com.capstone.aspect.LoggerAspect - During: class com.capstone.service.EmiServiceImp.getEmiData() with arguments=emi [s_no=10, loanaccno=202211051, loan_status=active, emi_amount=11973.122, upcomming_payment_date=2022-11-07, remaining_amount=479828.4]
2022-10-15 12:20:40 [http-nio-8081-exec-5] INFO  com.capstone.aspect.LoggerAspect - *************************************
2022-10-15 12:20:40 [http-nio-8081-exec-5] INFO  com.capstone.aspect.LoggerAspect - Method name: com.capstone.service.EmiServiceImp
2022-10-15 12:20:40 [http-nio-8081-exec-5] INFO  com.capstone.aspect.LoggerAspect - Method arguments:[Ljava.lang.Object;@39920f5e
2022-10-15 12:20:40 [http-nio-8081-exec-5] INFO  com.capstone.aspect.LoggerAspect - *************************************
2022-10-15 12:20:40 [http-nio-8081-exec-5] INFO  com.capstone.aspect.LoggerAspect - During: class com.capstone.service.EmiServiceImp.getEmiData() with arguments=emi [s_no=10, loanaccno=202211051, loan_status=active, emi_amount=11973.122, upcomming_payment_date=2022-11-07, remaining_amount=479828.4]
2022-10-15 12:20:40 [http-nio-8081-exec-5] INFO  com.capstone.aspect.LoggerAspect - *************************************
2022-10-15 12:20:40 [http-nio-8081-exec-5] INFO  com.capstone.aspect.LoggerAspect - During: class com.capstone.controller.EmiController.getemiofAccount() with arguments=<200 OK OK,emi [s_no=10, loanaccno=202211051, loan_status=active, emi_amount=11973.122, upcomming_payment_date=2022-11-07, remaining_amount=479828.4],[]>
2022-10-15 12:20:40 [http-nio-8081-exec-5] INFO  com.capstone.aspect.LoggerAspect - *************************************
2022-10-15 12:23:16 [http-nio-8081-exec-7] INFO  com.capstone.aspect.LoggerAspect - Method name: com.capstone.controller.EmiController
2022-10-15 12:23:16 [http-nio-8081-exec-7] INFO  com.capstone.aspect.LoggerAspect - Method arguments:[Ljava.lang.Object;@46c7d7ef
2022-10-15 12:23:16 [http-nio-8081-exec-7] INFO  com.capstone.aspect.LoggerAspect - *************************************
2022-10-15 12:23:16 [http-nio-8081-exec-7] INFO  com.capstone.aspect.LoggerAspect - Method name: com.capstone.service.EmiServiceImp
2022-10-15 12:23:16 [http-nio-8081-exec-7] INFO  com.capstone.aspect.LoggerAspect - Method arguments:[Ljava.lang.Object;@48002147
2022-10-15 12:23:16 [http-nio-8081-exec-7] INFO  com.capstone.aspect.LoggerAspect - *************************************
2022-10-15 12:23:16 [http-nio-8081-exec-7] INFO  com.capstone.aspect.LoggerAspect - During: class com.capstone.service.EmiServiceImp.getEmiData() with arguments=emi [s_no=10, loanaccno=202211051, loan_status=active, emi_amount=11973.122, upcomming_payment_date=2022-11-07, remaining_amount=479828.4]
2022-10-15 12:23:16 [http-nio-8081-exec-7] INFO  com.capstone.aspect.LoggerAspect - *************************************
2022-10-15 12:23:16 [http-nio-8081-exec-7] INFO  com.capstone.aspect.LoggerAspect - Method name: com.capstone.service.EmiServiceImp
2022-10-15 12:23:16 [http-nio-8081-exec-7] INFO  com.capstone.aspect.LoggerAspect - Method arguments:[Ljava.lang.Object;@386bba46
2022-10-15 12:23:16 [http-nio-8081-exec-7] INFO  com.capstone.aspect.LoggerAspect - *************************************
2022-10-15 12:23:16 [http-nio-8081-exec-7] INFO  com.capstone.aspect.LoggerAspect - During: class com.capstone.service.EmiServiceImp.getEmiData() with arguments=emi [s_no=10, loanaccno=202211051, loan_status=active, emi_amount=11973.122, upcomming_payment_date=2022-11-07, remaining_amount=479828.4]
2022-10-15 12:23:16 [http-nio-8081-exec-7] INFO  com.capstone.aspect.LoggerAspect - *************************************
2022-10-15 12:23:16 [http-nio-8081-exec-7] INFO  com.capstone.aspect.LoggerAspect - During: class com.capstone.controller.EmiController.getemiofAccount() with arguments=<200 OK OK,emi [s_no=10, loanaccno=202211051, loan_status=active, emi_amount=11973.122, upcomming_payment_date=2022-11-07, remaining_amount=479828.4],[]>
2022-10-15 12:23:16 [http-nio-8081-exec-7] INFO  com.capstone.aspect.LoggerAspect - *************************************
2022-10-15 12:23:18 [http-nio-8081-exec-8] INFO  com.capstone.aspect.LoggerAspect - Method name: com.capstone.controller.EmiController
2022-10-15 12:23:18 [http-nio-8081-exec-8] INFO  com.capstone.aspect.LoggerAspect - Method arguments:[Ljava.lang.Object;@1cb27ae9
2022-10-15 12:23:18 [http-nio-8081-exec-8] INFO  com.capstone.aspect.LoggerAspect - *************************************
2022-10-15 12:23:18 [http-nio-8081-exec-8] INFO  com.capstone.aspect.LoggerAspect - Method name: com.capstone.service.EmiServiceImp
2022-10-15 12:23:18 [http-nio-8081-exec-8] INFO  com.capstone.aspect.LoggerAspect - Method arguments:[Ljava.lang.Object;@59b0e71b
2022-10-15 12:23:18 [http-nio-8081-exec-8] INFO  com.capstone.aspect.LoggerAspect - *************************************
2022-10-15 12:23:18 [http-nio-8081-exec-8] INFO  com.capstone.aspect.LoggerAspect - During: class com.capstone.service.EmiServiceImp.getEmiData() with arguments=emi [s_no=10, loanaccno=202211051, loan_status=active, emi_amount=11973.122, upcomming_payment_date=2022-11-07, remaining_amount=479828.4]
2022-10-15 12:23:18 [http-nio-8081-exec-8] INFO  com.capstone.aspect.LoggerAspect - *************************************
2022-10-15 12:23:18 [http-nio-8081-exec-8] INFO  com.capstone.aspect.LoggerAspect - Method name: com.capstone.service.EmiServiceImp
2022-10-15 12:23:18 [http-nio-8081-exec-8] INFO  com.capstone.aspect.LoggerAspect - Method arguments:[Ljava.lang.Object;@3dd1456a
2022-10-15 12:23:18 [http-nio-8081-exec-8] INFO  com.capstone.aspect.LoggerAspect - *************************************
2022-10-15 12:23:18 [http-nio-8081-exec-8] INFO  com.capstone.aspect.LoggerAspect - During: class com.capstone.service.EmiServiceImp.getEmiData() with arguments=emi [s_no=10, loanaccno=202211051, loan_status=active, emi_amount=11973.122, upcomming_payment_date=2022-11-07, remaining_amount=479828.4]
2022-10-15 12:23:18 [http-nio-8081-exec-8] INFO  com.capstone.aspect.LoggerAspect - *************************************
2022-10-15 12:23:18 [http-nio-8081-exec-8] INFO  com.capstone.aspect.LoggerAspect - During: class com.capstone.controller.EmiController.getemiofAccount() with arguments=<200 OK OK,emi [s_no=10, loanaccno=202211051, loan_status=active, emi_amount=11973.122, upcomming_payment_date=2022-11-07, remaining_amount=479828.4],[]>
2022-10-15 12:23:18 [http-nio-8081-exec-8] INFO  com.capstone.aspect.LoggerAspect - *************************************
2022-10-15 12:24:37 [http-nio-8081-exec-10] INFO  com.capstone.aspect.LoggerAspect - Method name: com.capstone.controller.EmiController
2022-10-15 12:24:37 [http-nio-8081-exec-10] INFO  com.capstone.aspect.LoggerAspect - Method arguments:[Ljava.lang.Object;@5877e0d6
2022-10-15 12:24:37 [http-nio-8081-exec-10] INFO  com.capstone.aspect.LoggerAspect - *************************************
2022-10-15 12:24:37 [http-nio-8081-exec-10] INFO  com.capstone.aspect.LoggerAspect - Method name: com.capstone.service.EmiServiceImp
2022-10-15 12:24:37 [http-nio-8081-exec-10] INFO  com.capstone.aspect.LoggerAspect - Method arguments:[Ljava.lang.Object;@56b015a8
2022-10-15 12:24:37 [http-nio-8081-exec-10] INFO  com.capstone.aspect.LoggerAspect - *************************************
2022-10-15 12:24:37 [http-nio-8081-exec-10] INFO  com.capstone.aspect.LoggerAspect - During: class com.capstone.service.EmiServiceImp.getEmiData() with arguments=emi [s_no=10, loanaccno=202211051, loan_status=active, emi_amount=11973.122, upcomming_payment_date=2022-11-07, remaining_amount=479828.4]
2022-10-15 12:24:37 [http-nio-8081-exec-10] INFO  com.capstone.aspect.LoggerAspect - *************************************
2022-10-15 12:24:37 [http-nio-8081-exec-10] INFO  com.capstone.aspect.LoggerAspect - Method name: com.capstone.service.EmiServiceImp
2022-10-15 12:24:37 [http-nio-8081-exec-10] INFO  com.capstone.aspect.LoggerAspect - Method arguments:[Ljava.lang.Object;@7bd23fae
2022-10-15 12:24:37 [http-nio-8081-exec-10] INFO  com.capstone.aspect.LoggerAspect - *************************************
2022-10-15 12:24:37 [http-nio-8081-exec-10] INFO  com.capstone.aspect.LoggerAspect - During: class com.capstone.service.EmiServiceImp.getEmiData() with arguments=emi [s_no=10, loanaccno=202211051, loan_status=active, emi_amount=11973.122, upcomming_payment_date=2022-11-07, remaining_amount=479828.4]
2022-10-15 12:24:37 [http-nio-8081-exec-10] INFO  com.capstone.aspect.LoggerAspect - *************************************
2022-10-15 12:24:37 [http-nio-8081-exec-10] INFO  com.capstone.aspect.LoggerAspect - During: class com.capstone.controller.EmiController.getemiofAccount() with arguments=<200 OK OK,emi [s_no=10, loanaccno=202211051, loan_status=active, emi_amount=11973.122, upcomming_payment_date=2022-11-07, remaining_amount=479828.4],[]>
2022-10-15 12:24:37 [http-nio-8081-exec-10] INFO  com.capstone.aspect.LoggerAspect - *************************************
2022-10-15 12:24:43 [http-nio-8081-exec-1] INFO  com.capstone.aspect.LoggerAspect - Method name: com.capstone.controller.EmiController
2022-10-15 12:24:43 [http-nio-8081-exec-1] INFO  com.capstone.aspect.LoggerAspect - Method arguments:[Ljava.lang.Object;@7106e148
2022-10-15 12:24:43 [http-nio-8081-exec-1] INFO  com.capstone.aspect.LoggerAspect - *************************************
2022-10-15 12:24:43 [http-nio-8081-exec-1] INFO  com.capstone.aspect.LoggerAspect - Method name: com.capstone.service.EmiServiceImp
2022-10-15 12:24:43 [http-nio-8081-exec-1] INFO  com.capstone.aspect.LoggerAspect - Method arguments:[Ljava.lang.Object;@502bcde9
2022-10-15 12:24:43 [http-nio-8081-exec-1] INFO  com.capstone.aspect.LoggerAspect - *************************************
2022-10-15 12:24:43 [http-nio-8081-exec-1] INFO  com.capstone.aspect.LoggerAspect - During: class com.capstone.service.EmiServiceImp.getEmiData() with arguments=emi [s_no=10, loanaccno=202211051, loan_status=active, emi_amount=11973.122, upcomming_payment_date=2022-11-07, remaining_amount=479828.4]
2022-10-15 12:24:43 [http-nio-8081-exec-1] INFO  com.capstone.aspect.LoggerAspect - *************************************
2022-10-15 12:24:43 [http-nio-8081-exec-1] INFO  com.capstone.aspect.LoggerAspect - Method name: com.capstone.service.EmiServiceImp
2022-10-15 12:24:43 [http-nio-8081-exec-1] INFO  com.capstone.aspect.LoggerAspect - Method arguments:[Ljava.lang.Object;@3e67c2f3
2022-10-15 12:24:43 [http-nio-8081-exec-1] INFO  com.capstone.aspect.LoggerAspect - *************************************
2022-10-15 12:24:43 [http-nio-8081-exec-1] INFO  com.capstone.aspect.LoggerAspect - During: class com.capstone.service.EmiServiceImp.getEmiData() with arguments=emi [s_no=10, loanaccno=202211051, loan_status=active, emi_amount=11973.122, upcomming_payment_date=2022-11-07, remaining_amount=479828.4]
2022-10-15 12:24:43 [http-nio-8081-exec-1] INFO  com.capstone.aspect.LoggerAspect - *************************************
2022-10-15 12:24:43 [http-nio-8081-exec-1] INFO  com.capstone.aspect.LoggerAspect - During: class com.capstone.controller.EmiController.getemiofAccount() with arguments=<200 OK OK,emi [s_no=10, loanaccno=202211051, loan_status=active, emi_amount=11973.122, upcomming_payment_date=2022-11-07, remaining_amount=479828.4],[]>
2022-10-15 12:24:43 [http-nio-8081-exec-1] INFO  com.capstone.aspect.LoggerAspect - *************************************
2022-10-15 12:24:55 [http-nio-8081-exec-2] INFO  com.capstone.aspect.LoggerAspect - Method name: com.capstone.controller.EmiController
2022-10-15 12:24:55 [http-nio-8081-exec-2] INFO  com.capstone.aspect.LoggerAspect - Method arguments:[Ljava.lang.Object;@634cd9b4
2022-10-15 12:24:55 [http-nio-8081-exec-2] INFO  com.capstone.aspect.LoggerAspect - *************************************
2022-10-15 12:24:55 [http-nio-8081-exec-2] INFO  com.capstone.aspect.LoggerAspect - Method name: com.capstone.service.EmiServiceImp
2022-10-15 12:24:55 [http-nio-8081-exec-2] INFO  com.capstone.aspect.LoggerAspect - Method arguments:[Ljava.lang.Object;@5c9413cf
2022-10-15 12:24:55 [http-nio-8081-exec-2] INFO  com.capstone.aspect.LoggerAspect - *************************************
2022-10-15 12:24:55 [http-nio-8081-exec-2] INFO  com.capstone.aspect.LoggerAspect - During: class com.capstone.service.EmiServiceImp.getEmiData() with arguments=emi [s_no=10, loanaccno=202211051, loan_status=active, emi_amount=11973.122, upcomming_payment_date=2022-11-07, remaining_amount=479828.4]
2022-10-15 12:24:55 [http-nio-8081-exec-2] INFO  com.capstone.aspect.LoggerAspect - *************************************
2022-10-15 12:24:55 [http-nio-8081-exec-2] INFO  com.capstone.aspect.LoggerAspect - Method name: com.capstone.service.EmiServiceImp
2022-10-15 12:24:55 [http-nio-8081-exec-2] INFO  com.capstone.aspect.LoggerAspect - Method arguments:[Ljava.lang.Object;@2f73bce
2022-10-15 12:24:55 [http-nio-8081-exec-2] INFO  com.capstone.aspect.LoggerAspect - *************************************
2022-10-15 12:24:55 [http-nio-8081-exec-2] INFO  com.capstone.aspect.LoggerAspect - During: class com.capstone.service.EmiServiceImp.getEmiData() with arguments=emi [s_no=10, loanaccno=202211051, loan_status=active, emi_amount=11973.122, upcomming_payment_date=2022-11-07, remaining_amount=479828.4]
2022-10-15 12:24:55 [http-nio-8081-exec-2] INFO  com.capstone.aspect.LoggerAspect - *************************************
2022-10-15 12:24:55 [http-nio-8081-exec-2] INFO  com.capstone.aspect.LoggerAspect - During: class com.capstone.controller.EmiController.getemiofAccount() with arguments=<200 OK OK,emi [s_no=10, loanaccno=202211051, loan_status=active, emi_amount=11973.122, upcomming_payment_date=2022-11-07, remaining_amount=479828.4],[]>
2022-10-15 12:24:55 [http-nio-8081-exec-2] INFO  com.capstone.aspect.LoggerAspect - *************************************
2022-10-15 12:25:00 [http-nio-8081-exec-3] INFO  com.capstone.aspect.LoggerAspect - Method name: com.capstone.controller.EmiController
2022-10-15 12:25:00 [http-nio-8081-exec-3] INFO  com.capstone.aspect.LoggerAspect - Method arguments:[Ljava.lang.Object;@13a316c9
2022-10-15 12:25:00 [http-nio-8081-exec-3] INFO  com.capstone.aspect.LoggerAspect - *************************************
2022-10-15 12:25:00 [http-nio-8081-exec-3] INFO  com.capstone.aspect.LoggerAspect - Method name: com.capstone.service.EmiServiceImp
2022-10-15 12:25:00 [http-nio-8081-exec-3] INFO  com.capstone.aspect.LoggerAspect - Method arguments:[Ljava.lang.Object;@56a18ad9
2022-10-15 12:25:00 [http-nio-8081-exec-3] INFO  com.capstone.aspect.LoggerAspect - *************************************
2022-10-15 12:25:00 [http-nio-8081-exec-3] INFO  com.capstone.aspect.LoggerAspect - During: class com.capstone.service.EmiServiceImp.getEmiData() with arguments=emi [s_no=10, loanaccno=202211051, loan_status=active, emi_amount=11973.122, upcomming_payment_date=2022-11-07, remaining_amount=479828.4]
2022-10-15 12:25:00 [http-nio-8081-exec-3] INFO  com.capstone.aspect.LoggerAspect - *************************************
2022-10-15 12:25:00 [http-nio-8081-exec-3] INFO  com.capstone.aspect.LoggerAspect - Method name: com.capstone.service.EmiServiceImp
2022-10-15 12:25:00 [http-nio-8081-exec-3] INFO  com.capstone.aspect.LoggerAspect - Method arguments:[Ljava.lang.Object;@32c02fa1
2022-10-15 12:25:00 [http-nio-8081-exec-3] INFO  com.capstone.aspect.LoggerAspect - *************************************
2022-10-15 12:25:00 [http-nio-8081-exec-3] INFO  com.capstone.aspect.LoggerAspect - During: class com.capstone.service.EmiServiceImp.getEmiData() with arguments=emi [s_no=10, loanaccno=202211051, loan_status=active, emi_amount=11973.122, upcomming_payment_date=2022-11-07, remaining_amount=479828.4]
2022-10-15 12:25:00 [http-nio-8081-exec-3] INFO  com.capstone.aspect.LoggerAspect - *************************************
2022-10-15 12:25:00 [http-nio-8081-exec-3] INFO  com.capstone.aspect.LoggerAspect - During: class com.capstone.controller.EmiController.getemiofAccount() with arguments=<200 OK OK,emi [s_no=10, loanaccno=202211051, loan_status=active, emi_amount=11973.122, upcomming_payment_date=2022-11-07, remaining_amount=479828.4],[]>
2022-10-15 12:25:00 [http-nio-8081-exec-3] INFO  com.capstone.aspect.LoggerAspect - *************************************
2022-10-15 12:25:24 [AsyncResolver-bootstrap-executor-0] INFO  c.n.d.s.r.aws.ConfigClusterResolver - Resolving eureka endpoints via configuration
2022-10-15 12:25:25 [http-nio-8081-exec-4] INFO  com.capstone.aspect.LoggerAspect - Method name: com.capstone.controller.EmiController
2022-10-15 12:25:25 [http-nio-8081-exec-4] INFO  com.capstone.aspect.LoggerAspect - Method arguments:[Ljava.lang.Object;@2a2a91c7
2022-10-15 12:25:25 [http-nio-8081-exec-4] INFO  com.capstone.aspect.LoggerAspect - *************************************
2022-10-15 12:25:25 [http-nio-8081-exec-4] INFO  com.capstone.aspect.LoggerAspect - Method name: com.capstone.service.EmiServiceImp
2022-10-15 12:25:25 [http-nio-8081-exec-4] INFO  com.capstone.aspect.LoggerAspect - Method arguments:[Ljava.lang.Object;@296c4b7c
2022-10-15 12:25:25 [http-nio-8081-exec-4] INFO  com.capstone.aspect.LoggerAspect - *************************************
2022-10-15 12:25:25 [http-nio-8081-exec-4] INFO  com.capstone.aspect.LoggerAspect - During: class com.capstone.service.EmiServiceImp.getEmiData() with arguments=emi [s_no=10, loanaccno=202211051, loan_status=active, emi_amount=11973.122, upcomming_payment_date=2022-11-07, remaining_amount=479828.4]
2022-10-15 12:25:25 [http-nio-8081-exec-4] INFO  com.capstone.aspect.LoggerAspect - *************************************
2022-10-15 12:25:25 [http-nio-8081-exec-4] INFO  com.capstone.aspect.LoggerAspect - Method name: com.capstone.service.EmiServiceImp
2022-10-15 12:25:25 [http-nio-8081-exec-4] INFO  com.capstone.aspect.LoggerAspect - Method arguments:[Ljava.lang.Object;@4666fe0b
2022-10-15 12:25:25 [http-nio-8081-exec-4] INFO  com.capstone.aspect.LoggerAspect - *************************************
2022-10-15 12:25:25 [http-nio-8081-exec-4] INFO  com.capstone.aspect.LoggerAspect - During: class com.capstone.service.EmiServiceImp.getEmiData() with arguments=emi [s_no=10, loanaccno=202211051, loan_status=active, emi_amount=11973.122, upcomming_payment_date=2022-11-07, remaining_amount=479828.4]
2022-10-15 12:25:25 [http-nio-8081-exec-4] INFO  com.capstone.aspect.LoggerAspect - *************************************
2022-10-15 12:25:25 [http-nio-8081-exec-4] INFO  com.capstone.aspect.LoggerAspect - During: class com.capstone.controller.EmiController.getemiofAccount() with arguments=<200 OK OK,emi [s_no=10, loanaccno=202211051, loan_status=active, emi_amount=11973.122, upcomming_payment_date=2022-11-07, remaining_amount=479828.4],[]>
2022-10-15 12:25:25 [http-nio-8081-exec-4] INFO  com.capstone.aspect.LoggerAspect - *************************************
2022-10-15 12:25:58 [http-nio-8081-exec-5] INFO  com.capstone.aspect.LoggerAspect - Method name: com.capstone.controller.EmiController
2022-10-15 12:25:58 [http-nio-8081-exec-5] INFO  com.capstone.aspect.LoggerAspect - Method arguments:[Ljava.lang.Object;@16a2ce9
2022-10-15 12:25:58 [http-nio-8081-exec-5] INFO  com.capstone.aspect.LoggerAspect - *************************************
2022-10-15 12:25:58 [http-nio-8081-exec-5] INFO  com.capstone.aspect.LoggerAspect - Method name: com.capstone.service.EmiServiceImp
2022-10-15 12:25:58 [http-nio-8081-exec-5] INFO  com.capstone.aspect.LoggerAspect - Method arguments:[Ljava.lang.Object;@4a773fb3
2022-10-15 12:25:58 [http-nio-8081-exec-5] INFO  com.capstone.aspect.LoggerAspect - *************************************
2022-10-15 12:25:58 [http-nio-8081-exec-5] INFO  com.capstone.aspect.LoggerAspect - During: class com.capstone.service.EmiServiceImp.getEmiData() with arguments=emi [s_no=10, loanaccno=202211051, loan_status=active, emi_amount=11973.122, upcomming_payment_date=2022-11-07, remaining_amount=479828.4]
2022-10-15 12:25:58 [http-nio-8081-exec-5] INFO  com.capstone.aspect.LoggerAspect - *************************************
2022-10-15 12:25:58 [http-nio-8081-exec-5] INFO  com.capstone.aspect.LoggerAspect - Method name: com.capstone.service.EmiServiceImp
2022-10-15 12:25:58 [http-nio-8081-exec-5] INFO  com.capstone.aspect.LoggerAspect - Method arguments:[Ljava.lang.Object;@6d499b47
2022-10-15 12:25:58 [http-nio-8081-exec-5] INFO  com.capstone.aspect.LoggerAspect - *************************************
2022-10-15 12:25:58 [http-nio-8081-exec-5] INFO  com.capstone.aspect.LoggerAspect - During: class com.capstone.service.EmiServiceImp.getEmiData() with arguments=emi [s_no=10, loanaccno=202211051, loan_status=active, emi_amount=11973.122, upcomming_payment_date=2022-11-07, remaining_amount=479828.4]
2022-10-15 12:25:58 [http-nio-8081-exec-5] INFO  com.capstone.aspect.LoggerAspect - *************************************
2022-10-15 12:25:58 [http-nio-8081-exec-5] INFO  com.capstone.aspect.LoggerAspect - During: class com.capstone.controller.EmiController.getemiofAccount() with arguments=<200 OK OK,emi [s_no=10, loanaccno=202211051, loan_status=active, emi_amount=11973.122, upcomming_payment_date=2022-11-07, remaining_amount=479828.4],[]>
2022-10-15 12:25:58 [http-nio-8081-exec-5] INFO  com.capstone.aspect.LoggerAspect - *************************************
2022-10-15 12:26:29 [http-nio-8081-exec-6] INFO  com.capstone.aspect.LoggerAspect - Method name: com.capstone.controller.EmiController
2022-10-15 12:26:29 [http-nio-8081-exec-6] INFO  com.capstone.aspect.LoggerAspect - Method arguments:[Ljava.lang.Object;@7496b349
2022-10-15 12:26:29 [http-nio-8081-exec-6] INFO  com.capstone.aspect.LoggerAspect - *************************************
2022-10-15 12:26:29 [http-nio-8081-exec-6] INFO  com.capstone.aspect.LoggerAspect - Method name: com.capstone.service.EmiServiceImp
2022-10-15 12:26:29 [http-nio-8081-exec-6] INFO  com.capstone.aspect.LoggerAspect - Method arguments:[Ljava.lang.Object;@7a5153ab
2022-10-15 12:26:29 [http-nio-8081-exec-6] INFO  com.capstone.aspect.LoggerAspect - *************************************
2022-10-15 12:26:29 [http-nio-8081-exec-6] INFO  com.capstone.aspect.LoggerAspect - During: class com.capstone.service.EmiServiceImp.getEmiData() with arguments=emi [s_no=10, loanaccno=202211051, loan_status=active, emi_amount=11973.122, upcomming_payment_date=2022-11-07, remaining_amount=479828.4]
2022-10-15 12:26:29 [http-nio-8081-exec-6] INFO  com.capstone.aspect.LoggerAspect - *************************************
2022-10-15 12:26:29 [http-nio-8081-exec-6] INFO  com.capstone.aspect.LoggerAspect - Method name: com.capstone.service.EmiServiceImp
2022-10-15 12:26:29 [http-nio-8081-exec-6] INFO  com.capstone.aspect.LoggerAspect - Method arguments:[Ljava.lang.Object;@4d2e3b30
2022-10-15 12:26:29 [http-nio-8081-exec-6] INFO  com.capstone.aspect.LoggerAspect - *************************************
2022-10-15 12:26:29 [http-nio-8081-exec-6] INFO  com.capstone.aspect.LoggerAspect - During: class com.capstone.service.EmiServiceImp.getEmiData() with arguments=emi [s_no=10, loanaccno=202211051, loan_status=active, emi_amount=11973.122, upcomming_payment_date=2022-11-07, remaining_amount=479828.4]
2022-10-15 12:26:29 [http-nio-8081-exec-6] INFO  com.capstone.aspect.LoggerAspect - *************************************
2022-10-15 12:26:29 [http-nio-8081-exec-6] INFO  com.capstone.aspect.LoggerAspect - During: class com.capstone.controller.EmiController.getemiofAccount() with arguments=<200 OK OK,emi [s_no=10, loanaccno=202211051, loan_status=active, emi_amount=11973.122, upcomming_payment_date=2022-11-07, remaining_amount=479828.4],[]>
2022-10-15 12:26:29 [http-nio-8081-exec-6] INFO  com.capstone.aspect.LoggerAspect - *************************************
2022-10-15 12:26:32 [http-nio-8081-exec-7] INFO  com.capstone.aspect.LoggerAspect - Method name: com.capstone.controller.EmiController
2022-10-15 12:26:32 [http-nio-8081-exec-7] INFO  com.capstone.aspect.LoggerAspect - Method arguments:[Ljava.lang.Object;@4dacaa41
2022-10-15 12:26:32 [http-nio-8081-exec-7] INFO  com.capstone.aspect.LoggerAspect - *************************************
2022-10-15 12:26:32 [http-nio-8081-exec-7] INFO  com.capstone.aspect.LoggerAspect - Method name: com.capstone.service.EmiServiceImp
2022-10-15 12:26:32 [http-nio-8081-exec-7] INFO  com.capstone.aspect.LoggerAspect - Method arguments:[Ljava.lang.Object;@2e863edf
2022-10-15 12:26:32 [http-nio-8081-exec-7] INFO  com.capstone.aspect.LoggerAspect - *************************************
2022-10-15 12:26:32 [http-nio-8081-exec-7] INFO  com.capstone.aspect.LoggerAspect - During: class com.capstone.service.EmiServiceImp.getEmiData() with arguments=emi [s_no=10, loanaccno=202211051, loan_status=active, emi_amount=11973.122, upcomming_payment_date=2022-11-07, remaining_amount=479828.4]
2022-10-15 12:26:32 [http-nio-8081-exec-7] INFO  com.capstone.aspect.LoggerAspect - *************************************
2022-10-15 12:26:32 [http-nio-8081-exec-7] INFO  com.capstone.aspect.LoggerAspect - Method name: com.capstone.service.EmiServiceImp
2022-10-15 12:26:32 [http-nio-8081-exec-7] INFO  com.capstone.aspect.LoggerAspect - Method arguments:[Ljava.lang.Object;@3d79262a
2022-10-15 12:26:32 [http-nio-8081-exec-7] INFO  com.capstone.aspect.LoggerAspect - *************************************
2022-10-15 12:26:32 [http-nio-8081-exec-7] INFO  com.capstone.aspect.LoggerAspect - During: class com.capstone.service.EmiServiceImp.getEmiData() with arguments=emi [s_no=10, loanaccno=202211051, loan_status=active, emi_amount=11973.122, upcomming_payment_date=2022-11-07, remaining_amount=479828.4]
2022-10-15 12:26:32 [http-nio-8081-exec-7] INFO  com.capstone.aspect.LoggerAspect - *************************************
2022-10-15 12:26:32 [http-nio-8081-exec-7] INFO  com.capstone.aspect.LoggerAspect - During: class com.capstone.controller.EmiController.getemiofAccount() with arguments=<200 OK OK,emi [s_no=10, loanaccno=202211051, loan_status=active, emi_amount=11973.122, upcomming_payment_date=2022-11-07, remaining_amount=479828.4],[]>
2022-10-15 12:26:32 [http-nio-8081-exec-7] INFO  com.capstone.aspect.LoggerAspect - *************************************
2022-10-15 12:27:10 [http-nio-8081-exec-8] INFO  com.capstone.aspect.LoggerAspect - Method name: com.capstone.controller.EmiController
2022-10-15 12:27:10 [http-nio-8081-exec-8] INFO  com.capstone.aspect.LoggerAspect - Method arguments:[Ljava.lang.Object;@7f842efa
2022-10-15 12:27:10 [http-nio-8081-exec-8] INFO  com.capstone.aspect.LoggerAspect - *************************************
2022-10-15 12:27:10 [http-nio-8081-exec-8] INFO  com.capstone.aspect.LoggerAspect - Method name: com.capstone.service.EmiServiceImp
2022-10-15 12:27:10 [http-nio-8081-exec-8] INFO  com.capstone.aspect.LoggerAspect - Method arguments:[Ljava.lang.Object;@4add780a
2022-10-15 12:27:10 [http-nio-8081-exec-8] INFO  com.capstone.aspect.LoggerAspect - *************************************
2022-10-15 12:27:10 [http-nio-8081-exec-8] INFO  com.capstone.aspect.LoggerAspect - During: class com.capstone.service.EmiServiceImp.getEmiData() with arguments=emi [s_no=10, loanaccno=202211051, loan_status=active, emi_amount=11973.122, upcomming_payment_date=2022-11-07, remaining_amount=479828.4]
2022-10-15 12:27:10 [http-nio-8081-exec-8] INFO  com.capstone.aspect.LoggerAspect - *************************************
2022-10-15 12:27:10 [http-nio-8081-exec-8] INFO  com.capstone.aspect.LoggerAspect - Method name: com.capstone.service.EmiServiceImp
2022-10-15 12:27:10 [http-nio-8081-exec-8] INFO  com.capstone.aspect.LoggerAspect - Method arguments:[Ljava.lang.Object;@11047476
2022-10-15 12:27:10 [http-nio-8081-exec-8] INFO  com.capstone.aspect.LoggerAspect - *************************************
2022-10-15 12:27:10 [http-nio-8081-exec-8] INFO  com.capstone.aspect.LoggerAspect - During: class com.capstone.service.EmiServiceImp.getEmiData() with arguments=emi [s_no=10, loanaccno=202211051, loan_status=active, emi_amount=11973.122, upcomming_payment_date=2022-11-07, remaining_amount=479828.4]
2022-10-15 12:27:10 [http-nio-8081-exec-8] INFO  com.capstone.aspect.LoggerAspect - *************************************
2022-10-15 12:27:10 [http-nio-8081-exec-8] INFO  com.capstone.aspect.LoggerAspect - During: class com.capstone.controller.EmiController.getemiofAccount() with arguments=<200 OK OK,emi [s_no=10, loanaccno=202211051, loan_status=active, emi_amount=11973.122, upcomming_payment_date=2022-11-07, remaining_amount=479828.4],[]>
2022-10-15 12:27:10 [http-nio-8081-exec-8] INFO  com.capstone.aspect.LoggerAspect - *************************************
2022-10-15 12:29:01 [http-nio-8081-exec-10] INFO  com.capstone.aspect.LoggerAspect - Method name: com.capstone.controller.EmiController
2022-10-15 12:29:01 [http-nio-8081-exec-10] INFO  com.capstone.aspect.LoggerAspect - Method arguments:[Ljava.lang.Object;@48d6eea8
2022-10-15 12:29:01 [http-nio-8081-exec-10] INFO  com.capstone.aspect.LoggerAspect - *************************************
2022-10-15 12:29:01 [http-nio-8081-exec-10] INFO  com.capstone.aspect.LoggerAspect - Method name: com.capstone.service.EmiServiceImp
2022-10-15 12:29:01 [http-nio-8081-exec-10] INFO  com.capstone.aspect.LoggerAspect - Method arguments:[Ljava.lang.Object;@522d5fd6
2022-10-15 12:29:01 [http-nio-8081-exec-10] INFO  com.capstone.aspect.LoggerAspect - *************************************
2022-10-15 12:29:01 [http-nio-8081-exec-10] INFO  com.capstone.aspect.LoggerAspect - During: class com.capstone.service.EmiServiceImp.getEmiData() with arguments=emi [s_no=10, loanaccno=202211051, loan_status=active, emi_amount=11973.122, upcomming_payment_date=2022-11-07, remaining_amount=479828.4]
2022-10-15 12:29:01 [http-nio-8081-exec-10] INFO  com.capstone.aspect.LoggerAspect - *************************************
2022-10-15 12:29:01 [http-nio-8081-exec-10] INFO  com.capstone.aspect.LoggerAspect - Method name: com.capstone.service.EmiServiceImp
2022-10-15 12:29:01 [http-nio-8081-exec-10] INFO  com.capstone.aspect.LoggerAspect - Method arguments:[Ljava.lang.Object;@3f637b32
2022-10-15 12:29:01 [http-nio-8081-exec-10] INFO  com.capstone.aspect.LoggerAspect - *************************************
2022-10-15 12:29:01 [http-nio-8081-exec-10] INFO  com.capstone.aspect.LoggerAspect - During: class com.capstone.service.EmiServiceImp.getEmiData() with arguments=emi [s_no=10, loanaccno=202211051, loan_status=active, emi_amount=11973.122, upcomming_payment_date=2022-11-07, remaining_amount=479828.4]
2022-10-15 12:29:01 [http-nio-8081-exec-10] INFO  com.capstone.aspect.LoggerAspect - *************************************
2022-10-15 12:29:01 [http-nio-8081-exec-10] INFO  com.capstone.aspect.LoggerAspect - During: class com.capstone.controller.EmiController.getemiofAccount() with arguments=<200 OK OK,emi [s_no=10, loanaccno=202211051, loan_status=active, emi_amount=11973.122, upcomming_payment_date=2022-11-07, remaining_amount=479828.4],[]>
2022-10-15 12:29:01 [http-nio-8081-exec-10] INFO  com.capstone.aspect.LoggerAspect - *************************************
2022-10-15 12:29:14 [http-nio-8081-exec-1] INFO  com.capstone.aspect.LoggerAspect - Method name: com.capstone.controller.EmiController
2022-10-15 12:29:14 [http-nio-8081-exec-1] INFO  com.capstone.aspect.LoggerAspect - Method arguments:[Ljava.lang.Object;@4879642
2022-10-15 12:29:14 [http-nio-8081-exec-1] INFO  com.capstone.aspect.LoggerAspect - *************************************
2022-10-15 12:29:14 [http-nio-8081-exec-1] INFO  com.capstone.aspect.LoggerAspect - Method name: com.capstone.service.EmiServiceImp
2022-10-15 12:29:14 [http-nio-8081-exec-1] INFO  com.capstone.aspect.LoggerAspect - Method arguments:[Ljava.lang.Object;@7d79d47b
2022-10-15 12:29:14 [http-nio-8081-exec-1] INFO  com.capstone.aspect.LoggerAspect - *************************************
2022-10-15 12:29:14 [http-nio-8081-exec-1] INFO  com.capstone.aspect.LoggerAspect - During: class com.capstone.service.EmiServiceImp.getEmiData() with arguments=emi [s_no=10, loanaccno=202211051, loan_status=active, emi_amount=11973.122, upcomming_payment_date=2022-11-07, remaining_amount=479828.4]
2022-10-15 12:29:14 [http-nio-8081-exec-1] INFO  com.capstone.aspect.LoggerAspect - *************************************
2022-10-15 12:29:14 [http-nio-8081-exec-1] INFO  com.capstone.aspect.LoggerAspect - Method name: com.capstone.service.EmiServiceImp
2022-10-15 12:29:14 [http-nio-8081-exec-1] INFO  com.capstone.aspect.LoggerAspect - Method arguments:[Ljava.lang.Object;@73a2a582
2022-10-15 12:29:14 [http-nio-8081-exec-1] INFO  com.capstone.aspect.LoggerAspect - *************************************
2022-10-15 12:29:14 [http-nio-8081-exec-1] INFO  com.capstone.aspect.LoggerAspect - During: class com.capstone.service.EmiServiceImp.getEmiData() with arguments=emi [s_no=10, loanaccno=202211051, loan_status=active, emi_amount=11973.122, upcomming_payment_date=2022-11-07, remaining_amount=479828.4]
2022-10-15 12:29:14 [http-nio-8081-exec-1] INFO  com.capstone.aspect.LoggerAspect - *************************************
2022-10-15 12:29:14 [http-nio-8081-exec-1] INFO  com.capstone.aspect.LoggerAspect - During: class com.capstone.controller.EmiController.getemiofAccount() with arguments=<200 OK OK,emi [s_no=10, loanaccno=202211051, loan_status=active, emi_amount=11973.122, upcomming_payment_date=2022-11-07, remaining_amount=479828.4],[]>
2022-10-15 12:29:14 [http-nio-8081-exec-1] INFO  com.capstone.aspect.LoggerAspect - *************************************
2022-10-15 12:29:25 [http-nio-8081-exec-2] INFO  com.capstone.aspect.LoggerAspect - Method name: com.capstone.controller.EmiController
2022-10-15 12:29:25 [http-nio-8081-exec-2] INFO  com.capstone.aspect.LoggerAspect - Method arguments:[Ljava.lang.Object;@6e5d762e
2022-10-15 12:29:25 [http-nio-8081-exec-2] INFO  com.capstone.aspect.LoggerAspect - *************************************
2022-10-15 12:29:25 [http-nio-8081-exec-2] INFO  com.capstone.aspect.LoggerAspect - Method name: com.capstone.service.EmiServiceImp
2022-10-15 12:29:25 [http-nio-8081-exec-2] INFO  com.capstone.aspect.LoggerAspect - Method arguments:[Ljava.lang.Object;@7f3abad3
2022-10-15 12:29:25 [http-nio-8081-exec-2] INFO  com.capstone.aspect.LoggerAspect - *************************************
2022-10-15 12:29:25 [http-nio-8081-exec-2] INFO  com.capstone.aspect.LoggerAspect - During: class com.capstone.service.EmiServiceImp.getEmiData() with arguments=emi [s_no=10, loanaccno=202211051, loan_status=active, emi_amount=11973.122, upcomming_payment_date=2022-11-07, remaining_amount=479828.4]
2022-10-15 12:29:25 [http-nio-8081-exec-2] INFO  com.capstone.aspect.LoggerAspect - *************************************
2022-10-15 12:29:25 [http-nio-8081-exec-2] INFO  com.capstone.aspect.LoggerAspect - Method name: com.capstone.service.EmiServiceImp
2022-10-15 12:29:25 [http-nio-8081-exec-2] INFO  com.capstone.aspect.LoggerAspect - Method arguments:[Ljava.lang.Object;@6d966abb
2022-10-15 12:29:25 [http-nio-8081-exec-2] INFO  com.capstone.aspect.LoggerAspect - *************************************
2022-10-15 12:29:25 [http-nio-8081-exec-2] INFO  com.capstone.aspect.LoggerAspect - During: class com.capstone.service.EmiServiceImp.getEmiData() with arguments=emi [s_no=10, loanaccno=202211051, loan_status=active, emi_amount=11973.122, upcomming_payment_date=2022-11-07, remaining_amount=479828.4]
2022-10-15 12:29:25 [http-nio-8081-exec-2] INFO  com.capstone.aspect.LoggerAspect - *************************************
2022-10-15 12:29:25 [http-nio-8081-exec-2] INFO  com.capstone.aspect.LoggerAspect - During: class com.capstone.controller.EmiController.getemiofAccount() with arguments=<200 OK OK,emi [s_no=10, loanaccno=202211051, loan_status=active, emi_amount=11973.122, upcomming_payment_date=2022-11-07, remaining_amount=479828.4],[]>
2022-10-15 12:29:25 [http-nio-8081-exec-2] INFO  com.capstone.aspect.LoggerAspect - *************************************
2022-10-15 12:29:32 [http-nio-8081-exec-3] INFO  com.capstone.aspect.LoggerAspect - Method name: com.capstone.controller.EmiController
2022-10-15 12:29:32 [http-nio-8081-exec-3] INFO  com.capstone.aspect.LoggerAspect - Method arguments:[Ljava.lang.Object;@24fea941
2022-10-15 12:29:32 [http-nio-8081-exec-3] INFO  com.capstone.aspect.LoggerAspect - *************************************
2022-10-15 12:29:32 [http-nio-8081-exec-3] INFO  com.capstone.aspect.LoggerAspect - Method name: com.capstone.service.EmiServiceImp
2022-10-15 12:29:32 [http-nio-8081-exec-3] INFO  com.capstone.aspect.LoggerAspect - Method arguments:[Ljava.lang.Object;@9687ec7
2022-10-15 12:29:32 [http-nio-8081-exec-3] INFO  com.capstone.aspect.LoggerAspect - *************************************
2022-10-15 12:29:32 [http-nio-8081-exec-3] INFO  com.capstone.aspect.LoggerAspect - During: class com.capstone.service.EmiServiceImp.getEmiData() with arguments=emi [s_no=10, loanaccno=202211051, loan_status=active, emi_amount=11973.122, upcomming_payment_date=2022-11-07, remaining_amount=479828.4]
2022-10-15 12:29:32 [http-nio-8081-exec-3] INFO  com.capstone.aspect.LoggerAspect - *************************************
2022-10-15 12:29:32 [http-nio-8081-exec-3] INFO  com.capstone.aspect.LoggerAspect - Method name: com.capstone.service.EmiServiceImp
2022-10-15 12:29:32 [http-nio-8081-exec-3] INFO  com.capstone.aspect.LoggerAspect - Method arguments:[Ljava.lang.Object;@22e016a7
2022-10-15 12:29:32 [http-nio-8081-exec-3] INFO  com.capstone.aspect.LoggerAspect - *************************************
2022-10-15 12:29:32 [http-nio-8081-exec-3] INFO  com.capstone.aspect.LoggerAspect - During: class com.capstone.service.EmiServiceImp.getEmiData() with arguments=emi [s_no=10, loanaccno=202211051, loan_status=active, emi_amount=11973.122, upcomming_payment_date=2022-11-07, remaining_amount=479828.4]
2022-10-15 12:29:32 [http-nio-8081-exec-3] INFO  com.capstone.aspect.LoggerAspect - *************************************
2022-10-15 12:29:32 [http-nio-8081-exec-3] INFO  com.capstone.aspect.LoggerAspect - During: class com.capstone.controller.EmiController.getemiofAccount() with arguments=<200 OK OK,emi [s_no=10, loanaccno=202211051, loan_status=active, emi_amount=11973.122, upcomming_payment_date=2022-11-07, remaining_amount=479828.4],[]>
2022-10-15 12:29:32 [http-nio-8081-exec-3] INFO  com.capstone.aspect.LoggerAspect - *************************************
2022-10-15 12:29:38 [http-nio-8081-exec-4] INFO  com.capstone.aspect.LoggerAspect - Method name: com.capstone.controller.EmiController
2022-10-15 12:29:38 [http-nio-8081-exec-4] INFO  com.capstone.aspect.LoggerAspect - Method arguments:[Ljava.lang.Object;@6ef85930
2022-10-15 12:29:38 [http-nio-8081-exec-4] INFO  com.capstone.aspect.LoggerAspect - *************************************
2022-10-15 12:29:38 [http-nio-8081-exec-4] INFO  com.capstone.aspect.LoggerAspect - Method name: com.capstone.service.EmiServiceImp
2022-10-15 12:29:38 [http-nio-8081-exec-4] INFO  com.capstone.aspect.LoggerAspect - Method arguments:[Ljava.lang.Object;@4dea85d6
2022-10-15 12:29:38 [http-nio-8081-exec-4] INFO  com.capstone.aspect.LoggerAspect - *************************************
2022-10-15 12:29:38 [http-nio-8081-exec-4] INFO  com.capstone.aspect.LoggerAspect - During: class com.capstone.service.EmiServiceImp.getEmiData() with arguments=emi [s_no=10, loanaccno=202211051, loan_status=active, emi_amount=11973.122, upcomming_payment_date=2022-11-07, remaining_amount=479828.4]
2022-10-15 12:29:38 [http-nio-8081-exec-4] INFO  com.capstone.aspect.LoggerAspect - *************************************
2022-10-15 12:29:38 [http-nio-8081-exec-4] INFO  com.capstone.aspect.LoggerAspect - Method name: com.capstone.service.EmiServiceImp
2022-10-15 12:29:38 [http-nio-8081-exec-4] INFO  com.capstone.aspect.LoggerAspect - Method arguments:[Ljava.lang.Object;@4f1e9c75
2022-10-15 12:29:38 [http-nio-8081-exec-4] INFO  com.capstone.aspect.LoggerAspect - *************************************
2022-10-15 12:29:38 [http-nio-8081-exec-4] INFO  com.capstone.aspect.LoggerAspect - During: class com.capstone.service.EmiServiceImp.getEmiData() with arguments=emi [s_no=10, loanaccno=202211051, loan_status=active, emi_amount=11973.122, upcomming_payment_date=2022-11-07, remaining_amount=479828.4]
2022-10-15 12:29:38 [http-nio-8081-exec-4] INFO  com.capstone.aspect.LoggerAspect - *************************************
2022-10-15 12:29:38 [http-nio-8081-exec-4] INFO  com.capstone.aspect.LoggerAspect - During: class com.capstone.controller.EmiController.getemiofAccount() with arguments=<200 OK OK,emi [s_no=10, loanaccno=202211051, loan_status=active, emi_amount=11973.122, upcomming_payment_date=2022-11-07, remaining_amount=479828.4],[]>
2022-10-15 12:29:38 [http-nio-8081-exec-4] INFO  com.capstone.aspect.LoggerAspect - *************************************
2022-10-15 12:30:24 [AsyncResolver-bootstrap-executor-0] INFO  c.n.d.s.r.aws.ConfigClusterResolver - Resolving eureka endpoints via configuration
2022-10-15 12:30:24 [http-nio-8081-exec-5] INFO  com.capstone.aspect.LoggerAspect - Method name: com.capstone.controller.EmiController
2022-10-15 12:30:24 [http-nio-8081-exec-5] INFO  com.capstone.aspect.LoggerAspect - Method arguments:[Ljava.lang.Object;@be6fc5d
2022-10-15 12:30:24 [http-nio-8081-exec-5] INFO  com.capstone.aspect.LoggerAspect - *************************************
2022-10-15 12:30:24 [http-nio-8081-exec-5] INFO  com.capstone.aspect.LoggerAspect - Method name: com.capstone.service.EmiServiceImp
2022-10-15 12:30:24 [http-nio-8081-exec-5] INFO  com.capstone.aspect.LoggerAspect - Method arguments:[Ljava.lang.Object;@53c5e554
2022-10-15 12:30:24 [http-nio-8081-exec-5] INFO  com.capstone.aspect.LoggerAspect - *************************************
2022-10-15 12:30:24 [http-nio-8081-exec-5] INFO  com.capstone.aspect.LoggerAspect - During: class com.capstone.service.EmiServiceImp.getEmiData() with arguments=emi [s_no=10, loanaccno=202211051, loan_status=active, emi_amount=11973.122, upcomming_payment_date=2022-11-07, remaining_amount=479828.4]
2022-10-15 12:30:24 [http-nio-8081-exec-5] INFO  com.capstone.aspect.LoggerAspect - *************************************
2022-10-15 12:30:24 [http-nio-8081-exec-5] INFO  com.capstone.aspect.LoggerAspect - Method name: com.capstone.service.EmiServiceImp
2022-10-15 12:30:24 [http-nio-8081-exec-5] INFO  com.capstone.aspect.LoggerAspect - Method arguments:[Ljava.lang.Object;@4af9d726
2022-10-15 12:30:24 [http-nio-8081-exec-5] INFO  com.capstone.aspect.LoggerAspect - *************************************
2022-10-15 12:30:24 [http-nio-8081-exec-5] INFO  com.capstone.aspect.LoggerAspect - During: class com.capstone.service.EmiServiceImp.getEmiData() with arguments=emi [s_no=10, loanaccno=202211051, loan_status=active, emi_amount=11973.122, upcomming_payment_date=2022-11-07, remaining_amount=479828.4]
2022-10-15 12:30:24 [http-nio-8081-exec-5] INFO  com.capstone.aspect.LoggerAspect - *************************************
2022-10-15 12:30:24 [http-nio-8081-exec-5] INFO  com.capstone.aspect.LoggerAspect - During: class com.capstone.controller.EmiController.getemiofAccount() with arguments=<200 OK OK,emi [s_no=10, loanaccno=202211051, loan_status=active, emi_amount=11973.122, upcomming_payment_date=2022-11-07, remaining_amount=479828.4],[]>
2022-10-15 12:30:24 [http-nio-8081-exec-5] INFO  com.capstone.aspect.LoggerAspect - *************************************
2022-10-15 12:30:59 [http-nio-8081-exec-6] INFO  com.capstone.aspect.LoggerAspect - Method name: com.capstone.controller.EmiController
2022-10-15 12:30:59 [http-nio-8081-exec-6] INFO  com.capstone.aspect.LoggerAspect - Method arguments:[Ljava.lang.Object;@1a4d51e9
2022-10-15 12:30:59 [http-nio-8081-exec-6] INFO  com.capstone.aspect.LoggerAspect - *************************************
2022-10-15 12:30:59 [http-nio-8081-exec-6] INFO  com.capstone.aspect.LoggerAspect - Method name: com.capstone.service.EmiServiceImp
2022-10-15 12:30:59 [http-nio-8081-exec-6] INFO  com.capstone.aspect.LoggerAspect - Method arguments:[Ljava.lang.Object;@e9f92e8
2022-10-15 12:30:59 [http-nio-8081-exec-6] INFO  com.capstone.aspect.LoggerAspect - *************************************
2022-10-15 12:30:59 [http-nio-8081-exec-6] INFO  com.capstone.aspect.LoggerAspect - During: class com.capstone.service.EmiServiceImp.getEmiData() with arguments=emi [s_no=10, loanaccno=202211051, loan_status=active, emi_amount=11973.122, upcomming_payment_date=2022-11-07, remaining_amount=479828.4]
2022-10-15 12:30:59 [http-nio-8081-exec-6] INFO  com.capstone.aspect.LoggerAspect - *************************************
2022-10-15 12:30:59 [http-nio-8081-exec-6] INFO  com.capstone.aspect.LoggerAspect - Method name: com.capstone.service.EmiServiceImp
2022-10-15 12:30:59 [http-nio-8081-exec-6] INFO  com.capstone.aspect.LoggerAspect - Method arguments:[Ljava.lang.Object;@113e4b95
2022-10-15 12:30:59 [http-nio-8081-exec-6] INFO  com.capstone.aspect.LoggerAspect - *************************************
2022-10-15 12:30:59 [http-nio-8081-exec-6] INFO  com.capstone.aspect.LoggerAspect - During: class com.capstone.service.EmiServiceImp.getEmiData() with arguments=emi [s_no=10, loanaccno=202211051, loan_status=active, emi_amount=11973.122, upcomming_payment_date=2022-11-07, remaining_amount=479828.4]
2022-10-15 12:30:59 [http-nio-8081-exec-6] INFO  com.capstone.aspect.LoggerAspect - *************************************
2022-10-15 12:30:59 [http-nio-8081-exec-6] INFO  com.capstone.aspect.LoggerAspect - During: class com.capstone.controller.EmiController.getemiofAccount() with arguments=<200 OK OK,emi [s_no=10, loanaccno=202211051, loan_status=active, emi_amount=11973.122, upcomming_payment_date=2022-11-07, remaining_amount=479828.4],[]>
2022-10-15 12:30:59 [http-nio-8081-exec-6] INFO  com.capstone.aspect.LoggerAspect - *************************************
2022-10-15 12:31:16 [http-nio-8081-exec-7] INFO  com.capstone.aspect.LoggerAspect - Method name: com.capstone.controller.EmiController
2022-10-15 12:31:16 [http-nio-8081-exec-7] INFO  com.capstone.aspect.LoggerAspect - Method arguments:[Ljava.lang.Object;@2659658d
2022-10-15 12:31:16 [http-nio-8081-exec-7] INFO  com.capstone.aspect.LoggerAspect - *************************************
2022-10-15 12:31:16 [http-nio-8081-exec-7] INFO  com.capstone.aspect.LoggerAspect - Method name: com.capstone.service.EmiServiceImp
2022-10-15 12:31:16 [http-nio-8081-exec-7] INFO  com.capstone.aspect.LoggerAspect - Method arguments:[Ljava.lang.Object;@ce2e1b9
2022-10-15 12:31:16 [http-nio-8081-exec-7] INFO  com.capstone.aspect.LoggerAspect - *************************************
2022-10-15 12:31:16 [http-nio-8081-exec-7] INFO  com.capstone.aspect.LoggerAspect - During: class com.capstone.service.EmiServiceImp.getEmiData() with arguments=emi [s_no=10, loanaccno=202211051, loan_status=active, emi_amount=11973.122, upcomming_payment_date=2022-11-07, remaining_amount=479828.4]
2022-10-15 12:31:16 [http-nio-8081-exec-7] INFO  com.capstone.aspect.LoggerAspect - *************************************
2022-10-15 12:31:16 [http-nio-8081-exec-7] INFO  com.capstone.aspect.LoggerAspect - Method name: com.capstone.service.EmiServiceImp
2022-10-15 12:31:16 [http-nio-8081-exec-7] INFO  com.capstone.aspect.LoggerAspect - Method arguments:[Ljava.lang.Object;@5249532f
2022-10-15 12:31:16 [http-nio-8081-exec-7] INFO  com.capstone.aspect.LoggerAspect - *************************************
2022-10-15 12:31:16 [http-nio-8081-exec-7] INFO  com.capstone.aspect.LoggerAspect - During: class com.capstone.service.EmiServiceImp.getEmiData() with arguments=emi [s_no=10, loanaccno=202211051, loan_status=active, emi_amount=11973.122, upcomming_payment_date=2022-11-07, remaining_amount=479828.4]
2022-10-15 12:31:16 [http-nio-8081-exec-7] INFO  com.capstone.aspect.LoggerAspect - *************************************
2022-10-15 12:31:16 [http-nio-8081-exec-7] INFO  com.capstone.aspect.LoggerAspect - During: class com.capstone.controller.EmiController.getemiofAccount() with arguments=<200 OK OK,emi [s_no=10, loanaccno=202211051, loan_status=active, emi_amount=11973.122, upcomming_payment_date=2022-11-07, remaining_amount=479828.4],[]>
2022-10-15 12:31:16 [http-nio-8081-exec-7] INFO  com.capstone.aspect.LoggerAspect - *************************************
2022-10-15 12:31:28 [http-nio-8081-exec-8] INFO  com.capstone.aspect.LoggerAspect - Method name: com.capstone.controller.EmiController
2022-10-15 12:31:28 [http-nio-8081-exec-8] INFO  com.capstone.aspect.LoggerAspect - Method arguments:[Ljava.lang.Object;@56b9ad5c
2022-10-15 12:31:28 [http-nio-8081-exec-8] INFO  com.capstone.aspect.LoggerAspect - *************************************
2022-10-15 12:31:28 [http-nio-8081-exec-8] INFO  com.capstone.aspect.LoggerAspect - Method name: com.capstone.service.EmiServiceImp
2022-10-15 12:31:28 [http-nio-8081-exec-8] INFO  com.capstone.aspect.LoggerAspect - Method arguments:[Ljava.lang.Object;@143003dd
2022-10-15 12:31:28 [http-nio-8081-exec-8] INFO  com.capstone.aspect.LoggerAspect - *************************************
2022-10-15 12:31:28 [http-nio-8081-exec-8] INFO  com.capstone.aspect.LoggerAspect - During: class com.capstone.service.EmiServiceImp.getEmiData() with arguments=emi [s_no=10, loanaccno=202211051, loan_status=active, emi_amount=11973.122, upcomming_payment_date=2022-11-07, remaining_amount=479828.4]
2022-10-15 12:31:28 [http-nio-8081-exec-8] INFO  com.capstone.aspect.LoggerAspect - *************************************
2022-10-15 12:31:28 [http-nio-8081-exec-8] INFO  com.capstone.aspect.LoggerAspect - Method name: com.capstone.service.EmiServiceImp
2022-10-15 12:31:28 [http-nio-8081-exec-8] INFO  com.capstone.aspect.LoggerAspect - Method arguments:[Ljava.lang.Object;@42a56c5f
2022-10-15 12:31:28 [http-nio-8081-exec-8] INFO  com.capstone.aspect.LoggerAspect - *************************************
2022-10-15 12:31:28 [http-nio-8081-exec-8] INFO  com.capstone.aspect.LoggerAspect - During: class com.capstone.service.EmiServiceImp.getEmiData() with arguments=emi [s_no=10, loanaccno=202211051, loan_status=active, emi_amount=11973.122, upcomming_payment_date=2022-11-07, remaining_amount=479828.4]
2022-10-15 12:31:28 [http-nio-8081-exec-8] INFO  com.capstone.aspect.LoggerAspect - *************************************
2022-10-15 12:31:28 [http-nio-8081-exec-8] INFO  com.capstone.aspect.LoggerAspect - During: class com.capstone.controller.EmiController.getemiofAccount() with arguments=<200 OK OK,emi [s_no=10, loanaccno=202211051, loan_status=active, emi_amount=11973.122, upcomming_payment_date=2022-11-07, remaining_amount=479828.4],[]>
2022-10-15 12:31:28 [http-nio-8081-exec-8] INFO  com.capstone.aspect.LoggerAspect - *************************************
2022-10-15 12:31:40 [http-nio-8081-exec-9] INFO  com.capstone.aspect.LoggerAspect - Method name: com.capstone.controller.EmiController
2022-10-15 12:31:40 [http-nio-8081-exec-9] INFO  com.capstone.aspect.LoggerAspect - Method arguments:[Ljava.lang.Object;@51c639f8
2022-10-15 12:31:40 [http-nio-8081-exec-9] INFO  com.capstone.aspect.LoggerAspect - *************************************
2022-10-15 12:31:40 [http-nio-8081-exec-9] INFO  com.capstone.aspect.LoggerAspect - Method name: com.capstone.service.EmiServiceImp
2022-10-15 12:31:40 [http-nio-8081-exec-9] INFO  com.capstone.aspect.LoggerAspect - Method arguments:[Ljava.lang.Object;@5f01ddb0
2022-10-15 12:31:40 [http-nio-8081-exec-9] INFO  com.capstone.aspect.LoggerAspect - *************************************
2022-10-15 12:31:40 [http-nio-8081-exec-9] INFO  com.capstone.aspect.LoggerAspect - During: class com.capstone.service.EmiServiceImp.getEmiData() with arguments=emi [s_no=10, loanaccno=202211051, loan_status=active, emi_amount=11973.122, upcomming_payment_date=2022-11-07, remaining_amount=479828.4]
2022-10-15 12:31:40 [http-nio-8081-exec-9] INFO  com.capstone.aspect.LoggerAspect - *************************************
2022-10-15 12:31:40 [http-nio-8081-exec-9] INFO  com.capstone.aspect.LoggerAspect - Method name: com.capstone.service.EmiServiceImp
2022-10-15 12:31:40 [http-nio-8081-exec-9] INFO  com.capstone.aspect.LoggerAspect - Method arguments:[Ljava.lang.Object;@4263f811
2022-10-15 12:31:40 [http-nio-8081-exec-9] INFO  com.capstone.aspect.LoggerAspect - *************************************
2022-10-15 12:31:40 [http-nio-8081-exec-9] INFO  com.capstone.aspect.LoggerAspect - During: class com.capstone.service.EmiServiceImp.getEmiData() with arguments=emi [s_no=10, loanaccno=202211051, loan_status=active, emi_amount=11973.122, upcomming_payment_date=2022-11-07, remaining_amount=479828.4]
2022-10-15 12:31:40 [http-nio-8081-exec-9] INFO  com.capstone.aspect.LoggerAspect - *************************************
2022-10-15 12:31:40 [http-nio-8081-exec-9] INFO  com.capstone.aspect.LoggerAspect - During: class com.capstone.controller.EmiController.getemiofAccount() with arguments=<200 OK OK,emi [s_no=10, loanaccno=202211051, loan_status=active, emi_amount=11973.122, upcomming_payment_date=2022-11-07, remaining_amount=479828.4],[]>
2022-10-15 12:31:40 [http-nio-8081-exec-9] INFO  com.capstone.aspect.LoggerAspect - *************************************
2022-10-15 12:32:58 [http-nio-8081-exec-1] INFO  com.capstone.aspect.LoggerAspect - Method name: com.capstone.controller.EmiController
2022-10-15 12:32:58 [http-nio-8081-exec-1] INFO  com.capstone.aspect.LoggerAspect - Method arguments:[Ljava.lang.Object;@11d6cffa
2022-10-15 12:32:58 [http-nio-8081-exec-1] INFO  com.capstone.aspect.LoggerAspect - *************************************
2022-10-15 12:32:58 [http-nio-8081-exec-1] INFO  com.capstone.aspect.LoggerAspect - Method name: com.capstone.service.EmiServiceImp
2022-10-15 12:32:58 [http-nio-8081-exec-1] INFO  com.capstone.aspect.LoggerAspect - Method arguments:[Ljava.lang.Object;@5e8203a9
2022-10-15 12:32:58 [http-nio-8081-exec-1] INFO  com.capstone.aspect.LoggerAspect - *************************************
2022-10-15 12:32:58 [http-nio-8081-exec-1] INFO  com.capstone.aspect.LoggerAspect - During: class com.capstone.service.EmiServiceImp.getEmiData() with arguments=emi [s_no=10, loanaccno=202211051, loan_status=active, emi_amount=11973.122, upcomming_payment_date=2022-11-07, remaining_amount=479828.4]
2022-10-15 12:32:58 [http-nio-8081-exec-1] INFO  com.capstone.aspect.LoggerAspect - *************************************
2022-10-15 12:32:58 [http-nio-8081-exec-1] INFO  com.capstone.aspect.LoggerAspect - Method name: com.capstone.service.EmiServiceImp
2022-10-15 12:32:58 [http-nio-8081-exec-1] INFO  com.capstone.aspect.LoggerAspect - Method arguments:[Ljava.lang.Object;@3bc67f2f
2022-10-15 12:32:58 [http-nio-8081-exec-1] INFO  com.capstone.aspect.LoggerAspect - *************************************
2022-10-15 12:32:58 [http-nio-8081-exec-1] INFO  com.capstone.aspect.LoggerAspect - During: class com.capstone.service.EmiServiceImp.getEmiData() with arguments=emi [s_no=10, loanaccno=202211051, loan_status=active, emi_amount=11973.122, upcomming_payment_date=2022-11-07, remaining_amount=479828.4]
2022-10-15 12:32:58 [http-nio-8081-exec-1] INFO  com.capstone.aspect.LoggerAspect - *************************************
2022-10-15 12:32:58 [http-nio-8081-exec-1] INFO  com.capstone.aspect.LoggerAspect - During: class com.capstone.controller.EmiController.getemiofAccount() with arguments=<200 OK OK,emi [s_no=10, loanaccno=202211051, loan_status=active, emi_amount=11973.122, upcomming_payment_date=2022-11-07, remaining_amount=479828.4],[]>
2022-10-15 12:32:58 [http-nio-8081-exec-1] INFO  com.capstone.aspect.LoggerAspect - *************************************
2022-10-15 12:33:22 [http-nio-8081-exec-2] INFO  com.capstone.aspect.LoggerAspect - Method name: com.capstone.controller.EmiController
2022-10-15 12:33:22 [http-nio-8081-exec-2] INFO  com.capstone.aspect.LoggerAspect - Method arguments:[Ljava.lang.Object;@1121f902
2022-10-15 12:33:22 [http-nio-8081-exec-2] INFO  com.capstone.aspect.LoggerAspect - *************************************
2022-10-15 12:33:22 [http-nio-8081-exec-2] INFO  com.capstone.aspect.LoggerAspect - Method name: com.capstone.service.EmiServiceImp
2022-10-15 12:33:22 [http-nio-8081-exec-2] INFO  com.capstone.aspect.LoggerAspect - Method arguments:[Ljava.lang.Object;@611a8904
2022-10-15 12:33:22 [http-nio-8081-exec-2] INFO  com.capstone.aspect.LoggerAspect - *************************************
2022-10-15 12:33:22 [http-nio-8081-exec-2] INFO  com.capstone.aspect.LoggerAspect - During: class com.capstone.service.EmiServiceImp.getEmiData() with arguments=emi [s_no=10, loanaccno=202211051, loan_status=active, emi_amount=11973.122, upcomming_payment_date=2022-11-07, remaining_amount=479828.4]
2022-10-15 12:33:22 [http-nio-8081-exec-2] INFO  com.capstone.aspect.LoggerAspect - *************************************
2022-10-15 12:33:22 [http-nio-8081-exec-2] INFO  com.capstone.aspect.LoggerAspect - Method name: com.capstone.service.EmiServiceImp
2022-10-15 12:33:22 [http-nio-8081-exec-2] INFO  com.capstone.aspect.LoggerAspect - Method arguments:[Ljava.lang.Object;@1b7f9eca
2022-10-15 12:33:22 [http-nio-8081-exec-2] INFO  com.capstone.aspect.LoggerAspect - *************************************
2022-10-15 12:33:22 [http-nio-8081-exec-2] INFO  com.capstone.aspect.LoggerAspect - During: class com.capstone.service.EmiServiceImp.getEmiData() with arguments=emi [s_no=10, loanaccno=202211051, loan_status=active, emi_amount=11973.122, upcomming_payment_date=2022-11-07, remaining_amount=479828.4]
2022-10-15 12:33:22 [http-nio-8081-exec-2] INFO  com.capstone.aspect.LoggerAspect - *************************************
2022-10-15 12:33:22 [http-nio-8081-exec-2] INFO  com.capstone.aspect.LoggerAspect - During: class com.capstone.controller.EmiController.getemiofAccount() with arguments=<200 OK OK,emi [s_no=10, loanaccno=202211051, loan_status=active, emi_amount=11973.122, upcomming_payment_date=2022-11-07, remaining_amount=479828.4],[]>
2022-10-15 12:33:22 [http-nio-8081-exec-2] INFO  com.capstone.aspect.LoggerAspect - *************************************
2022-10-15 12:33:27 [http-nio-8081-exec-3] INFO  com.capstone.aspect.LoggerAspect - Method name: com.capstone.controller.EmiController
2022-10-15 12:33:27 [http-nio-8081-exec-3] INFO  com.capstone.aspect.LoggerAspect - Method arguments:[Ljava.lang.Object;@25a20c9a
2022-10-15 12:33:27 [http-nio-8081-exec-3] INFO  com.capstone.aspect.LoggerAspect - *************************************
2022-10-15 12:33:27 [http-nio-8081-exec-3] INFO  com.capstone.aspect.LoggerAspect - Method name: com.capstone.service.EmiServiceImp
2022-10-15 12:33:27 [http-nio-8081-exec-3] INFO  com.capstone.aspect.LoggerAspect - Method arguments:[Ljava.lang.Object;@60a67926
2022-10-15 12:33:27 [http-nio-8081-exec-3] INFO  com.capstone.aspect.LoggerAspect - *************************************
2022-10-15 12:33:27 [http-nio-8081-exec-3] INFO  com.capstone.aspect.LoggerAspect - During: class com.capstone.service.EmiServiceImp.getEmiData() with arguments=emi [s_no=10, loanaccno=202211051, loan_status=active, emi_amount=11973.122, upcomming_payment_date=2022-11-07, remaining_amount=479828.4]
2022-10-15 12:33:27 [http-nio-8081-exec-3] INFO  com.capstone.aspect.LoggerAspect - *************************************
2022-10-15 12:33:27 [http-nio-8081-exec-3] INFO  com.capstone.aspect.LoggerAspect - Method name: com.capstone.service.EmiServiceImp
2022-10-15 12:33:27 [http-nio-8081-exec-3] INFO  com.capstone.aspect.LoggerAspect - Method arguments:[Ljava.lang.Object;@4e3fd875
2022-10-15 12:33:27 [http-nio-8081-exec-3] INFO  com.capstone.aspect.LoggerAspect - *************************************
2022-10-15 12:33:27 [http-nio-8081-exec-3] INFO  com.capstone.aspect.LoggerAspect - During: class com.capstone.service.EmiServiceImp.getEmiData() with arguments=emi [s_no=10, loanaccno=202211051, loan_status=active, emi_amount=11973.122, upcomming_payment_date=2022-11-07, remaining_amount=479828.4]
2022-10-15 12:33:27 [http-nio-8081-exec-3] INFO  com.capstone.aspect.LoggerAspect - *************************************
2022-10-15 12:33:27 [http-nio-8081-exec-3] INFO  com.capstone.aspect.LoggerAspect - During: class com.capstone.controller.EmiController.getemiofAccount() with arguments=<200 OK OK,emi [s_no=10, loanaccno=202211051, loan_status=active, emi_amount=11973.122, upcomming_payment_date=2022-11-07, remaining_amount=479828.4],[]>
2022-10-15 12:33:27 [http-nio-8081-exec-3] INFO  com.capstone.aspect.LoggerAspect - *************************************
2022-10-15 12:34:02 [http-nio-8081-exec-4] INFO  com.capstone.aspect.LoggerAspect - Method name: com.capstone.controller.EmiController
2022-10-15 12:34:02 [http-nio-8081-exec-4] INFO  com.capstone.aspect.LoggerAspect - Method arguments:[Ljava.lang.Object;@773e43d4
2022-10-15 12:34:02 [http-nio-8081-exec-4] INFO  com.capstone.aspect.LoggerAspect - *************************************
2022-10-15 12:34:02 [http-nio-8081-exec-4] INFO  com.capstone.aspect.LoggerAspect - Method name: com.capstone.service.EmiServiceImp
2022-10-15 12:34:02 [http-nio-8081-exec-4] INFO  com.capstone.aspect.LoggerAspect - Method arguments:[Ljava.lang.Object;@268e96ac
2022-10-15 12:34:02 [http-nio-8081-exec-4] INFO  com.capstone.aspect.LoggerAspect - *************************************
2022-10-15 12:34:02 [http-nio-8081-exec-4] INFO  com.capstone.aspect.LoggerAspect - During: class com.capstone.service.EmiServiceImp.getEmiData() with arguments=emi [s_no=10, loanaccno=202211051, loan_status=active, emi_amount=11973.122, upcomming_payment_date=2022-11-07, remaining_amount=479828.4]
2022-10-15 12:34:02 [http-nio-8081-exec-4] INFO  com.capstone.aspect.LoggerAspect - *************************************
2022-10-15 12:34:02 [http-nio-8081-exec-4] INFO  com.capstone.aspect.LoggerAspect - Method name: com.capstone.service.EmiServiceImp
2022-10-15 12:34:02 [http-nio-8081-exec-4] INFO  com.capstone.aspect.LoggerAspect - Method arguments:[Ljava.lang.Object;@70f58f9d
2022-10-15 12:34:02 [http-nio-8081-exec-4] INFO  com.capstone.aspect.LoggerAspect - *************************************
2022-10-15 12:34:02 [http-nio-8081-exec-4] INFO  com.capstone.aspect.LoggerAspect - During: class com.capstone.service.EmiServiceImp.getEmiData() with arguments=emi [s_no=10, loanaccno=202211051, loan_status=active, emi_amount=11973.122, upcomming_payment_date=2022-11-07, remaining_amount=479828.4]
2022-10-15 12:34:02 [http-nio-8081-exec-4] INFO  com.capstone.aspect.LoggerAspect - *************************************
2022-10-15 12:34:02 [http-nio-8081-exec-4] INFO  com.capstone.aspect.LoggerAspect - During: class com.capstone.controller.EmiController.getemiofAccount() with arguments=<200 OK OK,emi [s_no=10, loanaccno=202211051, loan_status=active, emi_amount=11973.122, upcomming_payment_date=2022-11-07, remaining_amount=479828.4],[]>
2022-10-15 12:34:02 [http-nio-8081-exec-4] INFO  com.capstone.aspect.LoggerAspect - *************************************
2022-10-15 12:34:55 [http-nio-8081-exec-5] INFO  com.capstone.aspect.LoggerAspect - Method name: com.capstone.controller.EmiController
2022-10-15 12:34:55 [http-nio-8081-exec-5] INFO  com.capstone.aspect.LoggerAspect - Method arguments:[Ljava.lang.Object;@961fe85
2022-10-15 12:34:55 [http-nio-8081-exec-5] INFO  com.capstone.aspect.LoggerAspect - *************************************
2022-10-15 12:34:55 [http-nio-8081-exec-5] INFO  com.capstone.aspect.LoggerAspect - Method name: com.capstone.service.EmiServiceImp
2022-10-15 12:34:55 [http-nio-8081-exec-5] INFO  com.capstone.aspect.LoggerAspect - Method arguments:[Ljava.lang.Object;@38fd17ce
2022-10-15 12:34:55 [http-nio-8081-exec-5] INFO  com.capstone.aspect.LoggerAspect - *************************************
2022-10-15 12:34:55 [http-nio-8081-exec-5] INFO  com.capstone.aspect.LoggerAspect - During: class com.capstone.service.EmiServiceImp.getEmiData() with arguments=emi [s_no=10, loanaccno=202211051, loan_status=active, emi_amount=11973.122, upcomming_payment_date=2022-11-07, remaining_amount=479828.4]
2022-10-15 12:34:55 [http-nio-8081-exec-5] INFO  com.capstone.aspect.LoggerAspect - *************************************
2022-10-15 12:34:55 [http-nio-8081-exec-5] INFO  com.capstone.aspect.LoggerAspect - Method name: com.capstone.service.EmiServiceImp
2022-10-15 12:34:55 [http-nio-8081-exec-5] INFO  com.capstone.aspect.LoggerAspect - Method arguments:[Ljava.lang.Object;@261d667d
2022-10-15 12:34:55 [http-nio-8081-exec-5] INFO  com.capstone.aspect.LoggerAspect - *************************************
2022-10-15 12:34:55 [http-nio-8081-exec-5] INFO  com.capstone.aspect.LoggerAspect - During: class com.capstone.service.EmiServiceImp.getEmiData() with arguments=emi [s_no=10, loanaccno=202211051, loan_status=active, emi_amount=11973.122, upcomming_payment_date=2022-11-07, remaining_amount=479828.4]
2022-10-15 12:34:55 [http-nio-8081-exec-5] INFO  com.capstone.aspect.LoggerAspect - *************************************
2022-10-15 12:34:55 [http-nio-8081-exec-5] INFO  com.capstone.aspect.LoggerAspect - During: class com.capstone.controller.EmiController.getemiofAccount() with arguments=<200 OK OK,emi [s_no=10, loanaccno=202211051, loan_status=active, emi_amount=11973.122, upcomming_payment_date=2022-11-07, remaining_amount=479828.4],[]>
2022-10-15 12:34:55 [http-nio-8081-exec-5] INFO  com.capstone.aspect.LoggerAspect - *************************************
2022-10-15 12:35:02 [http-nio-8081-exec-6] INFO  com.capstone.aspect.LoggerAspect - Method name: com.capstone.controller.EmiController
2022-10-15 12:35:02 [http-nio-8081-exec-6] INFO  com.capstone.aspect.LoggerAspect - Method arguments:[Ljava.lang.Object;@76a39e88
2022-10-15 12:35:02 [http-nio-8081-exec-6] INFO  com.capstone.aspect.LoggerAspect - *************************************
2022-10-15 12:35:02 [http-nio-8081-exec-6] INFO  com.capstone.aspect.LoggerAspect - Method name: com.capstone.service.EmiServiceImp
2022-10-15 12:35:02 [http-nio-8081-exec-6] INFO  com.capstone.aspect.LoggerAspect - Method arguments:[Ljava.lang.Object;@c7fdad1
2022-10-15 12:35:02 [http-nio-8081-exec-6] INFO  com.capstone.aspect.LoggerAspect - *************************************
2022-10-15 12:35:02 [http-nio-8081-exec-6] INFO  com.capstone.aspect.LoggerAspect - During: class com.capstone.service.EmiServiceImp.getEmiData() with arguments=emi [s_no=10, loanaccno=202211051, loan_status=active, emi_amount=11973.122, upcomming_payment_date=2022-11-07, remaining_amount=479828.4]
2022-10-15 12:35:02 [http-nio-8081-exec-6] INFO  com.capstone.aspect.LoggerAspect - *************************************
2022-10-15 12:35:02 [http-nio-8081-exec-6] INFO  com.capstone.aspect.LoggerAspect - Method name: com.capstone.service.EmiServiceImp
2022-10-15 12:35:02 [http-nio-8081-exec-6] INFO  com.capstone.aspect.LoggerAspect - Method arguments:[Ljava.lang.Object;@40a017ef
2022-10-15 12:35:02 [http-nio-8081-exec-6] INFO  com.capstone.aspect.LoggerAspect - *************************************
2022-10-15 12:35:02 [http-nio-8081-exec-6] INFO  com.capstone.aspect.LoggerAspect - During: class com.capstone.service.EmiServiceImp.getEmiData() with arguments=emi [s_no=10, loanaccno=202211051, loan_status=active, emi_amount=11973.122, upcomming_payment_date=2022-11-07, remaining_amount=479828.4]
2022-10-15 12:35:02 [http-nio-8081-exec-6] INFO  com.capstone.aspect.LoggerAspect - *************************************
2022-10-15 12:35:02 [http-nio-8081-exec-6] INFO  com.capstone.aspect.LoggerAspect - During: class com.capstone.controller.EmiController.getemiofAccount() with arguments=<200 OK OK,emi [s_no=10, loanaccno=202211051, loan_status=active, emi_amount=11973.122, upcomming_payment_date=2022-11-07, remaining_amount=479828.4],[]>
2022-10-15 12:35:02 [http-nio-8081-exec-6] INFO  com.capstone.aspect.LoggerAspect - *************************************
2022-10-15 12:35:24 [AsyncResolver-bootstrap-executor-0] INFO  c.n.d.s.r.aws.ConfigClusterResolver - Resolving eureka endpoints via configuration
2022-10-15 12:35:24 [http-nio-8081-exec-7] INFO  com.capstone.aspect.LoggerAspect - Method name: com.capstone.controller.EmiController
2022-10-15 12:35:24 [http-nio-8081-exec-7] INFO  com.capstone.aspect.LoggerAspect - Method arguments:[Ljava.lang.Object;@5b870ea3
2022-10-15 12:35:24 [http-nio-8081-exec-7] INFO  com.capstone.aspect.LoggerAspect - *************************************
2022-10-15 12:35:24 [http-nio-8081-exec-7] INFO  com.capstone.aspect.LoggerAspect - Method name: com.capstone.service.EmiServiceImp
2022-10-15 12:35:24 [http-nio-8081-exec-7] INFO  com.capstone.aspect.LoggerAspect - Method arguments:[Ljava.lang.Object;@2d2f0ace
2022-10-15 12:35:24 [http-nio-8081-exec-7] INFO  com.capstone.aspect.LoggerAspect - *************************************
2022-10-15 12:35:24 [http-nio-8081-exec-7] INFO  com.capstone.aspect.LoggerAspect - During: class com.capstone.service.EmiServiceImp.getEmiData() with arguments=emi [s_no=10, loanaccno=202211051, loan_status=active, emi_amount=11973.122, upcomming_payment_date=2022-11-07, remaining_amount=479828.4]
2022-10-15 12:35:24 [http-nio-8081-exec-7] INFO  com.capstone.aspect.LoggerAspect - *************************************
2022-10-15 12:35:24 [http-nio-8081-exec-7] INFO  com.capstone.aspect.LoggerAspect - Method name: com.capstone.service.EmiServiceImp
2022-10-15 12:35:24 [http-nio-8081-exec-7] INFO  com.capstone.aspect.LoggerAspect - Method arguments:[Ljava.lang.Object;@51c800fe
2022-10-15 12:35:24 [http-nio-8081-exec-7] INFO  com.capstone.aspect.LoggerAspect - *************************************
2022-10-15 12:35:24 [http-nio-8081-exec-7] INFO  com.capstone.aspect.LoggerAspect - During: class com.capstone.service.EmiServiceImp.getEmiData() with arguments=emi [s_no=10, loanaccno=202211051, loan_status=active, emi_amount=11973.122, upcomming_payment_date=2022-11-07, remaining_amount=479828.4]
2022-10-15 12:35:24 [http-nio-8081-exec-7] INFO  com.capstone.aspect.LoggerAspect - *************************************
2022-10-15 12:35:24 [http-nio-8081-exec-7] INFO  com.capstone.aspect.LoggerAspect - During: class com.capstone.controller.EmiController.getemiofAccount() with arguments=<200 OK OK,emi [s_no=10, loanaccno=202211051, loan_status=active, emi_amount=11973.122, upcomming_payment_date=2022-11-07, remaining_amount=479828.4],[]>
2022-10-15 12:35:24 [http-nio-8081-exec-7] INFO  com.capstone.aspect.LoggerAspect - *************************************
2022-10-15 12:37:03 [http-nio-8081-exec-9] INFO  com.capstone.aspect.LoggerAspect - Method name: com.capstone.controller.EmiController
2022-10-15 12:37:03 [http-nio-8081-exec-9] INFO  com.capstone.aspect.LoggerAspect - Method arguments:[Ljava.lang.Object;@768f02e8
2022-10-15 12:37:03 [http-nio-8081-exec-9] INFO  com.capstone.aspect.LoggerAspect - *************************************
2022-10-15 12:37:03 [http-nio-8081-exec-9] INFO  com.capstone.aspect.LoggerAspect - Method name: com.capstone.service.EmiServiceImp
2022-10-15 12:37:03 [http-nio-8081-exec-9] INFO  com.capstone.aspect.LoggerAspect - Method arguments:[Ljava.lang.Object;@4cf0c9a9
2022-10-15 12:37:03 [http-nio-8081-exec-9] INFO  com.capstone.aspect.LoggerAspect - *************************************
2022-10-15 12:37:03 [http-nio-8081-exec-9] INFO  com.capstone.aspect.LoggerAspect - During: class com.capstone.service.EmiServiceImp.getEmiData() with arguments=emi [s_no=10, loanaccno=202211051, loan_status=active, emi_amount=11973.122, upcomming_payment_date=2022-11-07, remaining_amount=479828.4]
2022-10-15 12:37:03 [http-nio-8081-exec-9] INFO  com.capstone.aspect.LoggerAspect - *************************************
2022-10-15 12:37:03 [http-nio-8081-exec-9] INFO  com.capstone.aspect.LoggerAspect - Method name: com.capstone.service.EmiServiceImp
2022-10-15 12:37:03 [http-nio-8081-exec-9] INFO  com.capstone.aspect.LoggerAspect - Method arguments:[Ljava.lang.Object;@402e47fd
2022-10-15 12:37:03 [http-nio-8081-exec-9] INFO  com.capstone.aspect.LoggerAspect - *************************************
2022-10-15 12:37:03 [http-nio-8081-exec-9] INFO  com.capstone.aspect.LoggerAspect - During: class com.capstone.service.EmiServiceImp.getEmiData() with arguments=emi [s_no=10, loanaccno=202211051, loan_status=active, emi_amount=11973.122, upcomming_payment_date=2022-11-07, remaining_amount=479828.4]
2022-10-15 12:37:03 [http-nio-8081-exec-9] INFO  com.capstone.aspect.LoggerAspect - *************************************
2022-10-15 12:37:03 [http-nio-8081-exec-9] INFO  com.capstone.aspect.LoggerAspect - During: class com.capstone.controller.EmiController.getemiofAccount() with arguments=<200 OK OK,emi [s_no=10, loanaccno=202211051, loan_status=active, emi_amount=11973.122, upcomming_payment_date=2022-11-07, remaining_amount=479828.4],[]>
2022-10-15 12:37:03 [http-nio-8081-exec-9] INFO  com.capstone.aspect.LoggerAspect - *************************************
2022-10-15 12:37:43 [http-nio-8081-exec-10] INFO  com.capstone.aspect.LoggerAspect - Method name: com.capstone.controller.EmiController
2022-10-15 12:37:43 [http-nio-8081-exec-10] INFO  com.capstone.aspect.LoggerAspect - Method arguments:[Ljava.lang.Object;@347d3ab5
2022-10-15 12:37:43 [http-nio-8081-exec-10] INFO  com.capstone.aspect.LoggerAspect - *************************************
2022-10-15 12:37:43 [http-nio-8081-exec-10] INFO  com.capstone.aspect.LoggerAspect - Method name: com.capstone.service.EmiServiceImp
2022-10-15 12:37:43 [http-nio-8081-exec-10] INFO  com.capstone.aspect.LoggerAspect - Method arguments:[Ljava.lang.Object;@9797c51
2022-10-15 12:37:43 [http-nio-8081-exec-10] INFO  com.capstone.aspect.LoggerAspect - *************************************
2022-10-15 12:37:43 [http-nio-8081-exec-10] INFO  com.capstone.aspect.LoggerAspect - During: class com.capstone.service.EmiServiceImp.getEmiData() with arguments=emi [s_no=10, loanaccno=202211051, loan_status=active, emi_amount=11973.122, upcomming_payment_date=2022-11-07, remaining_amount=479828.4]
2022-10-15 12:37:43 [http-nio-8081-exec-10] INFO  com.capstone.aspect.LoggerAspect - *************************************
2022-10-15 12:37:43 [http-nio-8081-exec-10] INFO  com.capstone.aspect.LoggerAspect - Method name: com.capstone.service.EmiServiceImp
2022-10-15 12:37:43 [http-nio-8081-exec-10] INFO  com.capstone.aspect.LoggerAspect - Method arguments:[Ljava.lang.Object;@14614b30
2022-10-15 12:37:43 [http-nio-8081-exec-10] INFO  com.capstone.aspect.LoggerAspect - *************************************
2022-10-15 12:37:43 [http-nio-8081-exec-10] INFO  com.capstone.aspect.LoggerAspect - During: class com.capstone.service.EmiServiceImp.getEmiData() with arguments=emi [s_no=10, loanaccno=202211051, loan_status=active, emi_amount=11973.122, upcomming_payment_date=2022-11-07, remaining_amount=479828.4]
2022-10-15 12:37:43 [http-nio-8081-exec-10] INFO  com.capstone.aspect.LoggerAspect - *************************************
2022-10-15 12:37:43 [http-nio-8081-exec-10] INFO  com.capstone.aspect.LoggerAspect - During: class com.capstone.controller.EmiController.getemiofAccount() with arguments=<200 OK OK,emi [s_no=10, loanaccno=202211051, loan_status=active, emi_amount=11973.122, upcomming_payment_date=2022-11-07, remaining_amount=479828.4],[]>
2022-10-15 12:37:43 [http-nio-8081-exec-10] INFO  com.capstone.aspect.LoggerAspect - *************************************
2022-10-15 12:37:48 [http-nio-8081-exec-1] INFO  com.capstone.aspect.LoggerAspect - Method name: com.capstone.controller.EmiController
2022-10-15 12:37:48 [http-nio-8081-exec-1] INFO  com.capstone.aspect.LoggerAspect - Method arguments:[Ljava.lang.Object;@1fcf5ede
2022-10-15 12:37:48 [http-nio-8081-exec-1] INFO  com.capstone.aspect.LoggerAspect - *************************************
2022-10-15 12:37:48 [http-nio-8081-exec-1] INFO  com.capstone.aspect.LoggerAspect - Method name: com.capstone.service.EmiServiceImp
2022-10-15 12:37:48 [http-nio-8081-exec-1] INFO  com.capstone.aspect.LoggerAspect - Method arguments:[Ljava.lang.Object;@2728ac9
2022-10-15 12:37:48 [http-nio-8081-exec-1] INFO  com.capstone.aspect.LoggerAspect - *************************************
2022-10-15 12:37:48 [http-nio-8081-exec-1] INFO  com.capstone.aspect.LoggerAspect - During: class com.capstone.service.EmiServiceImp.getEmiData() with arguments=emi [s_no=10, loanaccno=202211051, loan_status=active, emi_amount=11973.122, upcomming_payment_date=2022-11-07, remaining_amount=479828.4]
2022-10-15 12:37:48 [http-nio-8081-exec-1] INFO  com.capstone.aspect.LoggerAspect - *************************************
2022-10-15 12:37:48 [http-nio-8081-exec-1] INFO  com.capstone.aspect.LoggerAspect - Method name: com.capstone.service.EmiServiceImp
2022-10-15 12:37:48 [http-nio-8081-exec-1] INFO  com.capstone.aspect.LoggerAspect - Method arguments:[Ljava.lang.Object;@868e1fd
2022-10-15 12:37:48 [http-nio-8081-exec-1] INFO  com.capstone.aspect.LoggerAspect - *************************************
2022-10-15 12:37:48 [http-nio-8081-exec-1] INFO  com.capstone.aspect.LoggerAspect - During: class com.capstone.service.EmiServiceImp.getEmiData() with arguments=emi [s_no=10, loanaccno=202211051, loan_status=active, emi_amount=11973.122, upcomming_payment_date=2022-11-07, remaining_amount=479828.4]
2022-10-15 12:37:48 [http-nio-8081-exec-1] INFO  com.capstone.aspect.LoggerAspect - *************************************
2022-10-15 12:37:48 [http-nio-8081-exec-1] INFO  com.capstone.aspect.LoggerAspect - During: class com.capstone.controller.EmiController.getemiofAccount() with arguments=<200 OK OK,emi [s_no=10, loanaccno=202211051, loan_status=active, emi_amount=11973.122, upcomming_payment_date=2022-11-07, remaining_amount=479828.4],[]>
2022-10-15 12:37:48 [http-nio-8081-exec-1] INFO  com.capstone.aspect.LoggerAspect - *************************************
2022-10-15 12:38:35 [http-nio-8081-exec-2] INFO  com.capstone.aspect.LoggerAspect - Method name: com.capstone.controller.EmiController
2022-10-15 12:38:35 [http-nio-8081-exec-2] INFO  com.capstone.aspect.LoggerAspect - Method arguments:[Ljava.lang.Object;@259c3ed2
2022-10-15 12:38:35 [http-nio-8081-exec-2] INFO  com.capstone.aspect.LoggerAspect - *************************************
2022-10-15 12:38:35 [http-nio-8081-exec-2] INFO  com.capstone.aspect.LoggerAspect - Method name: com.capstone.service.EmiServiceImp
2022-10-15 12:38:35 [http-nio-8081-exec-2] INFO  com.capstone.aspect.LoggerAspect - Method arguments:[Ljava.lang.Object;@2d7cbae5
2022-10-15 12:38:35 [http-nio-8081-exec-2] INFO  com.capstone.aspect.LoggerAspect - *************************************
2022-10-15 12:38:35 [http-nio-8081-exec-2] INFO  com.capstone.aspect.LoggerAspect - During: class com.capstone.service.EmiServiceImp.getEmiData() with arguments=emi [s_no=10, loanaccno=202211051, loan_status=active, emi_amount=11973.122, upcomming_payment_date=2022-11-07, remaining_amount=479828.4]
2022-10-15 12:38:35 [http-nio-8081-exec-2] INFO  com.capstone.aspect.LoggerAspect - *************************************
2022-10-15 12:38:35 [http-nio-8081-exec-2] INFO  com.capstone.aspect.LoggerAspect - Method name: com.capstone.service.EmiServiceImp
2022-10-15 12:38:35 [http-nio-8081-exec-2] INFO  com.capstone.aspect.LoggerAspect - Method arguments:[Ljava.lang.Object;@2f77440a
2022-10-15 12:38:35 [http-nio-8081-exec-2] INFO  com.capstone.aspect.LoggerAspect - *************************************
2022-10-15 12:38:35 [http-nio-8081-exec-2] INFO  com.capstone.aspect.LoggerAspect - During: class com.capstone.service.EmiServiceImp.getEmiData() with arguments=emi [s_no=10, loanaccno=202211051, loan_status=active, emi_amount=11973.122, upcomming_payment_date=2022-11-07, remaining_amount=479828.4]
2022-10-15 12:38:35 [http-nio-8081-exec-2] INFO  com.capstone.aspect.LoggerAspect - *************************************
2022-10-15 12:38:35 [http-nio-8081-exec-2] INFO  com.capstone.aspect.LoggerAspect - During: class com.capstone.controller.EmiController.getemiofAccount() with arguments=<200 OK OK,emi [s_no=10, loanaccno=202211051, loan_status=active, emi_amount=11973.122, upcomming_payment_date=2022-11-07, remaining_amount=479828.4],[]>
2022-10-15 12:38:35 [http-nio-8081-exec-2] INFO  com.capstone.aspect.LoggerAspect - *************************************
2022-10-15 12:38:38 [http-nio-8081-exec-3] INFO  com.capstone.aspect.LoggerAspect - Method name: com.capstone.controller.EmiController
2022-10-15 12:38:38 [http-nio-8081-exec-3] INFO  com.capstone.aspect.LoggerAspect - Method arguments:[Ljava.lang.Object;@94316b8
2022-10-15 12:38:38 [http-nio-8081-exec-3] INFO  com.capstone.aspect.LoggerAspect - *************************************
2022-10-15 12:38:38 [http-nio-8081-exec-3] INFO  com.capstone.aspect.LoggerAspect - Method name: com.capstone.service.EmiServiceImp
2022-10-15 12:38:38 [http-nio-8081-exec-3] INFO  com.capstone.aspect.LoggerAspect - Method arguments:[Ljava.lang.Object;@4d33c4f1
2022-10-15 12:38:38 [http-nio-8081-exec-3] INFO  com.capstone.aspect.LoggerAspect - *************************************
2022-10-15 12:38:38 [http-nio-8081-exec-3] INFO  com.capstone.aspect.LoggerAspect - During: class com.capstone.service.EmiServiceImp.getEmiData() with arguments=emi [s_no=10, loanaccno=202211051, loan_status=active, emi_amount=11973.122, upcomming_payment_date=2022-11-07, remaining_amount=479828.4]
2022-10-15 12:38:38 [http-nio-8081-exec-3] INFO  com.capstone.aspect.LoggerAspect - *************************************
2022-10-15 12:38:38 [http-nio-8081-exec-3] INFO  com.capstone.aspect.LoggerAspect - Method name: com.capstone.service.EmiServiceImp
2022-10-15 12:38:38 [http-nio-8081-exec-3] INFO  com.capstone.aspect.LoggerAspect - Method arguments:[Ljava.lang.Object;@235935e6
2022-10-15 12:38:38 [http-nio-8081-exec-3] INFO  com.capstone.aspect.LoggerAspect - *************************************
2022-10-15 12:38:38 [http-nio-8081-exec-3] INFO  com.capstone.aspect.LoggerAspect - During: class com.capstone.service.EmiServiceImp.getEmiData() with arguments=emi [s_no=10, loanaccno=202211051, loan_status=active, emi_amount=11973.122, upcomming_payment_date=2022-11-07, remaining_amount=479828.4]
2022-10-15 12:38:38 [http-nio-8081-exec-3] INFO  com.capstone.aspect.LoggerAspect - *************************************
2022-10-15 12:38:38 [http-nio-8081-exec-3] INFO  com.capstone.aspect.LoggerAspect - During: class com.capstone.controller.EmiController.getemiofAccount() with arguments=<200 OK OK,emi [s_no=10, loanaccno=202211051, loan_status=active, emi_amount=11973.122, upcomming_payment_date=2022-11-07, remaining_amount=479828.4],[]>
2022-10-15 12:38:38 [http-nio-8081-exec-3] INFO  com.capstone.aspect.LoggerAspect - *************************************
2022-10-15 12:38:42 [http-nio-8081-exec-4] INFO  com.capstone.aspect.LoggerAspect - Method name: com.capstone.controller.EmiController
2022-10-15 12:38:42 [http-nio-8081-exec-4] INFO  com.capstone.aspect.LoggerAspect - Method arguments:[Ljava.lang.Object;@731c1cac
2022-10-15 12:38:42 [http-nio-8081-exec-4] INFO  com.capstone.aspect.LoggerAspect - *************************************
2022-10-15 12:38:42 [http-nio-8081-exec-4] INFO  com.capstone.aspect.LoggerAspect - Method name: com.capstone.service.EmiServiceImp
2022-10-15 12:38:42 [http-nio-8081-exec-4] INFO  com.capstone.aspect.LoggerAspect - Method arguments:[Ljava.lang.Object;@23f79b68
2022-10-15 12:38:42 [http-nio-8081-exec-4] INFO  com.capstone.aspect.LoggerAspect - *************************************
2022-10-15 12:38:42 [http-nio-8081-exec-4] INFO  com.capstone.aspect.LoggerAspect - During: class com.capstone.service.EmiServiceImp.getEmiData() with arguments=emi [s_no=10, loanaccno=202211051, loan_status=active, emi_amount=11973.122, upcomming_payment_date=2022-11-07, remaining_amount=479828.4]
2022-10-15 12:38:42 [http-nio-8081-exec-4] INFO  com.capstone.aspect.LoggerAspect - *************************************
2022-10-15 12:38:42 [http-nio-8081-exec-4] INFO  com.capstone.aspect.LoggerAspect - Method name: com.capstone.service.EmiServiceImp
2022-10-15 12:38:42 [http-nio-8081-exec-4] INFO  com.capstone.aspect.LoggerAspect - Method arguments:[Ljava.lang.Object;@1b6fc743
2022-10-15 12:38:42 [http-nio-8081-exec-4] INFO  com.capstone.aspect.LoggerAspect - *************************************
2022-10-15 12:38:42 [http-nio-8081-exec-4] INFO  com.capstone.aspect.LoggerAspect - During: class com.capstone.service.EmiServiceImp.getEmiData() with arguments=emi [s_no=10, loanaccno=202211051, loan_status=active, emi_amount=11973.122, upcomming_payment_date=2022-11-07, remaining_amount=479828.4]
2022-10-15 12:38:42 [http-nio-8081-exec-4] INFO  com.capstone.aspect.LoggerAspect - *************************************
2022-10-15 12:38:42 [http-nio-8081-exec-4] INFO  com.capstone.aspect.LoggerAspect - During: class com.capstone.controller.EmiController.getemiofAccount() with arguments=<200 OK OK,emi [s_no=10, loanaccno=202211051, loan_status=active, emi_amount=11973.122, upcomming_payment_date=2022-11-07, remaining_amount=479828.4],[]>
2022-10-15 12:38:42 [http-nio-8081-exec-4] INFO  com.capstone.aspect.LoggerAspect - *************************************
2022-10-15 12:39:01 [http-nio-8081-exec-5] INFO  com.capstone.aspect.LoggerAspect - Method name: com.capstone.controller.EmiController
2022-10-15 12:39:01 [http-nio-8081-exec-5] INFO  com.capstone.aspect.LoggerAspect - Method arguments:[Ljava.lang.Object;@57af406
2022-10-15 12:39:01 [http-nio-8081-exec-5] INFO  com.capstone.aspect.LoggerAspect - *************************************
2022-10-15 12:39:01 [http-nio-8081-exec-5] INFO  com.capstone.aspect.LoggerAspect - Method name: com.capstone.service.EmiServiceImp
2022-10-15 12:39:01 [http-nio-8081-exec-5] INFO  com.capstone.aspect.LoggerAspect - Method arguments:[Ljava.lang.Object;@7123f9b3
2022-10-15 12:39:01 [http-nio-8081-exec-5] INFO  com.capstone.aspect.LoggerAspect - *************************************
2022-10-15 12:39:01 [http-nio-8081-exec-5] INFO  com.capstone.aspect.LoggerAspect - During: class com.capstone.service.EmiServiceImp.getEmiData() with arguments=emi [s_no=10, loanaccno=202211051, loan_status=active, emi_amount=11973.122, upcomming_payment_date=2022-11-07, remaining_amount=479828.4]
2022-10-15 12:39:01 [http-nio-8081-exec-5] INFO  com.capstone.aspect.LoggerAspect - *************************************
2022-10-15 12:39:01 [http-nio-8081-exec-5] INFO  com.capstone.aspect.LoggerAspect - Method name: com.capstone.service.EmiServiceImp
2022-10-15 12:39:01 [http-nio-8081-exec-5] INFO  com.capstone.aspect.LoggerAspect - Method arguments:[Ljava.lang.Object;@678247ba
2022-10-15 12:39:01 [http-nio-8081-exec-5] INFO  com.capstone.aspect.LoggerAspect - *************************************
2022-10-15 12:39:01 [http-nio-8081-exec-5] INFO  com.capstone.aspect.LoggerAspect - During: class com.capstone.service.EmiServiceImp.getEmiData() with arguments=emi [s_no=10, loanaccno=202211051, loan_status=active, emi_amount=11973.122, upcomming_payment_date=2022-11-07, remaining_amount=479828.4]
2022-10-15 12:39:01 [http-nio-8081-exec-5] INFO  com.capstone.aspect.LoggerAspect - *************************************
2022-10-15 12:39:01 [http-nio-8081-exec-5] INFO  com.capstone.aspect.LoggerAspect - During: class com.capstone.controller.EmiController.getemiofAccount() with arguments=<200 OK OK,emi [s_no=10, loanaccno=202211051, loan_status=active, emi_amount=11973.122, upcomming_payment_date=2022-11-07, remaining_amount=479828.4],[]>
2022-10-15 12:39:01 [http-nio-8081-exec-5] INFO  com.capstone.aspect.LoggerAspect - *************************************
2022-10-15 12:40:24 [AsyncResolver-bootstrap-executor-0] INFO  c.n.d.s.r.aws.ConfigClusterResolver - Resolving eureka endpoints via configuration
2022-10-15 12:45:24 [AsyncResolver-bootstrap-executor-0] INFO  c.n.d.s.r.aws.ConfigClusterResolver - Resolving eureka endpoints via configuration
2022-10-15 12:50:24 [AsyncResolver-bootstrap-executor-0] INFO  c.n.d.s.r.aws.ConfigClusterResolver - Resolving eureka endpoints via configuration
2022-10-15 12:55:24 [AsyncResolver-bootstrap-executor-0] INFO  c.n.d.s.r.aws.ConfigClusterResolver - Resolving eureka endpoints via configuration
2022-10-15 12:59:37 [http-nio-8081-exec-7] ERROR o.a.c.c.C.[.[.[.[dispatcherServlet] - Servlet.service() for servlet [dispatcherServlet] in context with path [] threw exception [Token expired] with root cause
javax.servlet.ServletException: Token expired
	at com.capstone.filter.EmiFilter.doFilter(EmiFilter.java:59)
	at org.apache.catalina.core.ApplicationFilterChain.internalDoFilter(ApplicationFilterChain.java:189)
	at org.apache.catalina.core.ApplicationFilterChain.doFilter(ApplicationFilterChain.java:162)
	at org.springframework.web.filter.RequestContextFilter.doFilterInternal(RequestContextFilter.java:100)
	at org.springframework.web.filter.OncePerRequestFilter.doFilter(OncePerRequestFilter.java:117)
	at org.apache.catalina.core.ApplicationFilterChain.internalDoFilter(ApplicationFilterChain.java:189)
	at org.apache.catalina.core.ApplicationFilterChain.doFilter(ApplicationFilterChain.java:162)
	at org.springframework.web.filter.FormContentFilter.doFilterInternal(FormContentFilter.java:93)
	at org.springframework.web.filter.OncePerRequestFilter.doFilter(OncePerRequestFilter.java:117)
	at org.apache.catalina.core.ApplicationFilterChain.internalDoFilter(ApplicationFilterChain.java:189)
	at org.apache.catalina.core.ApplicationFilterChain.doFilter(ApplicationFilterChain.java:162)
	at org.springframework.web.filter.CharacterEncodingFilter.doFilterInternal(CharacterEncodingFilter.java:201)
	at org.springframework.web.filter.OncePerRequestFilter.doFilter(OncePerRequestFilter.java:117)
	at org.apache.catalina.core.ApplicationFilterChain.internalDoFilter(ApplicationFilterChain.java:189)
	at org.apache.catalina.core.ApplicationFilterChain.doFilter(ApplicationFilterChain.java:162)
	at org.apache.catalina.core.StandardWrapperValve.invoke(StandardWrapperValve.java:197)
	at org.apache.catalina.core.StandardContextValve.invoke(StandardContextValve.java:97)
	at org.apache.catalina.authenticator.AuthenticatorBase.invoke(AuthenticatorBase.java:541)
	at org.apache.catalina.core.StandardHostValve.invoke(StandardHostValve.java:135)
	at org.apache.catalina.valves.ErrorReportValve.invoke(ErrorReportValve.java:92)
	at org.apache.catalina.core.StandardEngineValve.invoke(StandardEngineValve.java:78)
	at org.apache.catalina.connector.CoyoteAdapter.service(CoyoteAdapter.java:360)
	at org.apache.coyote.http11.Http11Processor.service(Http11Processor.java:399)
	at org.apache.coyote.AbstractProcessorLight.process(AbstractProcessorLight.java:65)
	at org.apache.coyote.AbstractProtocol$ConnectionHandler.process(AbstractProtocol.java:890)
	at org.apache.tomcat.util.net.NioEndpoint$SocketProcessor.doRun(NioEndpoint.java:1789)
	at org.apache.tomcat.util.net.SocketProcessorBase.run(SocketProcessorBase.java:49)
	at org.apache.tomcat.util.threads.ThreadPoolExecutor.runWorker(ThreadPoolExecutor.java:1191)
	at org.apache.tomcat.util.threads.ThreadPoolExecutor$Worker.run(ThreadPoolExecutor.java:659)
	at org.apache.tomcat.util.threads.TaskThread$WrappingRunnable.run(TaskThread.java:61)
	at java.base/java.lang.Thread.run(Thread.java:833)
2022-10-15 12:59:39 [http-nio-8081-exec-8] ERROR o.a.c.c.C.[.[.[.[dispatcherServlet] - Servlet.service() for servlet [dispatcherServlet] in context with path [] threw exception [Token expired] with root cause
javax.servlet.ServletException: Token expired
	at com.capstone.filter.EmiFilter.doFilter(EmiFilter.java:59)
	at org.apache.catalina.core.ApplicationFilterChain.internalDoFilter(ApplicationFilterChain.java:189)
	at org.apache.catalina.core.ApplicationFilterChain.doFilter(ApplicationFilterChain.java:162)
	at org.springframework.web.filter.RequestContextFilter.doFilterInternal(RequestContextFilter.java:100)
	at org.springframework.web.filter.OncePerRequestFilter.doFilter(OncePerRequestFilter.java:117)
	at org.apache.catalina.core.ApplicationFilterChain.internalDoFilter(ApplicationFilterChain.java:189)
	at org.apache.catalina.core.ApplicationFilterChain.doFilter(ApplicationFilterChain.java:162)
	at org.springframework.web.filter.FormContentFilter.doFilterInternal(FormContentFilter.java:93)
	at org.springframework.web.filter.OncePerRequestFilter.doFilter(OncePerRequestFilter.java:117)
	at org.apache.catalina.core.ApplicationFilterChain.internalDoFilter(ApplicationFilterChain.java:189)
	at org.apache.catalina.core.ApplicationFilterChain.doFilter(ApplicationFilterChain.java:162)
	at org.springframework.web.filter.CharacterEncodingFilter.doFilterInternal(CharacterEncodingFilter.java:201)
	at org.springframework.web.filter.OncePerRequestFilter.doFilter(OncePerRequestFilter.java:117)
	at org.apache.catalina.core.ApplicationFilterChain.internalDoFilter(ApplicationFilterChain.java:189)
	at org.apache.catalina.core.ApplicationFilterChain.doFilter(ApplicationFilterChain.java:162)
	at org.apache.catalina.core.StandardWrapperValve.invoke(StandardWrapperValve.java:197)
	at org.apache.catalina.core.StandardContextValve.invoke(StandardContextValve.java:97)
	at org.apache.catalina.authenticator.AuthenticatorBase.invoke(AuthenticatorBase.java:541)
	at org.apache.catalina.core.StandardHostValve.invoke(StandardHostValve.java:135)
	at org.apache.catalina.valves.ErrorReportValve.invoke(ErrorReportValve.java:92)
	at org.apache.catalina.core.StandardEngineValve.invoke(StandardEngineValve.java:78)
	at org.apache.catalina.connector.CoyoteAdapter.service(CoyoteAdapter.java:360)
	at org.apache.coyote.http11.Http11Processor.service(Http11Processor.java:399)
	at org.apache.coyote.AbstractProcessorLight.process(AbstractProcessorLight.java:65)
	at org.apache.coyote.AbstractProtocol$ConnectionHandler.process(AbstractProtocol.java:890)
	at org.apache.tomcat.util.net.NioEndpoint$SocketProcessor.doRun(NioEndpoint.java:1789)
	at org.apache.tomcat.util.net.SocketProcessorBase.run(SocketProcessorBase.java:49)
	at org.apache.tomcat.util.threads.ThreadPoolExecutor.runWorker(ThreadPoolExecutor.java:1191)
	at org.apache.tomcat.util.threads.ThreadPoolExecutor$Worker.run(ThreadPoolExecutor.java:659)
	at org.apache.tomcat.util.threads.TaskThread$WrappingRunnable.run(TaskThread.java:61)
	at java.base/java.lang.Thread.run(Thread.java:833)
2022-10-15 12:59:43 [http-nio-8081-exec-9] ERROR o.a.c.c.C.[.[.[.[dispatcherServlet] - Servlet.service() for servlet [dispatcherServlet] in context with path [] threw exception [Token expired] with root cause
javax.servlet.ServletException: Token expired
	at com.capstone.filter.EmiFilter.doFilter(EmiFilter.java:59)
	at org.apache.catalina.core.ApplicationFilterChain.internalDoFilter(ApplicationFilterChain.java:189)
	at org.apache.catalina.core.ApplicationFilterChain.doFilter(ApplicationFilterChain.java:162)
	at org.springframework.web.filter.RequestContextFilter.doFilterInternal(RequestContextFilter.java:100)
	at org.springframework.web.filter.OncePerRequestFilter.doFilter(OncePerRequestFilter.java:117)
	at org.apache.catalina.core.ApplicationFilterChain.internalDoFilter(ApplicationFilterChain.java:189)
	at org.apache.catalina.core.ApplicationFilterChain.doFilter(ApplicationFilterChain.java:162)
	at org.springframework.web.filter.FormContentFilter.doFilterInternal(FormContentFilter.java:93)
	at org.springframework.web.filter.OncePerRequestFilter.doFilter(OncePerRequestFilter.java:117)
	at org.apache.catalina.core.ApplicationFilterChain.internalDoFilter(ApplicationFilterChain.java:189)
	at org.apache.catalina.core.ApplicationFilterChain.doFilter(ApplicationFilterChain.java:162)
	at org.springframework.web.filter.CharacterEncodingFilter.doFilterInternal(CharacterEncodingFilter.java:201)
	at org.springframework.web.filter.OncePerRequestFilter.doFilter(OncePerRequestFilter.java:117)
	at org.apache.catalina.core.ApplicationFilterChain.internalDoFilter(ApplicationFilterChain.java:189)
	at org.apache.catalina.core.ApplicationFilterChain.doFilter(ApplicationFilterChain.java:162)
	at org.apache.catalina.core.StandardWrapperValve.invoke(StandardWrapperValve.java:197)
	at org.apache.catalina.core.StandardContextValve.invoke(StandardContextValve.java:97)
	at org.apache.catalina.authenticator.AuthenticatorBase.invoke(AuthenticatorBase.java:541)
	at org.apache.catalina.core.StandardHostValve.invoke(StandardHostValve.java:135)
	at org.apache.catalina.valves.ErrorReportValve.invoke(ErrorReportValve.java:92)
	at org.apache.catalina.core.StandardEngineValve.invoke(StandardEngineValve.java:78)
	at org.apache.catalina.connector.CoyoteAdapter.service(CoyoteAdapter.java:360)
	at org.apache.coyote.http11.Http11Processor.service(Http11Processor.java:399)
	at org.apache.coyote.AbstractProcessorLight.process(AbstractProcessorLight.java:65)
	at org.apache.coyote.AbstractProtocol$ConnectionHandler.process(AbstractProtocol.java:890)
	at org.apache.tomcat.util.net.NioEndpoint$SocketProcessor.doRun(NioEndpoint.java:1789)
	at org.apache.tomcat.util.net.SocketProcessorBase.run(SocketProcessorBase.java:49)
	at org.apache.tomcat.util.threads.ThreadPoolExecutor.runWorker(ThreadPoolExecutor.java:1191)
	at org.apache.tomcat.util.threads.ThreadPoolExecutor$Worker.run(ThreadPoolExecutor.java:659)
	at org.apache.tomcat.util.threads.TaskThread$WrappingRunnable.run(TaskThread.java:61)
	at java.base/java.lang.Thread.run(Thread.java:833)
2022-10-15 13:00:15 [http-nio-8081-exec-10] ERROR o.a.c.c.C.[.[.[.[dispatcherServlet] - Servlet.service() for servlet [dispatcherServlet] in context with path [] threw exception [Token expired] with root cause
javax.servlet.ServletException: Token expired
	at com.capstone.filter.EmiFilter.doFilter(EmiFilter.java:59)
	at org.apache.catalina.core.ApplicationFilterChain.internalDoFilter(ApplicationFilterChain.java:189)
	at org.apache.catalina.core.ApplicationFilterChain.doFilter(ApplicationFilterChain.java:162)
	at org.springframework.web.filter.RequestContextFilter.doFilterInternal(RequestContextFilter.java:100)
	at org.springframework.web.filter.OncePerRequestFilter.doFilter(OncePerRequestFilter.java:117)
	at org.apache.catalina.core.ApplicationFilterChain.internalDoFilter(ApplicationFilterChain.java:189)
	at org.apache.catalina.core.ApplicationFilterChain.doFilter(ApplicationFilterChain.java:162)
	at org.springframework.web.filter.FormContentFilter.doFilterInternal(FormContentFilter.java:93)
	at org.springframework.web.filter.OncePerRequestFilter.doFilter(OncePerRequestFilter.java:117)
	at org.apache.catalina.core.ApplicationFilterChain.internalDoFilter(ApplicationFilterChain.java:189)
	at org.apache.catalina.core.ApplicationFilterChain.doFilter(ApplicationFilterChain.java:162)
	at org.springframework.web.filter.CharacterEncodingFilter.doFilterInternal(CharacterEncodingFilter.java:201)
	at org.springframework.web.filter.OncePerRequestFilter.doFilter(OncePerRequestFilter.java:117)
	at org.apache.catalina.core.ApplicationFilterChain.internalDoFilter(ApplicationFilterChain.java:189)
	at org.apache.catalina.core.ApplicationFilterChain.doFilter(ApplicationFilterChain.java:162)
	at org.apache.catalina.core.StandardWrapperValve.invoke(StandardWrapperValve.java:197)
	at org.apache.catalina.core.StandardContextValve.invoke(StandardContextValve.java:97)
	at org.apache.catalina.authenticator.AuthenticatorBase.invoke(AuthenticatorBase.java:541)
	at org.apache.catalina.core.StandardHostValve.invoke(StandardHostValve.java:135)
	at org.apache.catalina.valves.ErrorReportValve.invoke(ErrorReportValve.java:92)
	at org.apache.catalina.core.StandardEngineValve.invoke(StandardEngineValve.java:78)
	at org.apache.catalina.connector.CoyoteAdapter.service(CoyoteAdapter.java:360)
	at org.apache.coyote.http11.Http11Processor.service(Http11Processor.java:399)
	at org.apache.coyote.AbstractProcessorLight.process(AbstractProcessorLight.java:65)
	at org.apache.coyote.AbstractProtocol$ConnectionHandler.process(AbstractProtocol.java:890)
	at org.apache.tomcat.util.net.NioEndpoint$SocketProcessor.doRun(NioEndpoint.java:1789)
	at org.apache.tomcat.util.net.SocketProcessorBase.run(SocketProcessorBase.java:49)
	at org.apache.tomcat.util.threads.ThreadPoolExecutor.runWorker(ThreadPoolExecutor.java:1191)
	at org.apache.tomcat.util.threads.ThreadPoolExecutor$Worker.run(ThreadPoolExecutor.java:659)
	at org.apache.tomcat.util.threads.TaskThread$WrappingRunnable.run(TaskThread.java:61)
	at java.base/java.lang.Thread.run(Thread.java:833)
2022-10-15 13:00:23 [http-nio-8081-exec-1] ERROR o.a.c.c.C.[.[.[.[dispatcherServlet] - Servlet.service() for servlet [dispatcherServlet] in context with path [] threw exception [Token expired] with root cause
javax.servlet.ServletException: Token expired
	at com.capstone.filter.EmiFilter.doFilter(EmiFilter.java:59)
	at org.apache.catalina.core.ApplicationFilterChain.internalDoFilter(ApplicationFilterChain.java:189)
	at org.apache.catalina.core.ApplicationFilterChain.doFilter(ApplicationFilterChain.java:162)
	at org.springframework.web.filter.RequestContextFilter.doFilterInternal(RequestContextFilter.java:100)
	at org.springframework.web.filter.OncePerRequestFilter.doFilter(OncePerRequestFilter.java:117)
	at org.apache.catalina.core.ApplicationFilterChain.internalDoFilter(ApplicationFilterChain.java:189)
	at org.apache.catalina.core.ApplicationFilterChain.doFilter(ApplicationFilterChain.java:162)
	at org.springframework.web.filter.FormContentFilter.doFilterInternal(FormContentFilter.java:93)
	at org.springframework.web.filter.OncePerRequestFilter.doFilter(OncePerRequestFilter.java:117)
	at org.apache.catalina.core.ApplicationFilterChain.internalDoFilter(ApplicationFilterChain.java:189)
	at org.apache.catalina.core.ApplicationFilterChain.doFilter(ApplicationFilterChain.java:162)
	at org.springframework.web.filter.CharacterEncodingFilter.doFilterInternal(CharacterEncodingFilter.java:201)
	at org.springframework.web.filter.OncePerRequestFilter.doFilter(OncePerRequestFilter.java:117)
	at org.apache.catalina.core.ApplicationFilterChain.internalDoFilter(ApplicationFilterChain.java:189)
	at org.apache.catalina.core.ApplicationFilterChain.doFilter(ApplicationFilterChain.java:162)
	at org.apache.catalina.core.StandardWrapperValve.invoke(StandardWrapperValve.java:197)
	at org.apache.catalina.core.StandardContextValve.invoke(StandardContextValve.java:97)
	at org.apache.catalina.authenticator.AuthenticatorBase.invoke(AuthenticatorBase.java:541)
	at org.apache.catalina.core.StandardHostValve.invoke(StandardHostValve.java:135)
	at org.apache.catalina.valves.ErrorReportValve.invoke(ErrorReportValve.java:92)
	at org.apache.catalina.core.StandardEngineValve.invoke(StandardEngineValve.java:78)
	at org.apache.catalina.connector.CoyoteAdapter.service(CoyoteAdapter.java:360)
	at org.apache.coyote.http11.Http11Processor.service(Http11Processor.java:399)
	at org.apache.coyote.AbstractProcessorLight.process(AbstractProcessorLight.java:65)
	at org.apache.coyote.AbstractProtocol$ConnectionHandler.process(AbstractProtocol.java:890)
	at org.apache.tomcat.util.net.NioEndpoint$SocketProcessor.doRun(NioEndpoint.java:1789)
	at org.apache.tomcat.util.net.SocketProcessorBase.run(SocketProcessorBase.java:49)
	at org.apache.tomcat.util.threads.ThreadPoolExecutor.runWorker(ThreadPoolExecutor.java:1191)
	at org.apache.tomcat.util.threads.ThreadPoolExecutor$Worker.run(ThreadPoolExecutor.java:659)
	at org.apache.tomcat.util.threads.TaskThread$WrappingRunnable.run(TaskThread.java:61)
	at java.base/java.lang.Thread.run(Thread.java:833)
2022-10-15 13:00:24 [AsyncResolver-bootstrap-executor-0] INFO  c.n.d.s.r.aws.ConfigClusterResolver - Resolving eureka endpoints via configuration
2022-10-15 13:00:55 [http-nio-8081-exec-2] ERROR o.a.c.c.C.[.[.[.[dispatcherServlet] - Servlet.service() for servlet [dispatcherServlet] in context with path [] threw exception [Token expired] with root cause
javax.servlet.ServletException: Token expired
	at com.capstone.filter.EmiFilter.doFilter(EmiFilter.java:59)
	at org.apache.catalina.core.ApplicationFilterChain.internalDoFilter(ApplicationFilterChain.java:189)
	at org.apache.catalina.core.ApplicationFilterChain.doFilter(ApplicationFilterChain.java:162)
	at org.springframework.web.filter.RequestContextFilter.doFilterInternal(RequestContextFilter.java:100)
	at org.springframework.web.filter.OncePerRequestFilter.doFilter(OncePerRequestFilter.java:117)
	at org.apache.catalina.core.ApplicationFilterChain.internalDoFilter(ApplicationFilterChain.java:189)
	at org.apache.catalina.core.ApplicationFilterChain.doFilter(ApplicationFilterChain.java:162)
	at org.springframework.web.filter.FormContentFilter.doFilterInternal(FormContentFilter.java:93)
	at org.springframework.web.filter.OncePerRequestFilter.doFilter(OncePerRequestFilter.java:117)
	at org.apache.catalina.core.ApplicationFilterChain.internalDoFilter(ApplicationFilterChain.java:189)
	at org.apache.catalina.core.ApplicationFilterChain.doFilter(ApplicationFilterChain.java:162)
	at org.springframework.web.filter.CharacterEncodingFilter.doFilterInternal(CharacterEncodingFilter.java:201)
	at org.springframework.web.filter.OncePerRequestFilter.doFilter(OncePerRequestFilter.java:117)
	at org.apache.catalina.core.ApplicationFilterChain.internalDoFilter(ApplicationFilterChain.java:189)
	at org.apache.catalina.core.ApplicationFilterChain.doFilter(ApplicationFilterChain.java:162)
	at org.apache.catalina.core.StandardWrapperValve.invoke(StandardWrapperValve.java:197)
	at org.apache.catalina.core.StandardContextValve.invoke(StandardContextValve.java:97)
	at org.apache.catalina.authenticator.AuthenticatorBase.invoke(AuthenticatorBase.java:541)
	at org.apache.catalina.core.StandardHostValve.invoke(StandardHostValve.java:135)
	at org.apache.catalina.valves.ErrorReportValve.invoke(ErrorReportValve.java:92)
	at org.apache.catalina.core.StandardEngineValve.invoke(StandardEngineValve.java:78)
	at org.apache.catalina.connector.CoyoteAdapter.service(CoyoteAdapter.java:360)
	at org.apache.coyote.http11.Http11Processor.service(Http11Processor.java:399)
	at org.apache.coyote.AbstractProcessorLight.process(AbstractProcessorLight.java:65)
	at org.apache.coyote.AbstractProtocol$ConnectionHandler.process(AbstractProtocol.java:890)
	at org.apache.tomcat.util.net.NioEndpoint$SocketProcessor.doRun(NioEndpoint.java:1789)
	at org.apache.tomcat.util.net.SocketProcessorBase.run(SocketProcessorBase.java:49)
	at org.apache.tomcat.util.threads.ThreadPoolExecutor.runWorker(ThreadPoolExecutor.java:1191)
	at org.apache.tomcat.util.threads.ThreadPoolExecutor$Worker.run(ThreadPoolExecutor.java:659)
	at org.apache.tomcat.util.threads.TaskThread$WrappingRunnable.run(TaskThread.java:61)
	at java.base/java.lang.Thread.run(Thread.java:833)
2022-10-15 13:00:58 [http-nio-8081-exec-3] ERROR o.a.c.c.C.[.[.[.[dispatcherServlet] - Servlet.service() for servlet [dispatcherServlet] in context with path [] threw exception [Token expired] with root cause
javax.servlet.ServletException: Token expired
	at com.capstone.filter.EmiFilter.doFilter(EmiFilter.java:59)
	at org.apache.catalina.core.ApplicationFilterChain.internalDoFilter(ApplicationFilterChain.java:189)
	at org.apache.catalina.core.ApplicationFilterChain.doFilter(ApplicationFilterChain.java:162)
	at org.springframework.web.filter.RequestContextFilter.doFilterInternal(RequestContextFilter.java:100)
	at org.springframework.web.filter.OncePerRequestFilter.doFilter(OncePerRequestFilter.java:117)
	at org.apache.catalina.core.ApplicationFilterChain.internalDoFilter(ApplicationFilterChain.java:189)
	at org.apache.catalina.core.ApplicationFilterChain.doFilter(ApplicationFilterChain.java:162)
	at org.springframework.web.filter.FormContentFilter.doFilterInternal(FormContentFilter.java:93)
	at org.springframework.web.filter.OncePerRequestFilter.doFilter(OncePerRequestFilter.java:117)
	at org.apache.catalina.core.ApplicationFilterChain.internalDoFilter(ApplicationFilterChain.java:189)
	at org.apache.catalina.core.ApplicationFilterChain.doFilter(ApplicationFilterChain.java:162)
	at org.springframework.web.filter.CharacterEncodingFilter.doFilterInternal(CharacterEncodingFilter.java:201)
	at org.springframework.web.filter.OncePerRequestFilter.doFilter(OncePerRequestFilter.java:117)
	at org.apache.catalina.core.ApplicationFilterChain.internalDoFilter(ApplicationFilterChain.java:189)
	at org.apache.catalina.core.ApplicationFilterChain.doFilter(ApplicationFilterChain.java:162)
	at org.apache.catalina.core.StandardWrapperValve.invoke(StandardWrapperValve.java:197)
	at org.apache.catalina.core.StandardContextValve.invoke(StandardContextValve.java:97)
	at org.apache.catalina.authenticator.AuthenticatorBase.invoke(AuthenticatorBase.java:541)
	at org.apache.catalina.core.StandardHostValve.invoke(StandardHostValve.java:135)
	at org.apache.catalina.valves.ErrorReportValve.invoke(ErrorReportValve.java:92)
	at org.apache.catalina.core.StandardEngineValve.invoke(StandardEngineValve.java:78)
	at org.apache.catalina.connector.CoyoteAdapter.service(CoyoteAdapter.java:360)
	at org.apache.coyote.http11.Http11Processor.service(Http11Processor.java:399)
	at org.apache.coyote.AbstractProcessorLight.process(AbstractProcessorLight.java:65)
	at org.apache.coyote.AbstractProtocol$ConnectionHandler.process(AbstractProtocol.java:890)
	at org.apache.tomcat.util.net.NioEndpoint$SocketProcessor.doRun(NioEndpoint.java:1789)
	at org.apache.tomcat.util.net.SocketProcessorBase.run(SocketProcessorBase.java:49)
	at org.apache.tomcat.util.threads.ThreadPoolExecutor.runWorker(ThreadPoolExecutor.java:1191)
	at org.apache.tomcat.util.threads.ThreadPoolExecutor$Worker.run(ThreadPoolExecutor.java:659)
	at org.apache.tomcat.util.threads.TaskThread$WrappingRunnable.run(TaskThread.java:61)
	at java.base/java.lang.Thread.run(Thread.java:833)
2022-10-15 13:01:11 [http-nio-8081-exec-4] ERROR o.a.c.c.C.[.[.[.[dispatcherServlet] - Servlet.service() for servlet [dispatcherServlet] in context with path [] threw exception [Token expired] with root cause
javax.servlet.ServletException: Token expired
	at com.capstone.filter.EmiFilter.doFilter(EmiFilter.java:59)
	at org.apache.catalina.core.ApplicationFilterChain.internalDoFilter(ApplicationFilterChain.java:189)
	at org.apache.catalina.core.ApplicationFilterChain.doFilter(ApplicationFilterChain.java:162)
	at org.springframework.web.filter.RequestContextFilter.doFilterInternal(RequestContextFilter.java:100)
	at org.springframework.web.filter.OncePerRequestFilter.doFilter(OncePerRequestFilter.java:117)
	at org.apache.catalina.core.ApplicationFilterChain.internalDoFilter(ApplicationFilterChain.java:189)
	at org.apache.catalina.core.ApplicationFilterChain.doFilter(ApplicationFilterChain.java:162)
	at org.springframework.web.filter.FormContentFilter.doFilterInternal(FormContentFilter.java:93)
	at org.springframework.web.filter.OncePerRequestFilter.doFilter(OncePerRequestFilter.java:117)
	at org.apache.catalina.core.ApplicationFilterChain.internalDoFilter(ApplicationFilterChain.java:189)
	at org.apache.catalina.core.ApplicationFilterChain.doFilter(ApplicationFilterChain.java:162)
	at org.springframework.web.filter.CharacterEncodingFilter.doFilterInternal(CharacterEncodingFilter.java:201)
	at org.springframework.web.filter.OncePerRequestFilter.doFilter(OncePerRequestFilter.java:117)
	at org.apache.catalina.core.ApplicationFilterChain.internalDoFilter(ApplicationFilterChain.java:189)
	at org.apache.catalina.core.ApplicationFilterChain.doFilter(ApplicationFilterChain.java:162)
	at org.apache.catalina.core.StandardWrapperValve.invoke(StandardWrapperValve.java:197)
	at org.apache.catalina.core.StandardContextValve.invoke(StandardContextValve.java:97)
	at org.apache.catalina.authenticator.AuthenticatorBase.invoke(AuthenticatorBase.java:541)
	at org.apache.catalina.core.StandardHostValve.invoke(StandardHostValve.java:135)
	at org.apache.catalina.valves.ErrorReportValve.invoke(ErrorReportValve.java:92)
	at org.apache.catalina.core.StandardEngineValve.invoke(StandardEngineValve.java:78)
	at org.apache.catalina.connector.CoyoteAdapter.service(CoyoteAdapter.java:360)
	at org.apache.coyote.http11.Http11Processor.service(Http11Processor.java:399)
	at org.apache.coyote.AbstractProcessorLight.process(AbstractProcessorLight.java:65)
	at org.apache.coyote.AbstractProtocol$ConnectionHandler.process(AbstractProtocol.java:890)
	at org.apache.tomcat.util.net.NioEndpoint$SocketProcessor.doRun(NioEndpoint.java:1789)
	at org.apache.tomcat.util.net.SocketProcessorBase.run(SocketProcessorBase.java:49)
	at org.apache.tomcat.util.threads.ThreadPoolExecutor.runWorker(ThreadPoolExecutor.java:1191)
	at org.apache.tomcat.util.threads.ThreadPoolExecutor$Worker.run(ThreadPoolExecutor.java:659)
	at org.apache.tomcat.util.threads.TaskThread$WrappingRunnable.run(TaskThread.java:61)
	at java.base/java.lang.Thread.run(Thread.java:833)
2022-10-15 13:01:19 [http-nio-8081-exec-5] ERROR o.a.c.c.C.[.[.[.[dispatcherServlet] - Servlet.service() for servlet [dispatcherServlet] in context with path [] threw exception [Token expired] with root cause
javax.servlet.ServletException: Token expired
	at com.capstone.filter.EmiFilter.doFilter(EmiFilter.java:59)
	at org.apache.catalina.core.ApplicationFilterChain.internalDoFilter(ApplicationFilterChain.java:189)
	at org.apache.catalina.core.ApplicationFilterChain.doFilter(ApplicationFilterChain.java:162)
	at org.springframework.web.filter.RequestContextFilter.doFilterInternal(RequestContextFilter.java:100)
	at org.springframework.web.filter.OncePerRequestFilter.doFilter(OncePerRequestFilter.java:117)
	at org.apache.catalina.core.ApplicationFilterChain.internalDoFilter(ApplicationFilterChain.java:189)
	at org.apache.catalina.core.ApplicationFilterChain.doFilter(ApplicationFilterChain.java:162)
	at org.springframework.web.filter.FormContentFilter.doFilterInternal(FormContentFilter.java:93)
	at org.springframework.web.filter.OncePerRequestFilter.doFilter(OncePerRequestFilter.java:117)
	at org.apache.catalina.core.ApplicationFilterChain.internalDoFilter(ApplicationFilterChain.java:189)
	at org.apache.catalina.core.ApplicationFilterChain.doFilter(ApplicationFilterChain.java:162)
	at org.springframework.web.filter.CharacterEncodingFilter.doFilterInternal(CharacterEncodingFilter.java:201)
	at org.springframework.web.filter.OncePerRequestFilter.doFilter(OncePerRequestFilter.java:117)
	at org.apache.catalina.core.ApplicationFilterChain.internalDoFilter(ApplicationFilterChain.java:189)
	at org.apache.catalina.core.ApplicationFilterChain.doFilter(ApplicationFilterChain.java:162)
	at org.apache.catalina.core.StandardWrapperValve.invoke(StandardWrapperValve.java:197)
	at org.apache.catalina.core.StandardContextValve.invoke(StandardContextValve.java:97)
	at org.apache.catalina.authenticator.AuthenticatorBase.invoke(AuthenticatorBase.java:541)
	at org.apache.catalina.core.StandardHostValve.invoke(StandardHostValve.java:135)
	at org.apache.catalina.valves.ErrorReportValve.invoke(ErrorReportValve.java:92)
	at org.apache.catalina.core.StandardEngineValve.invoke(StandardEngineValve.java:78)
	at org.apache.catalina.connector.CoyoteAdapter.service(CoyoteAdapter.java:360)
	at org.apache.coyote.http11.Http11Processor.service(Http11Processor.java:399)
	at org.apache.coyote.AbstractProcessorLight.process(AbstractProcessorLight.java:65)
	at org.apache.coyote.AbstractProtocol$ConnectionHandler.process(AbstractProtocol.java:890)
	at org.apache.tomcat.util.net.NioEndpoint$SocketProcessor.doRun(NioEndpoint.java:1789)
	at org.apache.tomcat.util.net.SocketProcessorBase.run(SocketProcessorBase.java:49)
	at org.apache.tomcat.util.threads.ThreadPoolExecutor.runWorker(ThreadPoolExecutor.java:1191)
	at org.apache.tomcat.util.threads.ThreadPoolExecutor$Worker.run(ThreadPoolExecutor.java:659)
	at org.apache.tomcat.util.threads.TaskThread$WrappingRunnable.run(TaskThread.java:61)
	at java.base/java.lang.Thread.run(Thread.java:833)
2022-10-15 13:01:25 [http-nio-8081-exec-6] ERROR o.a.c.c.C.[.[.[.[dispatcherServlet] - Servlet.service() for servlet [dispatcherServlet] in context with path [] threw exception [Token expired] with root cause
javax.servlet.ServletException: Token expired
	at com.capstone.filter.EmiFilter.doFilter(EmiFilter.java:59)
	at org.apache.catalina.core.ApplicationFilterChain.internalDoFilter(ApplicationFilterChain.java:189)
	at org.apache.catalina.core.ApplicationFilterChain.doFilter(ApplicationFilterChain.java:162)
	at org.springframework.web.filter.RequestContextFilter.doFilterInternal(RequestContextFilter.java:100)
	at org.springframework.web.filter.OncePerRequestFilter.doFilter(OncePerRequestFilter.java:117)
	at org.apache.catalina.core.ApplicationFilterChain.internalDoFilter(ApplicationFilterChain.java:189)
	at org.apache.catalina.core.ApplicationFilterChain.doFilter(ApplicationFilterChain.java:162)
	at org.springframework.web.filter.FormContentFilter.doFilterInternal(FormContentFilter.java:93)
	at org.springframework.web.filter.OncePerRequestFilter.doFilter(OncePerRequestFilter.java:117)
	at org.apache.catalina.core.ApplicationFilterChain.internalDoFilter(ApplicationFilterChain.java:189)
	at org.apache.catalina.core.ApplicationFilterChain.doFilter(ApplicationFilterChain.java:162)
	at org.springframework.web.filter.CharacterEncodingFilter.doFilterInternal(CharacterEncodingFilter.java:201)
	at org.springframework.web.filter.OncePerRequestFilter.doFilter(OncePerRequestFilter.java:117)
	at org.apache.catalina.core.ApplicationFilterChain.internalDoFilter(ApplicationFilterChain.java:189)
	at org.apache.catalina.core.ApplicationFilterChain.doFilter(ApplicationFilterChain.java:162)
	at org.apache.catalina.core.StandardWrapperValve.invoke(StandardWrapperValve.java:197)
	at org.apache.catalina.core.StandardContextValve.invoke(StandardContextValve.java:97)
	at org.apache.catalina.authenticator.AuthenticatorBase.invoke(AuthenticatorBase.java:541)
	at org.apache.catalina.core.StandardHostValve.invoke(StandardHostValve.java:135)
	at org.apache.catalina.valves.ErrorReportValve.invoke(ErrorReportValve.java:92)
	at org.apache.catalina.core.StandardEngineValve.invoke(StandardEngineValve.java:78)
	at org.apache.catalina.connector.CoyoteAdapter.service(CoyoteAdapter.java:360)
	at org.apache.coyote.http11.Http11Processor.service(Http11Processor.java:399)
	at org.apache.coyote.AbstractProcessorLight.process(AbstractProcessorLight.java:65)
	at org.apache.coyote.AbstractProtocol$ConnectionHandler.process(AbstractProtocol.java:890)
	at org.apache.tomcat.util.net.NioEndpoint$SocketProcessor.doRun(NioEndpoint.java:1789)
	at org.apache.tomcat.util.net.SocketProcessorBase.run(SocketProcessorBase.java:49)
	at org.apache.tomcat.util.threads.ThreadPoolExecutor.runWorker(ThreadPoolExecutor.java:1191)
	at org.apache.tomcat.util.threads.ThreadPoolExecutor$Worker.run(ThreadPoolExecutor.java:659)
	at org.apache.tomcat.util.threads.TaskThread$WrappingRunnable.run(TaskThread.java:61)
	at java.base/java.lang.Thread.run(Thread.java:833)
2022-10-15 13:01:34 [http-nio-8081-exec-7] ERROR o.a.c.c.C.[.[.[.[dispatcherServlet] - Servlet.service() for servlet [dispatcherServlet] in context with path [] threw exception [Token expired] with root cause
javax.servlet.ServletException: Token expired
	at com.capstone.filter.EmiFilter.doFilter(EmiFilter.java:59)
	at org.apache.catalina.core.ApplicationFilterChain.internalDoFilter(ApplicationFilterChain.java:189)
	at org.apache.catalina.core.ApplicationFilterChain.doFilter(ApplicationFilterChain.java:162)
	at org.springframework.web.filter.RequestContextFilter.doFilterInternal(RequestContextFilter.java:100)
	at org.springframework.web.filter.OncePerRequestFilter.doFilter(OncePerRequestFilter.java:117)
	at org.apache.catalina.core.ApplicationFilterChain.internalDoFilter(ApplicationFilterChain.java:189)
	at org.apache.catalina.core.ApplicationFilterChain.doFilter(ApplicationFilterChain.java:162)
	at org.springframework.web.filter.FormContentFilter.doFilterInternal(FormContentFilter.java:93)
	at org.springframework.web.filter.OncePerRequestFilter.doFilter(OncePerRequestFilter.java:117)
	at org.apache.catalina.core.ApplicationFilterChain.internalDoFilter(ApplicationFilterChain.java:189)
	at org.apache.catalina.core.ApplicationFilterChain.doFilter(ApplicationFilterChain.java:162)
	at org.springframework.web.filter.CharacterEncodingFilter.doFilterInternal(CharacterEncodingFilter.java:201)
	at org.springframework.web.filter.OncePerRequestFilter.doFilter(OncePerRequestFilter.java:117)
	at org.apache.catalina.core.ApplicationFilterChain.internalDoFilter(ApplicationFilterChain.java:189)
	at org.apache.catalina.core.ApplicationFilterChain.doFilter(ApplicationFilterChain.java:162)
	at org.apache.catalina.core.StandardWrapperValve.invoke(StandardWrapperValve.java:197)
	at org.apache.catalina.core.StandardContextValve.invoke(StandardContextValve.java:97)
	at org.apache.catalina.authenticator.AuthenticatorBase.invoke(AuthenticatorBase.java:541)
	at org.apache.catalina.core.StandardHostValve.invoke(StandardHostValve.java:135)
	at org.apache.catalina.valves.ErrorReportValve.invoke(ErrorReportValve.java:92)
	at org.apache.catalina.core.StandardEngineValve.invoke(StandardEngineValve.java:78)
	at org.apache.catalina.connector.CoyoteAdapter.service(CoyoteAdapter.java:360)
	at org.apache.coyote.http11.Http11Processor.service(Http11Processor.java:399)
	at org.apache.coyote.AbstractProcessorLight.process(AbstractProcessorLight.java:65)
	at org.apache.coyote.AbstractProtocol$ConnectionHandler.process(AbstractProtocol.java:890)
	at org.apache.tomcat.util.net.NioEndpoint$SocketProcessor.doRun(NioEndpoint.java:1789)
	at org.apache.tomcat.util.net.SocketProcessorBase.run(SocketProcessorBase.java:49)
	at org.apache.tomcat.util.threads.ThreadPoolExecutor.runWorker(ThreadPoolExecutor.java:1191)
	at org.apache.tomcat.util.threads.ThreadPoolExecutor$Worker.run(ThreadPoolExecutor.java:659)
	at org.apache.tomcat.util.threads.TaskThread$WrappingRunnable.run(TaskThread.java:61)
	at java.base/java.lang.Thread.run(Thread.java:833)
2022-10-15 13:01:57 [http-nio-8081-exec-8] ERROR o.a.c.c.C.[.[.[.[dispatcherServlet] - Servlet.service() for servlet [dispatcherServlet] in context with path [] threw exception [Token expired] with root cause
javax.servlet.ServletException: Token expired
	at com.capstone.filter.EmiFilter.doFilter(EmiFilter.java:59)
	at org.apache.catalina.core.ApplicationFilterChain.internalDoFilter(ApplicationFilterChain.java:189)
	at org.apache.catalina.core.ApplicationFilterChain.doFilter(ApplicationFilterChain.java:162)
	at org.springframework.web.filter.RequestContextFilter.doFilterInternal(RequestContextFilter.java:100)
	at org.springframework.web.filter.OncePerRequestFilter.doFilter(OncePerRequestFilter.java:117)
	at org.apache.catalina.core.ApplicationFilterChain.internalDoFilter(ApplicationFilterChain.java:189)
	at org.apache.catalina.core.ApplicationFilterChain.doFilter(ApplicationFilterChain.java:162)
	at org.springframework.web.filter.FormContentFilter.doFilterInternal(FormContentFilter.java:93)
	at org.springframework.web.filter.OncePerRequestFilter.doFilter(OncePerRequestFilter.java:117)
	at org.apache.catalina.core.ApplicationFilterChain.internalDoFilter(ApplicationFilterChain.java:189)
	at org.apache.catalina.core.ApplicationFilterChain.doFilter(ApplicationFilterChain.java:162)
	at org.springframework.web.filter.CharacterEncodingFilter.doFilterInternal(CharacterEncodingFilter.java:201)
	at org.springframework.web.filter.OncePerRequestFilter.doFilter(OncePerRequestFilter.java:117)
	at org.apache.catalina.core.ApplicationFilterChain.internalDoFilter(ApplicationFilterChain.java:189)
	at org.apache.catalina.core.ApplicationFilterChain.doFilter(ApplicationFilterChain.java:162)
	at org.apache.catalina.core.StandardWrapperValve.invoke(StandardWrapperValve.java:197)
	at org.apache.catalina.core.StandardContextValve.invoke(StandardContextValve.java:97)
	at org.apache.catalina.authenticator.AuthenticatorBase.invoke(AuthenticatorBase.java:541)
	at org.apache.catalina.core.StandardHostValve.invoke(StandardHostValve.java:135)
	at org.apache.catalina.valves.ErrorReportValve.invoke(ErrorReportValve.java:92)
	at org.apache.catalina.core.StandardEngineValve.invoke(StandardEngineValve.java:78)
	at org.apache.catalina.connector.CoyoteAdapter.service(CoyoteAdapter.java:360)
	at org.apache.coyote.http11.Http11Processor.service(Http11Processor.java:399)
	at org.apache.coyote.AbstractProcessorLight.process(AbstractProcessorLight.java:65)
	at org.apache.coyote.AbstractProtocol$ConnectionHandler.process(AbstractProtocol.java:890)
	at org.apache.tomcat.util.net.NioEndpoint$SocketProcessor.doRun(NioEndpoint.java:1789)
	at org.apache.tomcat.util.net.SocketProcessorBase.run(SocketProcessorBase.java:49)
	at org.apache.tomcat.util.threads.ThreadPoolExecutor.runWorker(ThreadPoolExecutor.java:1191)
	at org.apache.tomcat.util.threads.ThreadPoolExecutor$Worker.run(ThreadPoolExecutor.java:659)
	at org.apache.tomcat.util.threads.TaskThread$WrappingRunnable.run(TaskThread.java:61)
	at java.base/java.lang.Thread.run(Thread.java:833)
2022-10-15 13:02:13 [http-nio-8081-exec-9] ERROR o.a.c.c.C.[.[.[.[dispatcherServlet] - Servlet.service() for servlet [dispatcherServlet] in context with path [] threw exception [Token expired] with root cause
javax.servlet.ServletException: Token expired
	at com.capstone.filter.EmiFilter.doFilter(EmiFilter.java:59)
	at org.apache.catalina.core.ApplicationFilterChain.internalDoFilter(ApplicationFilterChain.java:189)
	at org.apache.catalina.core.ApplicationFilterChain.doFilter(ApplicationFilterChain.java:162)
	at org.springframework.web.filter.RequestContextFilter.doFilterInternal(RequestContextFilter.java:100)
	at org.springframework.web.filter.OncePerRequestFilter.doFilter(OncePerRequestFilter.java:117)
	at org.apache.catalina.core.ApplicationFilterChain.internalDoFilter(ApplicationFilterChain.java:189)
	at org.apache.catalina.core.ApplicationFilterChain.doFilter(ApplicationFilterChain.java:162)
	at org.springframework.web.filter.FormContentFilter.doFilterInternal(FormContentFilter.java:93)
	at org.springframework.web.filter.OncePerRequestFilter.doFilter(OncePerRequestFilter.java:117)
	at org.apache.catalina.core.ApplicationFilterChain.internalDoFilter(ApplicationFilterChain.java:189)
	at org.apache.catalina.core.ApplicationFilterChain.doFilter(ApplicationFilterChain.java:162)
	at org.springframework.web.filter.CharacterEncodingFilter.doFilterInternal(CharacterEncodingFilter.java:201)
	at org.springframework.web.filter.OncePerRequestFilter.doFilter(OncePerRequestFilter.java:117)
	at org.apache.catalina.core.ApplicationFilterChain.internalDoFilter(ApplicationFilterChain.java:189)
	at org.apache.catalina.core.ApplicationFilterChain.doFilter(ApplicationFilterChain.java:162)
	at org.apache.catalina.core.StandardWrapperValve.invoke(StandardWrapperValve.java:197)
	at org.apache.catalina.core.StandardContextValve.invoke(StandardContextValve.java:97)
	at org.apache.catalina.authenticator.AuthenticatorBase.invoke(AuthenticatorBase.java:541)
	at org.apache.catalina.core.StandardHostValve.invoke(StandardHostValve.java:135)
	at org.apache.catalina.valves.ErrorReportValve.invoke(ErrorReportValve.java:92)
	at org.apache.catalina.core.StandardEngineValve.invoke(StandardEngineValve.java:78)
	at org.apache.catalina.connector.CoyoteAdapter.service(CoyoteAdapter.java:360)
	at org.apache.coyote.http11.Http11Processor.service(Http11Processor.java:399)
	at org.apache.coyote.AbstractProcessorLight.process(AbstractProcessorLight.java:65)
	at org.apache.coyote.AbstractProtocol$ConnectionHandler.process(AbstractProtocol.java:890)
	at org.apache.tomcat.util.net.NioEndpoint$SocketProcessor.doRun(NioEndpoint.java:1789)
	at org.apache.tomcat.util.net.SocketProcessorBase.run(SocketProcessorBase.java:49)
	at org.apache.tomcat.util.threads.ThreadPoolExecutor.runWorker(ThreadPoolExecutor.java:1191)
	at org.apache.tomcat.util.threads.ThreadPoolExecutor$Worker.run(ThreadPoolExecutor.java:659)
	at org.apache.tomcat.util.threads.TaskThread$WrappingRunnable.run(TaskThread.java:61)
	at java.base/java.lang.Thread.run(Thread.java:833)
2022-10-15 13:02:43 [http-nio-8081-exec-10] INFO  com.capstone.aspect.LoggerAspect - Method name: com.capstone.controller.EmiController
2022-10-15 13:02:43 [http-nio-8081-exec-10] INFO  com.capstone.aspect.LoggerAspect - Method arguments:[Ljava.lang.Object;@4ad88155
2022-10-15 13:02:43 [http-nio-8081-exec-10] INFO  com.capstone.aspect.LoggerAspect - *************************************
2022-10-15 13:02:43 [http-nio-8081-exec-10] INFO  com.capstone.aspect.LoggerAspect - Method name: com.capstone.service.EmiServiceImp
2022-10-15 13:02:43 [http-nio-8081-exec-10] INFO  com.capstone.aspect.LoggerAspect - Method arguments:[Ljava.lang.Object;@6e2834dc
2022-10-15 13:02:43 [http-nio-8081-exec-10] INFO  com.capstone.aspect.LoggerAspect - *************************************
2022-10-15 13:02:43 [http-nio-8081-exec-10] INFO  com.capstone.aspect.LoggerAspect - During: class com.capstone.service.EmiServiceImp.getEmiData() with arguments=emi [s_no=10, loanaccno=202211051, loan_status=active, emi_amount=11973.122, upcomming_payment_date=2022-11-07, remaining_amount=479828.4]
2022-10-15 13:02:43 [http-nio-8081-exec-10] INFO  com.capstone.aspect.LoggerAspect - *************************************
2022-10-15 13:02:43 [http-nio-8081-exec-10] INFO  com.capstone.aspect.LoggerAspect - Method name: com.capstone.service.EmiServiceImp
2022-10-15 13:02:43 [http-nio-8081-exec-10] INFO  com.capstone.aspect.LoggerAspect - Method arguments:[Ljava.lang.Object;@67fa503a
2022-10-15 13:02:43 [http-nio-8081-exec-10] INFO  com.capstone.aspect.LoggerAspect - *************************************
2022-10-15 13:02:43 [http-nio-8081-exec-10] INFO  com.capstone.aspect.LoggerAspect - During: class com.capstone.service.EmiServiceImp.getEmiData() with arguments=emi [s_no=10, loanaccno=202211051, loan_status=active, emi_amount=11973.122, upcomming_payment_date=2022-11-07, remaining_amount=479828.4]
2022-10-15 13:02:43 [http-nio-8081-exec-10] INFO  com.capstone.aspect.LoggerAspect - *************************************
2022-10-15 13:02:43 [http-nio-8081-exec-10] INFO  com.capstone.aspect.LoggerAspect - During: class com.capstone.controller.EmiController.getemiofAccount() with arguments=<200 OK OK,emi [s_no=10, loanaccno=202211051, loan_status=active, emi_amount=11973.122, upcomming_payment_date=2022-11-07, remaining_amount=479828.4],[]>
2022-10-15 13:02:43 [http-nio-8081-exec-10] INFO  com.capstone.aspect.LoggerAspect - *************************************
2022-10-15 13:02:46 [http-nio-8081-exec-1] INFO  com.capstone.aspect.LoggerAspect - Method name: com.capstone.controller.EmiController
2022-10-15 13:02:46 [http-nio-8081-exec-1] INFO  com.capstone.aspect.LoggerAspect - Method arguments:[Ljava.lang.Object;@588e416
2022-10-15 13:02:46 [http-nio-8081-exec-1] INFO  com.capstone.aspect.LoggerAspect - *************************************
2022-10-15 13:02:46 [http-nio-8081-exec-1] INFO  com.capstone.aspect.LoggerAspect - Method name: com.capstone.service.EmiServiceImp
2022-10-15 13:02:46 [http-nio-8081-exec-1] INFO  com.capstone.aspect.LoggerAspect - Method arguments:[Ljava.lang.Object;@6a066fc8
2022-10-15 13:02:46 [http-nio-8081-exec-1] INFO  com.capstone.aspect.LoggerAspect - *************************************
2022-10-15 13:02:46 [http-nio-8081-exec-1] INFO  com.capstone.aspect.LoggerAspect - During: class com.capstone.service.EmiServiceImp.getEmiData() with arguments=emi [s_no=10, loanaccno=202211051, loan_status=active, emi_amount=11973.122, upcomming_payment_date=2022-11-07, remaining_amount=479828.4]
2022-10-15 13:02:46 [http-nio-8081-exec-1] INFO  com.capstone.aspect.LoggerAspect - *************************************
2022-10-15 13:02:46 [http-nio-8081-exec-1] INFO  com.capstone.aspect.LoggerAspect - Method name: com.capstone.service.EmiServiceImp
2022-10-15 13:02:46 [http-nio-8081-exec-1] INFO  com.capstone.aspect.LoggerAspect - Method arguments:[Ljava.lang.Object;@5b280bdb
2022-10-15 13:02:46 [http-nio-8081-exec-1] INFO  com.capstone.aspect.LoggerAspect - *************************************
2022-10-15 13:02:46 [http-nio-8081-exec-1] INFO  com.capstone.aspect.LoggerAspect - During: class com.capstone.service.EmiServiceImp.getEmiData() with arguments=emi [s_no=10, loanaccno=202211051, loan_status=active, emi_amount=11973.122, upcomming_payment_date=2022-11-07, remaining_amount=479828.4]
2022-10-15 13:02:46 [http-nio-8081-exec-1] INFO  com.capstone.aspect.LoggerAspect - *************************************
2022-10-15 13:02:46 [http-nio-8081-exec-1] INFO  com.capstone.aspect.LoggerAspect - During: class com.capstone.controller.EmiController.getemiofAccount() with arguments=<200 OK OK,emi [s_no=10, loanaccno=202211051, loan_status=active, emi_amount=11973.122, upcomming_payment_date=2022-11-07, remaining_amount=479828.4],[]>
2022-10-15 13:02:46 [http-nio-8081-exec-1] INFO  com.capstone.aspect.LoggerAspect - *************************************
2022-10-15 13:04:44 [http-nio-8081-exec-3] INFO  com.capstone.aspect.LoggerAspect - Method name: com.capstone.controller.EmiController
2022-10-15 13:04:44 [http-nio-8081-exec-3] INFO  com.capstone.aspect.LoggerAspect - Method arguments:[Ljava.lang.Object;@862230a
2022-10-15 13:04:44 [http-nio-8081-exec-3] INFO  com.capstone.aspect.LoggerAspect - *************************************
2022-10-15 13:04:44 [http-nio-8081-exec-3] INFO  com.capstone.aspect.LoggerAspect - Method name: com.capstone.service.EmiServiceImp
2022-10-15 13:04:44 [http-nio-8081-exec-3] INFO  com.capstone.aspect.LoggerAspect - Method arguments:[Ljava.lang.Object;@52240eea
2022-10-15 13:04:44 [http-nio-8081-exec-3] INFO  com.capstone.aspect.LoggerAspect - *************************************
2022-10-15 13:04:44 [http-nio-8081-exec-3] INFO  com.capstone.aspect.LoggerAspect - During: class com.capstone.service.EmiServiceImp.getEmiData() with arguments=emi [s_no=10, loanaccno=202211051, loan_status=active, emi_amount=11973.122, upcomming_payment_date=2022-11-07, remaining_amount=479828.4]
2022-10-15 13:04:44 [http-nio-8081-exec-3] INFO  com.capstone.aspect.LoggerAspect - *************************************
2022-10-15 13:04:44 [http-nio-8081-exec-3] INFO  com.capstone.aspect.LoggerAspect - Method name: com.capstone.service.EmiServiceImp
2022-10-15 13:04:44 [http-nio-8081-exec-3] INFO  com.capstone.aspect.LoggerAspect - Method arguments:[Ljava.lang.Object;@635a282a
2022-10-15 13:04:44 [http-nio-8081-exec-3] INFO  com.capstone.aspect.LoggerAspect - *************************************
2022-10-15 13:04:44 [http-nio-8081-exec-3] INFO  com.capstone.aspect.LoggerAspect - During: class com.capstone.service.EmiServiceImp.getEmiData() with arguments=emi [s_no=10, loanaccno=202211051, loan_status=active, emi_amount=11973.122, upcomming_payment_date=2022-11-07, remaining_amount=479828.4]
2022-10-15 13:04:44 [http-nio-8081-exec-3] INFO  com.capstone.aspect.LoggerAspect - *************************************
2022-10-15 13:04:44 [http-nio-8081-exec-3] INFO  com.capstone.aspect.LoggerAspect - During: class com.capstone.controller.EmiController.getemiofAccount() with arguments=<200 OK OK,emi [s_no=10, loanaccno=202211051, loan_status=active, emi_amount=11973.122, upcomming_payment_date=2022-11-07, remaining_amount=479828.4],[]>
2022-10-15 13:04:44 [http-nio-8081-exec-3] INFO  com.capstone.aspect.LoggerAspect - *************************************
2022-10-15 13:05:03 [http-nio-8081-exec-4] INFO  com.capstone.aspect.LoggerAspect - Method name: com.capstone.controller.EmiController
2022-10-15 13:05:03 [http-nio-8081-exec-4] INFO  com.capstone.aspect.LoggerAspect - Method arguments:[Ljava.lang.Object;@cdf4703
2022-10-15 13:05:03 [http-nio-8081-exec-4] INFO  com.capstone.aspect.LoggerAspect - *************************************
2022-10-15 13:05:03 [http-nio-8081-exec-4] INFO  com.capstone.aspect.LoggerAspect - Method name: com.capstone.service.EmiServiceImp
2022-10-15 13:05:03 [http-nio-8081-exec-4] INFO  com.capstone.aspect.LoggerAspect - Method arguments:[Ljava.lang.Object;@7482bed8
2022-10-15 13:05:03 [http-nio-8081-exec-4] INFO  com.capstone.aspect.LoggerAspect - *************************************
2022-10-15 13:05:03 [http-nio-8081-exec-4] INFO  com.capstone.aspect.LoggerAspect - During: class com.capstone.service.EmiServiceImp.getEmiData() with arguments=emi [s_no=10, loanaccno=202211051, loan_status=active, emi_amount=11973.122, upcomming_payment_date=2022-11-07, remaining_amount=479828.4]
2022-10-15 13:05:03 [http-nio-8081-exec-4] INFO  com.capstone.aspect.LoggerAspect - *************************************
2022-10-15 13:05:03 [http-nio-8081-exec-4] INFO  com.capstone.aspect.LoggerAspect - Method name: com.capstone.service.EmiServiceImp
2022-10-15 13:05:03 [http-nio-8081-exec-4] INFO  com.capstone.aspect.LoggerAspect - Method arguments:[Ljava.lang.Object;@1889fe6e
2022-10-15 13:05:03 [http-nio-8081-exec-4] INFO  com.capstone.aspect.LoggerAspect - *************************************
2022-10-15 13:05:03 [http-nio-8081-exec-4] INFO  com.capstone.aspect.LoggerAspect - During: class com.capstone.service.EmiServiceImp.getEmiData() with arguments=emi [s_no=10, loanaccno=202211051, loan_status=active, emi_amount=11973.122, upcomming_payment_date=2022-11-07, remaining_amount=479828.4]
2022-10-15 13:05:03 [http-nio-8081-exec-4] INFO  com.capstone.aspect.LoggerAspect - *************************************
2022-10-15 13:05:03 [http-nio-8081-exec-4] INFO  com.capstone.aspect.LoggerAspect - During: class com.capstone.controller.EmiController.getemiofAccount() with arguments=<200 OK OK,emi [s_no=10, loanaccno=202211051, loan_status=active, emi_amount=11973.122, upcomming_payment_date=2022-11-07, remaining_amount=479828.4],[]>
2022-10-15 13:05:03 [http-nio-8081-exec-4] INFO  com.capstone.aspect.LoggerAspect - *************************************
2022-10-15 13:05:05 [http-nio-8081-exec-5] INFO  com.capstone.aspect.LoggerAspect - Method name: com.capstone.controller.EmiController
2022-10-15 13:05:05 [http-nio-8081-exec-5] INFO  com.capstone.aspect.LoggerAspect - Method arguments:[Ljava.lang.Object;@eceb606
2022-10-15 13:05:05 [http-nio-8081-exec-5] INFO  com.capstone.aspect.LoggerAspect - *************************************
2022-10-15 13:05:05 [http-nio-8081-exec-5] INFO  com.capstone.aspect.LoggerAspect - Method name: com.capstone.service.EmiServiceImp
2022-10-15 13:05:05 [http-nio-8081-exec-5] INFO  com.capstone.aspect.LoggerAspect - Method arguments:[Ljava.lang.Object;@61766401
2022-10-15 13:05:05 [http-nio-8081-exec-5] INFO  com.capstone.aspect.LoggerAspect - *************************************
2022-10-15 13:05:05 [http-nio-8081-exec-5] INFO  com.capstone.aspect.LoggerAspect - During: class com.capstone.service.EmiServiceImp.getEmiData() with arguments=emi [s_no=10, loanaccno=202211051, loan_status=active, emi_amount=11973.122, upcomming_payment_date=2022-11-07, remaining_amount=479828.4]
2022-10-15 13:05:05 [http-nio-8081-exec-5] INFO  com.capstone.aspect.LoggerAspect - *************************************
2022-10-15 13:05:05 [http-nio-8081-exec-5] INFO  com.capstone.aspect.LoggerAspect - Method name: com.capstone.service.EmiServiceImp
2022-10-15 13:05:05 [http-nio-8081-exec-5] INFO  com.capstone.aspect.LoggerAspect - Method arguments:[Ljava.lang.Object;@3e1a1207
2022-10-15 13:05:05 [http-nio-8081-exec-5] INFO  com.capstone.aspect.LoggerAspect - *************************************
2022-10-15 13:05:05 [http-nio-8081-exec-5] INFO  com.capstone.aspect.LoggerAspect - During: class com.capstone.service.EmiServiceImp.getEmiData() with arguments=emi [s_no=10, loanaccno=202211051, loan_status=active, emi_amount=11973.122, upcomming_payment_date=2022-11-07, remaining_amount=479828.4]
2022-10-15 13:05:05 [http-nio-8081-exec-5] INFO  com.capstone.aspect.LoggerAspect - *************************************
2022-10-15 13:05:05 [http-nio-8081-exec-5] INFO  com.capstone.aspect.LoggerAspect - During: class com.capstone.controller.EmiController.getemiofAccount() with arguments=<200 OK OK,emi [s_no=10, loanaccno=202211051, loan_status=active, emi_amount=11973.122, upcomming_payment_date=2022-11-07, remaining_amount=479828.4],[]>
2022-10-15 13:05:05 [http-nio-8081-exec-5] INFO  com.capstone.aspect.LoggerAspect - *************************************
2022-10-15 13:05:24 [AsyncResolver-bootstrap-executor-0] INFO  c.n.d.s.r.aws.ConfigClusterResolver - Resolving eureka endpoints via configuration
2022-10-15 13:05:51 [http-nio-8081-exec-6] INFO  com.capstone.aspect.LoggerAspect - Method name: com.capstone.controller.EmiController
2022-10-15 13:05:51 [http-nio-8081-exec-6] INFO  com.capstone.aspect.LoggerAspect - Method arguments:[Ljava.lang.Object;@fa75fa5
2022-10-15 13:05:51 [http-nio-8081-exec-6] INFO  com.capstone.aspect.LoggerAspect - *************************************
2022-10-15 13:05:51 [http-nio-8081-exec-6] INFO  com.capstone.aspect.LoggerAspect - Method name: com.capstone.service.EmiServiceImp
2022-10-15 13:05:51 [http-nio-8081-exec-6] INFO  com.capstone.aspect.LoggerAspect - Method arguments:[Ljava.lang.Object;@43c0d6a
2022-10-15 13:05:51 [http-nio-8081-exec-6] INFO  com.capstone.aspect.LoggerAspect - *************************************
2022-10-15 13:05:51 [http-nio-8081-exec-6] INFO  com.capstone.aspect.LoggerAspect - During: class com.capstone.service.EmiServiceImp.getEmiData() with arguments=emi [s_no=10, loanaccno=202211051, loan_status=active, emi_amount=11973.122, upcomming_payment_date=2022-11-07, remaining_amount=479828.4]
2022-10-15 13:05:51 [http-nio-8081-exec-6] INFO  com.capstone.aspect.LoggerAspect - *************************************
2022-10-15 13:05:51 [http-nio-8081-exec-6] INFO  com.capstone.aspect.LoggerAspect - Method name: com.capstone.service.EmiServiceImp
2022-10-15 13:05:51 [http-nio-8081-exec-6] INFO  com.capstone.aspect.LoggerAspect - Method arguments:[Ljava.lang.Object;@47ae4132
2022-10-15 13:05:51 [http-nio-8081-exec-6] INFO  com.capstone.aspect.LoggerAspect - *************************************
2022-10-15 13:05:51 [http-nio-8081-exec-6] INFO  com.capstone.aspect.LoggerAspect - During: class com.capstone.service.EmiServiceImp.getEmiData() with arguments=emi [s_no=10, loanaccno=202211051, loan_status=active, emi_amount=11973.122, upcomming_payment_date=2022-11-07, remaining_amount=479828.4]
2022-10-15 13:05:51 [http-nio-8081-exec-6] INFO  com.capstone.aspect.LoggerAspect - *************************************
2022-10-15 13:05:51 [http-nio-8081-exec-6] INFO  com.capstone.aspect.LoggerAspect - During: class com.capstone.controller.EmiController.getemiofAccount() with arguments=<200 OK OK,emi [s_no=10, loanaccno=202211051, loan_status=active, emi_amount=11973.122, upcomming_payment_date=2022-11-07, remaining_amount=479828.4],[]>
2022-10-15 13:05:51 [http-nio-8081-exec-6] INFO  com.capstone.aspect.LoggerAspect - *************************************
2022-10-15 13:06:04 [http-nio-8081-exec-7] INFO  com.capstone.aspect.LoggerAspect - Method name: com.capstone.controller.EmiController
2022-10-15 13:06:04 [http-nio-8081-exec-7] INFO  com.capstone.aspect.LoggerAspect - Method arguments:[Ljava.lang.Object;@5a9d442b
2022-10-15 13:06:04 [http-nio-8081-exec-7] INFO  com.capstone.aspect.LoggerAspect - *************************************
2022-10-15 13:06:04 [http-nio-8081-exec-7] INFO  com.capstone.aspect.LoggerAspect - Method name: com.capstone.service.EmiServiceImp
2022-10-15 13:06:04 [http-nio-8081-exec-7] INFO  com.capstone.aspect.LoggerAspect - Method arguments:[Ljava.lang.Object;@293fffbe
2022-10-15 13:06:04 [http-nio-8081-exec-7] INFO  com.capstone.aspect.LoggerAspect - *************************************
2022-10-15 13:06:04 [http-nio-8081-exec-7] INFO  com.capstone.aspect.LoggerAspect - During: class com.capstone.service.EmiServiceImp.getEmiData() with arguments=emi [s_no=10, loanaccno=202211051, loan_status=active, emi_amount=11973.122, upcomming_payment_date=2022-11-07, remaining_amount=479828.4]
2022-10-15 13:06:04 [http-nio-8081-exec-7] INFO  com.capstone.aspect.LoggerAspect - *************************************
2022-10-15 13:06:04 [http-nio-8081-exec-7] INFO  com.capstone.aspect.LoggerAspect - Method name: com.capstone.service.EmiServiceImp
2022-10-15 13:06:04 [http-nio-8081-exec-7] INFO  com.capstone.aspect.LoggerAspect - Method arguments:[Ljava.lang.Object;@2d974c0
2022-10-15 13:06:04 [http-nio-8081-exec-7] INFO  com.capstone.aspect.LoggerAspect - *************************************
2022-10-15 13:06:04 [http-nio-8081-exec-7] INFO  com.capstone.aspect.LoggerAspect - During: class com.capstone.service.EmiServiceImp.getEmiData() with arguments=emi [s_no=10, loanaccno=202211051, loan_status=active, emi_amount=11973.122, upcomming_payment_date=2022-11-07, remaining_amount=479828.4]
2022-10-15 13:06:04 [http-nio-8081-exec-7] INFO  com.capstone.aspect.LoggerAspect - *************************************
2022-10-15 13:06:04 [http-nio-8081-exec-7] INFO  com.capstone.aspect.LoggerAspect - During: class com.capstone.controller.EmiController.getemiofAccount() with arguments=<200 OK OK,emi [s_no=10, loanaccno=202211051, loan_status=active, emi_amount=11973.122, upcomming_payment_date=2022-11-07, remaining_amount=479828.4],[]>
2022-10-15 13:06:04 [http-nio-8081-exec-7] INFO  com.capstone.aspect.LoggerAspect - *************************************
2022-10-15 13:06:41 [http-nio-8081-exec-8] INFO  com.capstone.aspect.LoggerAspect - Method name: com.capstone.controller.EmiController
2022-10-15 13:06:41 [http-nio-8081-exec-8] INFO  com.capstone.aspect.LoggerAspect - Method arguments:[Ljava.lang.Object;@5f64fc5d
2022-10-15 13:06:41 [http-nio-8081-exec-8] INFO  com.capstone.aspect.LoggerAspect - *************************************
2022-10-15 13:06:41 [http-nio-8081-exec-8] INFO  com.capstone.aspect.LoggerAspect - Method name: com.capstone.service.EmiServiceImp
2022-10-15 13:06:41 [http-nio-8081-exec-8] INFO  com.capstone.aspect.LoggerAspect - Method arguments:[Ljava.lang.Object;@46e1e801
2022-10-15 13:06:41 [http-nio-8081-exec-8] INFO  com.capstone.aspect.LoggerAspect - *************************************
2022-10-15 13:06:41 [http-nio-8081-exec-8] INFO  com.capstone.aspect.LoggerAspect - During: class com.capstone.service.EmiServiceImp.getEmiData() with arguments=emi [s_no=10, loanaccno=202211051, loan_status=active, emi_amount=11973.122, upcomming_payment_date=2022-11-07, remaining_amount=479828.4]
2022-10-15 13:06:41 [http-nio-8081-exec-8] INFO  com.capstone.aspect.LoggerAspect - *************************************
2022-10-15 13:06:41 [http-nio-8081-exec-8] INFO  com.capstone.aspect.LoggerAspect - Method name: com.capstone.service.EmiServiceImp
2022-10-15 13:06:41 [http-nio-8081-exec-8] INFO  com.capstone.aspect.LoggerAspect - Method arguments:[Ljava.lang.Object;@5f76c991
2022-10-15 13:06:41 [http-nio-8081-exec-8] INFO  com.capstone.aspect.LoggerAspect - *************************************
2022-10-15 13:06:41 [http-nio-8081-exec-8] INFO  com.capstone.aspect.LoggerAspect - During: class com.capstone.service.EmiServiceImp.getEmiData() with arguments=emi [s_no=10, loanaccno=202211051, loan_status=active, emi_amount=11973.122, upcomming_payment_date=2022-11-07, remaining_amount=479828.4]
2022-10-15 13:06:41 [http-nio-8081-exec-8] INFO  com.capstone.aspect.LoggerAspect - *************************************
2022-10-15 13:06:41 [http-nio-8081-exec-8] INFO  com.capstone.aspect.LoggerAspect - During: class com.capstone.controller.EmiController.getemiofAccount() with arguments=<200 OK OK,emi [s_no=10, loanaccno=202211051, loan_status=active, emi_amount=11973.122, upcomming_payment_date=2022-11-07, remaining_amount=479828.4],[]>
2022-10-15 13:06:41 [http-nio-8081-exec-8] INFO  com.capstone.aspect.LoggerAspect - *************************************
2022-10-15 13:06:45 [http-nio-8081-exec-9] INFO  com.capstone.aspect.LoggerAspect - Method name: com.capstone.controller.EmiController
2022-10-15 13:06:45 [http-nio-8081-exec-9] INFO  com.capstone.aspect.LoggerAspect - Method arguments:[Ljava.lang.Object;@6529518e
2022-10-15 13:06:45 [http-nio-8081-exec-9] INFO  com.capstone.aspect.LoggerAspect - *************************************
2022-10-15 13:06:45 [http-nio-8081-exec-9] INFO  com.capstone.aspect.LoggerAspect - Method name: com.capstone.service.EmiServiceImp
2022-10-15 13:06:45 [http-nio-8081-exec-9] INFO  com.capstone.aspect.LoggerAspect - Method arguments:[Ljava.lang.Object;@7f683e18
2022-10-15 13:06:45 [http-nio-8081-exec-9] INFO  com.capstone.aspect.LoggerAspect - *************************************
2022-10-15 13:06:45 [http-nio-8081-exec-9] INFO  com.capstone.aspect.LoggerAspect - During: class com.capstone.service.EmiServiceImp.getEmiData() with arguments=emi [s_no=10, loanaccno=202211051, loan_status=active, emi_amount=11973.122, upcomming_payment_date=2022-11-07, remaining_amount=479828.4]
2022-10-15 13:06:45 [http-nio-8081-exec-9] INFO  com.capstone.aspect.LoggerAspect - *************************************
2022-10-15 13:06:45 [http-nio-8081-exec-9] INFO  com.capstone.aspect.LoggerAspect - Method name: com.capstone.service.EmiServiceImp
2022-10-15 13:06:45 [http-nio-8081-exec-9] INFO  com.capstone.aspect.LoggerAspect - Method arguments:[Ljava.lang.Object;@783d7ad2
2022-10-15 13:06:45 [http-nio-8081-exec-9] INFO  com.capstone.aspect.LoggerAspect - *************************************
2022-10-15 13:06:45 [http-nio-8081-exec-9] INFO  com.capstone.aspect.LoggerAspect - During: class com.capstone.service.EmiServiceImp.getEmiData() with arguments=emi [s_no=10, loanaccno=202211051, loan_status=active, emi_amount=11973.122, upcomming_payment_date=2022-11-07, remaining_amount=479828.4]
2022-10-15 13:06:45 [http-nio-8081-exec-9] INFO  com.capstone.aspect.LoggerAspect - *************************************
2022-10-15 13:06:45 [http-nio-8081-exec-9] INFO  com.capstone.aspect.LoggerAspect - During: class com.capstone.controller.EmiController.getemiofAccount() with arguments=<200 OK OK,emi [s_no=10, loanaccno=202211051, loan_status=active, emi_amount=11973.122, upcomming_payment_date=2022-11-07, remaining_amount=479828.4],[]>
2022-10-15 13:06:45 [http-nio-8081-exec-9] INFO  com.capstone.aspect.LoggerAspect - *************************************
2022-10-15 13:06:55 [http-nio-8081-exec-10] INFO  com.capstone.aspect.LoggerAspect - Method name: com.capstone.controller.EmiController
2022-10-15 13:06:55 [http-nio-8081-exec-10] INFO  com.capstone.aspect.LoggerAspect - Method arguments:[Ljava.lang.Object;@29d66bf7
2022-10-15 13:06:55 [http-nio-8081-exec-10] INFO  com.capstone.aspect.LoggerAspect - *************************************
2022-10-15 13:06:55 [http-nio-8081-exec-10] INFO  com.capstone.aspect.LoggerAspect - Method name: com.capstone.service.EmiServiceImp
2022-10-15 13:06:55 [http-nio-8081-exec-10] INFO  com.capstone.aspect.LoggerAspect - Method arguments:[Ljava.lang.Object;@4cc8abaa
2022-10-15 13:06:55 [http-nio-8081-exec-10] INFO  com.capstone.aspect.LoggerAspect - *************************************
2022-10-15 13:06:55 [http-nio-8081-exec-10] INFO  com.capstone.aspect.LoggerAspect - During: class com.capstone.service.EmiServiceImp.getEmiData() with arguments=emi [s_no=10, loanaccno=202211051, loan_status=active, emi_amount=11973.122, upcomming_payment_date=2022-11-07, remaining_amount=479828.4]
2022-10-15 13:06:55 [http-nio-8081-exec-10] INFO  com.capstone.aspect.LoggerAspect - *************************************
2022-10-15 13:06:55 [http-nio-8081-exec-10] INFO  com.capstone.aspect.LoggerAspect - Method name: com.capstone.service.EmiServiceImp
2022-10-15 13:06:55 [http-nio-8081-exec-10] INFO  com.capstone.aspect.LoggerAspect - Method arguments:[Ljava.lang.Object;@15996fb0
2022-10-15 13:06:55 [http-nio-8081-exec-10] INFO  com.capstone.aspect.LoggerAspect - *************************************
2022-10-15 13:06:55 [http-nio-8081-exec-10] INFO  com.capstone.aspect.LoggerAspect - During: class com.capstone.service.EmiServiceImp.getEmiData() with arguments=emi [s_no=10, loanaccno=202211051, loan_status=active, emi_amount=11973.122, upcomming_payment_date=2022-11-07, remaining_amount=479828.4]
2022-10-15 13:06:55 [http-nio-8081-exec-10] INFO  com.capstone.aspect.LoggerAspect - *************************************
2022-10-15 13:06:55 [http-nio-8081-exec-10] INFO  com.capstone.aspect.LoggerAspect - During: class com.capstone.controller.EmiController.getemiofAccount() with arguments=<200 OK OK,emi [s_no=10, loanaccno=202211051, loan_status=active, emi_amount=11973.122, upcomming_payment_date=2022-11-07, remaining_amount=479828.4],[]>
2022-10-15 13:06:55 [http-nio-8081-exec-10] INFO  com.capstone.aspect.LoggerAspect - *************************************
2022-10-15 13:08:06 [http-nio-8081-exec-2] INFO  com.capstone.aspect.LoggerAspect - Method name: com.capstone.controller.EmiController
2022-10-15 13:08:06 [http-nio-8081-exec-2] INFO  com.capstone.aspect.LoggerAspect - Method arguments:[Ljava.lang.Object;@63edaa8f
2022-10-15 13:08:06 [http-nio-8081-exec-2] INFO  com.capstone.aspect.LoggerAspect - *************************************
2022-10-15 13:08:06 [http-nio-8081-exec-2] INFO  com.capstone.aspect.LoggerAspect - Method name: com.capstone.service.EmiServiceImp
2022-10-15 13:08:06 [http-nio-8081-exec-2] INFO  com.capstone.aspect.LoggerAspect - Method arguments:[Ljava.lang.Object;@5e12cbc9
2022-10-15 13:08:06 [http-nio-8081-exec-2] INFO  com.capstone.aspect.LoggerAspect - *************************************
2022-10-15 13:08:06 [http-nio-8081-exec-2] INFO  com.capstone.aspect.LoggerAspect - During: class com.capstone.service.EmiServiceImp.getEmiData() with arguments=emi [s_no=10, loanaccno=202211051, loan_status=active, emi_amount=11973.122, upcomming_payment_date=2022-11-07, remaining_amount=479828.4]
2022-10-15 13:08:06 [http-nio-8081-exec-2] INFO  com.capstone.aspect.LoggerAspect - *************************************
2022-10-15 13:08:06 [http-nio-8081-exec-2] INFO  com.capstone.aspect.LoggerAspect - Method name: com.capstone.service.EmiServiceImp
2022-10-15 13:08:06 [http-nio-8081-exec-2] INFO  com.capstone.aspect.LoggerAspect - Method arguments:[Ljava.lang.Object;@58bca142
2022-10-15 13:08:06 [http-nio-8081-exec-2] INFO  com.capstone.aspect.LoggerAspect - *************************************
2022-10-15 13:08:06 [http-nio-8081-exec-2] INFO  com.capstone.aspect.LoggerAspect - During: class com.capstone.service.EmiServiceImp.getEmiData() with arguments=emi [s_no=10, loanaccno=202211051, loan_status=active, emi_amount=11973.122, upcomming_payment_date=2022-11-07, remaining_amount=479828.4]
2022-10-15 13:08:06 [http-nio-8081-exec-2] INFO  com.capstone.aspect.LoggerAspect - *************************************
2022-10-15 13:08:06 [http-nio-8081-exec-2] INFO  com.capstone.aspect.LoggerAspect - During: class com.capstone.controller.EmiController.getemiofAccount() with arguments=<200 OK OK,emi [s_no=10, loanaccno=202211051, loan_status=active, emi_amount=11973.122, upcomming_payment_date=2022-11-07, remaining_amount=479828.4],[]>
2022-10-15 13:08:06 [http-nio-8081-exec-2] INFO  com.capstone.aspect.LoggerAspect - *************************************
2022-10-15 13:08:11 [http-nio-8081-exec-3] INFO  com.capstone.aspect.LoggerAspect - Method name: com.capstone.controller.EmiController
2022-10-15 13:08:11 [http-nio-8081-exec-3] INFO  com.capstone.aspect.LoggerAspect - Method arguments:[Ljava.lang.Object;@2a018758
2022-10-15 13:08:11 [http-nio-8081-exec-3] INFO  com.capstone.aspect.LoggerAspect - *************************************
2022-10-15 13:08:11 [http-nio-8081-exec-3] INFO  com.capstone.aspect.LoggerAspect - Method name: com.capstone.service.EmiServiceImp
2022-10-15 13:08:11 [http-nio-8081-exec-3] INFO  com.capstone.aspect.LoggerAspect - Method arguments:[Ljava.lang.Object;@35c27575
2022-10-15 13:08:11 [http-nio-8081-exec-3] INFO  com.capstone.aspect.LoggerAspect - *************************************
2022-10-15 13:08:11 [http-nio-8081-exec-3] INFO  com.capstone.aspect.LoggerAspect - During: class com.capstone.service.EmiServiceImp.getEmiData() with arguments=emi [s_no=10, loanaccno=202211051, loan_status=active, emi_amount=11973.122, upcomming_payment_date=2022-11-07, remaining_amount=479828.4]
2022-10-15 13:08:11 [http-nio-8081-exec-3] INFO  com.capstone.aspect.LoggerAspect - *************************************
2022-10-15 13:08:11 [http-nio-8081-exec-3] INFO  com.capstone.aspect.LoggerAspect - Method name: com.capstone.service.EmiServiceImp
2022-10-15 13:08:11 [http-nio-8081-exec-3] INFO  com.capstone.aspect.LoggerAspect - Method arguments:[Ljava.lang.Object;@6d73392
2022-10-15 13:08:11 [http-nio-8081-exec-3] INFO  com.capstone.aspect.LoggerAspect - *************************************
2022-10-15 13:08:11 [http-nio-8081-exec-3] INFO  com.capstone.aspect.LoggerAspect - During: class com.capstone.service.EmiServiceImp.getEmiData() with arguments=emi [s_no=10, loanaccno=202211051, loan_status=active, emi_amount=11973.122, upcomming_payment_date=2022-11-07, remaining_amount=479828.4]
2022-10-15 13:08:11 [http-nio-8081-exec-3] INFO  com.capstone.aspect.LoggerAspect - *************************************
2022-10-15 13:08:11 [http-nio-8081-exec-3] INFO  com.capstone.aspect.LoggerAspect - During: class com.capstone.controller.EmiController.getemiofAccount() with arguments=<200 OK OK,emi [s_no=10, loanaccno=202211051, loan_status=active, emi_amount=11973.122, upcomming_payment_date=2022-11-07, remaining_amount=479828.4],[]>
2022-10-15 13:08:11 [http-nio-8081-exec-3] INFO  com.capstone.aspect.LoggerAspect - *************************************
2022-10-15 13:08:20 [http-nio-8081-exec-4] INFO  com.capstone.aspect.LoggerAspect - Method name: com.capstone.controller.EmiController
2022-10-15 13:08:20 [http-nio-8081-exec-4] INFO  com.capstone.aspect.LoggerAspect - Method arguments:[Ljava.lang.Object;@1819b49f
2022-10-15 13:08:20 [http-nio-8081-exec-4] INFO  com.capstone.aspect.LoggerAspect - *************************************
2022-10-15 13:08:20 [http-nio-8081-exec-4] INFO  com.capstone.aspect.LoggerAspect - Method name: com.capstone.service.EmiServiceImp
2022-10-15 13:08:20 [http-nio-8081-exec-4] INFO  com.capstone.aspect.LoggerAspect - Method arguments:[Ljava.lang.Object;@6c4b15
2022-10-15 13:08:20 [http-nio-8081-exec-4] INFO  com.capstone.aspect.LoggerAspect - *************************************
2022-10-15 13:08:20 [http-nio-8081-exec-4] INFO  com.capstone.aspect.LoggerAspect - During: class com.capstone.service.EmiServiceImp.getEmiData() with arguments=emi [s_no=10, loanaccno=202211051, loan_status=active, emi_amount=11973.122, upcomming_payment_date=2022-11-07, remaining_amount=479828.4]
2022-10-15 13:08:20 [http-nio-8081-exec-4] INFO  com.capstone.aspect.LoggerAspect - *************************************
2022-10-15 13:08:20 [http-nio-8081-exec-4] INFO  com.capstone.aspect.LoggerAspect - Method name: com.capstone.service.EmiServiceImp
2022-10-15 13:08:20 [http-nio-8081-exec-4] INFO  com.capstone.aspect.LoggerAspect - Method arguments:[Ljava.lang.Object;@56c69a1b
2022-10-15 13:08:20 [http-nio-8081-exec-4] INFO  com.capstone.aspect.LoggerAspect - *************************************
2022-10-15 13:08:20 [http-nio-8081-exec-4] INFO  com.capstone.aspect.LoggerAspect - During: class com.capstone.service.EmiServiceImp.getEmiData() with arguments=emi [s_no=10, loanaccno=202211051, loan_status=active, emi_amount=11973.122, upcomming_payment_date=2022-11-07, remaining_amount=479828.4]
2022-10-15 13:08:20 [http-nio-8081-exec-4] INFO  com.capstone.aspect.LoggerAspect - *************************************
2022-10-15 13:08:20 [http-nio-8081-exec-4] INFO  com.capstone.aspect.LoggerAspect - During: class com.capstone.controller.EmiController.getemiofAccount() with arguments=<200 OK OK,emi [s_no=10, loanaccno=202211051, loan_status=active, emi_amount=11973.122, upcomming_payment_date=2022-11-07, remaining_amount=479828.4],[]>
2022-10-15 13:08:20 [http-nio-8081-exec-4] INFO  com.capstone.aspect.LoggerAspect - *************************************
2022-10-15 13:10:24 [AsyncResolver-bootstrap-executor-0] INFO  c.n.d.s.r.aws.ConfigClusterResolver - Resolving eureka endpoints via configuration
2022-10-15 13:12:46 [http-nio-8081-exec-6] INFO  com.capstone.aspect.LoggerAspect - Method name: com.capstone.controller.EmiController
2022-10-15 13:12:46 [http-nio-8081-exec-6] INFO  com.capstone.aspect.LoggerAspect - Method arguments:[Ljava.lang.Object;@13cf83ec
2022-10-15 13:12:46 [http-nio-8081-exec-6] INFO  com.capstone.aspect.LoggerAspect - *************************************
2022-10-15 13:12:46 [http-nio-8081-exec-6] INFO  com.capstone.aspect.LoggerAspect - Method name: com.capstone.service.EmiServiceImp
2022-10-15 13:12:46 [http-nio-8081-exec-6] INFO  com.capstone.aspect.LoggerAspect - Method arguments:[Ljava.lang.Object;@10265966
2022-10-15 13:12:46 [http-nio-8081-exec-6] INFO  com.capstone.aspect.LoggerAspect - *************************************
2022-10-15 13:12:46 [http-nio-8081-exec-6] INFO  com.capstone.aspect.LoggerAspect - During: class com.capstone.service.EmiServiceImp.getEmiData() with arguments=emi [s_no=10, loanaccno=202211051, loan_status=active, emi_amount=11973.122, upcomming_payment_date=2022-11-07, remaining_amount=479828.4]
2022-10-15 13:12:46 [http-nio-8081-exec-6] INFO  com.capstone.aspect.LoggerAspect - *************************************
2022-10-15 13:12:46 [http-nio-8081-exec-6] INFO  com.capstone.aspect.LoggerAspect - Method name: com.capstone.service.EmiServiceImp
2022-10-15 13:12:46 [http-nio-8081-exec-6] INFO  com.capstone.aspect.LoggerAspect - Method arguments:[Ljava.lang.Object;@610139e8
2022-10-15 13:12:46 [http-nio-8081-exec-6] INFO  com.capstone.aspect.LoggerAspect - *************************************
2022-10-15 13:12:46 [http-nio-8081-exec-6] INFO  com.capstone.aspect.LoggerAspect - During: class com.capstone.service.EmiServiceImp.getEmiData() with arguments=emi [s_no=10, loanaccno=202211051, loan_status=active, emi_amount=11973.122, upcomming_payment_date=2022-11-07, remaining_amount=479828.4]
2022-10-15 13:12:46 [http-nio-8081-exec-6] INFO  com.capstone.aspect.LoggerAspect - *************************************
2022-10-15 13:12:46 [http-nio-8081-exec-6] INFO  com.capstone.aspect.LoggerAspect - During: class com.capstone.controller.EmiController.getemiofAccount() with arguments=<200 OK OK,emi [s_no=10, loanaccno=202211051, loan_status=active, emi_amount=11973.122, upcomming_payment_date=2022-11-07, remaining_amount=479828.4],[]>
2022-10-15 13:12:46 [http-nio-8081-exec-6] INFO  com.capstone.aspect.LoggerAspect - *************************************
2022-10-15 13:12:50 [http-nio-8081-exec-7] INFO  com.capstone.aspect.LoggerAspect - Method name: com.capstone.controller.EmiController
2022-10-15 13:12:50 [http-nio-8081-exec-7] INFO  com.capstone.aspect.LoggerAspect - Method arguments:[Ljava.lang.Object;@efdaf9a
2022-10-15 13:12:50 [http-nio-8081-exec-7] INFO  com.capstone.aspect.LoggerAspect - *************************************
2022-10-15 13:12:50 [http-nio-8081-exec-7] INFO  com.capstone.aspect.LoggerAspect - Method name: com.capstone.service.EmiServiceImp
2022-10-15 13:12:50 [http-nio-8081-exec-7] INFO  com.capstone.aspect.LoggerAspect - Method arguments:[Ljava.lang.Object;@748956a8
2022-10-15 13:12:50 [http-nio-8081-exec-7] INFO  com.capstone.aspect.LoggerAspect - *************************************
2022-10-15 13:12:50 [http-nio-8081-exec-7] INFO  com.capstone.aspect.LoggerAspect - During: class com.capstone.service.EmiServiceImp.getEmiData() with arguments=emi [s_no=10, loanaccno=202211051, loan_status=active, emi_amount=11973.122, upcomming_payment_date=2022-11-07, remaining_amount=479828.4]
2022-10-15 13:12:50 [http-nio-8081-exec-7] INFO  com.capstone.aspect.LoggerAspect - *************************************
2022-10-15 13:12:50 [http-nio-8081-exec-7] INFO  com.capstone.aspect.LoggerAspect - Method name: com.capstone.service.EmiServiceImp
2022-10-15 13:12:50 [http-nio-8081-exec-7] INFO  com.capstone.aspect.LoggerAspect - Method arguments:[Ljava.lang.Object;@7669d30b
2022-10-15 13:12:50 [http-nio-8081-exec-7] INFO  com.capstone.aspect.LoggerAspect - *************************************
2022-10-15 13:12:50 [http-nio-8081-exec-7] INFO  com.capstone.aspect.LoggerAspect - During: class com.capstone.service.EmiServiceImp.getEmiData() with arguments=emi [s_no=10, loanaccno=202211051, loan_status=active, emi_amount=11973.122, upcomming_payment_date=2022-11-07, remaining_amount=479828.4]
2022-10-15 13:12:50 [http-nio-8081-exec-7] INFO  com.capstone.aspect.LoggerAspect - *************************************
2022-10-15 13:12:50 [http-nio-8081-exec-7] INFO  com.capstone.aspect.LoggerAspect - During: class com.capstone.controller.EmiController.getemiofAccount() with arguments=<200 OK OK,emi [s_no=10, loanaccno=202211051, loan_status=active, emi_amount=11973.122, upcomming_payment_date=2022-11-07, remaining_amount=479828.4],[]>
2022-10-15 13:12:50 [http-nio-8081-exec-7] INFO  com.capstone.aspect.LoggerAspect - *************************************
2022-10-15 13:15:24 [AsyncResolver-bootstrap-executor-0] INFO  c.n.d.s.r.aws.ConfigClusterResolver - Resolving eureka endpoints via configuration
2022-10-15 13:20:24 [AsyncResolver-bootstrap-executor-0] INFO  c.n.d.s.r.aws.ConfigClusterResolver - Resolving eureka endpoints via configuration
2022-10-15 13:25:24 [AsyncResolver-bootstrap-executor-0] INFO  c.n.d.s.r.aws.ConfigClusterResolver - Resolving eureka endpoints via configuration
2022-10-15 13:30:24 [AsyncResolver-bootstrap-executor-0] INFO  c.n.d.s.r.aws.ConfigClusterResolver - Resolving eureka endpoints via configuration
2022-10-15 13:35:24 [AsyncResolver-bootstrap-executor-0] INFO  c.n.d.s.r.aws.ConfigClusterResolver - Resolving eureka endpoints via configuration
2022-10-15 13:40:24 [AsyncResolver-bootstrap-executor-0] INFO  c.n.d.s.r.aws.ConfigClusterResolver - Resolving eureka endpoints via configuration
2022-10-15 13:41:22 [http-nio-8081-exec-9] INFO  com.capstone.aspect.LoggerAspect - Method name: com.capstone.controller.EmiController
2022-10-15 13:41:22 [http-nio-8081-exec-9] INFO  com.capstone.aspect.LoggerAspect - Method arguments:[Ljava.lang.Object;@3103d241
2022-10-15 13:41:22 [http-nio-8081-exec-9] INFO  com.capstone.aspect.LoggerAspect - *************************************
2022-10-15 13:41:22 [http-nio-8081-exec-9] INFO  com.capstone.aspect.LoggerAspect - Method name: com.capstone.service.EmiServiceImp
2022-10-15 13:41:22 [http-nio-8081-exec-9] INFO  com.capstone.aspect.LoggerAspect - Method arguments:[Ljava.lang.Object;@60752025
2022-10-15 13:41:22 [http-nio-8081-exec-9] INFO  com.capstone.aspect.LoggerAspect - *************************************
2022-10-15 13:41:23 [http-nio-8081-exec-9] INFO  com.capstone.aspect.LoggerAspect - During: class com.capstone.service.EmiServiceImp.getEmiData() with arguments=emi [s_no=10, loanaccno=202211051, loan_status=active, emi_amount=11973.122, upcomming_payment_date=2022-11-07, remaining_amount=479828.4]
2022-10-15 13:41:23 [http-nio-8081-exec-9] INFO  com.capstone.aspect.LoggerAspect - *************************************
2022-10-15 13:41:23 [http-nio-8081-exec-9] INFO  com.capstone.aspect.LoggerAspect - Method name: com.capstone.service.EmiServiceImp
2022-10-15 13:41:23 [http-nio-8081-exec-9] INFO  com.capstone.aspect.LoggerAspect - Method arguments:[Ljava.lang.Object;@2c341c46
2022-10-15 13:41:23 [http-nio-8081-exec-9] INFO  com.capstone.aspect.LoggerAspect - *************************************
2022-10-15 13:41:23 [http-nio-8081-exec-9] INFO  com.capstone.aspect.LoggerAspect - During: class com.capstone.service.EmiServiceImp.getEmiData() with arguments=emi [s_no=10, loanaccno=202211051, loan_status=active, emi_amount=11973.122, upcomming_payment_date=2022-11-07, remaining_amount=479828.4]
2022-10-15 13:41:23 [http-nio-8081-exec-9] INFO  com.capstone.aspect.LoggerAspect - *************************************
2022-10-15 13:41:23 [http-nio-8081-exec-9] INFO  com.capstone.aspect.LoggerAspect - During: class com.capstone.controller.EmiController.getemiofAccount() with arguments=<200 OK OK,emi [s_no=10, loanaccno=202211051, loan_status=active, emi_amount=11973.122, upcomming_payment_date=2022-11-07, remaining_amount=479828.4],[]>
2022-10-15 13:41:23 [http-nio-8081-exec-9] INFO  com.capstone.aspect.LoggerAspect - *************************************
2022-10-15 13:41:38 [http-nio-8081-exec-10] INFO  com.capstone.aspect.LoggerAspect - Method name: com.capstone.controller.EmiController
2022-10-15 13:41:38 [http-nio-8081-exec-10] INFO  com.capstone.aspect.LoggerAspect - Method arguments:[Ljava.lang.Object;@5ebe6393
2022-10-15 13:41:38 [http-nio-8081-exec-10] INFO  com.capstone.aspect.LoggerAspect - *************************************
2022-10-15 13:41:38 [http-nio-8081-exec-10] INFO  com.capstone.aspect.LoggerAspect - Method name: com.capstone.service.EmiServiceImp
2022-10-15 13:41:38 [http-nio-8081-exec-10] INFO  com.capstone.aspect.LoggerAspect - Method arguments:[Ljava.lang.Object;@59bc8565
2022-10-15 13:41:38 [http-nio-8081-exec-10] INFO  com.capstone.aspect.LoggerAspect - *************************************
2022-10-15 13:41:38 [http-nio-8081-exec-10] INFO  com.capstone.aspect.LoggerAspect - During: class com.capstone.service.EmiServiceImp.getEmiData() with arguments=emi [s_no=10, loanaccno=202211051, loan_status=active, emi_amount=11973.122, upcomming_payment_date=2022-11-07, remaining_amount=479828.4]
2022-10-15 13:41:38 [http-nio-8081-exec-10] INFO  com.capstone.aspect.LoggerAspect - *************************************
2022-10-15 13:41:38 [http-nio-8081-exec-10] INFO  com.capstone.aspect.LoggerAspect - Method name: com.capstone.service.EmiServiceImp
2022-10-15 13:41:38 [http-nio-8081-exec-10] INFO  com.capstone.aspect.LoggerAspect - Method arguments:[Ljava.lang.Object;@4b8fab9c
2022-10-15 13:41:38 [http-nio-8081-exec-10] INFO  com.capstone.aspect.LoggerAspect - *************************************
2022-10-15 13:41:38 [http-nio-8081-exec-10] INFO  com.capstone.aspect.LoggerAspect - During: class com.capstone.service.EmiServiceImp.getEmiData() with arguments=emi [s_no=10, loanaccno=202211051, loan_status=active, emi_amount=11973.122, upcomming_payment_date=2022-11-07, remaining_amount=479828.4]
2022-10-15 13:41:38 [http-nio-8081-exec-10] INFO  com.capstone.aspect.LoggerAspect - *************************************
2022-10-15 13:41:38 [http-nio-8081-exec-10] INFO  com.capstone.aspect.LoggerAspect - During: class com.capstone.controller.EmiController.getemiofAccount() with arguments=<200 OK OK,emi [s_no=10, loanaccno=202211051, loan_status=active, emi_amount=11973.122, upcomming_payment_date=2022-11-07, remaining_amount=479828.4],[]>
2022-10-15 13:41:38 [http-nio-8081-exec-10] INFO  com.capstone.aspect.LoggerAspect - *************************************
2022-10-15 13:42:50 [http-nio-8081-exec-2] INFO  com.capstone.aspect.LoggerAspect - Method name: com.capstone.controller.EmiController
2022-10-15 13:42:50 [http-nio-8081-exec-2] INFO  com.capstone.aspect.LoggerAspect - Method arguments:[Ljava.lang.Object;@60d793a8
2022-10-15 13:42:50 [http-nio-8081-exec-2] INFO  com.capstone.aspect.LoggerAspect - *************************************
2022-10-15 13:42:50 [http-nio-8081-exec-2] INFO  com.capstone.aspect.LoggerAspect - Method name: com.capstone.service.EmiServiceImp
2022-10-15 13:42:50 [http-nio-8081-exec-2] INFO  com.capstone.aspect.LoggerAspect - Method arguments:[Ljava.lang.Object;@437d8bca
2022-10-15 13:42:50 [http-nio-8081-exec-2] INFO  com.capstone.aspect.LoggerAspect - *************************************
2022-10-15 13:42:51 [http-nio-8081-exec-2] INFO  com.capstone.aspect.LoggerAspect - During: class com.capstone.service.EmiServiceImp.getEmi() with arguments=[emi [s_no=1, loanaccno=202211011, loan_status=active, emi_amount=15910.0, upcomming_payment_date=2022-11-07, remaining_amount=1500000.0], emi [s_no=2, loanaccno=202211012, loan_status=active, emi_amount=4762.067, upcomming_payment_date=2022-11-07, remaining_amount=104577.1], emi [s_no=3, loanaccno=202211021, loan_status=active, emi_amount=3117.0, upcomming_payment_date=2022-11-07, remaining_amount=200000.0], emi [s_no=4, loanaccno=202211022, loan_status=active, emi_amount=14673.0, upcomming_payment_date=2022-11-07, remaining_amount=500000.0], emi [s_no=5, loanaccno=202211031, loan_status=active, emi_amount=4258.0, upcomming_payment_date=2022-11-07, remaining_amount=210000.0], emi [s_no=6, loanaccno=202211032, loan_status=active, emi_amount=57284.0, upcomming_payment_date=2022-11-07, remaining_amount=5000000.0], emi [s_no=7, loanaccno=202211033, loan_status=active, emi_amount=10271.0, upcomming_payment_date=2022-11-07, remaining_amount=350000.0], emi [s_no=8, loanaccno=202211041, loan_status=active, emi_amount=9818.0, upcomming_payment_date=2022-11-07, remaining_amount=410000.0], emi [s_no=9, loanaccno=202211042, loan_status=active, emi_amount=9837.0, upcomming_payment_date=2022-11-07, remaining_amount=320000.0], emi [s_no=10, loanaccno=202211051, loan_status=active, emi_amount=11973.122, upcomming_payment_date=2022-11-07, remaining_amount=479828.4]]
2022-10-15 13:42:51 [http-nio-8081-exec-2] INFO  com.capstone.aspect.LoggerAspect - *************************************
2022-10-15 13:42:51 [http-nio-8081-exec-2] INFO  com.capstone.aspect.LoggerAspect - During: class com.capstone.controller.EmiController.getemi() with arguments=<200 OK OK,[emi [s_no=1, loanaccno=202211011, loan_status=active, emi_amount=15910.0, upcomming_payment_date=2022-11-07, remaining_amount=1500000.0], emi [s_no=2, loanaccno=202211012, loan_status=active, emi_amount=4762.067, upcomming_payment_date=2022-11-07, remaining_amount=104577.1], emi [s_no=3, loanaccno=202211021, loan_status=active, emi_amount=3117.0, upcomming_payment_date=2022-11-07, remaining_amount=200000.0], emi [s_no=4, loanaccno=202211022, loan_status=active, emi_amount=14673.0, upcomming_payment_date=2022-11-07, remaining_amount=500000.0], emi [s_no=5, loanaccno=202211031, loan_status=active, emi_amount=4258.0, upcomming_payment_date=2022-11-07, remaining_amount=210000.0], emi [s_no=6, loanaccno=202211032, loan_status=active, emi_amount=57284.0, upcomming_payment_date=2022-11-07, remaining_amount=5000000.0], emi [s_no=7, loanaccno=202211033, loan_status=active, emi_amount=10271.0, upcomming_payment_date=2022-11-07, remaining_amount=350000.0], emi [s_no=8, loanaccno=202211041, loan_status=active, emi_amount=9818.0, upcomming_payment_date=2022-11-07, remaining_amount=410000.0], emi [s_no=9, loanaccno=202211042, loan_status=active, emi_amount=9837.0, upcomming_payment_date=2022-11-07, remaining_amount=320000.0], emi [s_no=10, loanaccno=202211051, loan_status=active, emi_amount=11973.122, upcomming_payment_date=2022-11-07, remaining_amount=479828.4]],[]>
2022-10-15 13:42:51 [http-nio-8081-exec-2] INFO  com.capstone.aspect.LoggerAspect - *************************************
2022-10-15 13:43:50 [http-nio-8081-exec-3] WARN  o.s.w.s.m.s.DefaultHandlerExceptionResolver - Resolved [org.springframework.web.HttpRequestMethodNotSupportedException: Request method 'GET' not supported]
2022-10-15 13:43:56 [http-nio-8081-exec-4] INFO  com.capstone.aspect.LoggerAspect - Method name: com.capstone.controller.EmiController
2022-10-15 13:43:56 [http-nio-8081-exec-4] INFO  com.capstone.aspect.LoggerAspect - Method arguments:[Ljava.lang.Object;@4a7821d0
2022-10-15 13:43:56 [http-nio-8081-exec-4] INFO  com.capstone.aspect.LoggerAspect - *************************************
2022-10-15 13:43:56 [http-nio-8081-exec-4] INFO  com.capstone.aspect.LoggerAspect - Method name: com.capstone.service.EmiServiceImp
2022-10-15 13:43:56 [http-nio-8081-exec-4] INFO  com.capstone.aspect.LoggerAspect - Method arguments:[Ljava.lang.Object;@24923c6a
2022-10-15 13:43:56 [http-nio-8081-exec-4] INFO  com.capstone.aspect.LoggerAspect - *************************************
2022-10-15 13:43:57 [http-nio-8081-exec-4] INFO  com.capstone.aspect.LoggerAspect - During: class com.capstone.service.EmiServiceImp.updateEMI() with arguments=emi [s_no=10, loanaccno=202211051, loan_status=active, emi_amount=11973.122, upcomming_payment_date=2022-11-07, remaining_amount=5000000.0]
2022-10-15 13:43:57 [http-nio-8081-exec-4] INFO  com.capstone.aspect.LoggerAspect - *************************************
2022-10-15 13:43:57 [http-nio-8081-exec-4] INFO  com.capstone.aspect.LoggerAspect - During: class com.capstone.controller.EmiController.updateEMI() with arguments=<200 OK OK,{message=emi updated},[]>
2022-10-15 13:43:57 [http-nio-8081-exec-4] INFO  com.capstone.aspect.LoggerAspect - *************************************
2022-10-15 13:44:01 [http-nio-8081-exec-5] INFO  com.capstone.aspect.LoggerAspect - Method name: com.capstone.controller.EmiController
2022-10-15 13:44:01 [http-nio-8081-exec-5] INFO  com.capstone.aspect.LoggerAspect - Method arguments:[Ljava.lang.Object;@4257ffae
2022-10-15 13:44:01 [http-nio-8081-exec-5] INFO  com.capstone.aspect.LoggerAspect - *************************************
2022-10-15 13:44:01 [http-nio-8081-exec-5] INFO  com.capstone.aspect.LoggerAspect - Method name: com.capstone.service.EmiServiceImp
2022-10-15 13:44:01 [http-nio-8081-exec-5] INFO  com.capstone.aspect.LoggerAspect - Method arguments:[Ljava.lang.Object;@2d039556
2022-10-15 13:44:01 [http-nio-8081-exec-5] INFO  com.capstone.aspect.LoggerAspect - *************************************
2022-10-15 13:44:01 [http-nio-8081-exec-5] INFO  com.capstone.aspect.LoggerAspect - During: class com.capstone.service.EmiServiceImp.getEmiData() with arguments=emi [s_no=10, loanaccno=202211051, loan_status=active, emi_amount=11973.122, upcomming_payment_date=2022-11-07, remaining_amount=5000000.0]
2022-10-15 13:44:01 [http-nio-8081-exec-5] INFO  com.capstone.aspect.LoggerAspect - *************************************
2022-10-15 13:44:01 [http-nio-8081-exec-5] INFO  com.capstone.aspect.LoggerAspect - Method name: com.capstone.service.EmiServiceImp
2022-10-15 13:44:01 [http-nio-8081-exec-5] INFO  com.capstone.aspect.LoggerAspect - Method arguments:[Ljava.lang.Object;@1677b98b
2022-10-15 13:44:01 [http-nio-8081-exec-5] INFO  com.capstone.aspect.LoggerAspect - *************************************
2022-10-15 13:44:01 [http-nio-8081-exec-5] INFO  com.capstone.aspect.LoggerAspect - During: class com.capstone.service.EmiServiceImp.getEmiData() with arguments=emi [s_no=10, loanaccno=202211051, loan_status=active, emi_amount=11973.122, upcomming_payment_date=2022-11-07, remaining_amount=5000000.0]
2022-10-15 13:44:01 [http-nio-8081-exec-5] INFO  com.capstone.aspect.LoggerAspect - *************************************
2022-10-15 13:44:01 [http-nio-8081-exec-5] INFO  com.capstone.aspect.LoggerAspect - During: class com.capstone.controller.EmiController.getemiofAccount() with arguments=<200 OK OK,emi [s_no=10, loanaccno=202211051, loan_status=active, emi_amount=11973.122, upcomming_payment_date=2022-11-07, remaining_amount=5000000.0],[]>
2022-10-15 13:44:01 [http-nio-8081-exec-5] INFO  com.capstone.aspect.LoggerAspect - *************************************
2022-10-15 13:44:17 [http-nio-8081-exec-6] INFO  com.capstone.aspect.LoggerAspect - Method name: com.capstone.controller.EmiController
2022-10-15 13:44:17 [http-nio-8081-exec-6] INFO  com.capstone.aspect.LoggerAspect - Method arguments:[Ljava.lang.Object;@1b16fda9
2022-10-15 13:44:17 [http-nio-8081-exec-6] INFO  com.capstone.aspect.LoggerAspect - *************************************
2022-10-15 13:44:17 [http-nio-8081-exec-6] INFO  com.capstone.aspect.LoggerAspect - Method name: com.capstone.service.EmiServiceImp
2022-10-15 13:44:17 [http-nio-8081-exec-6] INFO  com.capstone.aspect.LoggerAspect - Method arguments:[Ljava.lang.Object;@7c880426
2022-10-15 13:44:17 [http-nio-8081-exec-6] INFO  com.capstone.aspect.LoggerAspect - *************************************
2022-10-15 13:44:17 [http-nio-8081-exec-6] INFO  com.capstone.aspect.LoggerAspect - During: class com.capstone.service.EmiServiceImp.getEmiData() with arguments=emi [s_no=10, loanaccno=202211051, loan_status=active, emi_amount=11973.122, upcomming_payment_date=2022-11-07, remaining_amount=5000000.0]
2022-10-15 13:44:17 [http-nio-8081-exec-6] INFO  com.capstone.aspect.LoggerAspect - *************************************
2022-10-15 13:44:17 [http-nio-8081-exec-6] INFO  com.capstone.aspect.LoggerAspect - Method name: com.capstone.service.EmiServiceImp
2022-10-15 13:44:17 [http-nio-8081-exec-6] INFO  com.capstone.aspect.LoggerAspect - Method arguments:[Ljava.lang.Object;@5f212a4e
2022-10-15 13:44:17 [http-nio-8081-exec-6] INFO  com.capstone.aspect.LoggerAspect - *************************************
2022-10-15 13:44:17 [http-nio-8081-exec-6] INFO  com.capstone.aspect.LoggerAspect - During: class com.capstone.service.EmiServiceImp.getEmiData() with arguments=emi [s_no=10, loanaccno=202211051, loan_status=active, emi_amount=11973.122, upcomming_payment_date=2022-11-07, remaining_amount=5000000.0]
2022-10-15 13:44:17 [http-nio-8081-exec-6] INFO  com.capstone.aspect.LoggerAspect - *************************************
2022-10-15 13:44:17 [http-nio-8081-exec-6] INFO  com.capstone.aspect.LoggerAspect - During: class com.capstone.controller.EmiController.getemiofAccount() with arguments=<200 OK OK,emi [s_no=10, loanaccno=202211051, loan_status=active, emi_amount=11973.122, upcomming_payment_date=2022-11-07, remaining_amount=5000000.0],[]>
2022-10-15 13:44:17 [http-nio-8081-exec-6] INFO  com.capstone.aspect.LoggerAspect - *************************************
2022-10-15 13:44:20 [http-nio-8081-exec-7] INFO  com.capstone.aspect.LoggerAspect - Method name: com.capstone.controller.EmiController
2022-10-15 13:44:20 [http-nio-8081-exec-7] INFO  com.capstone.aspect.LoggerAspect - Method arguments:[Ljava.lang.Object;@70464561
2022-10-15 13:44:20 [http-nio-8081-exec-7] INFO  com.capstone.aspect.LoggerAspect - *************************************
2022-10-15 13:44:20 [http-nio-8081-exec-7] INFO  com.capstone.aspect.LoggerAspect - Method name: com.capstone.service.EmiServiceImp
2022-10-15 13:44:20 [http-nio-8081-exec-7] INFO  com.capstone.aspect.LoggerAspect - Method arguments:[Ljava.lang.Object;@d2fd1fd
2022-10-15 13:44:20 [http-nio-8081-exec-7] INFO  com.capstone.aspect.LoggerAspect - *************************************
2022-10-15 13:44:20 [http-nio-8081-exec-7] INFO  com.capstone.aspect.LoggerAspect - During: class com.capstone.service.EmiServiceImp.getEmiData() with arguments=emi [s_no=10, loanaccno=202211051, loan_status=active, emi_amount=11973.122, upcomming_payment_date=2022-11-07, remaining_amount=5000000.0]
2022-10-15 13:44:20 [http-nio-8081-exec-7] INFO  com.capstone.aspect.LoggerAspect - *************************************
2022-10-15 13:44:20 [http-nio-8081-exec-7] INFO  com.capstone.aspect.LoggerAspect - Method name: com.capstone.service.EmiServiceImp
2022-10-15 13:44:20 [http-nio-8081-exec-7] INFO  com.capstone.aspect.LoggerAspect - Method arguments:[Ljava.lang.Object;@253ff4d7
2022-10-15 13:44:20 [http-nio-8081-exec-7] INFO  com.capstone.aspect.LoggerAspect - *************************************
2022-10-15 13:44:20 [http-nio-8081-exec-7] INFO  com.capstone.aspect.LoggerAspect - During: class com.capstone.service.EmiServiceImp.getEmiData() with arguments=emi [s_no=10, loanaccno=202211051, loan_status=active, emi_amount=11973.122, upcomming_payment_date=2022-11-07, remaining_amount=5000000.0]
2022-10-15 13:44:20 [http-nio-8081-exec-7] INFO  com.capstone.aspect.LoggerAspect - *************************************
2022-10-15 13:44:20 [http-nio-8081-exec-7] INFO  com.capstone.aspect.LoggerAspect - During: class com.capstone.controller.EmiController.getemiofAccount() with arguments=<200 OK OK,emi [s_no=10, loanaccno=202211051, loan_status=active, emi_amount=11973.122, upcomming_payment_date=2022-11-07, remaining_amount=5000000.0],[]>
2022-10-15 13:44:20 [http-nio-8081-exec-7] INFO  com.capstone.aspect.LoggerAspect - *************************************
2022-10-15 13:44:25 [http-nio-8081-exec-8] INFO  com.capstone.aspect.LoggerAspect - Method name: com.capstone.controller.EmiController
2022-10-15 13:44:25 [http-nio-8081-exec-8] INFO  com.capstone.aspect.LoggerAspect - Method arguments:[Ljava.lang.Object;@2e19ea2d
2022-10-15 13:44:25 [http-nio-8081-exec-8] INFO  com.capstone.aspect.LoggerAspect - *************************************
2022-10-15 13:44:25 [http-nio-8081-exec-8] INFO  com.capstone.aspect.LoggerAspect - Method name: com.capstone.service.EmiServiceImp
2022-10-15 13:44:25 [http-nio-8081-exec-8] INFO  com.capstone.aspect.LoggerAspect - Method arguments:[Ljava.lang.Object;@6edca8f6
2022-10-15 13:44:25 [http-nio-8081-exec-8] INFO  com.capstone.aspect.LoggerAspect - *************************************
2022-10-15 13:44:25 [http-nio-8081-exec-8] INFO  com.capstone.aspect.LoggerAspect - During: class com.capstone.service.EmiServiceImp.getEmiData() with arguments=emi [s_no=10, loanaccno=202211051, loan_status=active, emi_amount=11973.122, upcomming_payment_date=2022-11-07, remaining_amount=5000000.0]
2022-10-15 13:44:25 [http-nio-8081-exec-8] INFO  com.capstone.aspect.LoggerAspect - *************************************
2022-10-15 13:44:25 [http-nio-8081-exec-8] INFO  com.capstone.aspect.LoggerAspect - Method name: com.capstone.service.EmiServiceImp
2022-10-15 13:44:25 [http-nio-8081-exec-8] INFO  com.capstone.aspect.LoggerAspect - Method arguments:[Ljava.lang.Object;@4c0f4b35
2022-10-15 13:44:25 [http-nio-8081-exec-8] INFO  com.capstone.aspect.LoggerAspect - *************************************
2022-10-15 13:44:25 [http-nio-8081-exec-8] INFO  com.capstone.aspect.LoggerAspect - During: class com.capstone.service.EmiServiceImp.getEmiData() with arguments=emi [s_no=10, loanaccno=202211051, loan_status=active, emi_amount=11973.122, upcomming_payment_date=2022-11-07, remaining_amount=5000000.0]
2022-10-15 13:44:25 [http-nio-8081-exec-8] INFO  com.capstone.aspect.LoggerAspect - *************************************
2022-10-15 13:44:25 [http-nio-8081-exec-8] INFO  com.capstone.aspect.LoggerAspect - During: class com.capstone.controller.EmiController.getemiofAccount() with arguments=<200 OK OK,emi [s_no=10, loanaccno=202211051, loan_status=active, emi_amount=11973.122, upcomming_payment_date=2022-11-07, remaining_amount=5000000.0],[]>
2022-10-15 13:44:25 [http-nio-8081-exec-8] INFO  com.capstone.aspect.LoggerAspect - *************************************
2022-10-15 13:44:27 [http-nio-8081-exec-9] INFO  com.capstone.aspect.LoggerAspect - Method name: com.capstone.controller.EmiController
2022-10-15 13:44:27 [http-nio-8081-exec-9] INFO  com.capstone.aspect.LoggerAspect - Method arguments:[Ljava.lang.Object;@6b0d99b0
2022-10-15 13:44:27 [http-nio-8081-exec-9] INFO  com.capstone.aspect.LoggerAspect - *************************************
2022-10-15 13:44:27 [http-nio-8081-exec-9] INFO  com.capstone.aspect.LoggerAspect - Method name: com.capstone.service.EmiServiceImp
2022-10-15 13:44:27 [http-nio-8081-exec-9] INFO  com.capstone.aspect.LoggerAspect - Method arguments:[Ljava.lang.Object;@5003bf95
2022-10-15 13:44:27 [http-nio-8081-exec-9] INFO  com.capstone.aspect.LoggerAspect - *************************************
2022-10-15 13:44:27 [http-nio-8081-exec-9] INFO  com.capstone.aspect.LoggerAspect - During: class com.capstone.service.EmiServiceImp.getEmiData() with arguments=emi [s_no=10, loanaccno=202211051, loan_status=active, emi_amount=11973.122, upcomming_payment_date=2022-11-07, remaining_amount=5000000.0]
2022-10-15 13:44:27 [http-nio-8081-exec-9] INFO  com.capstone.aspect.LoggerAspect - *************************************
2022-10-15 13:44:27 [http-nio-8081-exec-9] INFO  com.capstone.aspect.LoggerAspect - Method name: com.capstone.service.EmiServiceImp
2022-10-15 13:44:27 [http-nio-8081-exec-9] INFO  com.capstone.aspect.LoggerAspect - Method arguments:[Ljava.lang.Object;@4f5ad223
2022-10-15 13:44:27 [http-nio-8081-exec-9] INFO  com.capstone.aspect.LoggerAspect - *************************************
2022-10-15 13:44:27 [http-nio-8081-exec-9] INFO  com.capstone.aspect.LoggerAspect - During: class com.capstone.service.EmiServiceImp.getEmiData() with arguments=emi [s_no=10, loanaccno=202211051, loan_status=active, emi_amount=11973.122, upcomming_payment_date=2022-11-07, remaining_amount=5000000.0]
2022-10-15 13:44:27 [http-nio-8081-exec-9] INFO  com.capstone.aspect.LoggerAspect - *************************************
2022-10-15 13:44:27 [http-nio-8081-exec-9] INFO  com.capstone.aspect.LoggerAspect - During: class com.capstone.controller.EmiController.getemiofAccount() with arguments=<200 OK OK,emi [s_no=10, loanaccno=202211051, loan_status=active, emi_amount=11973.122, upcomming_payment_date=2022-11-07, remaining_amount=5000000.0],[]>
2022-10-15 13:44:27 [http-nio-8081-exec-9] INFO  com.capstone.aspect.LoggerAspect - *************************************
2022-10-15 13:44:51 [http-nio-8081-exec-10] INFO  com.capstone.aspect.LoggerAspect - Method name: com.capstone.controller.EmiController
2022-10-15 13:44:51 [http-nio-8081-exec-10] INFO  com.capstone.aspect.LoggerAspect - Method arguments:[Ljava.lang.Object;@7cf7270c
2022-10-15 13:44:51 [http-nio-8081-exec-10] INFO  com.capstone.aspect.LoggerAspect - *************************************
2022-10-15 13:44:51 [http-nio-8081-exec-10] INFO  com.capstone.aspect.LoggerAspect - Method name: com.capstone.service.EmiServiceImp
2022-10-15 13:44:51 [http-nio-8081-exec-10] INFO  com.capstone.aspect.LoggerAspect - Method arguments:[Ljava.lang.Object;@53ed47c2
2022-10-15 13:44:51 [http-nio-8081-exec-10] INFO  com.capstone.aspect.LoggerAspect - *************************************
2022-10-15 13:44:51 [http-nio-8081-exec-10] INFO  com.capstone.aspect.LoggerAspect - During: class com.capstone.service.EmiServiceImp.getEmiData() with arguments=emi [s_no=10, loanaccno=202211051, loan_status=active, emi_amount=11973.122, upcomming_payment_date=2022-11-07, remaining_amount=5000000.0]
2022-10-15 13:44:51 [http-nio-8081-exec-10] INFO  com.capstone.aspect.LoggerAspect - *************************************
2022-10-15 13:44:51 [http-nio-8081-exec-10] INFO  com.capstone.aspect.LoggerAspect - Method name: com.capstone.service.EmiServiceImp
2022-10-15 13:44:51 [http-nio-8081-exec-10] INFO  com.capstone.aspect.LoggerAspect - Method arguments:[Ljava.lang.Object;@5b9d421
2022-10-15 13:44:51 [http-nio-8081-exec-10] INFO  com.capstone.aspect.LoggerAspect - *************************************
2022-10-15 13:44:52 [http-nio-8081-exec-10] INFO  com.capstone.aspect.LoggerAspect - During: class com.capstone.service.EmiServiceImp.getEmiData() with arguments=emi [s_no=10, loanaccno=202211051, loan_status=active, emi_amount=11973.122, upcomming_payment_date=2022-11-07, remaining_amount=5000000.0]
2022-10-15 13:44:52 [http-nio-8081-exec-10] INFO  com.capstone.aspect.LoggerAspect - *************************************
2022-10-15 13:44:52 [http-nio-8081-exec-10] INFO  com.capstone.aspect.LoggerAspect - During: class com.capstone.controller.EmiController.getemiofAccount() with arguments=<200 OK OK,emi [s_no=10, loanaccno=202211051, loan_status=active, emi_amount=11973.122, upcomming_payment_date=2022-11-07, remaining_amount=5000000.0],[]>
2022-10-15 13:44:52 [http-nio-8081-exec-10] INFO  com.capstone.aspect.LoggerAspect - *************************************
2022-10-15 13:44:57 [http-nio-8081-exec-1] INFO  com.capstone.aspect.LoggerAspect - Method name: com.capstone.controller.EmiController
2022-10-15 13:44:57 [http-nio-8081-exec-1] INFO  com.capstone.aspect.LoggerAspect - Method arguments:[Ljava.lang.Object;@4c675e0f
2022-10-15 13:44:57 [http-nio-8081-exec-1] INFO  com.capstone.aspect.LoggerAspect - *************************************
2022-10-15 13:44:57 [http-nio-8081-exec-1] INFO  com.capstone.aspect.LoggerAspect - Method name: com.capstone.service.EmiServiceImp
2022-10-15 13:44:57 [http-nio-8081-exec-1] INFO  com.capstone.aspect.LoggerAspect - Method arguments:[Ljava.lang.Object;@2e2dd26b
2022-10-15 13:44:57 [http-nio-8081-exec-1] INFO  com.capstone.aspect.LoggerAspect - *************************************
2022-10-15 13:44:57 [http-nio-8081-exec-1] INFO  com.capstone.aspect.LoggerAspect - During: class com.capstone.service.EmiServiceImp.getEmiData() with arguments=emi [s_no=10, loanaccno=202211051, loan_status=active, emi_amount=11973.122, upcomming_payment_date=2022-11-07, remaining_amount=5000000.0]
2022-10-15 13:44:57 [http-nio-8081-exec-1] INFO  com.capstone.aspect.LoggerAspect - *************************************
2022-10-15 13:44:57 [http-nio-8081-exec-1] INFO  com.capstone.aspect.LoggerAspect - Method name: com.capstone.service.EmiServiceImp
2022-10-15 13:44:57 [http-nio-8081-exec-1] INFO  com.capstone.aspect.LoggerAspect - Method arguments:[Ljava.lang.Object;@3b9e168b
2022-10-15 13:44:57 [http-nio-8081-exec-1] INFO  com.capstone.aspect.LoggerAspect - *************************************
2022-10-15 13:44:57 [http-nio-8081-exec-1] INFO  com.capstone.aspect.LoggerAspect - During: class com.capstone.service.EmiServiceImp.getEmiData() with arguments=emi [s_no=10, loanaccno=202211051, loan_status=active, emi_amount=11973.122, upcomming_payment_date=2022-11-07, remaining_amount=5000000.0]
2022-10-15 13:44:57 [http-nio-8081-exec-1] INFO  com.capstone.aspect.LoggerAspect - *************************************
2022-10-15 13:44:57 [http-nio-8081-exec-1] INFO  com.capstone.aspect.LoggerAspect - During: class com.capstone.controller.EmiController.getemiofAccount() with arguments=<200 OK OK,emi [s_no=10, loanaccno=202211051, loan_status=active, emi_amount=11973.122, upcomming_payment_date=2022-11-07, remaining_amount=5000000.0],[]>
2022-10-15 13:44:57 [http-nio-8081-exec-1] INFO  com.capstone.aspect.LoggerAspect - *************************************
2022-10-15 13:45:24 [http-nio-8081-exec-2] INFO  com.capstone.aspect.LoggerAspect - Method name: com.capstone.controller.EmiController
2022-10-15 13:45:24 [http-nio-8081-exec-2] INFO  com.capstone.aspect.LoggerAspect - Method arguments:[Ljava.lang.Object;@4f6446b
2022-10-15 13:45:24 [http-nio-8081-exec-2] INFO  com.capstone.aspect.LoggerAspect - *************************************
2022-10-15 13:45:24 [http-nio-8081-exec-2] INFO  com.capstone.aspect.LoggerAspect - Method name: com.capstone.service.EmiServiceImp
2022-10-15 13:45:24 [http-nio-8081-exec-2] INFO  com.capstone.aspect.LoggerAspect - Method arguments:[Ljava.lang.Object;@7f476cc3
2022-10-15 13:45:24 [http-nio-8081-exec-2] INFO  com.capstone.aspect.LoggerAspect - *************************************
2022-10-15 13:45:24 [http-nio-8081-exec-2] INFO  com.capstone.aspect.LoggerAspect - During: class com.capstone.service.EmiServiceImp.getEmiData() with arguments=emi [s_no=10, loanaccno=202211051, loan_status=active, emi_amount=11973.122, upcomming_payment_date=2022-11-07, remaining_amount=5000000.0]
2022-10-15 13:45:24 [http-nio-8081-exec-2] INFO  com.capstone.aspect.LoggerAspect - *************************************
2022-10-15 13:45:24 [http-nio-8081-exec-2] INFO  com.capstone.aspect.LoggerAspect - Method name: com.capstone.service.EmiServiceImp
2022-10-15 13:45:24 [http-nio-8081-exec-2] INFO  com.capstone.aspect.LoggerAspect - Method arguments:[Ljava.lang.Object;@1acb99ca
2022-10-15 13:45:24 [http-nio-8081-exec-2] INFO  com.capstone.aspect.LoggerAspect - *************************************
2022-10-15 13:45:24 [http-nio-8081-exec-2] INFO  com.capstone.aspect.LoggerAspect - During: class com.capstone.service.EmiServiceImp.getEmiData() with arguments=emi [s_no=10, loanaccno=202211051, loan_status=active, emi_amount=11973.122, upcomming_payment_date=2022-11-07, remaining_amount=5000000.0]
2022-10-15 13:45:24 [http-nio-8081-exec-2] INFO  com.capstone.aspect.LoggerAspect - *************************************
2022-10-15 13:45:24 [http-nio-8081-exec-2] INFO  com.capstone.aspect.LoggerAspect - During: class com.capstone.controller.EmiController.getemiofAccount() with arguments=<200 OK OK,emi [s_no=10, loanaccno=202211051, loan_status=active, emi_amount=11973.122, upcomming_payment_date=2022-11-07, remaining_amount=5000000.0],[]>
2022-10-15 13:45:24 [http-nio-8081-exec-2] INFO  com.capstone.aspect.LoggerAspect - *************************************
2022-10-15 13:45:24 [AsyncResolver-bootstrap-executor-0] INFO  c.n.d.s.r.aws.ConfigClusterResolver - Resolving eureka endpoints via configuration
2022-10-15 13:45:36 [http-nio-8081-exec-3] INFO  com.capstone.aspect.LoggerAspect - Method name: com.capstone.controller.EmiController
2022-10-15 13:45:36 [http-nio-8081-exec-3] INFO  com.capstone.aspect.LoggerAspect - Method arguments:[Ljava.lang.Object;@23c986b7
2022-10-15 13:45:36 [http-nio-8081-exec-3] INFO  com.capstone.aspect.LoggerAspect - *************************************
2022-10-15 13:45:36 [http-nio-8081-exec-3] INFO  com.capstone.aspect.LoggerAspect - Method name: com.capstone.service.EmiServiceImp
2022-10-15 13:45:36 [http-nio-8081-exec-3] INFO  com.capstone.aspect.LoggerAspect - Method arguments:[Ljava.lang.Object;@74252d9e
2022-10-15 13:45:36 [http-nio-8081-exec-3] INFO  com.capstone.aspect.LoggerAspect - *************************************
2022-10-15 13:45:36 [http-nio-8081-exec-3] INFO  com.capstone.aspect.LoggerAspect - During: class com.capstone.service.EmiServiceImp.getEmiData() with arguments=emi [s_no=10, loanaccno=202211051, loan_status=active, emi_amount=11973.122, upcomming_payment_date=2022-11-07, remaining_amount=5000000.0]
2022-10-15 13:45:36 [http-nio-8081-exec-3] INFO  com.capstone.aspect.LoggerAspect - *************************************
2022-10-15 13:45:36 [http-nio-8081-exec-3] INFO  com.capstone.aspect.LoggerAspect - Method name: com.capstone.service.EmiServiceImp
2022-10-15 13:45:36 [http-nio-8081-exec-3] INFO  com.capstone.aspect.LoggerAspect - Method arguments:[Ljava.lang.Object;@209930
2022-10-15 13:45:36 [http-nio-8081-exec-3] INFO  com.capstone.aspect.LoggerAspect - *************************************
2022-10-15 13:45:36 [http-nio-8081-exec-3] INFO  com.capstone.aspect.LoggerAspect - During: class com.capstone.service.EmiServiceImp.getEmiData() with arguments=emi [s_no=10, loanaccno=202211051, loan_status=active, emi_amount=11973.122, upcomming_payment_date=2022-11-07, remaining_amount=5000000.0]
2022-10-15 13:45:36 [http-nio-8081-exec-3] INFO  com.capstone.aspect.LoggerAspect - *************************************
2022-10-15 13:45:36 [http-nio-8081-exec-3] INFO  com.capstone.aspect.LoggerAspect - During: class com.capstone.controller.EmiController.getemiofAccount() with arguments=<200 OK OK,emi [s_no=10, loanaccno=202211051, loan_status=active, emi_amount=11973.122, upcomming_payment_date=2022-11-07, remaining_amount=5000000.0],[]>
2022-10-15 13:45:36 [http-nio-8081-exec-3] INFO  com.capstone.aspect.LoggerAspect - *************************************
2022-10-15 13:46:00 [http-nio-8081-exec-4] INFO  com.capstone.aspect.LoggerAspect - Method name: com.capstone.controller.EmiController
2022-10-15 13:46:00 [http-nio-8081-exec-4] INFO  com.capstone.aspect.LoggerAspect - Method arguments:[Ljava.lang.Object;@292c2dd
2022-10-15 13:46:00 [http-nio-8081-exec-4] INFO  com.capstone.aspect.LoggerAspect - *************************************
2022-10-15 13:46:00 [http-nio-8081-exec-4] INFO  com.capstone.aspect.LoggerAspect - Method name: com.capstone.service.EmiServiceImp
2022-10-15 13:46:00 [http-nio-8081-exec-4] INFO  com.capstone.aspect.LoggerAspect - Method arguments:[Ljava.lang.Object;@5ab2e100
2022-10-15 13:46:00 [http-nio-8081-exec-4] INFO  com.capstone.aspect.LoggerAspect - *************************************
2022-10-15 13:46:00 [http-nio-8081-exec-4] INFO  com.capstone.aspect.LoggerAspect - During: class com.capstone.service.EmiServiceImp.getEmiData() with arguments=emi [s_no=10, loanaccno=202211051, loan_status=active, emi_amount=11973.122, upcomming_payment_date=2022-11-07, remaining_amount=5000000.0]
2022-10-15 13:46:00 [http-nio-8081-exec-4] INFO  com.capstone.aspect.LoggerAspect - *************************************
2022-10-15 13:46:00 [http-nio-8081-exec-4] INFO  com.capstone.aspect.LoggerAspect - Method name: com.capstone.service.EmiServiceImp
2022-10-15 13:46:00 [http-nio-8081-exec-4] INFO  com.capstone.aspect.LoggerAspect - Method arguments:[Ljava.lang.Object;@4dd9452
2022-10-15 13:46:00 [http-nio-8081-exec-4] INFO  com.capstone.aspect.LoggerAspect - *************************************
2022-10-15 13:46:00 [http-nio-8081-exec-4] INFO  com.capstone.aspect.LoggerAspect - During: class com.capstone.service.EmiServiceImp.getEmiData() with arguments=emi [s_no=10, loanaccno=202211051, loan_status=active, emi_amount=11973.122, upcomming_payment_date=2022-11-07, remaining_amount=5000000.0]
2022-10-15 13:46:00 [http-nio-8081-exec-4] INFO  com.capstone.aspect.LoggerAspect - *************************************
2022-10-15 13:46:00 [http-nio-8081-exec-4] INFO  com.capstone.aspect.LoggerAspect - During: class com.capstone.controller.EmiController.getemiofAccount() with arguments=<200 OK OK,emi [s_no=10, loanaccno=202211051, loan_status=active, emi_amount=11973.122, upcomming_payment_date=2022-11-07, remaining_amount=5000000.0],[]>
2022-10-15 13:46:00 [http-nio-8081-exec-4] INFO  com.capstone.aspect.LoggerAspect - *************************************
2022-10-15 13:46:01 [http-nio-8081-exec-5] INFO  com.capstone.aspect.LoggerAspect - Method name: com.capstone.controller.EmiController
2022-10-15 13:46:01 [http-nio-8081-exec-5] INFO  com.capstone.aspect.LoggerAspect - Method arguments:[Ljava.lang.Object;@828e332
2022-10-15 13:46:01 [http-nio-8081-exec-5] INFO  com.capstone.aspect.LoggerAspect - *************************************
2022-10-15 13:46:01 [http-nio-8081-exec-5] INFO  com.capstone.aspect.LoggerAspect - Method name: com.capstone.service.EmiServiceImp
2022-10-15 13:46:01 [http-nio-8081-exec-5] INFO  com.capstone.aspect.LoggerAspect - Method arguments:[Ljava.lang.Object;@5a5b61c6
2022-10-15 13:46:01 [http-nio-8081-exec-5] INFO  com.capstone.aspect.LoggerAspect - *************************************
2022-10-15 13:46:01 [http-nio-8081-exec-5] INFO  com.capstone.aspect.LoggerAspect - During: class com.capstone.service.EmiServiceImp.getEmiData() with arguments=emi [s_no=10, loanaccno=202211051, loan_status=active, emi_amount=11973.122, upcomming_payment_date=2022-11-07, remaining_amount=5000000.0]
2022-10-15 13:46:01 [http-nio-8081-exec-5] INFO  com.capstone.aspect.LoggerAspect - *************************************
2022-10-15 13:46:01 [http-nio-8081-exec-5] INFO  com.capstone.aspect.LoggerAspect - Method name: com.capstone.service.EmiServiceImp
2022-10-15 13:46:01 [http-nio-8081-exec-5] INFO  com.capstone.aspect.LoggerAspect - Method arguments:[Ljava.lang.Object;@60ae1876
2022-10-15 13:46:01 [http-nio-8081-exec-5] INFO  com.capstone.aspect.LoggerAspect - *************************************
2022-10-15 13:46:01 [http-nio-8081-exec-5] INFO  com.capstone.aspect.LoggerAspect - During: class com.capstone.service.EmiServiceImp.getEmiData() with arguments=emi [s_no=10, loanaccno=202211051, loan_status=active, emi_amount=11973.122, upcomming_payment_date=2022-11-07, remaining_amount=5000000.0]
2022-10-15 13:46:01 [http-nio-8081-exec-5] INFO  com.capstone.aspect.LoggerAspect - *************************************
2022-10-15 13:46:01 [http-nio-8081-exec-5] INFO  com.capstone.aspect.LoggerAspect - During: class com.capstone.controller.EmiController.getemiofAccount() with arguments=<200 OK OK,emi [s_no=10, loanaccno=202211051, loan_status=active, emi_amount=11973.122, upcomming_payment_date=2022-11-07, remaining_amount=5000000.0],[]>
2022-10-15 13:46:01 [http-nio-8081-exec-5] INFO  com.capstone.aspect.LoggerAspect - *************************************
2022-10-15 13:46:16 [http-nio-8081-exec-6] INFO  com.capstone.aspect.LoggerAspect - Method name: com.capstone.controller.EmiController
2022-10-15 13:46:16 [http-nio-8081-exec-6] INFO  com.capstone.aspect.LoggerAspect - Method arguments:[Ljava.lang.Object;@615014ea
2022-10-15 13:46:16 [http-nio-8081-exec-6] INFO  com.capstone.aspect.LoggerAspect - *************************************
2022-10-15 13:46:16 [http-nio-8081-exec-6] INFO  com.capstone.aspect.LoggerAspect - Method name: com.capstone.service.EmiServiceImp
2022-10-15 13:46:16 [http-nio-8081-exec-6] INFO  com.capstone.aspect.LoggerAspect - Method arguments:[Ljava.lang.Object;@da0b7b0
2022-10-15 13:46:16 [http-nio-8081-exec-6] INFO  com.capstone.aspect.LoggerAspect - *************************************
2022-10-15 13:46:16 [http-nio-8081-exec-6] INFO  com.capstone.aspect.LoggerAspect - During: class com.capstone.service.EmiServiceImp.getEmiData() with arguments=emi [s_no=10, loanaccno=202211051, loan_status=active, emi_amount=11973.122, upcomming_payment_date=2022-11-07, remaining_amount=5000000.0]
2022-10-15 13:46:16 [http-nio-8081-exec-6] INFO  com.capstone.aspect.LoggerAspect - *************************************
2022-10-15 13:46:16 [http-nio-8081-exec-6] INFO  com.capstone.aspect.LoggerAspect - Method name: com.capstone.service.EmiServiceImp
2022-10-15 13:46:16 [http-nio-8081-exec-6] INFO  com.capstone.aspect.LoggerAspect - Method arguments:[Ljava.lang.Object;@692ed04
2022-10-15 13:46:16 [http-nio-8081-exec-6] INFO  com.capstone.aspect.LoggerAspect - *************************************
2022-10-15 13:46:16 [http-nio-8081-exec-6] INFO  com.capstone.aspect.LoggerAspect - During: class com.capstone.service.EmiServiceImp.getEmiData() with arguments=emi [s_no=10, loanaccno=202211051, loan_status=active, emi_amount=11973.122, upcomming_payment_date=2022-11-07, remaining_amount=5000000.0]
2022-10-15 13:46:16 [http-nio-8081-exec-6] INFO  com.capstone.aspect.LoggerAspect - *************************************
2022-10-15 13:46:16 [http-nio-8081-exec-6] INFO  com.capstone.aspect.LoggerAspect - During: class com.capstone.controller.EmiController.getemiofAccount() with arguments=<200 OK OK,emi [s_no=10, loanaccno=202211051, loan_status=active, emi_amount=11973.122, upcomming_payment_date=2022-11-07, remaining_amount=5000000.0],[]>
2022-10-15 13:46:16 [http-nio-8081-exec-6] INFO  com.capstone.aspect.LoggerAspect - *************************************
2022-10-15 13:47:15 [http-nio-8081-exec-7] INFO  com.capstone.aspect.LoggerAspect - Method name: com.capstone.controller.EmiController
2022-10-15 13:47:15 [http-nio-8081-exec-7] INFO  com.capstone.aspect.LoggerAspect - Method arguments:[Ljava.lang.Object;@1772e099
2022-10-15 13:47:15 [http-nio-8081-exec-7] INFO  com.capstone.aspect.LoggerAspect - *************************************
2022-10-15 13:47:15 [http-nio-8081-exec-7] INFO  com.capstone.aspect.LoggerAspect - Method name: com.capstone.service.EmiServiceImp
2022-10-15 13:47:15 [http-nio-8081-exec-7] INFO  com.capstone.aspect.LoggerAspect - Method arguments:[Ljava.lang.Object;@34fe3b11
2022-10-15 13:47:15 [http-nio-8081-exec-7] INFO  com.capstone.aspect.LoggerAspect - *************************************
2022-10-15 13:47:15 [http-nio-8081-exec-7] INFO  com.capstone.aspect.LoggerAspect - During: class com.capstone.service.EmiServiceImp.getEmiData() with arguments=emi [s_no=10, loanaccno=202211051, loan_status=active, emi_amount=11973.122, upcomming_payment_date=2022-11-07, remaining_amount=5000000.0]
2022-10-15 13:47:15 [http-nio-8081-exec-7] INFO  com.capstone.aspect.LoggerAspect - *************************************
2022-10-15 13:47:15 [http-nio-8081-exec-7] INFO  com.capstone.aspect.LoggerAspect - Method name: com.capstone.service.EmiServiceImp
2022-10-15 13:47:15 [http-nio-8081-exec-7] INFO  com.capstone.aspect.LoggerAspect - Method arguments:[Ljava.lang.Object;@698f4e29
2022-10-15 13:47:15 [http-nio-8081-exec-7] INFO  com.capstone.aspect.LoggerAspect - *************************************
2022-10-15 13:47:15 [http-nio-8081-exec-7] INFO  com.capstone.aspect.LoggerAspect - During: class com.capstone.service.EmiServiceImp.getEmiData() with arguments=emi [s_no=10, loanaccno=202211051, loan_status=active, emi_amount=11973.122, upcomming_payment_date=2022-11-07, remaining_amount=5000000.0]
2022-10-15 13:47:15 [http-nio-8081-exec-7] INFO  com.capstone.aspect.LoggerAspect - *************************************
2022-10-15 13:47:15 [http-nio-8081-exec-7] INFO  com.capstone.aspect.LoggerAspect - During: class com.capstone.controller.EmiController.getemiofAccount() with arguments=<200 OK OK,emi [s_no=10, loanaccno=202211051, loan_status=active, emi_amount=11973.122, upcomming_payment_date=2022-11-07, remaining_amount=5000000.0],[]>
2022-10-15 13:47:15 [http-nio-8081-exec-7] INFO  com.capstone.aspect.LoggerAspect - *************************************
2022-10-15 13:47:21 [http-nio-8081-exec-8] INFO  com.capstone.aspect.LoggerAspect - Method name: com.capstone.controller.EmiController
2022-10-15 13:47:21 [http-nio-8081-exec-8] INFO  com.capstone.aspect.LoggerAspect - Method arguments:[Ljava.lang.Object;@2bcc66b6
2022-10-15 13:47:21 [http-nio-8081-exec-8] INFO  com.capstone.aspect.LoggerAspect - *************************************
2022-10-15 13:47:21 [http-nio-8081-exec-8] INFO  com.capstone.aspect.LoggerAspect - Method name: com.capstone.service.EmiServiceImp
2022-10-15 13:47:21 [http-nio-8081-exec-8] INFO  com.capstone.aspect.LoggerAspect - Method arguments:[Ljava.lang.Object;@3f4b699b
2022-10-15 13:47:21 [http-nio-8081-exec-8] INFO  com.capstone.aspect.LoggerAspect - *************************************
2022-10-15 13:47:21 [http-nio-8081-exec-8] INFO  com.capstone.aspect.LoggerAspect - During: class com.capstone.service.EmiServiceImp.getEmiData() with arguments=emi [s_no=10, loanaccno=202211051, loan_status=active, emi_amount=11973.122, upcomming_payment_date=2022-11-07, remaining_amount=5000000.0]
2022-10-15 13:47:21 [http-nio-8081-exec-8] INFO  com.capstone.aspect.LoggerAspect - *************************************
2022-10-15 13:47:21 [http-nio-8081-exec-8] INFO  com.capstone.aspect.LoggerAspect - Method name: com.capstone.service.EmiServiceImp
2022-10-15 13:47:21 [http-nio-8081-exec-8] INFO  com.capstone.aspect.LoggerAspect - Method arguments:[Ljava.lang.Object;@6883dfee
2022-10-15 13:47:21 [http-nio-8081-exec-8] INFO  com.capstone.aspect.LoggerAspect - *************************************
2022-10-15 13:47:21 [http-nio-8081-exec-8] INFO  com.capstone.aspect.LoggerAspect - During: class com.capstone.service.EmiServiceImp.getEmiData() with arguments=emi [s_no=10, loanaccno=202211051, loan_status=active, emi_amount=11973.122, upcomming_payment_date=2022-11-07, remaining_amount=5000000.0]
2022-10-15 13:47:21 [http-nio-8081-exec-8] INFO  com.capstone.aspect.LoggerAspect - *************************************
2022-10-15 13:47:21 [http-nio-8081-exec-8] INFO  com.capstone.aspect.LoggerAspect - During: class com.capstone.controller.EmiController.getemiofAccount() with arguments=<200 OK OK,emi [s_no=10, loanaccno=202211051, loan_status=active, emi_amount=11973.122, upcomming_payment_date=2022-11-07, remaining_amount=5000000.0],[]>
2022-10-15 13:47:21 [http-nio-8081-exec-8] INFO  com.capstone.aspect.LoggerAspect - *************************************
2022-10-15 13:48:00 [http-nio-8081-exec-9] INFO  com.capstone.aspect.LoggerAspect - Method name: com.capstone.controller.EmiController
2022-10-15 13:48:00 [http-nio-8081-exec-9] INFO  com.capstone.aspect.LoggerAspect - Method arguments:[Ljava.lang.Object;@6b1444fc
2022-10-15 13:48:00 [http-nio-8081-exec-9] INFO  com.capstone.aspect.LoggerAspect - *************************************
2022-10-15 13:48:00 [http-nio-8081-exec-9] INFO  com.capstone.aspect.LoggerAspect - Method name: com.capstone.service.EmiServiceImp
2022-10-15 13:48:00 [http-nio-8081-exec-9] INFO  com.capstone.aspect.LoggerAspect - Method arguments:[Ljava.lang.Object;@4cddc382
2022-10-15 13:48:00 [http-nio-8081-exec-9] INFO  com.capstone.aspect.LoggerAspect - *************************************
2022-10-15 13:48:00 [http-nio-8081-exec-9] INFO  com.capstone.aspect.LoggerAspect - During: class com.capstone.service.EmiServiceImp.updateEMI() with arguments=emi [s_no=10, loanaccno=202211051, loan_status=active, emi_amount=11973.122, upcomming_payment_date=2022-11-07, remaining_amount=500000.0]
2022-10-15 13:48:00 [http-nio-8081-exec-9] INFO  com.capstone.aspect.LoggerAspect - *************************************
2022-10-15 13:48:00 [http-nio-8081-exec-9] INFO  com.capstone.aspect.LoggerAspect - During: class com.capstone.controller.EmiController.updateEMI() with arguments=<200 OK OK,{message=emi updated},[]>
2022-10-15 13:48:00 [http-nio-8081-exec-9] INFO  com.capstone.aspect.LoggerAspect - *************************************
2022-10-15 13:48:06 [http-nio-8081-exec-10] INFO  com.capstone.aspect.LoggerAspect - Method name: com.capstone.controller.EmiController
2022-10-15 13:48:06 [http-nio-8081-exec-10] INFO  com.capstone.aspect.LoggerAspect - Method arguments:[Ljava.lang.Object;@292133ed
2022-10-15 13:48:06 [http-nio-8081-exec-10] INFO  com.capstone.aspect.LoggerAspect - *************************************
2022-10-15 13:48:06 [http-nio-8081-exec-10] INFO  com.capstone.aspect.LoggerAspect - Method name: com.capstone.service.EmiServiceImp
2022-10-15 13:48:06 [http-nio-8081-exec-10] INFO  com.capstone.aspect.LoggerAspect - Method arguments:[Ljava.lang.Object;@7b2163d4
2022-10-15 13:48:06 [http-nio-8081-exec-10] INFO  com.capstone.aspect.LoggerAspect - *************************************
2022-10-15 13:48:07 [http-nio-8081-exec-10] INFO  com.capstone.aspect.LoggerAspect - During: class com.capstone.service.EmiServiceImp.getEmiData() with arguments=emi [s_no=10, loanaccno=202211051, loan_status=active, emi_amount=11973.122, upcomming_payment_date=2022-11-07, remaining_amount=500000.0]
2022-10-15 13:48:07 [http-nio-8081-exec-10] INFO  com.capstone.aspect.LoggerAspect - *************************************
2022-10-15 13:48:07 [http-nio-8081-exec-10] INFO  com.capstone.aspect.LoggerAspect - Method name: com.capstone.service.EmiServiceImp
2022-10-15 13:48:07 [http-nio-8081-exec-10] INFO  com.capstone.aspect.LoggerAspect - Method arguments:[Ljava.lang.Object;@1f7bdf26
2022-10-15 13:48:07 [http-nio-8081-exec-10] INFO  com.capstone.aspect.LoggerAspect - *************************************
2022-10-15 13:48:07 [http-nio-8081-exec-10] INFO  com.capstone.aspect.LoggerAspect - During: class com.capstone.service.EmiServiceImp.getEmiData() with arguments=emi [s_no=10, loanaccno=202211051, loan_status=active, emi_amount=11973.122, upcomming_payment_date=2022-11-07, remaining_amount=500000.0]
2022-10-15 13:48:07 [http-nio-8081-exec-10] INFO  com.capstone.aspect.LoggerAspect - *************************************
2022-10-15 13:48:07 [http-nio-8081-exec-10] INFO  com.capstone.aspect.LoggerAspect - During: class com.capstone.controller.EmiController.getemiofAccount() with arguments=<200 OK OK,emi [s_no=10, loanaccno=202211051, loan_status=active, emi_amount=11973.122, upcomming_payment_date=2022-11-07, remaining_amount=500000.0],[]>
2022-10-15 13:48:07 [http-nio-8081-exec-10] INFO  com.capstone.aspect.LoggerAspect - *************************************
2022-10-15 13:48:23 [http-nio-8081-exec-1] INFO  com.capstone.aspect.LoggerAspect - Method name: com.capstone.controller.EmiController
2022-10-15 13:48:23 [http-nio-8081-exec-1] INFO  com.capstone.aspect.LoggerAspect - Method arguments:[Ljava.lang.Object;@676d2e51
2022-10-15 13:48:23 [http-nio-8081-exec-1] INFO  com.capstone.aspect.LoggerAspect - *************************************
2022-10-15 13:48:23 [http-nio-8081-exec-1] INFO  com.capstone.aspect.LoggerAspect - Method name: com.capstone.service.EmiServiceImp
2022-10-15 13:48:23 [http-nio-8081-exec-1] INFO  com.capstone.aspect.LoggerAspect - Method arguments:[Ljava.lang.Object;@39104095
2022-10-15 13:48:23 [http-nio-8081-exec-1] INFO  com.capstone.aspect.LoggerAspect - *************************************
2022-10-15 13:48:23 [http-nio-8081-exec-1] INFO  com.capstone.aspect.LoggerAspect - During: class com.capstone.service.EmiServiceImp.getEmiData() with arguments=emi [s_no=10, loanaccno=202211051, loan_status=active, emi_amount=11973.122, upcomming_payment_date=2022-11-07, remaining_amount=500000.0]
2022-10-15 13:48:23 [http-nio-8081-exec-1] INFO  com.capstone.aspect.LoggerAspect - *************************************
2022-10-15 13:48:23 [http-nio-8081-exec-1] INFO  com.capstone.aspect.LoggerAspect - Method name: com.capstone.service.EmiServiceImp
2022-10-15 13:48:23 [http-nio-8081-exec-1] INFO  com.capstone.aspect.LoggerAspect - Method arguments:[Ljava.lang.Object;@53e0caf6
2022-10-15 13:48:23 [http-nio-8081-exec-1] INFO  com.capstone.aspect.LoggerAspect - *************************************
2022-10-15 13:48:23 [http-nio-8081-exec-1] INFO  com.capstone.aspect.LoggerAspect - During: class com.capstone.service.EmiServiceImp.getEmiData() with arguments=emi [s_no=10, loanaccno=202211051, loan_status=active, emi_amount=11973.122, upcomming_payment_date=2022-11-07, remaining_amount=500000.0]
2022-10-15 13:48:23 [http-nio-8081-exec-1] INFO  com.capstone.aspect.LoggerAspect - *************************************
2022-10-15 13:48:23 [http-nio-8081-exec-1] INFO  com.capstone.aspect.LoggerAspect - During: class com.capstone.controller.EmiController.getemiofAccount() with arguments=<200 OK OK,emi [s_no=10, loanaccno=202211051, loan_status=active, emi_amount=11973.122, upcomming_payment_date=2022-11-07, remaining_amount=500000.0],[]>
2022-10-15 13:48:23 [http-nio-8081-exec-1] INFO  com.capstone.aspect.LoggerAspect - *************************************
2022-10-15 13:48:28 [http-nio-8081-exec-2] INFO  com.capstone.aspect.LoggerAspect - Method name: com.capstone.controller.EmiController
2022-10-15 13:48:28 [http-nio-8081-exec-2] INFO  com.capstone.aspect.LoggerAspect - Method arguments:[Ljava.lang.Object;@29708b48
2022-10-15 13:48:28 [http-nio-8081-exec-2] INFO  com.capstone.aspect.LoggerAspect - *************************************
2022-10-15 13:48:28 [http-nio-8081-exec-2] INFO  com.capstone.aspect.LoggerAspect - Method name: com.capstone.service.EmiServiceImp
2022-10-15 13:48:28 [http-nio-8081-exec-2] INFO  com.capstone.aspect.LoggerAspect - Method arguments:[Ljava.lang.Object;@4a310aff
2022-10-15 13:48:28 [http-nio-8081-exec-2] INFO  com.capstone.aspect.LoggerAspect - *************************************
2022-10-15 13:48:28 [http-nio-8081-exec-2] INFO  com.capstone.aspect.LoggerAspect - During: class com.capstone.service.EmiServiceImp.getEmiData() with arguments=emi [s_no=10, loanaccno=202211051, loan_status=active, emi_amount=11973.122, upcomming_payment_date=2022-11-07, remaining_amount=500000.0]
2022-10-15 13:48:28 [http-nio-8081-exec-2] INFO  com.capstone.aspect.LoggerAspect - *************************************
2022-10-15 13:48:28 [http-nio-8081-exec-2] INFO  com.capstone.aspect.LoggerAspect - Method name: com.capstone.service.EmiServiceImp
2022-10-15 13:48:28 [http-nio-8081-exec-2] INFO  com.capstone.aspect.LoggerAspect - Method arguments:[Ljava.lang.Object;@2371348c
2022-10-15 13:48:28 [http-nio-8081-exec-2] INFO  com.capstone.aspect.LoggerAspect - *************************************
2022-10-15 13:48:28 [http-nio-8081-exec-2] INFO  com.capstone.aspect.LoggerAspect - During: class com.capstone.service.EmiServiceImp.getEmiData() with arguments=emi [s_no=10, loanaccno=202211051, loan_status=active, emi_amount=11973.122, upcomming_payment_date=2022-11-07, remaining_amount=500000.0]
2022-10-15 13:48:28 [http-nio-8081-exec-2] INFO  com.capstone.aspect.LoggerAspect - *************************************
2022-10-15 13:48:28 [http-nio-8081-exec-2] INFO  com.capstone.aspect.LoggerAspect - During: class com.capstone.controller.EmiController.getemiofAccount() with arguments=<200 OK OK,emi [s_no=10, loanaccno=202211051, loan_status=active, emi_amount=11973.122, upcomming_payment_date=2022-11-07, remaining_amount=500000.0],[]>
2022-10-15 13:48:28 [http-nio-8081-exec-2] INFO  com.capstone.aspect.LoggerAspect - *************************************
2022-10-15 13:48:35 [http-nio-8081-exec-3] INFO  com.capstone.aspect.LoggerAspect - Method name: com.capstone.controller.EmiController
2022-10-15 13:48:35 [http-nio-8081-exec-3] INFO  com.capstone.aspect.LoggerAspect - Method arguments:[Ljava.lang.Object;@2df75e2d
2022-10-15 13:48:35 [http-nio-8081-exec-3] INFO  com.capstone.aspect.LoggerAspect - *************************************
2022-10-15 13:48:35 [http-nio-8081-exec-3] INFO  com.capstone.aspect.LoggerAspect - Method name: com.capstone.service.EmiServiceImp
2022-10-15 13:48:35 [http-nio-8081-exec-3] INFO  com.capstone.aspect.LoggerAspect - Method arguments:[Ljava.lang.Object;@10a036db
2022-10-15 13:48:35 [http-nio-8081-exec-3] INFO  com.capstone.aspect.LoggerAspect - *************************************
2022-10-15 13:48:35 [http-nio-8081-exec-3] INFO  com.capstone.aspect.LoggerAspect - During: class com.capstone.service.EmiServiceImp.getEmiData() with arguments=emi [s_no=10, loanaccno=202211051, loan_status=active, emi_amount=11973.122, upcomming_payment_date=2022-11-07, remaining_amount=500000.0]
2022-10-15 13:48:35 [http-nio-8081-exec-3] INFO  com.capstone.aspect.LoggerAspect - *************************************
2022-10-15 13:48:35 [http-nio-8081-exec-3] INFO  com.capstone.aspect.LoggerAspect - Method name: com.capstone.service.EmiServiceImp
2022-10-15 13:48:35 [http-nio-8081-exec-3] INFO  com.capstone.aspect.LoggerAspect - Method arguments:[Ljava.lang.Object;@646b3700
2022-10-15 13:48:35 [http-nio-8081-exec-3] INFO  com.capstone.aspect.LoggerAspect - *************************************
2022-10-15 13:48:35 [http-nio-8081-exec-3] INFO  com.capstone.aspect.LoggerAspect - During: class com.capstone.service.EmiServiceImp.getEmiData() with arguments=emi [s_no=10, loanaccno=202211051, loan_status=active, emi_amount=11973.122, upcomming_payment_date=2022-11-07, remaining_amount=500000.0]
2022-10-15 13:48:35 [http-nio-8081-exec-3] INFO  com.capstone.aspect.LoggerAspect - *************************************
2022-10-15 13:48:35 [http-nio-8081-exec-3] INFO  com.capstone.aspect.LoggerAspect - During: class com.capstone.controller.EmiController.getemiofAccount() with arguments=<200 OK OK,emi [s_no=10, loanaccno=202211051, loan_status=active, emi_amount=11973.122, upcomming_payment_date=2022-11-07, remaining_amount=500000.0],[]>
2022-10-15 13:48:35 [http-nio-8081-exec-3] INFO  com.capstone.aspect.LoggerAspect - *************************************
2022-10-15 13:48:42 [http-nio-8081-exec-4] INFO  com.capstone.aspect.LoggerAspect - Method name: com.capstone.controller.EmiController
2022-10-15 13:48:42 [http-nio-8081-exec-4] INFO  com.capstone.aspect.LoggerAspect - Method arguments:[Ljava.lang.Object;@6a21ff48
2022-10-15 13:48:42 [http-nio-8081-exec-4] INFO  com.capstone.aspect.LoggerAspect - *************************************
2022-10-15 13:48:42 [http-nio-8081-exec-4] INFO  com.capstone.aspect.LoggerAspect - Method name: com.capstone.service.EmiServiceImp
2022-10-15 13:48:42 [http-nio-8081-exec-4] INFO  com.capstone.aspect.LoggerAspect - Method arguments:[Ljava.lang.Object;@f2eee0b
2022-10-15 13:48:42 [http-nio-8081-exec-4] INFO  com.capstone.aspect.LoggerAspect - *************************************
2022-10-15 13:48:42 [http-nio-8081-exec-4] INFO  com.capstone.aspect.LoggerAspect - During: class com.capstone.service.EmiServiceImp.getEmiData() with arguments=emi [s_no=10, loanaccno=202211051, loan_status=active, emi_amount=11973.122, upcomming_payment_date=2022-11-07, remaining_amount=500000.0]
2022-10-15 13:48:42 [http-nio-8081-exec-4] INFO  com.capstone.aspect.LoggerAspect - *************************************
2022-10-15 13:48:42 [http-nio-8081-exec-4] INFO  com.capstone.aspect.LoggerAspect - Method name: com.capstone.service.EmiServiceImp
2022-10-15 13:48:42 [http-nio-8081-exec-4] INFO  com.capstone.aspect.LoggerAspect - Method arguments:[Ljava.lang.Object;@33ee49d2
2022-10-15 13:48:42 [http-nio-8081-exec-4] INFO  com.capstone.aspect.LoggerAspect - *************************************
2022-10-15 13:48:42 [http-nio-8081-exec-4] INFO  com.capstone.aspect.LoggerAspect - During: class com.capstone.service.EmiServiceImp.getEmiData() with arguments=emi [s_no=10, loanaccno=202211051, loan_status=active, emi_amount=11973.122, upcomming_payment_date=2022-11-07, remaining_amount=500000.0]
2022-10-15 13:48:42 [http-nio-8081-exec-4] INFO  com.capstone.aspect.LoggerAspect - *************************************
2022-10-15 13:48:42 [http-nio-8081-exec-4] INFO  com.capstone.aspect.LoggerAspect - During: class com.capstone.controller.EmiController.getemiofAccount() with arguments=<200 OK OK,emi [s_no=10, loanaccno=202211051, loan_status=active, emi_amount=11973.122, upcomming_payment_date=2022-11-07, remaining_amount=500000.0],[]>
2022-10-15 13:48:42 [http-nio-8081-exec-4] INFO  com.capstone.aspect.LoggerAspect - *************************************
2022-10-15 13:49:03 [http-nio-8081-exec-5] ERROR o.a.c.c.C.[.[.[.[dispatcherServlet] - Servlet.service() for servlet [dispatcherServlet] in context with path [] threw exception [Token missing or invalid] with root cause
javax.servlet.ServletException: Token missing or invalid
	at com.capstone.filter.EmiFilter.doFilter(EmiFilter.java:40)
	at org.apache.catalina.core.ApplicationFilterChain.internalDoFilter(ApplicationFilterChain.java:189)
	at org.apache.catalina.core.ApplicationFilterChain.doFilter(ApplicationFilterChain.java:162)
	at org.springframework.web.filter.RequestContextFilter.doFilterInternal(RequestContextFilter.java:100)
	at org.springframework.web.filter.OncePerRequestFilter.doFilter(OncePerRequestFilter.java:117)
	at org.apache.catalina.core.ApplicationFilterChain.internalDoFilter(ApplicationFilterChain.java:189)
	at org.apache.catalina.core.ApplicationFilterChain.doFilter(ApplicationFilterChain.java:162)
	at org.springframework.web.filter.FormContentFilter.doFilterInternal(FormContentFilter.java:93)
	at org.springframework.web.filter.OncePerRequestFilter.doFilter(OncePerRequestFilter.java:117)
	at org.apache.catalina.core.ApplicationFilterChain.internalDoFilter(ApplicationFilterChain.java:189)
	at org.apache.catalina.core.ApplicationFilterChain.doFilter(ApplicationFilterChain.java:162)
	at org.springframework.web.filter.CharacterEncodingFilter.doFilterInternal(CharacterEncodingFilter.java:201)
	at org.springframework.web.filter.OncePerRequestFilter.doFilter(OncePerRequestFilter.java:117)
	at org.apache.catalina.core.ApplicationFilterChain.internalDoFilter(ApplicationFilterChain.java:189)
	at org.apache.catalina.core.ApplicationFilterChain.doFilter(ApplicationFilterChain.java:162)
	at org.apache.catalina.core.StandardWrapperValve.invoke(StandardWrapperValve.java:197)
	at org.apache.catalina.core.StandardContextValve.invoke(StandardContextValve.java:97)
	at org.apache.catalina.authenticator.AuthenticatorBase.invoke(AuthenticatorBase.java:541)
	at org.apache.catalina.core.StandardHostValve.invoke(StandardHostValve.java:135)
	at org.apache.catalina.valves.ErrorReportValve.invoke(ErrorReportValve.java:92)
	at org.apache.catalina.core.StandardEngineValve.invoke(StandardEngineValve.java:78)
	at org.apache.catalina.connector.CoyoteAdapter.service(CoyoteAdapter.java:360)
	at org.apache.coyote.http11.Http11Processor.service(Http11Processor.java:399)
	at org.apache.coyote.AbstractProcessorLight.process(AbstractProcessorLight.java:65)
	at org.apache.coyote.AbstractProtocol$ConnectionHandler.process(AbstractProtocol.java:890)
	at org.apache.tomcat.util.net.NioEndpoint$SocketProcessor.doRun(NioEndpoint.java:1789)
	at org.apache.tomcat.util.net.SocketProcessorBase.run(SocketProcessorBase.java:49)
	at org.apache.tomcat.util.threads.ThreadPoolExecutor.runWorker(ThreadPoolExecutor.java:1191)
	at org.apache.tomcat.util.threads.ThreadPoolExecutor$Worker.run(ThreadPoolExecutor.java:659)
	at org.apache.tomcat.util.threads.TaskThread$WrappingRunnable.run(TaskThread.java:61)
	at java.base/java.lang.Thread.run(Thread.java:833)
2022-10-15 13:49:09 [http-nio-8081-exec-6] INFO  com.capstone.aspect.LoggerAspect - Method name: com.capstone.controller.EmiController
2022-10-15 13:49:09 [http-nio-8081-exec-6] INFO  com.capstone.aspect.LoggerAspect - Method arguments:[Ljava.lang.Object;@6f8983
2022-10-15 13:49:09 [http-nio-8081-exec-6] INFO  com.capstone.aspect.LoggerAspect - *************************************
2022-10-15 13:49:09 [http-nio-8081-exec-6] INFO  com.capstone.aspect.LoggerAspect - Method name: com.capstone.service.EmiServiceImp
2022-10-15 13:49:09 [http-nio-8081-exec-6] INFO  com.capstone.aspect.LoggerAspect - Method arguments:[Ljava.lang.Object;@422cb58c
2022-10-15 13:49:09 [http-nio-8081-exec-6] INFO  com.capstone.aspect.LoggerAspect - *************************************
2022-10-15 13:49:09 [http-nio-8081-exec-6] INFO  com.capstone.aspect.LoggerAspect - During: class com.capstone.service.EmiServiceImp.getEmiData() with arguments=emi [s_no=10, loanaccno=202211051, loan_status=active, emi_amount=11973.122, upcomming_payment_date=2022-11-07, remaining_amount=500000.0]
2022-10-15 13:49:09 [http-nio-8081-exec-6] INFO  com.capstone.aspect.LoggerAspect - *************************************
2022-10-15 13:49:09 [http-nio-8081-exec-6] INFO  com.capstone.aspect.LoggerAspect - Method name: com.capstone.service.EmiServiceImp
2022-10-15 13:49:09 [http-nio-8081-exec-6] INFO  com.capstone.aspect.LoggerAspect - Method arguments:[Ljava.lang.Object;@6bad640f
2022-10-15 13:49:09 [http-nio-8081-exec-6] INFO  com.capstone.aspect.LoggerAspect - *************************************
2022-10-15 13:49:09 [http-nio-8081-exec-6] INFO  com.capstone.aspect.LoggerAspect - During: class com.capstone.service.EmiServiceImp.getEmiData() with arguments=emi [s_no=10, loanaccno=202211051, loan_status=active, emi_amount=11973.122, upcomming_payment_date=2022-11-07, remaining_amount=500000.0]
2022-10-15 13:49:09 [http-nio-8081-exec-6] INFO  com.capstone.aspect.LoggerAspect - *************************************
2022-10-15 13:49:09 [http-nio-8081-exec-6] INFO  com.capstone.aspect.LoggerAspect - During: class com.capstone.controller.EmiController.getemiofAccount() with arguments=<200 OK OK,emi [s_no=10, loanaccno=202211051, loan_status=active, emi_amount=11973.122, upcomming_payment_date=2022-11-07, remaining_amount=500000.0],[]>
2022-10-15 13:49:09 [http-nio-8081-exec-6] INFO  com.capstone.aspect.LoggerAspect - *************************************
2022-10-15 13:49:14 [http-nio-8081-exec-7] INFO  com.capstone.aspect.LoggerAspect - Method name: com.capstone.controller.EmiController
2022-10-15 13:49:14 [http-nio-8081-exec-7] INFO  com.capstone.aspect.LoggerAspect - Method arguments:[Ljava.lang.Object;@6e23eb21
2022-10-15 13:49:14 [http-nio-8081-exec-7] INFO  com.capstone.aspect.LoggerAspect - *************************************
2022-10-15 13:49:14 [http-nio-8081-exec-7] INFO  com.capstone.aspect.LoggerAspect - Method name: com.capstone.service.EmiServiceImp
2022-10-15 13:49:14 [http-nio-8081-exec-7] INFO  com.capstone.aspect.LoggerAspect - Method arguments:[Ljava.lang.Object;@4a91f4e7
2022-10-15 13:49:14 [http-nio-8081-exec-7] INFO  com.capstone.aspect.LoggerAspect - *************************************
2022-10-15 13:49:14 [http-nio-8081-exec-7] INFO  com.capstone.aspect.LoggerAspect - During: class com.capstone.service.EmiServiceImp.getEmiData() with arguments=emi [s_no=10, loanaccno=202211051, loan_status=active, emi_amount=11973.122, upcomming_payment_date=2022-11-07, remaining_amount=500000.0]
2022-10-15 13:49:14 [http-nio-8081-exec-7] INFO  com.capstone.aspect.LoggerAspect - *************************************
2022-10-15 13:49:14 [http-nio-8081-exec-7] INFO  com.capstone.aspect.LoggerAspect - Method name: com.capstone.service.EmiServiceImp
2022-10-15 13:49:14 [http-nio-8081-exec-7] INFO  com.capstone.aspect.LoggerAspect - Method arguments:[Ljava.lang.Object;@18a68b3b
2022-10-15 13:49:14 [http-nio-8081-exec-7] INFO  com.capstone.aspect.LoggerAspect - *************************************
2022-10-15 13:49:14 [http-nio-8081-exec-7] INFO  com.capstone.aspect.LoggerAspect - During: class com.capstone.service.EmiServiceImp.getEmiData() with arguments=emi [s_no=10, loanaccno=202211051, loan_status=active, emi_amount=11973.122, upcomming_payment_date=2022-11-07, remaining_amount=500000.0]
2022-10-15 13:49:14 [http-nio-8081-exec-7] INFO  com.capstone.aspect.LoggerAspect - *************************************
2022-10-15 13:49:14 [http-nio-8081-exec-7] INFO  com.capstone.aspect.LoggerAspect - During: class com.capstone.controller.EmiController.getemiofAccount() with arguments=<200 OK OK,emi [s_no=10, loanaccno=202211051, loan_status=active, emi_amount=11973.122, upcomming_payment_date=2022-11-07, remaining_amount=500000.0],[]>
2022-10-15 13:49:14 [http-nio-8081-exec-7] INFO  com.capstone.aspect.LoggerAspect - *************************************
2022-10-15 13:49:42 [http-nio-8081-exec-8] INFO  com.capstone.aspect.LoggerAspect - Method name: com.capstone.controller.EmiController
2022-10-15 13:49:42 [http-nio-8081-exec-8] INFO  com.capstone.aspect.LoggerAspect - Method arguments:[Ljava.lang.Object;@4cef195e
2022-10-15 13:49:42 [http-nio-8081-exec-8] INFO  com.capstone.aspect.LoggerAspect - *************************************
2022-10-15 13:49:42 [http-nio-8081-exec-8] INFO  com.capstone.aspect.LoggerAspect - Method name: com.capstone.service.EmiServiceImp
2022-10-15 13:49:42 [http-nio-8081-exec-8] INFO  com.capstone.aspect.LoggerAspect - Method arguments:[Ljava.lang.Object;@6d1601d3
2022-10-15 13:49:42 [http-nio-8081-exec-8] INFO  com.capstone.aspect.LoggerAspect - *************************************
2022-10-15 13:49:42 [http-nio-8081-exec-8] INFO  com.capstone.aspect.LoggerAspect - During: class com.capstone.service.EmiServiceImp.getEmiData() with arguments=emi [s_no=10, loanaccno=202211051, loan_status=active, emi_amount=11973.122, upcomming_payment_date=2022-11-07, remaining_amount=500000.0]
2022-10-15 13:49:42 [http-nio-8081-exec-8] INFO  com.capstone.aspect.LoggerAspect - *************************************
2022-10-15 13:49:42 [http-nio-8081-exec-8] INFO  com.capstone.aspect.LoggerAspect - Method name: com.capstone.service.EmiServiceImp
2022-10-15 13:49:42 [http-nio-8081-exec-8] INFO  com.capstone.aspect.LoggerAspect - Method arguments:[Ljava.lang.Object;@51ccc488
2022-10-15 13:49:42 [http-nio-8081-exec-8] INFO  com.capstone.aspect.LoggerAspect - *************************************
2022-10-15 13:49:42 [http-nio-8081-exec-8] INFO  com.capstone.aspect.LoggerAspect - During: class com.capstone.service.EmiServiceImp.getEmiData() with arguments=emi [s_no=10, loanaccno=202211051, loan_status=active, emi_amount=11973.122, upcomming_payment_date=2022-11-07, remaining_amount=500000.0]
2022-10-15 13:49:42 [http-nio-8081-exec-8] INFO  com.capstone.aspect.LoggerAspect - *************************************
2022-10-15 13:49:42 [http-nio-8081-exec-8] INFO  com.capstone.aspect.LoggerAspect - During: class com.capstone.controller.EmiController.getemiofAccount() with arguments=<200 OK OK,emi [s_no=10, loanaccno=202211051, loan_status=active, emi_amount=11973.122, upcomming_payment_date=2022-11-07, remaining_amount=500000.0],[]>
2022-10-15 13:49:42 [http-nio-8081-exec-8] INFO  com.capstone.aspect.LoggerAspect - *************************************
2022-10-15 13:49:48 [http-nio-8081-exec-9] INFO  com.capstone.aspect.LoggerAspect - Method name: com.capstone.controller.EmiController
2022-10-15 13:49:48 [http-nio-8081-exec-9] INFO  com.capstone.aspect.LoggerAspect - Method arguments:[Ljava.lang.Object;@21f56aa8
2022-10-15 13:49:48 [http-nio-8081-exec-9] INFO  com.capstone.aspect.LoggerAspect - *************************************
2022-10-15 13:49:48 [http-nio-8081-exec-9] INFO  com.capstone.aspect.LoggerAspect - Method name: com.capstone.service.EmiServiceImp
2022-10-15 13:49:48 [http-nio-8081-exec-9] INFO  com.capstone.aspect.LoggerAspect - Method arguments:[Ljava.lang.Object;@7c16038a
2022-10-15 13:49:48 [http-nio-8081-exec-9] INFO  com.capstone.aspect.LoggerAspect - *************************************
2022-10-15 13:49:48 [http-nio-8081-exec-9] INFO  com.capstone.aspect.LoggerAspect - During: class com.capstone.service.EmiServiceImp.getEmiData() with arguments=emi [s_no=10, loanaccno=202211051, loan_status=active, emi_amount=11973.122, upcomming_payment_date=2022-11-07, remaining_amount=500000.0]
2022-10-15 13:49:48 [http-nio-8081-exec-9] INFO  com.capstone.aspect.LoggerAspect - *************************************
2022-10-15 13:49:48 [http-nio-8081-exec-9] INFO  com.capstone.aspect.LoggerAspect - Method name: com.capstone.service.EmiServiceImp
2022-10-15 13:49:48 [http-nio-8081-exec-9] INFO  com.capstone.aspect.LoggerAspect - Method arguments:[Ljava.lang.Object;@5a270861
2022-10-15 13:49:48 [http-nio-8081-exec-9] INFO  com.capstone.aspect.LoggerAspect - *************************************
2022-10-15 13:49:48 [http-nio-8081-exec-9] INFO  com.capstone.aspect.LoggerAspect - During: class com.capstone.service.EmiServiceImp.getEmiData() with arguments=emi [s_no=10, loanaccno=202211051, loan_status=active, emi_amount=11973.122, upcomming_payment_date=2022-11-07, remaining_amount=500000.0]
2022-10-15 13:49:48 [http-nio-8081-exec-9] INFO  com.capstone.aspect.LoggerAspect - *************************************
2022-10-15 13:49:48 [http-nio-8081-exec-9] INFO  com.capstone.aspect.LoggerAspect - During: class com.capstone.controller.EmiController.getemiofAccount() with arguments=<200 OK OK,emi [s_no=10, loanaccno=202211051, loan_status=active, emi_amount=11973.122, upcomming_payment_date=2022-11-07, remaining_amount=500000.0],[]>
2022-10-15 13:49:48 [http-nio-8081-exec-9] INFO  com.capstone.aspect.LoggerAspect - *************************************
2022-10-15 13:49:50 [http-nio-8081-exec-10] INFO  com.capstone.aspect.LoggerAspect - Method name: com.capstone.controller.EmiController
2022-10-15 13:49:50 [http-nio-8081-exec-10] INFO  com.capstone.aspect.LoggerAspect - Method arguments:[Ljava.lang.Object;@5c4d4b9a
2022-10-15 13:49:50 [http-nio-8081-exec-10] INFO  com.capstone.aspect.LoggerAspect - *************************************
2022-10-15 13:49:50 [http-nio-8081-exec-10] INFO  com.capstone.aspect.LoggerAspect - Method name: com.capstone.service.EmiServiceImp
2022-10-15 13:49:50 [http-nio-8081-exec-10] INFO  com.capstone.aspect.LoggerAspect - Method arguments:[Ljava.lang.Object;@5ca7c02d
2022-10-15 13:49:50 [http-nio-8081-exec-10] INFO  com.capstone.aspect.LoggerAspect - *************************************
2022-10-15 13:49:50 [http-nio-8081-exec-10] INFO  com.capstone.aspect.LoggerAspect - During: class com.capstone.service.EmiServiceImp.getEmiData() with arguments=emi [s_no=10, loanaccno=202211051, loan_status=active, emi_amount=11973.122, upcomming_payment_date=2022-11-07, remaining_amount=500000.0]
2022-10-15 13:49:50 [http-nio-8081-exec-10] INFO  com.capstone.aspect.LoggerAspect - *************************************
2022-10-15 13:49:50 [http-nio-8081-exec-10] INFO  com.capstone.aspect.LoggerAspect - Method name: com.capstone.service.EmiServiceImp
2022-10-15 13:49:50 [http-nio-8081-exec-10] INFO  com.capstone.aspect.LoggerAspect - Method arguments:[Ljava.lang.Object;@752c6351
2022-10-15 13:49:50 [http-nio-8081-exec-10] INFO  com.capstone.aspect.LoggerAspect - *************************************
2022-10-15 13:49:50 [http-nio-8081-exec-10] INFO  com.capstone.aspect.LoggerAspect - During: class com.capstone.service.EmiServiceImp.getEmiData() with arguments=emi [s_no=10, loanaccno=202211051, loan_status=active, emi_amount=11973.122, upcomming_payment_date=2022-11-07, remaining_amount=500000.0]
2022-10-15 13:49:50 [http-nio-8081-exec-10] INFO  com.capstone.aspect.LoggerAspect - *************************************
2022-10-15 13:49:50 [http-nio-8081-exec-10] INFO  com.capstone.aspect.LoggerAspect - During: class com.capstone.controller.EmiController.getemiofAccount() with arguments=<200 OK OK,emi [s_no=10, loanaccno=202211051, loan_status=active, emi_amount=11973.122, upcomming_payment_date=2022-11-07, remaining_amount=500000.0],[]>
2022-10-15 13:49:50 [http-nio-8081-exec-10] INFO  com.capstone.aspect.LoggerAspect - *************************************
2022-10-15 13:49:52 [http-nio-8081-exec-1] INFO  com.capstone.aspect.LoggerAspect - Method name: com.capstone.controller.EmiController
2022-10-15 13:49:52 [http-nio-8081-exec-1] INFO  com.capstone.aspect.LoggerAspect - Method arguments:[Ljava.lang.Object;@59917474
2022-10-15 13:49:52 [http-nio-8081-exec-1] INFO  com.capstone.aspect.LoggerAspect - *************************************
2022-10-15 13:49:52 [http-nio-8081-exec-1] INFO  com.capstone.aspect.LoggerAspect - Method name: com.capstone.service.EmiServiceImp
2022-10-15 13:49:52 [http-nio-8081-exec-1] INFO  com.capstone.aspect.LoggerAspect - Method arguments:[Ljava.lang.Object;@3de75b15
2022-10-15 13:49:52 [http-nio-8081-exec-1] INFO  com.capstone.aspect.LoggerAspect - *************************************
2022-10-15 13:49:52 [http-nio-8081-exec-1] INFO  com.capstone.aspect.LoggerAspect - During: class com.capstone.service.EmiServiceImp.getEmiData() with arguments=emi [s_no=10, loanaccno=202211051, loan_status=active, emi_amount=11973.122, upcomming_payment_date=2022-11-07, remaining_amount=500000.0]
2022-10-15 13:49:52 [http-nio-8081-exec-1] INFO  com.capstone.aspect.LoggerAspect - *************************************
2022-10-15 13:49:52 [http-nio-8081-exec-1] INFO  com.capstone.aspect.LoggerAspect - Method name: com.capstone.service.EmiServiceImp
2022-10-15 13:49:52 [http-nio-8081-exec-1] INFO  com.capstone.aspect.LoggerAspect - Method arguments:[Ljava.lang.Object;@6e3893c9
2022-10-15 13:49:52 [http-nio-8081-exec-1] INFO  com.capstone.aspect.LoggerAspect - *************************************
2022-10-15 13:49:52 [http-nio-8081-exec-1] INFO  com.capstone.aspect.LoggerAspect - During: class com.capstone.service.EmiServiceImp.getEmiData() with arguments=emi [s_no=10, loanaccno=202211051, loan_status=active, emi_amount=11973.122, upcomming_payment_date=2022-11-07, remaining_amount=500000.0]
2022-10-15 13:49:52 [http-nio-8081-exec-1] INFO  com.capstone.aspect.LoggerAspect - *************************************
2022-10-15 13:49:52 [http-nio-8081-exec-1] INFO  com.capstone.aspect.LoggerAspect - During: class com.capstone.controller.EmiController.getemiofAccount() with arguments=<200 OK OK,emi [s_no=10, loanaccno=202211051, loan_status=active, emi_amount=11973.122, upcomming_payment_date=2022-11-07, remaining_amount=500000.0],[]>
2022-10-15 13:49:52 [http-nio-8081-exec-1] INFO  com.capstone.aspect.LoggerAspect - *************************************
2022-10-15 13:49:54 [http-nio-8081-exec-2] INFO  com.capstone.aspect.LoggerAspect - Method name: com.capstone.controller.EmiController
2022-10-15 13:49:54 [http-nio-8081-exec-2] INFO  com.capstone.aspect.LoggerAspect - Method arguments:[Ljava.lang.Object;@585a6654
2022-10-15 13:49:54 [http-nio-8081-exec-2] INFO  com.capstone.aspect.LoggerAspect - *************************************
2022-10-15 13:49:54 [http-nio-8081-exec-2] INFO  com.capstone.aspect.LoggerAspect - Method name: com.capstone.service.EmiServiceImp
2022-10-15 13:49:54 [http-nio-8081-exec-2] INFO  com.capstone.aspect.LoggerAspect - Method arguments:[Ljava.lang.Object;@15e82134
2022-10-15 13:49:54 [http-nio-8081-exec-2] INFO  com.capstone.aspect.LoggerAspect - *************************************
2022-10-15 13:49:54 [http-nio-8081-exec-2] INFO  com.capstone.aspect.LoggerAspect - During: class com.capstone.service.EmiServiceImp.updateEMI() with arguments=emi [s_no=10, loanaccno=202211051, loan_status=active, emi_amount=11973.122, upcomming_payment_date=2022-11-07, remaining_amount=500000.0]
2022-10-15 13:49:54 [http-nio-8081-exec-2] INFO  com.capstone.aspect.LoggerAspect - *************************************
2022-10-15 13:49:54 [http-nio-8081-exec-2] INFO  com.capstone.aspect.LoggerAspect - During: class com.capstone.controller.EmiController.updateEMI() with arguments=<200 OK OK,{message=emi updated},[]>
2022-10-15 13:49:54 [http-nio-8081-exec-2] INFO  com.capstone.aspect.LoggerAspect - *************************************
2022-10-15 13:49:59 [http-nio-8081-exec-3] INFO  com.capstone.aspect.LoggerAspect - Method name: com.capstone.controller.EmiController
2022-10-15 13:49:59 [http-nio-8081-exec-3] INFO  com.capstone.aspect.LoggerAspect - Method arguments:[Ljava.lang.Object;@3b7facb1
2022-10-15 13:49:59 [http-nio-8081-exec-3] INFO  com.capstone.aspect.LoggerAspect - *************************************
2022-10-15 13:49:59 [http-nio-8081-exec-3] INFO  com.capstone.aspect.LoggerAspect - Method name: com.capstone.service.EmiServiceImp
2022-10-15 13:49:59 [http-nio-8081-exec-3] INFO  com.capstone.aspect.LoggerAspect - Method arguments:[Ljava.lang.Object;@60f5bc80
2022-10-15 13:49:59 [http-nio-8081-exec-3] INFO  com.capstone.aspect.LoggerAspect - *************************************
2022-10-15 13:49:59 [http-nio-8081-exec-3] INFO  com.capstone.aspect.LoggerAspect - During: class com.capstone.service.EmiServiceImp.getEmiData() with arguments=emi [s_no=10, loanaccno=202211051, loan_status=active, emi_amount=11973.122, upcomming_payment_date=2022-11-07, remaining_amount=500000.0]
2022-10-15 13:49:59 [http-nio-8081-exec-3] INFO  com.capstone.aspect.LoggerAspect - *************************************
2022-10-15 13:49:59 [http-nio-8081-exec-3] INFO  com.capstone.aspect.LoggerAspect - Method name: com.capstone.service.EmiServiceImp
2022-10-15 13:49:59 [http-nio-8081-exec-3] INFO  com.capstone.aspect.LoggerAspect - Method arguments:[Ljava.lang.Object;@33c704eb
2022-10-15 13:49:59 [http-nio-8081-exec-3] INFO  com.capstone.aspect.LoggerAspect - *************************************
2022-10-15 13:49:59 [http-nio-8081-exec-3] INFO  com.capstone.aspect.LoggerAspect - During: class com.capstone.service.EmiServiceImp.getEmiData() with arguments=emi [s_no=10, loanaccno=202211051, loan_status=active, emi_amount=11973.122, upcomming_payment_date=2022-11-07, remaining_amount=500000.0]
2022-10-15 13:49:59 [http-nio-8081-exec-3] INFO  com.capstone.aspect.LoggerAspect - *************************************
2022-10-15 13:49:59 [http-nio-8081-exec-3] INFO  com.capstone.aspect.LoggerAspect - During: class com.capstone.controller.EmiController.getemiofAccount() with arguments=<200 OK OK,emi [s_no=10, loanaccno=202211051, loan_status=active, emi_amount=11973.122, upcomming_payment_date=2022-11-07, remaining_amount=500000.0],[]>
2022-10-15 13:49:59 [http-nio-8081-exec-3] INFO  com.capstone.aspect.LoggerAspect - *************************************
2022-10-15 13:50:11 [http-nio-8081-exec-4] ERROR o.a.c.c.C.[.[.[.[dispatcherServlet] - Servlet.service() for servlet [dispatcherServlet] in context with path [] threw exception [Token missing or invalid] with root cause
javax.servlet.ServletException: Token missing or invalid
	at com.capstone.filter.EmiFilter.doFilter(EmiFilter.java:40)
	at org.apache.catalina.core.ApplicationFilterChain.internalDoFilter(ApplicationFilterChain.java:189)
	at org.apache.catalina.core.ApplicationFilterChain.doFilter(ApplicationFilterChain.java:162)
	at org.springframework.web.filter.RequestContextFilter.doFilterInternal(RequestContextFilter.java:100)
	at org.springframework.web.filter.OncePerRequestFilter.doFilter(OncePerRequestFilter.java:117)
	at org.apache.catalina.core.ApplicationFilterChain.internalDoFilter(ApplicationFilterChain.java:189)
	at org.apache.catalina.core.ApplicationFilterChain.doFilter(ApplicationFilterChain.java:162)
	at org.springframework.web.filter.FormContentFilter.doFilterInternal(FormContentFilter.java:93)
	at org.springframework.web.filter.OncePerRequestFilter.doFilter(OncePerRequestFilter.java:117)
	at org.apache.catalina.core.ApplicationFilterChain.internalDoFilter(ApplicationFilterChain.java:189)
	at org.apache.catalina.core.ApplicationFilterChain.doFilter(ApplicationFilterChain.java:162)
	at org.springframework.web.filter.CharacterEncodingFilter.doFilterInternal(CharacterEncodingFilter.java:201)
	at org.springframework.web.filter.OncePerRequestFilter.doFilter(OncePerRequestFilter.java:117)
	at org.apache.catalina.core.ApplicationFilterChain.internalDoFilter(ApplicationFilterChain.java:189)
	at org.apache.catalina.core.ApplicationFilterChain.doFilter(ApplicationFilterChain.java:162)
	at org.apache.catalina.core.StandardWrapperValve.invoke(StandardWrapperValve.java:197)
	at org.apache.catalina.core.StandardContextValve.invoke(StandardContextValve.java:97)
	at org.apache.catalina.authenticator.AuthenticatorBase.invoke(AuthenticatorBase.java:541)
	at org.apache.catalina.core.StandardHostValve.invoke(StandardHostValve.java:135)
	at org.apache.catalina.valves.ErrorReportValve.invoke(ErrorReportValve.java:92)
	at org.apache.catalina.core.StandardEngineValve.invoke(StandardEngineValve.java:78)
	at org.apache.catalina.connector.CoyoteAdapter.service(CoyoteAdapter.java:360)
	at org.apache.coyote.http11.Http11Processor.service(Http11Processor.java:399)
	at org.apache.coyote.AbstractProcessorLight.process(AbstractProcessorLight.java:65)
	at org.apache.coyote.AbstractProtocol$ConnectionHandler.process(AbstractProtocol.java:890)
	at org.apache.tomcat.util.net.NioEndpoint$SocketProcessor.doRun(NioEndpoint.java:1789)
	at org.apache.tomcat.util.net.SocketProcessorBase.run(SocketProcessorBase.java:49)
	at org.apache.tomcat.util.threads.ThreadPoolExecutor.runWorker(ThreadPoolExecutor.java:1191)
	at org.apache.tomcat.util.threads.ThreadPoolExecutor$Worker.run(ThreadPoolExecutor.java:659)
	at org.apache.tomcat.util.threads.TaskThread$WrappingRunnable.run(TaskThread.java:61)
	at java.base/java.lang.Thread.run(Thread.java:833)
2022-10-15 13:50:15 [http-nio-8081-exec-5] INFO  com.capstone.aspect.LoggerAspect - Method name: com.capstone.controller.EmiController
2022-10-15 13:50:15 [http-nio-8081-exec-5] INFO  com.capstone.aspect.LoggerAspect - Method arguments:[Ljava.lang.Object;@6a0f3b23
2022-10-15 13:50:15 [http-nio-8081-exec-5] INFO  com.capstone.aspect.LoggerAspect - *************************************
2022-10-15 13:50:15 [http-nio-8081-exec-5] INFO  com.capstone.aspect.LoggerAspect - Method name: com.capstone.service.EmiServiceImp
2022-10-15 13:50:15 [http-nio-8081-exec-5] INFO  com.capstone.aspect.LoggerAspect - Method arguments:[Ljava.lang.Object;@2fef0581
2022-10-15 13:50:15 [http-nio-8081-exec-5] INFO  com.capstone.aspect.LoggerAspect - *************************************
2022-10-15 13:50:15 [http-nio-8081-exec-5] INFO  com.capstone.aspect.LoggerAspect - During: class com.capstone.service.EmiServiceImp.getEmiData() with arguments=emi [s_no=10, loanaccno=202211051, loan_status=active, emi_amount=11973.122, upcomming_payment_date=2022-11-07, remaining_amount=500000.0]
2022-10-15 13:50:15 [http-nio-8081-exec-5] INFO  com.capstone.aspect.LoggerAspect - *************************************
2022-10-15 13:50:15 [http-nio-8081-exec-5] INFO  com.capstone.aspect.LoggerAspect - Method name: com.capstone.service.EmiServiceImp
2022-10-15 13:50:15 [http-nio-8081-exec-5] INFO  com.capstone.aspect.LoggerAspect - Method arguments:[Ljava.lang.Object;@20596cd1
2022-10-15 13:50:15 [http-nio-8081-exec-5] INFO  com.capstone.aspect.LoggerAspect - *************************************
2022-10-15 13:50:15 [http-nio-8081-exec-5] INFO  com.capstone.aspect.LoggerAspect - During: class com.capstone.service.EmiServiceImp.getEmiData() with arguments=emi [s_no=10, loanaccno=202211051, loan_status=active, emi_amount=11973.122, upcomming_payment_date=2022-11-07, remaining_amount=500000.0]
2022-10-15 13:50:15 [http-nio-8081-exec-5] INFO  com.capstone.aspect.LoggerAspect - *************************************
2022-10-15 13:50:15 [http-nio-8081-exec-5] INFO  com.capstone.aspect.LoggerAspect - During: class com.capstone.controller.EmiController.getemiofAccount() with arguments=<200 OK OK,emi [s_no=10, loanaccno=202211051, loan_status=active, emi_amount=11973.122, upcomming_payment_date=2022-11-07, remaining_amount=500000.0],[]>
2022-10-15 13:50:15 [http-nio-8081-exec-5] INFO  com.capstone.aspect.LoggerAspect - *************************************
2022-10-15 13:50:17 [http-nio-8081-exec-6] INFO  com.capstone.aspect.LoggerAspect - Method name: com.capstone.controller.EmiController
2022-10-15 13:50:17 [http-nio-8081-exec-6] INFO  com.capstone.aspect.LoggerAspect - Method arguments:[Ljava.lang.Object;@ed8037e
2022-10-15 13:50:17 [http-nio-8081-exec-6] INFO  com.capstone.aspect.LoggerAspect - *************************************
2022-10-15 13:50:17 [http-nio-8081-exec-6] INFO  com.capstone.aspect.LoggerAspect - Method name: com.capstone.service.EmiServiceImp
2022-10-15 13:50:17 [http-nio-8081-exec-6] INFO  com.capstone.aspect.LoggerAspect - Method arguments:[Ljava.lang.Object;@67845759
2022-10-15 13:50:17 [http-nio-8081-exec-6] INFO  com.capstone.aspect.LoggerAspect - *************************************
2022-10-15 13:50:17 [http-nio-8081-exec-6] INFO  com.capstone.aspect.LoggerAspect - During: class com.capstone.service.EmiServiceImp.getEmiData() with arguments=emi [s_no=10, loanaccno=202211051, loan_status=active, emi_amount=11973.122, upcomming_payment_date=2022-11-07, remaining_amount=500000.0]
2022-10-15 13:50:17 [http-nio-8081-exec-6] INFO  com.capstone.aspect.LoggerAspect - *************************************
2022-10-15 13:50:17 [http-nio-8081-exec-6] INFO  com.capstone.aspect.LoggerAspect - Method name: com.capstone.service.EmiServiceImp
2022-10-15 13:50:17 [http-nio-8081-exec-6] INFO  com.capstone.aspect.LoggerAspect - Method arguments:[Ljava.lang.Object;@713502ee
2022-10-15 13:50:17 [http-nio-8081-exec-6] INFO  com.capstone.aspect.LoggerAspect - *************************************
2022-10-15 13:50:17 [http-nio-8081-exec-6] INFO  com.capstone.aspect.LoggerAspect - During: class com.capstone.service.EmiServiceImp.getEmiData() with arguments=emi [s_no=10, loanaccno=202211051, loan_status=active, emi_amount=11973.122, upcomming_payment_date=2022-11-07, remaining_amount=500000.0]
2022-10-15 13:50:17 [http-nio-8081-exec-6] INFO  com.capstone.aspect.LoggerAspect - *************************************
2022-10-15 13:50:17 [http-nio-8081-exec-6] INFO  com.capstone.aspect.LoggerAspect - During: class com.capstone.controller.EmiController.getemiofAccount() with arguments=<200 OK OK,emi [s_no=10, loanaccno=202211051, loan_status=active, emi_amount=11973.122, upcomming_payment_date=2022-11-07, remaining_amount=500000.0],[]>
2022-10-15 13:50:17 [http-nio-8081-exec-6] INFO  com.capstone.aspect.LoggerAspect - *************************************
2022-10-15 13:50:24 [AsyncResolver-bootstrap-executor-0] INFO  c.n.d.s.r.aws.ConfigClusterResolver - Resolving eureka endpoints via configuration
2022-10-15 13:51:03 [http-nio-8081-exec-7] INFO  com.capstone.aspect.LoggerAspect - Method name: com.capstone.controller.EmiController
2022-10-15 13:51:03 [http-nio-8081-exec-7] INFO  com.capstone.aspect.LoggerAspect - Method arguments:[Ljava.lang.Object;@4141f8dd
2022-10-15 13:51:03 [http-nio-8081-exec-7] INFO  com.capstone.aspect.LoggerAspect - *************************************
2022-10-15 13:51:03 [http-nio-8081-exec-7] INFO  com.capstone.aspect.LoggerAspect - Method name: com.capstone.service.EmiServiceImp
2022-10-15 13:51:03 [http-nio-8081-exec-7] INFO  com.capstone.aspect.LoggerAspect - Method arguments:[Ljava.lang.Object;@5ac727e1
2022-10-15 13:51:03 [http-nio-8081-exec-7] INFO  com.capstone.aspect.LoggerAspect - *************************************
2022-10-15 13:51:03 [http-nio-8081-exec-7] INFO  com.capstone.aspect.LoggerAspect - During: class com.capstone.service.EmiServiceImp.getEmiData() with arguments=emi [s_no=10, loanaccno=202211051, loan_status=active, emi_amount=11973.122, upcomming_payment_date=2022-11-07, remaining_amount=500000.0]
2022-10-15 13:51:03 [http-nio-8081-exec-7] INFO  com.capstone.aspect.LoggerAspect - *************************************
2022-10-15 13:51:03 [http-nio-8081-exec-7] INFO  com.capstone.aspect.LoggerAspect - Method name: com.capstone.service.EmiServiceImp
2022-10-15 13:51:03 [http-nio-8081-exec-7] INFO  com.capstone.aspect.LoggerAspect - Method arguments:[Ljava.lang.Object;@7ce3e8b5
2022-10-15 13:51:03 [http-nio-8081-exec-7] INFO  com.capstone.aspect.LoggerAspect - *************************************
2022-10-15 13:51:03 [http-nio-8081-exec-7] INFO  com.capstone.aspect.LoggerAspect - During: class com.capstone.service.EmiServiceImp.getEmiData() with arguments=emi [s_no=10, loanaccno=202211051, loan_status=active, emi_amount=11973.122, upcomming_payment_date=2022-11-07, remaining_amount=500000.0]
2022-10-15 13:51:03 [http-nio-8081-exec-7] INFO  com.capstone.aspect.LoggerAspect - *************************************
2022-10-15 13:51:03 [http-nio-8081-exec-7] INFO  com.capstone.aspect.LoggerAspect - During: class com.capstone.controller.EmiController.getemiofAccount() with arguments=<200 OK OK,emi [s_no=10, loanaccno=202211051, loan_status=active, emi_amount=11973.122, upcomming_payment_date=2022-11-07, remaining_amount=500000.0],[]>
2022-10-15 13:51:03 [http-nio-8081-exec-7] INFO  com.capstone.aspect.LoggerAspect - *************************************
2022-10-15 13:51:14 [http-nio-8081-exec-8] INFO  com.capstone.aspect.LoggerAspect - Method name: com.capstone.controller.EmiController
2022-10-15 13:51:14 [http-nio-8081-exec-8] INFO  com.capstone.aspect.LoggerAspect - Method arguments:[Ljava.lang.Object;@1a3eaed4
2022-10-15 13:51:14 [http-nio-8081-exec-8] INFO  com.capstone.aspect.LoggerAspect - *************************************
2022-10-15 13:51:14 [http-nio-8081-exec-8] INFO  com.capstone.aspect.LoggerAspect - Method name: com.capstone.service.EmiServiceImp
2022-10-15 13:51:14 [http-nio-8081-exec-8] INFO  com.capstone.aspect.LoggerAspect - Method arguments:[Ljava.lang.Object;@505b6852
2022-10-15 13:51:14 [http-nio-8081-exec-8] INFO  com.capstone.aspect.LoggerAspect - *************************************
2022-10-15 13:51:14 [http-nio-8081-exec-8] INFO  com.capstone.aspect.LoggerAspect - During: class com.capstone.service.EmiServiceImp.getEmiData() with arguments=emi [s_no=10, loanaccno=202211051, loan_status=active, emi_amount=11973.122, upcomming_payment_date=2022-11-07, remaining_amount=500000.0]
2022-10-15 13:51:14 [http-nio-8081-exec-8] INFO  com.capstone.aspect.LoggerAspect - *************************************
2022-10-15 13:51:14 [http-nio-8081-exec-8] INFO  com.capstone.aspect.LoggerAspect - Method name: com.capstone.service.EmiServiceImp
2022-10-15 13:51:14 [http-nio-8081-exec-8] INFO  com.capstone.aspect.LoggerAspect - Method arguments:[Ljava.lang.Object;@3393e7aa
2022-10-15 13:51:14 [http-nio-8081-exec-8] INFO  com.capstone.aspect.LoggerAspect - *************************************
2022-10-15 13:51:14 [http-nio-8081-exec-8] INFO  com.capstone.aspect.LoggerAspect - During: class com.capstone.service.EmiServiceImp.getEmiData() with arguments=emi [s_no=10, loanaccno=202211051, loan_status=active, emi_amount=11973.122, upcomming_payment_date=2022-11-07, remaining_amount=500000.0]
2022-10-15 13:51:14 [http-nio-8081-exec-8] INFO  com.capstone.aspect.LoggerAspect - *************************************
2022-10-15 13:51:14 [http-nio-8081-exec-8] INFO  com.capstone.aspect.LoggerAspect - During: class com.capstone.controller.EmiController.getemiofAccount() with arguments=<200 OK OK,emi [s_no=10, loanaccno=202211051, loan_status=active, emi_amount=11973.122, upcomming_payment_date=2022-11-07, remaining_amount=500000.0],[]>
2022-10-15 13:51:14 [http-nio-8081-exec-8] INFO  com.capstone.aspect.LoggerAspect - *************************************
2022-10-15 13:51:14 [http-nio-8081-exec-9] INFO  com.capstone.aspect.LoggerAspect - Method name: com.capstone.controller.EmiController
2022-10-15 13:51:14 [http-nio-8081-exec-9] INFO  com.capstone.aspect.LoggerAspect - Method arguments:[Ljava.lang.Object;@76489d2b
2022-10-15 13:51:14 [http-nio-8081-exec-9] INFO  com.capstone.aspect.LoggerAspect - *************************************
2022-10-15 13:51:14 [http-nio-8081-exec-9] INFO  com.capstone.aspect.LoggerAspect - Method name: com.capstone.service.EmiServiceImp
2022-10-15 13:51:14 [http-nio-8081-exec-9] INFO  com.capstone.aspect.LoggerAspect - Method arguments:[Ljava.lang.Object;@7ec8309e
2022-10-15 13:51:14 [http-nio-8081-exec-9] INFO  com.capstone.aspect.LoggerAspect - *************************************
2022-10-15 13:51:14 [http-nio-8081-exec-9] INFO  com.capstone.aspect.LoggerAspect - During: class com.capstone.service.EmiServiceImp.updateEMI() with arguments=emi [s_no=10, loanaccno=202211051, loan_status=active, emi_amount=11973.122, upcomming_payment_date=2022-11-07, remaining_amount=500000.0]
2022-10-15 13:51:14 [http-nio-8081-exec-9] INFO  com.capstone.aspect.LoggerAspect - *************************************
2022-10-15 13:51:14 [http-nio-8081-exec-9] INFO  com.capstone.aspect.LoggerAspect - During: class com.capstone.controller.EmiController.updateEMI() with arguments=<200 OK OK,{message=emi updated},[]>
2022-10-15 13:51:14 [http-nio-8081-exec-9] INFO  com.capstone.aspect.LoggerAspect - *************************************
2022-10-15 13:51:17 [http-nio-8081-exec-10] INFO  com.capstone.aspect.LoggerAspect - Method name: com.capstone.controller.EmiController
2022-10-15 13:51:17 [http-nio-8081-exec-10] INFO  com.capstone.aspect.LoggerAspect - Method arguments:[Ljava.lang.Object;@1112b634
2022-10-15 13:51:17 [http-nio-8081-exec-10] INFO  com.capstone.aspect.LoggerAspect - *************************************
2022-10-15 13:51:17 [http-nio-8081-exec-10] INFO  com.capstone.aspect.LoggerAspect - Method name: com.capstone.service.EmiServiceImp
2022-10-15 13:51:17 [http-nio-8081-exec-10] INFO  com.capstone.aspect.LoggerAspect - Method arguments:[Ljava.lang.Object;@5435baf8
2022-10-15 13:51:17 [http-nio-8081-exec-10] INFO  com.capstone.aspect.LoggerAspect - *************************************
2022-10-15 13:51:17 [http-nio-8081-exec-10] INFO  com.capstone.aspect.LoggerAspect - During: class com.capstone.service.EmiServiceImp.getEmiData() with arguments=emi [s_no=10, loanaccno=202211051, loan_status=active, emi_amount=11973.122, upcomming_payment_date=2022-11-07, remaining_amount=500000.0]
2022-10-15 13:51:17 [http-nio-8081-exec-10] INFO  com.capstone.aspect.LoggerAspect - *************************************
2022-10-15 13:51:17 [http-nio-8081-exec-10] INFO  com.capstone.aspect.LoggerAspect - Method name: com.capstone.service.EmiServiceImp
2022-10-15 13:51:17 [http-nio-8081-exec-10] INFO  com.capstone.aspect.LoggerAspect - Method arguments:[Ljava.lang.Object;@744eb965
2022-10-15 13:51:17 [http-nio-8081-exec-10] INFO  com.capstone.aspect.LoggerAspect - *************************************
2022-10-15 13:51:17 [http-nio-8081-exec-10] INFO  com.capstone.aspect.LoggerAspect - During: class com.capstone.service.EmiServiceImp.getEmiData() with arguments=emi [s_no=10, loanaccno=202211051, loan_status=active, emi_amount=11973.122, upcomming_payment_date=2022-11-07, remaining_amount=500000.0]
2022-10-15 13:51:17 [http-nio-8081-exec-10] INFO  com.capstone.aspect.LoggerAspect - *************************************
2022-10-15 13:51:17 [http-nio-8081-exec-10] INFO  com.capstone.aspect.LoggerAspect - During: class com.capstone.controller.EmiController.getemiofAccount() with arguments=<200 OK OK,emi [s_no=10, loanaccno=202211051, loan_status=active, emi_amount=11973.122, upcomming_payment_date=2022-11-07, remaining_amount=500000.0],[]>
2022-10-15 13:51:17 [http-nio-8081-exec-10] INFO  com.capstone.aspect.LoggerAspect - *************************************
2022-10-15 13:51:27 [http-nio-8081-exec-1] ERROR o.a.c.c.C.[.[.[.[dispatcherServlet] - Servlet.service() for servlet [dispatcherServlet] in context with path [] threw exception [Token missing or invalid] with root cause
javax.servlet.ServletException: Token missing or invalid
	at com.capstone.filter.EmiFilter.doFilter(EmiFilter.java:40)
	at org.apache.catalina.core.ApplicationFilterChain.internalDoFilter(ApplicationFilterChain.java:189)
	at org.apache.catalina.core.ApplicationFilterChain.doFilter(ApplicationFilterChain.java:162)
	at org.springframework.web.filter.RequestContextFilter.doFilterInternal(RequestContextFilter.java:100)
	at org.springframework.web.filter.OncePerRequestFilter.doFilter(OncePerRequestFilter.java:117)
	at org.apache.catalina.core.ApplicationFilterChain.internalDoFilter(ApplicationFilterChain.java:189)
	at org.apache.catalina.core.ApplicationFilterChain.doFilter(ApplicationFilterChain.java:162)
	at org.springframework.web.filter.FormContentFilter.doFilterInternal(FormContentFilter.java:93)
	at org.springframework.web.filter.OncePerRequestFilter.doFilter(OncePerRequestFilter.java:117)
	at org.apache.catalina.core.ApplicationFilterChain.internalDoFilter(ApplicationFilterChain.java:189)
	at org.apache.catalina.core.ApplicationFilterChain.doFilter(ApplicationFilterChain.java:162)
	at org.springframework.web.filter.CharacterEncodingFilter.doFilterInternal(CharacterEncodingFilter.java:201)
	at org.springframework.web.filter.OncePerRequestFilter.doFilter(OncePerRequestFilter.java:117)
	at org.apache.catalina.core.ApplicationFilterChain.internalDoFilter(ApplicationFilterChain.java:189)
	at org.apache.catalina.core.ApplicationFilterChain.doFilter(ApplicationFilterChain.java:162)
	at org.apache.catalina.core.StandardWrapperValve.invoke(StandardWrapperValve.java:197)
	at org.apache.catalina.core.StandardContextValve.invoke(StandardContextValve.java:97)
	at org.apache.catalina.authenticator.AuthenticatorBase.invoke(AuthenticatorBase.java:541)
	at org.apache.catalina.core.StandardHostValve.invoke(StandardHostValve.java:135)
	at org.apache.catalina.valves.ErrorReportValve.invoke(ErrorReportValve.java:92)
	at org.apache.catalina.core.StandardEngineValve.invoke(StandardEngineValve.java:78)
	at org.apache.catalina.connector.CoyoteAdapter.service(CoyoteAdapter.java:360)
	at org.apache.coyote.http11.Http11Processor.service(Http11Processor.java:399)
	at org.apache.coyote.AbstractProcessorLight.process(AbstractProcessorLight.java:65)
	at org.apache.coyote.AbstractProtocol$ConnectionHandler.process(AbstractProtocol.java:890)
	at org.apache.tomcat.util.net.NioEndpoint$SocketProcessor.doRun(NioEndpoint.java:1789)
	at org.apache.tomcat.util.net.SocketProcessorBase.run(SocketProcessorBase.java:49)
	at org.apache.tomcat.util.threads.ThreadPoolExecutor.runWorker(ThreadPoolExecutor.java:1191)
	at org.apache.tomcat.util.threads.ThreadPoolExecutor$Worker.run(ThreadPoolExecutor.java:659)
	at org.apache.tomcat.util.threads.TaskThread$WrappingRunnable.run(TaskThread.java:61)
	at java.base/java.lang.Thread.run(Thread.java:833)
2022-10-15 13:51:33 [http-nio-8081-exec-2] INFO  com.capstone.aspect.LoggerAspect - Method name: com.capstone.controller.EmiController
2022-10-15 13:51:33 [http-nio-8081-exec-2] INFO  com.capstone.aspect.LoggerAspect - Method arguments:[Ljava.lang.Object;@6f96bc2
2022-10-15 13:51:33 [http-nio-8081-exec-2] INFO  com.capstone.aspect.LoggerAspect - *************************************
2022-10-15 13:51:33 [http-nio-8081-exec-2] INFO  com.capstone.aspect.LoggerAspect - Method name: com.capstone.service.EmiServiceImp
2022-10-15 13:51:33 [http-nio-8081-exec-2] INFO  com.capstone.aspect.LoggerAspect - Method arguments:[Ljava.lang.Object;@6594db55
2022-10-15 13:51:33 [http-nio-8081-exec-2] INFO  com.capstone.aspect.LoggerAspect - *************************************
2022-10-15 13:51:33 [http-nio-8081-exec-2] INFO  com.capstone.aspect.LoggerAspect - During: class com.capstone.service.EmiServiceImp.getEmiData() with arguments=emi [s_no=10, loanaccno=202211051, loan_status=active, emi_amount=11973.122, upcomming_payment_date=2022-11-07, remaining_amount=500000.0]
2022-10-15 13:51:33 [http-nio-8081-exec-2] INFO  com.capstone.aspect.LoggerAspect - *************************************
2022-10-15 13:51:33 [http-nio-8081-exec-2] INFO  com.capstone.aspect.LoggerAspect - Method name: com.capstone.service.EmiServiceImp
2022-10-15 13:51:33 [http-nio-8081-exec-2] INFO  com.capstone.aspect.LoggerAspect - Method arguments:[Ljava.lang.Object;@da4e24
2022-10-15 13:51:33 [http-nio-8081-exec-2] INFO  com.capstone.aspect.LoggerAspect - *************************************
2022-10-15 13:51:33 [http-nio-8081-exec-2] INFO  com.capstone.aspect.LoggerAspect - During: class com.capstone.service.EmiServiceImp.getEmiData() with arguments=emi [s_no=10, loanaccno=202211051, loan_status=active, emi_amount=11973.122, upcomming_payment_date=2022-11-07, remaining_amount=500000.0]
2022-10-15 13:51:33 [http-nio-8081-exec-2] INFO  com.capstone.aspect.LoggerAspect - *************************************
2022-10-15 13:51:33 [http-nio-8081-exec-2] INFO  com.capstone.aspect.LoggerAspect - During: class com.capstone.controller.EmiController.getemiofAccount() with arguments=<200 OK OK,emi [s_no=10, loanaccno=202211051, loan_status=active, emi_amount=11973.122, upcomming_payment_date=2022-11-07, remaining_amount=500000.0],[]>
2022-10-15 13:51:33 [http-nio-8081-exec-2] INFO  com.capstone.aspect.LoggerAspect - *************************************
2022-10-15 13:51:36 [http-nio-8081-exec-3] INFO  com.capstone.aspect.LoggerAspect - Method name: com.capstone.controller.EmiController
2022-10-15 13:51:36 [http-nio-8081-exec-3] INFO  com.capstone.aspect.LoggerAspect - Method arguments:[Ljava.lang.Object;@58246fe5
2022-10-15 13:51:36 [http-nio-8081-exec-3] INFO  com.capstone.aspect.LoggerAspect - *************************************
2022-10-15 13:51:36 [http-nio-8081-exec-3] INFO  com.capstone.aspect.LoggerAspect - Method name: com.capstone.service.EmiServiceImp
2022-10-15 13:51:36 [http-nio-8081-exec-3] INFO  com.capstone.aspect.LoggerAspect - Method arguments:[Ljava.lang.Object;@329a71f9
2022-10-15 13:51:36 [http-nio-8081-exec-3] INFO  com.capstone.aspect.LoggerAspect - *************************************
2022-10-15 13:51:36 [http-nio-8081-exec-3] INFO  com.capstone.aspect.LoggerAspect - During: class com.capstone.service.EmiServiceImp.getEmiData() with arguments=emi [s_no=10, loanaccno=202211051, loan_status=active, emi_amount=11973.122, upcomming_payment_date=2022-11-07, remaining_amount=500000.0]
2022-10-15 13:51:36 [http-nio-8081-exec-3] INFO  com.capstone.aspect.LoggerAspect - *************************************
2022-10-15 13:51:36 [http-nio-8081-exec-3] INFO  com.capstone.aspect.LoggerAspect - Method name: com.capstone.service.EmiServiceImp
2022-10-15 13:51:36 [http-nio-8081-exec-3] INFO  com.capstone.aspect.LoggerAspect - Method arguments:[Ljava.lang.Object;@7f8dd3ac
2022-10-15 13:51:36 [http-nio-8081-exec-3] INFO  com.capstone.aspect.LoggerAspect - *************************************
2022-10-15 13:51:36 [http-nio-8081-exec-3] INFO  com.capstone.aspect.LoggerAspect - During: class com.capstone.service.EmiServiceImp.getEmiData() with arguments=emi [s_no=10, loanaccno=202211051, loan_status=active, emi_amount=11973.122, upcomming_payment_date=2022-11-07, remaining_amount=500000.0]
2022-10-15 13:51:36 [http-nio-8081-exec-3] INFO  com.capstone.aspect.LoggerAspect - *************************************
2022-10-15 13:51:36 [http-nio-8081-exec-3] INFO  com.capstone.aspect.LoggerAspect - During: class com.capstone.controller.EmiController.getemiofAccount() with arguments=<200 OK OK,emi [s_no=10, loanaccno=202211051, loan_status=active, emi_amount=11973.122, upcomming_payment_date=2022-11-07, remaining_amount=500000.0],[]>
2022-10-15 13:51:36 [http-nio-8081-exec-3] INFO  com.capstone.aspect.LoggerAspect - *************************************
2022-10-15 13:51:57 [http-nio-8081-exec-4] INFO  com.capstone.aspect.LoggerAspect - Method name: com.capstone.controller.EmiController
2022-10-15 13:51:57 [http-nio-8081-exec-4] INFO  com.capstone.aspect.LoggerAspect - Method arguments:[Ljava.lang.Object;@8ab8341
2022-10-15 13:51:57 [http-nio-8081-exec-4] INFO  com.capstone.aspect.LoggerAspect - *************************************
2022-10-15 13:51:57 [http-nio-8081-exec-4] INFO  com.capstone.aspect.LoggerAspect - Method name: com.capstone.service.EmiServiceImp
2022-10-15 13:51:57 [http-nio-8081-exec-4] INFO  com.capstone.aspect.LoggerAspect - Method arguments:[Ljava.lang.Object;@39ff0c87
2022-10-15 13:51:57 [http-nio-8081-exec-4] INFO  com.capstone.aspect.LoggerAspect - *************************************
2022-10-15 13:51:57 [http-nio-8081-exec-4] INFO  com.capstone.aspect.LoggerAspect - During: class com.capstone.service.EmiServiceImp.getEmiData() with arguments=emi [s_no=10, loanaccno=202211051, loan_status=active, emi_amount=11973.122, upcomming_payment_date=2022-11-07, remaining_amount=500000.0]
2022-10-15 13:51:57 [http-nio-8081-exec-4] INFO  com.capstone.aspect.LoggerAspect - *************************************
2022-10-15 13:51:57 [http-nio-8081-exec-4] INFO  com.capstone.aspect.LoggerAspect - Method name: com.capstone.service.EmiServiceImp
2022-10-15 13:51:57 [http-nio-8081-exec-4] INFO  com.capstone.aspect.LoggerAspect - Method arguments:[Ljava.lang.Object;@340df38e
2022-10-15 13:51:57 [http-nio-8081-exec-4] INFO  com.capstone.aspect.LoggerAspect - *************************************
2022-10-15 13:51:57 [http-nio-8081-exec-4] INFO  com.capstone.aspect.LoggerAspect - During: class com.capstone.service.EmiServiceImp.getEmiData() with arguments=emi [s_no=10, loanaccno=202211051, loan_status=active, emi_amount=11973.122, upcomming_payment_date=2022-11-07, remaining_amount=500000.0]
2022-10-15 13:51:57 [http-nio-8081-exec-4] INFO  com.capstone.aspect.LoggerAspect - *************************************
2022-10-15 13:51:57 [http-nio-8081-exec-4] INFO  com.capstone.aspect.LoggerAspect - During: class com.capstone.controller.EmiController.getemiofAccount() with arguments=<200 OK OK,emi [s_no=10, loanaccno=202211051, loan_status=active, emi_amount=11973.122, upcomming_payment_date=2022-11-07, remaining_amount=500000.0],[]>
2022-10-15 13:51:57 [http-nio-8081-exec-4] INFO  com.capstone.aspect.LoggerAspect - *************************************
2022-10-15 13:52:01 [http-nio-8081-exec-5] INFO  com.capstone.aspect.LoggerAspect - Method name: com.capstone.controller.EmiController
2022-10-15 13:52:01 [http-nio-8081-exec-5] INFO  com.capstone.aspect.LoggerAspect - Method arguments:[Ljava.lang.Object;@6457e1b4
2022-10-15 13:52:01 [http-nio-8081-exec-5] INFO  com.capstone.aspect.LoggerAspect - *************************************
2022-10-15 13:52:01 [http-nio-8081-exec-5] INFO  com.capstone.aspect.LoggerAspect - Method name: com.capstone.service.EmiServiceImp
2022-10-15 13:52:01 [http-nio-8081-exec-5] INFO  com.capstone.aspect.LoggerAspect - Method arguments:[Ljava.lang.Object;@759cbf65
2022-10-15 13:52:01 [http-nio-8081-exec-5] INFO  com.capstone.aspect.LoggerAspect - *************************************
2022-10-15 13:52:01 [http-nio-8081-exec-5] INFO  com.capstone.aspect.LoggerAspect - During: class com.capstone.service.EmiServiceImp.getEmiData() with arguments=emi [s_no=10, loanaccno=202211051, loan_status=active, emi_amount=11973.122, upcomming_payment_date=2022-11-07, remaining_amount=500000.0]
2022-10-15 13:52:01 [http-nio-8081-exec-5] INFO  com.capstone.aspect.LoggerAspect - *************************************
2022-10-15 13:52:01 [http-nio-8081-exec-5] INFO  com.capstone.aspect.LoggerAspect - Method name: com.capstone.service.EmiServiceImp
2022-10-15 13:52:01 [http-nio-8081-exec-5] INFO  com.capstone.aspect.LoggerAspect - Method arguments:[Ljava.lang.Object;@7bf3d427
2022-10-15 13:52:01 [http-nio-8081-exec-5] INFO  com.capstone.aspect.LoggerAspect - *************************************
2022-10-15 13:52:01 [http-nio-8081-exec-5] INFO  com.capstone.aspect.LoggerAspect - During: class com.capstone.service.EmiServiceImp.getEmiData() with arguments=emi [s_no=10, loanaccno=202211051, loan_status=active, emi_amount=11973.122, upcomming_payment_date=2022-11-07, remaining_amount=500000.0]
2022-10-15 13:52:01 [http-nio-8081-exec-5] INFO  com.capstone.aspect.LoggerAspect - *************************************
2022-10-15 13:52:01 [http-nio-8081-exec-5] INFO  com.capstone.aspect.LoggerAspect - During: class com.capstone.controller.EmiController.getemiofAccount() with arguments=<200 OK OK,emi [s_no=10, loanaccno=202211051, loan_status=active, emi_amount=11973.122, upcomming_payment_date=2022-11-07, remaining_amount=500000.0],[]>
2022-10-15 13:52:01 [http-nio-8081-exec-5] INFO  com.capstone.aspect.LoggerAspect - *************************************
2022-10-15 13:52:04 [http-nio-8081-exec-6] INFO  com.capstone.aspect.LoggerAspect - Method name: com.capstone.controller.EmiController
2022-10-15 13:52:04 [http-nio-8081-exec-6] INFO  com.capstone.aspect.LoggerAspect - Method arguments:[Ljava.lang.Object;@552b30f1
2022-10-15 13:52:04 [http-nio-8081-exec-6] INFO  com.capstone.aspect.LoggerAspect - *************************************
2022-10-15 13:52:04 [http-nio-8081-exec-6] INFO  com.capstone.aspect.LoggerAspect - Method name: com.capstone.service.EmiServiceImp
2022-10-15 13:52:04 [http-nio-8081-exec-6] INFO  com.capstone.aspect.LoggerAspect - Method arguments:[Ljava.lang.Object;@19e4eacb
2022-10-15 13:52:04 [http-nio-8081-exec-6] INFO  com.capstone.aspect.LoggerAspect - *************************************
2022-10-15 13:52:04 [http-nio-8081-exec-6] INFO  com.capstone.aspect.LoggerAspect - During: class com.capstone.service.EmiServiceImp.getEmiData() with arguments=emi [s_no=10, loanaccno=202211051, loan_status=active, emi_amount=11973.122, upcomming_payment_date=2022-11-07, remaining_amount=500000.0]
2022-10-15 13:52:04 [http-nio-8081-exec-6] INFO  com.capstone.aspect.LoggerAspect - *************************************
2022-10-15 13:52:04 [http-nio-8081-exec-6] INFO  com.capstone.aspect.LoggerAspect - Method name: com.capstone.service.EmiServiceImp
2022-10-15 13:52:04 [http-nio-8081-exec-6] INFO  com.capstone.aspect.LoggerAspect - Method arguments:[Ljava.lang.Object;@7ee17472
2022-10-15 13:52:04 [http-nio-8081-exec-6] INFO  com.capstone.aspect.LoggerAspect - *************************************
2022-10-15 13:52:04 [http-nio-8081-exec-6] INFO  com.capstone.aspect.LoggerAspect - During: class com.capstone.service.EmiServiceImp.getEmiData() with arguments=emi [s_no=10, loanaccno=202211051, loan_status=active, emi_amount=11973.122, upcomming_payment_date=2022-11-07, remaining_amount=500000.0]
2022-10-15 13:52:04 [http-nio-8081-exec-6] INFO  com.capstone.aspect.LoggerAspect - *************************************
2022-10-15 13:52:04 [http-nio-8081-exec-6] INFO  com.capstone.aspect.LoggerAspect - During: class com.capstone.controller.EmiController.getemiofAccount() with arguments=<200 OK OK,emi [s_no=10, loanaccno=202211051, loan_status=active, emi_amount=11973.122, upcomming_payment_date=2022-11-07, remaining_amount=500000.0],[]>
2022-10-15 13:52:04 [http-nio-8081-exec-6] INFO  com.capstone.aspect.LoggerAspect - *************************************
2022-10-15 13:52:13 [http-nio-8081-exec-7] INFO  com.capstone.aspect.LoggerAspect - Method name: com.capstone.controller.EmiController
2022-10-15 13:52:13 [http-nio-8081-exec-7] INFO  com.capstone.aspect.LoggerAspect - Method arguments:[Ljava.lang.Object;@8cdf531
2022-10-15 13:52:13 [http-nio-8081-exec-7] INFO  com.capstone.aspect.LoggerAspect - *************************************
2022-10-15 13:52:13 [http-nio-8081-exec-7] INFO  com.capstone.aspect.LoggerAspect - Method name: com.capstone.service.EmiServiceImp
2022-10-15 13:52:13 [http-nio-8081-exec-7] INFO  com.capstone.aspect.LoggerAspect - Method arguments:[Ljava.lang.Object;@2af89040
2022-10-15 13:52:13 [http-nio-8081-exec-7] INFO  com.capstone.aspect.LoggerAspect - *************************************
2022-10-15 13:52:13 [http-nio-8081-exec-7] INFO  com.capstone.aspect.LoggerAspect - During: class com.capstone.service.EmiServiceImp.getEmiData() with arguments=emi [s_no=10, loanaccno=202211051, loan_status=active, emi_amount=11973.122, upcomming_payment_date=2022-11-07, remaining_amount=500000.0]
2022-10-15 13:52:13 [http-nio-8081-exec-7] INFO  com.capstone.aspect.LoggerAspect - *************************************
2022-10-15 13:52:13 [http-nio-8081-exec-7] INFO  com.capstone.aspect.LoggerAspect - Method name: com.capstone.service.EmiServiceImp
2022-10-15 13:52:13 [http-nio-8081-exec-7] INFO  com.capstone.aspect.LoggerAspect - Method arguments:[Ljava.lang.Object;@15ffa4dd
2022-10-15 13:52:13 [http-nio-8081-exec-7] INFO  com.capstone.aspect.LoggerAspect - *************************************
2022-10-15 13:52:13 [http-nio-8081-exec-7] INFO  com.capstone.aspect.LoggerAspect - During: class com.capstone.service.EmiServiceImp.getEmiData() with arguments=emi [s_no=10, loanaccno=202211051, loan_status=active, emi_amount=11973.122, upcomming_payment_date=2022-11-07, remaining_amount=500000.0]
2022-10-15 13:52:13 [http-nio-8081-exec-7] INFO  com.capstone.aspect.LoggerAspect - *************************************
2022-10-15 13:52:13 [http-nio-8081-exec-7] INFO  com.capstone.aspect.LoggerAspect - During: class com.capstone.controller.EmiController.getemiofAccount() with arguments=<200 OK OK,emi [s_no=10, loanaccno=202211051, loan_status=active, emi_amount=11973.122, upcomming_payment_date=2022-11-07, remaining_amount=500000.0],[]>
2022-10-15 13:52:13 [http-nio-8081-exec-7] INFO  com.capstone.aspect.LoggerAspect - *************************************
2022-10-15 13:52:22 [http-nio-8081-exec-8] ERROR o.a.c.c.C.[.[.[.[dispatcherServlet] - Servlet.service() for servlet [dispatcherServlet] in context with path [] threw exception [Token missing or invalid] with root cause
javax.servlet.ServletException: Token missing or invalid
	at com.capstone.filter.EmiFilter.doFilter(EmiFilter.java:40)
	at org.apache.catalina.core.ApplicationFilterChain.internalDoFilter(ApplicationFilterChain.java:189)
	at org.apache.catalina.core.ApplicationFilterChain.doFilter(ApplicationFilterChain.java:162)
	at org.springframework.web.filter.RequestContextFilter.doFilterInternal(RequestContextFilter.java:100)
	at org.springframework.web.filter.OncePerRequestFilter.doFilter(OncePerRequestFilter.java:117)
	at org.apache.catalina.core.ApplicationFilterChain.internalDoFilter(ApplicationFilterChain.java:189)
	at org.apache.catalina.core.ApplicationFilterChain.doFilter(ApplicationFilterChain.java:162)
	at org.springframework.web.filter.FormContentFilter.doFilterInternal(FormContentFilter.java:93)
	at org.springframework.web.filter.OncePerRequestFilter.doFilter(OncePerRequestFilter.java:117)
	at org.apache.catalina.core.ApplicationFilterChain.internalDoFilter(ApplicationFilterChain.java:189)
	at org.apache.catalina.core.ApplicationFilterChain.doFilter(ApplicationFilterChain.java:162)
	at org.springframework.web.filter.CharacterEncodingFilter.doFilterInternal(CharacterEncodingFilter.java:201)
	at org.springframework.web.filter.OncePerRequestFilter.doFilter(OncePerRequestFilter.java:117)
	at org.apache.catalina.core.ApplicationFilterChain.internalDoFilter(ApplicationFilterChain.java:189)
	at org.apache.catalina.core.ApplicationFilterChain.doFilter(ApplicationFilterChain.java:162)
	at org.apache.catalina.core.StandardWrapperValve.invoke(StandardWrapperValve.java:197)
	at org.apache.catalina.core.StandardContextValve.invoke(StandardContextValve.java:97)
	at org.apache.catalina.authenticator.AuthenticatorBase.invoke(AuthenticatorBase.java:541)
	at org.apache.catalina.core.StandardHostValve.invoke(StandardHostValve.java:135)
	at org.apache.catalina.valves.ErrorReportValve.invoke(ErrorReportValve.java:92)
	at org.apache.catalina.core.StandardEngineValve.invoke(StandardEngineValve.java:78)
	at org.apache.catalina.connector.CoyoteAdapter.service(CoyoteAdapter.java:360)
	at org.apache.coyote.http11.Http11Processor.service(Http11Processor.java:399)
	at org.apache.coyote.AbstractProcessorLight.process(AbstractProcessorLight.java:65)
	at org.apache.coyote.AbstractProtocol$ConnectionHandler.process(AbstractProtocol.java:890)
	at org.apache.tomcat.util.net.NioEndpoint$SocketProcessor.doRun(NioEndpoint.java:1789)
	at org.apache.tomcat.util.net.SocketProcessorBase.run(SocketProcessorBase.java:49)
	at org.apache.tomcat.util.threads.ThreadPoolExecutor.runWorker(ThreadPoolExecutor.java:1191)
	at org.apache.tomcat.util.threads.ThreadPoolExecutor$Worker.run(ThreadPoolExecutor.java:659)
	at org.apache.tomcat.util.threads.TaskThread$WrappingRunnable.run(TaskThread.java:61)
	at java.base/java.lang.Thread.run(Thread.java:833)
2022-10-15 13:52:33 [http-nio-8081-exec-9] INFO  com.capstone.aspect.LoggerAspect - Method name: com.capstone.controller.EmiController
2022-10-15 13:52:33 [http-nio-8081-exec-9] INFO  com.capstone.aspect.LoggerAspect - Method arguments:[Ljava.lang.Object;@76683e38
2022-10-15 13:52:33 [http-nio-8081-exec-9] INFO  com.capstone.aspect.LoggerAspect - *************************************
2022-10-15 13:52:33 [http-nio-8081-exec-9] INFO  com.capstone.aspect.LoggerAspect - Method name: com.capstone.service.EmiServiceImp
2022-10-15 13:52:33 [http-nio-8081-exec-9] INFO  com.capstone.aspect.LoggerAspect - Method arguments:[Ljava.lang.Object;@5a674afd
2022-10-15 13:52:33 [http-nio-8081-exec-9] INFO  com.capstone.aspect.LoggerAspect - *************************************
2022-10-15 13:52:33 [http-nio-8081-exec-9] INFO  com.capstone.aspect.LoggerAspect - During: class com.capstone.service.EmiServiceImp.getEmiData() with arguments=emi [s_no=10, loanaccno=202211051, loan_status=active, emi_amount=11973.122, upcomming_payment_date=2022-11-07, remaining_amount=500000.0]
2022-10-15 13:52:33 [http-nio-8081-exec-9] INFO  com.capstone.aspect.LoggerAspect - *************************************
2022-10-15 13:52:33 [http-nio-8081-exec-9] INFO  com.capstone.aspect.LoggerAspect - Method name: com.capstone.service.EmiServiceImp
2022-10-15 13:52:33 [http-nio-8081-exec-9] INFO  com.capstone.aspect.LoggerAspect - Method arguments:[Ljava.lang.Object;@7255d91
2022-10-15 13:52:33 [http-nio-8081-exec-9] INFO  com.capstone.aspect.LoggerAspect - *************************************
2022-10-15 13:52:33 [http-nio-8081-exec-9] INFO  com.capstone.aspect.LoggerAspect - During: class com.capstone.service.EmiServiceImp.getEmiData() with arguments=emi [s_no=10, loanaccno=202211051, loan_status=active, emi_amount=11973.122, upcomming_payment_date=2022-11-07, remaining_amount=500000.0]
2022-10-15 13:52:33 [http-nio-8081-exec-9] INFO  com.capstone.aspect.LoggerAspect - *************************************
2022-10-15 13:52:33 [http-nio-8081-exec-9] INFO  com.capstone.aspect.LoggerAspect - During: class com.capstone.controller.EmiController.getemiofAccount() with arguments=<200 OK OK,emi [s_no=10, loanaccno=202211051, loan_status=active, emi_amount=11973.122, upcomming_payment_date=2022-11-07, remaining_amount=500000.0],[]>
2022-10-15 13:52:33 [http-nio-8081-exec-9] INFO  com.capstone.aspect.LoggerAspect - *************************************
2022-10-15 13:52:35 [http-nio-8081-exec-10] INFO  com.capstone.aspect.LoggerAspect - Method name: com.capstone.controller.EmiController
2022-10-15 13:52:35 [http-nio-8081-exec-10] INFO  com.capstone.aspect.LoggerAspect - Method arguments:[Ljava.lang.Object;@3c0017d2
2022-10-15 13:52:35 [http-nio-8081-exec-10] INFO  com.capstone.aspect.LoggerAspect - *************************************
2022-10-15 13:52:35 [http-nio-8081-exec-10] INFO  com.capstone.aspect.LoggerAspect - Method name: com.capstone.service.EmiServiceImp
2022-10-15 13:52:35 [http-nio-8081-exec-10] INFO  com.capstone.aspect.LoggerAspect - Method arguments:[Ljava.lang.Object;@51228b41
2022-10-15 13:52:35 [http-nio-8081-exec-10] INFO  com.capstone.aspect.LoggerAspect - *************************************
2022-10-15 13:52:35 [http-nio-8081-exec-10] INFO  com.capstone.aspect.LoggerAspect - During: class com.capstone.service.EmiServiceImp.getEmiData() with arguments=emi [s_no=10, loanaccno=202211051, loan_status=active, emi_amount=11973.122, upcomming_payment_date=2022-11-07, remaining_amount=500000.0]
2022-10-15 13:52:35 [http-nio-8081-exec-10] INFO  com.capstone.aspect.LoggerAspect - *************************************
2022-10-15 13:52:35 [http-nio-8081-exec-10] INFO  com.capstone.aspect.LoggerAspect - Method name: com.capstone.service.EmiServiceImp
2022-10-15 13:52:35 [http-nio-8081-exec-10] INFO  com.capstone.aspect.LoggerAspect - Method arguments:[Ljava.lang.Object;@5b56b905
2022-10-15 13:52:35 [http-nio-8081-exec-10] INFO  com.capstone.aspect.LoggerAspect - *************************************
2022-10-15 13:52:35 [http-nio-8081-exec-10] INFO  com.capstone.aspect.LoggerAspect - During: class com.capstone.service.EmiServiceImp.getEmiData() with arguments=emi [s_no=10, loanaccno=202211051, loan_status=active, emi_amount=11973.122, upcomming_payment_date=2022-11-07, remaining_amount=500000.0]
2022-10-15 13:52:35 [http-nio-8081-exec-10] INFO  com.capstone.aspect.LoggerAspect - *************************************
2022-10-15 13:52:35 [http-nio-8081-exec-10] INFO  com.capstone.aspect.LoggerAspect - During: class com.capstone.controller.EmiController.getemiofAccount() with arguments=<200 OK OK,emi [s_no=10, loanaccno=202211051, loan_status=active, emi_amount=11973.122, upcomming_payment_date=2022-11-07, remaining_amount=500000.0],[]>
2022-10-15 13:52:35 [http-nio-8081-exec-10] INFO  com.capstone.aspect.LoggerAspect - *************************************
2022-10-15 13:52:59 [http-nio-8081-exec-1] INFO  com.capstone.aspect.LoggerAspect - Method name: com.capstone.controller.EmiController
2022-10-15 13:52:59 [http-nio-8081-exec-1] INFO  com.capstone.aspect.LoggerAspect - Method arguments:[Ljava.lang.Object;@23d664df
2022-10-15 13:52:59 [http-nio-8081-exec-1] INFO  com.capstone.aspect.LoggerAspect - *************************************
2022-10-15 13:52:59 [http-nio-8081-exec-1] INFO  com.capstone.aspect.LoggerAspect - Method name: com.capstone.service.EmiServiceImp
2022-10-15 13:52:59 [http-nio-8081-exec-1] INFO  com.capstone.aspect.LoggerAspect - Method arguments:[Ljava.lang.Object;@2c164ff1
2022-10-15 13:52:59 [http-nio-8081-exec-1] INFO  com.capstone.aspect.LoggerAspect - *************************************
2022-10-15 13:52:59 [http-nio-8081-exec-1] INFO  com.capstone.aspect.LoggerAspect - During: class com.capstone.service.EmiServiceImp.getEmiData() with arguments=emi [s_no=10, loanaccno=202211051, loan_status=active, emi_amount=11973.122, upcomming_payment_date=2022-11-07, remaining_amount=500000.0]
2022-10-15 13:52:59 [http-nio-8081-exec-1] INFO  com.capstone.aspect.LoggerAspect - *************************************
2022-10-15 13:52:59 [http-nio-8081-exec-1] INFO  com.capstone.aspect.LoggerAspect - Method name: com.capstone.service.EmiServiceImp
2022-10-15 13:52:59 [http-nio-8081-exec-1] INFO  com.capstone.aspect.LoggerAspect - Method arguments:[Ljava.lang.Object;@54ff74ed
2022-10-15 13:52:59 [http-nio-8081-exec-1] INFO  com.capstone.aspect.LoggerAspect - *************************************
2022-10-15 13:52:59 [http-nio-8081-exec-1] INFO  com.capstone.aspect.LoggerAspect - During: class com.capstone.service.EmiServiceImp.getEmiData() with arguments=emi [s_no=10, loanaccno=202211051, loan_status=active, emi_amount=11973.122, upcomming_payment_date=2022-11-07, remaining_amount=500000.0]
2022-10-15 13:52:59 [http-nio-8081-exec-1] INFO  com.capstone.aspect.LoggerAspect - *************************************
2022-10-15 13:52:59 [http-nio-8081-exec-1] INFO  com.capstone.aspect.LoggerAspect - During: class com.capstone.controller.EmiController.getemiofAccount() with arguments=<200 OK OK,emi [s_no=10, loanaccno=202211051, loan_status=active, emi_amount=11973.122, upcomming_payment_date=2022-11-07, remaining_amount=500000.0],[]>
2022-10-15 13:52:59 [http-nio-8081-exec-1] INFO  com.capstone.aspect.LoggerAspect - *************************************
2022-10-15 13:53:09 [http-nio-8081-exec-2] ERROR o.a.c.c.C.[.[.[.[dispatcherServlet] - Servlet.service() for servlet [dispatcherServlet] in context with path [] threw exception [Token missing or invalid] with root cause
javax.servlet.ServletException: Token missing or invalid
	at com.capstone.filter.EmiFilter.doFilter(EmiFilter.java:40)
	at org.apache.catalina.core.ApplicationFilterChain.internalDoFilter(ApplicationFilterChain.java:189)
	at org.apache.catalina.core.ApplicationFilterChain.doFilter(ApplicationFilterChain.java:162)
	at org.springframework.web.filter.RequestContextFilter.doFilterInternal(RequestContextFilter.java:100)
	at org.springframework.web.filter.OncePerRequestFilter.doFilter(OncePerRequestFilter.java:117)
	at org.apache.catalina.core.ApplicationFilterChain.internalDoFilter(ApplicationFilterChain.java:189)
	at org.apache.catalina.core.ApplicationFilterChain.doFilter(ApplicationFilterChain.java:162)
	at org.springframework.web.filter.FormContentFilter.doFilterInternal(FormContentFilter.java:93)
	at org.springframework.web.filter.OncePerRequestFilter.doFilter(OncePerRequestFilter.java:117)
	at org.apache.catalina.core.ApplicationFilterChain.internalDoFilter(ApplicationFilterChain.java:189)
	at org.apache.catalina.core.ApplicationFilterChain.doFilter(ApplicationFilterChain.java:162)
	at org.springframework.web.filter.CharacterEncodingFilter.doFilterInternal(CharacterEncodingFilter.java:201)
	at org.springframework.web.filter.OncePerRequestFilter.doFilter(OncePerRequestFilter.java:117)
	at org.apache.catalina.core.ApplicationFilterChain.internalDoFilter(ApplicationFilterChain.java:189)
	at org.apache.catalina.core.ApplicationFilterChain.doFilter(ApplicationFilterChain.java:162)
	at org.apache.catalina.core.StandardWrapperValve.invoke(StandardWrapperValve.java:197)
	at org.apache.catalina.core.StandardContextValve.invoke(StandardContextValve.java:97)
	at org.apache.catalina.authenticator.AuthenticatorBase.invoke(AuthenticatorBase.java:541)
	at org.apache.catalina.core.StandardHostValve.invoke(StandardHostValve.java:135)
	at org.apache.catalina.valves.ErrorReportValve.invoke(ErrorReportValve.java:92)
	at org.apache.catalina.core.StandardEngineValve.invoke(StandardEngineValve.java:78)
	at org.apache.catalina.connector.CoyoteAdapter.service(CoyoteAdapter.java:360)
	at org.apache.coyote.http11.Http11Processor.service(Http11Processor.java:399)
	at org.apache.coyote.AbstractProcessorLight.process(AbstractProcessorLight.java:65)
	at org.apache.coyote.AbstractProtocol$ConnectionHandler.process(AbstractProtocol.java:890)
	at org.apache.tomcat.util.net.NioEndpoint$SocketProcessor.doRun(NioEndpoint.java:1789)
	at org.apache.tomcat.util.net.SocketProcessorBase.run(SocketProcessorBase.java:49)
	at org.apache.tomcat.util.threads.ThreadPoolExecutor.runWorker(ThreadPoolExecutor.java:1191)
	at org.apache.tomcat.util.threads.ThreadPoolExecutor$Worker.run(ThreadPoolExecutor.java:659)
	at org.apache.tomcat.util.threads.TaskThread$WrappingRunnable.run(TaskThread.java:61)
	at java.base/java.lang.Thread.run(Thread.java:833)
2022-10-15 13:53:19 [http-nio-8081-exec-3] INFO  com.capstone.aspect.LoggerAspect - Method name: com.capstone.controller.EmiController
2022-10-15 13:53:19 [http-nio-8081-exec-3] INFO  com.capstone.aspect.LoggerAspect - Method arguments:[Ljava.lang.Object;@a3d6341
2022-10-15 13:53:19 [http-nio-8081-exec-3] INFO  com.capstone.aspect.LoggerAspect - *************************************
2022-10-15 13:53:19 [http-nio-8081-exec-3] INFO  com.capstone.aspect.LoggerAspect - Method name: com.capstone.service.EmiServiceImp
2022-10-15 13:53:19 [http-nio-8081-exec-3] INFO  com.capstone.aspect.LoggerAspect - Method arguments:[Ljava.lang.Object;@2b835d31
2022-10-15 13:53:19 [http-nio-8081-exec-3] INFO  com.capstone.aspect.LoggerAspect - *************************************
2022-10-15 13:53:19 [http-nio-8081-exec-3] INFO  com.capstone.aspect.LoggerAspect - During: class com.capstone.service.EmiServiceImp.getEmiData() with arguments=emi [s_no=10, loanaccno=202211051, loan_status=active, emi_amount=11973.122, upcomming_payment_date=2022-11-07, remaining_amount=500000.0]
2022-10-15 13:53:19 [http-nio-8081-exec-3] INFO  com.capstone.aspect.LoggerAspect - *************************************
2022-10-15 13:53:19 [http-nio-8081-exec-3] INFO  com.capstone.aspect.LoggerAspect - Method name: com.capstone.service.EmiServiceImp
2022-10-15 13:53:19 [http-nio-8081-exec-3] INFO  com.capstone.aspect.LoggerAspect - Method arguments:[Ljava.lang.Object;@3c1e7555
2022-10-15 13:53:19 [http-nio-8081-exec-3] INFO  com.capstone.aspect.LoggerAspect - *************************************
2022-10-15 13:53:19 [http-nio-8081-exec-3] INFO  com.capstone.aspect.LoggerAspect - During: class com.capstone.service.EmiServiceImp.getEmiData() with arguments=emi [s_no=10, loanaccno=202211051, loan_status=active, emi_amount=11973.122, upcomming_payment_date=2022-11-07, remaining_amount=500000.0]
2022-10-15 13:53:19 [http-nio-8081-exec-3] INFO  com.capstone.aspect.LoggerAspect - *************************************
2022-10-15 13:53:19 [http-nio-8081-exec-3] INFO  com.capstone.aspect.LoggerAspect - During: class com.capstone.controller.EmiController.getemiofAccount() with arguments=<200 OK OK,emi [s_no=10, loanaccno=202211051, loan_status=active, emi_amount=11973.122, upcomming_payment_date=2022-11-07, remaining_amount=500000.0],[]>
2022-10-15 13:53:19 [http-nio-8081-exec-3] INFO  com.capstone.aspect.LoggerAspect - *************************************
2022-10-15 13:53:32 [http-nio-8081-exec-4] INFO  com.capstone.aspect.LoggerAspect - Method name: com.capstone.controller.EmiController
2022-10-15 13:53:32 [http-nio-8081-exec-4] INFO  com.capstone.aspect.LoggerAspect - Method arguments:[Ljava.lang.Object;@55c034a3
2022-10-15 13:53:32 [http-nio-8081-exec-4] INFO  com.capstone.aspect.LoggerAspect - *************************************
2022-10-15 13:53:32 [http-nio-8081-exec-4] INFO  com.capstone.aspect.LoggerAspect - Method name: com.capstone.service.EmiServiceImp
2022-10-15 13:53:32 [http-nio-8081-exec-4] INFO  com.capstone.aspect.LoggerAspect - Method arguments:[Ljava.lang.Object;@4f6a68c0
2022-10-15 13:53:32 [http-nio-8081-exec-4] INFO  com.capstone.aspect.LoggerAspect - *************************************
2022-10-15 13:53:32 [http-nio-8081-exec-4] INFO  com.capstone.aspect.LoggerAspect - During: class com.capstone.service.EmiServiceImp.getEmiData() with arguments=emi [s_no=10, loanaccno=202211051, loan_status=active, emi_amount=11973.122, upcomming_payment_date=2022-11-07, remaining_amount=500000.0]
2022-10-15 13:53:32 [http-nio-8081-exec-4] INFO  com.capstone.aspect.LoggerAspect - *************************************
2022-10-15 13:53:32 [http-nio-8081-exec-4] INFO  com.capstone.aspect.LoggerAspect - Method name: com.capstone.service.EmiServiceImp
2022-10-15 13:53:32 [http-nio-8081-exec-4] INFO  com.capstone.aspect.LoggerAspect - Method arguments:[Ljava.lang.Object;@5a90e1a9
2022-10-15 13:53:32 [http-nio-8081-exec-4] INFO  com.capstone.aspect.LoggerAspect - *************************************
2022-10-15 13:53:32 [http-nio-8081-exec-4] INFO  com.capstone.aspect.LoggerAspect - During: class com.capstone.service.EmiServiceImp.getEmiData() with arguments=emi [s_no=10, loanaccno=202211051, loan_status=active, emi_amount=11973.122, upcomming_payment_date=2022-11-07, remaining_amount=500000.0]
2022-10-15 13:53:32 [http-nio-8081-exec-4] INFO  com.capstone.aspect.LoggerAspect - *************************************
2022-10-15 13:53:32 [http-nio-8081-exec-4] INFO  com.capstone.aspect.LoggerAspect - During: class com.capstone.controller.EmiController.getemiofAccount() with arguments=<200 OK OK,emi [s_no=10, loanaccno=202211051, loan_status=active, emi_amount=11973.122, upcomming_payment_date=2022-11-07, remaining_amount=500000.0],[]>
2022-10-15 13:53:32 [http-nio-8081-exec-4] INFO  com.capstone.aspect.LoggerAspect - *************************************
2022-10-15 13:54:26 [http-nio-8081-exec-5] INFO  com.capstone.aspect.LoggerAspect - Method name: com.capstone.controller.EmiController
2022-10-15 13:54:26 [http-nio-8081-exec-5] INFO  com.capstone.aspect.LoggerAspect - Method arguments:[Ljava.lang.Object;@5ad38893
2022-10-15 13:54:26 [http-nio-8081-exec-5] INFO  com.capstone.aspect.LoggerAspect - *************************************
2022-10-15 13:54:26 [http-nio-8081-exec-5] INFO  com.capstone.aspect.LoggerAspect - Method name: com.capstone.service.EmiServiceImp
2022-10-15 13:54:26 [http-nio-8081-exec-5] INFO  com.capstone.aspect.LoggerAspect - Method arguments:[Ljava.lang.Object;@3ddb077b
2022-10-15 13:54:26 [http-nio-8081-exec-5] INFO  com.capstone.aspect.LoggerAspect - *************************************
2022-10-15 13:54:26 [http-nio-8081-exec-5] INFO  com.capstone.aspect.LoggerAspect - During: class com.capstone.service.EmiServiceImp.getEmiData() with arguments=emi [s_no=10, loanaccno=202211051, loan_status=active, emi_amount=11973.122, upcomming_payment_date=2022-11-07, remaining_amount=500000.0]
2022-10-15 13:54:26 [http-nio-8081-exec-5] INFO  com.capstone.aspect.LoggerAspect - *************************************
2022-10-15 13:54:26 [http-nio-8081-exec-5] INFO  com.capstone.aspect.LoggerAspect - Method name: com.capstone.service.EmiServiceImp
2022-10-15 13:54:26 [http-nio-8081-exec-5] INFO  com.capstone.aspect.LoggerAspect - Method arguments:[Ljava.lang.Object;@3632c4bf
2022-10-15 13:54:26 [http-nio-8081-exec-5] INFO  com.capstone.aspect.LoggerAspect - *************************************
2022-10-15 13:54:26 [http-nio-8081-exec-5] INFO  com.capstone.aspect.LoggerAspect - During: class com.capstone.service.EmiServiceImp.getEmiData() with arguments=emi [s_no=10, loanaccno=202211051, loan_status=active, emi_amount=11973.122, upcomming_payment_date=2022-11-07, remaining_amount=500000.0]
2022-10-15 13:54:26 [http-nio-8081-exec-5] INFO  com.capstone.aspect.LoggerAspect - *************************************
2022-10-15 13:54:26 [http-nio-8081-exec-5] INFO  com.capstone.aspect.LoggerAspect - During: class com.capstone.controller.EmiController.getemiofAccount() with arguments=<200 OK OK,emi [s_no=10, loanaccno=202211051, loan_status=active, emi_amount=11973.122, upcomming_payment_date=2022-11-07, remaining_amount=500000.0],[]>
2022-10-15 13:54:26 [http-nio-8081-exec-5] INFO  com.capstone.aspect.LoggerAspect - *************************************
2022-10-15 13:54:29 [http-nio-8081-exec-6] INFO  com.capstone.aspect.LoggerAspect - Method name: com.capstone.controller.EmiController
2022-10-15 13:54:29 [http-nio-8081-exec-6] INFO  com.capstone.aspect.LoggerAspect - Method arguments:[Ljava.lang.Object;@38f4787
2022-10-15 13:54:29 [http-nio-8081-exec-6] INFO  com.capstone.aspect.LoggerAspect - *************************************
2022-10-15 13:54:29 [http-nio-8081-exec-6] INFO  com.capstone.aspect.LoggerAspect - Method name: com.capstone.service.EmiServiceImp
2022-10-15 13:54:29 [http-nio-8081-exec-6] INFO  com.capstone.aspect.LoggerAspect - Method arguments:[Ljava.lang.Object;@3b5877e4
2022-10-15 13:54:29 [http-nio-8081-exec-6] INFO  com.capstone.aspect.LoggerAspect - *************************************
2022-10-15 13:54:29 [http-nio-8081-exec-6] INFO  com.capstone.aspect.LoggerAspect - During: class com.capstone.service.EmiServiceImp.getEmiData() with arguments=emi [s_no=10, loanaccno=202211051, loan_status=active, emi_amount=11973.122, upcomming_payment_date=2022-11-07, remaining_amount=500000.0]
2022-10-15 13:54:29 [http-nio-8081-exec-6] INFO  com.capstone.aspect.LoggerAspect - *************************************
2022-10-15 13:54:29 [http-nio-8081-exec-6] INFO  com.capstone.aspect.LoggerAspect - Method name: com.capstone.service.EmiServiceImp
2022-10-15 13:54:29 [http-nio-8081-exec-6] INFO  com.capstone.aspect.LoggerAspect - Method arguments:[Ljava.lang.Object;@69f35342
2022-10-15 13:54:29 [http-nio-8081-exec-6] INFO  com.capstone.aspect.LoggerAspect - *************************************
2022-10-15 13:54:29 [http-nio-8081-exec-6] INFO  com.capstone.aspect.LoggerAspect - During: class com.capstone.service.EmiServiceImp.getEmiData() with arguments=emi [s_no=10, loanaccno=202211051, loan_status=active, emi_amount=11973.122, upcomming_payment_date=2022-11-07, remaining_amount=500000.0]
2022-10-15 13:54:29 [http-nio-8081-exec-6] INFO  com.capstone.aspect.LoggerAspect - *************************************
2022-10-15 13:54:29 [http-nio-8081-exec-6] INFO  com.capstone.aspect.LoggerAspect - During: class com.capstone.controller.EmiController.getemiofAccount() with arguments=<200 OK OK,emi [s_no=10, loanaccno=202211051, loan_status=active, emi_amount=11973.122, upcomming_payment_date=2022-11-07, remaining_amount=500000.0],[]>
2022-10-15 13:54:29 [http-nio-8081-exec-6] INFO  com.capstone.aspect.LoggerAspect - *************************************
2022-10-15 13:54:45 [http-nio-8081-exec-7] ERROR o.a.c.c.C.[.[.[.[dispatcherServlet] - Servlet.service() for servlet [dispatcherServlet] in context with path [] threw exception [Token missing or invalid] with root cause
javax.servlet.ServletException: Token missing or invalid
	at com.capstone.filter.EmiFilter.doFilter(EmiFilter.java:40)
	at org.apache.catalina.core.ApplicationFilterChain.internalDoFilter(ApplicationFilterChain.java:189)
	at org.apache.catalina.core.ApplicationFilterChain.doFilter(ApplicationFilterChain.java:162)
	at org.springframework.web.filter.RequestContextFilter.doFilterInternal(RequestContextFilter.java:100)
	at org.springframework.web.filter.OncePerRequestFilter.doFilter(OncePerRequestFilter.java:117)
	at org.apache.catalina.core.ApplicationFilterChain.internalDoFilter(ApplicationFilterChain.java:189)
	at org.apache.catalina.core.ApplicationFilterChain.doFilter(ApplicationFilterChain.java:162)
	at org.springframework.web.filter.FormContentFilter.doFilterInternal(FormContentFilter.java:93)
	at org.springframework.web.filter.OncePerRequestFilter.doFilter(OncePerRequestFilter.java:117)
	at org.apache.catalina.core.ApplicationFilterChain.internalDoFilter(ApplicationFilterChain.java:189)
	at org.apache.catalina.core.ApplicationFilterChain.doFilter(ApplicationFilterChain.java:162)
	at org.springframework.web.filter.CharacterEncodingFilter.doFilterInternal(CharacterEncodingFilter.java:201)
	at org.springframework.web.filter.OncePerRequestFilter.doFilter(OncePerRequestFilter.java:117)
	at org.apache.catalina.core.ApplicationFilterChain.internalDoFilter(ApplicationFilterChain.java:189)
	at org.apache.catalina.core.ApplicationFilterChain.doFilter(ApplicationFilterChain.java:162)
	at org.apache.catalina.core.StandardWrapperValve.invoke(StandardWrapperValve.java:197)
	at org.apache.catalina.core.StandardContextValve.invoke(StandardContextValve.java:97)
	at org.apache.catalina.authenticator.AuthenticatorBase.invoke(AuthenticatorBase.java:541)
	at org.apache.catalina.core.StandardHostValve.invoke(StandardHostValve.java:135)
	at org.apache.catalina.valves.ErrorReportValve.invoke(ErrorReportValve.java:92)
	at org.apache.catalina.core.StandardEngineValve.invoke(StandardEngineValve.java:78)
	at org.apache.catalina.connector.CoyoteAdapter.service(CoyoteAdapter.java:360)
	at org.apache.coyote.http11.Http11Processor.service(Http11Processor.java:399)
	at org.apache.coyote.AbstractProcessorLight.process(AbstractProcessorLight.java:65)
	at org.apache.coyote.AbstractProtocol$ConnectionHandler.process(AbstractProtocol.java:890)
	at org.apache.tomcat.util.net.NioEndpoint$SocketProcessor.doRun(NioEndpoint.java:1789)
	at org.apache.tomcat.util.net.SocketProcessorBase.run(SocketProcessorBase.java:49)
	at org.apache.tomcat.util.threads.ThreadPoolExecutor.runWorker(ThreadPoolExecutor.java:1191)
	at org.apache.tomcat.util.threads.ThreadPoolExecutor$Worker.run(ThreadPoolExecutor.java:659)
	at org.apache.tomcat.util.threads.TaskThread$WrappingRunnable.run(TaskThread.java:61)
	at java.base/java.lang.Thread.run(Thread.java:833)
2022-10-15 13:55:04 [http-nio-8081-exec-8] INFO  com.capstone.aspect.LoggerAspect - Method name: com.capstone.controller.EmiController
2022-10-15 13:55:04 [http-nio-8081-exec-8] INFO  com.capstone.aspect.LoggerAspect - Method arguments:[Ljava.lang.Object;@2c59c171
2022-10-15 13:55:04 [http-nio-8081-exec-8] INFO  com.capstone.aspect.LoggerAspect - *************************************
2022-10-15 13:55:04 [http-nio-8081-exec-8] INFO  com.capstone.aspect.LoggerAspect - Method name: com.capstone.service.EmiServiceImp
2022-10-15 13:55:04 [http-nio-8081-exec-8] INFO  com.capstone.aspect.LoggerAspect - Method arguments:[Ljava.lang.Object;@2749b093
2022-10-15 13:55:04 [http-nio-8081-exec-8] INFO  com.capstone.aspect.LoggerAspect - *************************************
2022-10-15 13:55:04 [http-nio-8081-exec-8] INFO  com.capstone.aspect.LoggerAspect - During: class com.capstone.service.EmiServiceImp.getEmiData() with arguments=emi [s_no=10, loanaccno=202211051, loan_status=active, emi_amount=11973.122, upcomming_payment_date=2022-11-07, remaining_amount=500000.0]
2022-10-15 13:55:04 [http-nio-8081-exec-8] INFO  com.capstone.aspect.LoggerAspect - *************************************
2022-10-15 13:55:04 [http-nio-8081-exec-8] INFO  com.capstone.aspect.LoggerAspect - Method name: com.capstone.service.EmiServiceImp
2022-10-15 13:55:04 [http-nio-8081-exec-8] INFO  com.capstone.aspect.LoggerAspect - Method arguments:[Ljava.lang.Object;@6f890e62
2022-10-15 13:55:04 [http-nio-8081-exec-8] INFO  com.capstone.aspect.LoggerAspect - *************************************
2022-10-15 13:55:04 [http-nio-8081-exec-8] INFO  com.capstone.aspect.LoggerAspect - During: class com.capstone.service.EmiServiceImp.getEmiData() with arguments=emi [s_no=10, loanaccno=202211051, loan_status=active, emi_amount=11973.122, upcomming_payment_date=2022-11-07, remaining_amount=500000.0]
2022-10-15 13:55:04 [http-nio-8081-exec-8] INFO  com.capstone.aspect.LoggerAspect - *************************************
2022-10-15 13:55:04 [http-nio-8081-exec-8] INFO  com.capstone.aspect.LoggerAspect - During: class com.capstone.controller.EmiController.getemiofAccount() with arguments=<200 OK OK,emi [s_no=10, loanaccno=202211051, loan_status=active, emi_amount=11973.122, upcomming_payment_date=2022-11-07, remaining_amount=500000.0],[]>
2022-10-15 13:55:04 [http-nio-8081-exec-8] INFO  com.capstone.aspect.LoggerAspect - *************************************
2022-10-15 13:55:09 [http-nio-8081-exec-9] INFO  com.capstone.aspect.LoggerAspect - Method name: com.capstone.controller.EmiController
2022-10-15 13:55:09 [http-nio-8081-exec-9] INFO  com.capstone.aspect.LoggerAspect - Method arguments:[Ljava.lang.Object;@22ae3bcd
2022-10-15 13:55:09 [http-nio-8081-exec-9] INFO  com.capstone.aspect.LoggerAspect - *************************************
2022-10-15 13:55:09 [http-nio-8081-exec-9] INFO  com.capstone.aspect.LoggerAspect - Method name: com.capstone.service.EmiServiceImp
2022-10-15 13:55:09 [http-nio-8081-exec-9] INFO  com.capstone.aspect.LoggerAspect - Method arguments:[Ljava.lang.Object;@69c87c55
2022-10-15 13:55:09 [http-nio-8081-exec-9] INFO  com.capstone.aspect.LoggerAspect - *************************************
2022-10-15 13:55:09 [http-nio-8081-exec-9] INFO  com.capstone.aspect.LoggerAspect - During: class com.capstone.service.EmiServiceImp.getEmiData() with arguments=emi [s_no=10, loanaccno=202211051, loan_status=active, emi_amount=11973.122, upcomming_payment_date=2022-11-07, remaining_amount=500000.0]
2022-10-15 13:55:09 [http-nio-8081-exec-9] INFO  com.capstone.aspect.LoggerAspect - *************************************
2022-10-15 13:55:09 [http-nio-8081-exec-9] INFO  com.capstone.aspect.LoggerAspect - Method name: com.capstone.service.EmiServiceImp
2022-10-15 13:55:09 [http-nio-8081-exec-9] INFO  com.capstone.aspect.LoggerAspect - Method arguments:[Ljava.lang.Object;@32706432
2022-10-15 13:55:09 [http-nio-8081-exec-9] INFO  com.capstone.aspect.LoggerAspect - *************************************
2022-10-15 13:55:09 [http-nio-8081-exec-9] INFO  com.capstone.aspect.LoggerAspect - During: class com.capstone.service.EmiServiceImp.getEmiData() with arguments=emi [s_no=10, loanaccno=202211051, loan_status=active, emi_amount=11973.122, upcomming_payment_date=2022-11-07, remaining_amount=500000.0]
2022-10-15 13:55:09 [http-nio-8081-exec-9] INFO  com.capstone.aspect.LoggerAspect - *************************************
2022-10-15 13:55:09 [http-nio-8081-exec-9] INFO  com.capstone.aspect.LoggerAspect - During: class com.capstone.controller.EmiController.getemiofAccount() with arguments=<200 OK OK,emi [s_no=10, loanaccno=202211051, loan_status=active, emi_amount=11973.122, upcomming_payment_date=2022-11-07, remaining_amount=500000.0],[]>
2022-10-15 13:55:09 [http-nio-8081-exec-9] INFO  com.capstone.aspect.LoggerAspect - *************************************
2022-10-15 13:55:17 [http-nio-8081-exec-10] ERROR o.a.c.c.C.[.[.[.[dispatcherServlet] - Servlet.service() for servlet [dispatcherServlet] in context with path [] threw exception [Token missing or invalid] with root cause
javax.servlet.ServletException: Token missing or invalid
	at com.capstone.filter.EmiFilter.doFilter(EmiFilter.java:40)
	at org.apache.catalina.core.ApplicationFilterChain.internalDoFilter(ApplicationFilterChain.java:189)
	at org.apache.catalina.core.ApplicationFilterChain.doFilter(ApplicationFilterChain.java:162)
	at org.springframework.web.filter.RequestContextFilter.doFilterInternal(RequestContextFilter.java:100)
	at org.springframework.web.filter.OncePerRequestFilter.doFilter(OncePerRequestFilter.java:117)
	at org.apache.catalina.core.ApplicationFilterChain.internalDoFilter(ApplicationFilterChain.java:189)
	at org.apache.catalina.core.ApplicationFilterChain.doFilter(ApplicationFilterChain.java:162)
	at org.springframework.web.filter.FormContentFilter.doFilterInternal(FormContentFilter.java:93)
	at org.springframework.web.filter.OncePerRequestFilter.doFilter(OncePerRequestFilter.java:117)
	at org.apache.catalina.core.ApplicationFilterChain.internalDoFilter(ApplicationFilterChain.java:189)
	at org.apache.catalina.core.ApplicationFilterChain.doFilter(ApplicationFilterChain.java:162)
	at org.springframework.web.filter.CharacterEncodingFilter.doFilterInternal(CharacterEncodingFilter.java:201)
	at org.springframework.web.filter.OncePerRequestFilter.doFilter(OncePerRequestFilter.java:117)
	at org.apache.catalina.core.ApplicationFilterChain.internalDoFilter(ApplicationFilterChain.java:189)
	at org.apache.catalina.core.ApplicationFilterChain.doFilter(ApplicationFilterChain.java:162)
	at org.apache.catalina.core.StandardWrapperValve.invoke(StandardWrapperValve.java:197)
	at org.apache.catalina.core.StandardContextValve.invoke(StandardContextValve.java:97)
	at org.apache.catalina.authenticator.AuthenticatorBase.invoke(AuthenticatorBase.java:541)
	at org.apache.catalina.core.StandardHostValve.invoke(StandardHostValve.java:135)
	at org.apache.catalina.valves.ErrorReportValve.invoke(ErrorReportValve.java:92)
	at org.apache.catalina.core.StandardEngineValve.invoke(StandardEngineValve.java:78)
	at org.apache.catalina.connector.CoyoteAdapter.service(CoyoteAdapter.java:360)
	at org.apache.coyote.http11.Http11Processor.service(Http11Processor.java:399)
	at org.apache.coyote.AbstractProcessorLight.process(AbstractProcessorLight.java:65)
	at org.apache.coyote.AbstractProtocol$ConnectionHandler.process(AbstractProtocol.java:890)
	at org.apache.tomcat.util.net.NioEndpoint$SocketProcessor.doRun(NioEndpoint.java:1789)
	at org.apache.tomcat.util.net.SocketProcessorBase.run(SocketProcessorBase.java:49)
	at org.apache.tomcat.util.threads.ThreadPoolExecutor.runWorker(ThreadPoolExecutor.java:1191)
	at org.apache.tomcat.util.threads.ThreadPoolExecutor$Worker.run(ThreadPoolExecutor.java:659)
	at org.apache.tomcat.util.threads.TaskThread$WrappingRunnable.run(TaskThread.java:61)
	at java.base/java.lang.Thread.run(Thread.java:833)
2022-10-15 13:55:21 [http-nio-8081-exec-1] INFO  com.capstone.aspect.LoggerAspect - Method name: com.capstone.controller.EmiController
2022-10-15 13:55:21 [http-nio-8081-exec-1] INFO  com.capstone.aspect.LoggerAspect - Method arguments:[Ljava.lang.Object;@38d85c83
2022-10-15 13:55:21 [http-nio-8081-exec-1] INFO  com.capstone.aspect.LoggerAspect - *************************************
2022-10-15 13:55:21 [http-nio-8081-exec-1] INFO  com.capstone.aspect.LoggerAspect - Method name: com.capstone.service.EmiServiceImp
2022-10-15 13:55:21 [http-nio-8081-exec-1] INFO  com.capstone.aspect.LoggerAspect - Method arguments:[Ljava.lang.Object;@46a5bb5
2022-10-15 13:55:21 [http-nio-8081-exec-1] INFO  com.capstone.aspect.LoggerAspect - *************************************
2022-10-15 13:55:21 [http-nio-8081-exec-1] INFO  com.capstone.aspect.LoggerAspect - During: class com.capstone.service.EmiServiceImp.getEmiData() with arguments=emi [s_no=10, loanaccno=202211051, loan_status=active, emi_amount=11973.122, upcomming_payment_date=2022-11-07, remaining_amount=500000.0]
2022-10-15 13:55:21 [http-nio-8081-exec-1] INFO  com.capstone.aspect.LoggerAspect - *************************************
2022-10-15 13:55:21 [http-nio-8081-exec-1] INFO  com.capstone.aspect.LoggerAspect - Method name: com.capstone.service.EmiServiceImp
2022-10-15 13:55:21 [http-nio-8081-exec-1] INFO  com.capstone.aspect.LoggerAspect - Method arguments:[Ljava.lang.Object;@14d6a58a
2022-10-15 13:55:21 [http-nio-8081-exec-1] INFO  com.capstone.aspect.LoggerAspect - *************************************
2022-10-15 13:55:21 [http-nio-8081-exec-1] INFO  com.capstone.aspect.LoggerAspect - During: class com.capstone.service.EmiServiceImp.getEmiData() with arguments=emi [s_no=10, loanaccno=202211051, loan_status=active, emi_amount=11973.122, upcomming_payment_date=2022-11-07, remaining_amount=500000.0]
2022-10-15 13:55:21 [http-nio-8081-exec-1] INFO  com.capstone.aspect.LoggerAspect - *************************************
2022-10-15 13:55:21 [http-nio-8081-exec-1] INFO  com.capstone.aspect.LoggerAspect - During: class com.capstone.controller.EmiController.getemiofAccount() with arguments=<200 OK OK,emi [s_no=10, loanaccno=202211051, loan_status=active, emi_amount=11973.122, upcomming_payment_date=2022-11-07, remaining_amount=500000.0],[]>
2022-10-15 13:55:21 [http-nio-8081-exec-1] INFO  com.capstone.aspect.LoggerAspect - *************************************
2022-10-15 13:55:24 [AsyncResolver-bootstrap-executor-0] INFO  c.n.d.s.r.aws.ConfigClusterResolver - Resolving eureka endpoints via configuration
2022-10-15 13:56:01 [http-nio-8081-exec-2] INFO  com.capstone.aspect.LoggerAspect - Method name: com.capstone.controller.EmiController
2022-10-15 13:56:01 [http-nio-8081-exec-2] INFO  com.capstone.aspect.LoggerAspect - Method arguments:[Ljava.lang.Object;@1e341598
2022-10-15 13:56:01 [http-nio-8081-exec-2] INFO  com.capstone.aspect.LoggerAspect - *************************************
2022-10-15 13:56:01 [http-nio-8081-exec-2] INFO  com.capstone.aspect.LoggerAspect - Method name: com.capstone.service.EmiServiceImp
2022-10-15 13:56:01 [http-nio-8081-exec-2] INFO  com.capstone.aspect.LoggerAspect - Method arguments:[Ljava.lang.Object;@19d76229
2022-10-15 13:56:01 [http-nio-8081-exec-2] INFO  com.capstone.aspect.LoggerAspect - *************************************
2022-10-15 13:56:01 [http-nio-8081-exec-2] INFO  com.capstone.aspect.LoggerAspect - During: class com.capstone.service.EmiServiceImp.getEmiData() with arguments=emi [s_no=10, loanaccno=202211051, loan_status=active, emi_amount=11973.122, upcomming_payment_date=2022-11-07, remaining_amount=500000.0]
2022-10-15 13:56:01 [http-nio-8081-exec-2] INFO  com.capstone.aspect.LoggerAspect - *************************************
2022-10-15 13:56:01 [http-nio-8081-exec-2] INFO  com.capstone.aspect.LoggerAspect - Method name: com.capstone.service.EmiServiceImp
2022-10-15 13:56:01 [http-nio-8081-exec-2] INFO  com.capstone.aspect.LoggerAspect - Method arguments:[Ljava.lang.Object;@4fb3b45e
2022-10-15 13:56:01 [http-nio-8081-exec-2] INFO  com.capstone.aspect.LoggerAspect - *************************************
2022-10-15 13:56:01 [http-nio-8081-exec-2] INFO  com.capstone.aspect.LoggerAspect - During: class com.capstone.service.EmiServiceImp.getEmiData() with arguments=emi [s_no=10, loanaccno=202211051, loan_status=active, emi_amount=11973.122, upcomming_payment_date=2022-11-07, remaining_amount=500000.0]
2022-10-15 13:56:01 [http-nio-8081-exec-2] INFO  com.capstone.aspect.LoggerAspect - *************************************
2022-10-15 13:56:01 [http-nio-8081-exec-2] INFO  com.capstone.aspect.LoggerAspect - During: class com.capstone.controller.EmiController.getemiofAccount() with arguments=<200 OK OK,emi [s_no=10, loanaccno=202211051, loan_status=active, emi_amount=11973.122, upcomming_payment_date=2022-11-07, remaining_amount=500000.0],[]>
2022-10-15 13:56:01 [http-nio-8081-exec-2] INFO  com.capstone.aspect.LoggerAspect - *************************************
2022-10-15 13:56:07 [http-nio-8081-exec-3] ERROR o.a.c.c.C.[.[.[.[dispatcherServlet] - Servlet.service() for servlet [dispatcherServlet] in context with path [] threw exception [Token missing or invalid] with root cause
javax.servlet.ServletException: Token missing or invalid
	at com.capstone.filter.EmiFilter.doFilter(EmiFilter.java:40)
	at org.apache.catalina.core.ApplicationFilterChain.internalDoFilter(ApplicationFilterChain.java:189)
	at org.apache.catalina.core.ApplicationFilterChain.doFilter(ApplicationFilterChain.java:162)
	at org.springframework.web.filter.RequestContextFilter.doFilterInternal(RequestContextFilter.java:100)
	at org.springframework.web.filter.OncePerRequestFilter.doFilter(OncePerRequestFilter.java:117)
	at org.apache.catalina.core.ApplicationFilterChain.internalDoFilter(ApplicationFilterChain.java:189)
	at org.apache.catalina.core.ApplicationFilterChain.doFilter(ApplicationFilterChain.java:162)
	at org.springframework.web.filter.FormContentFilter.doFilterInternal(FormContentFilter.java:93)
	at org.springframework.web.filter.OncePerRequestFilter.doFilter(OncePerRequestFilter.java:117)
	at org.apache.catalina.core.ApplicationFilterChain.internalDoFilter(ApplicationFilterChain.java:189)
	at org.apache.catalina.core.ApplicationFilterChain.doFilter(ApplicationFilterChain.java:162)
	at org.springframework.web.filter.CharacterEncodingFilter.doFilterInternal(CharacterEncodingFilter.java:201)
	at org.springframework.web.filter.OncePerRequestFilter.doFilter(OncePerRequestFilter.java:117)
	at org.apache.catalina.core.ApplicationFilterChain.internalDoFilter(ApplicationFilterChain.java:189)
	at org.apache.catalina.core.ApplicationFilterChain.doFilter(ApplicationFilterChain.java:162)
	at org.apache.catalina.core.StandardWrapperValve.invoke(StandardWrapperValve.java:197)
	at org.apache.catalina.core.StandardContextValve.invoke(StandardContextValve.java:97)
	at org.apache.catalina.authenticator.AuthenticatorBase.invoke(AuthenticatorBase.java:541)
	at org.apache.catalina.core.StandardHostValve.invoke(StandardHostValve.java:135)
	at org.apache.catalina.valves.ErrorReportValve.invoke(ErrorReportValve.java:92)
	at org.apache.catalina.core.StandardEngineValve.invoke(StandardEngineValve.java:78)
	at org.apache.catalina.connector.CoyoteAdapter.service(CoyoteAdapter.java:360)
	at org.apache.coyote.http11.Http11Processor.service(Http11Processor.java:399)
	at org.apache.coyote.AbstractProcessorLight.process(AbstractProcessorLight.java:65)
	at org.apache.coyote.AbstractProtocol$ConnectionHandler.process(AbstractProtocol.java:890)
	at org.apache.tomcat.util.net.NioEndpoint$SocketProcessor.doRun(NioEndpoint.java:1789)
	at org.apache.tomcat.util.net.SocketProcessorBase.run(SocketProcessorBase.java:49)
	at org.apache.tomcat.util.threads.ThreadPoolExecutor.runWorker(ThreadPoolExecutor.java:1191)
	at org.apache.tomcat.util.threads.ThreadPoolExecutor$Worker.run(ThreadPoolExecutor.java:659)
	at org.apache.tomcat.util.threads.TaskThread$WrappingRunnable.run(TaskThread.java:61)
	at java.base/java.lang.Thread.run(Thread.java:833)
2022-10-15 13:56:49 [http-nio-8081-exec-4] INFO  com.capstone.aspect.LoggerAspect - Method name: com.capstone.controller.EmiController
2022-10-15 13:56:49 [http-nio-8081-exec-4] INFO  com.capstone.aspect.LoggerAspect - Method arguments:[Ljava.lang.Object;@6ce6b123
2022-10-15 13:56:49 [http-nio-8081-exec-4] INFO  com.capstone.aspect.LoggerAspect - *************************************
2022-10-15 13:56:49 [http-nio-8081-exec-4] INFO  com.capstone.aspect.LoggerAspect - Method name: com.capstone.service.EmiServiceImp
2022-10-15 13:56:49 [http-nio-8081-exec-4] INFO  com.capstone.aspect.LoggerAspect - Method arguments:[Ljava.lang.Object;@4521c6a2
2022-10-15 13:56:49 [http-nio-8081-exec-4] INFO  com.capstone.aspect.LoggerAspect - *************************************
2022-10-15 13:56:49 [http-nio-8081-exec-4] INFO  com.capstone.aspect.LoggerAspect - During: class com.capstone.service.EmiServiceImp.getEmiData() with arguments=emi [s_no=10, loanaccno=202211051, loan_status=active, emi_amount=11973.122, upcomming_payment_date=2022-11-07, remaining_amount=500000.0]
2022-10-15 13:56:49 [http-nio-8081-exec-4] INFO  com.capstone.aspect.LoggerAspect - *************************************
2022-10-15 13:56:49 [http-nio-8081-exec-4] INFO  com.capstone.aspect.LoggerAspect - Method name: com.capstone.service.EmiServiceImp
2022-10-15 13:56:49 [http-nio-8081-exec-4] INFO  com.capstone.aspect.LoggerAspect - Method arguments:[Ljava.lang.Object;@2f836c04
2022-10-15 13:56:49 [http-nio-8081-exec-4] INFO  com.capstone.aspect.LoggerAspect - *************************************
2022-10-15 13:56:49 [http-nio-8081-exec-4] INFO  com.capstone.aspect.LoggerAspect - During: class com.capstone.service.EmiServiceImp.getEmiData() with arguments=emi [s_no=10, loanaccno=202211051, loan_status=active, emi_amount=11973.122, upcomming_payment_date=2022-11-07, remaining_amount=500000.0]
2022-10-15 13:56:49 [http-nio-8081-exec-4] INFO  com.capstone.aspect.LoggerAspect - *************************************
2022-10-15 13:56:49 [http-nio-8081-exec-4] INFO  com.capstone.aspect.LoggerAspect - During: class com.capstone.controller.EmiController.getemiofAccount() with arguments=<200 OK OK,emi [s_no=10, loanaccno=202211051, loan_status=active, emi_amount=11973.122, upcomming_payment_date=2022-11-07, remaining_amount=500000.0],[]>
2022-10-15 13:56:49 [http-nio-8081-exec-4] INFO  com.capstone.aspect.LoggerAspect - *************************************
2022-10-15 13:56:51 [http-nio-8081-exec-5] INFO  com.capstone.aspect.LoggerAspect - Method name: com.capstone.controller.EmiController
2022-10-15 13:56:51 [http-nio-8081-exec-5] INFO  com.capstone.aspect.LoggerAspect - Method arguments:[Ljava.lang.Object;@4d021250
2022-10-15 13:56:51 [http-nio-8081-exec-5] INFO  com.capstone.aspect.LoggerAspect - *************************************
2022-10-15 13:56:51 [http-nio-8081-exec-5] INFO  com.capstone.aspect.LoggerAspect - Method name: com.capstone.service.EmiServiceImp
2022-10-15 13:56:51 [http-nio-8081-exec-5] INFO  com.capstone.aspect.LoggerAspect - Method arguments:[Ljava.lang.Object;@3b8a4f
2022-10-15 13:56:51 [http-nio-8081-exec-5] INFO  com.capstone.aspect.LoggerAspect - *************************************
2022-10-15 13:56:51 [http-nio-8081-exec-5] INFO  com.capstone.aspect.LoggerAspect - During: class com.capstone.service.EmiServiceImp.getEmiData() with arguments=emi [s_no=10, loanaccno=202211051, loan_status=active, emi_amount=11973.122, upcomming_payment_date=2022-11-07, remaining_amount=500000.0]
2022-10-15 13:56:51 [http-nio-8081-exec-5] INFO  com.capstone.aspect.LoggerAspect - *************************************
2022-10-15 13:56:51 [http-nio-8081-exec-5] INFO  com.capstone.aspect.LoggerAspect - Method name: com.capstone.service.EmiServiceImp
2022-10-15 13:56:51 [http-nio-8081-exec-5] INFO  com.capstone.aspect.LoggerAspect - Method arguments:[Ljava.lang.Object;@3389924a
2022-10-15 13:56:51 [http-nio-8081-exec-5] INFO  com.capstone.aspect.LoggerAspect - *************************************
2022-10-15 13:56:51 [http-nio-8081-exec-5] INFO  com.capstone.aspect.LoggerAspect - During: class com.capstone.service.EmiServiceImp.getEmiData() with arguments=emi [s_no=10, loanaccno=202211051, loan_status=active, emi_amount=11973.122, upcomming_payment_date=2022-11-07, remaining_amount=500000.0]
2022-10-15 13:56:51 [http-nio-8081-exec-5] INFO  com.capstone.aspect.LoggerAspect - *************************************
2022-10-15 13:56:51 [http-nio-8081-exec-5] INFO  com.capstone.aspect.LoggerAspect - During: class com.capstone.controller.EmiController.getemiofAccount() with arguments=<200 OK OK,emi [s_no=10, loanaccno=202211051, loan_status=active, emi_amount=11973.122, upcomming_payment_date=2022-11-07, remaining_amount=500000.0],[]>
2022-10-15 13:56:51 [http-nio-8081-exec-5] INFO  com.capstone.aspect.LoggerAspect - *************************************
2022-10-15 13:56:56 [http-nio-8081-exec-6] ERROR o.a.c.c.C.[.[.[.[dispatcherServlet] - Servlet.service() for servlet [dispatcherServlet] in context with path [] threw exception [Token missing or invalid] with root cause
javax.servlet.ServletException: Token missing or invalid
	at com.capstone.filter.EmiFilter.doFilter(EmiFilter.java:40)
	at org.apache.catalina.core.ApplicationFilterChain.internalDoFilter(ApplicationFilterChain.java:189)
	at org.apache.catalina.core.ApplicationFilterChain.doFilter(ApplicationFilterChain.java:162)
	at org.springframework.web.filter.RequestContextFilter.doFilterInternal(RequestContextFilter.java:100)
	at org.springframework.web.filter.OncePerRequestFilter.doFilter(OncePerRequestFilter.java:117)
	at org.apache.catalina.core.ApplicationFilterChain.internalDoFilter(ApplicationFilterChain.java:189)
	at org.apache.catalina.core.ApplicationFilterChain.doFilter(ApplicationFilterChain.java:162)
	at org.springframework.web.filter.FormContentFilter.doFilterInternal(FormContentFilter.java:93)
	at org.springframework.web.filter.OncePerRequestFilter.doFilter(OncePerRequestFilter.java:117)
	at org.apache.catalina.core.ApplicationFilterChain.internalDoFilter(ApplicationFilterChain.java:189)
	at org.apache.catalina.core.ApplicationFilterChain.doFilter(ApplicationFilterChain.java:162)
	at org.springframework.web.filter.CharacterEncodingFilter.doFilterInternal(CharacterEncodingFilter.java:201)
	at org.springframework.web.filter.OncePerRequestFilter.doFilter(OncePerRequestFilter.java:117)
	at org.apache.catalina.core.ApplicationFilterChain.internalDoFilter(ApplicationFilterChain.java:189)
	at org.apache.catalina.core.ApplicationFilterChain.doFilter(ApplicationFilterChain.java:162)
	at org.apache.catalina.core.StandardWrapperValve.invoke(StandardWrapperValve.java:197)
	at org.apache.catalina.core.StandardContextValve.invoke(StandardContextValve.java:97)
	at org.apache.catalina.authenticator.AuthenticatorBase.invoke(AuthenticatorBase.java:541)
	at org.apache.catalina.core.StandardHostValve.invoke(StandardHostValve.java:135)
	at org.apache.catalina.valves.ErrorReportValve.invoke(ErrorReportValve.java:92)
	at org.apache.catalina.core.StandardEngineValve.invoke(StandardEngineValve.java:78)
	at org.apache.catalina.connector.CoyoteAdapter.service(CoyoteAdapter.java:360)
	at org.apache.coyote.http11.Http11Processor.service(Http11Processor.java:399)
	at org.apache.coyote.AbstractProcessorLight.process(AbstractProcessorLight.java:65)
	at org.apache.coyote.AbstractProtocol$ConnectionHandler.process(AbstractProtocol.java:890)
	at org.apache.tomcat.util.net.NioEndpoint$SocketProcessor.doRun(NioEndpoint.java:1789)
	at org.apache.tomcat.util.net.SocketProcessorBase.run(SocketProcessorBase.java:49)
	at org.apache.tomcat.util.threads.ThreadPoolExecutor.runWorker(ThreadPoolExecutor.java:1191)
	at org.apache.tomcat.util.threads.ThreadPoolExecutor$Worker.run(ThreadPoolExecutor.java:659)
	at org.apache.tomcat.util.threads.TaskThread$WrappingRunnable.run(TaskThread.java:61)
	at java.base/java.lang.Thread.run(Thread.java:833)
2022-10-15 13:56:59 [http-nio-8081-exec-7] INFO  com.capstone.aspect.LoggerAspect - Method name: com.capstone.controller.EmiController
2022-10-15 13:56:59 [http-nio-8081-exec-7] INFO  com.capstone.aspect.LoggerAspect - Method arguments:[Ljava.lang.Object;@9bbf7e7
2022-10-15 13:56:59 [http-nio-8081-exec-7] INFO  com.capstone.aspect.LoggerAspect - *************************************
2022-10-15 13:56:59 [http-nio-8081-exec-7] INFO  com.capstone.aspect.LoggerAspect - Method name: com.capstone.service.EmiServiceImp
2022-10-15 13:56:59 [http-nio-8081-exec-7] INFO  com.capstone.aspect.LoggerAspect - Method arguments:[Ljava.lang.Object;@3a1c2d8
2022-10-15 13:56:59 [http-nio-8081-exec-7] INFO  com.capstone.aspect.LoggerAspect - *************************************
2022-10-15 13:56:59 [http-nio-8081-exec-7] INFO  com.capstone.aspect.LoggerAspect - During: class com.capstone.service.EmiServiceImp.getEmiData() with arguments=emi [s_no=10, loanaccno=202211051, loan_status=active, emi_amount=11973.122, upcomming_payment_date=2022-11-07, remaining_amount=500000.0]
2022-10-15 13:56:59 [http-nio-8081-exec-7] INFO  com.capstone.aspect.LoggerAspect - *************************************
2022-10-15 13:56:59 [http-nio-8081-exec-7] INFO  com.capstone.aspect.LoggerAspect - Method name: com.capstone.service.EmiServiceImp
2022-10-15 13:56:59 [http-nio-8081-exec-7] INFO  com.capstone.aspect.LoggerAspect - Method arguments:[Ljava.lang.Object;@3ec72831
2022-10-15 13:56:59 [http-nio-8081-exec-7] INFO  com.capstone.aspect.LoggerAspect - *************************************
2022-10-15 13:56:59 [http-nio-8081-exec-7] INFO  com.capstone.aspect.LoggerAspect - During: class com.capstone.service.EmiServiceImp.getEmiData() with arguments=emi [s_no=10, loanaccno=202211051, loan_status=active, emi_amount=11973.122, upcomming_payment_date=2022-11-07, remaining_amount=500000.0]
2022-10-15 13:56:59 [http-nio-8081-exec-7] INFO  com.capstone.aspect.LoggerAspect - *************************************
2022-10-15 13:56:59 [http-nio-8081-exec-7] INFO  com.capstone.aspect.LoggerAspect - During: class com.capstone.controller.EmiController.getemiofAccount() with arguments=<200 OK OK,emi [s_no=10, loanaccno=202211051, loan_status=active, emi_amount=11973.122, upcomming_payment_date=2022-11-07, remaining_amount=500000.0],[]>
2022-10-15 13:56:59 [http-nio-8081-exec-7] INFO  com.capstone.aspect.LoggerAspect - *************************************
2022-10-15 13:57:58 [http-nio-8081-exec-8] INFO  com.capstone.aspect.LoggerAspect - Method name: com.capstone.controller.EmiController
2022-10-15 13:57:58 [http-nio-8081-exec-8] INFO  com.capstone.aspect.LoggerAspect - Method arguments:[Ljava.lang.Object;@b2cc74a
2022-10-15 13:57:58 [http-nio-8081-exec-8] INFO  com.capstone.aspect.LoggerAspect - *************************************
2022-10-15 13:57:58 [http-nio-8081-exec-8] INFO  com.capstone.aspect.LoggerAspect - Method name: com.capstone.service.EmiServiceImp
2022-10-15 13:57:58 [http-nio-8081-exec-8] INFO  com.capstone.aspect.LoggerAspect - Method arguments:[Ljava.lang.Object;@4441c0cb
2022-10-15 13:57:58 [http-nio-8081-exec-8] INFO  com.capstone.aspect.LoggerAspect - *************************************
2022-10-15 13:57:58 [http-nio-8081-exec-8] INFO  com.capstone.aspect.LoggerAspect - During: class com.capstone.service.EmiServiceImp.getEmiData() with arguments=emi [s_no=10, loanaccno=202211051, loan_status=active, emi_amount=11973.122, upcomming_payment_date=2022-11-07, remaining_amount=500000.0]
2022-10-15 13:57:58 [http-nio-8081-exec-8] INFO  com.capstone.aspect.LoggerAspect - *************************************
2022-10-15 13:57:58 [http-nio-8081-exec-8] INFO  com.capstone.aspect.LoggerAspect - Method name: com.capstone.service.EmiServiceImp
2022-10-15 13:57:58 [http-nio-8081-exec-8] INFO  com.capstone.aspect.LoggerAspect - Method arguments:[Ljava.lang.Object;@6fa2aa31
2022-10-15 13:57:58 [http-nio-8081-exec-8] INFO  com.capstone.aspect.LoggerAspect - *************************************
2022-10-15 13:57:58 [http-nio-8081-exec-8] INFO  com.capstone.aspect.LoggerAspect - During: class com.capstone.service.EmiServiceImp.getEmiData() with arguments=emi [s_no=10, loanaccno=202211051, loan_status=active, emi_amount=11973.122, upcomming_payment_date=2022-11-07, remaining_amount=500000.0]
2022-10-15 13:57:58 [http-nio-8081-exec-8] INFO  com.capstone.aspect.LoggerAspect - *************************************
2022-10-15 13:57:58 [http-nio-8081-exec-8] INFO  com.capstone.aspect.LoggerAspect - During: class com.capstone.controller.EmiController.getemiofAccount() with arguments=<200 OK OK,emi [s_no=10, loanaccno=202211051, loan_status=active, emi_amount=11973.122, upcomming_payment_date=2022-11-07, remaining_amount=500000.0],[]>
2022-10-15 13:57:58 [http-nio-8081-exec-8] INFO  com.capstone.aspect.LoggerAspect - *************************************
2022-10-15 13:58:21 [http-nio-8081-exec-9] ERROR o.a.c.c.C.[.[.[.[dispatcherServlet] - Servlet.service() for servlet [dispatcherServlet] in context with path [] threw exception [Token missing or invalid] with root cause
javax.servlet.ServletException: Token missing or invalid
	at com.capstone.filter.EmiFilter.doFilter(EmiFilter.java:40)
	at org.apache.catalina.core.ApplicationFilterChain.internalDoFilter(ApplicationFilterChain.java:189)
	at org.apache.catalina.core.ApplicationFilterChain.doFilter(ApplicationFilterChain.java:162)
	at org.springframework.web.filter.RequestContextFilter.doFilterInternal(RequestContextFilter.java:100)
	at org.springframework.web.filter.OncePerRequestFilter.doFilter(OncePerRequestFilter.java:117)
	at org.apache.catalina.core.ApplicationFilterChain.internalDoFilter(ApplicationFilterChain.java:189)
	at org.apache.catalina.core.ApplicationFilterChain.doFilter(ApplicationFilterChain.java:162)
	at org.springframework.web.filter.FormContentFilter.doFilterInternal(FormContentFilter.java:93)
	at org.springframework.web.filter.OncePerRequestFilter.doFilter(OncePerRequestFilter.java:117)
	at org.apache.catalina.core.ApplicationFilterChain.internalDoFilter(ApplicationFilterChain.java:189)
	at org.apache.catalina.core.ApplicationFilterChain.doFilter(ApplicationFilterChain.java:162)
	at org.springframework.web.filter.CharacterEncodingFilter.doFilterInternal(CharacterEncodingFilter.java:201)
	at org.springframework.web.filter.OncePerRequestFilter.doFilter(OncePerRequestFilter.java:117)
	at org.apache.catalina.core.ApplicationFilterChain.internalDoFilter(ApplicationFilterChain.java:189)
	at org.apache.catalina.core.ApplicationFilterChain.doFilter(ApplicationFilterChain.java:162)
	at org.apache.catalina.core.StandardWrapperValve.invoke(StandardWrapperValve.java:197)
	at org.apache.catalina.core.StandardContextValve.invoke(StandardContextValve.java:97)
	at org.apache.catalina.authenticator.AuthenticatorBase.invoke(AuthenticatorBase.java:541)
	at org.apache.catalina.core.StandardHostValve.invoke(StandardHostValve.java:135)
	at org.apache.catalina.valves.ErrorReportValve.invoke(ErrorReportValve.java:92)
	at org.apache.catalina.core.StandardEngineValve.invoke(StandardEngineValve.java:78)
	at org.apache.catalina.connector.CoyoteAdapter.service(CoyoteAdapter.java:360)
	at org.apache.coyote.http11.Http11Processor.service(Http11Processor.java:399)
	at org.apache.coyote.AbstractProcessorLight.process(AbstractProcessorLight.java:65)
	at org.apache.coyote.AbstractProtocol$ConnectionHandler.process(AbstractProtocol.java:890)
	at org.apache.tomcat.util.net.NioEndpoint$SocketProcessor.doRun(NioEndpoint.java:1789)
	at org.apache.tomcat.util.net.SocketProcessorBase.run(SocketProcessorBase.java:49)
	at org.apache.tomcat.util.threads.ThreadPoolExecutor.runWorker(ThreadPoolExecutor.java:1191)
	at org.apache.tomcat.util.threads.ThreadPoolExecutor$Worker.run(ThreadPoolExecutor.java:659)
	at org.apache.tomcat.util.threads.TaskThread$WrappingRunnable.run(TaskThread.java:61)
	at java.base/java.lang.Thread.run(Thread.java:833)
2022-10-15 13:59:23 [http-nio-8081-exec-10] INFO  com.capstone.aspect.LoggerAspect - Method name: com.capstone.controller.EmiController
2022-10-15 13:59:23 [http-nio-8081-exec-10] INFO  com.capstone.aspect.LoggerAspect - Method arguments:[Ljava.lang.Object;@5b6b0ddd
2022-10-15 13:59:23 [http-nio-8081-exec-10] INFO  com.capstone.aspect.LoggerAspect - *************************************
2022-10-15 13:59:23 [http-nio-8081-exec-10] INFO  com.capstone.aspect.LoggerAspect - Method name: com.capstone.service.EmiServiceImp
2022-10-15 13:59:23 [http-nio-8081-exec-10] INFO  com.capstone.aspect.LoggerAspect - Method arguments:[Ljava.lang.Object;@78ebf
2022-10-15 13:59:23 [http-nio-8081-exec-10] INFO  com.capstone.aspect.LoggerAspect - *************************************
2022-10-15 13:59:23 [http-nio-8081-exec-10] INFO  com.capstone.aspect.LoggerAspect - During: class com.capstone.service.EmiServiceImp.getEmiData() with arguments=emi [s_no=10, loanaccno=202211051, loan_status=active, emi_amount=11973.122, upcomming_payment_date=2022-11-07, remaining_amount=500000.0]
2022-10-15 13:59:23 [http-nio-8081-exec-10] INFO  com.capstone.aspect.LoggerAspect - *************************************
2022-10-15 13:59:23 [http-nio-8081-exec-10] INFO  com.capstone.aspect.LoggerAspect - Method name: com.capstone.service.EmiServiceImp
2022-10-15 13:59:23 [http-nio-8081-exec-10] INFO  com.capstone.aspect.LoggerAspect - Method arguments:[Ljava.lang.Object;@69565500
2022-10-15 13:59:23 [http-nio-8081-exec-10] INFO  com.capstone.aspect.LoggerAspect - *************************************
2022-10-15 13:59:23 [http-nio-8081-exec-10] INFO  com.capstone.aspect.LoggerAspect - During: class com.capstone.service.EmiServiceImp.getEmiData() with arguments=emi [s_no=10, loanaccno=202211051, loan_status=active, emi_amount=11973.122, upcomming_payment_date=2022-11-07, remaining_amount=500000.0]
2022-10-15 13:59:23 [http-nio-8081-exec-10] INFO  com.capstone.aspect.LoggerAspect - *************************************
2022-10-15 13:59:23 [http-nio-8081-exec-10] INFO  com.capstone.aspect.LoggerAspect - During: class com.capstone.controller.EmiController.getemiofAccount() with arguments=<200 OK OK,emi [s_no=10, loanaccno=202211051, loan_status=active, emi_amount=11973.122, upcomming_payment_date=2022-11-07, remaining_amount=500000.0],[]>
2022-10-15 13:59:23 [http-nio-8081-exec-10] INFO  com.capstone.aspect.LoggerAspect - *************************************
2022-10-15 13:59:25 [http-nio-8081-exec-1] INFO  com.capstone.aspect.LoggerAspect - Method name: com.capstone.controller.EmiController
2022-10-15 13:59:25 [http-nio-8081-exec-1] INFO  com.capstone.aspect.LoggerAspect - Method arguments:[Ljava.lang.Object;@7e764c55
2022-10-15 13:59:25 [http-nio-8081-exec-1] INFO  com.capstone.aspect.LoggerAspect - *************************************
2022-10-15 13:59:25 [http-nio-8081-exec-1] INFO  com.capstone.aspect.LoggerAspect - Method name: com.capstone.service.EmiServiceImp
2022-10-15 13:59:25 [http-nio-8081-exec-1] INFO  com.capstone.aspect.LoggerAspect - Method arguments:[Ljava.lang.Object;@34536b10
2022-10-15 13:59:25 [http-nio-8081-exec-1] INFO  com.capstone.aspect.LoggerAspect - *************************************
2022-10-15 13:59:25 [http-nio-8081-exec-1] INFO  com.capstone.aspect.LoggerAspect - During: class com.capstone.service.EmiServiceImp.getEmiData() with arguments=emi [s_no=10, loanaccno=202211051, loan_status=active, emi_amount=11973.122, upcomming_payment_date=2022-11-07, remaining_amount=500000.0]
2022-10-15 13:59:25 [http-nio-8081-exec-1] INFO  com.capstone.aspect.LoggerAspect - *************************************
2022-10-15 13:59:25 [http-nio-8081-exec-1] INFO  com.capstone.aspect.LoggerAspect - Method name: com.capstone.service.EmiServiceImp
2022-10-15 13:59:25 [http-nio-8081-exec-1] INFO  com.capstone.aspect.LoggerAspect - Method arguments:[Ljava.lang.Object;@7af7b7b3
2022-10-15 13:59:25 [http-nio-8081-exec-1] INFO  com.capstone.aspect.LoggerAspect - *************************************
2022-10-15 13:59:25 [http-nio-8081-exec-1] INFO  com.capstone.aspect.LoggerAspect - During: class com.capstone.service.EmiServiceImp.getEmiData() with arguments=emi [s_no=10, loanaccno=202211051, loan_status=active, emi_amount=11973.122, upcomming_payment_date=2022-11-07, remaining_amount=500000.0]
2022-10-15 13:59:25 [http-nio-8081-exec-1] INFO  com.capstone.aspect.LoggerAspect - *************************************
2022-10-15 13:59:25 [http-nio-8081-exec-1] INFO  com.capstone.aspect.LoggerAspect - During: class com.capstone.controller.EmiController.getemiofAccount() with arguments=<200 OK OK,emi [s_no=10, loanaccno=202211051, loan_status=active, emi_amount=11973.122, upcomming_payment_date=2022-11-07, remaining_amount=500000.0],[]>
2022-10-15 13:59:25 [http-nio-8081-exec-1] INFO  com.capstone.aspect.LoggerAspect - *************************************
2022-10-15 13:59:37 [http-nio-8081-exec-2] ERROR o.a.c.c.C.[.[.[.[dispatcherServlet] - Servlet.service() for servlet [dispatcherServlet] in context with path [] threw exception [Token missing or invalid] with root cause
javax.servlet.ServletException: Token missing or invalid
	at com.capstone.filter.EmiFilter.doFilter(EmiFilter.java:40)
	at org.apache.catalina.core.ApplicationFilterChain.internalDoFilter(ApplicationFilterChain.java:189)
	at org.apache.catalina.core.ApplicationFilterChain.doFilter(ApplicationFilterChain.java:162)
	at org.springframework.web.filter.RequestContextFilter.doFilterInternal(RequestContextFilter.java:100)
	at org.springframework.web.filter.OncePerRequestFilter.doFilter(OncePerRequestFilter.java:117)
	at org.apache.catalina.core.ApplicationFilterChain.internalDoFilter(ApplicationFilterChain.java:189)
	at org.apache.catalina.core.ApplicationFilterChain.doFilter(ApplicationFilterChain.java:162)
	at org.springframework.web.filter.FormContentFilter.doFilterInternal(FormContentFilter.java:93)
	at org.springframework.web.filter.OncePerRequestFilter.doFilter(OncePerRequestFilter.java:117)
	at org.apache.catalina.core.ApplicationFilterChain.internalDoFilter(ApplicationFilterChain.java:189)
	at org.apache.catalina.core.ApplicationFilterChain.doFilter(ApplicationFilterChain.java:162)
	at org.springframework.web.filter.CharacterEncodingFilter.doFilterInternal(CharacterEncodingFilter.java:201)
	at org.springframework.web.filter.OncePerRequestFilter.doFilter(OncePerRequestFilter.java:117)
	at org.apache.catalina.core.ApplicationFilterChain.internalDoFilter(ApplicationFilterChain.java:189)
	at org.apache.catalina.core.ApplicationFilterChain.doFilter(ApplicationFilterChain.java:162)
	at org.apache.catalina.core.StandardWrapperValve.invoke(StandardWrapperValve.java:197)
	at org.apache.catalina.core.StandardContextValve.invoke(StandardContextValve.java:97)
	at org.apache.catalina.authenticator.AuthenticatorBase.invoke(AuthenticatorBase.java:541)
	at org.apache.catalina.core.StandardHostValve.invoke(StandardHostValve.java:135)
	at org.apache.catalina.valves.ErrorReportValve.invoke(ErrorReportValve.java:92)
	at org.apache.catalina.core.StandardEngineValve.invoke(StandardEngineValve.java:78)
	at org.apache.catalina.connector.CoyoteAdapter.service(CoyoteAdapter.java:360)
	at org.apache.coyote.http11.Http11Processor.service(Http11Processor.java:399)
	at org.apache.coyote.AbstractProcessorLight.process(AbstractProcessorLight.java:65)
	at org.apache.coyote.AbstractProtocol$ConnectionHandler.process(AbstractProtocol.java:890)
	at org.apache.tomcat.util.net.NioEndpoint$SocketProcessor.doRun(NioEndpoint.java:1789)
	at org.apache.tomcat.util.net.SocketProcessorBase.run(SocketProcessorBase.java:49)
	at org.apache.tomcat.util.threads.ThreadPoolExecutor.runWorker(ThreadPoolExecutor.java:1191)
	at org.apache.tomcat.util.threads.ThreadPoolExecutor$Worker.run(ThreadPoolExecutor.java:659)
	at org.apache.tomcat.util.threads.TaskThread$WrappingRunnable.run(TaskThread.java:61)
	at java.base/java.lang.Thread.run(Thread.java:833)
2022-10-15 13:59:45 [RMI TCP Connection(119)-127.0.0.1] INFO  o.s.b.a.SpringApplicationAdminMXBeanRegistrar$SpringApplicationAdmin - Application shutdown requested.
2022-10-15 13:59:45 [RMI TCP Connection(119)-127.0.0.1] INFO  o.s.c.n.e.s.EurekaServiceRegistry - Unregistering application EMI-API with eureka with status DOWN
2022-10-15 13:59:45 [RMI TCP Connection(119)-127.0.0.1] INFO  c.netflix.discovery.DiscoveryClient - Saw local status change event StatusChangeEvent [timestamp=1665822585810, current=DOWN, previous=UP]
2022-10-15 13:59:45 [DiscoveryClient-InstanceInfoReplicator-0] INFO  c.netflix.discovery.DiscoveryClient - DiscoveryClient_EMI-API/192.168.0.8:emi-api:8081: registering service...
2022-10-15 13:59:45 [RMI TCP Connection(119)-127.0.0.1] INFO  o.a.coyote.http11.Http11NioProtocol - Pausing ProtocolHandler ["http-nio-8081"]
2022-10-15 13:59:45 [RMI TCP Connection(119)-127.0.0.1] INFO  o.a.catalina.core.StandardService - Stopping service [Tomcat]
2022-10-15 13:59:45 [RMI TCP Connection(119)-127.0.0.1] INFO  o.a.c.c.C.[Tomcat].[localhost].[/] - Destroying Spring FrameworkServlet 'dispatcherServlet'
2022-10-15 13:59:45 [DiscoveryClient-InstanceInfoReplicator-0] INFO  c.netflix.discovery.DiscoveryClient - DiscoveryClient_EMI-API/192.168.0.8:emi-api:8081 - registration status: 204
2022-10-15 13:59:45 [RMI TCP Connection(119)-127.0.0.1] INFO  o.a.coyote.http11.Http11NioProtocol - Stopping ProtocolHandler ["http-nio-8081"]
2022-10-15 13:59:45 [RMI TCP Connection(119)-127.0.0.1] INFO  o.a.coyote.http11.Http11NioProtocol - Destroying ProtocolHandler ["http-nio-8081"]
2022-10-15 13:59:45 [RMI TCP Connection(119)-127.0.0.1] INFO  o.s.o.j.LocalContainerEntityManagerFactoryBean - Closing JPA EntityManagerFactory for persistence unit 'default'
2022-10-15 13:59:45 [RMI TCP Connection(119)-127.0.0.1] INFO  com.zaxxer.hikari.HikariDataSource - HikariPool-1 - Shutdown initiated...
2022-10-15 13:59:46 [RMI TCP Connection(119)-127.0.0.1] INFO  com.zaxxer.hikari.HikariDataSource - HikariPool-1 - Shutdown completed.
2022-10-15 13:59:46 [RMI TCP Connection(119)-127.0.0.1] INFO  c.netflix.discovery.DiscoveryClient - Shutting down DiscoveryClient ...
2022-10-15 13:59:49 [RMI TCP Connection(119)-127.0.0.1] INFO  c.netflix.discovery.DiscoveryClient - Unregistering ...
2022-10-15 13:59:49 [RMI TCP Connection(119)-127.0.0.1] INFO  c.netflix.discovery.DiscoveryClient - DiscoveryClient_EMI-API/192.168.0.8:emi-api:8081 - deregister  status: 200
2022-10-15 13:59:49 [RMI TCP Connection(119)-127.0.0.1] INFO  c.netflix.discovery.DiscoveryClient - Completed shut down of DiscoveryClient
