2022-10-12 11:15:11 [restartedMain] INFO  com.capstone.EmiApiApplication - Starting EmiApiApplication using Java 17.0.2 on MOHAN with PID 13644 (C:\Users\mohan\Downloads\Natwest Capstone\frontend\spring-master\emi-api\target\classes started by mohan in C:\Users\mohan\Downloads\Natwest Capstone\frontend\spring-master\emi-api)
2022-10-12 11:15:11 [restartedMain] INFO  com.capstone.EmiApiApplication - No active profile set, falling back to 1 default profile: "default"
2022-10-12 11:15:11 [restartedMain] INFO  o.s.b.d.e.DevToolsPropertyDefaultsPostProcessor - Devtools property defaults active! Set 'spring.devtools.add-properties' to 'false' to disable
2022-10-12 11:15:11 [restartedMain] INFO  o.s.b.d.e.DevToolsPropertyDefaultsPostProcessor - For additional web related logging consider setting the 'logging.level.web' property to 'DEBUG'
2022-10-12 11:15:12 [restartedMain] INFO  o.s.d.r.c.RepositoryConfigurationDelegate - Bootstrapping Spring Data JPA repositories in DEFAULT mode.
2022-10-12 11:15:12 [restartedMain] INFO  o.s.d.r.c.RepositoryConfigurationDelegate - Finished Spring Data repository scanning in 134 ms. Found 1 JPA repository interfaces.
2022-10-12 11:15:12 [restartedMain] INFO  o.s.cloud.context.scope.GenericScope - BeanFactory id=5babc4e2-f0b0-3323-8f75-7d5bd9cf4d2d
2022-10-12 11:15:13 [restartedMain] INFO  o.s.b.w.e.tomcat.TomcatWebServer - Tomcat initialized with port(s): 8081 (http)
2022-10-12 11:15:13 [restartedMain] INFO  o.a.coyote.http11.Http11NioProtocol - Initializing ProtocolHandler ["http-nio-8081"]
2022-10-12 11:15:13 [restartedMain] INFO  o.a.catalina.core.StandardService - Starting service [Tomcat]
2022-10-12 11:15:13 [restartedMain] INFO  o.a.catalina.core.StandardEngine - Starting Servlet engine: [Apache Tomcat/9.0.65]
2022-10-12 11:15:13 [restartedMain] INFO  o.a.c.c.C.[Tomcat].[localhost].[/] - Initializing Spring embedded WebApplicationContext
2022-10-12 11:15:13 [restartedMain] INFO  o.s.b.w.s.c.ServletWebServerApplicationContext - Root WebApplicationContext: initialization completed in 2210 ms
2022-10-12 11:15:14 [restartedMain] INFO  o.a.catalina.core.StandardContext - Suspicious URL pattern: [/api/**] in context [], see sections 12.1 and 12.2 of the Servlet specification
2022-10-12 11:15:14 [restartedMain] INFO  o.h.jpa.internal.util.LogHelper - HHH000204: Processing PersistenceUnitInfo [name: default]
2022-10-12 11:15:14 [restartedMain] INFO  org.hibernate.Version - HHH000412: Hibernate ORM core version 5.6.11.Final
2022-10-12 11:15:14 [restartedMain] INFO  o.h.annotations.common.Version - HCANN000001: Hibernate Commons Annotations {5.1.2.Final}
2022-10-12 11:15:14 [restartedMain] INFO  com.zaxxer.hikari.HikariDataSource - HikariPool-1 - Starting...
2022-10-12 11:15:14 [restartedMain] INFO  com.zaxxer.hikari.HikariDataSource - HikariPool-1 - Start completed.
2022-10-12 11:15:14 [restartedMain] INFO  org.hibernate.dialect.Dialect - HHH000400: Using dialect: org.hibernate.dialect.MySQL8Dialect
2022-10-12 11:15:15 [restartedMain] INFO  o.h.e.t.j.p.i.JtaPlatformInitiator - HHH000490: Using JtaPlatform implementation: [org.hibernate.engine.transaction.jta.platform.internal.NoJtaPlatform]
2022-10-12 11:15:15 [restartedMain] INFO  o.s.o.j.LocalContainerEntityManagerFactoryBean - Initialized JPA EntityManagerFactory for persistence unit 'default'
2022-10-12 11:15:15 [restartedMain] WARN  o.s.b.a.o.j.JpaBaseConfiguration$JpaWebConfiguration - spring.jpa.open-in-view is enabled by default. Therefore, database queries may be performed during view rendering. Explicitly configure spring.jpa.open-in-view to disable this warning
2022-10-12 11:15:16 [restartedMain] WARN  o.s.b.d.a.OptionalLiveReloadServer - Unable to start LiveReload server
2022-10-12 11:15:16 [restartedMain] INFO  o.s.c.n.e.c.DiscoveryClientOptionalArgsConfiguration - Eureka HTTP Client uses RestTemplate.
2022-10-12 11:15:16 [restartedMain] WARN  o.s.c.l.c.LoadBalancerCacheAutoConfiguration$LoadBalancerCaffeineWarnLogger - Spring Cloud LoadBalancer is currently working with the default cache. While this cache implementation is useful for development and tests, it's recommended to use Caffeine cache in production.You can switch to using Caffeine cache, by adding it and org.springframework.cache.caffeine.CaffeineCacheManager to the classpath.
2022-10-12 11:15:16 [restartedMain] INFO  o.s.c.n.eureka.InstanceInfoFactory - Setting initial instance status as: STARTING
2022-10-12 11:15:16 [restartedMain] INFO  c.netflix.discovery.DiscoveryClient - Initializing Eureka in region us-east-1
2022-10-12 11:15:16 [restartedMain] INFO  c.n.d.s.r.aws.ConfigClusterResolver - Resolving eureka endpoints via configuration
2022-10-12 11:15:16 [restartedMain] INFO  c.netflix.discovery.DiscoveryClient - Disable delta property : false
2022-10-12 11:15:16 [restartedMain] INFO  c.netflix.discovery.DiscoveryClient - Single vip registry refresh property : null
2022-10-12 11:15:16 [restartedMain] INFO  c.netflix.discovery.DiscoveryClient - Force full registry fetch : false
2022-10-12 11:15:16 [restartedMain] INFO  c.netflix.discovery.DiscoveryClient - Application is null : false
2022-10-12 11:15:16 [restartedMain] INFO  c.netflix.discovery.DiscoveryClient - Registered Applications size is zero : true
2022-10-12 11:15:16 [restartedMain] INFO  c.netflix.discovery.DiscoveryClient - Application version is -1: true
2022-10-12 11:15:16 [restartedMain] INFO  c.netflix.discovery.DiscoveryClient - Getting all instance registry info from the eureka server
2022-10-12 11:15:17 [restartedMain] INFO  c.netflix.discovery.DiscoveryClient - The response status is 200
2022-10-12 11:15:17 [restartedMain] INFO  c.netflix.discovery.DiscoveryClient - Starting heartbeat executor: renew interval is: 30
2022-10-12 11:15:17 [restartedMain] INFO  c.n.discovery.InstanceInfoReplicator - InstanceInfoReplicator onDemand update allowed rate per min is 4
2022-10-12 11:15:17 [restartedMain] INFO  c.netflix.discovery.DiscoveryClient - Discovery Client initialized at timestamp 1665553517221 with initial instances count: 1
2022-10-12 11:15:17 [restartedMain] INFO  o.s.c.n.e.s.EurekaServiceRegistry - Registering application EMI-API with eureka with status UP
2022-10-12 11:15:17 [restartedMain] INFO  c.netflix.discovery.DiscoveryClient - Saw local status change event StatusChangeEvent [timestamp=1665553517224, current=UP, previous=STARTING]
2022-10-12 11:15:17 [DiscoveryClient-InstanceInfoReplicator-0] INFO  c.netflix.discovery.DiscoveryClient - DiscoveryClient_EMI-API/192.168.0.7:emi-api:8081: registering service...
2022-10-12 11:15:17 [restartedMain] INFO  o.a.coyote.http11.Http11NioProtocol - Starting ProtocolHandler ["http-nio-8081"]
2022-10-12 11:15:17 [restartedMain] INFO  o.s.b.w.e.tomcat.TomcatWebServer - Tomcat started on port(s): 8081 (http) with context path ''
2022-10-12 11:15:17 [restartedMain] INFO  o.s.c.n.e.s.EurekaAutoServiceRegistration - Updating port to 8081
2022-10-12 11:15:17 [DiscoveryClient-InstanceInfoReplicator-0] INFO  c.netflix.discovery.DiscoveryClient - DiscoveryClient_EMI-API/192.168.0.7:emi-api:8081 - registration status: 204
2022-10-12 11:15:17 [restartedMain] INFO  com.capstone.EmiApiApplication - Started EmiApiApplication in 6.218 seconds (JVM running for 7.155)
2022-10-12 11:16:19 [http-nio-8081-exec-1] INFO  o.a.c.c.C.[Tomcat].[localhost].[/] - Initializing Spring DispatcherServlet 'dispatcherServlet'
2022-10-12 11:16:19 [http-nio-8081-exec-1] INFO  o.s.web.servlet.DispatcherServlet - Initializing Servlet 'dispatcherServlet'
2022-10-12 11:16:19 [http-nio-8081-exec-1] INFO  o.s.web.servlet.DispatcherServlet - Completed initialization in 6 ms
2022-10-12 11:16:19 [http-nio-8081-exec-1] INFO  com.capstone.aspect.LoggerAspect - Method name: com.capstone.controller.emiController
2022-10-12 11:16:19 [http-nio-8081-exec-1] INFO  com.capstone.aspect.LoggerAspect - Method arguments:[Ljava.lang.Object;@4e1ef42d
2022-10-12 11:16:19 [http-nio-8081-exec-1] INFO  com.capstone.aspect.LoggerAspect - *************************************
2022-10-12 11:16:19 [http-nio-8081-exec-1] INFO  com.capstone.aspect.LoggerAspect - Method name: com.capstone.service.emiServiceImp
2022-10-12 11:16:19 [http-nio-8081-exec-1] INFO  com.capstone.aspect.LoggerAspect - Method arguments:[Ljava.lang.Object;@76ee145c
2022-10-12 11:16:19 [http-nio-8081-exec-1] INFO  com.capstone.aspect.LoggerAspect - *************************************
2022-10-12 11:16:19 [http-nio-8081-exec-1] INFO  com.capstone.aspect.LoggerAspect - During: class com.capstone.service.emiServiceImp.getEmiData() with arguments=emi [s_no=7, loanaccno=202211033, loan_status=active, emi_amount=10271.0, upcomming_payment_date=2022-11-07, remaining_amount=350000.0]
2022-10-12 11:16:19 [http-nio-8081-exec-1] INFO  com.capstone.aspect.LoggerAspect - *************************************
2022-10-12 11:16:19 [http-nio-8081-exec-1] INFO  com.capstone.aspect.LoggerAspect - During: class com.capstone.controller.emiController.getemiofAccount() with arguments=<200 OK OK,emi [s_no=7, loanaccno=202211033, loan_status=active, emi_amount=10271.0, upcomming_payment_date=2022-11-07, remaining_amount=350000.0],[]>
2022-10-12 11:16:19 [http-nio-8081-exec-1] INFO  com.capstone.aspect.LoggerAspect - *************************************
2022-10-12 11:17:14 [http-nio-8081-exec-3] INFO  com.capstone.aspect.LoggerAspect - Method name: com.capstone.controller.emiController
2022-10-12 11:17:14 [http-nio-8081-exec-3] INFO  com.capstone.aspect.LoggerAspect - Method arguments:[Ljava.lang.Object;@734dccd3
2022-10-12 11:17:14 [http-nio-8081-exec-3] INFO  com.capstone.aspect.LoggerAspect - *************************************
2022-10-12 11:17:14 [http-nio-8081-exec-3] INFO  com.capstone.aspect.LoggerAspect - Method name: com.capstone.service.emiServiceImp
2022-10-12 11:17:14 [http-nio-8081-exec-3] INFO  com.capstone.aspect.LoggerAspect - Method arguments:[Ljava.lang.Object;@7d8a2cca
2022-10-12 11:17:14 [http-nio-8081-exec-3] INFO  com.capstone.aspect.LoggerAspect - *************************************
2022-10-12 11:17:14 [http-nio-8081-exec-3] INFO  com.capstone.aspect.LoggerAspect - During: class com.capstone.service.emiServiceImp.getEmiData() with arguments=null
2022-10-12 11:17:14 [http-nio-8081-exec-3] INFO  com.capstone.aspect.LoggerAspect - *************************************
2022-10-12 11:17:14 [http-nio-8081-exec-3] INFO  com.capstone.aspect.LoggerAspect - During: class com.capstone.controller.emiController.getemiofAccount() with arguments=<200 OK OK,[]>
2022-10-12 11:17:14 [http-nio-8081-exec-3] INFO  com.capstone.aspect.LoggerAspect - *************************************
2022-10-12 11:19:09 [http-nio-8081-exec-5] INFO  com.capstone.aspect.LoggerAspect - Method name: com.capstone.controller.emiController
2022-10-12 11:19:09 [http-nio-8081-exec-5] INFO  com.capstone.aspect.LoggerAspect - Method arguments:[Ljava.lang.Object;@4a1f152e
2022-10-12 11:19:09 [http-nio-8081-exec-5] INFO  com.capstone.aspect.LoggerAspect - *************************************
2022-10-12 11:19:09 [http-nio-8081-exec-5] INFO  com.capstone.aspect.LoggerAspect - Method name: com.capstone.service.emiServiceImp
2022-10-12 11:19:09 [http-nio-8081-exec-5] INFO  com.capstone.aspect.LoggerAspect - Method arguments:[Ljava.lang.Object;@44d8e21d
2022-10-12 11:19:09 [http-nio-8081-exec-5] INFO  com.capstone.aspect.LoggerAspect - *************************************
2022-10-12 11:19:09 [http-nio-8081-exec-5] INFO  com.capstone.aspect.LoggerAspect - During: class com.capstone.service.emiServiceImp.getEmiData() with arguments=null
2022-10-12 11:19:09 [http-nio-8081-exec-5] INFO  com.capstone.aspect.LoggerAspect - *************************************
2022-10-12 11:19:09 [http-nio-8081-exec-5] INFO  com.capstone.aspect.LoggerAspect - During: class com.capstone.controller.emiController.getemiofAccount() with arguments=<200 OK OK,[]>
2022-10-12 11:19:09 [http-nio-8081-exec-5] INFO  com.capstone.aspect.LoggerAspect - *************************************
2022-10-12 11:20:16 [AsyncResolver-bootstrap-executor-0] INFO  c.n.d.s.r.aws.ConfigClusterResolver - Resolving eureka endpoints via configuration
2022-10-12 11:21:29 [http-nio-8081-exec-7] INFO  com.capstone.aspect.LoggerAspect - Method name: com.capstone.controller.emiController
2022-10-12 11:21:29 [http-nio-8081-exec-7] INFO  com.capstone.aspect.LoggerAspect - Method arguments:[Ljava.lang.Object;@36f90c2f
2022-10-12 11:21:29 [http-nio-8081-exec-7] INFO  com.capstone.aspect.LoggerAspect - *************************************
2022-10-12 11:21:29 [http-nio-8081-exec-7] INFO  com.capstone.aspect.LoggerAspect - Method name: com.capstone.service.emiServiceImp
2022-10-12 11:21:29 [http-nio-8081-exec-7] INFO  com.capstone.aspect.LoggerAspect - Method arguments:[Ljava.lang.Object;@383ef480
2022-10-12 11:21:29 [http-nio-8081-exec-7] INFO  com.capstone.aspect.LoggerAspect - *************************************
2022-10-12 11:21:29 [http-nio-8081-exec-7] INFO  com.capstone.aspect.LoggerAspect - During: class com.capstone.service.emiServiceImp.getEmiData() with arguments=null
2022-10-12 11:21:29 [http-nio-8081-exec-7] INFO  com.capstone.aspect.LoggerAspect - *************************************
2022-10-12 11:21:29 [http-nio-8081-exec-7] INFO  com.capstone.aspect.LoggerAspect - During: class com.capstone.controller.emiController.getemiofAccount() with arguments=<200 OK OK,[]>
2022-10-12 11:21:29 [http-nio-8081-exec-7] INFO  com.capstone.aspect.LoggerAspect - *************************************
2022-10-12 11:22:13 [http-nio-8081-exec-9] INFO  com.capstone.aspect.LoggerAspect - Method name: com.capstone.controller.emiController
2022-10-12 11:22:13 [http-nio-8081-exec-9] INFO  com.capstone.aspect.LoggerAspect - Method arguments:[Ljava.lang.Object;@27bb1b1a
2022-10-12 11:22:13 [http-nio-8081-exec-9] INFO  com.capstone.aspect.LoggerAspect - *************************************
2022-10-12 11:22:13 [http-nio-8081-exec-9] INFO  com.capstone.aspect.LoggerAspect - Method name: com.capstone.service.emiServiceImp
2022-10-12 11:22:13 [http-nio-8081-exec-9] INFO  com.capstone.aspect.LoggerAspect - Method arguments:[Ljava.lang.Object;@297cf19d
2022-10-12 11:22:13 [http-nio-8081-exec-9] INFO  com.capstone.aspect.LoggerAspect - *************************************
2022-10-12 11:22:13 [http-nio-8081-exec-9] INFO  com.capstone.aspect.LoggerAspect - During: class com.capstone.service.emiServiceImp.getEmiData() with arguments=null
2022-10-12 11:22:13 [http-nio-8081-exec-9] INFO  com.capstone.aspect.LoggerAspect - *************************************
2022-10-12 11:22:13 [http-nio-8081-exec-9] INFO  com.capstone.aspect.LoggerAspect - During: class com.capstone.controller.emiController.getemiofAccount() with arguments=<200 OK OK,[]>
2022-10-12 11:22:13 [http-nio-8081-exec-9] INFO  com.capstone.aspect.LoggerAspect - *************************************
2022-10-12 11:23:23 [http-nio-8081-exec-1] INFO  com.capstone.aspect.LoggerAspect - Method name: com.capstone.controller.emiController
2022-10-12 11:23:23 [http-nio-8081-exec-1] INFO  com.capstone.aspect.LoggerAspect - Method arguments:[Ljava.lang.Object;@129dc500
2022-10-12 11:23:23 [http-nio-8081-exec-1] INFO  com.capstone.aspect.LoggerAspect - *************************************
2022-10-12 11:23:23 [http-nio-8081-exec-1] INFO  com.capstone.aspect.LoggerAspect - Method name: com.capstone.service.emiServiceImp
2022-10-12 11:23:23 [http-nio-8081-exec-1] INFO  com.capstone.aspect.LoggerAspect - Method arguments:[Ljava.lang.Object;@551c221c
2022-10-12 11:23:23 [http-nio-8081-exec-1] INFO  com.capstone.aspect.LoggerAspect - *************************************
2022-10-12 11:23:23 [http-nio-8081-exec-1] INFO  com.capstone.aspect.LoggerAspect - During: class com.capstone.service.emiServiceImp.getEmiData() with arguments=null
2022-10-12 11:23:23 [http-nio-8081-exec-1] INFO  com.capstone.aspect.LoggerAspect - *************************************
2022-10-12 11:23:23 [http-nio-8081-exec-1] INFO  com.capstone.aspect.LoggerAspect - During: class com.capstone.controller.emiController.getemiofAccount() with arguments=<200 OK OK,[]>
2022-10-12 11:23:23 [http-nio-8081-exec-1] INFO  com.capstone.aspect.LoggerAspect - *************************************
2022-10-12 11:24:02 [http-nio-8081-exec-3] INFO  com.capstone.aspect.LoggerAspect - Method name: com.capstone.controller.emiController
2022-10-12 11:24:02 [http-nio-8081-exec-3] INFO  com.capstone.aspect.LoggerAspect - Method arguments:[Ljava.lang.Object;@74541c77
2022-10-12 11:24:02 [http-nio-8081-exec-3] INFO  com.capstone.aspect.LoggerAspect - *************************************
2022-10-12 11:24:02 [http-nio-8081-exec-3] INFO  com.capstone.aspect.LoggerAspect - Method name: com.capstone.service.emiServiceImp
2022-10-12 11:24:02 [http-nio-8081-exec-3] INFO  com.capstone.aspect.LoggerAspect - Method arguments:[Ljava.lang.Object;@42991543
2022-10-12 11:24:02 [http-nio-8081-exec-3] INFO  com.capstone.aspect.LoggerAspect - *************************************
2022-10-12 11:24:02 [http-nio-8081-exec-3] INFO  com.capstone.aspect.LoggerAspect - During: class com.capstone.service.emiServiceImp.getEmiData() with arguments=null
2022-10-12 11:24:02 [http-nio-8081-exec-3] INFO  com.capstone.aspect.LoggerAspect - *************************************
2022-10-12 11:24:02 [http-nio-8081-exec-3] INFO  com.capstone.aspect.LoggerAspect - During: class com.capstone.controller.emiController.getemiofAccount() with arguments=<200 OK OK,[]>
2022-10-12 11:24:02 [http-nio-8081-exec-3] INFO  com.capstone.aspect.LoggerAspect - *************************************
2022-10-12 11:24:13 [http-nio-8081-exec-5] INFO  com.capstone.aspect.LoggerAspect - Method name: com.capstone.controller.emiController
2022-10-12 11:24:13 [http-nio-8081-exec-5] INFO  com.capstone.aspect.LoggerAspect - Method arguments:[Ljava.lang.Object;@65ca1769
2022-10-12 11:24:13 [http-nio-8081-exec-5] INFO  com.capstone.aspect.LoggerAspect - *************************************
2022-10-12 11:24:13 [http-nio-8081-exec-5] INFO  com.capstone.aspect.LoggerAspect - Method name: com.capstone.service.emiServiceImp
2022-10-12 11:24:13 [http-nio-8081-exec-5] INFO  com.capstone.aspect.LoggerAspect - Method arguments:[Ljava.lang.Object;@54c03aa4
2022-10-12 11:24:13 [http-nio-8081-exec-5] INFO  com.capstone.aspect.LoggerAspect - *************************************
2022-10-12 11:24:13 [http-nio-8081-exec-5] INFO  com.capstone.aspect.LoggerAspect - During: class com.capstone.service.emiServiceImp.getEmiData() with arguments=null
2022-10-12 11:24:13 [http-nio-8081-exec-5] INFO  com.capstone.aspect.LoggerAspect - *************************************
2022-10-12 11:24:13 [http-nio-8081-exec-5] INFO  com.capstone.aspect.LoggerAspect - During: class com.capstone.controller.emiController.getemiofAccount() with arguments=<200 OK OK,[]>
2022-10-12 11:24:13 [http-nio-8081-exec-5] INFO  com.capstone.aspect.LoggerAspect - *************************************
2022-10-12 11:24:22 [http-nio-8081-exec-7] INFO  com.capstone.aspect.LoggerAspect - Method name: com.capstone.controller.emiController
2022-10-12 11:24:22 [http-nio-8081-exec-7] INFO  com.capstone.aspect.LoggerAspect - Method arguments:[Ljava.lang.Object;@48b06358
2022-10-12 11:24:22 [http-nio-8081-exec-7] INFO  com.capstone.aspect.LoggerAspect - *************************************
2022-10-12 11:24:22 [http-nio-8081-exec-7] INFO  com.capstone.aspect.LoggerAspect - Method name: com.capstone.service.emiServiceImp
2022-10-12 11:24:22 [http-nio-8081-exec-7] INFO  com.capstone.aspect.LoggerAspect - Method arguments:[Ljava.lang.Object;@7f3cce8e
2022-10-12 11:24:22 [http-nio-8081-exec-7] INFO  com.capstone.aspect.LoggerAspect - *************************************
2022-10-12 11:24:22 [http-nio-8081-exec-7] INFO  com.capstone.aspect.LoggerAspect - During: class com.capstone.service.emiServiceImp.getEmiData() with arguments=emi [s_no=7, loanaccno=202211033, loan_status=active, emi_amount=10271.0, upcomming_payment_date=2022-11-07, remaining_amount=350000.0]
2022-10-12 11:24:22 [http-nio-8081-exec-7] INFO  com.capstone.aspect.LoggerAspect - *************************************
2022-10-12 11:24:22 [http-nio-8081-exec-7] INFO  com.capstone.aspect.LoggerAspect - During: class com.capstone.controller.emiController.getemiofAccount() with arguments=<200 OK OK,emi [s_no=7, loanaccno=202211033, loan_status=active, emi_amount=10271.0, upcomming_payment_date=2022-11-07, remaining_amount=350000.0],[]>
2022-10-12 11:24:22 [http-nio-8081-exec-7] INFO  com.capstone.aspect.LoggerAspect - *************************************
2022-10-12 11:24:29 [http-nio-8081-exec-9] INFO  com.capstone.aspect.LoggerAspect - Method name: com.capstone.controller.emiController
2022-10-12 11:24:29 [http-nio-8081-exec-9] INFO  com.capstone.aspect.LoggerAspect - Method arguments:[Ljava.lang.Object;@86e04e9
2022-10-12 11:24:29 [http-nio-8081-exec-9] INFO  com.capstone.aspect.LoggerAspect - *************************************
2022-10-12 11:24:29 [http-nio-8081-exec-9] INFO  com.capstone.aspect.LoggerAspect - Method name: com.capstone.service.emiServiceImp
2022-10-12 11:24:29 [http-nio-8081-exec-9] INFO  com.capstone.aspect.LoggerAspect - Method arguments:[Ljava.lang.Object;@753d1d3d
2022-10-12 11:24:29 [http-nio-8081-exec-9] INFO  com.capstone.aspect.LoggerAspect - *************************************
2022-10-12 11:24:29 [http-nio-8081-exec-9] INFO  com.capstone.aspect.LoggerAspect - During: class com.capstone.service.emiServiceImp.getEmiData() with arguments=null
2022-10-12 11:24:29 [http-nio-8081-exec-9] INFO  com.capstone.aspect.LoggerAspect - *************************************
2022-10-12 11:24:29 [http-nio-8081-exec-9] INFO  com.capstone.aspect.LoggerAspect - During: class com.capstone.controller.emiController.getemiofAccount() with arguments=<200 OK OK,[]>
2022-10-12 11:24:29 [http-nio-8081-exec-9] INFO  com.capstone.aspect.LoggerAspect - *************************************
2022-10-12 11:24:47 [http-nio-8081-exec-1] INFO  com.capstone.aspect.LoggerAspect - Method name: com.capstone.controller.emiController
2022-10-12 11:24:47 [http-nio-8081-exec-1] INFO  com.capstone.aspect.LoggerAspect - Method arguments:[Ljava.lang.Object;@61185048
2022-10-12 11:24:47 [http-nio-8081-exec-1] INFO  com.capstone.aspect.LoggerAspect - *************************************
2022-10-12 11:24:47 [http-nio-8081-exec-1] INFO  com.capstone.aspect.LoggerAspect - Method name: com.capstone.service.emiServiceImp
2022-10-12 11:24:47 [http-nio-8081-exec-1] INFO  com.capstone.aspect.LoggerAspect - Method arguments:[Ljava.lang.Object;@607772c8
2022-10-12 11:24:47 [http-nio-8081-exec-1] INFO  com.capstone.aspect.LoggerAspect - *************************************
2022-10-12 11:24:47 [http-nio-8081-exec-1] INFO  com.capstone.aspect.LoggerAspect - During: class com.capstone.service.emiServiceImp.getEmiData() with arguments=emi [s_no=7, loanaccno=202211033, loan_status=active, emi_amount=10271.0, upcomming_payment_date=2022-11-07, remaining_amount=350000.0]
2022-10-12 11:24:47 [http-nio-8081-exec-1] INFO  com.capstone.aspect.LoggerAspect - *************************************
2022-10-12 11:24:47 [http-nio-8081-exec-1] INFO  com.capstone.aspect.LoggerAspect - During: class com.capstone.controller.emiController.getemiofAccount() with arguments=<200 OK OK,emi [s_no=7, loanaccno=202211033, loan_status=active, emi_amount=10271.0, upcomming_payment_date=2022-11-07, remaining_amount=350000.0],[]>
2022-10-12 11:24:47 [http-nio-8081-exec-1] INFO  com.capstone.aspect.LoggerAspect - *************************************
2022-10-12 11:25:16 [AsyncResolver-bootstrap-executor-0] INFO  c.n.d.s.r.aws.ConfigClusterResolver - Resolving eureka endpoints via configuration
2022-10-12 11:25:18 [http-nio-8081-exec-3] INFO  com.capstone.aspect.LoggerAspect - Method name: com.capstone.controller.emiController
2022-10-12 11:25:18 [http-nio-8081-exec-3] INFO  com.capstone.aspect.LoggerAspect - Method arguments:[Ljava.lang.Object;@5a412efd
2022-10-12 11:25:18 [http-nio-8081-exec-3] INFO  com.capstone.aspect.LoggerAspect - *************************************
2022-10-12 11:25:18 [http-nio-8081-exec-3] INFO  com.capstone.aspect.LoggerAspect - Method name: com.capstone.service.emiServiceImp
2022-10-12 11:25:18 [http-nio-8081-exec-3] INFO  com.capstone.aspect.LoggerAspect - Method arguments:[Ljava.lang.Object;@3170b66b
2022-10-12 11:25:18 [http-nio-8081-exec-3] INFO  com.capstone.aspect.LoggerAspect - *************************************
2022-10-12 11:25:18 [http-nio-8081-exec-3] INFO  com.capstone.aspect.LoggerAspect - During: class com.capstone.service.emiServiceImp.getEmiData() with arguments=emi [s_no=7, loanaccno=202211033, loan_status=active, emi_amount=10271.0, upcomming_payment_date=2022-11-07, remaining_amount=350000.0]
2022-10-12 11:25:18 [http-nio-8081-exec-3] INFO  com.capstone.aspect.LoggerAspect - *************************************
2022-10-12 11:25:18 [http-nio-8081-exec-3] INFO  com.capstone.aspect.LoggerAspect - During: class com.capstone.controller.emiController.getemiofAccount() with arguments=<200 OK OK,emi [s_no=7, loanaccno=202211033, loan_status=active, emi_amount=10271.0, upcomming_payment_date=2022-11-07, remaining_amount=350000.0],[]>
2022-10-12 11:25:18 [http-nio-8081-exec-3] INFO  com.capstone.aspect.LoggerAspect - *************************************
2022-10-12 11:26:32 [http-nio-8081-exec-5] INFO  com.capstone.aspect.LoggerAspect - Method name: com.capstone.controller.emiController
2022-10-12 11:26:32 [http-nio-8081-exec-5] INFO  com.capstone.aspect.LoggerAspect - Method arguments:[Ljava.lang.Object;@29f7fd4e
2022-10-12 11:26:32 [http-nio-8081-exec-5] INFO  com.capstone.aspect.LoggerAspect - *************************************
2022-10-12 11:26:32 [http-nio-8081-exec-5] INFO  com.capstone.aspect.LoggerAspect - Method name: com.capstone.service.emiServiceImp
2022-10-12 11:26:32 [http-nio-8081-exec-5] INFO  com.capstone.aspect.LoggerAspect - Method arguments:[Ljava.lang.Object;@6947cd78
2022-10-12 11:26:32 [http-nio-8081-exec-5] INFO  com.capstone.aspect.LoggerAspect - *************************************
2022-10-12 11:26:32 [http-nio-8081-exec-5] INFO  com.capstone.aspect.LoggerAspect - During: class com.capstone.service.emiServiceImp.getEmiData() with arguments=emi [s_no=7, loanaccno=202211033, loan_status=active, emi_amount=10271.0, upcomming_payment_date=2022-11-07, remaining_amount=350000.0]
2022-10-12 11:26:32 [http-nio-8081-exec-5] INFO  com.capstone.aspect.LoggerAspect - *************************************
2022-10-12 11:26:32 [http-nio-8081-exec-5] INFO  com.capstone.aspect.LoggerAspect - During: class com.capstone.controller.emiController.getemiofAccount() with arguments=<200 OK OK,emi [s_no=7, loanaccno=202211033, loan_status=active, emi_amount=10271.0, upcomming_payment_date=2022-11-07, remaining_amount=350000.0],[]>
2022-10-12 11:26:32 [http-nio-8081-exec-5] INFO  com.capstone.aspect.LoggerAspect - *************************************
2022-10-12 11:26:44 [http-nio-8081-exec-7] INFO  com.capstone.aspect.LoggerAspect - Method name: com.capstone.controller.emiController
2022-10-12 11:26:44 [http-nio-8081-exec-7] INFO  com.capstone.aspect.LoggerAspect - Method arguments:[Ljava.lang.Object;@1d627c69
2022-10-12 11:26:44 [http-nio-8081-exec-7] INFO  com.capstone.aspect.LoggerAspect - *************************************
2022-10-12 11:26:44 [http-nio-8081-exec-7] INFO  com.capstone.aspect.LoggerAspect - Method name: com.capstone.service.emiServiceImp
2022-10-12 11:26:44 [http-nio-8081-exec-7] INFO  com.capstone.aspect.LoggerAspect - Method arguments:[Ljava.lang.Object;@6b3ca33d
2022-10-12 11:26:44 [http-nio-8081-exec-7] INFO  com.capstone.aspect.LoggerAspect - *************************************
2022-10-12 11:26:44 [http-nio-8081-exec-7] INFO  com.capstone.aspect.LoggerAspect - During: class com.capstone.service.emiServiceImp.getEmiData() with arguments=emi [s_no=7, loanaccno=202211033, loan_status=active, emi_amount=10271.0, upcomming_payment_date=2022-11-07, remaining_amount=350000.0]
2022-10-12 11:26:44 [http-nio-8081-exec-7] INFO  com.capstone.aspect.LoggerAspect - *************************************
2022-10-12 11:26:44 [http-nio-8081-exec-7] INFO  com.capstone.aspect.LoggerAspect - During: class com.capstone.controller.emiController.getemiofAccount() with arguments=<200 OK OK,emi [s_no=7, loanaccno=202211033, loan_status=active, emi_amount=10271.0, upcomming_payment_date=2022-11-07, remaining_amount=350000.0],[]>
2022-10-12 11:26:44 [http-nio-8081-exec-7] INFO  com.capstone.aspect.LoggerAspect - *************************************
2022-10-12 11:26:50 [http-nio-8081-exec-8] INFO  com.capstone.aspect.LoggerAspect - Method name: com.capstone.controller.emiController
2022-10-12 11:26:50 [http-nio-8081-exec-8] INFO  com.capstone.aspect.LoggerAspect - Method arguments:[Ljava.lang.Object;@ea41f03
2022-10-12 11:26:50 [http-nio-8081-exec-8] INFO  com.capstone.aspect.LoggerAspect - *************************************
2022-10-12 11:26:50 [http-nio-8081-exec-8] INFO  com.capstone.aspect.LoggerAspect - Method name: com.capstone.service.emiServiceImp
2022-10-12 11:26:50 [http-nio-8081-exec-8] INFO  com.capstone.aspect.LoggerAspect - Method arguments:[Ljava.lang.Object;@63f0a7
2022-10-12 11:26:50 [http-nio-8081-exec-8] INFO  com.capstone.aspect.LoggerAspect - *************************************
2022-10-12 11:26:50 [http-nio-8081-exec-8] INFO  com.capstone.aspect.LoggerAspect - During: class com.capstone.service.emiServiceImp.getEmiData() with arguments=emi [s_no=7, loanaccno=202211033, loan_status=active, emi_amount=10271.0, upcomming_payment_date=2022-11-07, remaining_amount=350000.0]
2022-10-12 11:26:50 [http-nio-8081-exec-8] INFO  com.capstone.aspect.LoggerAspect - *************************************
2022-10-12 11:26:50 [http-nio-8081-exec-8] INFO  com.capstone.aspect.LoggerAspect - During: class com.capstone.controller.emiController.getemiofAccount() with arguments=<200 OK OK,emi [s_no=7, loanaccno=202211033, loan_status=active, emi_amount=10271.0, upcomming_payment_date=2022-11-07, remaining_amount=350000.0],[]>
2022-10-12 11:26:50 [http-nio-8081-exec-8] INFO  com.capstone.aspect.LoggerAspect - *************************************
2022-10-12 11:26:56 [http-nio-8081-exec-10] INFO  com.capstone.aspect.LoggerAspect - Method name: com.capstone.controller.emiController
2022-10-12 11:26:56 [http-nio-8081-exec-10] INFO  com.capstone.aspect.LoggerAspect - Method arguments:[Ljava.lang.Object;@416be629
2022-10-12 11:26:56 [http-nio-8081-exec-10] INFO  com.capstone.aspect.LoggerAspect - *************************************
2022-10-12 11:26:56 [http-nio-8081-exec-10] INFO  com.capstone.aspect.LoggerAspect - Method name: com.capstone.service.emiServiceImp
2022-10-12 11:26:56 [http-nio-8081-exec-10] INFO  com.capstone.aspect.LoggerAspect - Method arguments:[Ljava.lang.Object;@4697060
2022-10-12 11:26:56 [http-nio-8081-exec-10] INFO  com.capstone.aspect.LoggerAspect - *************************************
2022-10-12 11:26:56 [http-nio-8081-exec-10] INFO  com.capstone.aspect.LoggerAspect - During: class com.capstone.service.emiServiceImp.getEmiData() with arguments=emi [s_no=7, loanaccno=202211033, loan_status=active, emi_amount=10271.0, upcomming_payment_date=2022-11-07, remaining_amount=350000.0]
2022-10-12 11:26:56 [http-nio-8081-exec-10] INFO  com.capstone.aspect.LoggerAspect - *************************************
2022-10-12 11:26:56 [http-nio-8081-exec-10] INFO  com.capstone.aspect.LoggerAspect - During: class com.capstone.controller.emiController.getemiofAccount() with arguments=<200 OK OK,emi [s_no=7, loanaccno=202211033, loan_status=active, emi_amount=10271.0, upcomming_payment_date=2022-11-07, remaining_amount=350000.0],[]>
2022-10-12 11:26:56 [http-nio-8081-exec-10] INFO  com.capstone.aspect.LoggerAspect - *************************************
2022-10-12 11:27:29 [http-nio-8081-exec-2] INFO  com.capstone.aspect.LoggerAspect - Method name: com.capstone.controller.emiController
2022-10-12 11:27:29 [http-nio-8081-exec-2] INFO  com.capstone.aspect.LoggerAspect - Method arguments:[Ljava.lang.Object;@2185a696
2022-10-12 11:27:29 [http-nio-8081-exec-2] INFO  com.capstone.aspect.LoggerAspect - *************************************
2022-10-12 11:27:29 [http-nio-8081-exec-2] INFO  com.capstone.aspect.LoggerAspect - Method name: com.capstone.service.emiServiceImp
2022-10-12 11:27:29 [http-nio-8081-exec-2] INFO  com.capstone.aspect.LoggerAspect - Method arguments:[Ljava.lang.Object;@2f425cd6
2022-10-12 11:27:29 [http-nio-8081-exec-2] INFO  com.capstone.aspect.LoggerAspect - *************************************
2022-10-12 11:27:29 [http-nio-8081-exec-2] INFO  com.capstone.aspect.LoggerAspect - During: class com.capstone.service.emiServiceImp.getEmiData() with arguments=emi [s_no=7, loanaccno=202211033, loan_status=active, emi_amount=10271.0, upcomming_payment_date=2022-11-07, remaining_amount=350000.0]
2022-10-12 11:27:29 [http-nio-8081-exec-2] INFO  com.capstone.aspect.LoggerAspect - *************************************
2022-10-12 11:27:29 [http-nio-8081-exec-2] INFO  com.capstone.aspect.LoggerAspect - During: class com.capstone.controller.emiController.getemiofAccount() with arguments=<200 OK OK,emi [s_no=7, loanaccno=202211033, loan_status=active, emi_amount=10271.0, upcomming_payment_date=2022-11-07, remaining_amount=350000.0],[]>
2022-10-12 11:27:29 [http-nio-8081-exec-2] INFO  com.capstone.aspect.LoggerAspect - *************************************
2022-10-12 11:27:44 [http-nio-8081-exec-4] INFO  com.capstone.aspect.LoggerAspect - Method name: com.capstone.controller.emiController
2022-10-12 11:27:44 [http-nio-8081-exec-4] INFO  com.capstone.aspect.LoggerAspect - Method arguments:[Ljava.lang.Object;@7cdb3cbb
2022-10-12 11:27:44 [http-nio-8081-exec-4] INFO  com.capstone.aspect.LoggerAspect - *************************************
2022-10-12 11:27:44 [http-nio-8081-exec-4] INFO  com.capstone.aspect.LoggerAspect - Method name: com.capstone.service.emiServiceImp
2022-10-12 11:27:44 [http-nio-8081-exec-4] INFO  com.capstone.aspect.LoggerAspect - Method arguments:[Ljava.lang.Object;@721ccd50
2022-10-12 11:27:44 [http-nio-8081-exec-4] INFO  com.capstone.aspect.LoggerAspect - *************************************
2022-10-12 11:27:44 [http-nio-8081-exec-4] INFO  com.capstone.aspect.LoggerAspect - During: class com.capstone.service.emiServiceImp.getEmiData() with arguments=emi [s_no=7, loanaccno=202211033, loan_status=active, emi_amount=10271.0, upcomming_payment_date=2022-11-07, remaining_amount=350000.0]
2022-10-12 11:27:44 [http-nio-8081-exec-4] INFO  com.capstone.aspect.LoggerAspect - *************************************
2022-10-12 11:27:44 [http-nio-8081-exec-4] INFO  com.capstone.aspect.LoggerAspect - During: class com.capstone.controller.emiController.getemiofAccount() with arguments=<200 OK OK,emi [s_no=7, loanaccno=202211033, loan_status=active, emi_amount=10271.0, upcomming_payment_date=2022-11-07, remaining_amount=350000.0],[]>
2022-10-12 11:27:44 [http-nio-8081-exec-4] INFO  com.capstone.aspect.LoggerAspect - *************************************
2022-10-12 11:27:52 [http-nio-8081-exec-6] INFO  com.capstone.aspect.LoggerAspect - Method name: com.capstone.controller.emiController
2022-10-12 11:27:52 [http-nio-8081-exec-6] INFO  com.capstone.aspect.LoggerAspect - Method arguments:[Ljava.lang.Object;@2187c517
2022-10-12 11:27:52 [http-nio-8081-exec-6] INFO  com.capstone.aspect.LoggerAspect - *************************************
2022-10-12 11:27:52 [http-nio-8081-exec-6] INFO  com.capstone.aspect.LoggerAspect - Method name: com.capstone.service.emiServiceImp
2022-10-12 11:27:52 [http-nio-8081-exec-6] INFO  com.capstone.aspect.LoggerAspect - Method arguments:[Ljava.lang.Object;@2f403f57
2022-10-12 11:27:52 [http-nio-8081-exec-6] INFO  com.capstone.aspect.LoggerAspect - *************************************
2022-10-12 11:27:52 [http-nio-8081-exec-6] INFO  com.capstone.aspect.LoggerAspect - During: class com.capstone.service.emiServiceImp.getEmiData() with arguments=emi [s_no=7, loanaccno=202211033, loan_status=active, emi_amount=10271.0, upcomming_payment_date=2022-11-07, remaining_amount=350000.0]
2022-10-12 11:27:52 [http-nio-8081-exec-6] INFO  com.capstone.aspect.LoggerAspect - *************************************
2022-10-12 11:27:52 [http-nio-8081-exec-6] INFO  com.capstone.aspect.LoggerAspect - During: class com.capstone.controller.emiController.getemiofAccount() with arguments=<200 OK OK,emi [s_no=7, loanaccno=202211033, loan_status=active, emi_amount=10271.0, upcomming_payment_date=2022-11-07, remaining_amount=350000.0],[]>
2022-10-12 11:27:52 [http-nio-8081-exec-6] INFO  com.capstone.aspect.LoggerAspect - *************************************
2022-10-12 11:27:57 [http-nio-8081-exec-7] INFO  com.capstone.aspect.LoggerAspect - Method name: com.capstone.controller.emiController
2022-10-12 11:27:57 [http-nio-8081-exec-7] INFO  com.capstone.aspect.LoggerAspect - Method arguments:[Ljava.lang.Object;@6e13e283
2022-10-12 11:27:57 [http-nio-8081-exec-7] INFO  com.capstone.aspect.LoggerAspect - *************************************
2022-10-12 11:27:57 [http-nio-8081-exec-7] INFO  com.capstone.aspect.LoggerAspect - Method name: com.capstone.service.emiServiceImp
2022-10-12 11:27:57 [http-nio-8081-exec-7] INFO  com.capstone.aspect.LoggerAspect - Method arguments:[Ljava.lang.Object;@2e2c3171
2022-10-12 11:27:57 [http-nio-8081-exec-7] INFO  com.capstone.aspect.LoggerAspect - *************************************
2022-10-12 11:27:57 [http-nio-8081-exec-7] INFO  com.capstone.aspect.LoggerAspect - During: class com.capstone.service.emiServiceImp.getEmiData() with arguments=emi [s_no=7, loanaccno=202211033, loan_status=active, emi_amount=10271.0, upcomming_payment_date=2022-11-07, remaining_amount=350000.0]
2022-10-12 11:27:57 [http-nio-8081-exec-7] INFO  com.capstone.aspect.LoggerAspect - *************************************
2022-10-12 11:27:57 [http-nio-8081-exec-7] INFO  com.capstone.aspect.LoggerAspect - During: class com.capstone.controller.emiController.getemiofAccount() with arguments=<200 OK OK,emi [s_no=7, loanaccno=202211033, loan_status=active, emi_amount=10271.0, upcomming_payment_date=2022-11-07, remaining_amount=350000.0],[]>
2022-10-12 11:27:57 [http-nio-8081-exec-7] INFO  com.capstone.aspect.LoggerAspect - *************************************
2022-10-12 11:28:01 [http-nio-8081-exec-9] INFO  com.capstone.aspect.LoggerAspect - Method name: com.capstone.controller.emiController
2022-10-12 11:28:01 [http-nio-8081-exec-9] INFO  com.capstone.aspect.LoggerAspect - Method arguments:[Ljava.lang.Object;@1169d86a
2022-10-12 11:28:01 [http-nio-8081-exec-9] INFO  com.capstone.aspect.LoggerAspect - *************************************
2022-10-12 11:28:01 [http-nio-8081-exec-9] INFO  com.capstone.aspect.LoggerAspect - Method name: com.capstone.service.emiServiceImp
2022-10-12 11:28:01 [http-nio-8081-exec-9] INFO  com.capstone.aspect.LoggerAspect - Method arguments:[Ljava.lang.Object;@371080ed
2022-10-12 11:28:01 [http-nio-8081-exec-9] INFO  com.capstone.aspect.LoggerAspect - *************************************
2022-10-12 11:28:01 [http-nio-8081-exec-9] INFO  com.capstone.aspect.LoggerAspect - During: class com.capstone.service.emiServiceImp.getEmiData() with arguments=emi [s_no=7, loanaccno=202211033, loan_status=active, emi_amount=10271.0, upcomming_payment_date=2022-11-07, remaining_amount=350000.0]
2022-10-12 11:28:01 [http-nio-8081-exec-9] INFO  com.capstone.aspect.LoggerAspect - *************************************
2022-10-12 11:28:01 [http-nio-8081-exec-9] INFO  com.capstone.aspect.LoggerAspect - During: class com.capstone.controller.emiController.getemiofAccount() with arguments=<200 OK OK,emi [s_no=7, loanaccno=202211033, loan_status=active, emi_amount=10271.0, upcomming_payment_date=2022-11-07, remaining_amount=350000.0],[]>
2022-10-12 11:28:01 [http-nio-8081-exec-9] INFO  com.capstone.aspect.LoggerAspect - *************************************
2022-10-12 11:28:08 [http-nio-8081-exec-1] INFO  com.capstone.aspect.LoggerAspect - Method name: com.capstone.controller.emiController
2022-10-12 11:28:08 [http-nio-8081-exec-1] INFO  com.capstone.aspect.LoggerAspect - Method arguments:[Ljava.lang.Object;@7b07d26c
2022-10-12 11:28:08 [http-nio-8081-exec-1] INFO  com.capstone.aspect.LoggerAspect - *************************************
2022-10-12 11:28:08 [http-nio-8081-exec-1] INFO  com.capstone.aspect.LoggerAspect - Method name: com.capstone.service.emiServiceImp
2022-10-12 11:28:08 [http-nio-8081-exec-1] INFO  com.capstone.aspect.LoggerAspect - Method arguments:[Ljava.lang.Object;@10228097
2022-10-12 11:28:08 [http-nio-8081-exec-1] INFO  com.capstone.aspect.LoggerAspect - *************************************
2022-10-12 11:28:08 [http-nio-8081-exec-1] INFO  com.capstone.aspect.LoggerAspect - During: class com.capstone.service.emiServiceImp.getEmiData() with arguments=emi [s_no=7, loanaccno=202211033, loan_status=active, emi_amount=10271.0, upcomming_payment_date=2022-11-07, remaining_amount=350000.0]
2022-10-12 11:28:08 [http-nio-8081-exec-1] INFO  com.capstone.aspect.LoggerAspect - *************************************
2022-10-12 11:28:08 [http-nio-8081-exec-1] INFO  com.capstone.aspect.LoggerAspect - During: class com.capstone.controller.emiController.getemiofAccount() with arguments=<200 OK OK,emi [s_no=7, loanaccno=202211033, loan_status=active, emi_amount=10271.0, upcomming_payment_date=2022-11-07, remaining_amount=350000.0],[]>
2022-10-12 11:28:08 [http-nio-8081-exec-1] INFO  com.capstone.aspect.LoggerAspect - *************************************
2022-10-12 11:30:12 [http-nio-8081-exec-3] INFO  com.capstone.aspect.LoggerAspect - Method name: com.capstone.controller.emiController
2022-10-12 11:30:12 [http-nio-8081-exec-3] INFO  com.capstone.aspect.LoggerAspect - Method arguments:[Ljava.lang.Object;@4b8de86d
2022-10-12 11:30:12 [http-nio-8081-exec-3] INFO  com.capstone.aspect.LoggerAspect - *************************************
2022-10-12 11:30:12 [http-nio-8081-exec-3] INFO  com.capstone.aspect.LoggerAspect - Method name: com.capstone.service.emiServiceImp
2022-10-12 11:30:12 [http-nio-8081-exec-3] INFO  com.capstone.aspect.LoggerAspect - Method arguments:[Ljava.lang.Object;@6dfb79bf
2022-10-12 11:30:12 [http-nio-8081-exec-3] INFO  com.capstone.aspect.LoggerAspect - *************************************
2022-10-12 11:30:12 [http-nio-8081-exec-3] INFO  com.capstone.aspect.LoggerAspect - During: class com.capstone.service.emiServiceImp.getEmiData() with arguments=emi [s_no=7, loanaccno=202211033, loan_status=active, emi_amount=10271.0, upcomming_payment_date=2022-11-07, remaining_amount=350000.0]
2022-10-12 11:30:12 [http-nio-8081-exec-3] INFO  com.capstone.aspect.LoggerAspect - *************************************
2022-10-12 11:30:12 [http-nio-8081-exec-3] INFO  com.capstone.aspect.LoggerAspect - During: class com.capstone.controller.emiController.getemiofAccount() with arguments=<200 OK OK,emi [s_no=7, loanaccno=202211033, loan_status=active, emi_amount=10271.0, upcomming_payment_date=2022-11-07, remaining_amount=350000.0],[]>
2022-10-12 11:30:12 [http-nio-8081-exec-3] INFO  com.capstone.aspect.LoggerAspect - *************************************
2022-10-12 11:30:16 [AsyncResolver-bootstrap-executor-0] INFO  c.n.d.s.r.aws.ConfigClusterResolver - Resolving eureka endpoints via configuration
2022-10-12 11:34:10 [http-nio-8081-exec-5] INFO  com.capstone.aspect.LoggerAspect - Method name: com.capstone.controller.emiController
2022-10-12 11:34:10 [http-nio-8081-exec-5] INFO  com.capstone.aspect.LoggerAspect - Method arguments:[Ljava.lang.Object;@4271f19a
2022-10-12 11:34:10 [http-nio-8081-exec-5] INFO  com.capstone.aspect.LoggerAspect - *************************************
2022-10-12 11:34:10 [http-nio-8081-exec-5] INFO  com.capstone.aspect.LoggerAspect - Method name: com.capstone.service.emiServiceImp
2022-10-12 11:34:10 [http-nio-8081-exec-5] INFO  com.capstone.aspect.LoggerAspect - Method arguments:[Ljava.lang.Object;@1f4c5664
2022-10-12 11:34:10 [http-nio-8081-exec-5] INFO  com.capstone.aspect.LoggerAspect - *************************************
2022-10-12 11:34:10 [http-nio-8081-exec-5] INFO  com.capstone.aspect.LoggerAspect - During: class com.capstone.service.emiServiceImp.getEmiData() with arguments=emi [s_no=7, loanaccno=202211033, loan_status=active, emi_amount=10271.0, upcomming_payment_date=2022-11-07, remaining_amount=350000.0]
2022-10-12 11:34:10 [http-nio-8081-exec-5] INFO  com.capstone.aspect.LoggerAspect - *************************************
2022-10-12 11:34:10 [http-nio-8081-exec-5] INFO  com.capstone.aspect.LoggerAspect - During: class com.capstone.controller.emiController.getemiofAccount() with arguments=<200 OK OK,emi [s_no=7, loanaccno=202211033, loan_status=active, emi_amount=10271.0, upcomming_payment_date=2022-11-07, remaining_amount=350000.0],[]>
2022-10-12 11:34:10 [http-nio-8081-exec-5] INFO  com.capstone.aspect.LoggerAspect - *************************************
2022-10-12 11:34:28 [http-nio-8081-exec-7] INFO  com.capstone.aspect.LoggerAspect - Method name: com.capstone.controller.emiController
2022-10-12 11:34:28 [http-nio-8081-exec-7] INFO  com.capstone.aspect.LoggerAspect - Method arguments:[Ljava.lang.Object;@1e2b9569
2022-10-12 11:34:28 [http-nio-8081-exec-7] INFO  com.capstone.aspect.LoggerAspect - *************************************
2022-10-12 11:34:28 [http-nio-8081-exec-7] INFO  com.capstone.aspect.LoggerAspect - Method name: com.capstone.service.emiServiceImp
2022-10-12 11:34:28 [http-nio-8081-exec-7] INFO  com.capstone.aspect.LoggerAspect - Method arguments:[Ljava.lang.Object;@72b6c372
2022-10-12 11:34:28 [http-nio-8081-exec-7] INFO  com.capstone.aspect.LoggerAspect - *************************************
2022-10-12 11:34:28 [http-nio-8081-exec-7] INFO  com.capstone.aspect.LoggerAspect - During: class com.capstone.service.emiServiceImp.getEmiData() with arguments=emi [s_no=7, loanaccno=202211033, loan_status=active, emi_amount=10271.0, upcomming_payment_date=2022-11-07, remaining_amount=350000.0]
2022-10-12 11:34:28 [http-nio-8081-exec-7] INFO  com.capstone.aspect.LoggerAspect - *************************************
2022-10-12 11:34:28 [http-nio-8081-exec-7] INFO  com.capstone.aspect.LoggerAspect - During: class com.capstone.controller.emiController.getemiofAccount() with arguments=<200 OK OK,emi [s_no=7, loanaccno=202211033, loan_status=active, emi_amount=10271.0, upcomming_payment_date=2022-11-07, remaining_amount=350000.0],[]>
2022-10-12 11:34:28 [http-nio-8081-exec-7] INFO  com.capstone.aspect.LoggerAspect - *************************************
2022-10-12 11:34:41 [http-nio-8081-exec-8] INFO  com.capstone.aspect.LoggerAspect - Method name: com.capstone.controller.emiController
2022-10-12 11:34:41 [http-nio-8081-exec-8] INFO  com.capstone.aspect.LoggerAspect - Method arguments:[Ljava.lang.Object;@174d97bc
2022-10-12 11:34:41 [http-nio-8081-exec-8] INFO  com.capstone.aspect.LoggerAspect - *************************************
2022-10-12 11:34:41 [http-nio-8081-exec-8] INFO  com.capstone.aspect.LoggerAspect - Method name: com.capstone.service.emiServiceImp
2022-10-12 11:34:41 [http-nio-8081-exec-8] INFO  com.capstone.aspect.LoggerAspect - Method arguments:[Ljava.lang.Object;@217105d3
2022-10-12 11:34:41 [http-nio-8081-exec-8] INFO  com.capstone.aspect.LoggerAspect - *************************************
2022-10-12 11:34:41 [http-nio-8081-exec-8] INFO  com.capstone.aspect.LoggerAspect - During: class com.capstone.service.emiServiceImp.getEmiData() with arguments=emi [s_no=7, loanaccno=202211033, loan_status=active, emi_amount=10271.0, upcomming_payment_date=2022-11-07, remaining_amount=350000.0]
2022-10-12 11:34:41 [http-nio-8081-exec-8] INFO  com.capstone.aspect.LoggerAspect - *************************************
2022-10-12 11:34:41 [http-nio-8081-exec-8] INFO  com.capstone.aspect.LoggerAspect - During: class com.capstone.controller.emiController.getemiofAccount() with arguments=<200 OK OK,emi [s_no=7, loanaccno=202211033, loan_status=active, emi_amount=10271.0, upcomming_payment_date=2022-11-07, remaining_amount=350000.0],[]>
2022-10-12 11:34:41 [http-nio-8081-exec-8] INFO  com.capstone.aspect.LoggerAspect - *************************************
2022-10-12 11:35:16 [AsyncResolver-bootstrap-executor-0] INFO  c.n.d.s.r.aws.ConfigClusterResolver - Resolving eureka endpoints via configuration
2022-10-12 11:36:39 [http-nio-8081-exec-10] INFO  com.capstone.aspect.LoggerAspect - Method name: com.capstone.controller.emiController
2022-10-12 11:36:39 [http-nio-8081-exec-10] INFO  com.capstone.aspect.LoggerAspect - Method arguments:[Ljava.lang.Object;@3067491c
2022-10-12 11:36:39 [http-nio-8081-exec-10] INFO  com.capstone.aspect.LoggerAspect - *************************************
2022-10-12 11:36:39 [http-nio-8081-exec-10] INFO  com.capstone.aspect.LoggerAspect - Method name: com.capstone.service.emiServiceImp
2022-10-12 11:36:39 [http-nio-8081-exec-10] INFO  com.capstone.aspect.LoggerAspect - Method arguments:[Ljava.lang.Object;@600897c8
2022-10-12 11:36:39 [http-nio-8081-exec-10] INFO  com.capstone.aspect.LoggerAspect - *************************************
2022-10-12 11:36:39 [http-nio-8081-exec-10] INFO  com.capstone.aspect.LoggerAspect - During: class com.capstone.service.emiServiceImp.getEmiData() with arguments=emi [s_no=7, loanaccno=202211033, loan_status=active, emi_amount=10271.0, upcomming_payment_date=2022-11-07, remaining_amount=350000.0]
2022-10-12 11:36:39 [http-nio-8081-exec-10] INFO  com.capstone.aspect.LoggerAspect - *************************************
2022-10-12 11:36:39 [http-nio-8081-exec-10] INFO  com.capstone.aspect.LoggerAspect - During: class com.capstone.controller.emiController.getemiofAccount() with arguments=<200 OK OK,emi [s_no=7, loanaccno=202211033, loan_status=active, emi_amount=10271.0, upcomming_payment_date=2022-11-07, remaining_amount=350000.0],[]>
2022-10-12 11:36:39 [http-nio-8081-exec-10] INFO  com.capstone.aspect.LoggerAspect - *************************************
2022-10-12 11:36:44 [http-nio-8081-exec-1] INFO  com.capstone.aspect.LoggerAspect - Method name: com.capstone.controller.emiController
2022-10-12 11:36:44 [http-nio-8081-exec-1] INFO  com.capstone.aspect.LoggerAspect - Method arguments:[Ljava.lang.Object;@7ae54f7f
2022-10-12 11:36:44 [http-nio-8081-exec-1] INFO  com.capstone.aspect.LoggerAspect - *************************************
2022-10-12 11:36:44 [http-nio-8081-exec-1] INFO  com.capstone.aspect.LoggerAspect - Method name: com.capstone.service.emiServiceImp
2022-10-12 11:36:44 [http-nio-8081-exec-1] INFO  com.capstone.aspect.LoggerAspect - Method arguments:[Ljava.lang.Object;@41f0e6ab
2022-10-12 11:36:44 [http-nio-8081-exec-1] INFO  com.capstone.aspect.LoggerAspect - *************************************
2022-10-12 11:36:44 [http-nio-8081-exec-1] INFO  com.capstone.aspect.LoggerAspect - During: class com.capstone.service.emiServiceImp.getEmiData() with arguments=emi [s_no=7, loanaccno=202211033, loan_status=active, emi_amount=10271.0, upcomming_payment_date=2022-11-07, remaining_amount=350000.0]
2022-10-12 11:36:44 [http-nio-8081-exec-1] INFO  com.capstone.aspect.LoggerAspect - *************************************
2022-10-12 11:36:44 [http-nio-8081-exec-1] INFO  com.capstone.aspect.LoggerAspect - During: class com.capstone.controller.emiController.getemiofAccount() with arguments=<200 OK OK,emi [s_no=7, loanaccno=202211033, loan_status=active, emi_amount=10271.0, upcomming_payment_date=2022-11-07, remaining_amount=350000.0],[]>
2022-10-12 11:36:44 [http-nio-8081-exec-1] INFO  com.capstone.aspect.LoggerAspect - *************************************
2022-10-12 11:37:25 [http-nio-8081-exec-3] INFO  com.capstone.aspect.LoggerAspect - Method name: com.capstone.controller.emiController
2022-10-12 11:37:25 [http-nio-8081-exec-3] INFO  com.capstone.aspect.LoggerAspect - Method arguments:[Ljava.lang.Object;@30f9cea
2022-10-12 11:37:25 [http-nio-8081-exec-3] INFO  com.capstone.aspect.LoggerAspect - *************************************
2022-10-12 11:37:25 [http-nio-8081-exec-3] INFO  com.capstone.aspect.LoggerAspect - Method name: com.capstone.service.emiServiceImp
2022-10-12 11:37:25 [http-nio-8081-exec-3] INFO  com.capstone.aspect.LoggerAspect - Method arguments:[Ljava.lang.Object;@3596d515
2022-10-12 11:37:25 [http-nio-8081-exec-3] INFO  com.capstone.aspect.LoggerAspect - *************************************
2022-10-12 11:37:25 [http-nio-8081-exec-3] INFO  com.capstone.aspect.LoggerAspect - During: class com.capstone.service.emiServiceImp.getEmiData() with arguments=emi [s_no=7, loanaccno=202211033, loan_status=active, emi_amount=10271.0, upcomming_payment_date=2022-11-07, remaining_amount=350000.0]
2022-10-12 11:37:25 [http-nio-8081-exec-3] INFO  com.capstone.aspect.LoggerAspect - *************************************
2022-10-12 11:37:25 [http-nio-8081-exec-3] INFO  com.capstone.aspect.LoggerAspect - During: class com.capstone.controller.emiController.getemiofAccount() with arguments=<200 OK OK,emi [s_no=7, loanaccno=202211033, loan_status=active, emi_amount=10271.0, upcomming_payment_date=2022-11-07, remaining_amount=350000.0],[]>
2022-10-12 11:37:25 [http-nio-8081-exec-3] INFO  com.capstone.aspect.LoggerAspect - *************************************
2022-10-12 11:38:13 [http-nio-8081-exec-5] INFO  com.capstone.aspect.LoggerAspect - Method name: com.capstone.controller.emiController
2022-10-12 11:38:13 [http-nio-8081-exec-5] INFO  com.capstone.aspect.LoggerAspect - Method arguments:[Ljava.lang.Object;@5fde6b68
2022-10-12 11:38:13 [http-nio-8081-exec-5] INFO  com.capstone.aspect.LoggerAspect - *************************************
2022-10-12 11:38:13 [http-nio-8081-exec-5] INFO  com.capstone.aspect.LoggerAspect - Method name: com.capstone.service.emiServiceImp
2022-10-12 11:38:13 [http-nio-8081-exec-5] INFO  com.capstone.aspect.LoggerAspect - Method arguments:[Ljava.lang.Object;@298f2775
2022-10-12 11:38:13 [http-nio-8081-exec-5] INFO  com.capstone.aspect.LoggerAspect - *************************************
2022-10-12 11:38:13 [http-nio-8081-exec-5] INFO  com.capstone.aspect.LoggerAspect - During: class com.capstone.service.emiServiceImp.getEmiData() with arguments=emi [s_no=7, loanaccno=202211033, loan_status=active, emi_amount=10271.0, upcomming_payment_date=2022-11-07, remaining_amount=350000.0]
2022-10-12 11:38:13 [http-nio-8081-exec-5] INFO  com.capstone.aspect.LoggerAspect - *************************************
2022-10-12 11:38:13 [http-nio-8081-exec-5] INFO  com.capstone.aspect.LoggerAspect - During: class com.capstone.controller.emiController.getemiofAccount() with arguments=<200 OK OK,emi [s_no=7, loanaccno=202211033, loan_status=active, emi_amount=10271.0, upcomming_payment_date=2022-11-07, remaining_amount=350000.0],[]>
2022-10-12 11:38:13 [http-nio-8081-exec-5] INFO  com.capstone.aspect.LoggerAspect - *************************************
2022-10-12 11:39:20 [http-nio-8081-exec-7] INFO  com.capstone.aspect.LoggerAspect - Method name: com.capstone.controller.emiController
2022-10-12 11:39:20 [http-nio-8081-exec-7] INFO  com.capstone.aspect.LoggerAspect - Method arguments:[Ljava.lang.Object;@7f29bee4
2022-10-12 11:39:20 [http-nio-8081-exec-7] INFO  com.capstone.aspect.LoggerAspect - *************************************
2022-10-12 11:39:20 [http-nio-8081-exec-7] INFO  com.capstone.aspect.LoggerAspect - Method name: com.capstone.service.emiServiceImp
2022-10-12 11:39:20 [http-nio-8081-exec-7] INFO  com.capstone.aspect.LoggerAspect - Method arguments:[Ljava.lang.Object;@6bfe6fda
2022-10-12 11:39:20 [http-nio-8081-exec-7] INFO  com.capstone.aspect.LoggerAspect - *************************************
2022-10-12 11:39:20 [http-nio-8081-exec-7] INFO  com.capstone.aspect.LoggerAspect - During: class com.capstone.service.emiServiceImp.getEmiData() with arguments=emi [s_no=7, loanaccno=202211033, loan_status=active, emi_amount=10271.0, upcomming_payment_date=2022-11-07, remaining_amount=350000.0]
2022-10-12 11:39:20 [http-nio-8081-exec-7] INFO  com.capstone.aspect.LoggerAspect - *************************************
2022-10-12 11:39:20 [http-nio-8081-exec-7] INFO  com.capstone.aspect.LoggerAspect - During: class com.capstone.controller.emiController.getemiofAccount() with arguments=<200 OK OK,emi [s_no=7, loanaccno=202211033, loan_status=active, emi_amount=10271.0, upcomming_payment_date=2022-11-07, remaining_amount=350000.0],[]>
2022-10-12 11:39:20 [http-nio-8081-exec-7] INFO  com.capstone.aspect.LoggerAspect - *************************************
2022-10-12 11:40:16 [AsyncResolver-bootstrap-executor-0] INFO  c.n.d.s.r.aws.ConfigClusterResolver - Resolving eureka endpoints via configuration
2022-10-12 11:40:27 [http-nio-8081-exec-9] INFO  com.capstone.aspect.LoggerAspect - Method name: com.capstone.controller.emiController
2022-10-12 11:40:27 [http-nio-8081-exec-9] INFO  com.capstone.aspect.LoggerAspect - Method arguments:[Ljava.lang.Object;@74c71acc
2022-10-12 11:40:27 [http-nio-8081-exec-9] INFO  com.capstone.aspect.LoggerAspect - *************************************
2022-10-12 11:40:27 [http-nio-8081-exec-9] INFO  com.capstone.aspect.LoggerAspect - Method name: com.capstone.service.emiServiceImp
2022-10-12 11:40:27 [http-nio-8081-exec-9] INFO  com.capstone.aspect.LoggerAspect - Method arguments:[Ljava.lang.Object;@716a502f
2022-10-12 11:40:27 [http-nio-8081-exec-9] INFO  com.capstone.aspect.LoggerAspect - *************************************
2022-10-12 11:40:27 [http-nio-8081-exec-9] INFO  com.capstone.aspect.LoggerAspect - During: class com.capstone.service.emiServiceImp.getEmiData() with arguments=emi [s_no=7, loanaccno=202211033, loan_status=active, emi_amount=10271.0, upcomming_payment_date=2022-11-07, remaining_amount=350000.0]
2022-10-12 11:40:27 [http-nio-8081-exec-9] INFO  com.capstone.aspect.LoggerAspect - *************************************
2022-10-12 11:40:27 [http-nio-8081-exec-9] INFO  com.capstone.aspect.LoggerAspect - During: class com.capstone.controller.emiController.getemiofAccount() with arguments=<200 OK OK,emi [s_no=7, loanaccno=202211033, loan_status=active, emi_amount=10271.0, upcomming_payment_date=2022-11-07, remaining_amount=350000.0],[]>
2022-10-12 11:40:27 [http-nio-8081-exec-9] INFO  com.capstone.aspect.LoggerAspect - *************************************
2022-10-12 11:40:36 [http-nio-8081-exec-10] INFO  com.capstone.aspect.LoggerAspect - Method name: com.capstone.controller.emiController
2022-10-12 11:40:36 [http-nio-8081-exec-10] INFO  com.capstone.aspect.LoggerAspect - Method arguments:[Ljava.lang.Object;@4e289a5d
2022-10-12 11:40:36 [http-nio-8081-exec-10] INFO  com.capstone.aspect.LoggerAspect - *************************************
2022-10-12 11:40:36 [http-nio-8081-exec-10] INFO  com.capstone.aspect.LoggerAspect - Method name: com.capstone.service.emiServiceImp
2022-10-12 11:40:36 [http-nio-8081-exec-10] INFO  com.capstone.aspect.LoggerAspect - Method arguments:[Ljava.lang.Object;@6876fae1
2022-10-12 11:40:36 [http-nio-8081-exec-10] INFO  com.capstone.aspect.LoggerAspect - *************************************
2022-10-12 11:40:36 [http-nio-8081-exec-10] INFO  com.capstone.aspect.LoggerAspect - During: class com.capstone.service.emiServiceImp.getEmiData() with arguments=emi [s_no=7, loanaccno=202211033, loan_status=active, emi_amount=10271.0, upcomming_payment_date=2022-11-07, remaining_amount=350000.0]
2022-10-12 11:40:36 [http-nio-8081-exec-10] INFO  com.capstone.aspect.LoggerAspect - *************************************
2022-10-12 11:40:36 [http-nio-8081-exec-10] INFO  com.capstone.aspect.LoggerAspect - During: class com.capstone.controller.emiController.getemiofAccount() with arguments=<200 OK OK,emi [s_no=7, loanaccno=202211033, loan_status=active, emi_amount=10271.0, upcomming_payment_date=2022-11-07, remaining_amount=350000.0],[]>
2022-10-12 11:40:36 [http-nio-8081-exec-10] INFO  com.capstone.aspect.LoggerAspect - *************************************
2022-10-12 11:40:46 [http-nio-8081-exec-2] INFO  com.capstone.aspect.LoggerAspect - Method name: com.capstone.controller.emiController
2022-10-12 11:40:46 [http-nio-8081-exec-2] INFO  com.capstone.aspect.LoggerAspect - Method arguments:[Ljava.lang.Object;@1a8c5c20
2022-10-12 11:40:46 [http-nio-8081-exec-2] INFO  com.capstone.aspect.LoggerAspect - *************************************
2022-10-12 11:40:46 [http-nio-8081-exec-2] INFO  com.capstone.aspect.LoggerAspect - Method name: com.capstone.service.emiServiceImp
2022-10-12 11:40:46 [http-nio-8081-exec-2] INFO  com.capstone.aspect.LoggerAspect - Method arguments:[Ljava.lang.Object;@e50a9a2
2022-10-12 11:40:46 [http-nio-8081-exec-2] INFO  com.capstone.aspect.LoggerAspect - *************************************
2022-10-12 11:40:46 [http-nio-8081-exec-2] INFO  com.capstone.aspect.LoggerAspect - During: class com.capstone.service.emiServiceImp.getEmiData() with arguments=emi [s_no=7, loanaccno=202211033, loan_status=active, emi_amount=10271.0, upcomming_payment_date=2022-11-07, remaining_amount=350000.0]
2022-10-12 11:40:46 [http-nio-8081-exec-2] INFO  com.capstone.aspect.LoggerAspect - *************************************
2022-10-12 11:40:46 [http-nio-8081-exec-2] INFO  com.capstone.aspect.LoggerAspect - During: class com.capstone.controller.emiController.getemiofAccount() with arguments=<200 OK OK,emi [s_no=7, loanaccno=202211033, loan_status=active, emi_amount=10271.0, upcomming_payment_date=2022-11-07, remaining_amount=350000.0],[]>
2022-10-12 11:40:46 [http-nio-8081-exec-2] INFO  com.capstone.aspect.LoggerAspect - *************************************
2022-10-12 11:40:50 [http-nio-8081-exec-3] INFO  com.capstone.aspect.LoggerAspect - Method name: com.capstone.controller.emiController
2022-10-12 11:40:50 [http-nio-8081-exec-3] INFO  com.capstone.aspect.LoggerAspect - Method arguments:[Ljava.lang.Object;@48eb137c
2022-10-12 11:40:50 [http-nio-8081-exec-3] INFO  com.capstone.aspect.LoggerAspect - *************************************
2022-10-12 11:40:50 [http-nio-8081-exec-3] INFO  com.capstone.aspect.LoggerAspect - Method name: com.capstone.service.emiServiceImp
2022-10-12 11:40:50 [http-nio-8081-exec-3] INFO  com.capstone.aspect.LoggerAspect - Method arguments:[Ljava.lang.Object;@b9a77fb
2022-10-12 11:40:50 [http-nio-8081-exec-3] INFO  com.capstone.aspect.LoggerAspect - *************************************
2022-10-12 11:40:50 [http-nio-8081-exec-3] INFO  com.capstone.aspect.LoggerAspect - During: class com.capstone.service.emiServiceImp.getEmiData() with arguments=emi [s_no=7, loanaccno=202211033, loan_status=active, emi_amount=10271.0, upcomming_payment_date=2022-11-07, remaining_amount=350000.0]
2022-10-12 11:40:50 [http-nio-8081-exec-3] INFO  com.capstone.aspect.LoggerAspect - *************************************
2022-10-12 11:40:50 [http-nio-8081-exec-3] INFO  com.capstone.aspect.LoggerAspect - During: class com.capstone.controller.emiController.getemiofAccount() with arguments=<200 OK OK,emi [s_no=7, loanaccno=202211033, loan_status=active, emi_amount=10271.0, upcomming_payment_date=2022-11-07, remaining_amount=350000.0],[]>
2022-10-12 11:40:50 [http-nio-8081-exec-3] INFO  com.capstone.aspect.LoggerAspect - *************************************
2022-10-12 11:40:55 [http-nio-8081-exec-5] INFO  com.capstone.aspect.LoggerAspect - Method name: com.capstone.controller.emiController
2022-10-12 11:40:55 [http-nio-8081-exec-5] INFO  com.capstone.aspect.LoggerAspect - Method arguments:[Ljava.lang.Object;@6d6d48dd
2022-10-12 11:40:55 [http-nio-8081-exec-5] INFO  com.capstone.aspect.LoggerAspect - *************************************
2022-10-12 11:40:55 [http-nio-8081-exec-5] INFO  com.capstone.aspect.LoggerAspect - Method name: com.capstone.service.emiServiceImp
2022-10-12 11:40:55 [http-nio-8081-exec-5] INFO  com.capstone.aspect.LoggerAspect - Method arguments:[Ljava.lang.Object;@2b2c53df
2022-10-12 11:40:55 [http-nio-8081-exec-5] INFO  com.capstone.aspect.LoggerAspect - *************************************
2022-10-12 11:40:55 [http-nio-8081-exec-5] INFO  com.capstone.aspect.LoggerAspect - During: class com.capstone.service.emiServiceImp.getEmiData() with arguments=emi [s_no=7, loanaccno=202211033, loan_status=active, emi_amount=10271.0, upcomming_payment_date=2022-11-07, remaining_amount=350000.0]
2022-10-12 11:40:55 [http-nio-8081-exec-5] INFO  com.capstone.aspect.LoggerAspect - *************************************
2022-10-12 11:40:55 [http-nio-8081-exec-5] INFO  com.capstone.aspect.LoggerAspect - During: class com.capstone.controller.emiController.getemiofAccount() with arguments=<200 OK OK,emi [s_no=7, loanaccno=202211033, loan_status=active, emi_amount=10271.0, upcomming_payment_date=2022-11-07, remaining_amount=350000.0],[]>
2022-10-12 11:40:55 [http-nio-8081-exec-5] INFO  com.capstone.aspect.LoggerAspect - *************************************
2022-10-12 11:41:47 [http-nio-8081-exec-7] INFO  com.capstone.aspect.LoggerAspect - Method name: com.capstone.controller.emiController
2022-10-12 11:41:47 [http-nio-8081-exec-7] INFO  com.capstone.aspect.LoggerAspect - Method arguments:[Ljava.lang.Object;@3cda2fba
2022-10-12 11:41:47 [http-nio-8081-exec-7] INFO  com.capstone.aspect.LoggerAspect - *************************************
2022-10-12 11:41:47 [http-nio-8081-exec-7] INFO  com.capstone.aspect.LoggerAspect - Method name: com.capstone.service.emiServiceImp
2022-10-12 11:41:47 [http-nio-8081-exec-7] INFO  com.capstone.aspect.LoggerAspect - Method arguments:[Ljava.lang.Object;@4ab2c7c5
2022-10-12 11:41:47 [http-nio-8081-exec-7] INFO  com.capstone.aspect.LoggerAspect - *************************************
2022-10-12 11:41:47 [http-nio-8081-exec-7] INFO  com.capstone.aspect.LoggerAspect - During: class com.capstone.service.emiServiceImp.getEmiData() with arguments=emi [s_no=7, loanaccno=202211033, loan_status=active, emi_amount=10271.0, upcomming_payment_date=2022-11-07, remaining_amount=350000.0]
2022-10-12 11:41:47 [http-nio-8081-exec-7] INFO  com.capstone.aspect.LoggerAspect - *************************************
2022-10-12 11:41:47 [http-nio-8081-exec-7] INFO  com.capstone.aspect.LoggerAspect - During: class com.capstone.controller.emiController.getemiofAccount() with arguments=<200 OK OK,emi [s_no=7, loanaccno=202211033, loan_status=active, emi_amount=10271.0, upcomming_payment_date=2022-11-07, remaining_amount=350000.0],[]>
2022-10-12 11:41:47 [http-nio-8081-exec-7] INFO  com.capstone.aspect.LoggerAspect - *************************************
2022-10-12 11:42:00 [http-nio-8081-exec-8] INFO  com.capstone.aspect.LoggerAspect - Method name: com.capstone.controller.emiController
2022-10-12 11:42:00 [http-nio-8081-exec-8] INFO  com.capstone.aspect.LoggerAspect - Method arguments:[Ljava.lang.Object;@58d3f4f2
2022-10-12 11:42:00 [http-nio-8081-exec-8] INFO  com.capstone.aspect.LoggerAspect - *************************************
2022-10-12 11:42:00 [http-nio-8081-exec-8] INFO  com.capstone.aspect.LoggerAspect - Method name: com.capstone.service.emiServiceImp
2022-10-12 11:42:00 [http-nio-8081-exec-8] INFO  com.capstone.aspect.LoggerAspect - Method arguments:[Ljava.lang.Object;@3be510a5
2022-10-12 11:42:00 [http-nio-8081-exec-8] INFO  com.capstone.aspect.LoggerAspect - *************************************
2022-10-12 11:42:00 [http-nio-8081-exec-8] INFO  com.capstone.aspect.LoggerAspect - During: class com.capstone.service.emiServiceImp.getEmiData() with arguments=emi [s_no=7, loanaccno=202211033, loan_status=active, emi_amount=10271.0, upcomming_payment_date=2022-11-07, remaining_amount=350000.0]
2022-10-12 11:42:00 [http-nio-8081-exec-8] INFO  com.capstone.aspect.LoggerAspect - *************************************
2022-10-12 11:42:00 [http-nio-8081-exec-8] INFO  com.capstone.aspect.LoggerAspect - During: class com.capstone.controller.emiController.getemiofAccount() with arguments=<200 OK OK,emi [s_no=7, loanaccno=202211033, loan_status=active, emi_amount=10271.0, upcomming_payment_date=2022-11-07, remaining_amount=350000.0],[]>
2022-10-12 11:42:00 [http-nio-8081-exec-8] INFO  com.capstone.aspect.LoggerAspect - *************************************
2022-10-12 11:42:03 [http-nio-8081-exec-9] INFO  com.capstone.aspect.LoggerAspect - Method name: com.capstone.controller.emiController
2022-10-12 11:42:03 [http-nio-8081-exec-9] INFO  com.capstone.aspect.LoggerAspect - Method arguments:[Ljava.lang.Object;@2cf7b58c
2022-10-12 11:42:03 [http-nio-8081-exec-9] INFO  com.capstone.aspect.LoggerAspect - *************************************
2022-10-12 11:42:03 [http-nio-8081-exec-9] INFO  com.capstone.aspect.LoggerAspect - Method name: com.capstone.service.emiServiceImp
2022-10-12 11:42:03 [http-nio-8081-exec-9] INFO  com.capstone.aspect.LoggerAspect - Method arguments:[Ljava.lang.Object;@18ce3be2
2022-10-12 11:42:03 [http-nio-8081-exec-9] INFO  com.capstone.aspect.LoggerAspect - *************************************
2022-10-12 11:42:03 [http-nio-8081-exec-9] INFO  com.capstone.aspect.LoggerAspect - During: class com.capstone.service.emiServiceImp.getEmiData() with arguments=emi [s_no=7, loanaccno=202211033, loan_status=active, emi_amount=10271.0, upcomming_payment_date=2022-11-07, remaining_amount=350000.0]
2022-10-12 11:42:03 [http-nio-8081-exec-9] INFO  com.capstone.aspect.LoggerAspect - *************************************
2022-10-12 11:42:03 [http-nio-8081-exec-9] INFO  com.capstone.aspect.LoggerAspect - During: class com.capstone.controller.emiController.getemiofAccount() with arguments=<200 OK OK,emi [s_no=7, loanaccno=202211033, loan_status=active, emi_amount=10271.0, upcomming_payment_date=2022-11-07, remaining_amount=350000.0],[]>
2022-10-12 11:42:03 [http-nio-8081-exec-9] INFO  com.capstone.aspect.LoggerAspect - *************************************
2022-10-12 11:42:17 [http-nio-8081-exec-10] INFO  com.capstone.aspect.LoggerAspect - Method name: com.capstone.controller.emiController
2022-10-12 11:42:17 [http-nio-8081-exec-10] INFO  com.capstone.aspect.LoggerAspect - Method arguments:[Ljava.lang.Object;@74444074
2022-10-12 11:42:17 [http-nio-8081-exec-10] INFO  com.capstone.aspect.LoggerAspect - *************************************
2022-10-12 11:42:17 [http-nio-8081-exec-10] INFO  com.capstone.aspect.LoggerAspect - Method name: com.capstone.service.emiServiceImp
2022-10-12 11:42:17 [http-nio-8081-exec-10] INFO  com.capstone.aspect.LoggerAspect - Method arguments:[Ljava.lang.Object;@46d449b8
2022-10-12 11:42:17 [http-nio-8081-exec-10] INFO  com.capstone.aspect.LoggerAspect - *************************************
2022-10-12 11:42:17 [http-nio-8081-exec-10] INFO  com.capstone.aspect.LoggerAspect - During: class com.capstone.service.emiServiceImp.getEmiData() with arguments=emi [s_no=7, loanaccno=202211033, loan_status=active, emi_amount=10271.0, upcomming_payment_date=2022-11-07, remaining_amount=350000.0]
2022-10-12 11:42:17 [http-nio-8081-exec-10] INFO  com.capstone.aspect.LoggerAspect - *************************************
2022-10-12 11:42:17 [http-nio-8081-exec-10] INFO  com.capstone.aspect.LoggerAspect - During: class com.capstone.controller.emiController.getemiofAccount() with arguments=<200 OK OK,emi [s_no=7, loanaccno=202211033, loan_status=active, emi_amount=10271.0, upcomming_payment_date=2022-11-07, remaining_amount=350000.0],[]>
2022-10-12 11:42:17 [http-nio-8081-exec-10] INFO  com.capstone.aspect.LoggerAspect - *************************************
2022-10-12 11:45:16 [AsyncResolver-bootstrap-executor-0] INFO  c.n.d.s.r.aws.ConfigClusterResolver - Resolving eureka endpoints via configuration
2022-10-12 11:48:21 [http-nio-8081-exec-2] INFO  com.capstone.aspect.LoggerAspect - Method name: com.capstone.controller.emiController
2022-10-12 11:48:21 [http-nio-8081-exec-2] INFO  com.capstone.aspect.LoggerAspect - Method arguments:[Ljava.lang.Object;@66691a7d
2022-10-12 11:48:21 [http-nio-8081-exec-2] INFO  com.capstone.aspect.LoggerAspect - *************************************
2022-10-12 11:48:21 [http-nio-8081-exec-2] INFO  com.capstone.aspect.LoggerAspect - Method name: com.capstone.service.emiServiceImp
2022-10-12 11:48:21 [http-nio-8081-exec-2] INFO  com.capstone.aspect.LoggerAspect - Method arguments:[Ljava.lang.Object;@752efba7
2022-10-12 11:48:21 [http-nio-8081-exec-2] INFO  com.capstone.aspect.LoggerAspect - *************************************
2022-10-12 11:48:21 [http-nio-8081-exec-2] INFO  com.capstone.aspect.LoggerAspect - During: class com.capstone.service.emiServiceImp.getEmiData() with arguments=emi [s_no=7, loanaccno=202211033, loan_status=active, emi_amount=10271.0, upcomming_payment_date=2022-11-07, remaining_amount=350000.0]
2022-10-12 11:48:21 [http-nio-8081-exec-2] INFO  com.capstone.aspect.LoggerAspect - *************************************
2022-10-12 11:48:21 [http-nio-8081-exec-2] INFO  com.capstone.aspect.LoggerAspect - During: class com.capstone.controller.emiController.getemiofAccount() with arguments=<200 OK OK,emi [s_no=7, loanaccno=202211033, loan_status=active, emi_amount=10271.0, upcomming_payment_date=2022-11-07, remaining_amount=350000.0],[]>
2022-10-12 11:48:21 [http-nio-8081-exec-2] INFO  com.capstone.aspect.LoggerAspect - *************************************
2022-10-12 11:50:17 [AsyncResolver-bootstrap-executor-0] INFO  c.n.d.s.r.aws.ConfigClusterResolver - Resolving eureka endpoints via configuration
2022-10-12 11:50:38 [http-nio-8081-exec-4] INFO  com.capstone.aspect.LoggerAspect - Method name: com.capstone.controller.emiController
2022-10-12 11:50:38 [http-nio-8081-exec-4] INFO  com.capstone.aspect.LoggerAspect - Method arguments:[Ljava.lang.Object;@6ea9a005
2022-10-12 11:50:38 [http-nio-8081-exec-4] INFO  com.capstone.aspect.LoggerAspect - *************************************
2022-10-12 11:50:38 [http-nio-8081-exec-4] INFO  com.capstone.aspect.LoggerAspect - Method name: com.capstone.service.emiServiceImp
2022-10-12 11:50:38 [http-nio-8081-exec-4] INFO  com.capstone.aspect.LoggerAspect - Method arguments:[Ljava.lang.Object;@530e3824
2022-10-12 11:50:38 [http-nio-8081-exec-4] INFO  com.capstone.aspect.LoggerAspect - *************************************
2022-10-12 11:50:38 [http-nio-8081-exec-4] INFO  com.capstone.aspect.LoggerAspect - During: class com.capstone.service.emiServiceImp.getEmiData() with arguments=emi [s_no=7, loanaccno=202211033, loan_status=active, emi_amount=10271.0, upcomming_payment_date=2022-11-07, remaining_amount=350000.0]
2022-10-12 11:50:38 [http-nio-8081-exec-4] INFO  com.capstone.aspect.LoggerAspect - *************************************
2022-10-12 11:50:38 [http-nio-8081-exec-4] INFO  com.capstone.aspect.LoggerAspect - During: class com.capstone.controller.emiController.getemiofAccount() with arguments=<200 OK OK,emi [s_no=7, loanaccno=202211033, loan_status=active, emi_amount=10271.0, upcomming_payment_date=2022-11-07, remaining_amount=350000.0],[]>
2022-10-12 11:50:38 [http-nio-8081-exec-4] INFO  com.capstone.aspect.LoggerAspect - *************************************
2022-10-12 11:50:55 [http-nio-8081-exec-6] INFO  com.capstone.aspect.LoggerAspect - Method name: com.capstone.controller.emiController
2022-10-12 11:50:55 [http-nio-8081-exec-6] INFO  com.capstone.aspect.LoggerAspect - Method arguments:[Ljava.lang.Object;@983482a
2022-10-12 11:50:55 [http-nio-8081-exec-6] INFO  com.capstone.aspect.LoggerAspect - *************************************
2022-10-12 11:50:55 [http-nio-8081-exec-6] INFO  com.capstone.aspect.LoggerAspect - Method name: com.capstone.service.emiServiceImp
2022-10-12 11:50:55 [http-nio-8081-exec-6] INFO  com.capstone.aspect.LoggerAspect - Method arguments:[Ljava.lang.Object;@e52ca23
2022-10-12 11:50:55 [http-nio-8081-exec-6] INFO  com.capstone.aspect.LoggerAspect - *************************************
2022-10-12 11:50:55 [http-nio-8081-exec-6] INFO  com.capstone.aspect.LoggerAspect - During: class com.capstone.service.emiServiceImp.getEmiData() with arguments=emi [s_no=7, loanaccno=202211033, loan_status=active, emi_amount=10271.0, upcomming_payment_date=2022-11-07, remaining_amount=350000.0]
2022-10-12 11:50:55 [http-nio-8081-exec-6] INFO  com.capstone.aspect.LoggerAspect - *************************************
2022-10-12 11:50:55 [http-nio-8081-exec-6] INFO  com.capstone.aspect.LoggerAspect - During: class com.capstone.controller.emiController.getemiofAccount() with arguments=<200 OK OK,emi [s_no=7, loanaccno=202211033, loan_status=active, emi_amount=10271.0, upcomming_payment_date=2022-11-07, remaining_amount=350000.0],[]>
2022-10-12 11:50:55 [http-nio-8081-exec-6] INFO  com.capstone.aspect.LoggerAspect - *************************************
2022-10-12 11:54:21 [http-nio-8081-exec-8] INFO  com.capstone.aspect.LoggerAspect - Method name: com.capstone.controller.emiController
2022-10-12 11:54:21 [http-nio-8081-exec-8] INFO  com.capstone.aspect.LoggerAspect - Method arguments:[Ljava.lang.Object;@3ef725d9
2022-10-12 11:54:21 [http-nio-8081-exec-8] INFO  com.capstone.aspect.LoggerAspect - *************************************
2022-10-12 11:54:21 [http-nio-8081-exec-8] INFO  com.capstone.aspect.LoggerAspect - Method name: com.capstone.service.emiServiceImp
2022-10-12 11:54:21 [http-nio-8081-exec-8] INFO  com.capstone.aspect.LoggerAspect - Method arguments:[Ljava.lang.Object;@e0deb97
2022-10-12 11:54:21 [http-nio-8081-exec-8] INFO  com.capstone.aspect.LoggerAspect - *************************************
2022-10-12 11:54:21 [http-nio-8081-exec-8] INFO  com.capstone.aspect.LoggerAspect - During: class com.capstone.service.emiServiceImp.getEmiData() with arguments=emi [s_no=7, loanaccno=202211033, loan_status=active, emi_amount=10271.0, upcomming_payment_date=2022-11-07, remaining_amount=350000.0]
2022-10-12 11:54:21 [http-nio-8081-exec-8] INFO  com.capstone.aspect.LoggerAspect - *************************************
2022-10-12 11:54:21 [http-nio-8081-exec-8] INFO  com.capstone.aspect.LoggerAspect - During: class com.capstone.controller.emiController.getemiofAccount() with arguments=<200 OK OK,emi [s_no=7, loanaccno=202211033, loan_status=active, emi_amount=10271.0, upcomming_payment_date=2022-11-07, remaining_amount=350000.0],[]>
2022-10-12 11:54:21 [http-nio-8081-exec-8] INFO  com.capstone.aspect.LoggerAspect - *************************************
2022-10-12 11:54:35 [http-nio-8081-exec-10] INFO  com.capstone.aspect.LoggerAspect - Method name: com.capstone.controller.emiController
2022-10-12 11:54:35 [http-nio-8081-exec-10] INFO  com.capstone.aspect.LoggerAspect - Method arguments:[Ljava.lang.Object;@3064b78
2022-10-12 11:54:35 [http-nio-8081-exec-10] INFO  com.capstone.aspect.LoggerAspect - *************************************
2022-10-12 11:54:35 [http-nio-8081-exec-10] INFO  com.capstone.aspect.LoggerAspect - Method name: com.capstone.service.emiServiceImp
2022-10-12 11:54:35 [http-nio-8081-exec-10] INFO  com.capstone.aspect.LoggerAspect - Method arguments:[Ljava.lang.Object;@38507abf
2022-10-12 11:54:35 [http-nio-8081-exec-10] INFO  com.capstone.aspect.LoggerAspect - *************************************
2022-10-12 11:54:35 [http-nio-8081-exec-10] INFO  com.capstone.aspect.LoggerAspect - During: class com.capstone.service.emiServiceImp.getEmiData() with arguments=emi [s_no=7, loanaccno=202211033, loan_status=active, emi_amount=10271.0, upcomming_payment_date=2022-11-07, remaining_amount=350000.0]
2022-10-12 11:54:35 [http-nio-8081-exec-10] INFO  com.capstone.aspect.LoggerAspect - *************************************
2022-10-12 11:54:35 [http-nio-8081-exec-10] INFO  com.capstone.aspect.LoggerAspect - During: class com.capstone.controller.emiController.getemiofAccount() with arguments=<200 OK OK,emi [s_no=7, loanaccno=202211033, loan_status=active, emi_amount=10271.0, upcomming_payment_date=2022-11-07, remaining_amount=350000.0],[]>
2022-10-12 11:54:35 [http-nio-8081-exec-10] INFO  com.capstone.aspect.LoggerAspect - *************************************
2022-10-12 11:55:17 [AsyncResolver-bootstrap-executor-0] INFO  c.n.d.s.r.aws.ConfigClusterResolver - Resolving eureka endpoints via configuration
2022-10-12 11:55:42 [http-nio-8081-exec-2] INFO  com.capstone.aspect.LoggerAspect - Method name: com.capstone.controller.emiController
2022-10-12 11:55:42 [http-nio-8081-exec-2] INFO  com.capstone.aspect.LoggerAspect - Method arguments:[Ljava.lang.Object;@2d1f9fb3
2022-10-12 11:55:42 [http-nio-8081-exec-2] INFO  com.capstone.aspect.LoggerAspect - *************************************
2022-10-12 11:55:42 [http-nio-8081-exec-2] INFO  com.capstone.aspect.LoggerAspect - Method name: com.capstone.service.emiServiceImp
2022-10-12 11:55:42 [http-nio-8081-exec-2] INFO  com.capstone.aspect.LoggerAspect - Method arguments:[Ljava.lang.Object;@5bcfb42f
2022-10-12 11:55:42 [http-nio-8081-exec-2] INFO  com.capstone.aspect.LoggerAspect - *************************************
2022-10-12 11:55:42 [http-nio-8081-exec-2] INFO  com.capstone.aspect.LoggerAspect - During: class com.capstone.service.emiServiceImp.getEmiData() with arguments=emi [s_no=7, loanaccno=202211033, loan_status=active, emi_amount=10271.0, upcomming_payment_date=2022-11-07, remaining_amount=350000.0]
2022-10-12 11:55:42 [http-nio-8081-exec-2] INFO  com.capstone.aspect.LoggerAspect - *************************************
2022-10-12 11:55:42 [http-nio-8081-exec-2] INFO  com.capstone.aspect.LoggerAspect - During: class com.capstone.controller.emiController.getemiofAccount() with arguments=<200 OK OK,emi [s_no=7, loanaccno=202211033, loan_status=active, emi_amount=10271.0, upcomming_payment_date=2022-11-07, remaining_amount=350000.0],[]>
2022-10-12 11:55:42 [http-nio-8081-exec-2] INFO  com.capstone.aspect.LoggerAspect - *************************************
2022-10-12 11:55:46 [http-nio-8081-exec-4] INFO  com.capstone.aspect.LoggerAspect - Method name: com.capstone.controller.emiController
2022-10-12 11:55:46 [http-nio-8081-exec-4] INFO  com.capstone.aspect.LoggerAspect - Method arguments:[Ljava.lang.Object;@73504c
2022-10-12 11:55:46 [http-nio-8081-exec-4] INFO  com.capstone.aspect.LoggerAspect - *************************************
2022-10-12 11:55:46 [http-nio-8081-exec-4] INFO  com.capstone.aspect.LoggerAspect - Method name: com.capstone.service.emiServiceImp
2022-10-12 11:55:46 [http-nio-8081-exec-4] INFO  com.capstone.aspect.LoggerAspect - Method arguments:[Ljava.lang.Object;@699720fc
2022-10-12 11:55:46 [http-nio-8081-exec-4] INFO  com.capstone.aspect.LoggerAspect - *************************************
2022-10-12 11:55:46 [http-nio-8081-exec-4] INFO  com.capstone.aspect.LoggerAspect - During: class com.capstone.service.emiServiceImp.getEmiData() with arguments=emi [s_no=7, loanaccno=202211033, loan_status=active, emi_amount=10271.0, upcomming_payment_date=2022-11-07, remaining_amount=350000.0]
2022-10-12 11:55:46 [http-nio-8081-exec-4] INFO  com.capstone.aspect.LoggerAspect - *************************************
2022-10-12 11:55:46 [http-nio-8081-exec-4] INFO  com.capstone.aspect.LoggerAspect - During: class com.capstone.controller.emiController.getemiofAccount() with arguments=<200 OK OK,emi [s_no=7, loanaccno=202211033, loan_status=active, emi_amount=10271.0, upcomming_payment_date=2022-11-07, remaining_amount=350000.0],[]>
2022-10-12 11:55:46 [http-nio-8081-exec-4] INFO  com.capstone.aspect.LoggerAspect - *************************************
2022-10-12 11:56:12 [http-nio-8081-exec-6] INFO  com.capstone.aspect.LoggerAspect - Method name: com.capstone.controller.emiController
2022-10-12 11:56:12 [http-nio-8081-exec-6] INFO  com.capstone.aspect.LoggerAspect - Method arguments:[Ljava.lang.Object;@21f490eb
2022-10-12 11:56:12 [http-nio-8081-exec-6] INFO  com.capstone.aspect.LoggerAspect - *************************************
2022-10-12 11:56:12 [http-nio-8081-exec-6] INFO  com.capstone.aspect.LoggerAspect - Method name: com.capstone.service.emiServiceImp
2022-10-12 11:56:12 [http-nio-8081-exec-6] INFO  com.capstone.aspect.LoggerAspect - Method arguments:[Ljava.lang.Object;@15dd2895
2022-10-12 11:56:12 [http-nio-8081-exec-6] INFO  com.capstone.aspect.LoggerAspect - *************************************
2022-10-12 11:56:12 [http-nio-8081-exec-6] INFO  com.capstone.aspect.LoggerAspect - During: class com.capstone.service.emiServiceImp.getEmiData() with arguments=emi [s_no=7, loanaccno=202211033, loan_status=active, emi_amount=10271.0, upcomming_payment_date=2022-11-07, remaining_amount=350000.0]
2022-10-12 11:56:12 [http-nio-8081-exec-6] INFO  com.capstone.aspect.LoggerAspect - *************************************
2022-10-12 11:56:12 [http-nio-8081-exec-6] INFO  com.capstone.aspect.LoggerAspect - During: class com.capstone.controller.emiController.getemiofAccount() with arguments=<200 OK OK,emi [s_no=7, loanaccno=202211033, loan_status=active, emi_amount=10271.0, upcomming_payment_date=2022-11-07, remaining_amount=350000.0],[]>
2022-10-12 11:56:12 [http-nio-8081-exec-6] INFO  com.capstone.aspect.LoggerAspect - *************************************
2022-10-12 11:56:22 [http-nio-8081-exec-8] INFO  com.capstone.aspect.LoggerAspect - Method name: com.capstone.controller.emiController
2022-10-12 11:56:22 [http-nio-8081-exec-8] INFO  com.capstone.aspect.LoggerAspect - Method arguments:[Ljava.lang.Object;@581f287a
2022-10-12 11:56:22 [http-nio-8081-exec-8] INFO  com.capstone.aspect.LoggerAspect - *************************************
2022-10-12 11:56:22 [http-nio-8081-exec-8] INFO  com.capstone.aspect.LoggerAspect - Method name: com.capstone.service.emiServiceImp
2022-10-12 11:56:22 [http-nio-8081-exec-8] INFO  com.capstone.aspect.LoggerAspect - Method arguments:[Ljava.lang.Object;@5eb91d73
2022-10-12 11:56:22 [http-nio-8081-exec-8] INFO  com.capstone.aspect.LoggerAspect - *************************************
2022-10-12 11:56:22 [http-nio-8081-exec-8] INFO  com.capstone.aspect.LoggerAspect - During: class com.capstone.service.emiServiceImp.getEmiData() with arguments=emi [s_no=7, loanaccno=202211033, loan_status=active, emi_amount=10271.0, upcomming_payment_date=2022-11-07, remaining_amount=350000.0]
2022-10-12 11:56:22 [http-nio-8081-exec-8] INFO  com.capstone.aspect.LoggerAspect - *************************************
2022-10-12 11:56:22 [http-nio-8081-exec-8] INFO  com.capstone.aspect.LoggerAspect - During: class com.capstone.controller.emiController.getemiofAccount() with arguments=<200 OK OK,emi [s_no=7, loanaccno=202211033, loan_status=active, emi_amount=10271.0, upcomming_payment_date=2022-11-07, remaining_amount=350000.0],[]>
2022-10-12 11:56:22 [http-nio-8081-exec-8] INFO  com.capstone.aspect.LoggerAspect - *************************************
2022-10-12 11:56:48 [http-nio-8081-exec-10] INFO  com.capstone.aspect.LoggerAspect - Method name: com.capstone.controller.emiController
2022-10-12 11:56:48 [http-nio-8081-exec-10] INFO  com.capstone.aspect.LoggerAspect - Method arguments:[Ljava.lang.Object;@3893da5c
2022-10-12 11:56:48 [http-nio-8081-exec-10] INFO  com.capstone.aspect.LoggerAspect - *************************************
2022-10-12 11:56:48 [http-nio-8081-exec-10] INFO  com.capstone.aspect.LoggerAspect - Method name: com.capstone.service.emiServiceImp
2022-10-12 11:56:48 [http-nio-8081-exec-10] INFO  com.capstone.aspect.LoggerAspect - Method arguments:[Ljava.lang.Object;@6356eb9d
2022-10-12 11:56:48 [http-nio-8081-exec-10] INFO  com.capstone.aspect.LoggerAspect - *************************************
2022-10-12 11:56:48 [http-nio-8081-exec-10] INFO  com.capstone.aspect.LoggerAspect - During: class com.capstone.service.emiServiceImp.getEmiData() with arguments=emi [s_no=7, loanaccno=202211033, loan_status=active, emi_amount=10271.0, upcomming_payment_date=2022-11-07, remaining_amount=350000.0]
2022-10-12 11:56:48 [http-nio-8081-exec-10] INFO  com.capstone.aspect.LoggerAspect - *************************************
2022-10-12 11:56:48 [http-nio-8081-exec-10] INFO  com.capstone.aspect.LoggerAspect - During: class com.capstone.controller.emiController.getemiofAccount() with arguments=<200 OK OK,emi [s_no=7, loanaccno=202211033, loan_status=active, emi_amount=10271.0, upcomming_payment_date=2022-11-07, remaining_amount=350000.0],[]>
2022-10-12 11:56:48 [http-nio-8081-exec-10] INFO  com.capstone.aspect.LoggerAspect - *************************************
2022-10-12 11:58:05 [http-nio-8081-exec-2] INFO  com.capstone.aspect.LoggerAspect - Method name: com.capstone.controller.emiController
2022-10-12 11:58:05 [http-nio-8081-exec-2] INFO  com.capstone.aspect.LoggerAspect - Method arguments:[Ljava.lang.Object;@46d902dd
2022-10-12 11:58:05 [http-nio-8081-exec-2] INFO  com.capstone.aspect.LoggerAspect - *************************************
2022-10-12 11:58:05 [http-nio-8081-exec-2] INFO  com.capstone.aspect.LoggerAspect - Method name: com.capstone.service.emiServiceImp
2022-10-12 11:58:05 [http-nio-8081-exec-2] INFO  com.capstone.aspect.LoggerAspect - Method arguments:[Ljava.lang.Object;@ac205c7
2022-10-12 11:58:05 [http-nio-8081-exec-2] INFO  com.capstone.aspect.LoggerAspect - *************************************
2022-10-12 11:58:05 [http-nio-8081-exec-2] INFO  com.capstone.aspect.LoggerAspect - During: class com.capstone.service.emiServiceImp.getEmiData() with arguments=emi [s_no=7, loanaccno=202211033, loan_status=active, emi_amount=10271.0, upcomming_payment_date=2022-11-07, remaining_amount=350000.0]
2022-10-12 11:58:05 [http-nio-8081-exec-2] INFO  com.capstone.aspect.LoggerAspect - *************************************
2022-10-12 11:58:05 [http-nio-8081-exec-2] INFO  com.capstone.aspect.LoggerAspect - During: class com.capstone.controller.emiController.getemiofAccount() with arguments=<200 OK OK,emi [s_no=7, loanaccno=202211033, loan_status=active, emi_amount=10271.0, upcomming_payment_date=2022-11-07, remaining_amount=350000.0],[]>
2022-10-12 11:58:05 [http-nio-8081-exec-2] INFO  com.capstone.aspect.LoggerAspect - *************************************
2022-10-12 11:59:35 [http-nio-8081-exec-4] INFO  com.capstone.aspect.LoggerAspect - Method name: com.capstone.controller.emiController
2022-10-12 11:59:35 [http-nio-8081-exec-4] INFO  com.capstone.aspect.LoggerAspect - Method arguments:[Ljava.lang.Object;@128b850f
2022-10-12 11:59:35 [http-nio-8081-exec-4] INFO  com.capstone.aspect.LoggerAspect - *************************************
2022-10-12 11:59:35 [http-nio-8081-exec-4] INFO  com.capstone.aspect.LoggerAspect - Method name: com.capstone.service.emiServiceImp
2022-10-12 11:59:35 [http-nio-8081-exec-4] INFO  com.capstone.aspect.LoggerAspect - Method arguments:[Ljava.lang.Object;@67989231
2022-10-12 11:59:35 [http-nio-8081-exec-4] INFO  com.capstone.aspect.LoggerAspect - *************************************
2022-10-12 11:59:35 [http-nio-8081-exec-4] INFO  com.capstone.aspect.LoggerAspect - During: class com.capstone.service.emiServiceImp.getEmiData() with arguments=emi [s_no=7, loanaccno=202211033, loan_status=active, emi_amount=10271.0, upcomming_payment_date=2022-11-07, remaining_amount=350000.0]
2022-10-12 11:59:35 [http-nio-8081-exec-4] INFO  com.capstone.aspect.LoggerAspect - *************************************
2022-10-12 11:59:35 [http-nio-8081-exec-4] INFO  com.capstone.aspect.LoggerAspect - During: class com.capstone.controller.emiController.getemiofAccount() with arguments=<200 OK OK,emi [s_no=7, loanaccno=202211033, loan_status=active, emi_amount=10271.0, upcomming_payment_date=2022-11-07, remaining_amount=350000.0],[]>
2022-10-12 11:59:35 [http-nio-8081-exec-4] INFO  com.capstone.aspect.LoggerAspect - *************************************
2022-10-12 12:00:17 [AsyncResolver-bootstrap-executor-0] INFO  c.n.d.s.r.aws.ConfigClusterResolver - Resolving eureka endpoints via configuration
2022-10-12 12:05:17 [AsyncResolver-bootstrap-executor-0] INFO  c.n.d.s.r.aws.ConfigClusterResolver - Resolving eureka endpoints via configuration
2022-10-12 12:10:17 [AsyncResolver-bootstrap-executor-0] INFO  c.n.d.s.r.aws.ConfigClusterResolver - Resolving eureka endpoints via configuration
2022-10-12 12:13:35 [http-nio-8081-exec-6] INFO  com.capstone.aspect.LoggerAspect - Method name: com.capstone.controller.emiController
2022-10-12 12:13:35 [http-nio-8081-exec-6] INFO  com.capstone.aspect.LoggerAspect - Method arguments:[Ljava.lang.Object;@52753981
2022-10-12 12:13:35 [http-nio-8081-exec-6] INFO  com.capstone.aspect.LoggerAspect - *************************************
2022-10-12 12:13:35 [http-nio-8081-exec-6] INFO  com.capstone.aspect.LoggerAspect - Method name: com.capstone.service.emiServiceImp
2022-10-12 12:13:35 [http-nio-8081-exec-6] INFO  com.capstone.aspect.LoggerAspect - Method arguments:[Ljava.lang.Object;@6ed2002e
2022-10-12 12:13:35 [http-nio-8081-exec-6] INFO  com.capstone.aspect.LoggerAspect - *************************************
2022-10-12 12:13:35 [http-nio-8081-exec-6] INFO  com.capstone.aspect.LoggerAspect - During: class com.capstone.service.emiServiceImp.getEmiData() with arguments=emi [s_no=7, loanaccno=202211033, loan_status=active, emi_amount=10271.0, upcomming_payment_date=2022-11-07, remaining_amount=350000.0]
2022-10-12 12:13:35 [http-nio-8081-exec-6] INFO  com.capstone.aspect.LoggerAspect - *************************************
2022-10-12 12:13:35 [http-nio-8081-exec-6] INFO  com.capstone.aspect.LoggerAspect - During: class com.capstone.controller.emiController.getemiofAccount() with arguments=<200 OK OK,emi [s_no=7, loanaccno=202211033, loan_status=active, emi_amount=10271.0, upcomming_payment_date=2022-11-07, remaining_amount=350000.0],[]>
2022-10-12 12:13:35 [http-nio-8081-exec-6] INFO  com.capstone.aspect.LoggerAspect - *************************************
2022-10-12 12:13:58 [http-nio-8081-exec-8] INFO  com.capstone.aspect.LoggerAspect - Method name: com.capstone.controller.emiController
2022-10-12 12:13:58 [http-nio-8081-exec-8] INFO  com.capstone.aspect.LoggerAspect - Method arguments:[Ljava.lang.Object;@2ad179da
2022-10-12 12:13:58 [http-nio-8081-exec-8] INFO  com.capstone.aspect.LoggerAspect - *************************************
2022-10-12 12:13:58 [http-nio-8081-exec-8] INFO  com.capstone.aspect.LoggerAspect - Method name: com.capstone.service.emiServiceImp
2022-10-12 12:13:58 [http-nio-8081-exec-8] INFO  com.capstone.aspect.LoggerAspect - Method arguments:[Ljava.lang.Object;@611c3d5e
2022-10-12 12:13:58 [http-nio-8081-exec-8] INFO  com.capstone.aspect.LoggerAspect - *************************************
2022-10-12 12:13:58 [http-nio-8081-exec-8] INFO  com.capstone.aspect.LoggerAspect - During: class com.capstone.service.emiServiceImp.getEmiData() with arguments=emi [s_no=7, loanaccno=202211033, loan_status=active, emi_amount=10271.0, upcomming_payment_date=2022-11-07, remaining_amount=350000.0]
2022-10-12 12:13:58 [http-nio-8081-exec-8] INFO  com.capstone.aspect.LoggerAspect - *************************************
2022-10-12 12:13:58 [http-nio-8081-exec-8] INFO  com.capstone.aspect.LoggerAspect - During: class com.capstone.controller.emiController.getemiofAccount() with arguments=<200 OK OK,emi [s_no=7, loanaccno=202211033, loan_status=active, emi_amount=10271.0, upcomming_payment_date=2022-11-07, remaining_amount=350000.0],[]>
2022-10-12 12:13:58 [http-nio-8081-exec-8] INFO  com.capstone.aspect.LoggerAspect - *************************************
2022-10-12 12:14:01 [http-nio-8081-exec-10] INFO  com.capstone.aspect.LoggerAspect - Method name: com.capstone.controller.emiController
2022-10-12 12:14:01 [http-nio-8081-exec-10] INFO  com.capstone.aspect.LoggerAspect - Method arguments:[Ljava.lang.Object;@6a491b24
2022-10-12 12:14:01 [http-nio-8081-exec-10] INFO  com.capstone.aspect.LoggerAspect - *************************************
2022-10-12 12:14:01 [http-nio-8081-exec-10] INFO  com.capstone.aspect.LoggerAspect - Method name: com.capstone.service.emiServiceImp
2022-10-12 12:14:01 [http-nio-8081-exec-10] INFO  com.capstone.aspect.LoggerAspect - Method arguments:[Ljava.lang.Object;@3db9a6f4
2022-10-12 12:14:01 [http-nio-8081-exec-10] INFO  com.capstone.aspect.LoggerAspect - *************************************
2022-10-12 12:14:01 [http-nio-8081-exec-10] INFO  com.capstone.aspect.LoggerAspect - During: class com.capstone.service.emiServiceImp.getEmiData() with arguments=emi [s_no=7, loanaccno=202211033, loan_status=active, emi_amount=10271.0, upcomming_payment_date=2022-11-07, remaining_amount=350000.0]
2022-10-12 12:14:01 [http-nio-8081-exec-10] INFO  com.capstone.aspect.LoggerAspect - *************************************
2022-10-12 12:14:01 [http-nio-8081-exec-10] INFO  com.capstone.aspect.LoggerAspect - During: class com.capstone.controller.emiController.getemiofAccount() with arguments=<200 OK OK,emi [s_no=7, loanaccno=202211033, loan_status=active, emi_amount=10271.0, upcomming_payment_date=2022-11-07, remaining_amount=350000.0],[]>
2022-10-12 12:14:01 [http-nio-8081-exec-10] INFO  com.capstone.aspect.LoggerAspect - *************************************
2022-10-12 12:14:06 [http-nio-8081-exec-1] INFO  com.capstone.aspect.LoggerAspect - Method name: com.capstone.controller.emiController
2022-10-12 12:14:06 [http-nio-8081-exec-1] INFO  com.capstone.aspect.LoggerAspect - Method arguments:[Ljava.lang.Object;@5bf1bcca
2022-10-12 12:14:06 [http-nio-8081-exec-1] INFO  com.capstone.aspect.LoggerAspect - *************************************
2022-10-12 12:14:06 [http-nio-8081-exec-1] INFO  com.capstone.aspect.LoggerAspect - Method name: com.capstone.service.emiServiceImp
2022-10-12 12:14:06 [http-nio-8081-exec-1] INFO  com.capstone.aspect.LoggerAspect - Method arguments:[Ljava.lang.Object;@65019728
2022-10-12 12:14:06 [http-nio-8081-exec-1] INFO  com.capstone.aspect.LoggerAspect - *************************************
2022-10-12 12:14:06 [http-nio-8081-exec-1] INFO  com.capstone.aspect.LoggerAspect - During: class com.capstone.service.emiServiceImp.getEmiData() with arguments=emi [s_no=7, loanaccno=202211033, loan_status=active, emi_amount=10271.0, upcomming_payment_date=2022-11-07, remaining_amount=350000.0]
2022-10-12 12:14:06 [http-nio-8081-exec-1] INFO  com.capstone.aspect.LoggerAspect - *************************************
2022-10-12 12:14:06 [http-nio-8081-exec-1] INFO  com.capstone.aspect.LoggerAspect - During: class com.capstone.controller.emiController.getemiofAccount() with arguments=<200 OK OK,emi [s_no=7, loanaccno=202211033, loan_status=active, emi_amount=10271.0, upcomming_payment_date=2022-11-07, remaining_amount=350000.0],[]>
2022-10-12 12:14:06 [http-nio-8081-exec-1] INFO  com.capstone.aspect.LoggerAspect - *************************************
2022-10-12 12:15:17 [AsyncResolver-bootstrap-executor-0] INFO  c.n.d.s.r.aws.ConfigClusterResolver - Resolving eureka endpoints via configuration
2022-10-12 12:15:32 [http-nio-8081-exec-3] INFO  com.capstone.aspect.LoggerAspect - Method name: com.capstone.controller.emiController
2022-10-12 12:15:32 [http-nio-8081-exec-3] INFO  com.capstone.aspect.LoggerAspect - Method arguments:[Ljava.lang.Object;@78d3fb11
2022-10-12 12:15:32 [http-nio-8081-exec-3] INFO  com.capstone.aspect.LoggerAspect - *************************************
2022-10-12 12:15:32 [http-nio-8081-exec-3] INFO  com.capstone.aspect.LoggerAspect - Method name: com.capstone.service.emiServiceImp
2022-10-12 12:15:32 [http-nio-8081-exec-3] INFO  com.capstone.aspect.LoggerAspect - Method arguments:[Ljava.lang.Object;@4e1da2e1
2022-10-12 12:15:32 [http-nio-8081-exec-3] INFO  com.capstone.aspect.LoggerAspect - *************************************
2022-10-12 12:15:32 [http-nio-8081-exec-3] INFO  com.capstone.aspect.LoggerAspect - During: class com.capstone.service.emiServiceImp.getEmiData() with arguments=emi [s_no=7, loanaccno=202211033, loan_status=active, emi_amount=10271.0, upcomming_payment_date=2022-11-07, remaining_amount=350000.0]
2022-10-12 12:15:32 [http-nio-8081-exec-3] INFO  com.capstone.aspect.LoggerAspect - *************************************
2022-10-12 12:15:32 [http-nio-8081-exec-3] INFO  com.capstone.aspect.LoggerAspect - During: class com.capstone.controller.emiController.getemiofAccount() with arguments=<200 OK OK,emi [s_no=7, loanaccno=202211033, loan_status=active, emi_amount=10271.0, upcomming_payment_date=2022-11-07, remaining_amount=350000.0],[]>
2022-10-12 12:15:32 [http-nio-8081-exec-3] INFO  com.capstone.aspect.LoggerAspect - *************************************
2022-10-12 12:15:36 [http-nio-8081-exec-4] INFO  com.capstone.aspect.LoggerAspect - Method name: com.capstone.controller.emiController
2022-10-12 12:15:36 [http-nio-8081-exec-4] INFO  com.capstone.aspect.LoggerAspect - Method arguments:[Ljava.lang.Object;@5a629ac8
2022-10-12 12:15:36 [http-nio-8081-exec-4] INFO  com.capstone.aspect.LoggerAspect - *************************************
2022-10-12 12:15:36 [http-nio-8081-exec-4] INFO  com.capstone.aspect.LoggerAspect - Method name: com.capstone.service.emiServiceImp
2022-10-12 12:15:36 [http-nio-8081-exec-4] INFO  com.capstone.aspect.LoggerAspect - Method arguments:[Ljava.lang.Object;@4d2a53e3
2022-10-12 12:15:36 [http-nio-8081-exec-4] INFO  com.capstone.aspect.LoggerAspect - *************************************
2022-10-12 12:15:36 [http-nio-8081-exec-4] INFO  com.capstone.aspect.LoggerAspect - During: class com.capstone.service.emiServiceImp.getEmiData() with arguments=emi [s_no=7, loanaccno=202211033, loan_status=active, emi_amount=10271.0, upcomming_payment_date=2022-11-07, remaining_amount=350000.0]
2022-10-12 12:15:36 [http-nio-8081-exec-4] INFO  com.capstone.aspect.LoggerAspect - *************************************
2022-10-12 12:15:36 [http-nio-8081-exec-4] INFO  com.capstone.aspect.LoggerAspect - During: class com.capstone.controller.emiController.getemiofAccount() with arguments=<200 OK OK,emi [s_no=7, loanaccno=202211033, loan_status=active, emi_amount=10271.0, upcomming_payment_date=2022-11-07, remaining_amount=350000.0],[]>
2022-10-12 12:15:36 [http-nio-8081-exec-4] INFO  com.capstone.aspect.LoggerAspect - *************************************
2022-10-12 12:18:14 [http-nio-8081-exec-6] INFO  com.capstone.aspect.LoggerAspect - Method name: com.capstone.controller.emiController
2022-10-12 12:18:14 [http-nio-8081-exec-6] INFO  com.capstone.aspect.LoggerAspect - Method arguments:[Ljava.lang.Object;@333257c3
2022-10-12 12:18:14 [http-nio-8081-exec-6] INFO  com.capstone.aspect.LoggerAspect - *************************************
2022-10-12 12:18:14 [http-nio-8081-exec-6] INFO  com.capstone.aspect.LoggerAspect - Method name: com.capstone.service.emiServiceImp
2022-10-12 12:18:14 [http-nio-8081-exec-6] INFO  com.capstone.aspect.LoggerAspect - Method arguments:[Ljava.lang.Object;@18cf47e7
2022-10-12 12:18:14 [http-nio-8081-exec-6] INFO  com.capstone.aspect.LoggerAspect - *************************************
2022-10-12 12:18:14 [http-nio-8081-exec-6] INFO  com.capstone.aspect.LoggerAspect - During: class com.capstone.service.emiServiceImp.getEmiData() with arguments=emi [s_no=7, loanaccno=202211033, loan_status=active, emi_amount=10271.0, upcomming_payment_date=2022-11-07, remaining_amount=350000.0]
2022-10-12 12:18:14 [http-nio-8081-exec-6] INFO  com.capstone.aspect.LoggerAspect - *************************************
2022-10-12 12:18:14 [http-nio-8081-exec-6] INFO  com.capstone.aspect.LoggerAspect - During: class com.capstone.controller.emiController.getemiofAccount() with arguments=<200 OK OK,emi [s_no=7, loanaccno=202211033, loan_status=active, emi_amount=10271.0, upcomming_payment_date=2022-11-07, remaining_amount=350000.0],[]>
2022-10-12 12:18:14 [http-nio-8081-exec-6] INFO  com.capstone.aspect.LoggerAspect - *************************************
2022-10-12 12:20:17 [AsyncResolver-bootstrap-executor-0] INFO  c.n.d.s.r.aws.ConfigClusterResolver - Resolving eureka endpoints via configuration
2022-10-12 12:21:08 [http-nio-8081-exec-8] INFO  com.capstone.aspect.LoggerAspect - Method name: com.capstone.controller.emiController
2022-10-12 12:21:08 [http-nio-8081-exec-8] INFO  com.capstone.aspect.LoggerAspect - Method arguments:[Ljava.lang.Object;@4cae4dc7
2022-10-12 12:21:08 [http-nio-8081-exec-8] INFO  com.capstone.aspect.LoggerAspect - *************************************
2022-10-12 12:21:08 [http-nio-8081-exec-8] INFO  com.capstone.aspect.LoggerAspect - Method name: com.capstone.service.emiServiceImp
2022-10-12 12:21:08 [http-nio-8081-exec-8] INFO  com.capstone.aspect.LoggerAspect - Method arguments:[Ljava.lang.Object;@501c460e
2022-10-12 12:21:08 [http-nio-8081-exec-8] INFO  com.capstone.aspect.LoggerAspect - *************************************
2022-10-12 12:21:08 [http-nio-8081-exec-8] INFO  com.capstone.aspect.LoggerAspect - During: class com.capstone.service.emiServiceImp.getEmiData() with arguments=emi [s_no=7, loanaccno=202211033, loan_status=active, emi_amount=10271.0, upcomming_payment_date=2022-11-07, remaining_amount=350000.0]
2022-10-12 12:21:08 [http-nio-8081-exec-8] INFO  com.capstone.aspect.LoggerAspect - *************************************
2022-10-12 12:21:08 [http-nio-8081-exec-8] INFO  com.capstone.aspect.LoggerAspect - During: class com.capstone.controller.emiController.getemiofAccount() with arguments=<200 OK OK,emi [s_no=7, loanaccno=202211033, loan_status=active, emi_amount=10271.0, upcomming_payment_date=2022-11-07, remaining_amount=350000.0],[]>
2022-10-12 12:21:08 [http-nio-8081-exec-8] INFO  com.capstone.aspect.LoggerAspect - *************************************
2022-10-12 12:21:19 [http-nio-8081-exec-10] INFO  com.capstone.aspect.LoggerAspect - Method name: com.capstone.controller.emiController
2022-10-12 12:21:19 [http-nio-8081-exec-10] INFO  com.capstone.aspect.LoggerAspect - Method arguments:[Ljava.lang.Object;@3ae359da
2022-10-12 12:21:19 [http-nio-8081-exec-10] INFO  com.capstone.aspect.LoggerAspect - *************************************
2022-10-12 12:21:19 [http-nio-8081-exec-10] INFO  com.capstone.aspect.LoggerAspect - Method name: com.capstone.service.emiServiceImp
2022-10-12 12:21:19 [http-nio-8081-exec-10] INFO  com.capstone.aspect.LoggerAspect - Method arguments:[Ljava.lang.Object;@2ae9379f
2022-10-12 12:21:19 [http-nio-8081-exec-10] INFO  com.capstone.aspect.LoggerAspect - *************************************
2022-10-12 12:21:19 [http-nio-8081-exec-10] INFO  com.capstone.aspect.LoggerAspect - During: class com.capstone.service.emiServiceImp.getEmiData() with arguments=emi [s_no=7, loanaccno=202211033, loan_status=active, emi_amount=10271.0, upcomming_payment_date=2022-11-07, remaining_amount=350000.0]
2022-10-12 12:21:19 [http-nio-8081-exec-10] INFO  com.capstone.aspect.LoggerAspect - *************************************
2022-10-12 12:21:19 [http-nio-8081-exec-10] INFO  com.capstone.aspect.LoggerAspect - During: class com.capstone.controller.emiController.getemiofAccount() with arguments=<200 OK OK,emi [s_no=7, loanaccno=202211033, loan_status=active, emi_amount=10271.0, upcomming_payment_date=2022-11-07, remaining_amount=350000.0],[]>
2022-10-12 12:21:19 [http-nio-8081-exec-10] INFO  com.capstone.aspect.LoggerAspect - *************************************
2022-10-12 12:24:12 [http-nio-8081-exec-2] INFO  com.capstone.aspect.LoggerAspect - Method name: com.capstone.controller.emiController
2022-10-12 12:24:12 [http-nio-8081-exec-2] INFO  com.capstone.aspect.LoggerAspect - Method arguments:[Ljava.lang.Object;@3f80d370
2022-10-12 12:24:12 [http-nio-8081-exec-2] INFO  com.capstone.aspect.LoggerAspect - *************************************
2022-10-12 12:24:12 [http-nio-8081-exec-2] INFO  com.capstone.aspect.LoggerAspect - Method name: com.capstone.service.emiServiceImp
2022-10-12 12:24:12 [http-nio-8081-exec-2] INFO  com.capstone.aspect.LoggerAspect - Method arguments:[Ljava.lang.Object;@2a623a98
2022-10-12 12:24:12 [http-nio-8081-exec-2] INFO  com.capstone.aspect.LoggerAspect - *************************************
2022-10-12 12:24:12 [http-nio-8081-exec-2] INFO  com.capstone.aspect.LoggerAspect - During: class com.capstone.service.emiServiceImp.getEmiData() with arguments=emi [s_no=7, loanaccno=202211033, loan_status=active, emi_amount=10271.0, upcomming_payment_date=2022-11-07, remaining_amount=350000.0]
2022-10-12 12:24:12 [http-nio-8081-exec-2] INFO  com.capstone.aspect.LoggerAspect - *************************************
2022-10-12 12:24:12 [http-nio-8081-exec-2] INFO  com.capstone.aspect.LoggerAspect - During: class com.capstone.controller.emiController.getemiofAccount() with arguments=<200 OK OK,emi [s_no=7, loanaccno=202211033, loan_status=active, emi_amount=10271.0, upcomming_payment_date=2022-11-07, remaining_amount=350000.0],[]>
2022-10-12 12:24:12 [http-nio-8081-exec-2] INFO  com.capstone.aspect.LoggerAspect - *************************************
2022-10-12 12:24:37 [http-nio-8081-exec-4] INFO  com.capstone.aspect.LoggerAspect - Method name: com.capstone.controller.emiController
2022-10-12 12:24:37 [http-nio-8081-exec-4] INFO  com.capstone.aspect.LoggerAspect - Method arguments:[Ljava.lang.Object;@5b602760
2022-10-12 12:24:37 [http-nio-8081-exec-4] INFO  com.capstone.aspect.LoggerAspect - *************************************
2022-10-12 12:24:37 [http-nio-8081-exec-4] INFO  com.capstone.aspect.LoggerAspect - Method name: com.capstone.service.emiServiceImp
2022-10-12 12:24:37 [http-nio-8081-exec-4] INFO  com.capstone.aspect.LoggerAspect - Method arguments:[Ljava.lang.Object;@6dcd1e62
2022-10-12 12:24:37 [http-nio-8081-exec-4] INFO  com.capstone.aspect.LoggerAspect - *************************************
2022-10-12 12:24:37 [http-nio-8081-exec-4] INFO  com.capstone.aspect.LoggerAspect - During: class com.capstone.service.emiServiceImp.getEmiData() with arguments=emi [s_no=7, loanaccno=202211033, loan_status=active, emi_amount=10271.0, upcomming_payment_date=2022-11-07, remaining_amount=350000.0]
2022-10-12 12:24:37 [http-nio-8081-exec-4] INFO  com.capstone.aspect.LoggerAspect - *************************************
2022-10-12 12:24:37 [http-nio-8081-exec-4] INFO  com.capstone.aspect.LoggerAspect - During: class com.capstone.controller.emiController.getemiofAccount() with arguments=<200 OK OK,emi [s_no=7, loanaccno=202211033, loan_status=active, emi_amount=10271.0, upcomming_payment_date=2022-11-07, remaining_amount=350000.0],[]>
2022-10-12 12:24:37 [http-nio-8081-exec-4] INFO  com.capstone.aspect.LoggerAspect - *************************************
2022-10-12 12:24:44 [http-nio-8081-exec-5] INFO  com.capstone.aspect.LoggerAspect - Method name: com.capstone.controller.emiController
2022-10-12 12:24:44 [http-nio-8081-exec-5] INFO  com.capstone.aspect.LoggerAspect - Method arguments:[Ljava.lang.Object;@d4537ec
2022-10-12 12:24:44 [http-nio-8081-exec-5] INFO  com.capstone.aspect.LoggerAspect - *************************************
2022-10-12 12:24:44 [http-nio-8081-exec-5] INFO  com.capstone.aspect.LoggerAspect - Method name: com.capstone.service.emiServiceImp
2022-10-12 12:24:44 [http-nio-8081-exec-5] INFO  com.capstone.aspect.LoggerAspect - Method arguments:[Ljava.lang.Object;@2bf5b96d
2022-10-12 12:24:44 [http-nio-8081-exec-5] INFO  com.capstone.aspect.LoggerAspect - *************************************
2022-10-12 12:24:44 [http-nio-8081-exec-5] INFO  com.capstone.aspect.LoggerAspect - During: class com.capstone.service.emiServiceImp.getEmiData() with arguments=emi [s_no=7, loanaccno=202211033, loan_status=active, emi_amount=10271.0, upcomming_payment_date=2022-11-07, remaining_amount=350000.0]
2022-10-12 12:24:44 [http-nio-8081-exec-5] INFO  com.capstone.aspect.LoggerAspect - *************************************
2022-10-12 12:24:44 [http-nio-8081-exec-5] INFO  com.capstone.aspect.LoggerAspect - During: class com.capstone.controller.emiController.getemiofAccount() with arguments=<200 OK OK,emi [s_no=7, loanaccno=202211033, loan_status=active, emi_amount=10271.0, upcomming_payment_date=2022-11-07, remaining_amount=350000.0],[]>
2022-10-12 12:24:44 [http-nio-8081-exec-5] INFO  com.capstone.aspect.LoggerAspect - *************************************
2022-10-12 12:25:04 [http-nio-8081-exec-7] INFO  com.capstone.aspect.LoggerAspect - Method name: com.capstone.controller.emiController
2022-10-12 12:25:04 [http-nio-8081-exec-7] INFO  com.capstone.aspect.LoggerAspect - Method arguments:[Ljava.lang.Object;@65145cfb
2022-10-12 12:25:04 [http-nio-8081-exec-7] INFO  com.capstone.aspect.LoggerAspect - *************************************
2022-10-12 12:25:04 [http-nio-8081-exec-7] INFO  com.capstone.aspect.LoggerAspect - Method name: com.capstone.service.emiServiceImp
2022-10-12 12:25:04 [http-nio-8081-exec-7] INFO  com.capstone.aspect.LoggerAspect - Method arguments:[Ljava.lang.Object;@2037d13a
2022-10-12 12:25:04 [http-nio-8081-exec-7] INFO  com.capstone.aspect.LoggerAspect - *************************************
2022-10-12 12:25:04 [http-nio-8081-exec-7] INFO  com.capstone.aspect.LoggerAspect - During: class com.capstone.service.emiServiceImp.getEmiData() with arguments=emi [s_no=7, loanaccno=202211033, loan_status=active, emi_amount=10271.0, upcomming_payment_date=2022-11-07, remaining_amount=350000.0]
2022-10-12 12:25:04 [http-nio-8081-exec-7] INFO  com.capstone.aspect.LoggerAspect - *************************************
2022-10-12 12:25:04 [http-nio-8081-exec-7] INFO  com.capstone.aspect.LoggerAspect - During: class com.capstone.controller.emiController.getemiofAccount() with arguments=<200 OK OK,emi [s_no=7, loanaccno=202211033, loan_status=active, emi_amount=10271.0, upcomming_payment_date=2022-11-07, remaining_amount=350000.0],[]>
2022-10-12 12:25:04 [http-nio-8081-exec-7] INFO  com.capstone.aspect.LoggerAspect - *************************************
2022-10-12 12:25:12 [http-nio-8081-exec-9] INFO  com.capstone.aspect.LoggerAspect - Method name: com.capstone.controller.emiController
2022-10-12 12:25:12 [http-nio-8081-exec-9] INFO  com.capstone.aspect.LoggerAspect - Method arguments:[Ljava.lang.Object;@27bc1759
2022-10-12 12:25:12 [http-nio-8081-exec-9] INFO  com.capstone.aspect.LoggerAspect - *************************************
2022-10-12 12:25:12 [http-nio-8081-exec-9] INFO  com.capstone.aspect.LoggerAspect - Method name: com.capstone.service.emiServiceImp
2022-10-12 12:25:12 [http-nio-8081-exec-9] INFO  com.capstone.aspect.LoggerAspect - Method arguments:[Ljava.lang.Object;@4c742e88
2022-10-12 12:25:12 [http-nio-8081-exec-9] INFO  com.capstone.aspect.LoggerAspect - *************************************
2022-10-12 12:25:12 [http-nio-8081-exec-9] INFO  com.capstone.aspect.LoggerAspect - During: class com.capstone.service.emiServiceImp.getEmiData() with arguments=emi [s_no=7, loanaccno=202211033, loan_status=active, emi_amount=10271.0, upcomming_payment_date=2022-11-07, remaining_amount=350000.0]
2022-10-12 12:25:12 [http-nio-8081-exec-9] INFO  com.capstone.aspect.LoggerAspect - *************************************
2022-10-12 12:25:12 [http-nio-8081-exec-9] INFO  com.capstone.aspect.LoggerAspect - During: class com.capstone.controller.emiController.getemiofAccount() with arguments=<200 OK OK,emi [s_no=7, loanaccno=202211033, loan_status=active, emi_amount=10271.0, upcomming_payment_date=2022-11-07, remaining_amount=350000.0],[]>
2022-10-12 12:25:12 [http-nio-8081-exec-9] INFO  com.capstone.aspect.LoggerAspect - *************************************
2022-10-12 12:25:17 [AsyncResolver-bootstrap-executor-0] INFO  c.n.d.s.r.aws.ConfigClusterResolver - Resolving eureka endpoints via configuration
2022-10-12 12:25:27 [http-nio-8081-exec-1] INFO  com.capstone.aspect.LoggerAspect - Method name: com.capstone.controller.emiController
2022-10-12 12:25:27 [http-nio-8081-exec-1] INFO  com.capstone.aspect.LoggerAspect - Method arguments:[Ljava.lang.Object;@546deeb6
2022-10-12 12:25:27 [http-nio-8081-exec-1] INFO  com.capstone.aspect.LoggerAspect - *************************************
2022-10-12 12:25:27 [http-nio-8081-exec-1] INFO  com.capstone.aspect.LoggerAspect - Method name: com.capstone.service.emiServiceImp
2022-10-12 12:25:27 [http-nio-8081-exec-1] INFO  com.capstone.aspect.LoggerAspect - Method arguments:[Ljava.lang.Object;@7f8a5182
2022-10-12 12:25:27 [http-nio-8081-exec-1] INFO  com.capstone.aspect.LoggerAspect - *************************************
2022-10-12 12:25:27 [http-nio-8081-exec-1] INFO  com.capstone.aspect.LoggerAspect - During: class com.capstone.service.emiServiceImp.getEmiData() with arguments=emi [s_no=7, loanaccno=202211033, loan_status=active, emi_amount=10271.0, upcomming_payment_date=2022-11-07, remaining_amount=350000.0]
2022-10-12 12:25:27 [http-nio-8081-exec-1] INFO  com.capstone.aspect.LoggerAspect - *************************************
2022-10-12 12:25:27 [http-nio-8081-exec-1] INFO  com.capstone.aspect.LoggerAspect - During: class com.capstone.controller.emiController.getemiofAccount() with arguments=<200 OK OK,emi [s_no=7, loanaccno=202211033, loan_status=active, emi_amount=10271.0, upcomming_payment_date=2022-11-07, remaining_amount=350000.0],[]>
2022-10-12 12:25:27 [http-nio-8081-exec-1] INFO  com.capstone.aspect.LoggerAspect - *************************************
2022-10-12 12:25:31 [http-nio-8081-exec-2] INFO  com.capstone.aspect.LoggerAspect - Method name: com.capstone.controller.emiController
2022-10-12 12:25:31 [http-nio-8081-exec-2] INFO  com.capstone.aspect.LoggerAspect - Method arguments:[Ljava.lang.Object;@db59bf2
2022-10-12 12:25:31 [http-nio-8081-exec-2] INFO  com.capstone.aspect.LoggerAspect - *************************************
2022-10-12 12:25:31 [http-nio-8081-exec-2] INFO  com.capstone.aspect.LoggerAspect - Method name: com.capstone.service.emiServiceImp
2022-10-12 12:25:31 [http-nio-8081-exec-2] INFO  com.capstone.aspect.LoggerAspect - Method arguments:[Ljava.lang.Object;@ffc325b
2022-10-12 12:25:31 [http-nio-8081-exec-2] INFO  com.capstone.aspect.LoggerAspect - *************************************
2022-10-12 12:25:31 [http-nio-8081-exec-2] INFO  com.capstone.aspect.LoggerAspect - During: class com.capstone.service.emiServiceImp.getEmiData() with arguments=emi [s_no=7, loanaccno=202211033, loan_status=active, emi_amount=10271.0, upcomming_payment_date=2022-11-07, remaining_amount=350000.0]
2022-10-12 12:25:31 [http-nio-8081-exec-2] INFO  com.capstone.aspect.LoggerAspect - *************************************
2022-10-12 12:25:31 [http-nio-8081-exec-2] INFO  com.capstone.aspect.LoggerAspect - During: class com.capstone.controller.emiController.getemiofAccount() with arguments=<200 OK OK,emi [s_no=7, loanaccno=202211033, loan_status=active, emi_amount=10271.0, upcomming_payment_date=2022-11-07, remaining_amount=350000.0],[]>
2022-10-12 12:25:31 [http-nio-8081-exec-2] INFO  com.capstone.aspect.LoggerAspect - *************************************
2022-10-12 12:25:33 [http-nio-8081-exec-3] INFO  com.capstone.aspect.LoggerAspect - Method name: com.capstone.controller.emiController
2022-10-12 12:25:33 [http-nio-8081-exec-3] INFO  com.capstone.aspect.LoggerAspect - Method arguments:[Ljava.lang.Object;@1e2b9ac3
2022-10-12 12:25:33 [http-nio-8081-exec-3] INFO  com.capstone.aspect.LoggerAspect - *************************************
2022-10-12 12:25:33 [http-nio-8081-exec-3] INFO  com.capstone.aspect.LoggerAspect - Method name: com.capstone.service.emiServiceImp
2022-10-12 12:25:33 [http-nio-8081-exec-3] INFO  com.capstone.aspect.LoggerAspect - Method arguments:[Ljava.lang.Object;@41bb912d
2022-10-12 12:25:33 [http-nio-8081-exec-3] INFO  com.capstone.aspect.LoggerAspect - *************************************
2022-10-12 12:25:33 [http-nio-8081-exec-3] INFO  com.capstone.aspect.LoggerAspect - During: class com.capstone.service.emiServiceImp.getEmiData() with arguments=emi [s_no=7, loanaccno=202211033, loan_status=active, emi_amount=10271.0, upcomming_payment_date=2022-11-07, remaining_amount=350000.0]
2022-10-12 12:25:33 [http-nio-8081-exec-3] INFO  com.capstone.aspect.LoggerAspect - *************************************
2022-10-12 12:25:33 [http-nio-8081-exec-3] INFO  com.capstone.aspect.LoggerAspect - During: class com.capstone.controller.emiController.getemiofAccount() with arguments=<200 OK OK,emi [s_no=7, loanaccno=202211033, loan_status=active, emi_amount=10271.0, upcomming_payment_date=2022-11-07, remaining_amount=350000.0],[]>
2022-10-12 12:25:33 [http-nio-8081-exec-3] INFO  com.capstone.aspect.LoggerAspect - *************************************
2022-10-12 12:25:41 [http-nio-8081-exec-5] INFO  com.capstone.aspect.LoggerAspect - Method name: com.capstone.controller.emiController
2022-10-12 12:25:41 [http-nio-8081-exec-5] INFO  com.capstone.aspect.LoggerAspect - Method arguments:[Ljava.lang.Object;@2fa27fa9
2022-10-12 12:25:41 [http-nio-8081-exec-5] INFO  com.capstone.aspect.LoggerAspect - *************************************
2022-10-12 12:25:41 [http-nio-8081-exec-5] INFO  com.capstone.aspect.LoggerAspect - Method name: com.capstone.service.emiServiceImp
2022-10-12 12:25:41 [http-nio-8081-exec-5] INFO  com.capstone.aspect.LoggerAspect - Method arguments:[Ljava.lang.Object;@5dab5f49
2022-10-12 12:25:41 [http-nio-8081-exec-5] INFO  com.capstone.aspect.LoggerAspect - *************************************
2022-10-12 12:25:41 [http-nio-8081-exec-5] INFO  com.capstone.aspect.LoggerAspect - During: class com.capstone.service.emiServiceImp.getEmiData() with arguments=emi [s_no=7, loanaccno=202211033, loan_status=active, emi_amount=10271.0, upcomming_payment_date=2022-11-07, remaining_amount=350000.0]
2022-10-12 12:25:41 [http-nio-8081-exec-5] INFO  com.capstone.aspect.LoggerAspect - *************************************
2022-10-12 12:25:41 [http-nio-8081-exec-5] INFO  com.capstone.aspect.LoggerAspect - During: class com.capstone.controller.emiController.getemiofAccount() with arguments=<200 OK OK,emi [s_no=7, loanaccno=202211033, loan_status=active, emi_amount=10271.0, upcomming_payment_date=2022-11-07, remaining_amount=350000.0],[]>
2022-10-12 12:25:41 [http-nio-8081-exec-5] INFO  com.capstone.aspect.LoggerAspect - *************************************
2022-10-12 12:26:46 [http-nio-8081-exec-7] INFO  com.capstone.aspect.LoggerAspect - Method name: com.capstone.controller.emiController
2022-10-12 12:26:46 [http-nio-8081-exec-7] INFO  com.capstone.aspect.LoggerAspect - Method arguments:[Ljava.lang.Object;@6c894f54
2022-10-12 12:26:46 [http-nio-8081-exec-7] INFO  com.capstone.aspect.LoggerAspect - *************************************
2022-10-12 12:26:46 [http-nio-8081-exec-7] INFO  com.capstone.aspect.LoggerAspect - Method name: com.capstone.service.emiServiceImp
2022-10-12 12:26:46 [http-nio-8081-exec-7] INFO  com.capstone.aspect.LoggerAspect - Method arguments:[Ljava.lang.Object;@27674317
2022-10-12 12:26:46 [http-nio-8081-exec-7] INFO  com.capstone.aspect.LoggerAspect - *************************************
2022-10-12 12:26:46 [http-nio-8081-exec-7] INFO  com.capstone.aspect.LoggerAspect - During: class com.capstone.service.emiServiceImp.getEmiData() with arguments=emi [s_no=7, loanaccno=202211033, loan_status=active, emi_amount=10271.0, upcomming_payment_date=2022-11-07, remaining_amount=350000.0]
2022-10-12 12:26:46 [http-nio-8081-exec-7] INFO  com.capstone.aspect.LoggerAspect - *************************************
2022-10-12 12:26:46 [http-nio-8081-exec-7] INFO  com.capstone.aspect.LoggerAspect - During: class com.capstone.controller.emiController.getemiofAccount() with arguments=<200 OK OK,emi [s_no=7, loanaccno=202211033, loan_status=active, emi_amount=10271.0, upcomming_payment_date=2022-11-07, remaining_amount=350000.0],[]>
2022-10-12 12:26:46 [http-nio-8081-exec-7] INFO  com.capstone.aspect.LoggerAspect - *************************************
2022-10-12 12:27:13 [http-nio-8081-exec-9] INFO  com.capstone.aspect.LoggerAspect - Method name: com.capstone.controller.emiController
2022-10-12 12:27:13 [http-nio-8081-exec-9] INFO  com.capstone.aspect.LoggerAspect - Method arguments:[Ljava.lang.Object;@4a38a0fe
2022-10-12 12:27:13 [http-nio-8081-exec-9] INFO  com.capstone.aspect.LoggerAspect - *************************************
2022-10-12 12:27:13 [http-nio-8081-exec-9] INFO  com.capstone.aspect.LoggerAspect - Method name: com.capstone.service.emiServiceImp
2022-10-12 12:27:13 [http-nio-8081-exec-9] INFO  com.capstone.aspect.LoggerAspect - Method arguments:[Ljava.lang.Object;@5e453e2b
2022-10-12 12:27:13 [http-nio-8081-exec-9] INFO  com.capstone.aspect.LoggerAspect - *************************************
2022-10-12 12:27:13 [http-nio-8081-exec-9] INFO  com.capstone.aspect.LoggerAspect - During: class com.capstone.service.emiServiceImp.getEmiData() with arguments=emi [s_no=7, loanaccno=202211033, loan_status=active, emi_amount=10271.0, upcomming_payment_date=2022-11-07, remaining_amount=350000.0]
2022-10-12 12:27:13 [http-nio-8081-exec-9] INFO  com.capstone.aspect.LoggerAspect - *************************************
2022-10-12 12:27:13 [http-nio-8081-exec-9] INFO  com.capstone.aspect.LoggerAspect - During: class com.capstone.controller.emiController.getemiofAccount() with arguments=<200 OK OK,emi [s_no=7, loanaccno=202211033, loan_status=active, emi_amount=10271.0, upcomming_payment_date=2022-11-07, remaining_amount=350000.0],[]>
2022-10-12 12:27:13 [http-nio-8081-exec-9] INFO  com.capstone.aspect.LoggerAspect - *************************************
2022-10-12 12:28:46 [http-nio-8081-exec-1] INFO  com.capstone.aspect.LoggerAspect - Method name: com.capstone.controller.emiController
2022-10-12 12:28:46 [http-nio-8081-exec-1] INFO  com.capstone.aspect.LoggerAspect - Method arguments:[Ljava.lang.Object;@26a0f8a0
2022-10-12 12:28:46 [http-nio-8081-exec-1] INFO  com.capstone.aspect.LoggerAspect - *************************************
2022-10-12 12:28:46 [http-nio-8081-exec-1] INFO  com.capstone.aspect.LoggerAspect - Method name: com.capstone.service.emiServiceImp
2022-10-12 12:28:46 [http-nio-8081-exec-1] INFO  com.capstone.aspect.LoggerAspect - Method arguments:[Ljava.lang.Object;@797accfd
2022-10-12 12:28:46 [http-nio-8081-exec-1] INFO  com.capstone.aspect.LoggerAspect - *************************************
2022-10-12 12:28:46 [http-nio-8081-exec-1] INFO  com.capstone.aspect.LoggerAspect - During: class com.capstone.service.emiServiceImp.getEmiData() with arguments=emi [s_no=7, loanaccno=202211033, loan_status=active, emi_amount=10271.0, upcomming_payment_date=2022-11-07, remaining_amount=350000.0]
2022-10-12 12:28:46 [http-nio-8081-exec-1] INFO  com.capstone.aspect.LoggerAspect - *************************************
2022-10-12 12:28:46 [http-nio-8081-exec-1] INFO  com.capstone.aspect.LoggerAspect - During: class com.capstone.controller.emiController.getemiofAccount() with arguments=<200 OK OK,emi [s_no=7, loanaccno=202211033, loan_status=active, emi_amount=10271.0, upcomming_payment_date=2022-11-07, remaining_amount=350000.0],[]>
2022-10-12 12:28:46 [http-nio-8081-exec-1] INFO  com.capstone.aspect.LoggerAspect - *************************************
2022-10-12 12:28:52 [http-nio-8081-exec-2] INFO  com.capstone.aspect.LoggerAspect - Method name: com.capstone.controller.emiController
2022-10-12 12:28:52 [http-nio-8081-exec-2] INFO  com.capstone.aspect.LoggerAspect - Method arguments:[Ljava.lang.Object;@68c34da7
2022-10-12 12:28:52 [http-nio-8081-exec-2] INFO  com.capstone.aspect.LoggerAspect - *************************************
2022-10-12 12:28:52 [http-nio-8081-exec-2] INFO  com.capstone.aspect.LoggerAspect - Method name: com.capstone.service.emiServiceImp
2022-10-12 12:28:52 [http-nio-8081-exec-2] INFO  com.capstone.aspect.LoggerAspect - Method arguments:[Ljava.lang.Object;@5069ffce
2022-10-12 12:28:52 [http-nio-8081-exec-2] INFO  com.capstone.aspect.LoggerAspect - *************************************
2022-10-12 12:28:52 [http-nio-8081-exec-2] INFO  com.capstone.aspect.LoggerAspect - During: class com.capstone.service.emiServiceImp.getEmiData() with arguments=emi [s_no=7, loanaccno=202211033, loan_status=active, emi_amount=10271.0, upcomming_payment_date=2022-11-07, remaining_amount=350000.0]
2022-10-12 12:28:52 [http-nio-8081-exec-2] INFO  com.capstone.aspect.LoggerAspect - *************************************
2022-10-12 12:28:52 [http-nio-8081-exec-2] INFO  com.capstone.aspect.LoggerAspect - During: class com.capstone.controller.emiController.getemiofAccount() with arguments=<200 OK OK,emi [s_no=7, loanaccno=202211033, loan_status=active, emi_amount=10271.0, upcomming_payment_date=2022-11-07, remaining_amount=350000.0],[]>
2022-10-12 12:28:52 [http-nio-8081-exec-2] INFO  com.capstone.aspect.LoggerAspect - *************************************
2022-10-12 12:29:43 [http-nio-8081-exec-4] INFO  com.capstone.aspect.LoggerAspect - Method name: com.capstone.controller.emiController
2022-10-12 12:29:43 [http-nio-8081-exec-4] INFO  com.capstone.aspect.LoggerAspect - Method arguments:[Ljava.lang.Object;@77b40146
2022-10-12 12:29:43 [http-nio-8081-exec-4] INFO  com.capstone.aspect.LoggerAspect - *************************************
2022-10-12 12:29:43 [http-nio-8081-exec-4] INFO  com.capstone.aspect.LoggerAspect - Method name: com.capstone.service.emiServiceImp
2022-10-12 12:29:43 [http-nio-8081-exec-4] INFO  com.capstone.aspect.LoggerAspect - Method arguments:[Ljava.lang.Object;@50bd6cb
2022-10-12 12:29:43 [http-nio-8081-exec-4] INFO  com.capstone.aspect.LoggerAspect - *************************************
2022-10-12 12:29:43 [http-nio-8081-exec-4] INFO  com.capstone.aspect.LoggerAspect - During: class com.capstone.service.emiServiceImp.getEmiData() with arguments=emi [s_no=7, loanaccno=202211033, loan_status=active, emi_amount=10271.0, upcomming_payment_date=2022-11-07, remaining_amount=350000.0]
2022-10-12 12:29:43 [http-nio-8081-exec-4] INFO  com.capstone.aspect.LoggerAspect - *************************************
2022-10-12 12:29:43 [http-nio-8081-exec-4] INFO  com.capstone.aspect.LoggerAspect - During: class com.capstone.controller.emiController.getemiofAccount() with arguments=<200 OK OK,emi [s_no=7, loanaccno=202211033, loan_status=active, emi_amount=10271.0, upcomming_payment_date=2022-11-07, remaining_amount=350000.0],[]>
2022-10-12 12:29:43 [http-nio-8081-exec-4] INFO  com.capstone.aspect.LoggerAspect - *************************************
2022-10-12 12:30:17 [AsyncResolver-bootstrap-executor-0] INFO  c.n.d.s.r.aws.ConfigClusterResolver - Resolving eureka endpoints via configuration
2022-10-12 12:30:22 [http-nio-8081-exec-6] INFO  com.capstone.aspect.LoggerAspect - Method name: com.capstone.controller.emiController
2022-10-12 12:30:22 [http-nio-8081-exec-6] INFO  com.capstone.aspect.LoggerAspect - Method arguments:[Ljava.lang.Object;@5f06def4
2022-10-12 12:30:22 [http-nio-8081-exec-6] INFO  com.capstone.aspect.LoggerAspect - *************************************
2022-10-12 12:30:22 [http-nio-8081-exec-6] INFO  com.capstone.aspect.LoggerAspect - Method name: com.capstone.service.emiServiceImp
2022-10-12 12:30:22 [http-nio-8081-exec-6] INFO  com.capstone.aspect.LoggerAspect - Method arguments:[Ljava.lang.Object;@14de417d
2022-10-12 12:30:22 [http-nio-8081-exec-6] INFO  com.capstone.aspect.LoggerAspect - *************************************
2022-10-12 12:30:22 [http-nio-8081-exec-6] INFO  com.capstone.aspect.LoggerAspect - During: class com.capstone.service.emiServiceImp.getEmiData() with arguments=emi [s_no=7, loanaccno=202211033, loan_status=active, emi_amount=10271.0, upcomming_payment_date=2022-11-07, remaining_amount=350000.0]
2022-10-12 12:30:22 [http-nio-8081-exec-6] INFO  com.capstone.aspect.LoggerAspect - *************************************
2022-10-12 12:30:22 [http-nio-8081-exec-6] INFO  com.capstone.aspect.LoggerAspect - During: class com.capstone.controller.emiController.getemiofAccount() with arguments=<200 OK OK,emi [s_no=7, loanaccno=202211033, loan_status=active, emi_amount=10271.0, upcomming_payment_date=2022-11-07, remaining_amount=350000.0],[]>
2022-10-12 12:30:22 [http-nio-8081-exec-6] INFO  com.capstone.aspect.LoggerAspect - *************************************
2022-10-12 12:31:15 [http-nio-8081-exec-8] INFO  com.capstone.aspect.LoggerAspect - Method name: com.capstone.controller.emiController
2022-10-12 12:31:15 [http-nio-8081-exec-8] INFO  com.capstone.aspect.LoggerAspect - Method arguments:[Ljava.lang.Object;@42edee0f
2022-10-12 12:31:15 [http-nio-8081-exec-8] INFO  com.capstone.aspect.LoggerAspect - *************************************
2022-10-12 12:31:15 [http-nio-8081-exec-8] INFO  com.capstone.aspect.LoggerAspect - Method name: com.capstone.service.emiServiceImp
2022-10-12 12:31:15 [http-nio-8081-exec-8] INFO  com.capstone.aspect.LoggerAspect - Method arguments:[Ljava.lang.Object;@1d07d31b
2022-10-12 12:31:15 [http-nio-8081-exec-8] INFO  com.capstone.aspect.LoggerAspect - *************************************
2022-10-12 12:31:15 [http-nio-8081-exec-8] INFO  com.capstone.aspect.LoggerAspect - During: class com.capstone.service.emiServiceImp.getEmiData() with arguments=emi [s_no=7, loanaccno=202211033, loan_status=active, emi_amount=10271.0, upcomming_payment_date=2022-11-07, remaining_amount=350000.0]
2022-10-12 12:31:15 [http-nio-8081-exec-8] INFO  com.capstone.aspect.LoggerAspect - *************************************
2022-10-12 12:31:15 [http-nio-8081-exec-8] INFO  com.capstone.aspect.LoggerAspect - During: class com.capstone.controller.emiController.getemiofAccount() with arguments=<200 OK OK,emi [s_no=7, loanaccno=202211033, loan_status=active, emi_amount=10271.0, upcomming_payment_date=2022-11-07, remaining_amount=350000.0],[]>
2022-10-12 12:31:15 [http-nio-8081-exec-8] INFO  com.capstone.aspect.LoggerAspect - *************************************
2022-10-12 12:31:18 [http-nio-8081-exec-10] INFO  com.capstone.aspect.LoggerAspect - Method name: com.capstone.controller.emiController
2022-10-12 12:31:18 [http-nio-8081-exec-10] INFO  com.capstone.aspect.LoggerAspect - Method arguments:[Ljava.lang.Object;@5f041309
2022-10-12 12:31:18 [http-nio-8081-exec-10] INFO  com.capstone.aspect.LoggerAspect - *************************************
2022-10-12 12:31:18 [http-nio-8081-exec-10] INFO  com.capstone.aspect.LoggerAspect - Method name: com.capstone.service.emiServiceImp
2022-10-12 12:31:18 [http-nio-8081-exec-10] INFO  com.capstone.aspect.LoggerAspect - Method arguments:[Ljava.lang.Object;@94f6352
2022-10-12 12:31:18 [http-nio-8081-exec-10] INFO  com.capstone.aspect.LoggerAspect - *************************************
2022-10-12 12:31:18 [http-nio-8081-exec-10] INFO  com.capstone.aspect.LoggerAspect - During: class com.capstone.service.emiServiceImp.getEmiData() with arguments=emi [s_no=7, loanaccno=202211033, loan_status=active, emi_amount=10271.0, upcomming_payment_date=2022-11-07, remaining_amount=350000.0]
2022-10-12 12:31:18 [http-nio-8081-exec-10] INFO  com.capstone.aspect.LoggerAspect - *************************************
2022-10-12 12:31:18 [http-nio-8081-exec-10] INFO  com.capstone.aspect.LoggerAspect - During: class com.capstone.controller.emiController.getemiofAccount() with arguments=<200 OK OK,emi [s_no=7, loanaccno=202211033, loan_status=active, emi_amount=10271.0, upcomming_payment_date=2022-11-07, remaining_amount=350000.0],[]>
2022-10-12 12:31:18 [http-nio-8081-exec-10] INFO  com.capstone.aspect.LoggerAspect - *************************************
2022-10-12 12:32:09 [http-nio-8081-exec-2] INFO  com.capstone.aspect.LoggerAspect - Method name: com.capstone.controller.emiController
2022-10-12 12:32:09 [http-nio-8081-exec-2] INFO  com.capstone.aspect.LoggerAspect - Method arguments:[Ljava.lang.Object;@597656fe
2022-10-12 12:32:09 [http-nio-8081-exec-2] INFO  com.capstone.aspect.LoggerAspect - *************************************
2022-10-12 12:32:09 [http-nio-8081-exec-2] INFO  com.capstone.aspect.LoggerAspect - Method name: com.capstone.service.emiServiceImp
2022-10-12 12:32:09 [http-nio-8081-exec-2] INFO  com.capstone.aspect.LoggerAspect - Method arguments:[Ljava.lang.Object;@2b2af525
2022-10-12 12:32:09 [http-nio-8081-exec-2] INFO  com.capstone.aspect.LoggerAspect - *************************************
2022-10-12 12:32:09 [http-nio-8081-exec-2] INFO  com.capstone.aspect.LoggerAspect - During: class com.capstone.service.emiServiceImp.getEmiData() with arguments=emi [s_no=7, loanaccno=202211033, loan_status=active, emi_amount=10271.0, upcomming_payment_date=2022-11-07, remaining_amount=350000.0]
2022-10-12 12:32:09 [http-nio-8081-exec-2] INFO  com.capstone.aspect.LoggerAspect - *************************************
2022-10-12 12:32:09 [http-nio-8081-exec-2] INFO  com.capstone.aspect.LoggerAspect - During: class com.capstone.controller.emiController.getemiofAccount() with arguments=<200 OK OK,emi [s_no=7, loanaccno=202211033, loan_status=active, emi_amount=10271.0, upcomming_payment_date=2022-11-07, remaining_amount=350000.0],[]>
2022-10-12 12:32:09 [http-nio-8081-exec-2] INFO  com.capstone.aspect.LoggerAspect - *************************************
2022-10-12 12:32:16 [http-nio-8081-exec-4] INFO  com.capstone.aspect.LoggerAspect - Method name: com.capstone.controller.emiController
2022-10-12 12:32:16 [http-nio-8081-exec-4] INFO  com.capstone.aspect.LoggerAspect - Method arguments:[Ljava.lang.Object;@6a0f08ce
2022-10-12 12:32:16 [http-nio-8081-exec-4] INFO  com.capstone.aspect.LoggerAspect - *************************************
2022-10-12 12:32:16 [http-nio-8081-exec-4] INFO  com.capstone.aspect.LoggerAspect - Method name: com.capstone.service.emiServiceImp
2022-10-12 12:32:16 [http-nio-8081-exec-4] INFO  com.capstone.aspect.LoggerAspect - Method arguments:[Ljava.lang.Object;@30d7753d
2022-10-12 12:32:16 [http-nio-8081-exec-4] INFO  com.capstone.aspect.LoggerAspect - *************************************
2022-10-12 12:32:16 [http-nio-8081-exec-4] INFO  com.capstone.aspect.LoggerAspect - During: class com.capstone.service.emiServiceImp.getEmiData() with arguments=emi [s_no=7, loanaccno=202211033, loan_status=active, emi_amount=10271.0, upcomming_payment_date=2022-11-07, remaining_amount=350000.0]
2022-10-12 12:32:16 [http-nio-8081-exec-4] INFO  com.capstone.aspect.LoggerAspect - *************************************
2022-10-12 12:32:16 [http-nio-8081-exec-4] INFO  com.capstone.aspect.LoggerAspect - During: class com.capstone.controller.emiController.getemiofAccount() with arguments=<200 OK OK,emi [s_no=7, loanaccno=202211033, loan_status=active, emi_amount=10271.0, upcomming_payment_date=2022-11-07, remaining_amount=350000.0],[]>
2022-10-12 12:32:16 [http-nio-8081-exec-4] INFO  com.capstone.aspect.LoggerAspect - *************************************
2022-10-12 12:32:55 [http-nio-8081-exec-6] INFO  com.capstone.aspect.LoggerAspect - Method name: com.capstone.controller.emiController
2022-10-12 12:32:55 [http-nio-8081-exec-6] INFO  com.capstone.aspect.LoggerAspect - Method arguments:[Ljava.lang.Object;@5a87cb53
2022-10-12 12:32:55 [http-nio-8081-exec-6] INFO  com.capstone.aspect.LoggerAspect - *************************************
2022-10-12 12:32:55 [http-nio-8081-exec-6] INFO  com.capstone.aspect.LoggerAspect - Method name: com.capstone.service.emiServiceImp
2022-10-12 12:32:55 [http-nio-8081-exec-6] INFO  com.capstone.aspect.LoggerAspect - Method arguments:[Ljava.lang.Object;@66907391
2022-10-12 12:32:55 [http-nio-8081-exec-6] INFO  com.capstone.aspect.LoggerAspect - *************************************
2022-10-12 12:32:55 [http-nio-8081-exec-6] INFO  com.capstone.aspect.LoggerAspect - During: class com.capstone.service.emiServiceImp.getEmiData() with arguments=emi [s_no=7, loanaccno=202211033, loan_status=active, emi_amount=10271.0, upcomming_payment_date=2022-11-07, remaining_amount=350000.0]
2022-10-12 12:32:55 [http-nio-8081-exec-6] INFO  com.capstone.aspect.LoggerAspect - *************************************
2022-10-12 12:32:55 [http-nio-8081-exec-6] INFO  com.capstone.aspect.LoggerAspect - During: class com.capstone.controller.emiController.getemiofAccount() with arguments=<200 OK OK,emi [s_no=7, loanaccno=202211033, loan_status=active, emi_amount=10271.0, upcomming_payment_date=2022-11-07, remaining_amount=350000.0],[]>
2022-10-12 12:32:55 [http-nio-8081-exec-6] INFO  com.capstone.aspect.LoggerAspect - *************************************
2022-10-12 12:33:39 [http-nio-8081-exec-8] INFO  com.capstone.aspect.LoggerAspect - Method name: com.capstone.controller.emiController
2022-10-12 12:33:39 [http-nio-8081-exec-8] INFO  com.capstone.aspect.LoggerAspect - Method arguments:[Ljava.lang.Object;@7c955f1c
2022-10-12 12:33:39 [http-nio-8081-exec-8] INFO  com.capstone.aspect.LoggerAspect - *************************************
2022-10-12 12:33:39 [http-nio-8081-exec-8] INFO  com.capstone.aspect.LoggerAspect - Method name: com.capstone.service.emiServiceImp
2022-10-12 12:33:39 [http-nio-8081-exec-8] INFO  com.capstone.aspect.LoggerAspect - Method arguments:[Ljava.lang.Object;@ff315c7
2022-10-12 12:33:39 [http-nio-8081-exec-8] INFO  com.capstone.aspect.LoggerAspect - *************************************
2022-10-12 12:33:39 [http-nio-8081-exec-8] INFO  com.capstone.aspect.LoggerAspect - During: class com.capstone.service.emiServiceImp.getEmiData() with arguments=emi [s_no=7, loanaccno=202211033, loan_status=active, emi_amount=10271.0, upcomming_payment_date=2022-11-07, remaining_amount=350000.0]
2022-10-12 12:33:39 [http-nio-8081-exec-8] INFO  com.capstone.aspect.LoggerAspect - *************************************
2022-10-12 12:33:39 [http-nio-8081-exec-8] INFO  com.capstone.aspect.LoggerAspect - During: class com.capstone.controller.emiController.getemiofAccount() with arguments=<200 OK OK,emi [s_no=7, loanaccno=202211033, loan_status=active, emi_amount=10271.0, upcomming_payment_date=2022-11-07, remaining_amount=350000.0],[]>
2022-10-12 12:33:39 [http-nio-8081-exec-8] INFO  com.capstone.aspect.LoggerAspect - *************************************
2022-10-12 12:33:56 [http-nio-8081-exec-10] INFO  com.capstone.aspect.LoggerAspect - Method name: com.capstone.controller.emiController
2022-10-12 12:33:56 [http-nio-8081-exec-10] INFO  com.capstone.aspect.LoggerAspect - Method arguments:[Ljava.lang.Object;@3623082
2022-10-12 12:33:56 [http-nio-8081-exec-10] INFO  com.capstone.aspect.LoggerAspect - *************************************
2022-10-12 12:33:56 [http-nio-8081-exec-10] INFO  com.capstone.aspect.LoggerAspect - Method name: com.capstone.service.emiServiceImp
2022-10-12 12:33:56 [http-nio-8081-exec-10] INFO  com.capstone.aspect.LoggerAspect - Method arguments:[Ljava.lang.Object;@4ad38172
2022-10-12 12:33:56 [http-nio-8081-exec-10] INFO  com.capstone.aspect.LoggerAspect - *************************************
2022-10-12 12:33:56 [http-nio-8081-exec-10] INFO  com.capstone.aspect.LoggerAspect - During: class com.capstone.service.emiServiceImp.getEmiData() with arguments=emi [s_no=7, loanaccno=202211033, loan_status=active, emi_amount=10271.0, upcomming_payment_date=2022-11-07, remaining_amount=350000.0]
2022-10-12 12:33:56 [http-nio-8081-exec-10] INFO  com.capstone.aspect.LoggerAspect - *************************************
2022-10-12 12:33:56 [http-nio-8081-exec-10] INFO  com.capstone.aspect.LoggerAspect - During: class com.capstone.controller.emiController.getemiofAccount() with arguments=<200 OK OK,emi [s_no=7, loanaccno=202211033, loan_status=active, emi_amount=10271.0, upcomming_payment_date=2022-11-07, remaining_amount=350000.0],[]>
2022-10-12 12:33:56 [http-nio-8081-exec-10] INFO  com.capstone.aspect.LoggerAspect - *************************************
2022-10-12 12:34:39 [http-nio-8081-exec-2] INFO  com.capstone.aspect.LoggerAspect - Method name: com.capstone.controller.emiController
2022-10-12 12:34:39 [http-nio-8081-exec-2] INFO  com.capstone.aspect.LoggerAspect - Method arguments:[Ljava.lang.Object;@7d43010e
2022-10-12 12:34:39 [http-nio-8081-exec-2] INFO  com.capstone.aspect.LoggerAspect - *************************************
2022-10-12 12:34:39 [http-nio-8081-exec-2] INFO  com.capstone.aspect.LoggerAspect - Method name: com.capstone.service.emiServiceImp
2022-10-12 12:34:39 [http-nio-8081-exec-2] INFO  com.capstone.aspect.LoggerAspect - Method arguments:[Ljava.lang.Object;@366e127f
2022-10-12 12:34:39 [http-nio-8081-exec-2] INFO  com.capstone.aspect.LoggerAspect - *************************************
2022-10-12 12:34:39 [http-nio-8081-exec-2] INFO  com.capstone.aspect.LoggerAspect - During: class com.capstone.service.emiServiceImp.getEmiData() with arguments=emi [s_no=7, loanaccno=202211033, loan_status=active, emi_amount=10271.0, upcomming_payment_date=2022-11-07, remaining_amount=350000.0]
2022-10-12 12:34:39 [http-nio-8081-exec-2] INFO  com.capstone.aspect.LoggerAspect - *************************************
2022-10-12 12:34:39 [http-nio-8081-exec-2] INFO  com.capstone.aspect.LoggerAspect - During: class com.capstone.controller.emiController.getemiofAccount() with arguments=<200 OK OK,emi [s_no=7, loanaccno=202211033, loan_status=active, emi_amount=10271.0, upcomming_payment_date=2022-11-07, remaining_amount=350000.0],[]>
2022-10-12 12:34:39 [http-nio-8081-exec-2] INFO  com.capstone.aspect.LoggerAspect - *************************************
2022-10-12 12:35:11 [http-nio-8081-exec-4] INFO  com.capstone.aspect.LoggerAspect - Method name: com.capstone.controller.emiController
2022-10-12 12:35:11 [http-nio-8081-exec-4] INFO  com.capstone.aspect.LoggerAspect - Method arguments:[Ljava.lang.Object;@49174d2d
2022-10-12 12:35:11 [http-nio-8081-exec-4] INFO  com.capstone.aspect.LoggerAspect - *************************************
2022-10-12 12:35:11 [http-nio-8081-exec-4] INFO  com.capstone.aspect.LoggerAspect - Method name: com.capstone.service.emiServiceImp
2022-10-12 12:35:11 [http-nio-8081-exec-4] INFO  com.capstone.aspect.LoggerAspect - Method arguments:[Ljava.lang.Object;@6812bda6
2022-10-12 12:35:11 [http-nio-8081-exec-4] INFO  com.capstone.aspect.LoggerAspect - *************************************
2022-10-12 12:35:11 [http-nio-8081-exec-4] INFO  com.capstone.aspect.LoggerAspect - During: class com.capstone.service.emiServiceImp.getEmiData() with arguments=emi [s_no=7, loanaccno=202211033, loan_status=active, emi_amount=10271.0, upcomming_payment_date=2022-11-07, remaining_amount=350000.0]
2022-10-12 12:35:11 [http-nio-8081-exec-4] INFO  com.capstone.aspect.LoggerAspect - *************************************
2022-10-12 12:35:11 [http-nio-8081-exec-4] INFO  com.capstone.aspect.LoggerAspect - During: class com.capstone.controller.emiController.getemiofAccount() with arguments=<200 OK OK,emi [s_no=7, loanaccno=202211033, loan_status=active, emi_amount=10271.0, upcomming_payment_date=2022-11-07, remaining_amount=350000.0],[]>
2022-10-12 12:35:11 [http-nio-8081-exec-4] INFO  com.capstone.aspect.LoggerAspect - *************************************
2022-10-12 12:35:17 [AsyncResolver-bootstrap-executor-0] INFO  c.n.d.s.r.aws.ConfigClusterResolver - Resolving eureka endpoints via configuration
2022-10-12 12:35:19 [http-nio-8081-exec-6] INFO  com.capstone.aspect.LoggerAspect - Method name: com.capstone.controller.emiController
2022-10-12 12:35:19 [http-nio-8081-exec-6] INFO  com.capstone.aspect.LoggerAspect - Method arguments:[Ljava.lang.Object;@ed65ca4
2022-10-12 12:35:19 [http-nio-8081-exec-6] INFO  com.capstone.aspect.LoggerAspect - *************************************
2022-10-12 12:35:19 [http-nio-8081-exec-6] INFO  com.capstone.aspect.LoggerAspect - Method name: com.capstone.service.emiServiceImp
2022-10-12 12:35:19 [http-nio-8081-exec-6] INFO  com.capstone.aspect.LoggerAspect - Method arguments:[Ljava.lang.Object;@df3e155
2022-10-12 12:35:19 [http-nio-8081-exec-6] INFO  com.capstone.aspect.LoggerAspect - *************************************
2022-10-12 12:35:19 [http-nio-8081-exec-6] INFO  com.capstone.aspect.LoggerAspect - During: class com.capstone.service.emiServiceImp.getEmiData() with arguments=emi [s_no=7, loanaccno=202211033, loan_status=active, emi_amount=10271.0, upcomming_payment_date=2022-11-07, remaining_amount=350000.0]
2022-10-12 12:35:19 [http-nio-8081-exec-6] INFO  com.capstone.aspect.LoggerAspect - *************************************
2022-10-12 12:35:19 [http-nio-8081-exec-6] INFO  com.capstone.aspect.LoggerAspect - During: class com.capstone.controller.emiController.getemiofAccount() with arguments=<200 OK OK,emi [s_no=7, loanaccno=202211033, loan_status=active, emi_amount=10271.0, upcomming_payment_date=2022-11-07, remaining_amount=350000.0],[]>
2022-10-12 12:35:19 [http-nio-8081-exec-6] INFO  com.capstone.aspect.LoggerAspect - *************************************
2022-10-12 12:35:26 [http-nio-8081-exec-7] INFO  com.capstone.aspect.LoggerAspect - Method name: com.capstone.controller.emiController
2022-10-12 12:35:26 [http-nio-8081-exec-7] INFO  com.capstone.aspect.LoggerAspect - Method arguments:[Ljava.lang.Object;@6dfe3d22
2022-10-12 12:35:26 [http-nio-8081-exec-7] INFO  com.capstone.aspect.LoggerAspect - *************************************
2022-10-12 12:35:26 [http-nio-8081-exec-7] INFO  com.capstone.aspect.LoggerAspect - Method name: com.capstone.service.emiServiceImp
2022-10-12 12:35:26 [http-nio-8081-exec-7] INFO  com.capstone.aspect.LoggerAspect - Method arguments:[Ljava.lang.Object;@6ea2e333
2022-10-12 12:35:26 [http-nio-8081-exec-7] INFO  com.capstone.aspect.LoggerAspect - *************************************
2022-10-12 12:35:26 [http-nio-8081-exec-7] INFO  com.capstone.aspect.LoggerAspect - During: class com.capstone.service.emiServiceImp.getEmiData() with arguments=emi [s_no=7, loanaccno=202211033, loan_status=active, emi_amount=10271.0, upcomming_payment_date=2022-11-07, remaining_amount=350000.0]
2022-10-12 12:35:26 [http-nio-8081-exec-7] INFO  com.capstone.aspect.LoggerAspect - *************************************
2022-10-12 12:35:26 [http-nio-8081-exec-7] INFO  com.capstone.aspect.LoggerAspect - During: class com.capstone.controller.emiController.getemiofAccount() with arguments=<200 OK OK,emi [s_no=7, loanaccno=202211033, loan_status=active, emi_amount=10271.0, upcomming_payment_date=2022-11-07, remaining_amount=350000.0],[]>
2022-10-12 12:35:26 [http-nio-8081-exec-7] INFO  com.capstone.aspect.LoggerAspect - *************************************
2022-10-12 12:35:28 [http-nio-8081-exec-8] INFO  com.capstone.aspect.LoggerAspect - Method name: com.capstone.controller.emiController
2022-10-12 12:35:28 [http-nio-8081-exec-8] INFO  com.capstone.aspect.LoggerAspect - Method arguments:[Ljava.lang.Object;@77e4a3c
2022-10-12 12:35:28 [http-nio-8081-exec-8] INFO  com.capstone.aspect.LoggerAspect - *************************************
2022-10-12 12:35:28 [http-nio-8081-exec-8] INFO  com.capstone.aspect.LoggerAspect - Method name: com.capstone.service.emiServiceImp
2022-10-12 12:35:28 [http-nio-8081-exec-8] INFO  com.capstone.aspect.LoggerAspect - Method arguments:[Ljava.lang.Object;@1b6daf87
2022-10-12 12:35:28 [http-nio-8081-exec-8] INFO  com.capstone.aspect.LoggerAspect - *************************************
2022-10-12 12:35:28 [http-nio-8081-exec-8] INFO  com.capstone.aspect.LoggerAspect - During: class com.capstone.service.emiServiceImp.getEmiData() with arguments=emi [s_no=7, loanaccno=202211033, loan_status=active, emi_amount=10271.0, upcomming_payment_date=2022-11-07, remaining_amount=350000.0]
2022-10-12 12:35:28 [http-nio-8081-exec-8] INFO  com.capstone.aspect.LoggerAspect - *************************************
2022-10-12 12:35:28 [http-nio-8081-exec-8] INFO  com.capstone.aspect.LoggerAspect - During: class com.capstone.controller.emiController.getemiofAccount() with arguments=<200 OK OK,emi [s_no=7, loanaccno=202211033, loan_status=active, emi_amount=10271.0, upcomming_payment_date=2022-11-07, remaining_amount=350000.0],[]>
2022-10-12 12:35:28 [http-nio-8081-exec-8] INFO  com.capstone.aspect.LoggerAspect - *************************************
2022-10-12 12:37:20 [http-nio-8081-exec-10] INFO  com.capstone.aspect.LoggerAspect - Method name: com.capstone.controller.emiController
2022-10-12 12:37:20 [http-nio-8081-exec-10] INFO  com.capstone.aspect.LoggerAspect - Method arguments:[Ljava.lang.Object;@387aac2
2022-10-12 12:37:20 [http-nio-8081-exec-10] INFO  com.capstone.aspect.LoggerAspect - *************************************
2022-10-12 12:37:20 [http-nio-8081-exec-10] INFO  com.capstone.aspect.LoggerAspect - Method name: com.capstone.service.emiServiceImp
2022-10-12 12:37:20 [http-nio-8081-exec-10] INFO  com.capstone.aspect.LoggerAspect - Method arguments:[Ljava.lang.Object;@7a3b7a66
2022-10-12 12:37:20 [http-nio-8081-exec-10] INFO  com.capstone.aspect.LoggerAspect - *************************************
2022-10-12 12:37:20 [http-nio-8081-exec-10] INFO  com.capstone.aspect.LoggerAspect - During: class com.capstone.service.emiServiceImp.getEmiData() with arguments=emi [s_no=7, loanaccno=202211033, loan_status=active, emi_amount=10271.0, upcomming_payment_date=2022-11-07, remaining_amount=350000.0]
2022-10-12 12:37:20 [http-nio-8081-exec-10] INFO  com.capstone.aspect.LoggerAspect - *************************************
2022-10-12 12:37:20 [http-nio-8081-exec-10] INFO  com.capstone.aspect.LoggerAspect - During: class com.capstone.controller.emiController.getemiofAccount() with arguments=<200 OK OK,emi [s_no=7, loanaccno=202211033, loan_status=active, emi_amount=10271.0, upcomming_payment_date=2022-11-07, remaining_amount=350000.0],[]>
2022-10-12 12:37:20 [http-nio-8081-exec-10] INFO  com.capstone.aspect.LoggerAspect - *************************************
2022-10-12 12:37:51 [http-nio-8081-exec-2] INFO  com.capstone.aspect.LoggerAspect - Method name: com.capstone.controller.emiController
2022-10-12 12:37:51 [http-nio-8081-exec-2] INFO  com.capstone.aspect.LoggerAspect - Method arguments:[Ljava.lang.Object;@2be25814
2022-10-12 12:37:51 [http-nio-8081-exec-2] INFO  com.capstone.aspect.LoggerAspect - *************************************
2022-10-12 12:37:51 [http-nio-8081-exec-2] INFO  com.capstone.aspect.LoggerAspect - Method name: com.capstone.service.emiServiceImp
2022-10-12 12:37:51 [http-nio-8081-exec-2] INFO  com.capstone.aspect.LoggerAspect - Method arguments:[Ljava.lang.Object;@652532d9
2022-10-12 12:37:51 [http-nio-8081-exec-2] INFO  com.capstone.aspect.LoggerAspect - *************************************
2022-10-12 12:37:51 [http-nio-8081-exec-2] INFO  com.capstone.aspect.LoggerAspect - During: class com.capstone.service.emiServiceImp.getEmiData() with arguments=emi [s_no=7, loanaccno=202211033, loan_status=active, emi_amount=10271.0, upcomming_payment_date=2022-11-07, remaining_amount=350000.0]
2022-10-12 12:37:51 [http-nio-8081-exec-2] INFO  com.capstone.aspect.LoggerAspect - *************************************
2022-10-12 12:37:51 [http-nio-8081-exec-2] INFO  com.capstone.aspect.LoggerAspect - During: class com.capstone.controller.emiController.getemiofAccount() with arguments=<200 OK OK,emi [s_no=7, loanaccno=202211033, loan_status=active, emi_amount=10271.0, upcomming_payment_date=2022-11-07, remaining_amount=350000.0],[]>
2022-10-12 12:37:51 [http-nio-8081-exec-2] INFO  com.capstone.aspect.LoggerAspect - *************************************
2022-10-12 12:39:33 [http-nio-8081-exec-4] INFO  com.capstone.aspect.LoggerAspect - Method name: com.capstone.controller.emiController
2022-10-12 12:39:33 [http-nio-8081-exec-4] INFO  com.capstone.aspect.LoggerAspect - Method arguments:[Ljava.lang.Object;@4076bf00
2022-10-12 12:39:33 [http-nio-8081-exec-4] INFO  com.capstone.aspect.LoggerAspect - *************************************
2022-10-12 12:39:33 [http-nio-8081-exec-4] INFO  com.capstone.aspect.LoggerAspect - Method name: com.capstone.service.emiServiceImp
2022-10-12 12:39:33 [http-nio-8081-exec-4] INFO  com.capstone.aspect.LoggerAspect - Method arguments:[Ljava.lang.Object;@3bcebe62
2022-10-12 12:39:33 [http-nio-8081-exec-4] INFO  com.capstone.aspect.LoggerAspect - *************************************
2022-10-12 12:39:33 [http-nio-8081-exec-4] INFO  com.capstone.aspect.LoggerAspect - During: class com.capstone.service.emiServiceImp.getEmiData() with arguments=emi [s_no=7, loanaccno=202211033, loan_status=active, emi_amount=10271.0, upcomming_payment_date=2022-11-07, remaining_amount=350000.0]
2022-10-12 12:39:33 [http-nio-8081-exec-4] INFO  com.capstone.aspect.LoggerAspect - *************************************
2022-10-12 12:39:33 [http-nio-8081-exec-4] INFO  com.capstone.aspect.LoggerAspect - During: class com.capstone.controller.emiController.getemiofAccount() with arguments=<200 OK OK,emi [s_no=7, loanaccno=202211033, loan_status=active, emi_amount=10271.0, upcomming_payment_date=2022-11-07, remaining_amount=350000.0],[]>
2022-10-12 12:39:33 [http-nio-8081-exec-4] INFO  com.capstone.aspect.LoggerAspect - *************************************
2022-10-12 12:39:38 [http-nio-8081-exec-5] INFO  com.capstone.aspect.LoggerAspect - Method name: com.capstone.controller.emiController
2022-10-12 12:39:38 [http-nio-8081-exec-5] INFO  com.capstone.aspect.LoggerAspect - Method arguments:[Ljava.lang.Object;@dc74a9f
2022-10-12 12:39:38 [http-nio-8081-exec-5] INFO  com.capstone.aspect.LoggerAspect - *************************************
2022-10-12 12:39:38 [http-nio-8081-exec-5] INFO  com.capstone.aspect.LoggerAspect - Method name: com.capstone.service.emiServiceImp
2022-10-12 12:39:38 [http-nio-8081-exec-5] INFO  com.capstone.aspect.LoggerAspect - Method arguments:[Ljava.lang.Object;@1b049a3a
2022-10-12 12:39:38 [http-nio-8081-exec-5] INFO  com.capstone.aspect.LoggerAspect - *************************************
2022-10-12 12:39:38 [http-nio-8081-exec-5] INFO  com.capstone.aspect.LoggerAspect - During: class com.capstone.service.emiServiceImp.getEmiData() with arguments=emi [s_no=7, loanaccno=202211033, loan_status=active, emi_amount=10271.0, upcomming_payment_date=2022-11-07, remaining_amount=350000.0]
2022-10-12 12:39:38 [http-nio-8081-exec-5] INFO  com.capstone.aspect.LoggerAspect - *************************************
2022-10-12 12:39:38 [http-nio-8081-exec-5] INFO  com.capstone.aspect.LoggerAspect - During: class com.capstone.controller.emiController.getemiofAccount() with arguments=<200 OK OK,emi [s_no=7, loanaccno=202211033, loan_status=active, emi_amount=10271.0, upcomming_payment_date=2022-11-07, remaining_amount=350000.0],[]>
2022-10-12 12:39:38 [http-nio-8081-exec-5] INFO  com.capstone.aspect.LoggerAspect - *************************************
2022-10-12 12:40:06 [http-nio-8081-exec-6] INFO  com.capstone.aspect.LoggerAspect - Method name: com.capstone.controller.emiController
2022-10-12 12:40:06 [http-nio-8081-exec-6] INFO  com.capstone.aspect.LoggerAspect - Method arguments:[Ljava.lang.Object;@4ee7db02
2022-10-12 12:40:06 [http-nio-8081-exec-6] INFO  com.capstone.aspect.LoggerAspect - *************************************
2022-10-12 12:40:06 [http-nio-8081-exec-6] INFO  com.capstone.aspect.LoggerAspect - Method name: com.capstone.service.emiServiceImp
2022-10-12 12:40:06 [http-nio-8081-exec-6] INFO  com.capstone.aspect.LoggerAspect - Method arguments:[Ljava.lang.Object;@4e5b2f8a
2022-10-12 12:40:06 [http-nio-8081-exec-6] INFO  com.capstone.aspect.LoggerAspect - *************************************
2022-10-12 12:40:06 [http-nio-8081-exec-6] INFO  com.capstone.aspect.LoggerAspect - During: class com.capstone.service.emiServiceImp.getEmiData() with arguments=emi [s_no=7, loanaccno=202211033, loan_status=active, emi_amount=10271.0, upcomming_payment_date=2022-11-07, remaining_amount=350000.0]
2022-10-12 12:40:06 [http-nio-8081-exec-6] INFO  com.capstone.aspect.LoggerAspect - *************************************
2022-10-12 12:40:06 [http-nio-8081-exec-6] INFO  com.capstone.aspect.LoggerAspect - During: class com.capstone.controller.emiController.getemiofAccount() with arguments=<200 OK OK,emi [s_no=7, loanaccno=202211033, loan_status=active, emi_amount=10271.0, upcomming_payment_date=2022-11-07, remaining_amount=350000.0],[]>
2022-10-12 12:40:06 [http-nio-8081-exec-6] INFO  com.capstone.aspect.LoggerAspect - *************************************
2022-10-12 12:40:09 [http-nio-8081-exec-8] INFO  com.capstone.aspect.LoggerAspect - Method name: com.capstone.controller.emiController
2022-10-12 12:40:09 [http-nio-8081-exec-8] INFO  com.capstone.aspect.LoggerAspect - Method arguments:[Ljava.lang.Object;@52fd5319
2022-10-12 12:40:09 [http-nio-8081-exec-8] INFO  com.capstone.aspect.LoggerAspect - *************************************
2022-10-12 12:40:09 [http-nio-8081-exec-8] INFO  com.capstone.aspect.LoggerAspect - Method name: com.capstone.service.emiServiceImp
2022-10-12 12:40:09 [http-nio-8081-exec-8] INFO  com.capstone.aspect.LoggerAspect - Method arguments:[Ljava.lang.Object;@5c6609fe
2022-10-12 12:40:09 [http-nio-8081-exec-8] INFO  com.capstone.aspect.LoggerAspect - *************************************
2022-10-12 12:40:09 [http-nio-8081-exec-8] INFO  com.capstone.aspect.LoggerAspect - During: class com.capstone.service.emiServiceImp.getEmiData() with arguments=emi [s_no=7, loanaccno=202211033, loan_status=active, emi_amount=10271.0, upcomming_payment_date=2022-11-07, remaining_amount=350000.0]
2022-10-12 12:40:09 [http-nio-8081-exec-8] INFO  com.capstone.aspect.LoggerAspect - *************************************
2022-10-12 12:40:09 [http-nio-8081-exec-8] INFO  com.capstone.aspect.LoggerAspect - During: class com.capstone.controller.emiController.getemiofAccount() with arguments=<200 OK OK,emi [s_no=7, loanaccno=202211033, loan_status=active, emi_amount=10271.0, upcomming_payment_date=2022-11-07, remaining_amount=350000.0],[]>
2022-10-12 12:40:09 [http-nio-8081-exec-8] INFO  com.capstone.aspect.LoggerAspect - *************************************
2022-10-12 12:40:15 [http-nio-8081-exec-9] INFO  com.capstone.aspect.LoggerAspect - Method name: com.capstone.controller.emiController
2022-10-12 12:40:15 [http-nio-8081-exec-9] INFO  com.capstone.aspect.LoggerAspect - Method arguments:[Ljava.lang.Object;@62e7646c
2022-10-12 12:40:15 [http-nio-8081-exec-9] INFO  com.capstone.aspect.LoggerAspect - *************************************
2022-10-12 12:40:15 [http-nio-8081-exec-9] INFO  com.capstone.aspect.LoggerAspect - Method name: com.capstone.service.emiServiceImp
2022-10-12 12:40:15 [http-nio-8081-exec-9] INFO  com.capstone.aspect.LoggerAspect - Method arguments:[Ljava.lang.Object;@6ae19049
2022-10-12 12:40:15 [http-nio-8081-exec-9] INFO  com.capstone.aspect.LoggerAspect - *************************************
2022-10-12 12:40:15 [http-nio-8081-exec-9] INFO  com.capstone.aspect.LoggerAspect - During: class com.capstone.service.emiServiceImp.getEmiData() with arguments=emi [s_no=7, loanaccno=202211033, loan_status=active, emi_amount=10271.0, upcomming_payment_date=2022-11-07, remaining_amount=350000.0]
2022-10-12 12:40:15 [http-nio-8081-exec-9] INFO  com.capstone.aspect.LoggerAspect - *************************************
2022-10-12 12:40:15 [http-nio-8081-exec-9] INFO  com.capstone.aspect.LoggerAspect - During: class com.capstone.controller.emiController.getemiofAccount() with arguments=<200 OK OK,emi [s_no=7, loanaccno=202211033, loan_status=active, emi_amount=10271.0, upcomming_payment_date=2022-11-07, remaining_amount=350000.0],[]>
2022-10-12 12:40:15 [http-nio-8081-exec-9] INFO  com.capstone.aspect.LoggerAspect - *************************************
2022-10-12 12:40:17 [AsyncResolver-bootstrap-executor-0] INFO  c.n.d.s.r.aws.ConfigClusterResolver - Resolving eureka endpoints via configuration
2022-10-12 12:40:43 [http-nio-8081-exec-1] INFO  com.capstone.aspect.LoggerAspect - Method name: com.capstone.controller.emiController
2022-10-12 12:40:43 [http-nio-8081-exec-1] INFO  com.capstone.aspect.LoggerAspect - Method arguments:[Ljava.lang.Object;@45bc2df6
2022-10-12 12:40:43 [http-nio-8081-exec-1] INFO  com.capstone.aspect.LoggerAspect - *************************************
2022-10-12 12:40:43 [http-nio-8081-exec-1] INFO  com.capstone.aspect.LoggerAspect - Method name: com.capstone.service.emiServiceImp
2022-10-12 12:40:43 [http-nio-8081-exec-1] INFO  com.capstone.aspect.LoggerAspect - Method arguments:[Ljava.lang.Object;@3ae62380
2022-10-12 12:40:43 [http-nio-8081-exec-1] INFO  com.capstone.aspect.LoggerAspect - *************************************
2022-10-12 12:40:43 [http-nio-8081-exec-1] INFO  com.capstone.aspect.LoggerAspect - During: class com.capstone.service.emiServiceImp.getEmiData() with arguments=emi [s_no=7, loanaccno=202211033, loan_status=active, emi_amount=10271.0, upcomming_payment_date=2022-11-07, remaining_amount=350000.0]
2022-10-12 12:40:43 [http-nio-8081-exec-1] INFO  com.capstone.aspect.LoggerAspect - *************************************
2022-10-12 12:40:43 [http-nio-8081-exec-1] INFO  com.capstone.aspect.LoggerAspect - During: class com.capstone.controller.emiController.getemiofAccount() with arguments=<200 OK OK,emi [s_no=7, loanaccno=202211033, loan_status=active, emi_amount=10271.0, upcomming_payment_date=2022-11-07, remaining_amount=350000.0],[]>
2022-10-12 12:40:43 [http-nio-8081-exec-1] INFO  com.capstone.aspect.LoggerAspect - *************************************
2022-10-12 12:40:47 [http-nio-8081-exec-2] INFO  com.capstone.aspect.LoggerAspect - Method name: com.capstone.controller.emiController
2022-10-12 12:40:47 [http-nio-8081-exec-2] INFO  com.capstone.aspect.LoggerAspect - Method arguments:[Ljava.lang.Object;@6cd0844d
2022-10-12 12:40:47 [http-nio-8081-exec-2] INFO  com.capstone.aspect.LoggerAspect - *************************************
2022-10-12 12:40:47 [http-nio-8081-exec-2] INFO  com.capstone.aspect.LoggerAspect - Method name: com.capstone.service.emiServiceImp
2022-10-12 12:40:47 [http-nio-8081-exec-2] INFO  com.capstone.aspect.LoggerAspect - Method arguments:[Ljava.lang.Object;@5b789819
2022-10-12 12:40:47 [http-nio-8081-exec-2] INFO  com.capstone.aspect.LoggerAspect - *************************************
2022-10-12 12:40:47 [http-nio-8081-exec-2] INFO  com.capstone.aspect.LoggerAspect - During: class com.capstone.service.emiServiceImp.getEmiData() with arguments=emi [s_no=7, loanaccno=202211033, loan_status=active, emi_amount=10271.0, upcomming_payment_date=2022-11-07, remaining_amount=350000.0]
2022-10-12 12:40:47 [http-nio-8081-exec-2] INFO  com.capstone.aspect.LoggerAspect - *************************************
2022-10-12 12:40:47 [http-nio-8081-exec-2] INFO  com.capstone.aspect.LoggerAspect - During: class com.capstone.controller.emiController.getemiofAccount() with arguments=<200 OK OK,emi [s_no=7, loanaccno=202211033, loan_status=active, emi_amount=10271.0, upcomming_payment_date=2022-11-07, remaining_amount=350000.0],[]>
2022-10-12 12:40:47 [http-nio-8081-exec-2] INFO  com.capstone.aspect.LoggerAspect - *************************************
2022-10-12 12:40:49 [http-nio-8081-exec-3] INFO  com.capstone.aspect.LoggerAspect - Method name: com.capstone.controller.emiController
2022-10-12 12:40:49 [http-nio-8081-exec-3] INFO  com.capstone.aspect.LoggerAspect - Method arguments:[Ljava.lang.Object;@38dd989b
2022-10-12 12:40:49 [http-nio-8081-exec-3] INFO  com.capstone.aspect.LoggerAspect - *************************************
2022-10-12 12:40:49 [http-nio-8081-exec-3] INFO  com.capstone.aspect.LoggerAspect - Method name: com.capstone.service.emiServiceImp
2022-10-12 12:40:49 [http-nio-8081-exec-3] INFO  com.capstone.aspect.LoggerAspect - Method arguments:[Ljava.lang.Object;@df1a971
2022-10-12 12:40:49 [http-nio-8081-exec-3] INFO  com.capstone.aspect.LoggerAspect - *************************************
2022-10-12 12:40:49 [http-nio-8081-exec-3] INFO  com.capstone.aspect.LoggerAspect - During: class com.capstone.service.emiServiceImp.getEmiData() with arguments=emi [s_no=7, loanaccno=202211033, loan_status=active, emi_amount=10271.0, upcomming_payment_date=2022-11-07, remaining_amount=350000.0]
2022-10-12 12:40:49 [http-nio-8081-exec-3] INFO  com.capstone.aspect.LoggerAspect - *************************************
2022-10-12 12:40:49 [http-nio-8081-exec-3] INFO  com.capstone.aspect.LoggerAspect - During: class com.capstone.controller.emiController.getemiofAccount() with arguments=<200 OK OK,emi [s_no=7, loanaccno=202211033, loan_status=active, emi_amount=10271.0, upcomming_payment_date=2022-11-07, remaining_amount=350000.0],[]>
2022-10-12 12:40:49 [http-nio-8081-exec-3] INFO  com.capstone.aspect.LoggerAspect - *************************************
2022-10-12 12:40:52 [http-nio-8081-exec-4] INFO  com.capstone.aspect.LoggerAspect - Method name: com.capstone.controller.emiController
2022-10-12 12:40:52 [http-nio-8081-exec-4] INFO  com.capstone.aspect.LoggerAspect - Method arguments:[Ljava.lang.Object;@645e0f8
2022-10-12 12:40:52 [http-nio-8081-exec-4] INFO  com.capstone.aspect.LoggerAspect - *************************************
2022-10-12 12:40:52 [http-nio-8081-exec-4] INFO  com.capstone.aspect.LoggerAspect - Method name: com.capstone.service.emiServiceImp
2022-10-12 12:40:52 [http-nio-8081-exec-4] INFO  com.capstone.aspect.LoggerAspect - Method arguments:[Ljava.lang.Object;@36a3cd13
2022-10-12 12:40:52 [http-nio-8081-exec-4] INFO  com.capstone.aspect.LoggerAspect - *************************************
2022-10-12 12:40:52 [http-nio-8081-exec-4] INFO  com.capstone.aspect.LoggerAspect - During: class com.capstone.service.emiServiceImp.getEmiData() with arguments=emi [s_no=7, loanaccno=202211033, loan_status=active, emi_amount=10271.0, upcomming_payment_date=2022-11-07, remaining_amount=350000.0]
2022-10-12 12:40:52 [http-nio-8081-exec-4] INFO  com.capstone.aspect.LoggerAspect - *************************************
2022-10-12 12:40:52 [http-nio-8081-exec-4] INFO  com.capstone.aspect.LoggerAspect - During: class com.capstone.controller.emiController.getemiofAccount() with arguments=<200 OK OK,emi [s_no=7, loanaccno=202211033, loan_status=active, emi_amount=10271.0, upcomming_payment_date=2022-11-07, remaining_amount=350000.0],[]>
2022-10-12 12:40:52 [http-nio-8081-exec-4] INFO  com.capstone.aspect.LoggerAspect - *************************************
2022-10-12 12:40:57 [http-nio-8081-exec-5] INFO  com.capstone.aspect.LoggerAspect - Method name: com.capstone.controller.emiController
2022-10-12 12:40:57 [http-nio-8081-exec-5] INFO  com.capstone.aspect.LoggerAspect - Method arguments:[Ljava.lang.Object;@52537245
2022-10-12 12:40:57 [http-nio-8081-exec-5] INFO  com.capstone.aspect.LoggerAspect - *************************************
2022-10-12 12:40:57 [http-nio-8081-exec-5] INFO  com.capstone.aspect.LoggerAspect - Method name: com.capstone.service.emiServiceImp
2022-10-12 12:40:57 [http-nio-8081-exec-5] INFO  com.capstone.aspect.LoggerAspect - Method arguments:[Ljava.lang.Object;@55744a2a
2022-10-12 12:40:57 [http-nio-8081-exec-5] INFO  com.capstone.aspect.LoggerAspect - *************************************
2022-10-12 12:40:57 [http-nio-8081-exec-5] INFO  com.capstone.aspect.LoggerAspect - During: class com.capstone.service.emiServiceImp.getEmiData() with arguments=emi [s_no=7, loanaccno=202211033, loan_status=active, emi_amount=10271.0, upcomming_payment_date=2022-11-07, remaining_amount=350000.0]
2022-10-12 12:40:57 [http-nio-8081-exec-5] INFO  com.capstone.aspect.LoggerAspect - *************************************
2022-10-12 12:40:57 [http-nio-8081-exec-5] INFO  com.capstone.aspect.LoggerAspect - During: class com.capstone.controller.emiController.getemiofAccount() with arguments=<200 OK OK,emi [s_no=7, loanaccno=202211033, loan_status=active, emi_amount=10271.0, upcomming_payment_date=2022-11-07, remaining_amount=350000.0],[]>
2022-10-12 12:40:57 [http-nio-8081-exec-5] INFO  com.capstone.aspect.LoggerAspect - *************************************
2022-10-12 12:41:00 [http-nio-8081-exec-6] INFO  com.capstone.aspect.LoggerAspect - Method name: com.capstone.controller.emiController
2022-10-12 12:41:00 [http-nio-8081-exec-6] INFO  com.capstone.aspect.LoggerAspect - Method arguments:[Ljava.lang.Object;@51e9218f
2022-10-12 12:41:00 [http-nio-8081-exec-6] INFO  com.capstone.aspect.LoggerAspect - *************************************
2022-10-12 12:41:00 [http-nio-8081-exec-6] INFO  com.capstone.aspect.LoggerAspect - Method name: com.capstone.service.emiServiceImp
2022-10-12 12:41:00 [http-nio-8081-exec-6] INFO  com.capstone.aspect.LoggerAspect - Method arguments:[Ljava.lang.Object;@774b7bf1
2022-10-12 12:41:00 [http-nio-8081-exec-6] INFO  com.capstone.aspect.LoggerAspect - *************************************
2022-10-12 12:41:00 [http-nio-8081-exec-6] INFO  com.capstone.aspect.LoggerAspect - During: class com.capstone.service.emiServiceImp.getEmiData() with arguments=emi [s_no=7, loanaccno=202211033, loan_status=active, emi_amount=10271.0, upcomming_payment_date=2022-11-07, remaining_amount=350000.0]
2022-10-12 12:41:00 [http-nio-8081-exec-6] INFO  com.capstone.aspect.LoggerAspect - *************************************
2022-10-12 12:41:00 [http-nio-8081-exec-6] INFO  com.capstone.aspect.LoggerAspect - During: class com.capstone.controller.emiController.getemiofAccount() with arguments=<200 OK OK,emi [s_no=7, loanaccno=202211033, loan_status=active, emi_amount=10271.0, upcomming_payment_date=2022-11-07, remaining_amount=350000.0],[]>
2022-10-12 12:41:00 [http-nio-8081-exec-6] INFO  com.capstone.aspect.LoggerAspect - *************************************
2022-10-12 12:41:12 [http-nio-8081-exec-8] INFO  com.capstone.aspect.LoggerAspect - Method name: com.capstone.controller.emiController
2022-10-12 12:41:12 [http-nio-8081-exec-8] INFO  com.capstone.aspect.LoggerAspect - Method arguments:[Ljava.lang.Object;@1c89f8dc
2022-10-12 12:41:12 [http-nio-8081-exec-8] INFO  com.capstone.aspect.LoggerAspect - *************************************
2022-10-12 12:41:12 [http-nio-8081-exec-8] INFO  com.capstone.aspect.LoggerAspect - Method name: com.capstone.service.emiServiceImp
2022-10-12 12:41:12 [http-nio-8081-exec-8] INFO  com.capstone.aspect.LoggerAspect - Method arguments:[Ljava.lang.Object;@53b73c
2022-10-12 12:41:12 [http-nio-8081-exec-8] INFO  com.capstone.aspect.LoggerAspect - *************************************
2022-10-12 12:41:12 [http-nio-8081-exec-8] INFO  com.capstone.aspect.LoggerAspect - During: class com.capstone.service.emiServiceImp.getEmiData() with arguments=emi [s_no=7, loanaccno=202211033, loan_status=active, emi_amount=10271.0, upcomming_payment_date=2022-11-07, remaining_amount=350000.0]
2022-10-12 12:41:12 [http-nio-8081-exec-8] INFO  com.capstone.aspect.LoggerAspect - *************************************
2022-10-12 12:41:12 [http-nio-8081-exec-8] INFO  com.capstone.aspect.LoggerAspect - During: class com.capstone.controller.emiController.getemiofAccount() with arguments=<200 OK OK,emi [s_no=7, loanaccno=202211033, loan_status=active, emi_amount=10271.0, upcomming_payment_date=2022-11-07, remaining_amount=350000.0],[]>
2022-10-12 12:41:12 [http-nio-8081-exec-8] INFO  com.capstone.aspect.LoggerAspect - *************************************
2022-10-12 12:41:38 [http-nio-8081-exec-10] INFO  com.capstone.aspect.LoggerAspect - Method name: com.capstone.controller.emiController
2022-10-12 12:41:38 [http-nio-8081-exec-10] INFO  com.capstone.aspect.LoggerAspect - Method arguments:[Ljava.lang.Object;@4aeb089b
2022-10-12 12:41:38 [http-nio-8081-exec-10] INFO  com.capstone.aspect.LoggerAspect - *************************************
2022-10-12 12:41:38 [http-nio-8081-exec-10] INFO  com.capstone.aspect.LoggerAspect - Method name: com.capstone.service.emiServiceImp
2022-10-12 12:41:38 [http-nio-8081-exec-10] INFO  com.capstone.aspect.LoggerAspect - Method arguments:[Ljava.lang.Object;@59e3d040
2022-10-12 12:41:38 [http-nio-8081-exec-10] INFO  com.capstone.aspect.LoggerAspect - *************************************
2022-10-12 12:41:38 [http-nio-8081-exec-10] INFO  com.capstone.aspect.LoggerAspect - During: class com.capstone.service.emiServiceImp.getEmiData() with arguments=emi [s_no=7, loanaccno=202211033, loan_status=active, emi_amount=10271.0, upcomming_payment_date=2022-11-07, remaining_amount=350000.0]
2022-10-12 12:41:38 [http-nio-8081-exec-10] INFO  com.capstone.aspect.LoggerAspect - *************************************
2022-10-12 12:41:38 [http-nio-8081-exec-10] INFO  com.capstone.aspect.LoggerAspect - During: class com.capstone.controller.emiController.getemiofAccount() with arguments=<200 OK OK,emi [s_no=7, loanaccno=202211033, loan_status=active, emi_amount=10271.0, upcomming_payment_date=2022-11-07, remaining_amount=350000.0],[]>
2022-10-12 12:41:38 [http-nio-8081-exec-10] INFO  com.capstone.aspect.LoggerAspect - *************************************
2022-10-12 12:42:24 [http-nio-8081-exec-2] INFO  com.capstone.aspect.LoggerAspect - Method name: com.capstone.controller.emiController
2022-10-12 12:42:24 [http-nio-8081-exec-2] INFO  com.capstone.aspect.LoggerAspect - Method arguments:[Ljava.lang.Object;@1648bcc5
2022-10-12 12:42:24 [http-nio-8081-exec-2] INFO  com.capstone.aspect.LoggerAspect - *************************************
2022-10-12 12:42:24 [http-nio-8081-exec-2] INFO  com.capstone.aspect.LoggerAspect - Method name: com.capstone.service.emiServiceImp
2022-10-12 12:42:24 [http-nio-8081-exec-2] INFO  com.capstone.aspect.LoggerAspect - Method arguments:[Ljava.lang.Object;@2db7a591
2022-10-12 12:42:24 [http-nio-8081-exec-2] INFO  com.capstone.aspect.LoggerAspect - *************************************
2022-10-12 12:42:24 [http-nio-8081-exec-2] INFO  com.capstone.aspect.LoggerAspect - During: class com.capstone.service.emiServiceImp.getEmiData() with arguments=emi [s_no=7, loanaccno=202211033, loan_status=active, emi_amount=10271.0, upcomming_payment_date=2022-11-07, remaining_amount=350000.0]
2022-10-12 12:42:24 [http-nio-8081-exec-2] INFO  com.capstone.aspect.LoggerAspect - *************************************
2022-10-12 12:42:24 [http-nio-8081-exec-2] INFO  com.capstone.aspect.LoggerAspect - During: class com.capstone.controller.emiController.getemiofAccount() with arguments=<200 OK OK,emi [s_no=7, loanaccno=202211033, loan_status=active, emi_amount=10271.0, upcomming_payment_date=2022-11-07, remaining_amount=350000.0],[]>
2022-10-12 12:42:24 [http-nio-8081-exec-2] INFO  com.capstone.aspect.LoggerAspect - *************************************
2022-10-12 12:42:34 [http-nio-8081-exec-3] INFO  com.capstone.aspect.LoggerAspect - Method name: com.capstone.controller.emiController
2022-10-12 12:42:34 [http-nio-8081-exec-3] INFO  com.capstone.aspect.LoggerAspect - Method arguments:[Ljava.lang.Object;@4c35010d
2022-10-12 12:42:34 [http-nio-8081-exec-3] INFO  com.capstone.aspect.LoggerAspect - *************************************
2022-10-12 12:42:34 [http-nio-8081-exec-3] INFO  com.capstone.aspect.LoggerAspect - Method name: com.capstone.service.emiServiceImp
2022-10-12 12:42:34 [http-nio-8081-exec-3] INFO  com.capstone.aspect.LoggerAspect - Method arguments:[Ljava.lang.Object;@5270a1d6
2022-10-12 12:42:34 [http-nio-8081-exec-3] INFO  com.capstone.aspect.LoggerAspect - *************************************
2022-10-12 12:42:34 [http-nio-8081-exec-3] INFO  com.capstone.aspect.LoggerAspect - During: class com.capstone.service.emiServiceImp.getEmiData() with arguments=emi [s_no=7, loanaccno=202211033, loan_status=active, emi_amount=10271.0, upcomming_payment_date=2022-11-07, remaining_amount=350000.0]
2022-10-12 12:42:34 [http-nio-8081-exec-3] INFO  com.capstone.aspect.LoggerAspect - *************************************
2022-10-12 12:42:34 [http-nio-8081-exec-3] INFO  com.capstone.aspect.LoggerAspect - During: class com.capstone.controller.emiController.getemiofAccount() with arguments=<200 OK OK,emi [s_no=7, loanaccno=202211033, loan_status=active, emi_amount=10271.0, upcomming_payment_date=2022-11-07, remaining_amount=350000.0],[]>
2022-10-12 12:42:34 [http-nio-8081-exec-3] INFO  com.capstone.aspect.LoggerAspect - *************************************
2022-10-12 12:43:14 [http-nio-8081-exec-5] INFO  com.capstone.aspect.LoggerAspect - Method name: com.capstone.controller.emiController
2022-10-12 12:43:14 [http-nio-8081-exec-5] INFO  com.capstone.aspect.LoggerAspect - Method arguments:[Ljava.lang.Object;@761235ce
2022-10-12 12:43:14 [http-nio-8081-exec-5] INFO  com.capstone.aspect.LoggerAspect - *************************************
2022-10-12 12:43:14 [http-nio-8081-exec-5] INFO  com.capstone.aspect.LoggerAspect - Method name: com.capstone.service.emiServiceImp
2022-10-12 12:43:14 [http-nio-8081-exec-5] INFO  com.capstone.aspect.LoggerAspect - Method arguments:[Ljava.lang.Object;@746710ca
2022-10-12 12:43:14 [http-nio-8081-exec-5] INFO  com.capstone.aspect.LoggerAspect - *************************************
2022-10-12 12:43:14 [http-nio-8081-exec-5] INFO  com.capstone.aspect.LoggerAspect - During: class com.capstone.service.emiServiceImp.getEmiData() with arguments=emi [s_no=7, loanaccno=202211033, loan_status=active, emi_amount=10271.0, upcomming_payment_date=2022-11-07, remaining_amount=350000.0]
2022-10-12 12:43:14 [http-nio-8081-exec-5] INFO  com.capstone.aspect.LoggerAspect - *************************************
2022-10-12 12:43:14 [http-nio-8081-exec-5] INFO  com.capstone.aspect.LoggerAspect - During: class com.capstone.controller.emiController.getemiofAccount() with arguments=<200 OK OK,emi [s_no=7, loanaccno=202211033, loan_status=active, emi_amount=10271.0, upcomming_payment_date=2022-11-07, remaining_amount=350000.0],[]>
2022-10-12 12:43:14 [http-nio-8081-exec-5] INFO  com.capstone.aspect.LoggerAspect - *************************************
2022-10-12 12:43:32 [http-nio-8081-exec-7] INFO  com.capstone.aspect.LoggerAspect - Method name: com.capstone.controller.emiController
2022-10-12 12:43:32 [http-nio-8081-exec-7] INFO  com.capstone.aspect.LoggerAspect - Method arguments:[Ljava.lang.Object;@7dddf99d
2022-10-12 12:43:32 [http-nio-8081-exec-7] INFO  com.capstone.aspect.LoggerAspect - *************************************
2022-10-12 12:43:32 [http-nio-8081-exec-7] INFO  com.capstone.aspect.LoggerAspect - Method name: com.capstone.service.emiServiceImp
2022-10-12 12:43:32 [http-nio-8081-exec-7] INFO  com.capstone.aspect.LoggerAspect - Method arguments:[Ljava.lang.Object;@41f82bb4
2022-10-12 12:43:32 [http-nio-8081-exec-7] INFO  com.capstone.aspect.LoggerAspect - *************************************
2022-10-12 12:43:32 [http-nio-8081-exec-7] INFO  com.capstone.aspect.LoggerAspect - During: class com.capstone.service.emiServiceImp.getEmiData() with arguments=emi [s_no=7, loanaccno=202211033, loan_status=active, emi_amount=10271.0, upcomming_payment_date=2022-11-07, remaining_amount=350000.0]
2022-10-12 12:43:32 [http-nio-8081-exec-7] INFO  com.capstone.aspect.LoggerAspect - *************************************
2022-10-12 12:43:32 [http-nio-8081-exec-7] INFO  com.capstone.aspect.LoggerAspect - During: class com.capstone.controller.emiController.getemiofAccount() with arguments=<200 OK OK,emi [s_no=7, loanaccno=202211033, loan_status=active, emi_amount=10271.0, upcomming_payment_date=2022-11-07, remaining_amount=350000.0],[]>
2022-10-12 12:43:32 [http-nio-8081-exec-7] INFO  com.capstone.aspect.LoggerAspect - *************************************
2022-10-12 12:43:39 [http-nio-8081-exec-9] INFO  com.capstone.aspect.LoggerAspect - Method name: com.capstone.controller.emiController
2022-10-12 12:43:39 [http-nio-8081-exec-9] INFO  com.capstone.aspect.LoggerAspect - Method arguments:[Ljava.lang.Object;@2693926b
2022-10-12 12:43:39 [http-nio-8081-exec-9] INFO  com.capstone.aspect.LoggerAspect - *************************************
2022-10-12 12:43:39 [http-nio-8081-exec-9] INFO  com.capstone.aspect.LoggerAspect - Method name: com.capstone.service.emiServiceImp
2022-10-12 12:43:39 [http-nio-8081-exec-9] INFO  com.capstone.aspect.LoggerAspect - Method arguments:[Ljava.lang.Object;@521d3271
2022-10-12 12:43:39 [http-nio-8081-exec-9] INFO  com.capstone.aspect.LoggerAspect - *************************************
2022-10-12 12:43:39 [http-nio-8081-exec-9] INFO  com.capstone.aspect.LoggerAspect - During: class com.capstone.service.emiServiceImp.getEmiData() with arguments=emi [s_no=7, loanaccno=202211033, loan_status=active, emi_amount=10271.0, upcomming_payment_date=2022-11-07, remaining_amount=350000.0]
2022-10-12 12:43:39 [http-nio-8081-exec-9] INFO  com.capstone.aspect.LoggerAspect - *************************************
2022-10-12 12:43:39 [http-nio-8081-exec-9] INFO  com.capstone.aspect.LoggerAspect - During: class com.capstone.controller.emiController.getemiofAccount() with arguments=<200 OK OK,emi [s_no=7, loanaccno=202211033, loan_status=active, emi_amount=10271.0, upcomming_payment_date=2022-11-07, remaining_amount=350000.0],[]>
2022-10-12 12:43:39 [http-nio-8081-exec-9] INFO  com.capstone.aspect.LoggerAspect - *************************************
2022-10-12 12:43:53 [http-nio-8081-exec-1] INFO  com.capstone.aspect.LoggerAspect - Method name: com.capstone.controller.emiController
2022-10-12 12:43:53 [http-nio-8081-exec-1] INFO  com.capstone.aspect.LoggerAspect - Method arguments:[Ljava.lang.Object;@24281972
2022-10-12 12:43:53 [http-nio-8081-exec-1] INFO  com.capstone.aspect.LoggerAspect - *************************************
2022-10-12 12:43:53 [http-nio-8081-exec-1] INFO  com.capstone.aspect.LoggerAspect - Method name: com.capstone.service.emiServiceImp
2022-10-12 12:43:53 [http-nio-8081-exec-1] INFO  com.capstone.aspect.LoggerAspect - Method arguments:[Ljava.lang.Object;@7b67d649
2022-10-12 12:43:53 [http-nio-8081-exec-1] INFO  com.capstone.aspect.LoggerAspect - *************************************
2022-10-12 12:43:53 [http-nio-8081-exec-1] INFO  com.capstone.aspect.LoggerAspect - During: class com.capstone.service.emiServiceImp.getEmiData() with arguments=emi [s_no=7, loanaccno=202211033, loan_status=active, emi_amount=10271.0, upcomming_payment_date=2022-11-07, remaining_amount=350000.0]
2022-10-12 12:43:53 [http-nio-8081-exec-1] INFO  com.capstone.aspect.LoggerAspect - *************************************
2022-10-12 12:43:53 [http-nio-8081-exec-1] INFO  com.capstone.aspect.LoggerAspect - During: class com.capstone.controller.emiController.getemiofAccount() with arguments=<200 OK OK,emi [s_no=7, loanaccno=202211033, loan_status=active, emi_amount=10271.0, upcomming_payment_date=2022-11-07, remaining_amount=350000.0],[]>
2022-10-12 12:43:53 [http-nio-8081-exec-1] INFO  com.capstone.aspect.LoggerAspect - *************************************
2022-10-12 12:44:03 [http-nio-8081-exec-2] INFO  com.capstone.aspect.LoggerAspect - Method name: com.capstone.controller.emiController
2022-10-12 12:44:03 [http-nio-8081-exec-2] INFO  com.capstone.aspect.LoggerAspect - Method arguments:[Ljava.lang.Object;@701d1aab
2022-10-12 12:44:03 [http-nio-8081-exec-2] INFO  com.capstone.aspect.LoggerAspect - *************************************
2022-10-12 12:44:03 [http-nio-8081-exec-2] INFO  com.capstone.aspect.LoggerAspect - Method name: com.capstone.service.emiServiceImp
2022-10-12 12:44:03 [http-nio-8081-exec-2] INFO  com.capstone.aspect.LoggerAspect - Method arguments:[Ljava.lang.Object;@4771aad9
2022-10-12 12:44:03 [http-nio-8081-exec-2] INFO  com.capstone.aspect.LoggerAspect - *************************************
2022-10-12 12:44:03 [http-nio-8081-exec-2] INFO  com.capstone.aspect.LoggerAspect - During: class com.capstone.service.emiServiceImp.getEmiData() with arguments=emi [s_no=7, loanaccno=202211033, loan_status=active, emi_amount=10271.0, upcomming_payment_date=2022-11-07, remaining_amount=350000.0]
2022-10-12 12:44:03 [http-nio-8081-exec-2] INFO  com.capstone.aspect.LoggerAspect - *************************************
2022-10-12 12:44:03 [http-nio-8081-exec-2] INFO  com.capstone.aspect.LoggerAspect - During: class com.capstone.controller.emiController.getemiofAccount() with arguments=<200 OK OK,emi [s_no=7, loanaccno=202211033, loan_status=active, emi_amount=10271.0, upcomming_payment_date=2022-11-07, remaining_amount=350000.0],[]>
2022-10-12 12:44:03 [http-nio-8081-exec-2] INFO  com.capstone.aspect.LoggerAspect - *************************************
2022-10-12 12:44:09 [http-nio-8081-exec-4] INFO  com.capstone.aspect.LoggerAspect - Method name: com.capstone.controller.emiController
2022-10-12 12:44:09 [http-nio-8081-exec-4] INFO  com.capstone.aspect.LoggerAspect - Method arguments:[Ljava.lang.Object;@1bf5c8e9
2022-10-12 12:44:09 [http-nio-8081-exec-4] INFO  com.capstone.aspect.LoggerAspect - *************************************
2022-10-12 12:44:09 [http-nio-8081-exec-4] INFO  com.capstone.aspect.LoggerAspect - Method name: com.capstone.service.emiServiceImp
2022-10-12 12:44:09 [http-nio-8081-exec-4] INFO  com.capstone.aspect.LoggerAspect - Method arguments:[Ljava.lang.Object;@1f6f0900
2022-10-12 12:44:09 [http-nio-8081-exec-4] INFO  com.capstone.aspect.LoggerAspect - *************************************
2022-10-12 12:44:09 [http-nio-8081-exec-4] INFO  com.capstone.aspect.LoggerAspect - During: class com.capstone.service.emiServiceImp.getEmiData() with arguments=emi [s_no=7, loanaccno=202211033, loan_status=active, emi_amount=10271.0, upcomming_payment_date=2022-11-07, remaining_amount=350000.0]
2022-10-12 12:44:09 [http-nio-8081-exec-4] INFO  com.capstone.aspect.LoggerAspect - *************************************
2022-10-12 12:44:09 [http-nio-8081-exec-4] INFO  com.capstone.aspect.LoggerAspect - During: class com.capstone.controller.emiController.getemiofAccount() with arguments=<200 OK OK,emi [s_no=7, loanaccno=202211033, loan_status=active, emi_amount=10271.0, upcomming_payment_date=2022-11-07, remaining_amount=350000.0],[]>
2022-10-12 12:44:09 [http-nio-8081-exec-4] INFO  com.capstone.aspect.LoggerAspect - *************************************
2022-10-12 12:45:13 [http-nio-8081-exec-6] INFO  com.capstone.aspect.LoggerAspect - Method name: com.capstone.controller.emiController
2022-10-12 12:45:13 [http-nio-8081-exec-6] INFO  com.capstone.aspect.LoggerAspect - Method arguments:[Ljava.lang.Object;@7c32f8a4
2022-10-12 12:45:13 [http-nio-8081-exec-6] INFO  com.capstone.aspect.LoggerAspect - *************************************
2022-10-12 12:45:13 [http-nio-8081-exec-6] INFO  com.capstone.aspect.LoggerAspect - Method name: com.capstone.service.emiServiceImp
2022-10-12 12:45:13 [http-nio-8081-exec-6] INFO  com.capstone.aspect.LoggerAspect - Method arguments:[Ljava.lang.Object;@5fbf8f2b
2022-10-12 12:45:13 [http-nio-8081-exec-6] INFO  com.capstone.aspect.LoggerAspect - *************************************
2022-10-12 12:45:13 [http-nio-8081-exec-6] INFO  com.capstone.aspect.LoggerAspect - During: class com.capstone.service.emiServiceImp.getEmiData() with arguments=emi [s_no=7, loanaccno=202211033, loan_status=active, emi_amount=10271.0, upcomming_payment_date=2022-11-07, remaining_amount=350000.0]
2022-10-12 12:45:13 [http-nio-8081-exec-6] INFO  com.capstone.aspect.LoggerAspect - *************************************
2022-10-12 12:45:13 [http-nio-8081-exec-6] INFO  com.capstone.aspect.LoggerAspect - During: class com.capstone.controller.emiController.getemiofAccount() with arguments=<200 OK OK,emi [s_no=7, loanaccno=202211033, loan_status=active, emi_amount=10271.0, upcomming_payment_date=2022-11-07, remaining_amount=350000.0],[]>
2022-10-12 12:45:13 [http-nio-8081-exec-6] INFO  com.capstone.aspect.LoggerAspect - *************************************
2022-10-12 12:45:17 [AsyncResolver-bootstrap-executor-0] INFO  c.n.d.s.r.aws.ConfigClusterResolver - Resolving eureka endpoints via configuration
2022-10-12 12:46:22 [http-nio-8081-exec-8] INFO  com.capstone.aspect.LoggerAspect - Method name: com.capstone.controller.emiController
2022-10-12 12:46:22 [http-nio-8081-exec-8] INFO  com.capstone.aspect.LoggerAspect - Method arguments:[Ljava.lang.Object;@4cf595f4
2022-10-12 12:46:22 [http-nio-8081-exec-8] INFO  com.capstone.aspect.LoggerAspect - *************************************
2022-10-12 12:46:22 [http-nio-8081-exec-8] INFO  com.capstone.aspect.LoggerAspect - Method name: com.capstone.service.emiServiceImp
2022-10-12 12:46:22 [http-nio-8081-exec-8] INFO  com.capstone.aspect.LoggerAspect - Method arguments:[Ljava.lang.Object;@5f9f1d7b
2022-10-12 12:46:22 [http-nio-8081-exec-8] INFO  com.capstone.aspect.LoggerAspect - *************************************
2022-10-12 12:46:22 [http-nio-8081-exec-8] INFO  com.capstone.aspect.LoggerAspect - During: class com.capstone.service.emiServiceImp.getEmiData() with arguments=emi [s_no=7, loanaccno=202211033, loan_status=active, emi_amount=10271.0, upcomming_payment_date=2022-11-07, remaining_amount=350000.0]
2022-10-12 12:46:22 [http-nio-8081-exec-8] INFO  com.capstone.aspect.LoggerAspect - *************************************
2022-10-12 12:46:22 [http-nio-8081-exec-8] INFO  com.capstone.aspect.LoggerAspect - During: class com.capstone.controller.emiController.getemiofAccount() with arguments=<200 OK OK,emi [s_no=7, loanaccno=202211033, loan_status=active, emi_amount=10271.0, upcomming_payment_date=2022-11-07, remaining_amount=350000.0],[]>
2022-10-12 12:46:22 [http-nio-8081-exec-8] INFO  com.capstone.aspect.LoggerAspect - *************************************
2022-10-12 12:46:32 [http-nio-8081-exec-10] INFO  com.capstone.aspect.LoggerAspect - Method name: com.capstone.controller.emiController
2022-10-12 12:46:32 [http-nio-8081-exec-10] INFO  com.capstone.aspect.LoggerAspect - Method arguments:[Ljava.lang.Object;@6b0679fc
2022-10-12 12:46:32 [http-nio-8081-exec-10] INFO  com.capstone.aspect.LoggerAspect - *************************************
2022-10-12 12:46:32 [http-nio-8081-exec-10] INFO  com.capstone.aspect.LoggerAspect - Method name: com.capstone.service.emiServiceImp
2022-10-12 12:46:32 [http-nio-8081-exec-10] INFO  com.capstone.aspect.LoggerAspect - Method arguments:[Ljava.lang.Object;@425a1956
2022-10-12 12:46:32 [http-nio-8081-exec-10] INFO  com.capstone.aspect.LoggerAspect - *************************************
2022-10-12 12:46:32 [http-nio-8081-exec-10] INFO  com.capstone.aspect.LoggerAspect - During: class com.capstone.service.emiServiceImp.getEmiData() with arguments=emi [s_no=7, loanaccno=202211033, loan_status=active, emi_amount=10271.0, upcomming_payment_date=2022-11-07, remaining_amount=350000.0]
2022-10-12 12:46:32 [http-nio-8081-exec-10] INFO  com.capstone.aspect.LoggerAspect - *************************************
2022-10-12 12:46:32 [http-nio-8081-exec-10] INFO  com.capstone.aspect.LoggerAspect - During: class com.capstone.controller.emiController.getemiofAccount() with arguments=<200 OK OK,emi [s_no=7, loanaccno=202211033, loan_status=active, emi_amount=10271.0, upcomming_payment_date=2022-11-07, remaining_amount=350000.0],[]>
2022-10-12 12:46:32 [http-nio-8081-exec-10] INFO  com.capstone.aspect.LoggerAspect - *************************************
2022-10-12 12:46:58 [http-nio-8081-exec-2] INFO  com.capstone.aspect.LoggerAspect - Method name: com.capstone.controller.emiController
2022-10-12 12:46:58 [http-nio-8081-exec-2] INFO  com.capstone.aspect.LoggerAspect - Method arguments:[Ljava.lang.Object;@3dea0acc
2022-10-12 12:46:58 [http-nio-8081-exec-2] INFO  com.capstone.aspect.LoggerAspect - *************************************
2022-10-12 12:46:58 [http-nio-8081-exec-2] INFO  com.capstone.aspect.LoggerAspect - Method name: com.capstone.service.emiServiceImp
2022-10-12 12:46:58 [http-nio-8081-exec-2] INFO  com.capstone.aspect.LoggerAspect - Method arguments:[Ljava.lang.Object;@572e55c8
2022-10-12 12:46:58 [http-nio-8081-exec-2] INFO  com.capstone.aspect.LoggerAspect - *************************************
2022-10-12 12:46:58 [http-nio-8081-exec-2] INFO  com.capstone.aspect.LoggerAspect - During: class com.capstone.service.emiServiceImp.getEmiData() with arguments=emi [s_no=7, loanaccno=202211033, loan_status=active, emi_amount=10271.0, upcomming_payment_date=2022-11-07, remaining_amount=350000.0]
2022-10-12 12:46:58 [http-nio-8081-exec-2] INFO  com.capstone.aspect.LoggerAspect - *************************************
2022-10-12 12:46:58 [http-nio-8081-exec-2] INFO  com.capstone.aspect.LoggerAspect - During: class com.capstone.controller.emiController.getemiofAccount() with arguments=<200 OK OK,emi [s_no=7, loanaccno=202211033, loan_status=active, emi_amount=10271.0, upcomming_payment_date=2022-11-07, remaining_amount=350000.0],[]>
2022-10-12 12:46:58 [http-nio-8081-exec-2] INFO  com.capstone.aspect.LoggerAspect - *************************************
2022-10-12 12:47:04 [http-nio-8081-exec-4] INFO  com.capstone.aspect.LoggerAspect - Method name: com.capstone.controller.emiController
2022-10-12 12:47:04 [http-nio-8081-exec-4] INFO  com.capstone.aspect.LoggerAspect - Method arguments:[Ljava.lang.Object;@66f85151
2022-10-12 12:47:04 [http-nio-8081-exec-4] INFO  com.capstone.aspect.LoggerAspect - *************************************
2022-10-12 12:47:04 [http-nio-8081-exec-4] INFO  com.capstone.aspect.LoggerAspect - Method name: com.capstone.service.emiServiceImp
2022-10-12 12:47:04 [http-nio-8081-exec-4] INFO  com.capstone.aspect.LoggerAspect - Method arguments:[Ljava.lang.Object;@708bbccf
2022-10-12 12:47:04 [http-nio-8081-exec-4] INFO  com.capstone.aspect.LoggerAspect - *************************************
2022-10-12 12:47:04 [http-nio-8081-exec-4] INFO  com.capstone.aspect.LoggerAspect - During: class com.capstone.service.emiServiceImp.getEmiData() with arguments=emi [s_no=7, loanaccno=202211033, loan_status=active, emi_amount=10271.0, upcomming_payment_date=2022-11-07, remaining_amount=350000.0]
2022-10-12 12:47:04 [http-nio-8081-exec-4] INFO  com.capstone.aspect.LoggerAspect - *************************************
2022-10-12 12:47:04 [http-nio-8081-exec-4] INFO  com.capstone.aspect.LoggerAspect - During: class com.capstone.controller.emiController.getemiofAccount() with arguments=<200 OK OK,emi [s_no=7, loanaccno=202211033, loan_status=active, emi_amount=10271.0, upcomming_payment_date=2022-11-07, remaining_amount=350000.0],[]>
2022-10-12 12:47:04 [http-nio-8081-exec-4] INFO  com.capstone.aspect.LoggerAspect - *************************************
2022-10-12 12:49:12 [http-nio-8081-exec-6] INFO  com.capstone.aspect.LoggerAspect - Method name: com.capstone.controller.emiController
2022-10-12 12:49:12 [http-nio-8081-exec-6] INFO  com.capstone.aspect.LoggerAspect - Method arguments:[Ljava.lang.Object;@77e14c1
2022-10-12 12:49:12 [http-nio-8081-exec-6] INFO  com.capstone.aspect.LoggerAspect - *************************************
2022-10-12 12:49:12 [http-nio-8081-exec-6] INFO  com.capstone.aspect.LoggerAspect - Method name: com.capstone.service.emiServiceImp
2022-10-12 12:49:12 [http-nio-8081-exec-6] INFO  com.capstone.aspect.LoggerAspect - Method arguments:[Ljava.lang.Object;@660a8e54
2022-10-12 12:49:12 [http-nio-8081-exec-6] INFO  com.capstone.aspect.LoggerAspect - *************************************
2022-10-12 12:49:12 [http-nio-8081-exec-6] INFO  com.capstone.aspect.LoggerAspect - During: class com.capstone.service.emiServiceImp.getEmiData() with arguments=emi [s_no=7, loanaccno=202211033, loan_status=active, emi_amount=10271.0, upcomming_payment_date=2022-11-07, remaining_amount=350000.0]
2022-10-12 12:49:12 [http-nio-8081-exec-6] INFO  com.capstone.aspect.LoggerAspect - *************************************
2022-10-12 12:49:12 [http-nio-8081-exec-6] INFO  com.capstone.aspect.LoggerAspect - During: class com.capstone.controller.emiController.getemiofAccount() with arguments=<200 OK OK,emi [s_no=7, loanaccno=202211033, loan_status=active, emi_amount=10271.0, upcomming_payment_date=2022-11-07, remaining_amount=350000.0],[]>
2022-10-12 12:49:12 [http-nio-8081-exec-6] INFO  com.capstone.aspect.LoggerAspect - *************************************
2022-10-12 12:49:38 [http-nio-8081-exec-8] INFO  com.capstone.aspect.LoggerAspect - Method name: com.capstone.controller.emiController
2022-10-12 12:49:38 [http-nio-8081-exec-8] INFO  com.capstone.aspect.LoggerAspect - Method arguments:[Ljava.lang.Object;@66a1ba52
2022-10-12 12:49:38 [http-nio-8081-exec-8] INFO  com.capstone.aspect.LoggerAspect - *************************************
2022-10-12 12:49:38 [http-nio-8081-exec-8] INFO  com.capstone.aspect.LoggerAspect - Method name: com.capstone.service.emiServiceImp
2022-10-12 12:49:38 [http-nio-8081-exec-8] INFO  com.capstone.aspect.LoggerAspect - Method arguments:[Ljava.lang.Object;@963f889
2022-10-12 12:49:38 [http-nio-8081-exec-8] INFO  com.capstone.aspect.LoggerAspect - *************************************
2022-10-12 12:49:38 [http-nio-8081-exec-8] INFO  com.capstone.aspect.LoggerAspect - During: class com.capstone.service.emiServiceImp.getEmiData() with arguments=emi [s_no=7, loanaccno=202211033, loan_status=active, emi_amount=10271.0, upcomming_payment_date=2022-11-07, remaining_amount=350000.0]
2022-10-12 12:49:38 [http-nio-8081-exec-8] INFO  com.capstone.aspect.LoggerAspect - *************************************
2022-10-12 12:49:38 [http-nio-8081-exec-8] INFO  com.capstone.aspect.LoggerAspect - During: class com.capstone.controller.emiController.getemiofAccount() with arguments=<200 OK OK,emi [s_no=7, loanaccno=202211033, loan_status=active, emi_amount=10271.0, upcomming_payment_date=2022-11-07, remaining_amount=350000.0],[]>
2022-10-12 12:49:38 [http-nio-8081-exec-8] INFO  com.capstone.aspect.LoggerAspect - *************************************
2022-10-12 12:50:15 [http-nio-8081-exec-10] INFO  com.capstone.aspect.LoggerAspect - Method name: com.capstone.controller.emiController
2022-10-12 12:50:15 [http-nio-8081-exec-10] INFO  com.capstone.aspect.LoggerAspect - Method arguments:[Ljava.lang.Object;@38ed32
2022-10-12 12:50:15 [http-nio-8081-exec-10] INFO  com.capstone.aspect.LoggerAspect - *************************************
2022-10-12 12:50:15 [http-nio-8081-exec-10] INFO  com.capstone.aspect.LoggerAspect - Method name: com.capstone.service.emiServiceImp
2022-10-12 12:50:15 [http-nio-8081-exec-10] INFO  com.capstone.aspect.LoggerAspect - Method arguments:[Ljava.lang.Object;@191cf386
2022-10-12 12:50:15 [http-nio-8081-exec-10] INFO  com.capstone.aspect.LoggerAspect - *************************************
2022-10-12 12:50:15 [http-nio-8081-exec-10] INFO  com.capstone.aspect.LoggerAspect - During: class com.capstone.service.emiServiceImp.getEmiData() with arguments=emi [s_no=7, loanaccno=202211033, loan_status=active, emi_amount=10271.0, upcomming_payment_date=2022-11-07, remaining_amount=350000.0]
2022-10-12 12:50:15 [http-nio-8081-exec-10] INFO  com.capstone.aspect.LoggerAspect - *************************************
2022-10-12 12:50:15 [http-nio-8081-exec-10] INFO  com.capstone.aspect.LoggerAspect - During: class com.capstone.controller.emiController.getemiofAccount() with arguments=<200 OK OK,emi [s_no=7, loanaccno=202211033, loan_status=active, emi_amount=10271.0, upcomming_payment_date=2022-11-07, remaining_amount=350000.0],[]>
2022-10-12 12:50:15 [http-nio-8081-exec-10] INFO  com.capstone.aspect.LoggerAspect - *************************************
2022-10-12 12:50:17 [AsyncResolver-bootstrap-executor-0] INFO  c.n.d.s.r.aws.ConfigClusterResolver - Resolving eureka endpoints via configuration
2022-10-12 12:50:43 [http-nio-8081-exec-1] INFO  com.capstone.aspect.LoggerAspect - Method name: com.capstone.controller.emiController
2022-10-12 12:50:43 [http-nio-8081-exec-1] INFO  com.capstone.aspect.LoggerAspect - Method arguments:[Ljava.lang.Object;@51327828
2022-10-12 12:50:43 [http-nio-8081-exec-1] INFO  com.capstone.aspect.LoggerAspect - *************************************
2022-10-12 12:50:43 [http-nio-8081-exec-1] INFO  com.capstone.aspect.LoggerAspect - Method name: com.capstone.service.emiServiceImp
2022-10-12 12:50:43 [http-nio-8081-exec-1] INFO  com.capstone.aspect.LoggerAspect - Method arguments:[Ljava.lang.Object;@583a1c13
2022-10-12 12:50:43 [http-nio-8081-exec-1] INFO  com.capstone.aspect.LoggerAspect - *************************************
2022-10-12 12:50:43 [http-nio-8081-exec-1] INFO  com.capstone.aspect.LoggerAspect - During: class com.capstone.service.emiServiceImp.getEmiData() with arguments=emi [s_no=7, loanaccno=202211033, loan_status=active, emi_amount=10271.0, upcomming_payment_date=2022-11-07, remaining_amount=350000.0]
2022-10-12 12:50:43 [http-nio-8081-exec-1] INFO  com.capstone.aspect.LoggerAspect - *************************************
2022-10-12 12:50:43 [http-nio-8081-exec-1] INFO  com.capstone.aspect.LoggerAspect - During: class com.capstone.controller.emiController.getemiofAccount() with arguments=<200 OK OK,emi [s_no=7, loanaccno=202211033, loan_status=active, emi_amount=10271.0, upcomming_payment_date=2022-11-07, remaining_amount=350000.0],[]>
2022-10-12 12:50:43 [http-nio-8081-exec-1] INFO  com.capstone.aspect.LoggerAspect - *************************************
2022-10-12 12:50:51 [http-nio-8081-exec-2] INFO  com.capstone.aspect.LoggerAspect - Method name: com.capstone.controller.emiController
2022-10-12 12:50:51 [http-nio-8081-exec-2] INFO  com.capstone.aspect.LoggerAspect - Method arguments:[Ljava.lang.Object;@4627d80f
2022-10-12 12:50:51 [http-nio-8081-exec-2] INFO  com.capstone.aspect.LoggerAspect - *************************************
2022-10-12 12:50:51 [http-nio-8081-exec-2] INFO  com.capstone.aspect.LoggerAspect - Method name: com.capstone.service.emiServiceImp
2022-10-12 12:50:51 [http-nio-8081-exec-2] INFO  com.capstone.aspect.LoggerAspect - Method arguments:[Ljava.lang.Object;@511f19c2
2022-10-12 12:50:51 [http-nio-8081-exec-2] INFO  com.capstone.aspect.LoggerAspect - *************************************
2022-10-12 12:50:51 [http-nio-8081-exec-2] INFO  com.capstone.aspect.LoggerAspect - During: class com.capstone.service.emiServiceImp.getEmiData() with arguments=emi [s_no=7, loanaccno=202211033, loan_status=active, emi_amount=10271.0, upcomming_payment_date=2022-11-07, remaining_amount=350000.0]
2022-10-12 12:50:51 [http-nio-8081-exec-2] INFO  com.capstone.aspect.LoggerAspect - *************************************
2022-10-12 12:50:51 [http-nio-8081-exec-2] INFO  com.capstone.aspect.LoggerAspect - During: class com.capstone.controller.emiController.getemiofAccount() with arguments=<200 OK OK,emi [s_no=7, loanaccno=202211033, loan_status=active, emi_amount=10271.0, upcomming_payment_date=2022-11-07, remaining_amount=350000.0],[]>
2022-10-12 12:50:51 [http-nio-8081-exec-2] INFO  com.capstone.aspect.LoggerAspect - *************************************
2022-10-12 12:51:52 [http-nio-8081-exec-4] INFO  com.capstone.aspect.LoggerAspect - Method name: com.capstone.controller.emiController
2022-10-12 12:51:52 [http-nio-8081-exec-4] INFO  com.capstone.aspect.LoggerAspect - Method arguments:[Ljava.lang.Object;@29377efa
2022-10-12 12:51:52 [http-nio-8081-exec-4] INFO  com.capstone.aspect.LoggerAspect - *************************************
2022-10-12 12:51:52 [http-nio-8081-exec-4] INFO  com.capstone.aspect.LoggerAspect - Method name: com.capstone.service.emiServiceImp
2022-10-12 12:51:52 [http-nio-8081-exec-4] INFO  com.capstone.aspect.LoggerAspect - Method arguments:[Ljava.lang.Object;@20d8a14b
2022-10-12 12:51:52 [http-nio-8081-exec-4] INFO  com.capstone.aspect.LoggerAspect - *************************************
2022-10-12 12:51:52 [http-nio-8081-exec-4] INFO  com.capstone.aspect.LoggerAspect - During: class com.capstone.service.emiServiceImp.getEmiData() with arguments=emi [s_no=7, loanaccno=202211033, loan_status=active, emi_amount=10271.0, upcomming_payment_date=2022-11-07, remaining_amount=350000.0]
2022-10-12 12:51:52 [http-nio-8081-exec-4] INFO  com.capstone.aspect.LoggerAspect - *************************************
2022-10-12 12:51:52 [http-nio-8081-exec-4] INFO  com.capstone.aspect.LoggerAspect - During: class com.capstone.controller.emiController.getemiofAccount() with arguments=<200 OK OK,emi [s_no=7, loanaccno=202211033, loan_status=active, emi_amount=10271.0, upcomming_payment_date=2022-11-07, remaining_amount=350000.0],[]>
2022-10-12 12:51:52 [http-nio-8081-exec-4] INFO  com.capstone.aspect.LoggerAspect - *************************************
2022-10-12 12:52:13 [http-nio-8081-exec-6] INFO  com.capstone.aspect.LoggerAspect - Method name: com.capstone.controller.emiController
2022-10-12 12:52:13 [http-nio-8081-exec-6] INFO  com.capstone.aspect.LoggerAspect - Method arguments:[Ljava.lang.Object;@3895a748
2022-10-12 12:52:13 [http-nio-8081-exec-6] INFO  com.capstone.aspect.LoggerAspect - *************************************
2022-10-12 12:52:13 [http-nio-8081-exec-6] INFO  com.capstone.aspect.LoggerAspect - Method name: com.capstone.service.emiServiceImp
2022-10-12 12:52:13 [http-nio-8081-exec-6] INFO  com.capstone.aspect.LoggerAspect - Method arguments:[Ljava.lang.Object;@5608b3cb
2022-10-12 12:52:13 [http-nio-8081-exec-6] INFO  com.capstone.aspect.LoggerAspect - *************************************
2022-10-12 12:52:13 [http-nio-8081-exec-6] INFO  com.capstone.aspect.LoggerAspect - During: class com.capstone.service.emiServiceImp.getEmiData() with arguments=emi [s_no=7, loanaccno=202211033, loan_status=active, emi_amount=10271.0, upcomming_payment_date=2022-11-07, remaining_amount=350000.0]
2022-10-12 12:52:13 [http-nio-8081-exec-6] INFO  com.capstone.aspect.LoggerAspect - *************************************
2022-10-12 12:52:13 [http-nio-8081-exec-6] INFO  com.capstone.aspect.LoggerAspect - During: class com.capstone.controller.emiController.getemiofAccount() with arguments=<200 OK OK,emi [s_no=7, loanaccno=202211033, loan_status=active, emi_amount=10271.0, upcomming_payment_date=2022-11-07, remaining_amount=350000.0],[]>
2022-10-12 12:52:13 [http-nio-8081-exec-6] INFO  com.capstone.aspect.LoggerAspect - *************************************
2022-10-12 12:52:17 [http-nio-8081-exec-8] INFO  com.capstone.aspect.LoggerAspect - Method name: com.capstone.controller.emiController
2022-10-12 12:52:17 [http-nio-8081-exec-8] INFO  com.capstone.aspect.LoggerAspect - Method arguments:[Ljava.lang.Object;@55a5c158
2022-10-12 12:52:17 [http-nio-8081-exec-8] INFO  com.capstone.aspect.LoggerAspect - *************************************
2022-10-12 12:52:17 [http-nio-8081-exec-8] INFO  com.capstone.aspect.LoggerAspect - Method name: com.capstone.service.emiServiceImp
2022-10-12 12:52:17 [http-nio-8081-exec-8] INFO  com.capstone.aspect.LoggerAspect - Method arguments:[Ljava.lang.Object;@218d5729
2022-10-12 12:52:17 [http-nio-8081-exec-8] INFO  com.capstone.aspect.LoggerAspect - *************************************
2022-10-12 12:52:17 [http-nio-8081-exec-8] INFO  com.capstone.aspect.LoggerAspect - During: class com.capstone.service.emiServiceImp.getEmiData() with arguments=emi [s_no=7, loanaccno=202211033, loan_status=active, emi_amount=10271.0, upcomming_payment_date=2022-11-07, remaining_amount=350000.0]
2022-10-12 12:52:17 [http-nio-8081-exec-8] INFO  com.capstone.aspect.LoggerAspect - *************************************
2022-10-12 12:52:17 [http-nio-8081-exec-8] INFO  com.capstone.aspect.LoggerAspect - During: class com.capstone.controller.emiController.getemiofAccount() with arguments=<200 OK OK,emi [s_no=7, loanaccno=202211033, loan_status=active, emi_amount=10271.0, upcomming_payment_date=2022-11-07, remaining_amount=350000.0],[]>
2022-10-12 12:52:17 [http-nio-8081-exec-8] INFO  com.capstone.aspect.LoggerAspect - *************************************
2022-10-12 12:52:20 [http-nio-8081-exec-9] INFO  com.capstone.aspect.LoggerAspect - Method name: com.capstone.controller.emiController
2022-10-12 12:52:20 [http-nio-8081-exec-9] INFO  com.capstone.aspect.LoggerAspect - Method arguments:[Ljava.lang.Object;@45f1dc62
2022-10-12 12:52:20 [http-nio-8081-exec-9] INFO  com.capstone.aspect.LoggerAspect - *************************************
2022-10-12 12:52:20 [http-nio-8081-exec-9] INFO  com.capstone.aspect.LoggerAspect - Method name: com.capstone.service.emiServiceImp
2022-10-12 12:52:20 [http-nio-8081-exec-9] INFO  com.capstone.aspect.LoggerAspect - Method arguments:[Ljava.lang.Object;@749e7b53
2022-10-12 12:52:20 [http-nio-8081-exec-9] INFO  com.capstone.aspect.LoggerAspect - *************************************
2022-10-12 12:52:20 [http-nio-8081-exec-9] INFO  com.capstone.aspect.LoggerAspect - During: class com.capstone.service.emiServiceImp.getEmiData() with arguments=emi [s_no=7, loanaccno=202211033, loan_status=active, emi_amount=10271.0, upcomming_payment_date=2022-11-07, remaining_amount=350000.0]
2022-10-12 12:52:20 [http-nio-8081-exec-9] INFO  com.capstone.aspect.LoggerAspect - *************************************
2022-10-12 12:52:20 [http-nio-8081-exec-9] INFO  com.capstone.aspect.LoggerAspect - During: class com.capstone.controller.emiController.getemiofAccount() with arguments=<200 OK OK,emi [s_no=7, loanaccno=202211033, loan_status=active, emi_amount=10271.0, upcomming_payment_date=2022-11-07, remaining_amount=350000.0],[]>
2022-10-12 12:52:20 [http-nio-8081-exec-9] INFO  com.capstone.aspect.LoggerAspect - *************************************
2022-10-12 12:52:45 [http-nio-8081-exec-1] INFO  com.capstone.aspect.LoggerAspect - Method name: com.capstone.controller.emiController
2022-10-12 12:52:45 [http-nio-8081-exec-1] INFO  com.capstone.aspect.LoggerAspect - Method arguments:[Ljava.lang.Object;@438ccf0e
2022-10-12 12:52:45 [http-nio-8081-exec-1] INFO  com.capstone.aspect.LoggerAspect - *************************************
2022-10-12 12:52:45 [http-nio-8081-exec-1] INFO  com.capstone.aspect.LoggerAspect - Method name: com.capstone.service.emiServiceImp
2022-10-12 12:52:45 [http-nio-8081-exec-1] INFO  com.capstone.aspect.LoggerAspect - Method arguments:[Ljava.lang.Object;@12a69619
2022-10-12 12:52:45 [http-nio-8081-exec-1] INFO  com.capstone.aspect.LoggerAspect - *************************************
2022-10-12 12:52:45 [http-nio-8081-exec-1] INFO  com.capstone.aspect.LoggerAspect - During: class com.capstone.service.emiServiceImp.getEmiData() with arguments=emi [s_no=7, loanaccno=202211033, loan_status=active, emi_amount=10271.0, upcomming_payment_date=2022-11-07, remaining_amount=350000.0]
2022-10-12 12:52:45 [http-nio-8081-exec-1] INFO  com.capstone.aspect.LoggerAspect - *************************************
2022-10-12 12:52:45 [http-nio-8081-exec-1] INFO  com.capstone.aspect.LoggerAspect - During: class com.capstone.controller.emiController.getemiofAccount() with arguments=<200 OK OK,emi [s_no=7, loanaccno=202211033, loan_status=active, emi_amount=10271.0, upcomming_payment_date=2022-11-07, remaining_amount=350000.0],[]>
2022-10-12 12:52:45 [http-nio-8081-exec-1] INFO  com.capstone.aspect.LoggerAspect - *************************************
2022-10-12 12:52:51 [http-nio-8081-exec-2] INFO  com.capstone.aspect.LoggerAspect - Method name: com.capstone.controller.emiController
2022-10-12 12:52:51 [http-nio-8081-exec-2] INFO  com.capstone.aspect.LoggerAspect - Method arguments:[Ljava.lang.Object;@13e53fbe
2022-10-12 12:52:51 [http-nio-8081-exec-2] INFO  com.capstone.aspect.LoggerAspect - *************************************
2022-10-12 12:52:51 [http-nio-8081-exec-2] INFO  com.capstone.aspect.LoggerAspect - Method name: com.capstone.service.emiServiceImp
2022-10-12 12:52:51 [http-nio-8081-exec-2] INFO  com.capstone.aspect.LoggerAspect - Method arguments:[Ljava.lang.Object;@7084571b
2022-10-12 12:52:51 [http-nio-8081-exec-2] INFO  com.capstone.aspect.LoggerAspect - *************************************
2022-10-12 12:52:51 [http-nio-8081-exec-2] INFO  com.capstone.aspect.LoggerAspect - During: class com.capstone.service.emiServiceImp.getEmiData() with arguments=emi [s_no=7, loanaccno=202211033, loan_status=active, emi_amount=10271.0, upcomming_payment_date=2022-11-07, remaining_amount=350000.0]
2022-10-12 12:52:51 [http-nio-8081-exec-2] INFO  com.capstone.aspect.LoggerAspect - *************************************
2022-10-12 12:52:51 [http-nio-8081-exec-2] INFO  com.capstone.aspect.LoggerAspect - During: class com.capstone.controller.emiController.getemiofAccount() with arguments=<200 OK OK,emi [s_no=7, loanaccno=202211033, loan_status=active, emi_amount=10271.0, upcomming_payment_date=2022-11-07, remaining_amount=350000.0],[]>
2022-10-12 12:52:51 [http-nio-8081-exec-2] INFO  com.capstone.aspect.LoggerAspect - *************************************
2022-10-12 12:54:24 [http-nio-8081-exec-4] INFO  com.capstone.aspect.LoggerAspect - Method name: com.capstone.controller.emiController
2022-10-12 12:54:24 [http-nio-8081-exec-4] INFO  com.capstone.aspect.LoggerAspect - Method arguments:[Ljava.lang.Object;@11aa6634
2022-10-12 12:54:24 [http-nio-8081-exec-4] INFO  com.capstone.aspect.LoggerAspect - *************************************
2022-10-12 12:54:24 [http-nio-8081-exec-4] INFO  com.capstone.aspect.LoggerAspect - Method name: com.capstone.service.emiServiceImp
2022-10-12 12:54:24 [http-nio-8081-exec-4] INFO  com.capstone.aspect.LoggerAspect - Method arguments:[Ljava.lang.Object;@4ac4f6cf
2022-10-12 12:54:24 [http-nio-8081-exec-4] INFO  com.capstone.aspect.LoggerAspect - *************************************
2022-10-12 12:54:24 [http-nio-8081-exec-4] INFO  com.capstone.aspect.LoggerAspect - During: class com.capstone.service.emiServiceImp.getEmiData() with arguments=emi [s_no=7, loanaccno=202211033, loan_status=active, emi_amount=10271.0, upcomming_payment_date=2022-11-07, remaining_amount=350000.0]
2022-10-12 12:54:24 [http-nio-8081-exec-4] INFO  com.capstone.aspect.LoggerAspect - *************************************
2022-10-12 12:54:24 [http-nio-8081-exec-4] INFO  com.capstone.aspect.LoggerAspect - During: class com.capstone.controller.emiController.getemiofAccount() with arguments=<200 OK OK,emi [s_no=7, loanaccno=202211033, loan_status=active, emi_amount=10271.0, upcomming_payment_date=2022-11-07, remaining_amount=350000.0],[]>
2022-10-12 12:54:24 [http-nio-8081-exec-4] INFO  com.capstone.aspect.LoggerAspect - *************************************
2022-10-12 12:55:06 [http-nio-8081-exec-6] INFO  com.capstone.aspect.LoggerAspect - Method name: com.capstone.controller.emiController
2022-10-12 12:55:06 [http-nio-8081-exec-6] INFO  com.capstone.aspect.LoggerAspect - Method arguments:[Ljava.lang.Object;@47c0a419
2022-10-12 12:55:06 [http-nio-8081-exec-6] INFO  com.capstone.aspect.LoggerAspect - *************************************
2022-10-12 12:55:06 [http-nio-8081-exec-6] INFO  com.capstone.aspect.LoggerAspect - Method name: com.capstone.service.emiServiceImp
2022-10-12 12:55:06 [http-nio-8081-exec-6] INFO  com.capstone.aspect.LoggerAspect - Method arguments:[Ljava.lang.Object;@2bafe6b9
2022-10-12 12:55:06 [http-nio-8081-exec-6] INFO  com.capstone.aspect.LoggerAspect - *************************************
2022-10-12 12:55:06 [http-nio-8081-exec-6] INFO  com.capstone.aspect.LoggerAspect - During: class com.capstone.service.emiServiceImp.getEmiData() with arguments=emi [s_no=7, loanaccno=202211033, loan_status=active, emi_amount=10271.0, upcomming_payment_date=2022-11-07, remaining_amount=350000.0]
2022-10-12 12:55:06 [http-nio-8081-exec-6] INFO  com.capstone.aspect.LoggerAspect - *************************************
2022-10-12 12:55:06 [http-nio-8081-exec-6] INFO  com.capstone.aspect.LoggerAspect - During: class com.capstone.controller.emiController.getemiofAccount() with arguments=<200 OK OK,emi [s_no=7, loanaccno=202211033, loan_status=active, emi_amount=10271.0, upcomming_payment_date=2022-11-07, remaining_amount=350000.0],[]>
2022-10-12 12:55:06 [http-nio-8081-exec-6] INFO  com.capstone.aspect.LoggerAspect - *************************************
2022-10-12 12:55:17 [AsyncResolver-bootstrap-executor-0] INFO  c.n.d.s.r.aws.ConfigClusterResolver - Resolving eureka endpoints via configuration
2022-10-12 12:55:26 [http-nio-8081-exec-8] INFO  com.capstone.aspect.LoggerAspect - Method name: com.capstone.controller.emiController
2022-10-12 12:55:26 [http-nio-8081-exec-8] INFO  com.capstone.aspect.LoggerAspect - Method arguments:[Ljava.lang.Object;@125bcd61
2022-10-12 12:55:26 [http-nio-8081-exec-8] INFO  com.capstone.aspect.LoggerAspect - *************************************
2022-10-12 12:55:26 [http-nio-8081-exec-8] INFO  com.capstone.aspect.LoggerAspect - Method name: com.capstone.service.emiServiceImp
2022-10-12 12:55:26 [http-nio-8081-exec-8] INFO  com.capstone.aspect.LoggerAspect - Method arguments:[Ljava.lang.Object;@377ad3da
2022-10-12 12:55:26 [http-nio-8081-exec-8] INFO  com.capstone.aspect.LoggerAspect - *************************************
2022-10-12 12:55:26 [http-nio-8081-exec-8] INFO  com.capstone.aspect.LoggerAspect - During: class com.capstone.service.emiServiceImp.getEmiData() with arguments=emi [s_no=7, loanaccno=202211033, loan_status=active, emi_amount=10271.0, upcomming_payment_date=2022-11-07, remaining_amount=350000.0]
2022-10-12 12:55:26 [http-nio-8081-exec-8] INFO  com.capstone.aspect.LoggerAspect - *************************************
2022-10-12 12:55:26 [http-nio-8081-exec-8] INFO  com.capstone.aspect.LoggerAspect - During: class com.capstone.controller.emiController.getemiofAccount() with arguments=<200 OK OK,emi [s_no=7, loanaccno=202211033, loan_status=active, emi_amount=10271.0, upcomming_payment_date=2022-11-07, remaining_amount=350000.0],[]>
2022-10-12 12:55:26 [http-nio-8081-exec-8] INFO  com.capstone.aspect.LoggerAspect - *************************************
2022-10-12 12:55:47 [http-nio-8081-exec-10] INFO  com.capstone.aspect.LoggerAspect - Method name: com.capstone.controller.emiController
2022-10-12 12:55:47 [http-nio-8081-exec-10] INFO  com.capstone.aspect.LoggerAspect - Method arguments:[Ljava.lang.Object;@35995708
2022-10-12 12:55:47 [http-nio-8081-exec-10] INFO  com.capstone.aspect.LoggerAspect - *************************************
2022-10-12 12:55:47 [http-nio-8081-exec-10] INFO  com.capstone.aspect.LoggerAspect - Method name: com.capstone.service.emiServiceImp
2022-10-12 12:55:47 [http-nio-8081-exec-10] INFO  com.capstone.aspect.LoggerAspect - Method arguments:[Ljava.lang.Object;@7e778fb9
2022-10-12 12:55:47 [http-nio-8081-exec-10] INFO  com.capstone.aspect.LoggerAspect - *************************************
2022-10-12 12:55:47 [http-nio-8081-exec-10] INFO  com.capstone.aspect.LoggerAspect - During: class com.capstone.service.emiServiceImp.getEmiData() with arguments=emi [s_no=7, loanaccno=202211033, loan_status=active, emi_amount=10271.0, upcomming_payment_date=2022-11-07, remaining_amount=350000.0]
2022-10-12 12:55:47 [http-nio-8081-exec-10] INFO  com.capstone.aspect.LoggerAspect - *************************************
2022-10-12 12:55:47 [http-nio-8081-exec-10] INFO  com.capstone.aspect.LoggerAspect - During: class com.capstone.controller.emiController.getemiofAccount() with arguments=<200 OK OK,emi [s_no=7, loanaccno=202211033, loan_status=active, emi_amount=10271.0, upcomming_payment_date=2022-11-07, remaining_amount=350000.0],[]>
2022-10-12 12:55:47 [http-nio-8081-exec-10] INFO  com.capstone.aspect.LoggerAspect - *************************************
2022-10-12 12:56:37 [http-nio-8081-exec-2] INFO  com.capstone.aspect.LoggerAspect - Method name: com.capstone.controller.emiController
2022-10-12 12:56:37 [http-nio-8081-exec-2] INFO  com.capstone.aspect.LoggerAspect - Method arguments:[Ljava.lang.Object;@db07256
2022-10-12 12:56:37 [http-nio-8081-exec-2] INFO  com.capstone.aspect.LoggerAspect - *************************************
2022-10-12 12:56:37 [http-nio-8081-exec-2] INFO  com.capstone.aspect.LoggerAspect - Method name: com.capstone.service.emiServiceImp
2022-10-12 12:56:37 [http-nio-8081-exec-2] INFO  com.capstone.aspect.LoggerAspect - Method arguments:[Ljava.lang.Object;@3c3ff425
2022-10-12 12:56:37 [http-nio-8081-exec-2] INFO  com.capstone.aspect.LoggerAspect - *************************************
2022-10-12 12:56:37 [http-nio-8081-exec-2] INFO  com.capstone.aspect.LoggerAspect - During: class com.capstone.service.emiServiceImp.getEmiData() with arguments=emi [s_no=7, loanaccno=202211033, loan_status=active, emi_amount=10271.0, upcomming_payment_date=2022-11-07, remaining_amount=350000.0]
2022-10-12 12:56:37 [http-nio-8081-exec-2] INFO  com.capstone.aspect.LoggerAspect - *************************************
2022-10-12 12:56:37 [http-nio-8081-exec-2] INFO  com.capstone.aspect.LoggerAspect - During: class com.capstone.controller.emiController.getemiofAccount() with arguments=<200 OK OK,emi [s_no=7, loanaccno=202211033, loan_status=active, emi_amount=10271.0, upcomming_payment_date=2022-11-07, remaining_amount=350000.0],[]>
2022-10-12 12:56:37 [http-nio-8081-exec-2] INFO  com.capstone.aspect.LoggerAspect - *************************************
2022-10-12 12:56:59 [http-nio-8081-exec-4] INFO  com.capstone.aspect.LoggerAspect - Method name: com.capstone.controller.emiController
2022-10-12 12:56:59 [http-nio-8081-exec-4] INFO  com.capstone.aspect.LoggerAspect - Method arguments:[Ljava.lang.Object;@33b7ca42
2022-10-12 12:56:59 [http-nio-8081-exec-4] INFO  com.capstone.aspect.LoggerAspect - *************************************
2022-10-12 12:56:59 [http-nio-8081-exec-4] INFO  com.capstone.aspect.LoggerAspect - Method name: com.capstone.service.emiServiceImp
2022-10-12 12:56:59 [http-nio-8081-exec-4] INFO  com.capstone.aspect.LoggerAspect - Method arguments:[Ljava.lang.Object;@6466c76f
2022-10-12 12:56:59 [http-nio-8081-exec-4] INFO  com.capstone.aspect.LoggerAspect - *************************************
2022-10-12 12:56:59 [http-nio-8081-exec-4] INFO  com.capstone.aspect.LoggerAspect - During: class com.capstone.service.emiServiceImp.getEmiData() with arguments=emi [s_no=7, loanaccno=202211033, loan_status=active, emi_amount=10271.0, upcomming_payment_date=2022-11-07, remaining_amount=350000.0]
2022-10-12 12:56:59 [http-nio-8081-exec-4] INFO  com.capstone.aspect.LoggerAspect - *************************************
2022-10-12 12:56:59 [http-nio-8081-exec-4] INFO  com.capstone.aspect.LoggerAspect - During: class com.capstone.controller.emiController.getemiofAccount() with arguments=<200 OK OK,emi [s_no=7, loanaccno=202211033, loan_status=active, emi_amount=10271.0, upcomming_payment_date=2022-11-07, remaining_amount=350000.0],[]>
2022-10-12 12:56:59 [http-nio-8081-exec-4] INFO  com.capstone.aspect.LoggerAspect - *************************************
2022-10-12 12:57:04 [http-nio-8081-exec-6] INFO  com.capstone.aspect.LoggerAspect - Method name: com.capstone.controller.emiController
2022-10-12 12:57:04 [http-nio-8081-exec-6] INFO  com.capstone.aspect.LoggerAspect - Method arguments:[Ljava.lang.Object;@77fa07f0
2022-10-12 12:57:04 [http-nio-8081-exec-6] INFO  com.capstone.aspect.LoggerAspect - *************************************
2022-10-12 12:57:04 [http-nio-8081-exec-6] INFO  com.capstone.aspect.LoggerAspect - Method name: com.capstone.service.emiServiceImp
2022-10-12 12:57:04 [http-nio-8081-exec-6] INFO  com.capstone.aspect.LoggerAspect - Method arguments:[Ljava.lang.Object;@235cde70
2022-10-12 12:57:04 [http-nio-8081-exec-6] INFO  com.capstone.aspect.LoggerAspect - *************************************
2022-10-12 12:57:04 [http-nio-8081-exec-6] INFO  com.capstone.aspect.LoggerAspect - During: class com.capstone.service.emiServiceImp.getEmiData() with arguments=emi [s_no=7, loanaccno=202211033, loan_status=active, emi_amount=10271.0, upcomming_payment_date=2022-11-07, remaining_amount=350000.0]
2022-10-12 12:57:04 [http-nio-8081-exec-6] INFO  com.capstone.aspect.LoggerAspect - *************************************
2022-10-12 12:57:04 [http-nio-8081-exec-6] INFO  com.capstone.aspect.LoggerAspect - During: class com.capstone.controller.emiController.getemiofAccount() with arguments=<200 OK OK,emi [s_no=7, loanaccno=202211033, loan_status=active, emi_amount=10271.0, upcomming_payment_date=2022-11-07, remaining_amount=350000.0],[]>
2022-10-12 12:57:04 [http-nio-8081-exec-6] INFO  com.capstone.aspect.LoggerAspect - *************************************
2022-10-12 12:57:12 [http-nio-8081-exec-8] INFO  com.capstone.aspect.LoggerAspect - Method name: com.capstone.controller.emiController
2022-10-12 12:57:12 [http-nio-8081-exec-8] INFO  com.capstone.aspect.LoggerAspect - Method arguments:[Ljava.lang.Object;@7eef865
2022-10-12 12:57:12 [http-nio-8081-exec-8] INFO  com.capstone.aspect.LoggerAspect - *************************************
2022-10-12 12:57:12 [http-nio-8081-exec-8] INFO  com.capstone.aspect.LoggerAspect - Method name: com.capstone.service.emiServiceImp
2022-10-12 12:57:12 [http-nio-8081-exec-8] INFO  com.capstone.aspect.LoggerAspect - Method arguments:[Ljava.lang.Object;@53789fbc
2022-10-12 12:57:12 [http-nio-8081-exec-8] INFO  com.capstone.aspect.LoggerAspect - *************************************
2022-10-12 12:57:12 [http-nio-8081-exec-8] INFO  com.capstone.aspect.LoggerAspect - During: class com.capstone.service.emiServiceImp.getEmiData() with arguments=emi [s_no=7, loanaccno=202211033, loan_status=active, emi_amount=10271.0, upcomming_payment_date=2022-11-07, remaining_amount=350000.0]
2022-10-12 12:57:12 [http-nio-8081-exec-8] INFO  com.capstone.aspect.LoggerAspect - *************************************
2022-10-12 12:57:12 [http-nio-8081-exec-8] INFO  com.capstone.aspect.LoggerAspect - During: class com.capstone.controller.emiController.getemiofAccount() with arguments=<200 OK OK,emi [s_no=7, loanaccno=202211033, loan_status=active, emi_amount=10271.0, upcomming_payment_date=2022-11-07, remaining_amount=350000.0],[]>
2022-10-12 12:57:12 [http-nio-8081-exec-8] INFO  com.capstone.aspect.LoggerAspect - *************************************
2022-10-12 12:57:44 [http-nio-8081-exec-10] INFO  com.capstone.aspect.LoggerAspect - Method name: com.capstone.controller.emiController
2022-10-12 12:57:44 [http-nio-8081-exec-10] INFO  com.capstone.aspect.LoggerAspect - Method arguments:[Ljava.lang.Object;@660a682
2022-10-12 12:57:44 [http-nio-8081-exec-10] INFO  com.capstone.aspect.LoggerAspect - *************************************
2022-10-12 12:57:44 [http-nio-8081-exec-10] INFO  com.capstone.aspect.LoggerAspect - Method name: com.capstone.service.emiServiceImp
2022-10-12 12:57:44 [http-nio-8081-exec-10] INFO  com.capstone.aspect.LoggerAspect - Method arguments:[Ljava.lang.Object;@630a3860
2022-10-12 12:57:44 [http-nio-8081-exec-10] INFO  com.capstone.aspect.LoggerAspect - *************************************
2022-10-12 12:57:44 [http-nio-8081-exec-10] INFO  com.capstone.aspect.LoggerAspect - During: class com.capstone.service.emiServiceImp.getEmiData() with arguments=emi [s_no=7, loanaccno=202211033, loan_status=active, emi_amount=10271.0, upcomming_payment_date=2022-11-07, remaining_amount=350000.0]
2022-10-12 12:57:44 [http-nio-8081-exec-10] INFO  com.capstone.aspect.LoggerAspect - *************************************
2022-10-12 12:57:44 [http-nio-8081-exec-10] INFO  com.capstone.aspect.LoggerAspect - During: class com.capstone.controller.emiController.getemiofAccount() with arguments=<200 OK OK,emi [s_no=7, loanaccno=202211033, loan_status=active, emi_amount=10271.0, upcomming_payment_date=2022-11-07, remaining_amount=350000.0],[]>
2022-10-12 12:57:44 [http-nio-8081-exec-10] INFO  com.capstone.aspect.LoggerAspect - *************************************
2022-10-12 12:59:43 [http-nio-8081-exec-2] INFO  com.capstone.aspect.LoggerAspect - Method name: com.capstone.controller.emiController
2022-10-12 12:59:43 [http-nio-8081-exec-2] INFO  com.capstone.aspect.LoggerAspect - Method arguments:[Ljava.lang.Object;@25a1dc2d
2022-10-12 12:59:43 [http-nio-8081-exec-2] INFO  com.capstone.aspect.LoggerAspect - *************************************
2022-10-12 12:59:43 [http-nio-8081-exec-2] INFO  com.capstone.aspect.LoggerAspect - Method name: com.capstone.service.emiServiceImp
2022-10-12 12:59:43 [http-nio-8081-exec-2] INFO  com.capstone.aspect.LoggerAspect - Method arguments:[Ljava.lang.Object;@41b10bd6
2022-10-12 12:59:43 [http-nio-8081-exec-2] INFO  com.capstone.aspect.LoggerAspect - *************************************
2022-10-12 12:59:43 [http-nio-8081-exec-2] INFO  com.capstone.aspect.LoggerAspect - During: class com.capstone.service.emiServiceImp.getEmiData() with arguments=emi [s_no=7, loanaccno=202211033, loan_status=active, emi_amount=10271.0, upcomming_payment_date=2022-11-07, remaining_amount=350000.0]
2022-10-12 12:59:43 [http-nio-8081-exec-2] INFO  com.capstone.aspect.LoggerAspect - *************************************
2022-10-12 12:59:43 [http-nio-8081-exec-2] INFO  com.capstone.aspect.LoggerAspect - During: class com.capstone.controller.emiController.getemiofAccount() with arguments=<200 OK OK,emi [s_no=7, loanaccno=202211033, loan_status=active, emi_amount=10271.0, upcomming_payment_date=2022-11-07, remaining_amount=350000.0],[]>
2022-10-12 12:59:43 [http-nio-8081-exec-2] INFO  com.capstone.aspect.LoggerAspect - *************************************
2022-10-12 13:00:14 [http-nio-8081-exec-4] INFO  com.capstone.aspect.LoggerAspect - Method name: com.capstone.controller.emiController
2022-10-12 13:00:14 [http-nio-8081-exec-4] INFO  com.capstone.aspect.LoggerAspect - Method arguments:[Ljava.lang.Object;@685d03bc
2022-10-12 13:00:14 [http-nio-8081-exec-4] INFO  com.capstone.aspect.LoggerAspect - *************************************
2022-10-12 13:00:14 [http-nio-8081-exec-4] INFO  com.capstone.aspect.LoggerAspect - Method name: com.capstone.service.emiServiceImp
2022-10-12 13:00:14 [http-nio-8081-exec-4] INFO  com.capstone.aspect.LoggerAspect - Method arguments:[Ljava.lang.Object;@7343e8dd
2022-10-12 13:00:14 [http-nio-8081-exec-4] INFO  com.capstone.aspect.LoggerAspect - *************************************
2022-10-12 13:00:14 [http-nio-8081-exec-4] INFO  com.capstone.aspect.LoggerAspect - During: class com.capstone.service.emiServiceImp.getEmiData() with arguments=emi [s_no=7, loanaccno=202211033, loan_status=active, emi_amount=10271.0, upcomming_payment_date=2022-11-07, remaining_amount=350000.0]
2022-10-12 13:00:14 [http-nio-8081-exec-4] INFO  com.capstone.aspect.LoggerAspect - *************************************
2022-10-12 13:00:14 [http-nio-8081-exec-4] INFO  com.capstone.aspect.LoggerAspect - During: class com.capstone.controller.emiController.getemiofAccount() with arguments=<200 OK OK,emi [s_no=7, loanaccno=202211033, loan_status=active, emi_amount=10271.0, upcomming_payment_date=2022-11-07, remaining_amount=350000.0],[]>
2022-10-12 13:00:14 [http-nio-8081-exec-4] INFO  com.capstone.aspect.LoggerAspect - *************************************
2022-10-12 13:00:17 [AsyncResolver-bootstrap-executor-0] INFO  c.n.d.s.r.aws.ConfigClusterResolver - Resolving eureka endpoints via configuration
2022-10-12 13:05:17 [AsyncResolver-bootstrap-executor-0] INFO  c.n.d.s.r.aws.ConfigClusterResolver - Resolving eureka endpoints via configuration
2022-10-12 13:10:17 [AsyncResolver-bootstrap-executor-0] INFO  c.n.d.s.r.aws.ConfigClusterResolver - Resolving eureka endpoints via configuration
2022-10-12 13:15:17 [AsyncResolver-bootstrap-executor-0] INFO  c.n.d.s.r.aws.ConfigClusterResolver - Resolving eureka endpoints via configuration
2022-10-12 13:20:17 [AsyncResolver-bootstrap-executor-0] INFO  c.n.d.s.r.aws.ConfigClusterResolver - Resolving eureka endpoints via configuration
2022-10-12 13:25:17 [AsyncResolver-bootstrap-executor-0] INFO  c.n.d.s.r.aws.ConfigClusterResolver - Resolving eureka endpoints via configuration
2022-10-12 13:30:17 [AsyncResolver-bootstrap-executor-0] INFO  c.n.d.s.r.aws.ConfigClusterResolver - Resolving eureka endpoints via configuration
2022-10-12 13:35:17 [AsyncResolver-bootstrap-executor-0] INFO  c.n.d.s.r.aws.ConfigClusterResolver - Resolving eureka endpoints via configuration
2022-10-12 13:40:17 [AsyncResolver-bootstrap-executor-0] INFO  c.n.d.s.r.aws.ConfigClusterResolver - Resolving eureka endpoints via configuration
2022-10-12 13:42:46 [http-nio-8081-exec-6] INFO  com.capstone.aspect.LoggerAspect - Method name: com.capstone.controller.emiController
2022-10-12 13:42:46 [http-nio-8081-exec-6] INFO  com.capstone.aspect.LoggerAspect - Method arguments:[Ljava.lang.Object;@27bc47d7
2022-10-12 13:42:46 [http-nio-8081-exec-6] INFO  com.capstone.aspect.LoggerAspect - *************************************
2022-10-12 13:42:46 [http-nio-8081-exec-6] INFO  com.capstone.aspect.LoggerAspect - Method name: com.capstone.service.emiServiceImp
2022-10-12 13:42:46 [http-nio-8081-exec-6] INFO  com.capstone.aspect.LoggerAspect - Method arguments:[Ljava.lang.Object;@cb65ddb
2022-10-12 13:42:46 [http-nio-8081-exec-6] INFO  com.capstone.aspect.LoggerAspect - *************************************
2022-10-12 13:42:46 [http-nio-8081-exec-6] INFO  com.capstone.aspect.LoggerAspect - During: class com.capstone.service.emiServiceImp.getEmiData() with arguments=emi [s_no=7, loanaccno=202211033, loan_status=active, emi_amount=10271.0, upcomming_payment_date=2022-11-07, remaining_amount=350000.0]
2022-10-12 13:42:46 [http-nio-8081-exec-6] INFO  com.capstone.aspect.LoggerAspect - *************************************
2022-10-12 13:42:46 [http-nio-8081-exec-6] INFO  com.capstone.aspect.LoggerAspect - During: class com.capstone.controller.emiController.getemiofAccount() with arguments=<200 OK OK,emi [s_no=7, loanaccno=202211033, loan_status=active, emi_amount=10271.0, upcomming_payment_date=2022-11-07, remaining_amount=350000.0],[]>
2022-10-12 13:42:46 [http-nio-8081-exec-6] INFO  com.capstone.aspect.LoggerAspect - *************************************
2022-10-12 13:45:17 [AsyncResolver-bootstrap-executor-0] INFO  c.n.d.s.r.aws.ConfigClusterResolver - Resolving eureka endpoints via configuration
2022-10-12 13:45:48 [http-nio-8081-exec-8] INFO  com.capstone.aspect.LoggerAspect - Method name: com.capstone.controller.emiController
2022-10-12 13:45:48 [http-nio-8081-exec-8] INFO  com.capstone.aspect.LoggerAspect - Method arguments:[Ljava.lang.Object;@5860c860
2022-10-12 13:45:48 [http-nio-8081-exec-8] INFO  com.capstone.aspect.LoggerAspect - *************************************
2022-10-12 13:45:48 [http-nio-8081-exec-8] INFO  com.capstone.aspect.LoggerAspect - Method name: com.capstone.service.emiServiceImp
2022-10-12 13:45:48 [http-nio-8081-exec-8] INFO  com.capstone.aspect.LoggerAspect - Method arguments:[Ljava.lang.Object;@65bb110c
2022-10-12 13:45:48 [http-nio-8081-exec-8] INFO  com.capstone.aspect.LoggerAspect - *************************************
2022-10-12 13:45:48 [http-nio-8081-exec-8] INFO  com.capstone.aspect.LoggerAspect - During: class com.capstone.service.emiServiceImp.getEmiData() with arguments=emi [s_no=7, loanaccno=202211033, loan_status=active, emi_amount=10271.0, upcomming_payment_date=2022-11-07, remaining_amount=350000.0]
2022-10-12 13:45:48 [http-nio-8081-exec-8] INFO  com.capstone.aspect.LoggerAspect - *************************************
2022-10-12 13:45:48 [http-nio-8081-exec-8] INFO  com.capstone.aspect.LoggerAspect - During: class com.capstone.controller.emiController.getemiofAccount() with arguments=<200 OK OK,emi [s_no=7, loanaccno=202211033, loan_status=active, emi_amount=10271.0, upcomming_payment_date=2022-11-07, remaining_amount=350000.0],[]>
2022-10-12 13:45:48 [http-nio-8081-exec-8] INFO  com.capstone.aspect.LoggerAspect - *************************************
2022-10-12 13:50:17 [AsyncResolver-bootstrap-executor-0] INFO  c.n.d.s.r.aws.ConfigClusterResolver - Resolving eureka endpoints via configuration
2022-10-12 13:51:21 [File Watcher] INFO  o.s.b.d.a.LocalDevToolsAutoConfiguration$RestartingClassPathChangeChangedEventListener - Restarting due to 13 class path changes (0 additions, 0 deletions, 13 modifications)
2022-10-12 13:51:21 [Thread-1] INFO  o.s.c.n.e.s.EurekaServiceRegistry - Unregistering application EMI-API with eureka with status DOWN
2022-10-12 13:51:21 [Thread-1] INFO  c.netflix.discovery.DiscoveryClient - Saw local status change event StatusChangeEvent [timestamp=1665562881892, current=DOWN, previous=UP]
2022-10-12 13:51:21 [DiscoveryClient-InstanceInfoReplicator-0] INFO  c.netflix.discovery.DiscoveryClient - DiscoveryClient_EMI-API/192.168.0.7:emi-api:8081: registering service...
2022-10-12 13:51:21 [DiscoveryClient-InstanceInfoReplicator-0] INFO  c.netflix.discovery.DiscoveryClient - DiscoveryClient_EMI-API/192.168.0.7:emi-api:8081 - registration status: 204
2022-10-12 13:51:21 [Thread-1] INFO  o.a.coyote.http11.Http11NioProtocol - Pausing ProtocolHandler ["http-nio-8081"]
2022-10-12 13:51:21 [Thread-1] INFO  o.a.catalina.core.StandardService - Stopping service [Tomcat]
2022-10-12 13:51:21 [Thread-1] INFO  o.a.c.c.C.[Tomcat].[localhost].[/] - Destroying Spring FrameworkServlet 'dispatcherServlet'
2022-10-12 13:51:22 [Thread-1] INFO  o.a.coyote.http11.Http11NioProtocol - Stopping ProtocolHandler ["http-nio-8081"]
2022-10-12 13:51:22 [Thread-1] INFO  o.a.coyote.http11.Http11NioProtocol - Destroying ProtocolHandler ["http-nio-8081"]
2022-10-12 13:51:22 [Thread-1] INFO  o.s.o.j.LocalContainerEntityManagerFactoryBean - Closing JPA EntityManagerFactory for persistence unit 'default'
2022-10-12 13:51:22 [Thread-1] INFO  com.zaxxer.hikari.HikariDataSource - HikariPool-1 - Shutdown initiated...
2022-10-12 13:51:22 [Thread-1] INFO  com.zaxxer.hikari.HikariDataSource - HikariPool-1 - Shutdown completed.
2022-10-12 13:51:22 [Thread-1] INFO  c.netflix.discovery.DiscoveryClient - Shutting down DiscoveryClient ...
2022-10-12 13:51:25 [Thread-1] INFO  c.netflix.discovery.DiscoveryClient - Unregistering ...
2022-10-12 13:51:25 [Thread-1] INFO  c.netflix.discovery.DiscoveryClient - DiscoveryClient_EMI-API/192.168.0.7:emi-api:8081 - deregister  status: 200
2022-10-12 13:51:25 [Thread-1] INFO  c.netflix.discovery.DiscoveryClient - Completed shut down of DiscoveryClient
2022-10-12 13:51:25 [restartedMain] INFO  com.capstone.EmiApiApplication - Starting EmiApiApplication using Java 17.0.2 on MOHAN with PID 13644 (C:\Users\mohan\Downloads\Natwest Capstone\frontend\spring-master\emi-api\target\classes started by mohan in C:\Users\mohan\Downloads\Natwest Capstone\frontend\spring-master\emi-api)
2022-10-12 13:51:25 [restartedMain] INFO  com.capstone.EmiApiApplication - No active profile set, falling back to 1 default profile: "default"
2022-10-12 13:51:26 [restartedMain] INFO  o.s.d.r.c.RepositoryConfigurationDelegate - Bootstrapping Spring Data JPA repositories in DEFAULT mode.
2022-10-12 13:51:26 [restartedMain] INFO  o.s.d.r.c.RepositoryConfigurationDelegate - Finished Spring Data repository scanning in 16 ms. Found 1 JPA repository interfaces.
2022-10-12 13:51:26 [restartedMain] INFO  o.s.cloud.context.scope.GenericScope - BeanFactory id=5babc4e2-f0b0-3323-8f75-7d5bd9cf4d2d
2022-10-12 13:51:26 [restartedMain] INFO  o.s.b.w.e.tomcat.TomcatWebServer - Tomcat initialized with port(s): 8081 (http)
2022-10-12 13:51:26 [restartedMain] INFO  o.a.coyote.http11.Http11NioProtocol - Initializing ProtocolHandler ["http-nio-8081"]
2022-10-12 13:51:26 [restartedMain] INFO  o.a.catalina.core.StandardService - Starting service [Tomcat]
2022-10-12 13:51:26 [restartedMain] INFO  o.a.catalina.core.StandardEngine - Starting Servlet engine: [Apache Tomcat/9.0.65]
2022-10-12 13:51:26 [restartedMain] INFO  o.a.c.c.C.[Tomcat].[localhost].[/] - Initializing Spring embedded WebApplicationContext
2022-10-12 13:51:26 [restartedMain] INFO  o.s.b.w.s.c.ServletWebServerApplicationContext - Root WebApplicationContext: initialization completed in 790 ms
2022-10-12 13:51:26 [restartedMain] INFO  o.a.catalina.core.StandardContext - Suspicious URL pattern: [/api/**] in context [], see sections 12.1 and 12.2 of the Servlet specification
2022-10-12 13:51:26 [restartedMain] INFO  o.h.jpa.internal.util.LogHelper - HHH000204: Processing PersistenceUnitInfo [name: default]
2022-10-12 13:51:26 [restartedMain] INFO  com.zaxxer.hikari.HikariDataSource - HikariPool-2 - Starting...
2022-10-12 13:51:26 [restartedMain] INFO  com.zaxxer.hikari.HikariDataSource - HikariPool-2 - Start completed.
2022-10-12 13:51:26 [restartedMain] INFO  org.hibernate.dialect.Dialect - HHH000400: Using dialect: org.hibernate.dialect.MySQL8Dialect
2022-10-12 13:51:26 [restartedMain] INFO  o.h.e.t.j.p.i.JtaPlatformInitiator - HHH000490: Using JtaPlatform implementation: [org.hibernate.engine.transaction.jta.platform.internal.NoJtaPlatform]
2022-10-12 13:51:26 [restartedMain] INFO  o.s.o.j.LocalContainerEntityManagerFactoryBean - Initialized JPA EntityManagerFactory for persistence unit 'default'
2022-10-12 13:51:27 [restartedMain] WARN  o.s.b.a.o.j.JpaBaseConfiguration$JpaWebConfiguration - spring.jpa.open-in-view is enabled by default. Therefore, database queries may be performed during view rendering. Explicitly configure spring.jpa.open-in-view to disable this warning
2022-10-12 13:51:27 [restartedMain] WARN  o.s.b.d.a.OptionalLiveReloadServer - Unable to start LiveReload server
2022-10-12 13:51:27 [restartedMain] INFO  o.s.c.n.e.c.DiscoveryClientOptionalArgsConfiguration - Eureka HTTP Client uses RestTemplate.
2022-10-12 13:51:27 [restartedMain] WARN  o.s.c.l.c.LoadBalancerCacheAutoConfiguration$LoadBalancerCaffeineWarnLogger - Spring Cloud LoadBalancer is currently working with the default cache. While this cache implementation is useful for development and tests, it's recommended to use Caffeine cache in production.You can switch to using Caffeine cache, by adding it and org.springframework.cache.caffeine.CaffeineCacheManager to the classpath.
2022-10-12 13:51:27 [restartedMain] INFO  o.s.c.n.eureka.InstanceInfoFactory - Setting initial instance status as: STARTING
2022-10-12 13:51:27 [restartedMain] INFO  c.netflix.discovery.DiscoveryClient - Initializing Eureka in region us-east-1
2022-10-12 13:51:27 [restartedMain] INFO  c.n.d.s.r.aws.ConfigClusterResolver - Resolving eureka endpoints via configuration
2022-10-12 13:51:27 [restartedMain] INFO  c.netflix.discovery.DiscoveryClient - Disable delta property : false
2022-10-12 13:51:27 [restartedMain] INFO  c.netflix.discovery.DiscoveryClient - Single vip registry refresh property : null
2022-10-12 13:51:27 [restartedMain] INFO  c.netflix.discovery.DiscoveryClient - Force full registry fetch : false
2022-10-12 13:51:27 [restartedMain] INFO  c.netflix.discovery.DiscoveryClient - Application is null : false
2022-10-12 13:51:27 [restartedMain] INFO  c.netflix.discovery.DiscoveryClient - Registered Applications size is zero : true
2022-10-12 13:51:27 [restartedMain] INFO  c.netflix.discovery.DiscoveryClient - Application version is -1: true
2022-10-12 13:51:27 [restartedMain] INFO  c.netflix.discovery.DiscoveryClient - Getting all instance registry info from the eureka server
2022-10-12 13:51:27 [restartedMain] INFO  c.netflix.discovery.DiscoveryClient - The response status is 200
2022-10-12 13:51:27 [restartedMain] INFO  c.netflix.discovery.DiscoveryClient - Starting heartbeat executor: renew interval is: 30
2022-10-12 13:51:27 [restartedMain] INFO  c.n.discovery.InstanceInfoReplicator - InstanceInfoReplicator onDemand update allowed rate per min is 4
2022-10-12 13:51:27 [restartedMain] INFO  c.netflix.discovery.DiscoveryClient - Discovery Client initialized at timestamp 1665562887614 with initial instances count: 3
2022-10-12 13:51:27 [restartedMain] INFO  o.s.c.n.e.s.EurekaServiceRegistry - Registering application EMI-API with eureka with status UP
2022-10-12 13:51:27 [restartedMain] INFO  c.netflix.discovery.DiscoveryClient - Saw local status change event StatusChangeEvent [timestamp=1665562887616, current=UP, previous=STARTING]
2022-10-12 13:51:27 [DiscoveryClient-InstanceInfoReplicator-0] INFO  c.netflix.discovery.DiscoveryClient - DiscoveryClient_EMI-API/192.168.0.7:emi-api:8081: registering service...
2022-10-12 13:51:27 [restartedMain] INFO  o.a.coyote.http11.Http11NioProtocol - Starting ProtocolHandler ["http-nio-8081"]
2022-10-12 13:51:27 [restartedMain] INFO  o.s.b.w.e.tomcat.TomcatWebServer - Tomcat started on port(s): 8081 (http) with context path ''
2022-10-12 13:51:27 [restartedMain] INFO  o.s.c.n.e.s.EurekaAutoServiceRegistration - Updating port to 8081
2022-10-12 13:51:27 [DiscoveryClient-InstanceInfoReplicator-0] INFO  c.netflix.discovery.DiscoveryClient - DiscoveryClient_EMI-API/192.168.0.7:emi-api:8081 - registration status: 204
2022-10-12 13:51:27 [restartedMain] INFO  com.capstone.EmiApiApplication - Started EmiApiApplication in 2.107 seconds (JVM running for 9377.568)
2022-10-12 13:51:27 [restartedMain] INFO  o.s.b.d.a.ConditionEvaluationDeltaLoggingListener - Condition evaluation unchanged
2022-10-12 13:56:27 [AsyncResolver-bootstrap-executor-0] INFO  c.n.d.s.r.aws.ConfigClusterResolver - Resolving eureka endpoints via configuration
2022-10-12 14:01:27 [AsyncResolver-bootstrap-executor-0] INFO  c.n.d.s.r.aws.ConfigClusterResolver - Resolving eureka endpoints via configuration
2022-10-12 14:06:27 [AsyncResolver-bootstrap-executor-0] INFO  c.n.d.s.r.aws.ConfigClusterResolver - Resolving eureka endpoints via configuration
2022-10-12 14:11:27 [AsyncResolver-bootstrap-executor-0] INFO  c.n.d.s.r.aws.ConfigClusterResolver - Resolving eureka endpoints via configuration
2022-10-12 14:16:27 [AsyncResolver-bootstrap-executor-0] INFO  c.n.d.s.r.aws.ConfigClusterResolver - Resolving eureka endpoints via configuration
2022-10-12 14:21:27 [AsyncResolver-bootstrap-executor-0] INFO  c.n.d.s.r.aws.ConfigClusterResolver - Resolving eureka endpoints via configuration
2022-10-12 14:26:27 [AsyncResolver-bootstrap-executor-0] INFO  c.n.d.s.r.aws.ConfigClusterResolver - Resolving eureka endpoints via configuration
2022-10-12 14:31:27 [AsyncResolver-bootstrap-executor-0] INFO  c.n.d.s.r.aws.ConfigClusterResolver - Resolving eureka endpoints via configuration
2022-10-12 14:36:27 [AsyncResolver-bootstrap-executor-0] INFO  c.n.d.s.r.aws.ConfigClusterResolver - Resolving eureka endpoints via configuration
2022-10-12 14:41:27 [AsyncResolver-bootstrap-executor-0] INFO  c.n.d.s.r.aws.ConfigClusterResolver - Resolving eureka endpoints via configuration
2022-10-12 14:46:27 [AsyncResolver-bootstrap-executor-0] INFO  c.n.d.s.r.aws.ConfigClusterResolver - Resolving eureka endpoints via configuration
2022-10-12 14:51:27 [AsyncResolver-bootstrap-executor-0] INFO  c.n.d.s.r.aws.ConfigClusterResolver - Resolving eureka endpoints via configuration
2022-10-12 14:55:19 [http-nio-8081-exec-2] INFO  o.a.c.c.C.[Tomcat].[localhost].[/] - Initializing Spring DispatcherServlet 'dispatcherServlet'
2022-10-12 14:55:19 [http-nio-8081-exec-2] INFO  o.s.web.servlet.DispatcherServlet - Initializing Servlet 'dispatcherServlet'
2022-10-12 14:55:19 [http-nio-8081-exec-2] INFO  o.s.web.servlet.DispatcherServlet - Completed initialization in 70 ms
2022-10-12 14:55:20 [http-nio-8081-exec-2] INFO  com.capstone.aspect.LoggerAspect - Method name: com.capstone.controller.emiController
2022-10-12 14:55:20 [http-nio-8081-exec-2] INFO  com.capstone.aspect.LoggerAspect - Method arguments:[Ljava.lang.Object;@5d18ac5b
2022-10-12 14:55:20 [http-nio-8081-exec-2] INFO  com.capstone.aspect.LoggerAspect - *************************************
2022-10-12 14:55:20 [http-nio-8081-exec-2] INFO  com.capstone.aspect.LoggerAspect - Method name: com.capstone.service.emiServiceImp
2022-10-12 14:55:20 [http-nio-8081-exec-2] INFO  com.capstone.aspect.LoggerAspect - Method arguments:[Ljava.lang.Object;@7bf65cb9
2022-10-12 14:55:20 [http-nio-8081-exec-2] INFO  com.capstone.aspect.LoggerAspect - *************************************
2022-10-12 14:55:20 [http-nio-8081-exec-2] INFO  com.capstone.aspect.LoggerAspect - During: class com.capstone.service.emiServiceImp.getEmiData() with arguments=emi [s_no=1, loanaccno=202211011, loan_status=active, emi_amount=15910.0, upcomming_payment_date=2022-11-07, remaining_amount=1500000.0]
2022-10-12 14:55:20 [http-nio-8081-exec-2] INFO  com.capstone.aspect.LoggerAspect - *************************************
2022-10-12 14:55:20 [http-nio-8081-exec-2] INFO  com.capstone.aspect.LoggerAspect - Method name: com.capstone.service.emiServiceImp
2022-10-12 14:55:20 [http-nio-8081-exec-2] INFO  com.capstone.aspect.LoggerAspect - Method arguments:[Ljava.lang.Object;@6bce5e54
2022-10-12 14:55:20 [http-nio-8081-exec-2] INFO  com.capstone.aspect.LoggerAspect - *************************************
2022-10-12 14:55:20 [http-nio-8081-exec-2] INFO  com.capstone.aspect.LoggerAspect - During: class com.capstone.service.emiServiceImp.getEmiData() with arguments=emi [s_no=1, loanaccno=202211011, loan_status=active, emi_amount=15910.0, upcomming_payment_date=2022-11-07, remaining_amount=1500000.0]
2022-10-12 14:55:20 [http-nio-8081-exec-2] INFO  com.capstone.aspect.LoggerAspect - *************************************
2022-10-12 14:55:20 [http-nio-8081-exec-2] INFO  com.capstone.aspect.LoggerAspect - During: class com.capstone.controller.emiController.getemiofAccount() with arguments=<200 OK OK,emi [s_no=1, loanaccno=202211011, loan_status=active, emi_amount=15910.0, upcomming_payment_date=2022-11-07, remaining_amount=1500000.0],[]>
2022-10-12 14:55:20 [http-nio-8081-exec-2] INFO  com.capstone.aspect.LoggerAspect - *************************************
2022-10-12 14:55:30 [http-nio-8081-exec-5] INFO  com.capstone.aspect.LoggerAspect - Method name: com.capstone.controller.emiController
2022-10-12 14:55:30 [http-nio-8081-exec-5] INFO  com.capstone.aspect.LoggerAspect - Method arguments:[Ljava.lang.Object;@1e86add1
2022-10-12 14:55:30 [http-nio-8081-exec-5] INFO  com.capstone.aspect.LoggerAspect - *************************************
2022-10-12 14:55:30 [http-nio-8081-exec-5] INFO  com.capstone.aspect.LoggerAspect - Method name: com.capstone.service.emiServiceImp
2022-10-12 14:55:30 [http-nio-8081-exec-5] INFO  com.capstone.aspect.LoggerAspect - Method arguments:[Ljava.lang.Object;@10415071
2022-10-12 14:55:30 [http-nio-8081-exec-5] INFO  com.capstone.aspect.LoggerAspect - *************************************
2022-10-12 14:55:30 [http-nio-8081-exec-5] INFO  com.capstone.aspect.LoggerAspect - During: class com.capstone.service.emiServiceImp.getEmiData() with arguments=emi [s_no=1, loanaccno=202211011, loan_status=active, emi_amount=15910.0, upcomming_payment_date=2022-11-07, remaining_amount=1500000.0]
2022-10-12 14:55:30 [http-nio-8081-exec-5] INFO  com.capstone.aspect.LoggerAspect - *************************************
2022-10-12 14:55:30 [http-nio-8081-exec-5] INFO  com.capstone.aspect.LoggerAspect - Method name: com.capstone.service.emiServiceImp
2022-10-12 14:55:30 [http-nio-8081-exec-5] INFO  com.capstone.aspect.LoggerAspect - Method arguments:[Ljava.lang.Object;@6b7e27d4
2022-10-12 14:55:30 [http-nio-8081-exec-5] INFO  com.capstone.aspect.LoggerAspect - *************************************
2022-10-12 14:55:30 [http-nio-8081-exec-5] INFO  com.capstone.aspect.LoggerAspect - During: class com.capstone.service.emiServiceImp.getEmiData() with arguments=emi [s_no=1, loanaccno=202211011, loan_status=active, emi_amount=15910.0, upcomming_payment_date=2022-11-07, remaining_amount=1500000.0]
2022-10-12 14:55:30 [http-nio-8081-exec-5] INFO  com.capstone.aspect.LoggerAspect - *************************************
2022-10-12 14:55:30 [http-nio-8081-exec-5] INFO  com.capstone.aspect.LoggerAspect - During: class com.capstone.controller.emiController.getemiofAccount() with arguments=<200 OK OK,emi [s_no=1, loanaccno=202211011, loan_status=active, emi_amount=15910.0, upcomming_payment_date=2022-11-07, remaining_amount=1500000.0],[]>
2022-10-12 14:55:30 [http-nio-8081-exec-5] INFO  com.capstone.aspect.LoggerAspect - *************************************
2022-10-12 14:55:34 [http-nio-8081-exec-6] INFO  com.capstone.aspect.LoggerAspect - Method name: com.capstone.controller.emiController
2022-10-12 14:55:34 [http-nio-8081-exec-6] INFO  com.capstone.aspect.LoggerAspect - Method arguments:[Ljava.lang.Object;@51a29be2
2022-10-12 14:55:34 [http-nio-8081-exec-6] INFO  com.capstone.aspect.LoggerAspect - *************************************
2022-10-12 14:55:34 [http-nio-8081-exec-6] INFO  com.capstone.aspect.LoggerAspect - Method name: com.capstone.service.emiServiceImp
2022-10-12 14:55:34 [http-nio-8081-exec-6] INFO  com.capstone.aspect.LoggerAspect - Method arguments:[Ljava.lang.Object;@5f656fa6
2022-10-12 14:55:34 [http-nio-8081-exec-6] INFO  com.capstone.aspect.LoggerAspect - *************************************
2022-10-12 14:55:34 [http-nio-8081-exec-6] INFO  com.capstone.aspect.LoggerAspect - During: class com.capstone.service.emiServiceImp.getEmiData() with arguments=emi [s_no=1, loanaccno=202211011, loan_status=active, emi_amount=15910.0, upcomming_payment_date=2022-11-07, remaining_amount=1500000.0]
2022-10-12 14:55:34 [http-nio-8081-exec-6] INFO  com.capstone.aspect.LoggerAspect - *************************************
2022-10-12 14:55:34 [http-nio-8081-exec-6] INFO  com.capstone.aspect.LoggerAspect - Method name: com.capstone.service.emiServiceImp
2022-10-12 14:55:34 [http-nio-8081-exec-6] INFO  com.capstone.aspect.LoggerAspect - Method arguments:[Ljava.lang.Object;@68e97d44
2022-10-12 14:55:34 [http-nio-8081-exec-6] INFO  com.capstone.aspect.LoggerAspect - *************************************
2022-10-12 14:55:34 [http-nio-8081-exec-6] INFO  com.capstone.aspect.LoggerAspect - During: class com.capstone.service.emiServiceImp.getEmiData() with arguments=emi [s_no=1, loanaccno=202211011, loan_status=active, emi_amount=15910.0, upcomming_payment_date=2022-11-07, remaining_amount=1500000.0]
2022-10-12 14:55:34 [http-nio-8081-exec-6] INFO  com.capstone.aspect.LoggerAspect - *************************************
2022-10-12 14:55:34 [http-nio-8081-exec-6] INFO  com.capstone.aspect.LoggerAspect - During: class com.capstone.controller.emiController.getemiofAccount() with arguments=<200 OK OK,emi [s_no=1, loanaccno=202211011, loan_status=active, emi_amount=15910.0, upcomming_payment_date=2022-11-07, remaining_amount=1500000.0],[]>
2022-10-12 14:55:34 [http-nio-8081-exec-6] INFO  com.capstone.aspect.LoggerAspect - *************************************
2022-10-12 14:56:09 [http-nio-8081-exec-1] INFO  com.capstone.aspect.LoggerAspect - Method name: com.capstone.controller.emiController
2022-10-12 14:56:09 [http-nio-8081-exec-1] INFO  com.capstone.aspect.LoggerAspect - Method arguments:[Ljava.lang.Object;@25b0d6a7
2022-10-12 14:56:09 [http-nio-8081-exec-1] INFO  com.capstone.aspect.LoggerAspect - *************************************
2022-10-12 14:56:09 [http-nio-8081-exec-1] INFO  com.capstone.aspect.LoggerAspect - Method name: com.capstone.service.emiServiceImp
2022-10-12 14:56:09 [http-nio-8081-exec-1] INFO  com.capstone.aspect.LoggerAspect - Method arguments:[Ljava.lang.Object;@2b773c61
2022-10-12 14:56:09 [http-nio-8081-exec-1] INFO  com.capstone.aspect.LoggerAspect - *************************************
2022-10-12 14:56:09 [http-nio-8081-exec-1] INFO  com.capstone.aspect.LoggerAspect - During: class com.capstone.service.emiServiceImp.getEmiData() with arguments=emi [s_no=1, loanaccno=202211011, loan_status=active, emi_amount=15910.0, upcomming_payment_date=2022-11-07, remaining_amount=1500000.0]
2022-10-12 14:56:09 [http-nio-8081-exec-1] INFO  com.capstone.aspect.LoggerAspect - *************************************
2022-10-12 14:56:09 [http-nio-8081-exec-1] INFO  com.capstone.aspect.LoggerAspect - Method name: com.capstone.service.emiServiceImp
2022-10-12 14:56:09 [http-nio-8081-exec-1] INFO  com.capstone.aspect.LoggerAspect - Method arguments:[Ljava.lang.Object;@2d8fe8fc
2022-10-12 14:56:09 [http-nio-8081-exec-1] INFO  com.capstone.aspect.LoggerAspect - *************************************
2022-10-12 14:56:09 [http-nio-8081-exec-1] INFO  com.capstone.aspect.LoggerAspect - During: class com.capstone.service.emiServiceImp.getEmiData() with arguments=emi [s_no=1, loanaccno=202211011, loan_status=active, emi_amount=15910.0, upcomming_payment_date=2022-11-07, remaining_amount=1500000.0]
2022-10-12 14:56:09 [http-nio-8081-exec-1] INFO  com.capstone.aspect.LoggerAspect - *************************************
2022-10-12 14:56:09 [http-nio-8081-exec-1] INFO  com.capstone.aspect.LoggerAspect - During: class com.capstone.controller.emiController.getemiofAccount() with arguments=<200 OK OK,emi [s_no=1, loanaccno=202211011, loan_status=active, emi_amount=15910.0, upcomming_payment_date=2022-11-07, remaining_amount=1500000.0],[]>
2022-10-12 14:56:09 [http-nio-8081-exec-1] INFO  com.capstone.aspect.LoggerAspect - *************************************
2022-10-12 14:56:27 [AsyncResolver-bootstrap-executor-0] INFO  c.n.d.s.r.aws.ConfigClusterResolver - Resolving eureka endpoints via configuration
2022-10-12 14:56:57 [http-nio-8081-exec-4] INFO  com.capstone.aspect.LoggerAspect - Method name: com.capstone.controller.emiController
2022-10-12 14:56:57 [http-nio-8081-exec-4] INFO  com.capstone.aspect.LoggerAspect - Method arguments:[Ljava.lang.Object;@5c31e552
2022-10-12 14:56:57 [http-nio-8081-exec-4] INFO  com.capstone.aspect.LoggerAspect - *************************************
2022-10-12 14:56:57 [http-nio-8081-exec-4] INFO  com.capstone.aspect.LoggerAspect - Method name: com.capstone.service.emiServiceImp
2022-10-12 14:56:57 [http-nio-8081-exec-4] INFO  com.capstone.aspect.LoggerAspect - Method arguments:[Ljava.lang.Object;@52f600a4
2022-10-12 14:56:57 [http-nio-8081-exec-4] INFO  com.capstone.aspect.LoggerAspect - *************************************
2022-10-12 14:56:57 [http-nio-8081-exec-4] INFO  com.capstone.aspect.LoggerAspect - During: class com.capstone.service.emiServiceImp.getEmiData() with arguments=emi [s_no=1, loanaccno=202211011, loan_status=active, emi_amount=15910.0, upcomming_payment_date=2022-11-07, remaining_amount=1500000.0]
2022-10-12 14:56:57 [http-nio-8081-exec-4] INFO  com.capstone.aspect.LoggerAspect - *************************************
2022-10-12 14:56:57 [http-nio-8081-exec-4] INFO  com.capstone.aspect.LoggerAspect - Method name: com.capstone.service.emiServiceImp
2022-10-12 14:56:57 [http-nio-8081-exec-4] INFO  com.capstone.aspect.LoggerAspect - Method arguments:[Ljava.lang.Object;@1f454842
2022-10-12 14:56:57 [http-nio-8081-exec-4] INFO  com.capstone.aspect.LoggerAspect - *************************************
2022-10-12 14:56:57 [http-nio-8081-exec-4] INFO  com.capstone.aspect.LoggerAspect - During: class com.capstone.service.emiServiceImp.getEmiData() with arguments=emi [s_no=1, loanaccno=202211011, loan_status=active, emi_amount=15910.0, upcomming_payment_date=2022-11-07, remaining_amount=1500000.0]
2022-10-12 14:56:57 [http-nio-8081-exec-4] INFO  com.capstone.aspect.LoggerAspect - *************************************
2022-10-12 14:56:57 [http-nio-8081-exec-4] INFO  com.capstone.aspect.LoggerAspect - During: class com.capstone.controller.emiController.getemiofAccount() with arguments=<200 OK OK,emi [s_no=1, loanaccno=202211011, loan_status=active, emi_amount=15910.0, upcomming_payment_date=2022-11-07, remaining_amount=1500000.0],[]>
2022-10-12 14:56:57 [http-nio-8081-exec-4] INFO  com.capstone.aspect.LoggerAspect - *************************************
2022-10-12 14:59:08 [http-nio-8081-exec-9] INFO  com.capstone.aspect.LoggerAspect - Method name: com.capstone.controller.emiController
2022-10-12 14:59:08 [http-nio-8081-exec-9] INFO  com.capstone.aspect.LoggerAspect - Method arguments:[Ljava.lang.Object;@7c0d496e
2022-10-12 14:59:08 [http-nio-8081-exec-9] INFO  com.capstone.aspect.LoggerAspect - *************************************
2022-10-12 14:59:08 [http-nio-8081-exec-9] INFO  com.capstone.aspect.LoggerAspect - Method name: com.capstone.service.emiServiceImp
2022-10-12 14:59:08 [http-nio-8081-exec-9] INFO  com.capstone.aspect.LoggerAspect - Method arguments:[Ljava.lang.Object;@390fc88b
2022-10-12 14:59:08 [http-nio-8081-exec-9] INFO  com.capstone.aspect.LoggerAspect - *************************************
2022-10-12 14:59:08 [http-nio-8081-exec-9] INFO  com.capstone.aspect.LoggerAspect - During: class com.capstone.service.emiServiceImp.getEmiData() with arguments=emi [s_no=1, loanaccno=202211011, loan_status=active, emi_amount=15910.0, upcomming_payment_date=2022-11-07, remaining_amount=1500000.0]
2022-10-12 14:59:08 [http-nio-8081-exec-9] INFO  com.capstone.aspect.LoggerAspect - *************************************
2022-10-12 14:59:08 [http-nio-8081-exec-9] INFO  com.capstone.aspect.LoggerAspect - Method name: com.capstone.service.emiServiceImp
2022-10-12 14:59:08 [http-nio-8081-exec-9] INFO  com.capstone.aspect.LoggerAspect - Method arguments:[Ljava.lang.Object;@5d6e8a5d
2022-10-12 14:59:08 [http-nio-8081-exec-9] INFO  com.capstone.aspect.LoggerAspect - *************************************
2022-10-12 14:59:08 [http-nio-8081-exec-9] INFO  com.capstone.aspect.LoggerAspect - During: class com.capstone.service.emiServiceImp.getEmiData() with arguments=emi [s_no=1, loanaccno=202211011, loan_status=active, emi_amount=15910.0, upcomming_payment_date=2022-11-07, remaining_amount=1500000.0]
2022-10-12 14:59:08 [http-nio-8081-exec-9] INFO  com.capstone.aspect.LoggerAspect - *************************************
2022-10-12 14:59:08 [http-nio-8081-exec-9] INFO  com.capstone.aspect.LoggerAspect - During: class com.capstone.controller.emiController.getemiofAccount() with arguments=<200 OK OK,emi [s_no=1, loanaccno=202211011, loan_status=active, emi_amount=15910.0, upcomming_payment_date=2022-11-07, remaining_amount=1500000.0],[]>
2022-10-12 14:59:08 [http-nio-8081-exec-9] INFO  com.capstone.aspect.LoggerAspect - *************************************
2022-10-12 14:59:25 [http-nio-8081-exec-10] INFO  com.capstone.aspect.LoggerAspect - Method name: com.capstone.controller.emiController
2022-10-12 14:59:25 [http-nio-8081-exec-10] INFO  com.capstone.aspect.LoggerAspect - Method arguments:[Ljava.lang.Object;@73640c5c
2022-10-12 14:59:25 [http-nio-8081-exec-10] INFO  com.capstone.aspect.LoggerAspect - *************************************
2022-10-12 14:59:25 [http-nio-8081-exec-10] INFO  com.capstone.aspect.LoggerAspect - Method name: com.capstone.service.emiServiceImp
2022-10-12 14:59:25 [http-nio-8081-exec-10] INFO  com.capstone.aspect.LoggerAspect - Method arguments:[Ljava.lang.Object;@7da3ec40
2022-10-12 14:59:25 [http-nio-8081-exec-10] INFO  com.capstone.aspect.LoggerAspect - *************************************
2022-10-12 14:59:25 [http-nio-8081-exec-10] INFO  com.capstone.aspect.LoggerAspect - During: class com.capstone.service.emiServiceImp.getEmiData() with arguments=emi [s_no=1, loanaccno=202211011, loan_status=active, emi_amount=15910.0, upcomming_payment_date=2022-11-07, remaining_amount=1500000.0]
2022-10-12 14:59:25 [http-nio-8081-exec-10] INFO  com.capstone.aspect.LoggerAspect - *************************************
2022-10-12 14:59:25 [http-nio-8081-exec-10] INFO  com.capstone.aspect.LoggerAspect - Method name: com.capstone.service.emiServiceImp
2022-10-12 14:59:25 [http-nio-8081-exec-10] INFO  com.capstone.aspect.LoggerAspect - Method arguments:[Ljava.lang.Object;@27eb369d
2022-10-12 14:59:25 [http-nio-8081-exec-10] INFO  com.capstone.aspect.LoggerAspect - *************************************
2022-10-12 14:59:25 [http-nio-8081-exec-10] INFO  com.capstone.aspect.LoggerAspect - During: class com.capstone.service.emiServiceImp.getEmiData() with arguments=emi [s_no=1, loanaccno=202211011, loan_status=active, emi_amount=15910.0, upcomming_payment_date=2022-11-07, remaining_amount=1500000.0]
2022-10-12 14:59:25 [http-nio-8081-exec-10] INFO  com.capstone.aspect.LoggerAspect - *************************************
2022-10-12 14:59:25 [http-nio-8081-exec-10] INFO  com.capstone.aspect.LoggerAspect - During: class com.capstone.controller.emiController.getemiofAccount() with arguments=<200 OK OK,emi [s_no=1, loanaccno=202211011, loan_status=active, emi_amount=15910.0, upcomming_payment_date=2022-11-07, remaining_amount=1500000.0],[]>
2022-10-12 14:59:25 [http-nio-8081-exec-10] INFO  com.capstone.aspect.LoggerAspect - *************************************
2022-10-12 14:59:27 [http-nio-8081-exec-2] INFO  com.capstone.aspect.LoggerAspect - Method name: com.capstone.controller.emiController
2022-10-12 14:59:27 [http-nio-8081-exec-2] INFO  com.capstone.aspect.LoggerAspect - Method arguments:[Ljava.lang.Object;@3a433ad3
2022-10-12 14:59:27 [http-nio-8081-exec-2] INFO  com.capstone.aspect.LoggerAspect - *************************************
2022-10-12 14:59:27 [http-nio-8081-exec-2] INFO  com.capstone.aspect.LoggerAspect - Method name: com.capstone.service.emiServiceImp
2022-10-12 14:59:27 [http-nio-8081-exec-2] INFO  com.capstone.aspect.LoggerAspect - Method arguments:[Ljava.lang.Object;@402a2813
2022-10-12 14:59:27 [http-nio-8081-exec-2] INFO  com.capstone.aspect.LoggerAspect - *************************************
2022-10-12 14:59:27 [http-nio-8081-exec-2] INFO  com.capstone.aspect.LoggerAspect - During: class com.capstone.service.emiServiceImp.getEmiData() with arguments=emi [s_no=1, loanaccno=202211011, loan_status=active, emi_amount=15910.0, upcomming_payment_date=2022-11-07, remaining_amount=1500000.0]
2022-10-12 14:59:27 [http-nio-8081-exec-2] INFO  com.capstone.aspect.LoggerAspect - *************************************
2022-10-12 14:59:27 [http-nio-8081-exec-2] INFO  com.capstone.aspect.LoggerAspect - Method name: com.capstone.service.emiServiceImp
2022-10-12 14:59:27 [http-nio-8081-exec-2] INFO  com.capstone.aspect.LoggerAspect - Method arguments:[Ljava.lang.Object;@c41fbb
2022-10-12 14:59:27 [http-nio-8081-exec-2] INFO  com.capstone.aspect.LoggerAspect - *************************************
2022-10-12 14:59:27 [http-nio-8081-exec-2] INFO  com.capstone.aspect.LoggerAspect - During: class com.capstone.service.emiServiceImp.getEmiData() with arguments=emi [s_no=1, loanaccno=202211011, loan_status=active, emi_amount=15910.0, upcomming_payment_date=2022-11-07, remaining_amount=1500000.0]
2022-10-12 14:59:27 [http-nio-8081-exec-2] INFO  com.capstone.aspect.LoggerAspect - *************************************
2022-10-12 14:59:27 [http-nio-8081-exec-2] INFO  com.capstone.aspect.LoggerAspect - During: class com.capstone.controller.emiController.getemiofAccount() with arguments=<200 OK OK,emi [s_no=1, loanaccno=202211011, loan_status=active, emi_amount=15910.0, upcomming_payment_date=2022-11-07, remaining_amount=1500000.0],[]>
2022-10-12 14:59:27 [http-nio-8081-exec-2] INFO  com.capstone.aspect.LoggerAspect - *************************************
2022-10-12 15:01:27 [AsyncResolver-bootstrap-executor-0] INFO  c.n.d.s.r.aws.ConfigClusterResolver - Resolving eureka endpoints via configuration
2022-10-12 15:02:59 [http-nio-8081-exec-6] INFO  com.capstone.aspect.LoggerAspect - Method name: com.capstone.controller.emiController
2022-10-12 15:02:59 [http-nio-8081-exec-6] INFO  com.capstone.aspect.LoggerAspect - Method arguments:[Ljava.lang.Object;@794200b
2022-10-12 15:02:59 [http-nio-8081-exec-6] INFO  com.capstone.aspect.LoggerAspect - *************************************
2022-10-12 15:02:59 [http-nio-8081-exec-6] INFO  com.capstone.aspect.LoggerAspect - Method name: com.capstone.service.emiServiceImp
2022-10-12 15:02:59 [http-nio-8081-exec-6] INFO  com.capstone.aspect.LoggerAspect - Method arguments:[Ljava.lang.Object;@4ae3a6e7
2022-10-12 15:02:59 [http-nio-8081-exec-6] INFO  com.capstone.aspect.LoggerAspect - *************************************
2022-10-12 15:02:59 [http-nio-8081-exec-6] INFO  com.capstone.aspect.LoggerAspect - During: class com.capstone.service.emiServiceImp.getEmiData() with arguments=emi [s_no=1, loanaccno=202211011, loan_status=active, emi_amount=15910.0, upcomming_payment_date=2022-11-07, remaining_amount=1500000.0]
2022-10-12 15:02:59 [http-nio-8081-exec-6] INFO  com.capstone.aspect.LoggerAspect - *************************************
2022-10-12 15:02:59 [http-nio-8081-exec-6] INFO  com.capstone.aspect.LoggerAspect - Method name: com.capstone.service.emiServiceImp
2022-10-12 15:02:59 [http-nio-8081-exec-6] INFO  com.capstone.aspect.LoggerAspect - Method arguments:[Ljava.lang.Object;@52a691e9
2022-10-12 15:02:59 [http-nio-8081-exec-6] INFO  com.capstone.aspect.LoggerAspect - *************************************
2022-10-12 15:02:59 [http-nio-8081-exec-6] INFO  com.capstone.aspect.LoggerAspect - During: class com.capstone.service.emiServiceImp.getEmiData() with arguments=emi [s_no=1, loanaccno=202211011, loan_status=active, emi_amount=15910.0, upcomming_payment_date=2022-11-07, remaining_amount=1500000.0]
2022-10-12 15:02:59 [http-nio-8081-exec-6] INFO  com.capstone.aspect.LoggerAspect - *************************************
2022-10-12 15:02:59 [http-nio-8081-exec-6] INFO  com.capstone.aspect.LoggerAspect - During: class com.capstone.controller.emiController.getemiofAccount() with arguments=<200 OK OK,emi [s_no=1, loanaccno=202211011, loan_status=active, emi_amount=15910.0, upcomming_payment_date=2022-11-07, remaining_amount=1500000.0],[]>
2022-10-12 15:02:59 [http-nio-8081-exec-6] INFO  com.capstone.aspect.LoggerAspect - *************************************
2022-10-12 15:05:02 [http-nio-8081-exec-3] INFO  com.capstone.aspect.LoggerAspect - Method name: com.capstone.controller.emiController
2022-10-12 15:05:02 [http-nio-8081-exec-3] INFO  com.capstone.aspect.LoggerAspect - Method arguments:[Ljava.lang.Object;@34f35cd7
2022-10-12 15:05:02 [http-nio-8081-exec-3] INFO  com.capstone.aspect.LoggerAspect - *************************************
2022-10-12 15:05:02 [http-nio-8081-exec-3] INFO  com.capstone.aspect.LoggerAspect - Method name: com.capstone.service.emiServiceImp
2022-10-12 15:05:02 [http-nio-8081-exec-3] INFO  com.capstone.aspect.LoggerAspect - Method arguments:[Ljava.lang.Object;@71f1d42d
2022-10-12 15:05:02 [http-nio-8081-exec-3] INFO  com.capstone.aspect.LoggerAspect - *************************************
2022-10-12 15:05:02 [http-nio-8081-exec-3] INFO  com.capstone.aspect.LoggerAspect - During: class com.capstone.service.emiServiceImp.getEmiData() with arguments=emi [s_no=1, loanaccno=202211011, loan_status=active, emi_amount=15910.0, upcomming_payment_date=2022-11-07, remaining_amount=1500000.0]
2022-10-12 15:05:02 [http-nio-8081-exec-3] INFO  com.capstone.aspect.LoggerAspect - *************************************
2022-10-12 15:05:02 [http-nio-8081-exec-3] INFO  com.capstone.aspect.LoggerAspect - Method name: com.capstone.service.emiServiceImp
2022-10-12 15:05:02 [http-nio-8081-exec-3] INFO  com.capstone.aspect.LoggerAspect - Method arguments:[Ljava.lang.Object;@1590d615
2022-10-12 15:05:02 [http-nio-8081-exec-3] INFO  com.capstone.aspect.LoggerAspect - *************************************
2022-10-12 15:05:02 [http-nio-8081-exec-3] INFO  com.capstone.aspect.LoggerAspect - During: class com.capstone.service.emiServiceImp.getEmiData() with arguments=emi [s_no=1, loanaccno=202211011, loan_status=active, emi_amount=15910.0, upcomming_payment_date=2022-11-07, remaining_amount=1500000.0]
2022-10-12 15:05:02 [http-nio-8081-exec-3] INFO  com.capstone.aspect.LoggerAspect - *************************************
2022-10-12 15:05:02 [http-nio-8081-exec-3] INFO  com.capstone.aspect.LoggerAspect - During: class com.capstone.controller.emiController.getemiofAccount() with arguments=<200 OK OK,emi [s_no=1, loanaccno=202211011, loan_status=active, emi_amount=15910.0, upcomming_payment_date=2022-11-07, remaining_amount=1500000.0],[]>
2022-10-12 15:05:02 [http-nio-8081-exec-3] INFO  com.capstone.aspect.LoggerAspect - *************************************
2022-10-12 15:05:38 [http-nio-8081-exec-8] INFO  com.capstone.aspect.LoggerAspect - Method name: com.capstone.controller.emiController
2022-10-12 15:05:38 [http-nio-8081-exec-8] INFO  com.capstone.aspect.LoggerAspect - Method arguments:[Ljava.lang.Object;@6236ac04
2022-10-12 15:05:38 [http-nio-8081-exec-8] INFO  com.capstone.aspect.LoggerAspect - *************************************
2022-10-12 15:05:38 [http-nio-8081-exec-8] INFO  com.capstone.aspect.LoggerAspect - Method name: com.capstone.service.emiServiceImp
2022-10-12 15:05:38 [http-nio-8081-exec-8] INFO  com.capstone.aspect.LoggerAspect - Method arguments:[Ljava.lang.Object;@27342e26
2022-10-12 15:05:38 [http-nio-8081-exec-8] INFO  com.capstone.aspect.LoggerAspect - *************************************
2022-10-12 15:05:38 [http-nio-8081-exec-8] INFO  com.capstone.aspect.LoggerAspect - During: class com.capstone.service.emiServiceImp.getEmiData() with arguments=emi [s_no=1, loanaccno=202211011, loan_status=active, emi_amount=15910.0, upcomming_payment_date=2022-11-07, remaining_amount=1500000.0]
2022-10-12 15:05:38 [http-nio-8081-exec-8] INFO  com.capstone.aspect.LoggerAspect - *************************************
2022-10-12 15:05:38 [http-nio-8081-exec-8] INFO  com.capstone.aspect.LoggerAspect - Method name: com.capstone.service.emiServiceImp
2022-10-12 15:05:38 [http-nio-8081-exec-8] INFO  com.capstone.aspect.LoggerAspect - Method arguments:[Ljava.lang.Object;@43556acb
2022-10-12 15:05:38 [http-nio-8081-exec-8] INFO  com.capstone.aspect.LoggerAspect - *************************************
2022-10-12 15:05:38 [http-nio-8081-exec-8] INFO  com.capstone.aspect.LoggerAspect - During: class com.capstone.service.emiServiceImp.getEmiData() with arguments=emi [s_no=1, loanaccno=202211011, loan_status=active, emi_amount=15910.0, upcomming_payment_date=2022-11-07, remaining_amount=1500000.0]
2022-10-12 15:05:38 [http-nio-8081-exec-8] INFO  com.capstone.aspect.LoggerAspect - *************************************
2022-10-12 15:05:38 [http-nio-8081-exec-8] INFO  com.capstone.aspect.LoggerAspect - During: class com.capstone.controller.emiController.getemiofAccount() with arguments=<200 OK OK,emi [s_no=1, loanaccno=202211011, loan_status=active, emi_amount=15910.0, upcomming_payment_date=2022-11-07, remaining_amount=1500000.0],[]>
2022-10-12 15:05:38 [http-nio-8081-exec-8] INFO  com.capstone.aspect.LoggerAspect - *************************************
2022-10-12 15:06:27 [AsyncResolver-bootstrap-executor-0] INFO  c.n.d.s.r.aws.ConfigClusterResolver - Resolving eureka endpoints via configuration
2022-10-12 15:06:29 [http-nio-8081-exec-7] INFO  com.capstone.aspect.LoggerAspect - Method name: com.capstone.controller.emiController
2022-10-12 15:06:29 [http-nio-8081-exec-7] INFO  com.capstone.aspect.LoggerAspect - Method arguments:[Ljava.lang.Object;@6155cde0
2022-10-12 15:06:29 [http-nio-8081-exec-7] INFO  com.capstone.aspect.LoggerAspect - *************************************
2022-10-12 15:06:29 [http-nio-8081-exec-7] INFO  com.capstone.aspect.LoggerAspect - Method name: com.capstone.service.emiServiceImp
2022-10-12 15:06:29 [http-nio-8081-exec-7] INFO  com.capstone.aspect.LoggerAspect - Method arguments:[Ljava.lang.Object;@6f923fba
2022-10-12 15:06:29 [http-nio-8081-exec-7] INFO  com.capstone.aspect.LoggerAspect - *************************************
2022-10-12 15:06:29 [http-nio-8081-exec-7] INFO  com.capstone.aspect.LoggerAspect - During: class com.capstone.service.emiServiceImp.getEmiData() with arguments=emi [s_no=1, loanaccno=202211011, loan_status=active, emi_amount=15910.0, upcomming_payment_date=2022-11-07, remaining_amount=1500000.0]
2022-10-12 15:06:29 [http-nio-8081-exec-7] INFO  com.capstone.aspect.LoggerAspect - *************************************
2022-10-12 15:06:29 [http-nio-8081-exec-7] INFO  com.capstone.aspect.LoggerAspect - Method name: com.capstone.service.emiServiceImp
2022-10-12 15:06:29 [http-nio-8081-exec-7] INFO  com.capstone.aspect.LoggerAspect - Method arguments:[Ljava.lang.Object;@3c00d226
2022-10-12 15:06:29 [http-nio-8081-exec-7] INFO  com.capstone.aspect.LoggerAspect - *************************************
2022-10-12 15:06:29 [http-nio-8081-exec-7] INFO  com.capstone.aspect.LoggerAspect - During: class com.capstone.service.emiServiceImp.getEmiData() with arguments=emi [s_no=1, loanaccno=202211011, loan_status=active, emi_amount=15910.0, upcomming_payment_date=2022-11-07, remaining_amount=1500000.0]
2022-10-12 15:06:29 [http-nio-8081-exec-7] INFO  com.capstone.aspect.LoggerAspect - *************************************
2022-10-12 15:06:29 [http-nio-8081-exec-7] INFO  com.capstone.aspect.LoggerAspect - During: class com.capstone.controller.emiController.getemiofAccount() with arguments=<200 OK OK,emi [s_no=1, loanaccno=202211011, loan_status=active, emi_amount=15910.0, upcomming_payment_date=2022-11-07, remaining_amount=1500000.0],[]>
2022-10-12 15:06:29 [http-nio-8081-exec-7] INFO  com.capstone.aspect.LoggerAspect - *************************************
2022-10-12 15:07:25 [http-nio-8081-exec-2] INFO  com.capstone.aspect.LoggerAspect - Method name: com.capstone.controller.emiController
2022-10-12 15:07:25 [http-nio-8081-exec-2] INFO  com.capstone.aspect.LoggerAspect - Method arguments:[Ljava.lang.Object;@49eb532b
2022-10-12 15:07:25 [http-nio-8081-exec-2] INFO  com.capstone.aspect.LoggerAspect - *************************************
2022-10-12 15:07:25 [http-nio-8081-exec-2] INFO  com.capstone.aspect.LoggerAspect - Method name: com.capstone.service.emiServiceImp
2022-10-12 15:07:25 [http-nio-8081-exec-2] INFO  com.capstone.aspect.LoggerAspect - Method arguments:[Ljava.lang.Object;@675daf91
2022-10-12 15:07:25 [http-nio-8081-exec-2] INFO  com.capstone.aspect.LoggerAspect - *************************************
2022-10-12 15:07:25 [http-nio-8081-exec-2] INFO  com.capstone.aspect.LoggerAspect - During: class com.capstone.service.emiServiceImp.getEmiData() with arguments=emi [s_no=1, loanaccno=202211011, loan_status=active, emi_amount=15910.0, upcomming_payment_date=2022-11-07, remaining_amount=1500000.0]
2022-10-12 15:07:25 [http-nio-8081-exec-2] INFO  com.capstone.aspect.LoggerAspect - *************************************
2022-10-12 15:07:25 [http-nio-8081-exec-2] INFO  com.capstone.aspect.LoggerAspect - Method name: com.capstone.service.emiServiceImp
2022-10-12 15:07:25 [http-nio-8081-exec-2] INFO  com.capstone.aspect.LoggerAspect - Method arguments:[Ljava.lang.Object;@c018f2d
2022-10-12 15:07:25 [http-nio-8081-exec-2] INFO  com.capstone.aspect.LoggerAspect - *************************************
2022-10-12 15:07:25 [http-nio-8081-exec-2] INFO  com.capstone.aspect.LoggerAspect - During: class com.capstone.service.emiServiceImp.getEmiData() with arguments=emi [s_no=1, loanaccno=202211011, loan_status=active, emi_amount=15910.0, upcomming_payment_date=2022-11-07, remaining_amount=1500000.0]
2022-10-12 15:07:25 [http-nio-8081-exec-2] INFO  com.capstone.aspect.LoggerAspect - *************************************
2022-10-12 15:07:25 [http-nio-8081-exec-2] INFO  com.capstone.aspect.LoggerAspect - During: class com.capstone.controller.emiController.getemiofAccount() with arguments=<200 OK OK,emi [s_no=1, loanaccno=202211011, loan_status=active, emi_amount=15910.0, upcomming_payment_date=2022-11-07, remaining_amount=1500000.0],[]>
2022-10-12 15:07:25 [http-nio-8081-exec-2] INFO  com.capstone.aspect.LoggerAspect - *************************************
2022-10-12 15:07:53 [http-nio-8081-exec-6] INFO  com.capstone.aspect.LoggerAspect - Method name: com.capstone.controller.emiController
2022-10-12 15:07:53 [http-nio-8081-exec-6] INFO  com.capstone.aspect.LoggerAspect - Method arguments:[Ljava.lang.Object;@410e16d8
2022-10-12 15:07:53 [http-nio-8081-exec-6] INFO  com.capstone.aspect.LoggerAspect - *************************************
2022-10-12 15:07:53 [http-nio-8081-exec-6] INFO  com.capstone.aspect.LoggerAspect - Method name: com.capstone.service.emiServiceImp
2022-10-12 15:07:53 [http-nio-8081-exec-6] INFO  com.capstone.aspect.LoggerAspect - Method arguments:[Ljava.lang.Object;@29217150
2022-10-12 15:07:53 [http-nio-8081-exec-6] INFO  com.capstone.aspect.LoggerAspect - *************************************
2022-10-12 15:07:53 [http-nio-8081-exec-6] INFO  com.capstone.aspect.LoggerAspect - During: class com.capstone.service.emiServiceImp.getEmiData() with arguments=emi [s_no=1, loanaccno=202211011, loan_status=active, emi_amount=15910.0, upcomming_payment_date=2022-11-07, remaining_amount=1500000.0]
2022-10-12 15:07:53 [http-nio-8081-exec-6] INFO  com.capstone.aspect.LoggerAspect - *************************************
2022-10-12 15:07:53 [http-nio-8081-exec-6] INFO  com.capstone.aspect.LoggerAspect - Method name: com.capstone.service.emiServiceImp
2022-10-12 15:07:53 [http-nio-8081-exec-6] INFO  com.capstone.aspect.LoggerAspect - Method arguments:[Ljava.lang.Object;@648b5685
2022-10-12 15:07:53 [http-nio-8081-exec-6] INFO  com.capstone.aspect.LoggerAspect - *************************************
2022-10-12 15:07:53 [http-nio-8081-exec-6] INFO  com.capstone.aspect.LoggerAspect - During: class com.capstone.service.emiServiceImp.getEmiData() with arguments=emi [s_no=1, loanaccno=202211011, loan_status=active, emi_amount=15910.0, upcomming_payment_date=2022-11-07, remaining_amount=1500000.0]
2022-10-12 15:07:53 [http-nio-8081-exec-6] INFO  com.capstone.aspect.LoggerAspect - *************************************
2022-10-12 15:07:53 [http-nio-8081-exec-6] INFO  com.capstone.aspect.LoggerAspect - During: class com.capstone.controller.emiController.getemiofAccount() with arguments=<200 OK OK,emi [s_no=1, loanaccno=202211011, loan_status=active, emi_amount=15910.0, upcomming_payment_date=2022-11-07, remaining_amount=1500000.0],[]>
2022-10-12 15:07:53 [http-nio-8081-exec-6] INFO  com.capstone.aspect.LoggerAspect - *************************************
2022-10-12 15:08:04 [http-nio-8081-exec-3] INFO  com.capstone.aspect.LoggerAspect - Method name: com.capstone.controller.emiController
2022-10-12 15:08:04 [http-nio-8081-exec-3] INFO  com.capstone.aspect.LoggerAspect - Method arguments:[Ljava.lang.Object;@51e7d5e
2022-10-12 15:08:04 [http-nio-8081-exec-3] INFO  com.capstone.aspect.LoggerAspect - *************************************
2022-10-12 15:08:04 [http-nio-8081-exec-3] INFO  com.capstone.aspect.LoggerAspect - Method name: com.capstone.service.emiServiceImp
2022-10-12 15:08:04 [http-nio-8081-exec-3] INFO  com.capstone.aspect.LoggerAspect - Method arguments:[Ljava.lang.Object;@2d1313f3
2022-10-12 15:08:04 [http-nio-8081-exec-3] INFO  com.capstone.aspect.LoggerAspect - *************************************
2022-10-12 15:08:04 [http-nio-8081-exec-3] INFO  com.capstone.aspect.LoggerAspect - During: class com.capstone.service.emiServiceImp.getEmiData() with arguments=emi [s_no=1, loanaccno=202211011, loan_status=active, emi_amount=15910.0, upcomming_payment_date=2022-11-07, remaining_amount=1500000.0]
2022-10-12 15:08:04 [http-nio-8081-exec-3] INFO  com.capstone.aspect.LoggerAspect - *************************************
2022-10-12 15:08:04 [http-nio-8081-exec-3] INFO  com.capstone.aspect.LoggerAspect - Method name: com.capstone.service.emiServiceImp
2022-10-12 15:08:04 [http-nio-8081-exec-3] INFO  com.capstone.aspect.LoggerAspect - Method arguments:[Ljava.lang.Object;@51bd7d2
2022-10-12 15:08:04 [http-nio-8081-exec-3] INFO  com.capstone.aspect.LoggerAspect - *************************************
2022-10-12 15:08:04 [http-nio-8081-exec-3] INFO  com.capstone.aspect.LoggerAspect - During: class com.capstone.service.emiServiceImp.getEmiData() with arguments=emi [s_no=1, loanaccno=202211011, loan_status=active, emi_amount=15910.0, upcomming_payment_date=2022-11-07, remaining_amount=1500000.0]
2022-10-12 15:08:04 [http-nio-8081-exec-3] INFO  com.capstone.aspect.LoggerAspect - *************************************
2022-10-12 15:08:04 [http-nio-8081-exec-3] INFO  com.capstone.aspect.LoggerAspect - During: class com.capstone.controller.emiController.getemiofAccount() with arguments=<200 OK OK,emi [s_no=1, loanaccno=202211011, loan_status=active, emi_amount=15910.0, upcomming_payment_date=2022-11-07, remaining_amount=1500000.0],[]>
2022-10-12 15:08:04 [http-nio-8081-exec-3] INFO  com.capstone.aspect.LoggerAspect - *************************************
2022-10-12 15:08:08 [http-nio-8081-exec-8] INFO  com.capstone.aspect.LoggerAspect - Method name: com.capstone.controller.emiController
2022-10-12 15:08:08 [http-nio-8081-exec-8] INFO  com.capstone.aspect.LoggerAspect - Method arguments:[Ljava.lang.Object;@6cd761d4
2022-10-12 15:08:08 [http-nio-8081-exec-8] INFO  com.capstone.aspect.LoggerAspect - *************************************
2022-10-12 15:08:08 [http-nio-8081-exec-8] INFO  com.capstone.aspect.LoggerAspect - Method name: com.capstone.service.emiServiceImp
2022-10-12 15:08:08 [http-nio-8081-exec-8] INFO  com.capstone.aspect.LoggerAspect - Method arguments:[Ljava.lang.Object;@324f84fe
2022-10-12 15:08:08 [http-nio-8081-exec-8] INFO  com.capstone.aspect.LoggerAspect - *************************************
2022-10-12 15:08:08 [http-nio-8081-exec-8] INFO  com.capstone.aspect.LoggerAspect - During: class com.capstone.service.emiServiceImp.getEmiData() with arguments=emi [s_no=1, loanaccno=202211011, loan_status=active, emi_amount=15910.0, upcomming_payment_date=2022-11-07, remaining_amount=1500000.0]
2022-10-12 15:08:08 [http-nio-8081-exec-8] INFO  com.capstone.aspect.LoggerAspect - *************************************
2022-10-12 15:08:08 [http-nio-8081-exec-8] INFO  com.capstone.aspect.LoggerAspect - Method name: com.capstone.service.emiServiceImp
2022-10-12 15:08:08 [http-nio-8081-exec-8] INFO  com.capstone.aspect.LoggerAspect - Method arguments:[Ljava.lang.Object;@52450f79
2022-10-12 15:08:08 [http-nio-8081-exec-8] INFO  com.capstone.aspect.LoggerAspect - *************************************
2022-10-12 15:08:08 [http-nio-8081-exec-8] INFO  com.capstone.aspect.LoggerAspect - During: class com.capstone.service.emiServiceImp.getEmiData() with arguments=emi [s_no=1, loanaccno=202211011, loan_status=active, emi_amount=15910.0, upcomming_payment_date=2022-11-07, remaining_amount=1500000.0]
2022-10-12 15:08:08 [http-nio-8081-exec-8] INFO  com.capstone.aspect.LoggerAspect - *************************************
2022-10-12 15:08:08 [http-nio-8081-exec-8] INFO  com.capstone.aspect.LoggerAspect - During: class com.capstone.controller.emiController.getemiofAccount() with arguments=<200 OK OK,emi [s_no=1, loanaccno=202211011, loan_status=active, emi_amount=15910.0, upcomming_payment_date=2022-11-07, remaining_amount=1500000.0],[]>
2022-10-12 15:08:08 [http-nio-8081-exec-8] INFO  com.capstone.aspect.LoggerAspect - *************************************
2022-10-12 15:08:28 [http-nio-8081-exec-7] INFO  com.capstone.aspect.LoggerAspect - Method name: com.capstone.controller.emiController
2022-10-12 15:08:28 [http-nio-8081-exec-7] INFO  com.capstone.aspect.LoggerAspect - Method arguments:[Ljava.lang.Object;@5de42cb1
2022-10-12 15:08:28 [http-nio-8081-exec-7] INFO  com.capstone.aspect.LoggerAspect - *************************************
2022-10-12 15:08:28 [http-nio-8081-exec-7] INFO  com.capstone.aspect.LoggerAspect - Method name: com.capstone.service.emiServiceImp
2022-10-12 15:08:28 [http-nio-8081-exec-7] INFO  com.capstone.aspect.LoggerAspect - Method arguments:[Ljava.lang.Object;@7b58e488
2022-10-12 15:08:28 [http-nio-8081-exec-7] INFO  com.capstone.aspect.LoggerAspect - *************************************
2022-10-12 15:08:28 [http-nio-8081-exec-7] INFO  com.capstone.aspect.LoggerAspect - During: class com.capstone.service.emiServiceImp.getEmiData() with arguments=emi [s_no=1, loanaccno=202211011, loan_status=active, emi_amount=15910.0, upcomming_payment_date=2022-11-07, remaining_amount=1500000.0]
2022-10-12 15:08:28 [http-nio-8081-exec-7] INFO  com.capstone.aspect.LoggerAspect - *************************************
2022-10-12 15:08:28 [http-nio-8081-exec-7] INFO  com.capstone.aspect.LoggerAspect - Method name: com.capstone.service.emiServiceImp
2022-10-12 15:08:28 [http-nio-8081-exec-7] INFO  com.capstone.aspect.LoggerAspect - Method arguments:[Ljava.lang.Object;@1c04084c
2022-10-12 15:08:28 [http-nio-8081-exec-7] INFO  com.capstone.aspect.LoggerAspect - *************************************
2022-10-12 15:08:28 [http-nio-8081-exec-7] INFO  com.capstone.aspect.LoggerAspect - During: class com.capstone.service.emiServiceImp.getEmiData() with arguments=emi [s_no=1, loanaccno=202211011, loan_status=active, emi_amount=15910.0, upcomming_payment_date=2022-11-07, remaining_amount=1500000.0]
2022-10-12 15:08:28 [http-nio-8081-exec-7] INFO  com.capstone.aspect.LoggerAspect - *************************************
2022-10-12 15:08:28 [http-nio-8081-exec-7] INFO  com.capstone.aspect.LoggerAspect - During: class com.capstone.controller.emiController.getemiofAccount() with arguments=<200 OK OK,emi [s_no=1, loanaccno=202211011, loan_status=active, emi_amount=15910.0, upcomming_payment_date=2022-11-07, remaining_amount=1500000.0],[]>
2022-10-12 15:08:28 [http-nio-8081-exec-7] INFO  com.capstone.aspect.LoggerAspect - *************************************
2022-10-12 15:08:40 [http-nio-8081-exec-2] INFO  com.capstone.aspect.LoggerAspect - Method name: com.capstone.controller.emiController
2022-10-12 15:08:40 [http-nio-8081-exec-2] INFO  com.capstone.aspect.LoggerAspect - Method arguments:[Ljava.lang.Object;@1d9c95d2
2022-10-12 15:08:40 [http-nio-8081-exec-2] INFO  com.capstone.aspect.LoggerAspect - *************************************
2022-10-12 15:08:40 [http-nio-8081-exec-2] INFO  com.capstone.aspect.LoggerAspect - Method name: com.capstone.service.emiServiceImp
2022-10-12 15:08:40 [http-nio-8081-exec-2] INFO  com.capstone.aspect.LoggerAspect - Method arguments:[Ljava.lang.Object;@115e5969
2022-10-12 15:08:40 [http-nio-8081-exec-2] INFO  com.capstone.aspect.LoggerAspect - *************************************
2022-10-12 15:08:40 [http-nio-8081-exec-2] INFO  com.capstone.aspect.LoggerAspect - During: class com.capstone.service.emiServiceImp.getEmiData() with arguments=emi [s_no=1, loanaccno=202211011, loan_status=active, emi_amount=15910.0, upcomming_payment_date=2022-11-07, remaining_amount=1500000.0]
2022-10-12 15:08:40 [http-nio-8081-exec-2] INFO  com.capstone.aspect.LoggerAspect - *************************************
2022-10-12 15:08:40 [http-nio-8081-exec-2] INFO  com.capstone.aspect.LoggerAspect - Method name: com.capstone.service.emiServiceImp
2022-10-12 15:08:40 [http-nio-8081-exec-2] INFO  com.capstone.aspect.LoggerAspect - Method arguments:[Ljava.lang.Object;@5c8688fb
2022-10-12 15:08:40 [http-nio-8081-exec-2] INFO  com.capstone.aspect.LoggerAspect - *************************************
2022-10-12 15:08:40 [http-nio-8081-exec-2] INFO  com.capstone.aspect.LoggerAspect - During: class com.capstone.service.emiServiceImp.getEmiData() with arguments=emi [s_no=1, loanaccno=202211011, loan_status=active, emi_amount=15910.0, upcomming_payment_date=2022-11-07, remaining_amount=1500000.0]
2022-10-12 15:08:40 [http-nio-8081-exec-2] INFO  com.capstone.aspect.LoggerAspect - *************************************
2022-10-12 15:08:40 [http-nio-8081-exec-2] INFO  com.capstone.aspect.LoggerAspect - During: class com.capstone.controller.emiController.getemiofAccount() with arguments=<200 OK OK,emi [s_no=1, loanaccno=202211011, loan_status=active, emi_amount=15910.0, upcomming_payment_date=2022-11-07, remaining_amount=1500000.0],[]>
2022-10-12 15:08:40 [http-nio-8081-exec-2] INFO  com.capstone.aspect.LoggerAspect - *************************************
2022-10-12 15:08:59 [http-nio-8081-exec-6] INFO  com.capstone.aspect.LoggerAspect - Method name: com.capstone.controller.emiController
2022-10-12 15:08:59 [http-nio-8081-exec-6] INFO  com.capstone.aspect.LoggerAspect - Method arguments:[Ljava.lang.Object;@1f9a9eb1
2022-10-12 15:08:59 [http-nio-8081-exec-6] INFO  com.capstone.aspect.LoggerAspect - *************************************
2022-10-12 15:08:59 [http-nio-8081-exec-6] INFO  com.capstone.aspect.LoggerAspect - Method name: com.capstone.service.emiServiceImp
2022-10-12 15:08:59 [http-nio-8081-exec-6] INFO  com.capstone.aspect.LoggerAspect - Method arguments:[Ljava.lang.Object;@71496b1b
2022-10-12 15:08:59 [http-nio-8081-exec-6] INFO  com.capstone.aspect.LoggerAspect - *************************************
2022-10-12 15:08:59 [http-nio-8081-exec-6] INFO  com.capstone.aspect.LoggerAspect - During: class com.capstone.service.emiServiceImp.getEmiData() with arguments=emi [s_no=1, loanaccno=202211011, loan_status=active, emi_amount=15910.0, upcomming_payment_date=2022-11-07, remaining_amount=1500000.0]
2022-10-12 15:08:59 [http-nio-8081-exec-6] INFO  com.capstone.aspect.LoggerAspect - *************************************
2022-10-12 15:08:59 [http-nio-8081-exec-6] INFO  com.capstone.aspect.LoggerAspect - Method name: com.capstone.service.emiServiceImp
2022-10-12 15:08:59 [http-nio-8081-exec-6] INFO  com.capstone.aspect.LoggerAspect - Method arguments:[Ljava.lang.Object;@46d96905
2022-10-12 15:08:59 [http-nio-8081-exec-6] INFO  com.capstone.aspect.LoggerAspect - *************************************
2022-10-12 15:08:59 [http-nio-8081-exec-6] INFO  com.capstone.aspect.LoggerAspect - During: class com.capstone.service.emiServiceImp.getEmiData() with arguments=emi [s_no=1, loanaccno=202211011, loan_status=active, emi_amount=15910.0, upcomming_payment_date=2022-11-07, remaining_amount=1500000.0]
2022-10-12 15:08:59 [http-nio-8081-exec-6] INFO  com.capstone.aspect.LoggerAspect - *************************************
2022-10-12 15:08:59 [http-nio-8081-exec-6] INFO  com.capstone.aspect.LoggerAspect - During: class com.capstone.controller.emiController.getemiofAccount() with arguments=<200 OK OK,emi [s_no=1, loanaccno=202211011, loan_status=active, emi_amount=15910.0, upcomming_payment_date=2022-11-07, remaining_amount=1500000.0],[]>
2022-10-12 15:08:59 [http-nio-8081-exec-6] INFO  com.capstone.aspect.LoggerAspect - *************************************
2022-10-12 15:11:27 [AsyncResolver-bootstrap-executor-0] INFO  c.n.d.s.r.aws.ConfigClusterResolver - Resolving eureka endpoints via configuration
