2022-10-13 11:39:13 [restartedMain] INFO  c.capstone.AccountinfoApiApplication - Starting AccountinfoApiApplication using Java 17.0.2 on MOHAN with PID 3236 (C:\Users\mohan\Downloads\Natwest Capstone\frontend\spring-master\accountinfo-api\target\classes started by mohan in C:\Users\mohan\Downloads\Natwest Capstone\frontend\spring-master\accountinfo-api)
2022-10-13 11:39:13 [restartedMain] INFO  c.capstone.AccountinfoApiApplication - No active profile set, falling back to 1 default profile: "default"
2022-10-13 11:39:13 [restartedMain] INFO  o.s.b.d.e.DevToolsPropertyDefaultsPostProcessor - Devtools property defaults active! Set 'spring.devtools.add-properties' to 'false' to disable
2022-10-13 11:39:13 [restartedMain] INFO  o.s.b.d.e.DevToolsPropertyDefaultsPostProcessor - For additional web related logging consider setting the 'logging.level.web' property to 'DEBUG'
2022-10-13 11:39:14 [restartedMain] INFO  o.s.d.r.c.RepositoryConfigurationDelegate - Bootstrapping Spring Data JPA repositories in DEFAULT mode.
2022-10-13 11:39:14 [restartedMain] INFO  o.s.d.r.c.RepositoryConfigurationDelegate - Finished Spring Data repository scanning in 144 ms. Found 1 JPA repository interfaces.
2022-10-13 11:39:14 [restartedMain] INFO  o.s.cloud.context.scope.GenericScope - BeanFactory id=2057b36b-6c2f-343d-b55b-cba8c53b7bb5
2022-10-13 11:39:15 [restartedMain] INFO  o.s.b.w.e.tomcat.TomcatWebServer - Tomcat initialized with port(s): 8082 (http)
2022-10-13 11:39:15 [restartedMain] INFO  o.a.coyote.http11.Http11NioProtocol - Initializing ProtocolHandler ["http-nio-8082"]
2022-10-13 11:39:15 [restartedMain] INFO  o.a.catalina.core.StandardService - Starting service [Tomcat]
2022-10-13 11:39:15 [restartedMain] INFO  o.a.catalina.core.StandardEngine - Starting Servlet engine: [Apache Tomcat/9.0.65]
2022-10-13 11:39:15 [restartedMain] INFO  o.a.c.c.C.[Tomcat].[localhost].[/] - Initializing Spring embedded WebApplicationContext
2022-10-13 11:39:15 [restartedMain] INFO  o.s.b.w.s.c.ServletWebServerApplicationContext - Root WebApplicationContext: initialization completed in 1912 ms
2022-10-13 11:39:15 [restartedMain] INFO  o.a.catalina.core.StandardContext - Suspicious URL pattern: [/api/**] in context [], see sections 12.1 and 12.2 of the Servlet specification
2022-10-13 11:39:15 [restartedMain] INFO  o.h.jpa.internal.util.LogHelper - HHH000204: Processing PersistenceUnitInfo [name: default]
2022-10-13 11:39:15 [restartedMain] INFO  org.hibernate.Version - HHH000412: Hibernate ORM core version 5.6.11.Final
2022-10-13 11:39:15 [restartedMain] INFO  o.h.annotations.common.Version - HCANN000001: Hibernate Commons Annotations {5.1.2.Final}
2022-10-13 11:39:16 [restartedMain] INFO  com.zaxxer.hikari.HikariDataSource - HikariPool-1 - Starting...
2022-10-13 11:39:16 [restartedMain] INFO  com.zaxxer.hikari.HikariDataSource - HikariPool-1 - Start completed.
2022-10-13 11:39:16 [restartedMain] INFO  org.hibernate.dialect.Dialect - HHH000400: Using dialect: org.hibernate.dialect.MySQL8Dialect
2022-10-13 11:39:16 [restartedMain] INFO  o.h.e.t.j.p.i.JtaPlatformInitiator - HHH000490: Using JtaPlatform implementation: [org.hibernate.engine.transaction.jta.platform.internal.NoJtaPlatform]
2022-10-13 11:39:16 [restartedMain] INFO  o.s.o.j.LocalContainerEntityManagerFactoryBean - Initialized JPA EntityManagerFactory for persistence unit 'default'
2022-10-13 11:39:17 [restartedMain] WARN  o.s.b.a.o.j.JpaBaseConfiguration$JpaWebConfiguration - spring.jpa.open-in-view is enabled by default. Therefore, database queries may be performed during view rendering. Explicitly configure spring.jpa.open-in-view to disable this warning
2022-10-13 11:39:17 [restartedMain] WARN  o.s.b.d.a.OptionalLiveReloadServer - Unable to start LiveReload server
2022-10-13 11:39:17 [restartedMain] INFO  o.s.c.n.e.c.DiscoveryClientOptionalArgsConfiguration - Eureka HTTP Client uses RestTemplate.
2022-10-13 11:39:17 [restartedMain] WARN  o.s.c.l.c.LoadBalancerCacheAutoConfiguration$LoadBalancerCaffeineWarnLogger - Spring Cloud LoadBalancer is currently working with the default cache. While this cache implementation is useful for development and tests, it's recommended to use Caffeine cache in production.You can switch to using Caffeine cache, by adding it and org.springframework.cache.caffeine.CaffeineCacheManager to the classpath.
2022-10-13 11:39:17 [restartedMain] INFO  o.s.c.n.eureka.InstanceInfoFactory - Setting initial instance status as: STARTING
2022-10-13 11:39:18 [restartedMain] INFO  c.netflix.discovery.DiscoveryClient - Initializing Eureka in region us-east-1
2022-10-13 11:39:18 [restartedMain] INFO  c.n.d.s.r.aws.ConfigClusterResolver - Resolving eureka endpoints via configuration
2022-10-13 11:39:18 [restartedMain] INFO  c.netflix.discovery.DiscoveryClient - Disable delta property : false
2022-10-13 11:39:18 [restartedMain] INFO  c.netflix.discovery.DiscoveryClient - Single vip registry refresh property : null
2022-10-13 11:39:18 [restartedMain] INFO  c.netflix.discovery.DiscoveryClient - Force full registry fetch : false
2022-10-13 11:39:18 [restartedMain] INFO  c.netflix.discovery.DiscoveryClient - Application is null : false
2022-10-13 11:39:18 [restartedMain] INFO  c.netflix.discovery.DiscoveryClient - Registered Applications size is zero : true
2022-10-13 11:39:18 [restartedMain] INFO  c.netflix.discovery.DiscoveryClient - Application version is -1: true
2022-10-13 11:39:18 [restartedMain] INFO  c.netflix.discovery.DiscoveryClient - Getting all instance registry info from the eureka server
2022-10-13 11:39:18 [restartedMain] INFO  c.netflix.discovery.DiscoveryClient - The response status is 200
2022-10-13 11:39:18 [restartedMain] INFO  c.netflix.discovery.DiscoveryClient - Starting heartbeat executor: renew interval is: 30
2022-10-13 11:39:18 [restartedMain] INFO  c.n.discovery.InstanceInfoReplicator - InstanceInfoReplicator onDemand update allowed rate per min is 4
2022-10-13 11:39:18 [restartedMain] INFO  c.netflix.discovery.DiscoveryClient - Discovery Client initialized at timestamp 1665641358483 with initial instances count: 4
2022-10-13 11:39:18 [restartedMain] INFO  o.s.c.n.e.s.EurekaServiceRegistry - Registering application ACCOUNTINFO-API with eureka with status UP
2022-10-13 11:39:18 [restartedMain] INFO  c.netflix.discovery.DiscoveryClient - Saw local status change event StatusChangeEvent [timestamp=1665641358486, current=UP, previous=STARTING]
2022-10-13 11:39:18 [DiscoveryClient-InstanceInfoReplicator-0] INFO  c.netflix.discovery.DiscoveryClient - DiscoveryClient_ACCOUNTINFO-API/192.168.0.7:accountinfo-api:8082: registering service...
2022-10-13 11:39:18 [restartedMain] INFO  o.a.coyote.http11.Http11NioProtocol - Starting ProtocolHandler ["http-nio-8082"]
2022-10-13 11:39:18 [restartedMain] INFO  o.s.b.w.e.tomcat.TomcatWebServer - Tomcat started on port(s): 8082 (http) with context path ''
2022-10-13 11:39:18 [restartedMain] INFO  o.s.c.n.e.s.EurekaAutoServiceRegistration - Updating port to 8082
2022-10-13 11:39:18 [DiscoveryClient-InstanceInfoReplicator-0] INFO  c.netflix.discovery.DiscoveryClient - DiscoveryClient_ACCOUNTINFO-API/192.168.0.7:accountinfo-api:8082 - registration status: 204
2022-10-13 11:39:18 [restartedMain] INFO  c.capstone.AccountinfoApiApplication - Started AccountinfoApiApplication in 5.573 seconds (JVM running for 6.323)
2022-10-13 11:39:45 [http-nio-8082-exec-1] INFO  o.a.c.c.C.[Tomcat].[localhost].[/] - Initializing Spring DispatcherServlet 'dispatcherServlet'
2022-10-13 11:39:45 [http-nio-8082-exec-1] INFO  o.s.web.servlet.DispatcherServlet - Initializing Servlet 'dispatcherServlet'
2022-10-13 11:39:45 [http-nio-8082-exec-1] INFO  o.s.web.servlet.DispatcherServlet - Completed initialization in 6 ms
2022-10-13 11:39:45 [http-nio-8082-exec-2] INFO  com.capstone.aspect.LoggerAspect - Method name: com.capstone.controller.accountinfoController
2022-10-13 11:39:45 [http-nio-8082-exec-2] INFO  com.capstone.aspect.LoggerAspect - Method arguments:[Ljava.lang.Object;@283cd940
2022-10-13 11:39:45 [http-nio-8082-exec-2] INFO  com.capstone.aspect.LoggerAspect - *************************************
2022-10-13 11:39:45 [http-nio-8082-exec-2] INFO  com.capstone.aspect.LoggerAspect - Method name: com.capstone.service.accountinfoServiceImpl
2022-10-13 11:39:45 [http-nio-8082-exec-2] INFO  com.capstone.aspect.LoggerAspect - Method arguments:[Ljava.lang.Object;@45127c65
2022-10-13 11:39:45 [http-nio-8082-exec-2] INFO  com.capstone.aspect.LoggerAspect - *************************************
2022-10-13 11:39:45 [http-nio-8082-exec-2] INFO  com.capstone.aspect.LoggerAspect - During: class com.capstone.service.accountinfoServiceImpl.getAcountsByCustId() with arguments=[accountinfo [accno=202200011, custid=202200001, branch_name=Bengaluru, ifsc=NATW000123, savingsamount=600000.0], accountinfo [accno=202200012, custid=202200001, branch_name=Bengaluru, ifsc=NATW000123, savingsamount=50000.0]]
2022-10-13 11:39:45 [http-nio-8082-exec-2] INFO  com.capstone.aspect.LoggerAspect - *************************************
2022-10-13 11:39:45 [http-nio-8082-exec-2] INFO  com.capstone.aspect.LoggerAspect - During: class com.capstone.controller.accountinfoController.getsavingsAccount() with arguments=[accountinfo [accno=202200011, custid=202200001, branch_name=Bengaluru, ifsc=NATW000123, savingsamount=600000.0], accountinfo [accno=202200012, custid=202200001, branch_name=Bengaluru, ifsc=NATW000123, savingsamount=50000.0]]
2022-10-13 11:39:45 [http-nio-8082-exec-2] INFO  com.capstone.aspect.LoggerAspect - *************************************
2022-10-13 11:39:49 [http-nio-8082-exec-4] INFO  com.capstone.aspect.LoggerAspect - Method name: com.capstone.controller.accountinfoController
2022-10-13 11:39:49 [http-nio-8082-exec-4] INFO  com.capstone.aspect.LoggerAspect - Method arguments:[Ljava.lang.Object;@550f3f99
2022-10-13 11:39:49 [http-nio-8082-exec-4] INFO  com.capstone.aspect.LoggerAspect - *************************************
2022-10-13 11:39:49 [http-nio-8082-exec-4] INFO  com.capstone.aspect.LoggerAspect - Method name: com.capstone.service.accountinfoServiceImpl
2022-10-13 11:39:49 [http-nio-8082-exec-4] INFO  com.capstone.aspect.LoggerAspect - Method arguments:[Ljava.lang.Object;@5bc8cb48
2022-10-13 11:39:49 [http-nio-8082-exec-4] INFO  com.capstone.aspect.LoggerAspect - *************************************
2022-10-13 11:39:49 [http-nio-8082-exec-4] INFO  com.capstone.aspect.LoggerAspect - During: class com.capstone.service.accountinfoServiceImpl.getAcountsByCustId() with arguments=[accountinfo [accno=202200011, custid=202200001, branch_name=Bengaluru, ifsc=NATW000123, savingsamount=600000.0], accountinfo [accno=202200012, custid=202200001, branch_name=Bengaluru, ifsc=NATW000123, savingsamount=50000.0]]
2022-10-13 11:39:49 [http-nio-8082-exec-4] INFO  com.capstone.aspect.LoggerAspect - *************************************
2022-10-13 11:39:49 [http-nio-8082-exec-4] INFO  com.capstone.aspect.LoggerAspect - During: class com.capstone.controller.accountinfoController.getsavingsAccount() with arguments=[accountinfo [accno=202200011, custid=202200001, branch_name=Bengaluru, ifsc=NATW000123, savingsamount=600000.0], accountinfo [accno=202200012, custid=202200001, branch_name=Bengaluru, ifsc=NATW000123, savingsamount=50000.0]]
2022-10-13 11:39:49 [http-nio-8082-exec-4] INFO  com.capstone.aspect.LoggerAspect - *************************************
2022-10-13 11:41:06 [http-nio-8082-exec-6] INFO  com.capstone.aspect.LoggerAspect - Method name: com.capstone.controller.accountinfoController
2022-10-13 11:41:06 [http-nio-8082-exec-6] INFO  com.capstone.aspect.LoggerAspect - Method arguments:[Ljava.lang.Object;@5cd25359
2022-10-13 11:41:06 [http-nio-8082-exec-6] INFO  com.capstone.aspect.LoggerAspect - *************************************
2022-10-13 11:41:06 [http-nio-8082-exec-6] INFO  com.capstone.aspect.LoggerAspect - Method name: com.capstone.service.accountinfoServiceImpl
2022-10-13 11:41:06 [http-nio-8082-exec-6] INFO  com.capstone.aspect.LoggerAspect - Method arguments:[Ljava.lang.Object;@5215b6b3
2022-10-13 11:41:06 [http-nio-8082-exec-6] INFO  com.capstone.aspect.LoggerAspect - *************************************
2022-10-13 11:41:06 [http-nio-8082-exec-6] INFO  com.capstone.aspect.LoggerAspect - During: class com.capstone.service.accountinfoServiceImpl.getAcountsByCustId() with arguments=[accountinfo [accno=202200011, custid=202200001, branch_name=Bengaluru, ifsc=NATW000123, savingsamount=600000.0], accountinfo [accno=202200012, custid=202200001, branch_name=Bengaluru, ifsc=NATW000123, savingsamount=50000.0]]
2022-10-13 11:41:06 [http-nio-8082-exec-6] INFO  com.capstone.aspect.LoggerAspect - *************************************
2022-10-13 11:41:06 [http-nio-8082-exec-6] INFO  com.capstone.aspect.LoggerAspect - During: class com.capstone.controller.accountinfoController.getsavingsAccount() with arguments=[accountinfo [accno=202200011, custid=202200001, branch_name=Bengaluru, ifsc=NATW000123, savingsamount=600000.0], accountinfo [accno=202200012, custid=202200001, branch_name=Bengaluru, ifsc=NATW000123, savingsamount=50000.0]]
2022-10-13 11:41:06 [http-nio-8082-exec-6] INFO  com.capstone.aspect.LoggerAspect - *************************************
2022-10-13 11:42:03 [http-nio-8082-exec-8] INFO  com.capstone.aspect.LoggerAspect - Method name: com.capstone.controller.accountinfoController
2022-10-13 11:42:03 [http-nio-8082-exec-8] INFO  com.capstone.aspect.LoggerAspect - Method arguments:[Ljava.lang.Object;@16a28589
2022-10-13 11:42:03 [http-nio-8082-exec-8] INFO  com.capstone.aspect.LoggerAspect - *************************************
2022-10-13 11:42:03 [http-nio-8082-exec-8] INFO  com.capstone.aspect.LoggerAspect - Method name: com.capstone.service.accountinfoServiceImpl
2022-10-13 11:42:03 [http-nio-8082-exec-8] INFO  com.capstone.aspect.LoggerAspect - Method arguments:[Ljava.lang.Object;@1865792d
2022-10-13 11:42:03 [http-nio-8082-exec-8] INFO  com.capstone.aspect.LoggerAspect - *************************************
2022-10-13 11:42:03 [http-nio-8082-exec-8] INFO  com.capstone.aspect.LoggerAspect - During: class com.capstone.service.accountinfoServiceImpl.getAcountsByCustId() with arguments=[accountinfo [accno=202200011, custid=202200001, branch_name=Bengaluru, ifsc=NATW000123, savingsamount=600000.0], accountinfo [accno=202200012, custid=202200001, branch_name=Bengaluru, ifsc=NATW000123, savingsamount=50000.0]]
2022-10-13 11:42:03 [http-nio-8082-exec-8] INFO  com.capstone.aspect.LoggerAspect - *************************************
2022-10-13 11:42:03 [http-nio-8082-exec-8] INFO  com.capstone.aspect.LoggerAspect - During: class com.capstone.controller.accountinfoController.getsavingsAccount() with arguments=[accountinfo [accno=202200011, custid=202200001, branch_name=Bengaluru, ifsc=NATW000123, savingsamount=600000.0], accountinfo [accno=202200012, custid=202200001, branch_name=Bengaluru, ifsc=NATW000123, savingsamount=50000.0]]
2022-10-13 11:42:03 [http-nio-8082-exec-8] INFO  com.capstone.aspect.LoggerAspect - *************************************
2022-10-13 11:42:04 [http-nio-8082-exec-9] INFO  com.capstone.aspect.LoggerAspect - Method name: com.capstone.controller.accountinfoController
2022-10-13 11:42:04 [http-nio-8082-exec-9] INFO  com.capstone.aspect.LoggerAspect - Method arguments:[Ljava.lang.Object;@5125da27
2022-10-13 11:42:04 [http-nio-8082-exec-9] INFO  com.capstone.aspect.LoggerAspect - *************************************
2022-10-13 11:42:04 [http-nio-8082-exec-9] INFO  com.capstone.aspect.LoggerAspect - Method name: com.capstone.service.accountinfoServiceImpl
2022-10-13 11:42:04 [http-nio-8082-exec-9] INFO  com.capstone.aspect.LoggerAspect - Method arguments:[Ljava.lang.Object;@5fe23e73
2022-10-13 11:42:04 [http-nio-8082-exec-9] INFO  com.capstone.aspect.LoggerAspect - *************************************
2022-10-13 11:42:04 [http-nio-8082-exec-9] INFO  com.capstone.aspect.LoggerAspect - During: class com.capstone.service.accountinfoServiceImpl.getAcountsByCustId() with arguments=[accountinfo [accno=202200011, custid=202200001, branch_name=Bengaluru, ifsc=NATW000123, savingsamount=600000.0], accountinfo [accno=202200012, custid=202200001, branch_name=Bengaluru, ifsc=NATW000123, savingsamount=50000.0]]
2022-10-13 11:42:04 [http-nio-8082-exec-9] INFO  com.capstone.aspect.LoggerAspect - *************************************
2022-10-13 11:42:04 [http-nio-8082-exec-9] INFO  com.capstone.aspect.LoggerAspect - During: class com.capstone.controller.accountinfoController.getsavingsAccount() with arguments=[accountinfo [accno=202200011, custid=202200001, branch_name=Bengaluru, ifsc=NATW000123, savingsamount=600000.0], accountinfo [accno=202200012, custid=202200001, branch_name=Bengaluru, ifsc=NATW000123, savingsamount=50000.0]]
2022-10-13 11:42:04 [http-nio-8082-exec-9] INFO  com.capstone.aspect.LoggerAspect - *************************************
2022-10-13 11:42:13 [http-nio-8082-exec-1] INFO  com.capstone.aspect.LoggerAspect - Method name: com.capstone.controller.accountinfoController
2022-10-13 11:42:13 [http-nio-8082-exec-1] INFO  com.capstone.aspect.LoggerAspect - Method arguments:[Ljava.lang.Object;@592218fd
2022-10-13 11:42:13 [http-nio-8082-exec-1] INFO  com.capstone.aspect.LoggerAspect - *************************************
2022-10-13 11:42:13 [http-nio-8082-exec-1] INFO  com.capstone.aspect.LoggerAspect - Method name: com.capstone.service.accountinfoServiceImpl
2022-10-13 11:42:13 [http-nio-8082-exec-1] INFO  com.capstone.aspect.LoggerAspect - Method arguments:[Ljava.lang.Object;@2f516885
2022-10-13 11:42:13 [http-nio-8082-exec-1] INFO  com.capstone.aspect.LoggerAspect - *************************************
2022-10-13 11:42:13 [http-nio-8082-exec-1] INFO  com.capstone.aspect.LoggerAspect - During: class com.capstone.service.accountinfoServiceImpl.getAcountsByCustId() with arguments=[accountinfo [accno=202200011, custid=202200001, branch_name=Bengaluru, ifsc=NATW000123, savingsamount=600000.0], accountinfo [accno=202200012, custid=202200001, branch_name=Bengaluru, ifsc=NATW000123, savingsamount=50000.0]]
2022-10-13 11:42:13 [http-nio-8082-exec-1] INFO  com.capstone.aspect.LoggerAspect - *************************************
2022-10-13 11:42:13 [http-nio-8082-exec-1] INFO  com.capstone.aspect.LoggerAspect - During: class com.capstone.controller.accountinfoController.getsavingsAccount() with arguments=[accountinfo [accno=202200011, custid=202200001, branch_name=Bengaluru, ifsc=NATW000123, savingsamount=600000.0], accountinfo [accno=202200012, custid=202200001, branch_name=Bengaluru, ifsc=NATW000123, savingsamount=50000.0]]
2022-10-13 11:42:13 [http-nio-8082-exec-1] INFO  com.capstone.aspect.LoggerAspect - *************************************
2022-10-13 11:42:19 [http-nio-8082-exec-2] INFO  com.capstone.aspect.LoggerAspect - Method name: com.capstone.controller.accountinfoController
2022-10-13 11:42:19 [http-nio-8082-exec-2] INFO  com.capstone.aspect.LoggerAspect - Method arguments:[Ljava.lang.Object;@2186d975
2022-10-13 11:42:19 [http-nio-8082-exec-2] INFO  com.capstone.aspect.LoggerAspect - *************************************
2022-10-13 11:42:19 [http-nio-8082-exec-2] INFO  com.capstone.aspect.LoggerAspect - Method name: com.capstone.service.accountinfoServiceImpl
2022-10-13 11:42:19 [http-nio-8082-exec-2] INFO  com.capstone.aspect.LoggerAspect - Method arguments:[Ljava.lang.Object;@3d14794a
2022-10-13 11:42:19 [http-nio-8082-exec-2] INFO  com.capstone.aspect.LoggerAspect - *************************************
2022-10-13 11:42:19 [http-nio-8082-exec-2] INFO  com.capstone.aspect.LoggerAspect - During: class com.capstone.service.accountinfoServiceImpl.getAcountsByCustId() with arguments=[accountinfo [accno=202200011, custid=202200001, branch_name=Bengaluru, ifsc=NATW000123, savingsamount=600000.0], accountinfo [accno=202200012, custid=202200001, branch_name=Bengaluru, ifsc=NATW000123, savingsamount=50000.0]]
2022-10-13 11:42:19 [http-nio-8082-exec-2] INFO  com.capstone.aspect.LoggerAspect - *************************************
2022-10-13 11:42:19 [http-nio-8082-exec-2] INFO  com.capstone.aspect.LoggerAspect - During: class com.capstone.controller.accountinfoController.getsavingsAccount() with arguments=[accountinfo [accno=202200011, custid=202200001, branch_name=Bengaluru, ifsc=NATW000123, savingsamount=600000.0], accountinfo [accno=202200012, custid=202200001, branch_name=Bengaluru, ifsc=NATW000123, savingsamount=50000.0]]
2022-10-13 11:42:19 [http-nio-8082-exec-2] INFO  com.capstone.aspect.LoggerAspect - *************************************
2022-10-13 11:42:24 [http-nio-8082-exec-4] INFO  com.capstone.aspect.LoggerAspect - Method name: com.capstone.controller.accountinfoController
2022-10-13 11:42:24 [http-nio-8082-exec-4] INFO  com.capstone.aspect.LoggerAspect - Method arguments:[Ljava.lang.Object;@7ada3e3c
2022-10-13 11:42:24 [http-nio-8082-exec-4] INFO  com.capstone.aspect.LoggerAspect - *************************************
2022-10-13 11:42:24 [http-nio-8082-exec-4] INFO  com.capstone.aspect.LoggerAspect - Method name: com.capstone.service.accountinfoServiceImpl
2022-10-13 11:42:24 [http-nio-8082-exec-4] INFO  com.capstone.aspect.LoggerAspect - Method arguments:[Ljava.lang.Object;@5514df07
2022-10-13 11:42:24 [http-nio-8082-exec-4] INFO  com.capstone.aspect.LoggerAspect - *************************************
2022-10-13 11:42:24 [http-nio-8082-exec-4] INFO  com.capstone.aspect.LoggerAspect - During: class com.capstone.service.accountinfoServiceImpl.getAcountsByCustId() with arguments=[accountinfo [accno=202200011, custid=202200001, branch_name=Bengaluru, ifsc=NATW000123, savingsamount=600000.0], accountinfo [accno=202200012, custid=202200001, branch_name=Bengaluru, ifsc=NATW000123, savingsamount=50000.0]]
2022-10-13 11:42:24 [http-nio-8082-exec-4] INFO  com.capstone.aspect.LoggerAspect - *************************************
2022-10-13 11:42:24 [http-nio-8082-exec-4] INFO  com.capstone.aspect.LoggerAspect - During: class com.capstone.controller.accountinfoController.getsavingsAccount() with arguments=[accountinfo [accno=202200011, custid=202200001, branch_name=Bengaluru, ifsc=NATW000123, savingsamount=600000.0], accountinfo [accno=202200012, custid=202200001, branch_name=Bengaluru, ifsc=NATW000123, savingsamount=50000.0]]
2022-10-13 11:42:24 [http-nio-8082-exec-4] INFO  com.capstone.aspect.LoggerAspect - *************************************
2022-10-13 11:42:40 [http-nio-8082-exec-6] INFO  com.capstone.aspect.LoggerAspect - Method name: com.capstone.controller.accountinfoController
2022-10-13 11:42:40 [http-nio-8082-exec-6] INFO  com.capstone.aspect.LoggerAspect - Method arguments:[Ljava.lang.Object;@70727577
2022-10-13 11:42:40 [http-nio-8082-exec-6] INFO  com.capstone.aspect.LoggerAspect - *************************************
2022-10-13 11:42:40 [http-nio-8082-exec-6] INFO  com.capstone.aspect.LoggerAspect - Method name: com.capstone.service.accountinfoServiceImpl
2022-10-13 11:42:40 [http-nio-8082-exec-6] INFO  com.capstone.aspect.LoggerAspect - Method arguments:[Ljava.lang.Object;@3e99a91e
2022-10-13 11:42:40 [http-nio-8082-exec-6] INFO  com.capstone.aspect.LoggerAspect - *************************************
2022-10-13 11:42:40 [http-nio-8082-exec-6] INFO  com.capstone.aspect.LoggerAspect - During: class com.capstone.service.accountinfoServiceImpl.getAcountsByCustId() with arguments=[accountinfo [accno=202200011, custid=202200001, branch_name=Bengaluru, ifsc=NATW000123, savingsamount=600000.0], accountinfo [accno=202200012, custid=202200001, branch_name=Bengaluru, ifsc=NATW000123, savingsamount=50000.0]]
2022-10-13 11:42:40 [http-nio-8082-exec-6] INFO  com.capstone.aspect.LoggerAspect - *************************************
2022-10-13 11:42:40 [http-nio-8082-exec-6] INFO  com.capstone.aspect.LoggerAspect - During: class com.capstone.controller.accountinfoController.getsavingsAccount() with arguments=[accountinfo [accno=202200011, custid=202200001, branch_name=Bengaluru, ifsc=NATW000123, savingsamount=600000.0], accountinfo [accno=202200012, custid=202200001, branch_name=Bengaluru, ifsc=NATW000123, savingsamount=50000.0]]
2022-10-13 11:42:40 [http-nio-8082-exec-6] INFO  com.capstone.aspect.LoggerAspect - *************************************
2022-10-13 11:42:43 [http-nio-8082-exec-8] INFO  com.capstone.aspect.LoggerAspect - Method name: com.capstone.controller.accountinfoController
2022-10-13 11:42:43 [http-nio-8082-exec-8] INFO  com.capstone.aspect.LoggerAspect - Method arguments:[Ljava.lang.Object;@771438d7
2022-10-13 11:42:43 [http-nio-8082-exec-8] INFO  com.capstone.aspect.LoggerAspect - *************************************
2022-10-13 11:42:43 [http-nio-8082-exec-8] INFO  com.capstone.aspect.LoggerAspect - Method name: com.capstone.service.accountinfoServiceImpl
2022-10-13 11:42:43 [http-nio-8082-exec-8] INFO  com.capstone.aspect.LoggerAspect - Method arguments:[Ljava.lang.Object;@38a9878f
2022-10-13 11:42:43 [http-nio-8082-exec-8] INFO  com.capstone.aspect.LoggerAspect - *************************************
2022-10-13 11:42:43 [http-nio-8082-exec-8] INFO  com.capstone.aspect.LoggerAspect - During: class com.capstone.service.accountinfoServiceImpl.getAcountsByCustId() with arguments=[accountinfo [accno=202200011, custid=202200001, branch_name=Bengaluru, ifsc=NATW000123, savingsamount=600000.0], accountinfo [accno=202200012, custid=202200001, branch_name=Bengaluru, ifsc=NATW000123, savingsamount=50000.0]]
2022-10-13 11:42:43 [http-nio-8082-exec-8] INFO  com.capstone.aspect.LoggerAspect - *************************************
2022-10-13 11:42:43 [http-nio-8082-exec-8] INFO  com.capstone.aspect.LoggerAspect - During: class com.capstone.controller.accountinfoController.getsavingsAccount() with arguments=[accountinfo [accno=202200011, custid=202200001, branch_name=Bengaluru, ifsc=NATW000123, savingsamount=600000.0], accountinfo [accno=202200012, custid=202200001, branch_name=Bengaluru, ifsc=NATW000123, savingsamount=50000.0]]
2022-10-13 11:42:43 [http-nio-8082-exec-8] INFO  com.capstone.aspect.LoggerAspect - *************************************
2022-10-13 11:43:09 [http-nio-8082-exec-10] INFO  com.capstone.aspect.LoggerAspect - Method name: com.capstone.controller.accountinfoController
2022-10-13 11:43:09 [http-nio-8082-exec-10] INFO  com.capstone.aspect.LoggerAspect - Method arguments:[Ljava.lang.Object;@1d309da7
2022-10-13 11:43:09 [http-nio-8082-exec-10] INFO  com.capstone.aspect.LoggerAspect - *************************************
2022-10-13 11:43:09 [http-nio-8082-exec-10] INFO  com.capstone.aspect.LoggerAspect - Method name: com.capstone.service.accountinfoServiceImpl
2022-10-13 11:43:09 [http-nio-8082-exec-10] INFO  com.capstone.aspect.LoggerAspect - Method arguments:[Ljava.lang.Object;@13f77071
2022-10-13 11:43:09 [http-nio-8082-exec-10] INFO  com.capstone.aspect.LoggerAspect - *************************************
2022-10-13 11:43:09 [http-nio-8082-exec-10] INFO  com.capstone.aspect.LoggerAspect - During: class com.capstone.service.accountinfoServiceImpl.getAcountsByCustId() with arguments=[accountinfo [accno=202200011, custid=202200001, branch_name=Bengaluru, ifsc=NATW000123, savingsamount=600000.0], accountinfo [accno=202200012, custid=202200001, branch_name=Bengaluru, ifsc=NATW000123, savingsamount=50000.0]]
2022-10-13 11:43:09 [http-nio-8082-exec-10] INFO  com.capstone.aspect.LoggerAspect - *************************************
2022-10-13 11:43:09 [http-nio-8082-exec-10] INFO  com.capstone.aspect.LoggerAspect - During: class com.capstone.controller.accountinfoController.getsavingsAccount() with arguments=[accountinfo [accno=202200011, custid=202200001, branch_name=Bengaluru, ifsc=NATW000123, savingsamount=600000.0], accountinfo [accno=202200012, custid=202200001, branch_name=Bengaluru, ifsc=NATW000123, savingsamount=50000.0]]
2022-10-13 11:43:09 [http-nio-8082-exec-10] INFO  com.capstone.aspect.LoggerAspect - *************************************
2022-10-13 11:44:12 [http-nio-8082-exec-2] INFO  com.capstone.aspect.LoggerAspect - Method name: com.capstone.controller.accountinfoController
2022-10-13 11:44:12 [http-nio-8082-exec-2] INFO  com.capstone.aspect.LoggerAspect - Method arguments:[Ljava.lang.Object;@236421c2
2022-10-13 11:44:12 [http-nio-8082-exec-2] INFO  com.capstone.aspect.LoggerAspect - *************************************
2022-10-13 11:44:12 [http-nio-8082-exec-2] INFO  com.capstone.aspect.LoggerAspect - Method name: com.capstone.service.accountinfoServiceImpl
2022-10-13 11:44:12 [http-nio-8082-exec-2] INFO  com.capstone.aspect.LoggerAspect - Method arguments:[Ljava.lang.Object;@3130c55d
2022-10-13 11:44:12 [http-nio-8082-exec-2] INFO  com.capstone.aspect.LoggerAspect - *************************************
2022-10-13 11:44:12 [http-nio-8082-exec-2] INFO  com.capstone.aspect.LoggerAspect - During: class com.capstone.service.accountinfoServiceImpl.getAcountsByCustId() with arguments=[accountinfo [accno=202200011, custid=202200001, branch_name=Bengaluru, ifsc=NATW000123, savingsamount=600000.0], accountinfo [accno=202200012, custid=202200001, branch_name=Bengaluru, ifsc=NATW000123, savingsamount=50000.0]]
2022-10-13 11:44:12 [http-nio-8082-exec-2] INFO  com.capstone.aspect.LoggerAspect - *************************************
2022-10-13 11:44:12 [http-nio-8082-exec-2] INFO  com.capstone.aspect.LoggerAspect - During: class com.capstone.controller.accountinfoController.getsavingsAccount() with arguments=[accountinfo [accno=202200011, custid=202200001, branch_name=Bengaluru, ifsc=NATW000123, savingsamount=600000.0], accountinfo [accno=202200012, custid=202200001, branch_name=Bengaluru, ifsc=NATW000123, savingsamount=50000.0]]
2022-10-13 11:44:12 [http-nio-8082-exec-2] INFO  com.capstone.aspect.LoggerAspect - *************************************
2022-10-13 11:44:13 [http-nio-8082-exec-3] INFO  com.capstone.aspect.LoggerAspect - Method name: com.capstone.controller.accountinfoController
2022-10-13 11:44:13 [http-nio-8082-exec-3] INFO  com.capstone.aspect.LoggerAspect - Method arguments:[Ljava.lang.Object;@18aa6410
2022-10-13 11:44:13 [http-nio-8082-exec-3] INFO  com.capstone.aspect.LoggerAspect - *************************************
2022-10-13 11:44:13 [http-nio-8082-exec-3] INFO  com.capstone.aspect.LoggerAspect - Method name: com.capstone.service.accountinfoServiceImpl
2022-10-13 11:44:13 [http-nio-8082-exec-3] INFO  com.capstone.aspect.LoggerAspect - Method arguments:[Ljava.lang.Object;@166d8975
2022-10-13 11:44:13 [http-nio-8082-exec-3] INFO  com.capstone.aspect.LoggerAspect - *************************************
2022-10-13 11:44:13 [http-nio-8082-exec-3] INFO  com.capstone.aspect.LoggerAspect - During: class com.capstone.service.accountinfoServiceImpl.getAcountsByCustId() with arguments=[accountinfo [accno=202200011, custid=202200001, branch_name=Bengaluru, ifsc=NATW000123, savingsamount=600000.0], accountinfo [accno=202200012, custid=202200001, branch_name=Bengaluru, ifsc=NATW000123, savingsamount=50000.0]]
2022-10-13 11:44:13 [http-nio-8082-exec-3] INFO  com.capstone.aspect.LoggerAspect - *************************************
2022-10-13 11:44:13 [http-nio-8082-exec-3] INFO  com.capstone.aspect.LoggerAspect - During: class com.capstone.controller.accountinfoController.getsavingsAccount() with arguments=[accountinfo [accno=202200011, custid=202200001, branch_name=Bengaluru, ifsc=NATW000123, savingsamount=600000.0], accountinfo [accno=202200012, custid=202200001, branch_name=Bengaluru, ifsc=NATW000123, savingsamount=50000.0]]
2022-10-13 11:44:13 [http-nio-8082-exec-3] INFO  com.capstone.aspect.LoggerAspect - *************************************
2022-10-13 11:44:18 [AsyncResolver-bootstrap-executor-0] INFO  c.n.d.s.r.aws.ConfigClusterResolver - Resolving eureka endpoints via configuration
2022-10-13 11:44:19 [http-nio-8082-exec-4] INFO  com.capstone.aspect.LoggerAspect - Method name: com.capstone.controller.accountinfoController
2022-10-13 11:44:19 [http-nio-8082-exec-4] INFO  com.capstone.aspect.LoggerAspect - Method arguments:[Ljava.lang.Object;@28723041
2022-10-13 11:44:19 [http-nio-8082-exec-4] INFO  com.capstone.aspect.LoggerAspect - *************************************
2022-10-13 11:44:19 [http-nio-8082-exec-4] INFO  com.capstone.aspect.LoggerAspect - Method name: com.capstone.service.accountinfoServiceImpl
2022-10-13 11:44:19 [http-nio-8082-exec-4] INFO  com.capstone.aspect.LoggerAspect - Method arguments:[Ljava.lang.Object;@180a4d48
2022-10-13 11:44:19 [http-nio-8082-exec-4] INFO  com.capstone.aspect.LoggerAspect - *************************************
2022-10-13 11:44:19 [http-nio-8082-exec-4] INFO  com.capstone.aspect.LoggerAspect - During: class com.capstone.service.accountinfoServiceImpl.getAcountsByCustId() with arguments=[accountinfo [accno=202200011, custid=202200001, branch_name=Bengaluru, ifsc=NATW000123, savingsamount=600000.0], accountinfo [accno=202200012, custid=202200001, branch_name=Bengaluru, ifsc=NATW000123, savingsamount=50000.0]]
2022-10-13 11:44:19 [http-nio-8082-exec-4] INFO  com.capstone.aspect.LoggerAspect - *************************************
2022-10-13 11:44:19 [http-nio-8082-exec-4] INFO  com.capstone.aspect.LoggerAspect - During: class com.capstone.controller.accountinfoController.getsavingsAccount() with arguments=[accountinfo [accno=202200011, custid=202200001, branch_name=Bengaluru, ifsc=NATW000123, savingsamount=600000.0], accountinfo [accno=202200012, custid=202200001, branch_name=Bengaluru, ifsc=NATW000123, savingsamount=50000.0]]
2022-10-13 11:44:19 [http-nio-8082-exec-4] INFO  com.capstone.aspect.LoggerAspect - *************************************
2022-10-13 11:44:28 [http-nio-8082-exec-5] INFO  com.capstone.aspect.LoggerAspect - Method name: com.capstone.controller.accountinfoController
2022-10-13 11:44:28 [http-nio-8082-exec-5] INFO  com.capstone.aspect.LoggerAspect - Method arguments:[Ljava.lang.Object;@65277872
2022-10-13 11:44:28 [http-nio-8082-exec-5] INFO  com.capstone.aspect.LoggerAspect - *************************************
2022-10-13 11:44:28 [http-nio-8082-exec-5] INFO  com.capstone.aspect.LoggerAspect - Method name: com.capstone.service.accountinfoServiceImpl
2022-10-13 11:44:28 [http-nio-8082-exec-5] INFO  com.capstone.aspect.LoggerAspect - Method arguments:[Ljava.lang.Object;@6be08aa6
2022-10-13 11:44:28 [http-nio-8082-exec-5] INFO  com.capstone.aspect.LoggerAspect - *************************************
2022-10-13 11:44:28 [http-nio-8082-exec-5] INFO  com.capstone.aspect.LoggerAspect - During: class com.capstone.service.accountinfoServiceImpl.getAcountsByCustId() with arguments=[accountinfo [accno=202200011, custid=202200001, branch_name=Bengaluru, ifsc=NATW000123, savingsamount=600000.0], accountinfo [accno=202200012, custid=202200001, branch_name=Bengaluru, ifsc=NATW000123, savingsamount=50000.0]]
2022-10-13 11:44:28 [http-nio-8082-exec-5] INFO  com.capstone.aspect.LoggerAspect - *************************************
2022-10-13 11:44:28 [http-nio-8082-exec-5] INFO  com.capstone.aspect.LoggerAspect - During: class com.capstone.controller.accountinfoController.getsavingsAccount() with arguments=[accountinfo [accno=202200011, custid=202200001, branch_name=Bengaluru, ifsc=NATW000123, savingsamount=600000.0], accountinfo [accno=202200012, custid=202200001, branch_name=Bengaluru, ifsc=NATW000123, savingsamount=50000.0]]
2022-10-13 11:44:28 [http-nio-8082-exec-5] INFO  com.capstone.aspect.LoggerAspect - *************************************
2022-10-13 11:44:38 [http-nio-8082-exec-7] INFO  com.capstone.aspect.LoggerAspect - Method name: com.capstone.controller.accountinfoController
2022-10-13 11:44:38 [http-nio-8082-exec-7] INFO  com.capstone.aspect.LoggerAspect - Method arguments:[Ljava.lang.Object;@48a17162
2022-10-13 11:44:38 [http-nio-8082-exec-7] INFO  com.capstone.aspect.LoggerAspect - *************************************
2022-10-13 11:44:38 [http-nio-8082-exec-7] INFO  com.capstone.aspect.LoggerAspect - Method name: com.capstone.service.accountinfoServiceImpl
2022-10-13 11:44:38 [http-nio-8082-exec-7] INFO  com.capstone.aspect.LoggerAspect - Method arguments:[Ljava.lang.Object;@da3e612
2022-10-13 11:44:38 [http-nio-8082-exec-7] INFO  com.capstone.aspect.LoggerAspect - *************************************
2022-10-13 11:44:38 [http-nio-8082-exec-7] INFO  com.capstone.aspect.LoggerAspect - During: class com.capstone.service.accountinfoServiceImpl.getAcountsByCustId() with arguments=[accountinfo [accno=202200011, custid=202200001, branch_name=Bengaluru, ifsc=NATW000123, savingsamount=600000.0], accountinfo [accno=202200012, custid=202200001, branch_name=Bengaluru, ifsc=NATW000123, savingsamount=50000.0]]
2022-10-13 11:44:38 [http-nio-8082-exec-7] INFO  com.capstone.aspect.LoggerAspect - *************************************
2022-10-13 11:44:38 [http-nio-8082-exec-7] INFO  com.capstone.aspect.LoggerAspect - During: class com.capstone.controller.accountinfoController.getsavingsAccount() with arguments=[accountinfo [accno=202200011, custid=202200001, branch_name=Bengaluru, ifsc=NATW000123, savingsamount=600000.0], accountinfo [accno=202200012, custid=202200001, branch_name=Bengaluru, ifsc=NATW000123, savingsamount=50000.0]]
2022-10-13 11:44:38 [http-nio-8082-exec-7] INFO  com.capstone.aspect.LoggerAspect - *************************************
2022-10-13 11:44:45 [http-nio-8082-exec-9] INFO  com.capstone.aspect.LoggerAspect - Method name: com.capstone.controller.accountinfoController
2022-10-13 11:44:45 [http-nio-8082-exec-9] INFO  com.capstone.aspect.LoggerAspect - Method arguments:[Ljava.lang.Object;@7ef0cb07
2022-10-13 11:44:45 [http-nio-8082-exec-9] INFO  com.capstone.aspect.LoggerAspect - *************************************
2022-10-13 11:44:45 [http-nio-8082-exec-9] INFO  com.capstone.aspect.LoggerAspect - Method name: com.capstone.service.accountinfoServiceImpl
2022-10-13 11:44:45 [http-nio-8082-exec-9] INFO  com.capstone.aspect.LoggerAspect - Method arguments:[Ljava.lang.Object;@3e6e9b1e
2022-10-13 11:44:45 [http-nio-8082-exec-9] INFO  com.capstone.aspect.LoggerAspect - *************************************
2022-10-13 11:44:45 [http-nio-8082-exec-9] INFO  com.capstone.aspect.LoggerAspect - During: class com.capstone.service.accountinfoServiceImpl.getAcountsByCustId() with arguments=[accountinfo [accno=202200011, custid=202200001, branch_name=Bengaluru, ifsc=NATW000123, savingsamount=600000.0], accountinfo [accno=202200012, custid=202200001, branch_name=Bengaluru, ifsc=NATW000123, savingsamount=50000.0]]
2022-10-13 11:44:45 [http-nio-8082-exec-9] INFO  com.capstone.aspect.LoggerAspect - *************************************
2022-10-13 11:44:45 [http-nio-8082-exec-9] INFO  com.capstone.aspect.LoggerAspect - During: class com.capstone.controller.accountinfoController.getsavingsAccount() with arguments=[accountinfo [accno=202200011, custid=202200001, branch_name=Bengaluru, ifsc=NATW000123, savingsamount=600000.0], accountinfo [accno=202200012, custid=202200001, branch_name=Bengaluru, ifsc=NATW000123, savingsamount=50000.0]]
2022-10-13 11:44:45 [http-nio-8082-exec-9] INFO  com.capstone.aspect.LoggerAspect - *************************************
2022-10-13 11:44:51 [http-nio-8082-exec-1] INFO  com.capstone.aspect.LoggerAspect - Method name: com.capstone.controller.accountinfoController
2022-10-13 11:44:51 [http-nio-8082-exec-1] INFO  com.capstone.aspect.LoggerAspect - Method arguments:[Ljava.lang.Object;@641bd5d2
2022-10-13 11:44:51 [http-nio-8082-exec-1] INFO  com.capstone.aspect.LoggerAspect - *************************************
2022-10-13 11:44:51 [http-nio-8082-exec-1] INFO  com.capstone.aspect.LoggerAspect - Method name: com.capstone.service.accountinfoServiceImpl
2022-10-13 11:44:51 [http-nio-8082-exec-1] INFO  com.capstone.aspect.LoggerAspect - Method arguments:[Ljava.lang.Object;@5fe49762
2022-10-13 11:44:51 [http-nio-8082-exec-1] INFO  com.capstone.aspect.LoggerAspect - *************************************
2022-10-13 11:44:51 [http-nio-8082-exec-1] INFO  com.capstone.aspect.LoggerAspect - During: class com.capstone.service.accountinfoServiceImpl.getAcountsByCustId() with arguments=[accountinfo [accno=202200011, custid=202200001, branch_name=Bengaluru, ifsc=NATW000123, savingsamount=600000.0], accountinfo [accno=202200012, custid=202200001, branch_name=Bengaluru, ifsc=NATW000123, savingsamount=50000.0]]
2022-10-13 11:44:51 [http-nio-8082-exec-1] INFO  com.capstone.aspect.LoggerAspect - *************************************
2022-10-13 11:44:51 [http-nio-8082-exec-1] INFO  com.capstone.aspect.LoggerAspect - During: class com.capstone.controller.accountinfoController.getsavingsAccount() with arguments=[accountinfo [accno=202200011, custid=202200001, branch_name=Bengaluru, ifsc=NATW000123, savingsamount=600000.0], accountinfo [accno=202200012, custid=202200001, branch_name=Bengaluru, ifsc=NATW000123, savingsamount=50000.0]]
2022-10-13 11:44:51 [http-nio-8082-exec-1] INFO  com.capstone.aspect.LoggerAspect - *************************************
2022-10-13 11:44:55 [http-nio-8082-exec-2] INFO  com.capstone.aspect.LoggerAspect - Method name: com.capstone.controller.accountinfoController
2022-10-13 11:44:55 [http-nio-8082-exec-2] INFO  com.capstone.aspect.LoggerAspect - Method arguments:[Ljava.lang.Object;@472d90af
2022-10-13 11:44:55 [http-nio-8082-exec-2] INFO  com.capstone.aspect.LoggerAspect - *************************************
2022-10-13 11:44:55 [http-nio-8082-exec-2] INFO  com.capstone.aspect.LoggerAspect - Method name: com.capstone.service.accountinfoServiceImpl
2022-10-13 11:44:55 [http-nio-8082-exec-2] INFO  com.capstone.aspect.LoggerAspect - Method arguments:[Ljava.lang.Object;@625f7d44
2022-10-13 11:44:55 [http-nio-8082-exec-2] INFO  com.capstone.aspect.LoggerAspect - *************************************
2022-10-13 11:44:55 [http-nio-8082-exec-2] INFO  com.capstone.aspect.LoggerAspect - During: class com.capstone.service.accountinfoServiceImpl.getAcountsByCustId() with arguments=[accountinfo [accno=202200011, custid=202200001, branch_name=Bengaluru, ifsc=NATW000123, savingsamount=600000.0], accountinfo [accno=202200012, custid=202200001, branch_name=Bengaluru, ifsc=NATW000123, savingsamount=50000.0]]
2022-10-13 11:44:55 [http-nio-8082-exec-2] INFO  com.capstone.aspect.LoggerAspect - *************************************
2022-10-13 11:44:55 [http-nio-8082-exec-2] INFO  com.capstone.aspect.LoggerAspect - During: class com.capstone.controller.accountinfoController.getsavingsAccount() with arguments=[accountinfo [accno=202200011, custid=202200001, branch_name=Bengaluru, ifsc=NATW000123, savingsamount=600000.0], accountinfo [accno=202200012, custid=202200001, branch_name=Bengaluru, ifsc=NATW000123, savingsamount=50000.0]]
2022-10-13 11:44:55 [http-nio-8082-exec-2] INFO  com.capstone.aspect.LoggerAspect - *************************************
2022-10-13 11:44:57 [http-nio-8082-exec-3] INFO  com.capstone.aspect.LoggerAspect - Method name: com.capstone.controller.accountinfoController
2022-10-13 11:44:57 [http-nio-8082-exec-3] INFO  com.capstone.aspect.LoggerAspect - Method arguments:[Ljava.lang.Object;@377f7c01
2022-10-13 11:44:57 [http-nio-8082-exec-3] INFO  com.capstone.aspect.LoggerAspect - *************************************
2022-10-13 11:44:57 [http-nio-8082-exec-3] INFO  com.capstone.aspect.LoggerAspect - Method name: com.capstone.service.accountinfoServiceImpl
2022-10-13 11:44:57 [http-nio-8082-exec-3] INFO  com.capstone.aspect.LoggerAspect - Method arguments:[Ljava.lang.Object;@244726d9
2022-10-13 11:44:57 [http-nio-8082-exec-3] INFO  com.capstone.aspect.LoggerAspect - *************************************
2022-10-13 11:44:57 [http-nio-8082-exec-3] INFO  com.capstone.aspect.LoggerAspect - During: class com.capstone.service.accountinfoServiceImpl.getAcountsByCustId() with arguments=[accountinfo [accno=202200011, custid=202200001, branch_name=Bengaluru, ifsc=NATW000123, savingsamount=600000.0], accountinfo [accno=202200012, custid=202200001, branch_name=Bengaluru, ifsc=NATW000123, savingsamount=50000.0]]
2022-10-13 11:44:57 [http-nio-8082-exec-3] INFO  com.capstone.aspect.LoggerAspect - *************************************
2022-10-13 11:44:57 [http-nio-8082-exec-3] INFO  com.capstone.aspect.LoggerAspect - During: class com.capstone.controller.accountinfoController.getsavingsAccount() with arguments=[accountinfo [accno=202200011, custid=202200001, branch_name=Bengaluru, ifsc=NATW000123, savingsamount=600000.0], accountinfo [accno=202200012, custid=202200001, branch_name=Bengaluru, ifsc=NATW000123, savingsamount=50000.0]]
2022-10-13 11:44:57 [http-nio-8082-exec-3] INFO  com.capstone.aspect.LoggerAspect - *************************************
2022-10-13 11:45:06 [http-nio-8082-exec-5] INFO  com.capstone.aspect.LoggerAspect - Method name: com.capstone.controller.accountinfoController
2022-10-13 11:45:06 [http-nio-8082-exec-5] INFO  com.capstone.aspect.LoggerAspect - Method arguments:[Ljava.lang.Object;@4af27fd2
2022-10-13 11:45:06 [http-nio-8082-exec-5] INFO  com.capstone.aspect.LoggerAspect - *************************************
2022-10-13 11:45:06 [http-nio-8082-exec-5] INFO  com.capstone.aspect.LoggerAspect - Method name: com.capstone.service.accountinfoServiceImpl
2022-10-13 11:45:06 [http-nio-8082-exec-5] INFO  com.capstone.aspect.LoggerAspect - Method arguments:[Ljava.lang.Object;@297a2a9
2022-10-13 11:45:06 [http-nio-8082-exec-5] INFO  com.capstone.aspect.LoggerAspect - *************************************
2022-10-13 11:45:06 [http-nio-8082-exec-5] INFO  com.capstone.aspect.LoggerAspect - During: class com.capstone.service.accountinfoServiceImpl.getAcountsByCustId() with arguments=[accountinfo [accno=202200011, custid=202200001, branch_name=Bengaluru, ifsc=NATW000123, savingsamount=600000.0], accountinfo [accno=202200012, custid=202200001, branch_name=Bengaluru, ifsc=NATW000123, savingsamount=50000.0]]
2022-10-13 11:45:06 [http-nio-8082-exec-5] INFO  com.capstone.aspect.LoggerAspect - *************************************
2022-10-13 11:45:06 [http-nio-8082-exec-5] INFO  com.capstone.aspect.LoggerAspect - During: class com.capstone.controller.accountinfoController.getsavingsAccount() with arguments=[accountinfo [accno=202200011, custid=202200001, branch_name=Bengaluru, ifsc=NATW000123, savingsamount=600000.0], accountinfo [accno=202200012, custid=202200001, branch_name=Bengaluru, ifsc=NATW000123, savingsamount=50000.0]]
2022-10-13 11:45:06 [http-nio-8082-exec-5] INFO  com.capstone.aspect.LoggerAspect - *************************************
2022-10-13 11:45:10 [http-nio-8082-exec-6] INFO  com.capstone.aspect.LoggerAspect - Method name: com.capstone.controller.accountinfoController
2022-10-13 11:45:10 [http-nio-8082-exec-6] INFO  com.capstone.aspect.LoggerAspect - Method arguments:[Ljava.lang.Object;@18dfb0aa
2022-10-13 11:45:10 [http-nio-8082-exec-6] INFO  com.capstone.aspect.LoggerAspect - *************************************
2022-10-13 11:45:10 [http-nio-8082-exec-6] INFO  com.capstone.aspect.LoggerAspect - Method name: com.capstone.service.accountinfoServiceImpl
2022-10-13 11:45:10 [http-nio-8082-exec-6] INFO  com.capstone.aspect.LoggerAspect - Method arguments:[Ljava.lang.Object;@400bb7af
2022-10-13 11:45:10 [http-nio-8082-exec-6] INFO  com.capstone.aspect.LoggerAspect - *************************************
2022-10-13 11:45:10 [http-nio-8082-exec-6] INFO  com.capstone.aspect.LoggerAspect - During: class com.capstone.service.accountinfoServiceImpl.getAcountsByCustId() with arguments=[accountinfo [accno=202200011, custid=202200001, branch_name=Bengaluru, ifsc=NATW000123, savingsamount=600000.0], accountinfo [accno=202200012, custid=202200001, branch_name=Bengaluru, ifsc=NATW000123, savingsamount=50000.0]]
2022-10-13 11:45:10 [http-nio-8082-exec-6] INFO  com.capstone.aspect.LoggerAspect - *************************************
2022-10-13 11:45:10 [http-nio-8082-exec-6] INFO  com.capstone.aspect.LoggerAspect - During: class com.capstone.controller.accountinfoController.getsavingsAccount() with arguments=[accountinfo [accno=202200011, custid=202200001, branch_name=Bengaluru, ifsc=NATW000123, savingsamount=600000.0], accountinfo [accno=202200012, custid=202200001, branch_name=Bengaluru, ifsc=NATW000123, savingsamount=50000.0]]
2022-10-13 11:45:10 [http-nio-8082-exec-6] INFO  com.capstone.aspect.LoggerAspect - *************************************
2022-10-13 11:45:16 [http-nio-8082-exec-8] INFO  com.capstone.aspect.LoggerAspect - Method name: com.capstone.controller.accountinfoController
2022-10-13 11:45:16 [http-nio-8082-exec-8] INFO  com.capstone.aspect.LoggerAspect - Method arguments:[Ljava.lang.Object;@291db1f0
2022-10-13 11:45:16 [http-nio-8082-exec-8] INFO  com.capstone.aspect.LoggerAspect - *************************************
2022-10-13 11:45:16 [http-nio-8082-exec-8] INFO  com.capstone.aspect.LoggerAspect - Method name: com.capstone.service.accountinfoServiceImpl
2022-10-13 11:45:16 [http-nio-8082-exec-8] INFO  com.capstone.aspect.LoggerAspect - Method arguments:[Ljava.lang.Object;@d57b195
2022-10-13 11:45:16 [http-nio-8082-exec-8] INFO  com.capstone.aspect.LoggerAspect - *************************************
2022-10-13 11:45:16 [http-nio-8082-exec-8] INFO  com.capstone.aspect.LoggerAspect - During: class com.capstone.service.accountinfoServiceImpl.getAcountsByCustId() with arguments=[accountinfo [accno=202200011, custid=202200001, branch_name=Bengaluru, ifsc=NATW000123, savingsamount=600000.0], accountinfo [accno=202200012, custid=202200001, branch_name=Bengaluru, ifsc=NATW000123, savingsamount=50000.0]]
2022-10-13 11:45:16 [http-nio-8082-exec-8] INFO  com.capstone.aspect.LoggerAspect - *************************************
2022-10-13 11:45:16 [http-nio-8082-exec-8] INFO  com.capstone.aspect.LoggerAspect - During: class com.capstone.controller.accountinfoController.getsavingsAccount() with arguments=[accountinfo [accno=202200011, custid=202200001, branch_name=Bengaluru, ifsc=NATW000123, savingsamount=600000.0], accountinfo [accno=202200012, custid=202200001, branch_name=Bengaluru, ifsc=NATW000123, savingsamount=50000.0]]
2022-10-13 11:45:16 [http-nio-8082-exec-8] INFO  com.capstone.aspect.LoggerAspect - *************************************
2022-10-13 11:45:49 [http-nio-8082-exec-10] INFO  com.capstone.aspect.LoggerAspect - Method name: com.capstone.controller.accountinfoController
2022-10-13 11:45:49 [http-nio-8082-exec-10] INFO  com.capstone.aspect.LoggerAspect - Method arguments:[Ljava.lang.Object;@7e5ab446
2022-10-13 11:45:49 [http-nio-8082-exec-10] INFO  com.capstone.aspect.LoggerAspect - *************************************
2022-10-13 11:45:49 [http-nio-8082-exec-10] INFO  com.capstone.aspect.LoggerAspect - Method name: com.capstone.service.accountinfoServiceImpl
2022-10-13 11:45:49 [http-nio-8082-exec-10] INFO  com.capstone.aspect.LoggerAspect - Method arguments:[Ljava.lang.Object;@28f82ee6
2022-10-13 11:45:49 [http-nio-8082-exec-10] INFO  com.capstone.aspect.LoggerAspect - *************************************
2022-10-13 11:45:49 [http-nio-8082-exec-10] INFO  com.capstone.aspect.LoggerAspect - During: class com.capstone.service.accountinfoServiceImpl.getAcountsByCustId() with arguments=[accountinfo [accno=202200011, custid=202200001, branch_name=Bengaluru, ifsc=NATW000123, savingsamount=600000.0], accountinfo [accno=202200012, custid=202200001, branch_name=Bengaluru, ifsc=NATW000123, savingsamount=50000.0]]
2022-10-13 11:45:49 [http-nio-8082-exec-10] INFO  com.capstone.aspect.LoggerAspect - *************************************
2022-10-13 11:45:49 [http-nio-8082-exec-10] INFO  com.capstone.aspect.LoggerAspect - During: class com.capstone.controller.accountinfoController.getsavingsAccount() with arguments=[accountinfo [accno=202200011, custid=202200001, branch_name=Bengaluru, ifsc=NATW000123, savingsamount=600000.0], accountinfo [accno=202200012, custid=202200001, branch_name=Bengaluru, ifsc=NATW000123, savingsamount=50000.0]]
2022-10-13 11:45:49 [http-nio-8082-exec-10] INFO  com.capstone.aspect.LoggerAspect - *************************************
2022-10-13 11:45:50 [http-nio-8082-exec-1] INFO  com.capstone.aspect.LoggerAspect - Method name: com.capstone.controller.accountinfoController
2022-10-13 11:45:50 [http-nio-8082-exec-1] INFO  com.capstone.aspect.LoggerAspect - Method arguments:[Ljava.lang.Object;@22b3d04e
2022-10-13 11:45:50 [http-nio-8082-exec-1] INFO  com.capstone.aspect.LoggerAspect - *************************************
2022-10-13 11:45:50 [http-nio-8082-exec-1] INFO  com.capstone.aspect.LoggerAspect - Method name: com.capstone.service.accountinfoServiceImpl
2022-10-13 11:45:50 [http-nio-8082-exec-1] INFO  com.capstone.aspect.LoggerAspect - Method arguments:[Ljava.lang.Object;@272c4573
2022-10-13 11:45:50 [http-nio-8082-exec-1] INFO  com.capstone.aspect.LoggerAspect - *************************************
2022-10-13 11:45:50 [http-nio-8082-exec-1] INFO  com.capstone.aspect.LoggerAspect - During: class com.capstone.service.accountinfoServiceImpl.getAcountsByCustId() with arguments=[accountinfo [accno=202200011, custid=202200001, branch_name=Bengaluru, ifsc=NATW000123, savingsamount=600000.0], accountinfo [accno=202200012, custid=202200001, branch_name=Bengaluru, ifsc=NATW000123, savingsamount=50000.0]]
2022-10-13 11:45:50 [http-nio-8082-exec-1] INFO  com.capstone.aspect.LoggerAspect - *************************************
2022-10-13 11:45:50 [http-nio-8082-exec-1] INFO  com.capstone.aspect.LoggerAspect - During: class com.capstone.controller.accountinfoController.getsavingsAccount() with arguments=[accountinfo [accno=202200011, custid=202200001, branch_name=Bengaluru, ifsc=NATW000123, savingsamount=600000.0], accountinfo [accno=202200012, custid=202200001, branch_name=Bengaluru, ifsc=NATW000123, savingsamount=50000.0]]
2022-10-13 11:45:50 [http-nio-8082-exec-1] INFO  com.capstone.aspect.LoggerAspect - *************************************
2022-10-13 11:45:57 [http-nio-8082-exec-3] INFO  com.capstone.aspect.LoggerAspect - Method name: com.capstone.controller.accountinfoController
2022-10-13 11:45:57 [http-nio-8082-exec-3] INFO  com.capstone.aspect.LoggerAspect - Method arguments:[Ljava.lang.Object;@1783f066
2022-10-13 11:45:57 [http-nio-8082-exec-3] INFO  com.capstone.aspect.LoggerAspect - *************************************
2022-10-13 11:45:57 [http-nio-8082-exec-3] INFO  com.capstone.aspect.LoggerAspect - Method name: com.capstone.service.accountinfoServiceImpl
2022-10-13 11:45:57 [http-nio-8082-exec-3] INFO  com.capstone.aspect.LoggerAspect - Method arguments:[Ljava.lang.Object;@2932e25e
2022-10-13 11:45:57 [http-nio-8082-exec-3] INFO  com.capstone.aspect.LoggerAspect - *************************************
2022-10-13 11:45:57 [http-nio-8082-exec-3] INFO  com.capstone.aspect.LoggerAspect - During: class com.capstone.service.accountinfoServiceImpl.getAcountsByCustId() with arguments=[accountinfo [accno=202200011, custid=202200001, branch_name=Bengaluru, ifsc=NATW000123, savingsamount=600000.0], accountinfo [accno=202200012, custid=202200001, branch_name=Bengaluru, ifsc=NATW000123, savingsamount=50000.0]]
2022-10-13 11:45:57 [http-nio-8082-exec-3] INFO  com.capstone.aspect.LoggerAspect - *************************************
2022-10-13 11:45:57 [http-nio-8082-exec-3] INFO  com.capstone.aspect.LoggerAspect - During: class com.capstone.controller.accountinfoController.getsavingsAccount() with arguments=[accountinfo [accno=202200011, custid=202200001, branch_name=Bengaluru, ifsc=NATW000123, savingsamount=600000.0], accountinfo [accno=202200012, custid=202200001, branch_name=Bengaluru, ifsc=NATW000123, savingsamount=50000.0]]
2022-10-13 11:45:57 [http-nio-8082-exec-3] INFO  com.capstone.aspect.LoggerAspect - *************************************
2022-10-13 11:46:10 [http-nio-8082-exec-5] INFO  com.capstone.aspect.LoggerAspect - Method name: com.capstone.controller.accountinfoController
2022-10-13 11:46:10 [http-nio-8082-exec-5] INFO  com.capstone.aspect.LoggerAspect - Method arguments:[Ljava.lang.Object;@7896a3d
2022-10-13 11:46:10 [http-nio-8082-exec-5] INFO  com.capstone.aspect.LoggerAspect - *************************************
2022-10-13 11:46:10 [http-nio-8082-exec-5] INFO  com.capstone.aspect.LoggerAspect - Method name: com.capstone.service.accountinfoServiceImpl
2022-10-13 11:46:10 [http-nio-8082-exec-5] INFO  com.capstone.aspect.LoggerAspect - Method arguments:[Ljava.lang.Object;@2b1553dc
2022-10-13 11:46:10 [http-nio-8082-exec-5] INFO  com.capstone.aspect.LoggerAspect - *************************************
2022-10-13 11:46:10 [http-nio-8082-exec-5] INFO  com.capstone.aspect.LoggerAspect - During: class com.capstone.service.accountinfoServiceImpl.getAcountsByCustId() with arguments=[accountinfo [accno=202200011, custid=202200001, branch_name=Bengaluru, ifsc=NATW000123, savingsamount=600000.0], accountinfo [accno=202200012, custid=202200001, branch_name=Bengaluru, ifsc=NATW000123, savingsamount=50000.0]]
2022-10-13 11:46:10 [http-nio-8082-exec-5] INFO  com.capstone.aspect.LoggerAspect - *************************************
2022-10-13 11:46:10 [http-nio-8082-exec-5] INFO  com.capstone.aspect.LoggerAspect - During: class com.capstone.controller.accountinfoController.getsavingsAccount() with arguments=[accountinfo [accno=202200011, custid=202200001, branch_name=Bengaluru, ifsc=NATW000123, savingsamount=600000.0], accountinfo [accno=202200012, custid=202200001, branch_name=Bengaluru, ifsc=NATW000123, savingsamount=50000.0]]
2022-10-13 11:46:10 [http-nio-8082-exec-5] INFO  com.capstone.aspect.LoggerAspect - *************************************
2022-10-13 11:46:19 [http-nio-8082-exec-7] INFO  com.capstone.aspect.LoggerAspect - Method name: com.capstone.controller.accountinfoController
2022-10-13 11:46:19 [http-nio-8082-exec-7] INFO  com.capstone.aspect.LoggerAspect - Method arguments:[Ljava.lang.Object;@69c20070
2022-10-13 11:46:19 [http-nio-8082-exec-7] INFO  com.capstone.aspect.LoggerAspect - *************************************
2022-10-13 11:46:19 [http-nio-8082-exec-7] INFO  com.capstone.aspect.LoggerAspect - Method name: com.capstone.service.accountinfoServiceImpl
2022-10-13 11:46:19 [http-nio-8082-exec-7] INFO  com.capstone.aspect.LoggerAspect - Method arguments:[Ljava.lang.Object;@6cc4bf3f
2022-10-13 11:46:19 [http-nio-8082-exec-7] INFO  com.capstone.aspect.LoggerAspect - *************************************
2022-10-13 11:46:19 [http-nio-8082-exec-7] INFO  com.capstone.aspect.LoggerAspect - During: class com.capstone.service.accountinfoServiceImpl.getAcountsByCustId() with arguments=[accountinfo [accno=202200011, custid=202200001, branch_name=Bengaluru, ifsc=NATW000123, savingsamount=600000.0], accountinfo [accno=202200012, custid=202200001, branch_name=Bengaluru, ifsc=NATW000123, savingsamount=50000.0]]
2022-10-13 11:46:19 [http-nio-8082-exec-7] INFO  com.capstone.aspect.LoggerAspect - *************************************
2022-10-13 11:46:19 [http-nio-8082-exec-7] INFO  com.capstone.aspect.LoggerAspect - During: class com.capstone.controller.accountinfoController.getsavingsAccount() with arguments=[accountinfo [accno=202200011, custid=202200001, branch_name=Bengaluru, ifsc=NATW000123, savingsamount=600000.0], accountinfo [accno=202200012, custid=202200001, branch_name=Bengaluru, ifsc=NATW000123, savingsamount=50000.0]]
2022-10-13 11:46:19 [http-nio-8082-exec-7] INFO  com.capstone.aspect.LoggerAspect - *************************************
2022-10-13 11:46:30 [http-nio-8082-exec-9] INFO  com.capstone.aspect.LoggerAspect - Method name: com.capstone.controller.accountinfoController
2022-10-13 11:46:30 [http-nio-8082-exec-9] INFO  com.capstone.aspect.LoggerAspect - Method arguments:[Ljava.lang.Object;@171e1063
2022-10-13 11:46:30 [http-nio-8082-exec-9] INFO  com.capstone.aspect.LoggerAspect - *************************************
2022-10-13 11:46:30 [http-nio-8082-exec-9] INFO  com.capstone.aspect.LoggerAspect - Method name: com.capstone.service.accountinfoServiceImpl
2022-10-13 11:46:30 [http-nio-8082-exec-9] INFO  com.capstone.aspect.LoggerAspect - Method arguments:[Ljava.lang.Object;@1fa2977f
2022-10-13 11:46:30 [http-nio-8082-exec-9] INFO  com.capstone.aspect.LoggerAspect - *************************************
2022-10-13 11:46:30 [http-nio-8082-exec-9] INFO  com.capstone.aspect.LoggerAspect - During: class com.capstone.service.accountinfoServiceImpl.getAcountsByCustId() with arguments=[accountinfo [accno=202200011, custid=202200001, branch_name=Bengaluru, ifsc=NATW000123, savingsamount=600000.0], accountinfo [accno=202200012, custid=202200001, branch_name=Bengaluru, ifsc=NATW000123, savingsamount=50000.0]]
2022-10-13 11:46:30 [http-nio-8082-exec-9] INFO  com.capstone.aspect.LoggerAspect - *************************************
2022-10-13 11:46:30 [http-nio-8082-exec-9] INFO  com.capstone.aspect.LoggerAspect - During: class com.capstone.controller.accountinfoController.getsavingsAccount() with arguments=[accountinfo [accno=202200011, custid=202200001, branch_name=Bengaluru, ifsc=NATW000123, savingsamount=600000.0], accountinfo [accno=202200012, custid=202200001, branch_name=Bengaluru, ifsc=NATW000123, savingsamount=50000.0]]
2022-10-13 11:46:30 [http-nio-8082-exec-9] INFO  com.capstone.aspect.LoggerAspect - *************************************
2022-10-13 11:46:34 [http-nio-8082-exec-1] INFO  com.capstone.aspect.LoggerAspect - Method name: com.capstone.controller.accountinfoController
2022-10-13 11:46:34 [http-nio-8082-exec-1] INFO  com.capstone.aspect.LoggerAspect - Method arguments:[Ljava.lang.Object;@23ea7549
2022-10-13 11:46:34 [http-nio-8082-exec-1] INFO  com.capstone.aspect.LoggerAspect - *************************************
2022-10-13 11:46:34 [http-nio-8082-exec-1] INFO  com.capstone.aspect.LoggerAspect - Method name: com.capstone.service.accountinfoServiceImpl
2022-10-13 11:46:34 [http-nio-8082-exec-1] INFO  com.capstone.aspect.LoggerAspect - Method arguments:[Ljava.lang.Object;@6408ed0e
2022-10-13 11:46:34 [http-nio-8082-exec-1] INFO  com.capstone.aspect.LoggerAspect - *************************************
2022-10-13 11:46:34 [http-nio-8082-exec-1] INFO  com.capstone.aspect.LoggerAspect - During: class com.capstone.service.accountinfoServiceImpl.getAcountsByCustId() with arguments=[accountinfo [accno=202200011, custid=202200001, branch_name=Bengaluru, ifsc=NATW000123, savingsamount=600000.0], accountinfo [accno=202200012, custid=202200001, branch_name=Bengaluru, ifsc=NATW000123, savingsamount=50000.0]]
2022-10-13 11:46:34 [http-nio-8082-exec-1] INFO  com.capstone.aspect.LoggerAspect - *************************************
2022-10-13 11:46:34 [http-nio-8082-exec-1] INFO  com.capstone.aspect.LoggerAspect - During: class com.capstone.controller.accountinfoController.getsavingsAccount() with arguments=[accountinfo [accno=202200011, custid=202200001, branch_name=Bengaluru, ifsc=NATW000123, savingsamount=600000.0], accountinfo [accno=202200012, custid=202200001, branch_name=Bengaluru, ifsc=NATW000123, savingsamount=50000.0]]
2022-10-13 11:46:34 [http-nio-8082-exec-1] INFO  com.capstone.aspect.LoggerAspect - *************************************
2022-10-13 11:47:20 [http-nio-8082-exec-3] INFO  com.capstone.aspect.LoggerAspect - Method name: com.capstone.controller.accountinfoController
2022-10-13 11:47:20 [http-nio-8082-exec-3] INFO  com.capstone.aspect.LoggerAspect - Method arguments:[Ljava.lang.Object;@22f022a0
2022-10-13 11:47:20 [http-nio-8082-exec-3] INFO  com.capstone.aspect.LoggerAspect - *************************************
2022-10-13 11:47:20 [http-nio-8082-exec-3] INFO  com.capstone.aspect.LoggerAspect - Method name: com.capstone.service.accountinfoServiceImpl
2022-10-13 11:47:20 [http-nio-8082-exec-3] INFO  com.capstone.aspect.LoggerAspect - Method arguments:[Ljava.lang.Object;@51840457
2022-10-13 11:47:20 [http-nio-8082-exec-3] INFO  com.capstone.aspect.LoggerAspect - *************************************
2022-10-13 11:47:20 [http-nio-8082-exec-3] INFO  com.capstone.aspect.LoggerAspect - During: class com.capstone.service.accountinfoServiceImpl.getAcountsByCustId() with arguments=[accountinfo [accno=202200011, custid=202200001, branch_name=Bengaluru, ifsc=NATW000123, savingsamount=600000.0], accountinfo [accno=202200012, custid=202200001, branch_name=Bengaluru, ifsc=NATW000123, savingsamount=50000.0]]
2022-10-13 11:47:20 [http-nio-8082-exec-3] INFO  com.capstone.aspect.LoggerAspect - *************************************
2022-10-13 11:47:20 [http-nio-8082-exec-3] INFO  com.capstone.aspect.LoggerAspect - During: class com.capstone.controller.accountinfoController.getsavingsAccount() with arguments=[accountinfo [accno=202200011, custid=202200001, branch_name=Bengaluru, ifsc=NATW000123, savingsamount=600000.0], accountinfo [accno=202200012, custid=202200001, branch_name=Bengaluru, ifsc=NATW000123, savingsamount=50000.0]]
2022-10-13 11:47:20 [http-nio-8082-exec-3] INFO  com.capstone.aspect.LoggerAspect - *************************************
2022-10-13 11:49:18 [AsyncResolver-bootstrap-executor-0] INFO  c.n.d.s.r.aws.ConfigClusterResolver - Resolving eureka endpoints via configuration
2022-10-13 11:54:18 [AsyncResolver-bootstrap-executor-0] INFO  c.n.d.s.r.aws.ConfigClusterResolver - Resolving eureka endpoints via configuration
2022-10-13 11:59:18 [AsyncResolver-bootstrap-executor-0] INFO  c.n.d.s.r.aws.ConfigClusterResolver - Resolving eureka endpoints via configuration
2022-10-13 12:04:18 [AsyncResolver-bootstrap-executor-0] INFO  c.n.d.s.r.aws.ConfigClusterResolver - Resolving eureka endpoints via configuration
2022-10-13 12:09:18 [AsyncResolver-bootstrap-executor-0] INFO  c.n.d.s.r.aws.ConfigClusterResolver - Resolving eureka endpoints via configuration
2022-10-13 12:14:18 [AsyncResolver-bootstrap-executor-0] INFO  c.n.d.s.r.aws.ConfigClusterResolver - Resolving eureka endpoints via configuration
2022-10-13 12:19:18 [AsyncResolver-bootstrap-executor-0] INFO  c.n.d.s.r.aws.ConfigClusterResolver - Resolving eureka endpoints via configuration
2022-10-13 12:24:18 [AsyncResolver-bootstrap-executor-0] INFO  c.n.d.s.r.aws.ConfigClusterResolver - Resolving eureka endpoints via configuration
2022-10-13 12:27:55 [http-nio-8082-exec-6] INFO  com.capstone.aspect.LoggerAspect - Method name: com.capstone.controller.accountinfoController
2022-10-13 12:27:55 [http-nio-8082-exec-6] INFO  com.capstone.aspect.LoggerAspect - Method arguments:[Ljava.lang.Object;@26dc5991
2022-10-13 12:27:55 [http-nio-8082-exec-6] INFO  com.capstone.aspect.LoggerAspect - *************************************
2022-10-13 12:27:55 [http-nio-8082-exec-6] INFO  com.capstone.aspect.LoggerAspect - Method name: com.capstone.service.accountinfoServiceImpl
2022-10-13 12:27:55 [http-nio-8082-exec-6] INFO  com.capstone.aspect.LoggerAspect - Method arguments:[Ljava.lang.Object;@71fd8a7c
2022-10-13 12:27:55 [http-nio-8082-exec-6] INFO  com.capstone.aspect.LoggerAspect - *************************************
2022-10-13 12:27:55 [http-nio-8082-exec-6] INFO  com.capstone.aspect.LoggerAspect - During: class com.capstone.service.accountinfoServiceImpl.getAcountsByCustId() with arguments=[accountinfo [accno=202200011, custid=202200001, branch_name=Bengaluru, ifsc=NATW000123, savingsamount=600000.0], accountinfo [accno=202200012, custid=202200001, branch_name=Bengaluru, ifsc=NATW000123, savingsamount=50000.0]]
2022-10-13 12:27:55 [http-nio-8082-exec-6] INFO  com.capstone.aspect.LoggerAspect - *************************************
2022-10-13 12:27:55 [http-nio-8082-exec-6] INFO  com.capstone.aspect.LoggerAspect - During: class com.capstone.controller.accountinfoController.getsavingsAccount() with arguments=[accountinfo [accno=202200011, custid=202200001, branch_name=Bengaluru, ifsc=NATW000123, savingsamount=600000.0], accountinfo [accno=202200012, custid=202200001, branch_name=Bengaluru, ifsc=NATW000123, savingsamount=50000.0]]
2022-10-13 12:27:55 [http-nio-8082-exec-6] INFO  com.capstone.aspect.LoggerAspect - *************************************
2022-10-13 12:29:18 [AsyncResolver-bootstrap-executor-0] INFO  c.n.d.s.r.aws.ConfigClusterResolver - Resolving eureka endpoints via configuration
2022-10-13 12:34:18 [AsyncResolver-bootstrap-executor-0] INFO  c.n.d.s.r.aws.ConfigClusterResolver - Resolving eureka endpoints via configuration
2022-10-13 12:39:18 [AsyncResolver-bootstrap-executor-0] INFO  c.n.d.s.r.aws.ConfigClusterResolver - Resolving eureka endpoints via configuration
2022-10-13 12:44:18 [AsyncResolver-bootstrap-executor-0] INFO  c.n.d.s.r.aws.ConfigClusterResolver - Resolving eureka endpoints via configuration
2022-10-13 12:49:18 [AsyncResolver-bootstrap-executor-0] INFO  c.n.d.s.r.aws.ConfigClusterResolver - Resolving eureka endpoints via configuration
2022-10-13 12:54:18 [AsyncResolver-bootstrap-executor-0] INFO  c.n.d.s.r.aws.ConfigClusterResolver - Resolving eureka endpoints via configuration
2022-10-13 12:59:18 [AsyncResolver-bootstrap-executor-0] INFO  c.n.d.s.r.aws.ConfigClusterResolver - Resolving eureka endpoints via configuration
2022-10-13 13:02:16 [http-nio-8082-exec-8] INFO  com.capstone.aspect.LoggerAspect - Method name: com.capstone.controller.accountinfoController
2022-10-13 13:02:16 [http-nio-8082-exec-8] INFO  com.capstone.aspect.LoggerAspect - Method arguments:[Ljava.lang.Object;@4ef500fb
2022-10-13 13:02:16 [http-nio-8082-exec-8] INFO  com.capstone.aspect.LoggerAspect - *************************************
2022-10-13 13:02:16 [http-nio-8082-exec-8] INFO  com.capstone.aspect.LoggerAspect - Method name: com.capstone.service.accountinfoServiceImpl
2022-10-13 13:02:16 [http-nio-8082-exec-8] INFO  com.capstone.aspect.LoggerAspect - Method arguments:[Ljava.lang.Object;@3c527cde
2022-10-13 13:02:16 [http-nio-8082-exec-8] INFO  com.capstone.aspect.LoggerAspect - *************************************
2022-10-13 13:02:16 [http-nio-8082-exec-8] INFO  com.capstone.aspect.LoggerAspect - During: class com.capstone.service.accountinfoServiceImpl.getAcountsByCustId() with arguments=[accountinfo [accno=202200011, custid=202200001, branch_name=Bengaluru, ifsc=NATW000123, savingsamount=600000.0], accountinfo [accno=202200012, custid=202200001, branch_name=Bengaluru, ifsc=NATW000123, savingsamount=50000.0]]
2022-10-13 13:02:16 [http-nio-8082-exec-8] INFO  com.capstone.aspect.LoggerAspect - *************************************
2022-10-13 13:02:16 [http-nio-8082-exec-8] INFO  com.capstone.aspect.LoggerAspect - During: class com.capstone.controller.accountinfoController.getsavingsAccount() with arguments=[accountinfo [accno=202200011, custid=202200001, branch_name=Bengaluru, ifsc=NATW000123, savingsamount=600000.0], accountinfo [accno=202200012, custid=202200001, branch_name=Bengaluru, ifsc=NATW000123, savingsamount=50000.0]]
2022-10-13 13:02:16 [http-nio-8082-exec-8] INFO  com.capstone.aspect.LoggerAspect - *************************************
2022-10-13 13:04:18 [AsyncResolver-bootstrap-executor-0] INFO  c.n.d.s.r.aws.ConfigClusterResolver - Resolving eureka endpoints via configuration
2022-10-13 13:09:18 [AsyncResolver-bootstrap-executor-0] INFO  c.n.d.s.r.aws.ConfigClusterResolver - Resolving eureka endpoints via configuration
2022-10-13 13:14:18 [AsyncResolver-bootstrap-executor-0] INFO  c.n.d.s.r.aws.ConfigClusterResolver - Resolving eureka endpoints via configuration
2022-10-13 13:19:18 [AsyncResolver-bootstrap-executor-0] INFO  c.n.d.s.r.aws.ConfigClusterResolver - Resolving eureka endpoints via configuration
2022-10-13 13:24:18 [AsyncResolver-bootstrap-executor-0] INFO  c.n.d.s.r.aws.ConfigClusterResolver - Resolving eureka endpoints via configuration
2022-10-13 13:29:18 [AsyncResolver-bootstrap-executor-0] INFO  c.n.d.s.r.aws.ConfigClusterResolver - Resolving eureka endpoints via configuration
2022-10-13 13:34:18 [AsyncResolver-bootstrap-executor-0] INFO  c.n.d.s.r.aws.ConfigClusterResolver - Resolving eureka endpoints via configuration
2022-10-13 13:39:18 [AsyncResolver-bootstrap-executor-0] INFO  c.n.d.s.r.aws.ConfigClusterResolver - Resolving eureka endpoints via configuration
2022-10-13 13:44:18 [AsyncResolver-bootstrap-executor-0] INFO  c.n.d.s.r.aws.ConfigClusterResolver - Resolving eureka endpoints via configuration
2022-10-13 13:49:18 [AsyncResolver-bootstrap-executor-0] INFO  c.n.d.s.r.aws.ConfigClusterResolver - Resolving eureka endpoints via configuration
2022-10-13 13:54:18 [AsyncResolver-bootstrap-executor-0] INFO  c.n.d.s.r.aws.ConfigClusterResolver - Resolving eureka endpoints via configuration
2022-10-13 13:59:18 [AsyncResolver-bootstrap-executor-0] INFO  c.n.d.s.r.aws.ConfigClusterResolver - Resolving eureka endpoints via configuration
2022-10-13 14:04:18 [AsyncResolver-bootstrap-executor-0] INFO  c.n.d.s.r.aws.ConfigClusterResolver - Resolving eureka endpoints via configuration
2022-10-13 14:09:18 [AsyncResolver-bootstrap-executor-0] INFO  c.n.d.s.r.aws.ConfigClusterResolver - Resolving eureka endpoints via configuration
2022-10-13 14:14:18 [AsyncResolver-bootstrap-executor-0] INFO  c.n.d.s.r.aws.ConfigClusterResolver - Resolving eureka endpoints via configuration
2022-10-13 14:19:18 [AsyncResolver-bootstrap-executor-0] INFO  c.n.d.s.r.aws.ConfigClusterResolver - Resolving eureka endpoints via configuration
2022-10-13 14:24:18 [AsyncResolver-bootstrap-executor-0] INFO  c.n.d.s.r.aws.ConfigClusterResolver - Resolving eureka endpoints via configuration
2022-10-13 14:29:18 [AsyncResolver-bootstrap-executor-0] INFO  c.n.d.s.r.aws.ConfigClusterResolver - Resolving eureka endpoints via configuration
2022-10-13 14:34:18 [AsyncResolver-bootstrap-executor-0] INFO  c.n.d.s.r.aws.ConfigClusterResolver - Resolving eureka endpoints via configuration
2022-10-13 14:39:18 [AsyncResolver-bootstrap-executor-0] INFO  c.n.d.s.r.aws.ConfigClusterResolver - Resolving eureka endpoints via configuration
2022-10-13 14:44:18 [AsyncResolver-bootstrap-executor-0] INFO  c.n.d.s.r.aws.ConfigClusterResolver - Resolving eureka endpoints via configuration
2022-10-13 14:49:18 [AsyncResolver-bootstrap-executor-0] INFO  c.n.d.s.r.aws.ConfigClusterResolver - Resolving eureka endpoints via configuration
2022-10-13 14:54:18 [AsyncResolver-bootstrap-executor-0] INFO  c.n.d.s.r.aws.ConfigClusterResolver - Resolving eureka endpoints via configuration
2022-10-13 14:59:18 [AsyncResolver-bootstrap-executor-0] INFO  c.n.d.s.r.aws.ConfigClusterResolver - Resolving eureka endpoints via configuration
2022-10-13 15:04:18 [AsyncResolver-bootstrap-executor-0] INFO  c.n.d.s.r.aws.ConfigClusterResolver - Resolving eureka endpoints via configuration
2022-10-13 15:09:18 [AsyncResolver-bootstrap-executor-0] INFO  c.n.d.s.r.aws.ConfigClusterResolver - Resolving eureka endpoints via configuration
2022-10-13 15:14:18 [AsyncResolver-bootstrap-executor-0] INFO  c.n.d.s.r.aws.ConfigClusterResolver - Resolving eureka endpoints via configuration
2022-10-13 15:19:18 [AsyncResolver-bootstrap-executor-0] INFO  c.n.d.s.r.aws.ConfigClusterResolver - Resolving eureka endpoints via configuration
2022-10-13 15:24:18 [AsyncResolver-bootstrap-executor-0] INFO  c.n.d.s.r.aws.ConfigClusterResolver - Resolving eureka endpoints via configuration
2022-10-13 15:29:18 [AsyncResolver-bootstrap-executor-0] INFO  c.n.d.s.r.aws.ConfigClusterResolver - Resolving eureka endpoints via configuration
2022-10-13 15:34:18 [AsyncResolver-bootstrap-executor-0] INFO  c.n.d.s.r.aws.ConfigClusterResolver - Resolving eureka endpoints via configuration
2022-10-13 15:39:18 [AsyncResolver-bootstrap-executor-0] INFO  c.n.d.s.r.aws.ConfigClusterResolver - Resolving eureka endpoints via configuration
2022-10-13 15:44:18 [AsyncResolver-bootstrap-executor-0] INFO  c.n.d.s.r.aws.ConfigClusterResolver - Resolving eureka endpoints via configuration
2022-10-13 15:47:04 [http-nio-8082-exec-2] INFO  com.capstone.aspect.LoggerAspect - Method name: com.capstone.controller.accountinfoController
2022-10-13 15:47:04 [http-nio-8082-exec-2] INFO  com.capstone.aspect.LoggerAspect - Method arguments:[Ljava.lang.Object;@174b8a20
2022-10-13 15:47:04 [http-nio-8082-exec-2] INFO  com.capstone.aspect.LoggerAspect - *************************************
2022-10-13 15:47:04 [http-nio-8082-exec-2] INFO  com.capstone.aspect.LoggerAspect - Method name: com.capstone.service.accountinfoServiceImpl
2022-10-13 15:47:04 [http-nio-8082-exec-2] INFO  com.capstone.aspect.LoggerAspect - Method arguments:[Ljava.lang.Object;@10dd89f6
2022-10-13 15:47:04 [http-nio-8082-exec-2] INFO  com.capstone.aspect.LoggerAspect - *************************************
2022-10-13 15:47:04 [http-nio-8082-exec-2] INFO  com.capstone.aspect.LoggerAspect - During: class com.capstone.service.accountinfoServiceImpl.getAcountsByCustId() with arguments=[accountinfo [accno=202200011, custid=202200001, branch_name=Bengaluru, ifsc=NATW000123, savingsamount=600000.0], accountinfo [accno=202200012, custid=202200001, branch_name=Bengaluru, ifsc=NATW000123, savingsamount=50000.0]]
2022-10-13 15:47:04 [http-nio-8082-exec-2] INFO  com.capstone.aspect.LoggerAspect - *************************************
2022-10-13 15:47:04 [http-nio-8082-exec-2] INFO  com.capstone.aspect.LoggerAspect - During: class com.capstone.controller.accountinfoController.getsavingsAccount() with arguments=[accountinfo [accno=202200011, custid=202200001, branch_name=Bengaluru, ifsc=NATW000123, savingsamount=600000.0], accountinfo [accno=202200012, custid=202200001, branch_name=Bengaluru, ifsc=NATW000123, savingsamount=50000.0]]
2022-10-13 15:47:04 [http-nio-8082-exec-2] INFO  com.capstone.aspect.LoggerAspect - *************************************
2022-10-13 15:47:53 [http-nio-8082-exec-4] INFO  com.capstone.aspect.LoggerAspect - Method name: com.capstone.controller.accountinfoController
2022-10-13 15:47:53 [http-nio-8082-exec-4] INFO  com.capstone.aspect.LoggerAspect - Method arguments:[Ljava.lang.Object;@74c876fb
2022-10-13 15:47:53 [http-nio-8082-exec-4] INFO  com.capstone.aspect.LoggerAspect - *************************************
2022-10-13 15:47:53 [http-nio-8082-exec-4] INFO  com.capstone.aspect.LoggerAspect - Method name: com.capstone.service.accountinfoServiceImpl
2022-10-13 15:47:53 [http-nio-8082-exec-4] INFO  com.capstone.aspect.LoggerAspect - Method arguments:[Ljava.lang.Object;@10042784
2022-10-13 15:47:53 [http-nio-8082-exec-4] INFO  com.capstone.aspect.LoggerAspect - *************************************
2022-10-13 15:47:53 [http-nio-8082-exec-4] INFO  com.capstone.aspect.LoggerAspect - During: class com.capstone.service.accountinfoServiceImpl.getAcountsByCustId() with arguments=[accountinfo [accno=202200011, custid=202200001, branch_name=Bengaluru, ifsc=NATW000123, savingsamount=600000.0], accountinfo [accno=202200012, custid=202200001, branch_name=Bengaluru, ifsc=NATW000123, savingsamount=50000.0]]
2022-10-13 15:47:53 [http-nio-8082-exec-4] INFO  com.capstone.aspect.LoggerAspect - *************************************
2022-10-13 15:47:53 [http-nio-8082-exec-4] INFO  com.capstone.aspect.LoggerAspect - During: class com.capstone.controller.accountinfoController.getsavingsAccount() with arguments=[accountinfo [accno=202200011, custid=202200001, branch_name=Bengaluru, ifsc=NATW000123, savingsamount=600000.0], accountinfo [accno=202200012, custid=202200001, branch_name=Bengaluru, ifsc=NATW000123, savingsamount=50000.0]]
2022-10-13 15:47:53 [http-nio-8082-exec-4] INFO  com.capstone.aspect.LoggerAspect - *************************************
2022-10-13 15:49:18 [AsyncResolver-bootstrap-executor-0] INFO  c.n.d.s.r.aws.ConfigClusterResolver - Resolving eureka endpoints via configuration
2022-10-13 15:49:44 [http-nio-8082-exec-6] INFO  com.capstone.aspect.LoggerAspect - Method name: com.capstone.controller.accountinfoController
2022-10-13 15:49:44 [http-nio-8082-exec-6] INFO  com.capstone.aspect.LoggerAspect - Method arguments:[Ljava.lang.Object;@27430bf7
2022-10-13 15:49:44 [http-nio-8082-exec-6] INFO  com.capstone.aspect.LoggerAspect - *************************************
2022-10-13 15:49:44 [http-nio-8082-exec-6] INFO  com.capstone.aspect.LoggerAspect - Method name: com.capstone.service.accountinfoServiceImpl
2022-10-13 15:49:44 [http-nio-8082-exec-6] INFO  com.capstone.aspect.LoggerAspect - Method arguments:[Ljava.lang.Object;@6e84ada8
2022-10-13 15:49:44 [http-nio-8082-exec-6] INFO  com.capstone.aspect.LoggerAspect - *************************************
2022-10-13 15:49:44 [http-nio-8082-exec-6] INFO  com.capstone.aspect.LoggerAspect - During: class com.capstone.service.accountinfoServiceImpl.getAcountsByCustId() with arguments=[accountinfo [accno=202200011, custid=202200001, branch_name=Bengaluru, ifsc=NATW000123, savingsamount=600000.0], accountinfo [accno=202200012, custid=202200001, branch_name=Bengaluru, ifsc=NATW000123, savingsamount=50000.0]]
2022-10-13 15:49:44 [http-nio-8082-exec-6] INFO  com.capstone.aspect.LoggerAspect - *************************************
2022-10-13 15:49:44 [http-nio-8082-exec-6] INFO  com.capstone.aspect.LoggerAspect - During: class com.capstone.controller.accountinfoController.getsavingsAccount() with arguments=[accountinfo [accno=202200011, custid=202200001, branch_name=Bengaluru, ifsc=NATW000123, savingsamount=600000.0], accountinfo [accno=202200012, custid=202200001, branch_name=Bengaluru, ifsc=NATW000123, savingsamount=50000.0]]
2022-10-13 15:49:44 [http-nio-8082-exec-6] INFO  com.capstone.aspect.LoggerAspect - *************************************
2022-10-13 15:49:53 [http-nio-8082-exec-7] INFO  com.capstone.aspect.LoggerAspect - Method name: com.capstone.controller.accountinfoController
2022-10-13 15:49:53 [http-nio-8082-exec-7] INFO  com.capstone.aspect.LoggerAspect - Method arguments:[Ljava.lang.Object;@2c3e1401
2022-10-13 15:49:53 [http-nio-8082-exec-7] INFO  com.capstone.aspect.LoggerAspect - *************************************
2022-10-13 15:49:53 [http-nio-8082-exec-7] INFO  com.capstone.aspect.LoggerAspect - Method name: com.capstone.service.accountinfoServiceImpl
2022-10-13 15:49:53 [http-nio-8082-exec-7] INFO  com.capstone.aspect.LoggerAspect - Method arguments:[Ljava.lang.Object;@3f4f7f66
2022-10-13 15:49:53 [http-nio-8082-exec-7] INFO  com.capstone.aspect.LoggerAspect - *************************************
2022-10-13 15:49:53 [http-nio-8082-exec-7] INFO  com.capstone.aspect.LoggerAspect - During: class com.capstone.service.accountinfoServiceImpl.getAcountsByCustId() with arguments=[accountinfo [accno=202200011, custid=202200001, branch_name=Bengaluru, ifsc=NATW000123, savingsamount=600000.0], accountinfo [accno=202200012, custid=202200001, branch_name=Bengaluru, ifsc=NATW000123, savingsamount=50000.0]]
2022-10-13 15:49:53 [http-nio-8082-exec-7] INFO  com.capstone.aspect.LoggerAspect - *************************************
2022-10-13 15:49:53 [http-nio-8082-exec-7] INFO  com.capstone.aspect.LoggerAspect - During: class com.capstone.controller.accountinfoController.getsavingsAccount() with arguments=[accountinfo [accno=202200011, custid=202200001, branch_name=Bengaluru, ifsc=NATW000123, savingsamount=600000.0], accountinfo [accno=202200012, custid=202200001, branch_name=Bengaluru, ifsc=NATW000123, savingsamount=50000.0]]
2022-10-13 15:49:53 [http-nio-8082-exec-7] INFO  com.capstone.aspect.LoggerAspect - *************************************
2022-10-13 15:52:06 [http-nio-8082-exec-8] INFO  com.capstone.aspect.LoggerAspect - Method name: com.capstone.controller.accountinfoController
2022-10-13 15:52:06 [http-nio-8082-exec-8] INFO  com.capstone.aspect.LoggerAspect - Method arguments:[Ljava.lang.Object;@692c6756
2022-10-13 15:52:06 [http-nio-8082-exec-8] INFO  com.capstone.aspect.LoggerAspect - *************************************
2022-10-13 15:52:06 [http-nio-8082-exec-8] INFO  com.capstone.aspect.LoggerAspect - Method name: com.capstone.service.accountinfoServiceImpl
2022-10-13 15:52:06 [http-nio-8082-exec-8] INFO  com.capstone.aspect.LoggerAspect - Method arguments:[Ljava.lang.Object;@2a28ba29
2022-10-13 15:52:06 [http-nio-8082-exec-8] INFO  com.capstone.aspect.LoggerAspect - *************************************
2022-10-13 15:52:06 [http-nio-8082-exec-8] INFO  com.capstone.aspect.LoggerAspect - During: class com.capstone.service.accountinfoServiceImpl.getAcountsByCustId() with arguments=[accountinfo [accno=202200011, custid=202200001, branch_name=Bengaluru, ifsc=NATW000123, savingsamount=600000.0], accountinfo [accno=202200012, custid=202200001, branch_name=Bengaluru, ifsc=NATW000123, savingsamount=50000.0]]
2022-10-13 15:52:06 [http-nio-8082-exec-8] INFO  com.capstone.aspect.LoggerAspect - *************************************
2022-10-13 15:52:06 [http-nio-8082-exec-8] INFO  com.capstone.aspect.LoggerAspect - During: class com.capstone.controller.accountinfoController.getsavingsAccount() with arguments=[accountinfo [accno=202200011, custid=202200001, branch_name=Bengaluru, ifsc=NATW000123, savingsamount=600000.0], accountinfo [accno=202200012, custid=202200001, branch_name=Bengaluru, ifsc=NATW000123, savingsamount=50000.0]]
2022-10-13 15:52:06 [http-nio-8082-exec-8] INFO  com.capstone.aspect.LoggerAspect - *************************************
2022-10-13 15:52:47 [http-nio-8082-exec-1] INFO  com.capstone.aspect.LoggerAspect - Method name: com.capstone.controller.accountinfoController
2022-10-13 15:52:47 [http-nio-8082-exec-1] INFO  com.capstone.aspect.LoggerAspect - Method arguments:[Ljava.lang.Object;@62f213cb
2022-10-13 15:52:47 [http-nio-8082-exec-1] INFO  com.capstone.aspect.LoggerAspect - *************************************
2022-10-13 15:52:47 [http-nio-8082-exec-1] INFO  com.capstone.aspect.LoggerAspect - Method name: com.capstone.service.accountinfoServiceImpl
2022-10-13 15:52:47 [http-nio-8082-exec-1] INFO  com.capstone.aspect.LoggerAspect - Method arguments:[Ljava.lang.Object;@57ca2284
2022-10-13 15:52:47 [http-nio-8082-exec-1] INFO  com.capstone.aspect.LoggerAspect - *************************************
2022-10-13 15:52:47 [http-nio-8082-exec-1] INFO  com.capstone.aspect.LoggerAspect - During: class com.capstone.service.accountinfoServiceImpl.getAcountsByCustId() with arguments=[accountinfo [accno=202200011, custid=202200001, branch_name=Bengaluru, ifsc=NATW000123, savingsamount=600000.0], accountinfo [accno=202200012, custid=202200001, branch_name=Bengaluru, ifsc=NATW000123, savingsamount=50000.0]]
2022-10-13 15:52:47 [http-nio-8082-exec-1] INFO  com.capstone.aspect.LoggerAspect - *************************************
2022-10-13 15:52:47 [http-nio-8082-exec-1] INFO  com.capstone.aspect.LoggerAspect - During: class com.capstone.controller.accountinfoController.getsavingsAccount() with arguments=[accountinfo [accno=202200011, custid=202200001, branch_name=Bengaluru, ifsc=NATW000123, savingsamount=600000.0], accountinfo [accno=202200012, custid=202200001, branch_name=Bengaluru, ifsc=NATW000123, savingsamount=50000.0]]
2022-10-13 15:52:47 [http-nio-8082-exec-1] INFO  com.capstone.aspect.LoggerAspect - *************************************
2022-10-13 15:53:19 [http-nio-8082-exec-3] INFO  com.capstone.aspect.LoggerAspect - Method name: com.capstone.controller.accountinfoController
2022-10-13 15:53:19 [http-nio-8082-exec-3] INFO  com.capstone.aspect.LoggerAspect - Method arguments:[Ljava.lang.Object;@21929cc6
2022-10-13 15:53:19 [http-nio-8082-exec-3] INFO  com.capstone.aspect.LoggerAspect - *************************************
2022-10-13 15:53:19 [http-nio-8082-exec-3] INFO  com.capstone.aspect.LoggerAspect - Method name: com.capstone.service.accountinfoServiceImpl
2022-10-13 15:53:19 [http-nio-8082-exec-3] INFO  com.capstone.aspect.LoggerAspect - Method arguments:[Ljava.lang.Object;@38240bc0
2022-10-13 15:53:19 [http-nio-8082-exec-3] INFO  com.capstone.aspect.LoggerAspect - *************************************
2022-10-13 15:53:19 [http-nio-8082-exec-3] INFO  com.capstone.aspect.LoggerAspect - During: class com.capstone.service.accountinfoServiceImpl.getAcountsByCustId() with arguments=[accountinfo [accno=202200011, custid=202200001, branch_name=Bengaluru, ifsc=NATW000123, savingsamount=600000.0], accountinfo [accno=202200012, custid=202200001, branch_name=Bengaluru, ifsc=NATW000123, savingsamount=50000.0]]
2022-10-13 15:53:19 [http-nio-8082-exec-3] INFO  com.capstone.aspect.LoggerAspect - *************************************
2022-10-13 15:53:19 [http-nio-8082-exec-3] INFO  com.capstone.aspect.LoggerAspect - During: class com.capstone.controller.accountinfoController.getsavingsAccount() with arguments=[accountinfo [accno=202200011, custid=202200001, branch_name=Bengaluru, ifsc=NATW000123, savingsamount=600000.0], accountinfo [accno=202200012, custid=202200001, branch_name=Bengaluru, ifsc=NATW000123, savingsamount=50000.0]]
2022-10-13 15:53:19 [http-nio-8082-exec-3] INFO  com.capstone.aspect.LoggerAspect - *************************************
2022-10-13 15:53:34 [http-nio-8082-exec-5] INFO  com.capstone.aspect.LoggerAspect - Method name: com.capstone.controller.accountinfoController
2022-10-13 15:53:34 [http-nio-8082-exec-5] INFO  com.capstone.aspect.LoggerAspect - Method arguments:[Ljava.lang.Object;@6bf6eb4
2022-10-13 15:53:34 [http-nio-8082-exec-5] INFO  com.capstone.aspect.LoggerAspect - *************************************
2022-10-13 15:53:34 [http-nio-8082-exec-5] INFO  com.capstone.aspect.LoggerAspect - Method name: com.capstone.service.accountinfoServiceImpl
2022-10-13 15:53:34 [http-nio-8082-exec-5] INFO  com.capstone.aspect.LoggerAspect - Method arguments:[Ljava.lang.Object;@5d83d42d
2022-10-13 15:53:34 [http-nio-8082-exec-5] INFO  com.capstone.aspect.LoggerAspect - *************************************
2022-10-13 15:53:34 [http-nio-8082-exec-5] INFO  com.capstone.aspect.LoggerAspect - During: class com.capstone.service.accountinfoServiceImpl.getAcountsByCustId() with arguments=[accountinfo [accno=202200011, custid=202200001, branch_name=Bengaluru, ifsc=NATW000123, savingsamount=600000.0], accountinfo [accno=202200012, custid=202200001, branch_name=Bengaluru, ifsc=NATW000123, savingsamount=50000.0]]
2022-10-13 15:53:34 [http-nio-8082-exec-5] INFO  com.capstone.aspect.LoggerAspect - *************************************
2022-10-13 15:53:34 [http-nio-8082-exec-5] INFO  com.capstone.aspect.LoggerAspect - During: class com.capstone.controller.accountinfoController.getsavingsAccount() with arguments=[accountinfo [accno=202200011, custid=202200001, branch_name=Bengaluru, ifsc=NATW000123, savingsamount=600000.0], accountinfo [accno=202200012, custid=202200001, branch_name=Bengaluru, ifsc=NATW000123, savingsamount=50000.0]]
2022-10-13 15:53:34 [http-nio-8082-exec-5] INFO  com.capstone.aspect.LoggerAspect - *************************************
2022-10-13 15:53:36 [http-nio-8082-exec-6] INFO  com.capstone.aspect.LoggerAspect - Method name: com.capstone.controller.accountinfoController
2022-10-13 15:53:36 [http-nio-8082-exec-6] INFO  com.capstone.aspect.LoggerAspect - Method arguments:[Ljava.lang.Object;@158e0785
2022-10-13 15:53:36 [http-nio-8082-exec-6] INFO  com.capstone.aspect.LoggerAspect - *************************************
2022-10-13 15:53:36 [http-nio-8082-exec-6] INFO  com.capstone.aspect.LoggerAspect - Method name: com.capstone.service.accountinfoServiceImpl
2022-10-13 15:53:36 [http-nio-8082-exec-6] INFO  com.capstone.aspect.LoggerAspect - Method arguments:[Ljava.lang.Object;@2422fb26
2022-10-13 15:53:36 [http-nio-8082-exec-6] INFO  com.capstone.aspect.LoggerAspect - *************************************
2022-10-13 15:53:36 [http-nio-8082-exec-6] INFO  com.capstone.aspect.LoggerAspect - During: class com.capstone.service.accountinfoServiceImpl.getAcountsByCustId() with arguments=[accountinfo [accno=202200011, custid=202200001, branch_name=Bengaluru, ifsc=NATW000123, savingsamount=600000.0], accountinfo [accno=202200012, custid=202200001, branch_name=Bengaluru, ifsc=NATW000123, savingsamount=50000.0]]
2022-10-13 15:53:36 [http-nio-8082-exec-6] INFO  com.capstone.aspect.LoggerAspect - *************************************
2022-10-13 15:53:36 [http-nio-8082-exec-6] INFO  com.capstone.aspect.LoggerAspect - During: class com.capstone.controller.accountinfoController.getsavingsAccount() with arguments=[accountinfo [accno=202200011, custid=202200001, branch_name=Bengaluru, ifsc=NATW000123, savingsamount=600000.0], accountinfo [accno=202200012, custid=202200001, branch_name=Bengaluru, ifsc=NATW000123, savingsamount=50000.0]]
2022-10-13 15:53:36 [http-nio-8082-exec-6] INFO  com.capstone.aspect.LoggerAspect - *************************************
2022-10-13 15:53:44 [http-nio-8082-exec-9] INFO  com.capstone.aspect.LoggerAspect - Method name: com.capstone.controller.accountinfoController
2022-10-13 15:53:44 [http-nio-8082-exec-9] INFO  com.capstone.aspect.LoggerAspect - Method arguments:[Ljava.lang.Object;@539205d0
2022-10-13 15:53:44 [http-nio-8082-exec-9] INFO  com.capstone.aspect.LoggerAspect - *************************************
2022-10-13 15:53:44 [http-nio-8082-exec-9] INFO  com.capstone.aspect.LoggerAspect - Method name: com.capstone.service.accountinfoServiceImpl
2022-10-13 15:53:44 [http-nio-8082-exec-9] INFO  com.capstone.aspect.LoggerAspect - Method arguments:[Ljava.lang.Object;@6beae73a
2022-10-13 15:53:44 [http-nio-8082-exec-9] INFO  com.capstone.aspect.LoggerAspect - *************************************
2022-10-13 15:53:44 [http-nio-8082-exec-9] INFO  com.capstone.aspect.LoggerAspect - During: class com.capstone.service.accountinfoServiceImpl.getAcountsByCustId() with arguments=[accountinfo [accno=202200011, custid=202200001, branch_name=Bengaluru, ifsc=NATW000123, savingsamount=600000.0], accountinfo [accno=202200012, custid=202200001, branch_name=Bengaluru, ifsc=NATW000123, savingsamount=50000.0]]
2022-10-13 15:53:44 [http-nio-8082-exec-9] INFO  com.capstone.aspect.LoggerAspect - *************************************
2022-10-13 15:53:44 [http-nio-8082-exec-9] INFO  com.capstone.aspect.LoggerAspect - During: class com.capstone.controller.accountinfoController.getsavingsAccount() with arguments=[accountinfo [accno=202200011, custid=202200001, branch_name=Bengaluru, ifsc=NATW000123, savingsamount=600000.0], accountinfo [accno=202200012, custid=202200001, branch_name=Bengaluru, ifsc=NATW000123, savingsamount=50000.0]]
2022-10-13 15:53:44 [http-nio-8082-exec-9] INFO  com.capstone.aspect.LoggerAspect - *************************************
2022-10-13 15:54:18 [AsyncResolver-bootstrap-executor-0] INFO  c.n.d.s.r.aws.ConfigClusterResolver - Resolving eureka endpoints via configuration
2022-10-13 15:54:35 [http-nio-8082-exec-10] INFO  com.capstone.aspect.LoggerAspect - Method name: com.capstone.controller.accountinfoController
2022-10-13 15:54:35 [http-nio-8082-exec-10] INFO  com.capstone.aspect.LoggerAspect - Method arguments:[Ljava.lang.Object;@5f16e3f7
2022-10-13 15:54:35 [http-nio-8082-exec-10] INFO  com.capstone.aspect.LoggerAspect - *************************************
2022-10-13 15:54:35 [http-nio-8082-exec-10] INFO  com.capstone.aspect.LoggerAspect - Method name: com.capstone.service.accountinfoServiceImpl
2022-10-13 15:54:35 [http-nio-8082-exec-10] INFO  com.capstone.aspect.LoggerAspect - Method arguments:[Ljava.lang.Object;@234ed938
2022-10-13 15:54:35 [http-nio-8082-exec-10] INFO  com.capstone.aspect.LoggerAspect - *************************************
2022-10-13 15:54:35 [http-nio-8082-exec-10] INFO  com.capstone.aspect.LoggerAspect - During: class com.capstone.service.accountinfoServiceImpl.getAcountsByCustId() with arguments=[accountinfo [accno=202200011, custid=202200001, branch_name=Bengaluru, ifsc=NATW000123, savingsamount=600000.0], accountinfo [accno=202200012, custid=202200001, branch_name=Bengaluru, ifsc=NATW000123, savingsamount=50000.0]]
2022-10-13 15:54:35 [http-nio-8082-exec-10] INFO  com.capstone.aspect.LoggerAspect - *************************************
2022-10-13 15:54:35 [http-nio-8082-exec-10] INFO  com.capstone.aspect.LoggerAspect - During: class com.capstone.controller.accountinfoController.getsavingsAccount() with arguments=[accountinfo [accno=202200011, custid=202200001, branch_name=Bengaluru, ifsc=NATW000123, savingsamount=600000.0], accountinfo [accno=202200012, custid=202200001, branch_name=Bengaluru, ifsc=NATW000123, savingsamount=50000.0]]
2022-10-13 15:54:35 [http-nio-8082-exec-10] INFO  com.capstone.aspect.LoggerAspect - *************************************
2022-10-13 15:54:57 [http-nio-8082-exec-2] INFO  com.capstone.aspect.LoggerAspect - Method name: com.capstone.controller.accountinfoController
2022-10-13 15:54:57 [http-nio-8082-exec-2] INFO  com.capstone.aspect.LoggerAspect - Method arguments:[Ljava.lang.Object;@5d8d7a48
2022-10-13 15:54:57 [http-nio-8082-exec-2] INFO  com.capstone.aspect.LoggerAspect - *************************************
2022-10-13 15:54:57 [http-nio-8082-exec-2] INFO  com.capstone.aspect.LoggerAspect - Method name: com.capstone.service.accountinfoServiceImpl
2022-10-13 15:54:57 [http-nio-8082-exec-2] INFO  com.capstone.aspect.LoggerAspect - Method arguments:[Ljava.lang.Object;@24e210fb
2022-10-13 15:54:57 [http-nio-8082-exec-2] INFO  com.capstone.aspect.LoggerAspect - *************************************
2022-10-13 15:54:57 [http-nio-8082-exec-2] INFO  com.capstone.aspect.LoggerAspect - During: class com.capstone.service.accountinfoServiceImpl.getAcountsByCustId() with arguments=[accountinfo [accno=202200011, custid=202200001, branch_name=Bengaluru, ifsc=NATW000123, savingsamount=600000.0], accountinfo [accno=202200012, custid=202200001, branch_name=Bengaluru, ifsc=NATW000123, savingsamount=50000.0]]
2022-10-13 15:54:57 [http-nio-8082-exec-2] INFO  com.capstone.aspect.LoggerAspect - *************************************
2022-10-13 15:54:57 [http-nio-8082-exec-2] INFO  com.capstone.aspect.LoggerAspect - During: class com.capstone.controller.accountinfoController.getsavingsAccount() with arguments=[accountinfo [accno=202200011, custid=202200001, branch_name=Bengaluru, ifsc=NATW000123, savingsamount=600000.0], accountinfo [accno=202200012, custid=202200001, branch_name=Bengaluru, ifsc=NATW000123, savingsamount=50000.0]]
2022-10-13 15:54:57 [http-nio-8082-exec-2] INFO  com.capstone.aspect.LoggerAspect - *************************************
2022-10-13 15:55:47 [http-nio-8082-exec-4] INFO  com.capstone.aspect.LoggerAspect - Method name: com.capstone.controller.accountinfoController
2022-10-13 15:55:47 [http-nio-8082-exec-4] INFO  com.capstone.aspect.LoggerAspect - Method arguments:[Ljava.lang.Object;@d59eaa4
2022-10-13 15:55:47 [http-nio-8082-exec-4] INFO  com.capstone.aspect.LoggerAspect - *************************************
2022-10-13 15:55:47 [http-nio-8082-exec-4] INFO  com.capstone.aspect.LoggerAspect - Method name: com.capstone.service.accountinfoServiceImpl
2022-10-13 15:55:47 [http-nio-8082-exec-4] INFO  com.capstone.aspect.LoggerAspect - Method arguments:[Ljava.lang.Object;@1d52dd18
2022-10-13 15:55:47 [http-nio-8082-exec-4] INFO  com.capstone.aspect.LoggerAspect - *************************************
2022-10-13 15:55:47 [http-nio-8082-exec-4] INFO  com.capstone.aspect.LoggerAspect - During: class com.capstone.service.accountinfoServiceImpl.getAcountsByCustId() with arguments=[accountinfo [accno=202200011, custid=202200001, branch_name=Bengaluru, ifsc=NATW000123, savingsamount=600000.0], accountinfo [accno=202200012, custid=202200001, branch_name=Bengaluru, ifsc=NATW000123, savingsamount=50000.0]]
2022-10-13 15:55:47 [http-nio-8082-exec-4] INFO  com.capstone.aspect.LoggerAspect - *************************************
2022-10-13 15:55:47 [http-nio-8082-exec-4] INFO  com.capstone.aspect.LoggerAspect - During: class com.capstone.controller.accountinfoController.getsavingsAccount() with arguments=[accountinfo [accno=202200011, custid=202200001, branch_name=Bengaluru, ifsc=NATW000123, savingsamount=600000.0], accountinfo [accno=202200012, custid=202200001, branch_name=Bengaluru, ifsc=NATW000123, savingsamount=50000.0]]
2022-10-13 15:55:47 [http-nio-8082-exec-4] INFO  com.capstone.aspect.LoggerAspect - *************************************
2022-10-13 15:57:15 [http-nio-8082-exec-6] INFO  com.capstone.aspect.LoggerAspect - Method name: com.capstone.controller.accountinfoController
2022-10-13 15:57:15 [http-nio-8082-exec-6] INFO  com.capstone.aspect.LoggerAspect - Method arguments:[Ljava.lang.Object;@47c3ae89
2022-10-13 15:57:15 [http-nio-8082-exec-6] INFO  com.capstone.aspect.LoggerAspect - *************************************
2022-10-13 15:57:15 [http-nio-8082-exec-6] INFO  com.capstone.aspect.LoggerAspect - Method name: com.capstone.service.accountinfoServiceImpl
2022-10-13 15:57:15 [http-nio-8082-exec-6] INFO  com.capstone.aspect.LoggerAspect - Method arguments:[Ljava.lang.Object;@11774550
2022-10-13 15:57:15 [http-nio-8082-exec-6] INFO  com.capstone.aspect.LoggerAspect - *************************************
2022-10-13 15:57:15 [http-nio-8082-exec-6] INFO  com.capstone.aspect.LoggerAspect - During: class com.capstone.service.accountinfoServiceImpl.getAcountsByCustId() with arguments=[accountinfo [accno=202200011, custid=202200001, branch_name=Bengaluru, ifsc=NATW000123, savingsamount=600000.0], accountinfo [accno=202200012, custid=202200001, branch_name=Bengaluru, ifsc=NATW000123, savingsamount=50000.0]]
2022-10-13 15:57:15 [http-nio-8082-exec-6] INFO  com.capstone.aspect.LoggerAspect - *************************************
2022-10-13 15:57:15 [http-nio-8082-exec-6] INFO  com.capstone.aspect.LoggerAspect - During: class com.capstone.controller.accountinfoController.getsavingsAccount() with arguments=[accountinfo [accno=202200011, custid=202200001, branch_name=Bengaluru, ifsc=NATW000123, savingsamount=600000.0], accountinfo [accno=202200012, custid=202200001, branch_name=Bengaluru, ifsc=NATW000123, savingsamount=50000.0]]
2022-10-13 15:57:15 [http-nio-8082-exec-6] INFO  com.capstone.aspect.LoggerAspect - *************************************
2022-10-13 15:57:31 [http-nio-8082-exec-9] INFO  com.capstone.aspect.LoggerAspect - Method name: com.capstone.controller.accountinfoController
2022-10-13 15:57:31 [http-nio-8082-exec-9] INFO  com.capstone.aspect.LoggerAspect - Method arguments:[Ljava.lang.Object;@2842f73d
2022-10-13 15:57:31 [http-nio-8082-exec-9] INFO  com.capstone.aspect.LoggerAspect - *************************************
2022-10-13 15:57:31 [http-nio-8082-exec-9] INFO  com.capstone.aspect.LoggerAspect - Method name: com.capstone.service.accountinfoServiceImpl
2022-10-13 15:57:31 [http-nio-8082-exec-9] INFO  com.capstone.aspect.LoggerAspect - Method arguments:[Ljava.lang.Object;@20d172e2
2022-10-13 15:57:31 [http-nio-8082-exec-9] INFO  com.capstone.aspect.LoggerAspect - *************************************
2022-10-13 15:57:31 [http-nio-8082-exec-9] INFO  com.capstone.aspect.LoggerAspect - During: class com.capstone.service.accountinfoServiceImpl.getAcountsByCustId() with arguments=[accountinfo [accno=202200011, custid=202200001, branch_name=Bengaluru, ifsc=NATW000123, savingsamount=600000.0], accountinfo [accno=202200012, custid=202200001, branch_name=Bengaluru, ifsc=NATW000123, savingsamount=50000.0]]
2022-10-13 15:57:31 [http-nio-8082-exec-9] INFO  com.capstone.aspect.LoggerAspect - *************************************
2022-10-13 15:57:31 [http-nio-8082-exec-9] INFO  com.capstone.aspect.LoggerAspect - During: class com.capstone.controller.accountinfoController.getsavingsAccount() with arguments=[accountinfo [accno=202200011, custid=202200001, branch_name=Bengaluru, ifsc=NATW000123, savingsamount=600000.0], accountinfo [accno=202200012, custid=202200001, branch_name=Bengaluru, ifsc=NATW000123, savingsamount=50000.0]]
2022-10-13 15:57:31 [http-nio-8082-exec-9] INFO  com.capstone.aspect.LoggerAspect - *************************************
2022-10-13 15:57:38 [http-nio-8082-exec-8] INFO  com.capstone.aspect.LoggerAspect - Method name: com.capstone.controller.accountinfoController
2022-10-13 15:57:38 [http-nio-8082-exec-8] INFO  com.capstone.aspect.LoggerAspect - Method arguments:[Ljava.lang.Object;@41bcb05c
2022-10-13 15:57:38 [http-nio-8082-exec-8] INFO  com.capstone.aspect.LoggerAspect - *************************************
2022-10-13 15:57:38 [http-nio-8082-exec-8] INFO  com.capstone.aspect.LoggerAspect - Method name: com.capstone.service.accountinfoServiceImpl
2022-10-13 15:57:38 [http-nio-8082-exec-8] INFO  com.capstone.aspect.LoggerAspect - Method arguments:[Ljava.lang.Object;@47e942b4
2022-10-13 15:57:38 [http-nio-8082-exec-8] INFO  com.capstone.aspect.LoggerAspect - *************************************
2022-10-13 15:57:38 [http-nio-8082-exec-8] INFO  com.capstone.aspect.LoggerAspect - During: class com.capstone.service.accountinfoServiceImpl.getAcountsByCustId() with arguments=[accountinfo [accno=202200011, custid=202200001, branch_name=Bengaluru, ifsc=NATW000123, savingsamount=600000.0], accountinfo [accno=202200012, custid=202200001, branch_name=Bengaluru, ifsc=NATW000123, savingsamount=50000.0]]
2022-10-13 15:57:38 [http-nio-8082-exec-8] INFO  com.capstone.aspect.LoggerAspect - *************************************
2022-10-13 15:57:38 [http-nio-8082-exec-8] INFO  com.capstone.aspect.LoggerAspect - During: class com.capstone.controller.accountinfoController.getsavingsAccount() with arguments=[accountinfo [accno=202200011, custid=202200001, branch_name=Bengaluru, ifsc=NATW000123, savingsamount=600000.0], accountinfo [accno=202200012, custid=202200001, branch_name=Bengaluru, ifsc=NATW000123, savingsamount=50000.0]]
2022-10-13 15:57:38 [http-nio-8082-exec-8] INFO  com.capstone.aspect.LoggerAspect - *************************************
2022-10-13 15:57:49 [http-nio-8082-exec-1] INFO  com.capstone.aspect.LoggerAspect - Method name: com.capstone.controller.accountinfoController
2022-10-13 15:57:49 [http-nio-8082-exec-1] INFO  com.capstone.aspect.LoggerAspect - Method arguments:[Ljava.lang.Object;@d085c0c
2022-10-13 15:57:49 [http-nio-8082-exec-1] INFO  com.capstone.aspect.LoggerAspect - *************************************
2022-10-13 15:57:49 [http-nio-8082-exec-1] INFO  com.capstone.aspect.LoggerAspect - Method name: com.capstone.service.accountinfoServiceImpl
2022-10-13 15:57:49 [http-nio-8082-exec-1] INFO  com.capstone.aspect.LoggerAspect - Method arguments:[Ljava.lang.Object;@4a40e408
2022-10-13 15:57:49 [http-nio-8082-exec-1] INFO  com.capstone.aspect.LoggerAspect - *************************************
2022-10-13 15:57:49 [http-nio-8082-exec-1] INFO  com.capstone.aspect.LoggerAspect - During: class com.capstone.service.accountinfoServiceImpl.getAcountsByCustId() with arguments=[accountinfo [accno=202200011, custid=202200001, branch_name=Bengaluru, ifsc=NATW000123, savingsamount=600000.0], accountinfo [accno=202200012, custid=202200001, branch_name=Bengaluru, ifsc=NATW000123, savingsamount=50000.0]]
2022-10-13 15:57:49 [http-nio-8082-exec-1] INFO  com.capstone.aspect.LoggerAspect - *************************************
2022-10-13 15:57:49 [http-nio-8082-exec-1] INFO  com.capstone.aspect.LoggerAspect - During: class com.capstone.controller.accountinfoController.getsavingsAccount() with arguments=[accountinfo [accno=202200011, custid=202200001, branch_name=Bengaluru, ifsc=NATW000123, savingsamount=600000.0], accountinfo [accno=202200012, custid=202200001, branch_name=Bengaluru, ifsc=NATW000123, savingsamount=50000.0]]
2022-10-13 15:57:49 [http-nio-8082-exec-1] INFO  com.capstone.aspect.LoggerAspect - *************************************
2022-10-13 15:58:17 [http-nio-8082-exec-3] INFO  com.capstone.aspect.LoggerAspect - Method name: com.capstone.controller.accountinfoController
2022-10-13 15:58:17 [http-nio-8082-exec-3] INFO  com.capstone.aspect.LoggerAspect - Method arguments:[Ljava.lang.Object;@6bad123d
2022-10-13 15:58:17 [http-nio-8082-exec-3] INFO  com.capstone.aspect.LoggerAspect - *************************************
2022-10-13 15:58:17 [http-nio-8082-exec-3] INFO  com.capstone.aspect.LoggerAspect - Method name: com.capstone.service.accountinfoServiceImpl
2022-10-13 15:58:17 [http-nio-8082-exec-3] INFO  com.capstone.aspect.LoggerAspect - Method arguments:[Ljava.lang.Object;@2714cb62
2022-10-13 15:58:17 [http-nio-8082-exec-3] INFO  com.capstone.aspect.LoggerAspect - *************************************
2022-10-13 15:58:17 [http-nio-8082-exec-3] INFO  com.capstone.aspect.LoggerAspect - During: class com.capstone.service.accountinfoServiceImpl.getAcountsByCustId() with arguments=[accountinfo [accno=202200011, custid=202200001, branch_name=Bengaluru, ifsc=NATW000123, savingsamount=600000.0], accountinfo [accno=202200012, custid=202200001, branch_name=Bengaluru, ifsc=NATW000123, savingsamount=50000.0]]
2022-10-13 15:58:17 [http-nio-8082-exec-3] INFO  com.capstone.aspect.LoggerAspect - *************************************
2022-10-13 15:58:17 [http-nio-8082-exec-3] INFO  com.capstone.aspect.LoggerAspect - During: class com.capstone.controller.accountinfoController.getsavingsAccount() with arguments=[accountinfo [accno=202200011, custid=202200001, branch_name=Bengaluru, ifsc=NATW000123, savingsamount=600000.0], accountinfo [accno=202200012, custid=202200001, branch_name=Bengaluru, ifsc=NATW000123, savingsamount=50000.0]]
2022-10-13 15:58:17 [http-nio-8082-exec-3] INFO  com.capstone.aspect.LoggerAspect - *************************************
2022-10-13 15:58:32 [http-nio-8082-exec-5] INFO  com.capstone.aspect.LoggerAspect - Method name: com.capstone.controller.accountinfoController
2022-10-13 15:58:32 [http-nio-8082-exec-5] INFO  com.capstone.aspect.LoggerAspect - Method arguments:[Ljava.lang.Object;@68e3219d
2022-10-13 15:58:32 [http-nio-8082-exec-5] INFO  com.capstone.aspect.LoggerAspect - *************************************
2022-10-13 15:58:32 [http-nio-8082-exec-5] INFO  com.capstone.aspect.LoggerAspect - Method name: com.capstone.service.accountinfoServiceImpl
2022-10-13 15:58:32 [http-nio-8082-exec-5] INFO  com.capstone.aspect.LoggerAspect - Method arguments:[Ljava.lang.Object;@78b85255
2022-10-13 15:58:32 [http-nio-8082-exec-5] INFO  com.capstone.aspect.LoggerAspect - *************************************
2022-10-13 15:58:32 [http-nio-8082-exec-5] INFO  com.capstone.aspect.LoggerAspect - During: class com.capstone.service.accountinfoServiceImpl.getAcountsByCustId() with arguments=[accountinfo [accno=202200011, custid=202200001, branch_name=Bengaluru, ifsc=NATW000123, savingsamount=600000.0], accountinfo [accno=202200012, custid=202200001, branch_name=Bengaluru, ifsc=NATW000123, savingsamount=50000.0]]
2022-10-13 15:58:32 [http-nio-8082-exec-5] INFO  com.capstone.aspect.LoggerAspect - *************************************
2022-10-13 15:58:32 [http-nio-8082-exec-5] INFO  com.capstone.aspect.LoggerAspect - During: class com.capstone.controller.accountinfoController.getsavingsAccount() with arguments=[accountinfo [accno=202200011, custid=202200001, branch_name=Bengaluru, ifsc=NATW000123, savingsamount=600000.0], accountinfo [accno=202200012, custid=202200001, branch_name=Bengaluru, ifsc=NATW000123, savingsamount=50000.0]]
2022-10-13 15:58:32 [http-nio-8082-exec-5] INFO  com.capstone.aspect.LoggerAspect - *************************************
2022-10-13 15:58:52 [http-nio-8082-exec-9] INFO  com.capstone.aspect.LoggerAspect - Method name: com.capstone.controller.accountinfoController
2022-10-13 15:58:52 [http-nio-8082-exec-9] INFO  com.capstone.aspect.LoggerAspect - Method arguments:[Ljava.lang.Object;@69b7f03e
2022-10-13 15:58:52 [http-nio-8082-exec-9] INFO  com.capstone.aspect.LoggerAspect - *************************************
2022-10-13 15:58:52 [http-nio-8082-exec-9] INFO  com.capstone.aspect.LoggerAspect - Method name: com.capstone.service.accountinfoServiceImpl
2022-10-13 15:58:52 [http-nio-8082-exec-9] INFO  com.capstone.aspect.LoggerAspect - Method arguments:[Ljava.lang.Object;@8b67a1f
2022-10-13 15:58:52 [http-nio-8082-exec-9] INFO  com.capstone.aspect.LoggerAspect - *************************************
2022-10-13 15:58:52 [http-nio-8082-exec-9] INFO  com.capstone.aspect.LoggerAspect - During: class com.capstone.service.accountinfoServiceImpl.getAcountsByCustId() with arguments=[accountinfo [accno=202200051, custid=202200005, branch_name=Bengaluru, ifsc=NATW000123, savingsamount=3128.0], accountinfo [accno=202200053, custid=202200005, branch_name=Bengaluru, ifsc=NATW000123, savingsamount=150000.0]]
2022-10-13 15:58:52 [http-nio-8082-exec-9] INFO  com.capstone.aspect.LoggerAspect - *************************************
2022-10-13 15:58:52 [http-nio-8082-exec-9] INFO  com.capstone.aspect.LoggerAspect - During: class com.capstone.controller.accountinfoController.getsavingsAccount() with arguments=[accountinfo [accno=202200051, custid=202200005, branch_name=Bengaluru, ifsc=NATW000123, savingsamount=3128.0], accountinfo [accno=202200053, custid=202200005, branch_name=Bengaluru, ifsc=NATW000123, savingsamount=150000.0]]
2022-10-13 15:58:52 [http-nio-8082-exec-9] INFO  com.capstone.aspect.LoggerAspect - *************************************
2022-10-13 15:59:01 [http-nio-8082-exec-8] INFO  com.capstone.aspect.LoggerAspect - Method name: com.capstone.controller.accountinfoController
2022-10-13 15:59:01 [http-nio-8082-exec-8] INFO  com.capstone.aspect.LoggerAspect - Method arguments:[Ljava.lang.Object;@39ae090a
2022-10-13 15:59:01 [http-nio-8082-exec-8] INFO  com.capstone.aspect.LoggerAspect - *************************************
2022-10-13 15:59:01 [http-nio-8082-exec-8] INFO  com.capstone.aspect.LoggerAspect - Method name: com.capstone.service.accountinfoServiceImpl
2022-10-13 15:59:01 [http-nio-8082-exec-8] INFO  com.capstone.aspect.LoggerAspect - Method arguments:[Ljava.lang.Object;@50370214
2022-10-13 15:59:01 [http-nio-8082-exec-8] INFO  com.capstone.aspect.LoggerAspect - *************************************
2022-10-13 15:59:01 [http-nio-8082-exec-8] INFO  com.capstone.aspect.LoggerAspect - During: class com.capstone.service.accountinfoServiceImpl.getAcountsByCustId() with arguments=[accountinfo [accno=202200051, custid=202200005, branch_name=Bengaluru, ifsc=NATW000123, savingsamount=3128.0], accountinfo [accno=202200053, custid=202200005, branch_name=Bengaluru, ifsc=NATW000123, savingsamount=150000.0]]
2022-10-13 15:59:01 [http-nio-8082-exec-8] INFO  com.capstone.aspect.LoggerAspect - *************************************
2022-10-13 15:59:01 [http-nio-8082-exec-8] INFO  com.capstone.aspect.LoggerAspect - During: class com.capstone.controller.accountinfoController.getsavingsAccount() with arguments=[accountinfo [accno=202200051, custid=202200005, branch_name=Bengaluru, ifsc=NATW000123, savingsamount=3128.0], accountinfo [accno=202200053, custid=202200005, branch_name=Bengaluru, ifsc=NATW000123, savingsamount=150000.0]]
2022-10-13 15:59:01 [http-nio-8082-exec-8] INFO  com.capstone.aspect.LoggerAspect - *************************************
2022-10-13 15:59:18 [AsyncResolver-bootstrap-executor-0] INFO  c.n.d.s.r.aws.ConfigClusterResolver - Resolving eureka endpoints via configuration
2022-10-13 15:59:48 [http-nio-8082-exec-1] INFO  com.capstone.aspect.LoggerAspect - Method name: com.capstone.controller.accountinfoController
2022-10-13 15:59:48 [http-nio-8082-exec-1] INFO  com.capstone.aspect.LoggerAspect - Method arguments:[Ljava.lang.Object;@852991e
2022-10-13 15:59:48 [http-nio-8082-exec-1] INFO  com.capstone.aspect.LoggerAspect - *************************************
2022-10-13 15:59:48 [http-nio-8082-exec-1] INFO  com.capstone.aspect.LoggerAspect - Method name: com.capstone.service.accountinfoServiceImpl
2022-10-13 15:59:48 [http-nio-8082-exec-1] INFO  com.capstone.aspect.LoggerAspect - Method arguments:[Ljava.lang.Object;@24dff76
2022-10-13 15:59:48 [http-nio-8082-exec-1] INFO  com.capstone.aspect.LoggerAspect - *************************************
2022-10-13 15:59:48 [http-nio-8082-exec-1] INFO  com.capstone.aspect.LoggerAspect - During: class com.capstone.service.accountinfoServiceImpl.getAcountsByCustId() with arguments=[accountinfo [accno=202200051, custid=202200005, branch_name=Bengaluru, ifsc=NATW000123, savingsamount=3128.0], accountinfo [accno=202200053, custid=202200005, branch_name=Bengaluru, ifsc=NATW000123, savingsamount=150000.0]]
2022-10-13 15:59:48 [http-nio-8082-exec-1] INFO  com.capstone.aspect.LoggerAspect - *************************************
2022-10-13 15:59:48 [http-nio-8082-exec-1] INFO  com.capstone.aspect.LoggerAspect - During: class com.capstone.controller.accountinfoController.getsavingsAccount() with arguments=[accountinfo [accno=202200051, custid=202200005, branch_name=Bengaluru, ifsc=NATW000123, savingsamount=3128.0], accountinfo [accno=202200053, custid=202200005, branch_name=Bengaluru, ifsc=NATW000123, savingsamount=150000.0]]
2022-10-13 15:59:48 [http-nio-8082-exec-1] INFO  com.capstone.aspect.LoggerAspect - *************************************
2022-10-13 16:00:19 [http-nio-8082-exec-2] INFO  com.capstone.aspect.LoggerAspect - Method name: com.capstone.controller.accountinfoController
2022-10-13 16:00:19 [http-nio-8082-exec-2] INFO  com.capstone.aspect.LoggerAspect - Method arguments:[Ljava.lang.Object;@10b8e87a
2022-10-13 16:00:19 [http-nio-8082-exec-2] INFO  com.capstone.aspect.LoggerAspect - *************************************
2022-10-13 16:00:19 [http-nio-8082-exec-2] INFO  com.capstone.aspect.LoggerAspect - Method name: com.capstone.service.accountinfoServiceImpl
2022-10-13 16:00:19 [http-nio-8082-exec-2] INFO  com.capstone.aspect.LoggerAspect - Method arguments:[Ljava.lang.Object;@15a69004
2022-10-13 16:00:19 [http-nio-8082-exec-2] INFO  com.capstone.aspect.LoggerAspect - *************************************
2022-10-13 16:00:19 [http-nio-8082-exec-2] INFO  com.capstone.aspect.LoggerAspect - During: class com.capstone.service.accountinfoServiceImpl.getAcountsByCustId() with arguments=[accountinfo [accno=202200051, custid=202200005, branch_name=Bengaluru, ifsc=NATW000123, savingsamount=3128.0], accountinfo [accno=202200053, custid=202200005, branch_name=Bengaluru, ifsc=NATW000123, savingsamount=150000.0]]
2022-10-13 16:00:19 [http-nio-8082-exec-2] INFO  com.capstone.aspect.LoggerAspect - *************************************
2022-10-13 16:00:19 [http-nio-8082-exec-2] INFO  com.capstone.aspect.LoggerAspect - During: class com.capstone.controller.accountinfoController.getsavingsAccount() with arguments=[accountinfo [accno=202200051, custid=202200005, branch_name=Bengaluru, ifsc=NATW000123, savingsamount=3128.0], accountinfo [accno=202200053, custid=202200005, branch_name=Bengaluru, ifsc=NATW000123, savingsamount=150000.0]]
2022-10-13 16:00:19 [http-nio-8082-exec-2] INFO  com.capstone.aspect.LoggerAspect - *************************************
2022-10-13 16:00:22 [http-nio-8082-exec-4] INFO  com.capstone.aspect.LoggerAspect - Method name: com.capstone.controller.accountinfoController
2022-10-13 16:00:22 [http-nio-8082-exec-4] INFO  com.capstone.aspect.LoggerAspect - Method arguments:[Ljava.lang.Object;@bacfe29
2022-10-13 16:00:22 [http-nio-8082-exec-4] INFO  com.capstone.aspect.LoggerAspect - *************************************
2022-10-13 16:00:22 [http-nio-8082-exec-4] INFO  com.capstone.aspect.LoggerAspect - Method name: com.capstone.service.accountinfoServiceImpl
2022-10-13 16:00:22 [http-nio-8082-exec-4] INFO  com.capstone.aspect.LoggerAspect - Method arguments:[Ljava.lang.Object;@43152cc
2022-10-13 16:00:22 [http-nio-8082-exec-4] INFO  com.capstone.aspect.LoggerAspect - *************************************
2022-10-13 16:00:22 [http-nio-8082-exec-4] INFO  com.capstone.aspect.LoggerAspect - During: class com.capstone.service.accountinfoServiceImpl.getAcountsByCustId() with arguments=[accountinfo [accno=202200051, custid=202200005, branch_name=Bengaluru, ifsc=NATW000123, savingsamount=3128.0], accountinfo [accno=202200053, custid=202200005, branch_name=Bengaluru, ifsc=NATW000123, savingsamount=150000.0]]
2022-10-13 16:00:22 [http-nio-8082-exec-4] INFO  com.capstone.aspect.LoggerAspect - *************************************
2022-10-13 16:00:22 [http-nio-8082-exec-4] INFO  com.capstone.aspect.LoggerAspect - During: class com.capstone.controller.accountinfoController.getsavingsAccount() with arguments=[accountinfo [accno=202200051, custid=202200005, branch_name=Bengaluru, ifsc=NATW000123, savingsamount=3128.0], accountinfo [accno=202200053, custid=202200005, branch_name=Bengaluru, ifsc=NATW000123, savingsamount=150000.0]]
2022-10-13 16:00:22 [http-nio-8082-exec-4] INFO  com.capstone.aspect.LoggerAspect - *************************************
2022-10-13 16:01:19 [http-nio-8082-exec-6] INFO  com.capstone.aspect.LoggerAspect - Method name: com.capstone.controller.accountinfoController
2022-10-13 16:01:19 [http-nio-8082-exec-6] INFO  com.capstone.aspect.LoggerAspect - Method arguments:[Ljava.lang.Object;@66387e71
2022-10-13 16:01:19 [http-nio-8082-exec-6] INFO  com.capstone.aspect.LoggerAspect - *************************************
2022-10-13 16:01:19 [http-nio-8082-exec-6] INFO  com.capstone.aspect.LoggerAspect - Method name: com.capstone.service.accountinfoServiceImpl
2022-10-13 16:01:19 [http-nio-8082-exec-6] INFO  com.capstone.aspect.LoggerAspect - Method arguments:[Ljava.lang.Object;@74da3ba1
2022-10-13 16:01:19 [http-nio-8082-exec-6] INFO  com.capstone.aspect.LoggerAspect - *************************************
2022-10-13 16:01:19 [http-nio-8082-exec-6] INFO  com.capstone.aspect.LoggerAspect - During: class com.capstone.service.accountinfoServiceImpl.getAcountsByCustId() with arguments=[accountinfo [accno=202200051, custid=202200005, branch_name=Bengaluru, ifsc=NATW000123, savingsamount=3128.0], accountinfo [accno=202200053, custid=202200005, branch_name=Bengaluru, ifsc=NATW000123, savingsamount=150000.0]]
2022-10-13 16:01:19 [http-nio-8082-exec-6] INFO  com.capstone.aspect.LoggerAspect - *************************************
2022-10-13 16:01:19 [http-nio-8082-exec-6] INFO  com.capstone.aspect.LoggerAspect - During: class com.capstone.controller.accountinfoController.getsavingsAccount() with arguments=[accountinfo [accno=202200051, custid=202200005, branch_name=Bengaluru, ifsc=NATW000123, savingsamount=3128.0], accountinfo [accno=202200053, custid=202200005, branch_name=Bengaluru, ifsc=NATW000123, savingsamount=150000.0]]
2022-10-13 16:01:19 [http-nio-8082-exec-6] INFO  com.capstone.aspect.LoggerAspect - *************************************
2022-10-13 16:01:22 [http-nio-8082-exec-9] INFO  com.capstone.aspect.LoggerAspect - Method name: com.capstone.controller.accountinfoController
2022-10-13 16:01:22 [http-nio-8082-exec-9] INFO  com.capstone.aspect.LoggerAspect - Method arguments:[Ljava.lang.Object;@7f60bdb2
2022-10-13 16:01:22 [http-nio-8082-exec-9] INFO  com.capstone.aspect.LoggerAspect - *************************************
2022-10-13 16:01:22 [http-nio-8082-exec-9] INFO  com.capstone.aspect.LoggerAspect - Method name: com.capstone.service.accountinfoServiceImpl
2022-10-13 16:01:22 [http-nio-8082-exec-9] INFO  com.capstone.aspect.LoggerAspect - Method arguments:[Ljava.lang.Object;@6e0d0125
2022-10-13 16:01:22 [http-nio-8082-exec-9] INFO  com.capstone.aspect.LoggerAspect - *************************************
2022-10-13 16:01:22 [http-nio-8082-exec-9] INFO  com.capstone.aspect.LoggerAspect - During: class com.capstone.service.accountinfoServiceImpl.getAcountsByCustId() with arguments=[accountinfo [accno=202200051, custid=202200005, branch_name=Bengaluru, ifsc=NATW000123, savingsamount=3128.0], accountinfo [accno=202200053, custid=202200005, branch_name=Bengaluru, ifsc=NATW000123, savingsamount=150000.0]]
2022-10-13 16:01:22 [http-nio-8082-exec-9] INFO  com.capstone.aspect.LoggerAspect - *************************************
2022-10-13 16:01:22 [http-nio-8082-exec-9] INFO  com.capstone.aspect.LoggerAspect - During: class com.capstone.controller.accountinfoController.getsavingsAccount() with arguments=[accountinfo [accno=202200051, custid=202200005, branch_name=Bengaluru, ifsc=NATW000123, savingsamount=3128.0], accountinfo [accno=202200053, custid=202200005, branch_name=Bengaluru, ifsc=NATW000123, savingsamount=150000.0]]
2022-10-13 16:01:22 [http-nio-8082-exec-9] INFO  com.capstone.aspect.LoggerAspect - *************************************
2022-10-13 16:03:39 [http-nio-8082-exec-10] INFO  com.capstone.aspect.LoggerAspect - Method name: com.capstone.controller.accountinfoController
2022-10-13 16:03:39 [http-nio-8082-exec-10] INFO  com.capstone.aspect.LoggerAspect - Method arguments:[Ljava.lang.Object;@567f293b
2022-10-13 16:03:39 [http-nio-8082-exec-10] INFO  com.capstone.aspect.LoggerAspect - *************************************
2022-10-13 16:03:39 [http-nio-8082-exec-10] INFO  com.capstone.aspect.LoggerAspect - Method name: com.capstone.service.accountinfoServiceImpl
2022-10-13 16:03:39 [http-nio-8082-exec-10] INFO  com.capstone.aspect.LoggerAspect - Method arguments:[Ljava.lang.Object;@596e25aa
2022-10-13 16:03:39 [http-nio-8082-exec-10] INFO  com.capstone.aspect.LoggerAspect - *************************************
2022-10-13 16:03:39 [http-nio-8082-exec-10] INFO  com.capstone.aspect.LoggerAspect - During: class com.capstone.service.accountinfoServiceImpl.getAcountsByCustId() with arguments=[accountinfo [accno=202200051, custid=202200005, branch_name=Bengaluru, ifsc=NATW000123, savingsamount=3128.0], accountinfo [accno=202200053, custid=202200005, branch_name=Bengaluru, ifsc=NATW000123, savingsamount=150000.0]]
2022-10-13 16:03:39 [http-nio-8082-exec-10] INFO  com.capstone.aspect.LoggerAspect - *************************************
2022-10-13 16:03:39 [http-nio-8082-exec-10] INFO  com.capstone.aspect.LoggerAspect - During: class com.capstone.controller.accountinfoController.getsavingsAccount() with arguments=[accountinfo [accno=202200051, custid=202200005, branch_name=Bengaluru, ifsc=NATW000123, savingsamount=3128.0], accountinfo [accno=202200053, custid=202200005, branch_name=Bengaluru, ifsc=NATW000123, savingsamount=150000.0]]
2022-10-13 16:03:39 [http-nio-8082-exec-10] INFO  com.capstone.aspect.LoggerAspect - *************************************
2022-10-13 16:03:42 [http-nio-8082-exec-2] INFO  com.capstone.aspect.LoggerAspect - Method name: com.capstone.controller.accountinfoController
2022-10-13 16:03:42 [http-nio-8082-exec-2] INFO  com.capstone.aspect.LoggerAspect - Method arguments:[Ljava.lang.Object;@17b653ff
2022-10-13 16:03:42 [http-nio-8082-exec-2] INFO  com.capstone.aspect.LoggerAspect - *************************************
2022-10-13 16:03:42 [http-nio-8082-exec-2] INFO  com.capstone.aspect.LoggerAspect - Method name: com.capstone.service.accountinfoServiceImpl
2022-10-13 16:03:42 [http-nio-8082-exec-2] INFO  com.capstone.aspect.LoggerAspect - Method arguments:[Ljava.lang.Object;@1f3f761f
2022-10-13 16:03:42 [http-nio-8082-exec-2] INFO  com.capstone.aspect.LoggerAspect - *************************************
2022-10-13 16:03:42 [http-nio-8082-exec-2] INFO  com.capstone.aspect.LoggerAspect - During: class com.capstone.service.accountinfoServiceImpl.getAcountsByCustId() with arguments=[accountinfo [accno=202200051, custid=202200005, branch_name=Bengaluru, ifsc=NATW000123, savingsamount=3128.0], accountinfo [accno=202200053, custid=202200005, branch_name=Bengaluru, ifsc=NATW000123, savingsamount=150000.0]]
2022-10-13 16:03:42 [http-nio-8082-exec-2] INFO  com.capstone.aspect.LoggerAspect - *************************************
2022-10-13 16:03:42 [http-nio-8082-exec-2] INFO  com.capstone.aspect.LoggerAspect - During: class com.capstone.controller.accountinfoController.getsavingsAccount() with arguments=[accountinfo [accno=202200051, custid=202200005, branch_name=Bengaluru, ifsc=NATW000123, savingsamount=3128.0], accountinfo [accno=202200053, custid=202200005, branch_name=Bengaluru, ifsc=NATW000123, savingsamount=150000.0]]
2022-10-13 16:03:42 [http-nio-8082-exec-2] INFO  com.capstone.aspect.LoggerAspect - *************************************
2022-10-13 16:04:18 [AsyncResolver-bootstrap-executor-0] INFO  c.n.d.s.r.aws.ConfigClusterResolver - Resolving eureka endpoints via configuration
2022-10-13 16:06:14 [http-nio-8082-exec-4] INFO  com.capstone.aspect.LoggerAspect - Method name: com.capstone.controller.accountinfoController
2022-10-13 16:06:14 [http-nio-8082-exec-4] INFO  com.capstone.aspect.LoggerAspect - Method arguments:[Ljava.lang.Object;@1d26cc75
2022-10-13 16:06:14 [http-nio-8082-exec-4] INFO  com.capstone.aspect.LoggerAspect - *************************************
2022-10-13 16:06:14 [http-nio-8082-exec-4] INFO  com.capstone.aspect.LoggerAspect - Method name: com.capstone.service.accountinfoServiceImpl
2022-10-13 16:06:14 [http-nio-8082-exec-4] INFO  com.capstone.aspect.LoggerAspect - Method arguments:[Ljava.lang.Object;@7ee5b8bc
2022-10-13 16:06:14 [http-nio-8082-exec-4] INFO  com.capstone.aspect.LoggerAspect - *************************************
2022-10-13 16:06:14 [http-nio-8082-exec-4] INFO  com.capstone.aspect.LoggerAspect - During: class com.capstone.service.accountinfoServiceImpl.getAcountsByCustId() with arguments=[accountinfo [accno=202200051, custid=202200005, branch_name=Bengaluru, ifsc=NATW000123, savingsamount=3128.0], accountinfo [accno=202200053, custid=202200005, branch_name=Bengaluru, ifsc=NATW000123, savingsamount=150000.0]]
2022-10-13 16:06:14 [http-nio-8082-exec-4] INFO  com.capstone.aspect.LoggerAspect - *************************************
2022-10-13 16:06:14 [http-nio-8082-exec-4] INFO  com.capstone.aspect.LoggerAspect - During: class com.capstone.controller.accountinfoController.getsavingsAccount() with arguments=[accountinfo [accno=202200051, custid=202200005, branch_name=Bengaluru, ifsc=NATW000123, savingsamount=3128.0], accountinfo [accno=202200053, custid=202200005, branch_name=Bengaluru, ifsc=NATW000123, savingsamount=150000.0]]
2022-10-13 16:06:14 [http-nio-8082-exec-4] INFO  com.capstone.aspect.LoggerAspect - *************************************
2022-10-13 16:07:25 [http-nio-8082-exec-6] INFO  com.capstone.aspect.LoggerAspect - Method name: com.capstone.controller.accountinfoController
2022-10-13 16:07:25 [http-nio-8082-exec-6] INFO  com.capstone.aspect.LoggerAspect - Method arguments:[Ljava.lang.Object;@279d1704
2022-10-13 16:07:25 [http-nio-8082-exec-6] INFO  com.capstone.aspect.LoggerAspect - *************************************
2022-10-13 16:07:25 [http-nio-8082-exec-6] INFO  com.capstone.aspect.LoggerAspect - Method name: com.capstone.service.accountinfoServiceImpl
2022-10-13 16:07:25 [http-nio-8082-exec-6] INFO  com.capstone.aspect.LoggerAspect - Method arguments:[Ljava.lang.Object;@de5f60f
2022-10-13 16:07:25 [http-nio-8082-exec-6] INFO  com.capstone.aspect.LoggerAspect - *************************************
2022-10-13 16:07:25 [http-nio-8082-exec-6] INFO  com.capstone.aspect.LoggerAspect - During: class com.capstone.service.accountinfoServiceImpl.getAcountsByCustId() with arguments=[accountinfo [accno=202200051, custid=202200005, branch_name=Bengaluru, ifsc=NATW000123, savingsamount=3128.0], accountinfo [accno=202200053, custid=202200005, branch_name=Bengaluru, ifsc=NATW000123, savingsamount=150000.0]]
2022-10-13 16:07:25 [http-nio-8082-exec-6] INFO  com.capstone.aspect.LoggerAspect - *************************************
2022-10-13 16:07:25 [http-nio-8082-exec-6] INFO  com.capstone.aspect.LoggerAspect - During: class com.capstone.controller.accountinfoController.getsavingsAccount() with arguments=[accountinfo [accno=202200051, custid=202200005, branch_name=Bengaluru, ifsc=NATW000123, savingsamount=3128.0], accountinfo [accno=202200053, custid=202200005, branch_name=Bengaluru, ifsc=NATW000123, savingsamount=150000.0]]
2022-10-13 16:07:25 [http-nio-8082-exec-6] INFO  com.capstone.aspect.LoggerAspect - *************************************
2022-10-13 16:07:59 [http-nio-8082-exec-9] INFO  com.capstone.aspect.LoggerAspect - Method name: com.capstone.controller.accountinfoController
2022-10-13 16:07:59 [http-nio-8082-exec-9] INFO  com.capstone.aspect.LoggerAspect - Method arguments:[Ljava.lang.Object;@397a1501
2022-10-13 16:07:59 [http-nio-8082-exec-9] INFO  com.capstone.aspect.LoggerAspect - *************************************
2022-10-13 16:07:59 [http-nio-8082-exec-9] INFO  com.capstone.aspect.LoggerAspect - Method name: com.capstone.service.accountinfoServiceImpl
2022-10-13 16:07:59 [http-nio-8082-exec-9] INFO  com.capstone.aspect.LoggerAspect - Method arguments:[Ljava.lang.Object;@17cb848
2022-10-13 16:07:59 [http-nio-8082-exec-9] INFO  com.capstone.aspect.LoggerAspect - *************************************
2022-10-13 16:07:59 [http-nio-8082-exec-9] INFO  com.capstone.aspect.LoggerAspect - During: class com.capstone.service.accountinfoServiceImpl.getAcountsByCustId() with arguments=[accountinfo [accno=202200051, custid=202200005, branch_name=Bengaluru, ifsc=NATW000123, savingsamount=3128.0], accountinfo [accno=202200053, custid=202200005, branch_name=Bengaluru, ifsc=NATW000123, savingsamount=150000.0]]
2022-10-13 16:07:59 [http-nio-8082-exec-9] INFO  com.capstone.aspect.LoggerAspect - *************************************
2022-10-13 16:07:59 [http-nio-8082-exec-9] INFO  com.capstone.aspect.LoggerAspect - During: class com.capstone.controller.accountinfoController.getsavingsAccount() with arguments=[accountinfo [accno=202200051, custid=202200005, branch_name=Bengaluru, ifsc=NATW000123, savingsamount=3128.0], accountinfo [accno=202200053, custid=202200005, branch_name=Bengaluru, ifsc=NATW000123, savingsamount=150000.0]]
2022-10-13 16:07:59 [http-nio-8082-exec-9] INFO  com.capstone.aspect.LoggerAspect - *************************************
2022-10-13 16:08:06 [http-nio-8082-exec-10] INFO  com.capstone.aspect.LoggerAspect - Method name: com.capstone.controller.accountinfoController
2022-10-13 16:08:06 [http-nio-8082-exec-10] INFO  com.capstone.aspect.LoggerAspect - Method arguments:[Ljava.lang.Object;@1f5f83d0
2022-10-13 16:08:06 [http-nio-8082-exec-10] INFO  com.capstone.aspect.LoggerAspect - *************************************
2022-10-13 16:08:06 [http-nio-8082-exec-10] INFO  com.capstone.aspect.LoggerAspect - Method name: com.capstone.service.accountinfoServiceImpl
2022-10-13 16:08:06 [http-nio-8082-exec-10] INFO  com.capstone.aspect.LoggerAspect - Method arguments:[Ljava.lang.Object;@326661b5
2022-10-13 16:08:06 [http-nio-8082-exec-10] INFO  com.capstone.aspect.LoggerAspect - *************************************
2022-10-13 16:08:06 [http-nio-8082-exec-10] INFO  com.capstone.aspect.LoggerAspect - During: class com.capstone.service.accountinfoServiceImpl.getAcountsByCustId() with arguments=[accountinfo [accno=202200051, custid=202200005, branch_name=Bengaluru, ifsc=NATW000123, savingsamount=3128.0], accountinfo [accno=202200053, custid=202200005, branch_name=Bengaluru, ifsc=NATW000123, savingsamount=150000.0]]
2022-10-13 16:08:06 [http-nio-8082-exec-10] INFO  com.capstone.aspect.LoggerAspect - *************************************
2022-10-13 16:08:06 [http-nio-8082-exec-10] INFO  com.capstone.aspect.LoggerAspect - During: class com.capstone.controller.accountinfoController.getsavingsAccount() with arguments=[accountinfo [accno=202200051, custid=202200005, branch_name=Bengaluru, ifsc=NATW000123, savingsamount=3128.0], accountinfo [accno=202200053, custid=202200005, branch_name=Bengaluru, ifsc=NATW000123, savingsamount=150000.0]]
2022-10-13 16:08:06 [http-nio-8082-exec-10] INFO  com.capstone.aspect.LoggerAspect - *************************************
2022-10-13 16:09:18 [AsyncResolver-bootstrap-executor-0] INFO  c.n.d.s.r.aws.ConfigClusterResolver - Resolving eureka endpoints via configuration
2022-10-13 16:14:18 [AsyncResolver-bootstrap-executor-0] INFO  c.n.d.s.r.aws.ConfigClusterResolver - Resolving eureka endpoints via configuration
2022-10-13 16:14:19 [http-nio-8082-exec-2] INFO  com.capstone.aspect.LoggerAspect - Method name: com.capstone.controller.accountinfoController
2022-10-13 16:14:19 [http-nio-8082-exec-2] INFO  com.capstone.aspect.LoggerAspect - Method arguments:[Ljava.lang.Object;@69472b8f
2022-10-13 16:14:19 [http-nio-8082-exec-2] INFO  com.capstone.aspect.LoggerAspect - *************************************
2022-10-13 16:14:19 [http-nio-8082-exec-2] INFO  com.capstone.aspect.LoggerAspect - Method name: com.capstone.service.accountinfoServiceImpl
2022-10-13 16:14:19 [http-nio-8082-exec-2] INFO  com.capstone.aspect.LoggerAspect - Method arguments:[Ljava.lang.Object;@1be0688c
2022-10-13 16:14:19 [http-nio-8082-exec-2] INFO  com.capstone.aspect.LoggerAspect - *************************************
2022-10-13 16:14:19 [http-nio-8082-exec-2] INFO  com.capstone.aspect.LoggerAspect - During: class com.capstone.service.accountinfoServiceImpl.getAcountsByCustId() with arguments=[accountinfo [accno=202200051, custid=202200005, branch_name=Bengaluru, ifsc=NATW000123, savingsamount=3128.0], accountinfo [accno=202200053, custid=202200005, branch_name=Bengaluru, ifsc=NATW000123, savingsamount=150000.0]]
2022-10-13 16:14:19 [http-nio-8082-exec-2] INFO  com.capstone.aspect.LoggerAspect - *************************************
2022-10-13 16:14:19 [http-nio-8082-exec-2] INFO  com.capstone.aspect.LoggerAspect - During: class com.capstone.controller.accountinfoController.getsavingsAccount() with arguments=[accountinfo [accno=202200051, custid=202200005, branch_name=Bengaluru, ifsc=NATW000123, savingsamount=3128.0], accountinfo [accno=202200053, custid=202200005, branch_name=Bengaluru, ifsc=NATW000123, savingsamount=150000.0]]
2022-10-13 16:14:19 [http-nio-8082-exec-2] INFO  com.capstone.aspect.LoggerAspect - *************************************
2022-10-13 16:15:18 [http-nio-8082-exec-4] INFO  com.capstone.aspect.LoggerAspect - Method name: com.capstone.controller.accountinfoController
2022-10-13 16:15:18 [http-nio-8082-exec-4] INFO  com.capstone.aspect.LoggerAspect - Method arguments:[Ljava.lang.Object;@5310ac47
2022-10-13 16:15:18 [http-nio-8082-exec-4] INFO  com.capstone.aspect.LoggerAspect - *************************************
2022-10-13 16:15:18 [http-nio-8082-exec-4] INFO  com.capstone.aspect.LoggerAspect - Method name: com.capstone.service.accountinfoServiceImpl
2022-10-13 16:15:19 [http-nio-8082-exec-4] INFO  com.capstone.aspect.LoggerAspect - Method arguments:[Ljava.lang.Object;@12441293
2022-10-13 16:15:19 [http-nio-8082-exec-4] INFO  com.capstone.aspect.LoggerAspect - *************************************
2022-10-13 16:15:19 [http-nio-8082-exec-4] INFO  com.capstone.aspect.LoggerAspect - During: class com.capstone.service.accountinfoServiceImpl.getAcountsByCustId() with arguments=[accountinfo [accno=202200051, custid=202200005, branch_name=Bengaluru, ifsc=NATW000123, savingsamount=3128.0], accountinfo [accno=202200053, custid=202200005, branch_name=Bengaluru, ifsc=NATW000123, savingsamount=150000.0]]
2022-10-13 16:15:19 [http-nio-8082-exec-4] INFO  com.capstone.aspect.LoggerAspect - *************************************
2022-10-13 16:15:19 [http-nio-8082-exec-4] INFO  com.capstone.aspect.LoggerAspect - During: class com.capstone.controller.accountinfoController.getsavingsAccount() with arguments=[accountinfo [accno=202200051, custid=202200005, branch_name=Bengaluru, ifsc=NATW000123, savingsamount=3128.0], accountinfo [accno=202200053, custid=202200005, branch_name=Bengaluru, ifsc=NATW000123, savingsamount=150000.0]]
2022-10-13 16:15:19 [http-nio-8082-exec-4] INFO  com.capstone.aspect.LoggerAspect - *************************************
2022-10-13 16:17:33 [http-nio-8082-exec-6] INFO  com.capstone.aspect.LoggerAspect - Method name: com.capstone.controller.accountinfoController
2022-10-13 16:17:33 [http-nio-8082-exec-6] INFO  com.capstone.aspect.LoggerAspect - Method arguments:[Ljava.lang.Object;@51e28441
2022-10-13 16:17:33 [http-nio-8082-exec-6] INFO  com.capstone.aspect.LoggerAspect - *************************************
2022-10-13 16:17:33 [http-nio-8082-exec-6] INFO  com.capstone.aspect.LoggerAspect - Method name: com.capstone.service.accountinfoServiceImpl
2022-10-13 16:17:33 [http-nio-8082-exec-6] INFO  com.capstone.aspect.LoggerAspect - Method arguments:[Ljava.lang.Object;@63a3e686
2022-10-13 16:17:33 [http-nio-8082-exec-6] INFO  com.capstone.aspect.LoggerAspect - *************************************
2022-10-13 16:17:33 [http-nio-8082-exec-6] INFO  com.capstone.aspect.LoggerAspect - During: class com.capstone.service.accountinfoServiceImpl.getAcountsByCustId() with arguments=[accountinfo [accno=202200051, custid=202200005, branch_name=Bengaluru, ifsc=NATW000123, savingsamount=3128.0], accountinfo [accno=202200053, custid=202200005, branch_name=Bengaluru, ifsc=NATW000123, savingsamount=150000.0]]
2022-10-13 16:17:33 [http-nio-8082-exec-6] INFO  com.capstone.aspect.LoggerAspect - *************************************
2022-10-13 16:17:33 [http-nio-8082-exec-6] INFO  com.capstone.aspect.LoggerAspect - During: class com.capstone.controller.accountinfoController.getsavingsAccount() with arguments=[accountinfo [accno=202200051, custid=202200005, branch_name=Bengaluru, ifsc=NATW000123, savingsamount=3128.0], accountinfo [accno=202200053, custid=202200005, branch_name=Bengaluru, ifsc=NATW000123, savingsamount=150000.0]]
2022-10-13 16:17:33 [http-nio-8082-exec-6] INFO  com.capstone.aspect.LoggerAspect - *************************************
2022-10-13 16:17:44 [http-nio-8082-exec-9] INFO  com.capstone.aspect.LoggerAspect - Method name: com.capstone.controller.accountinfoController
2022-10-13 16:17:44 [http-nio-8082-exec-9] INFO  com.capstone.aspect.LoggerAspect - Method arguments:[Ljava.lang.Object;@6f9b400f
2022-10-13 16:17:44 [http-nio-8082-exec-9] INFO  com.capstone.aspect.LoggerAspect - *************************************
2022-10-13 16:17:44 [http-nio-8082-exec-9] INFO  com.capstone.aspect.LoggerAspect - Method name: com.capstone.service.accountinfoServiceImpl
2022-10-13 16:17:44 [http-nio-8082-exec-9] INFO  com.capstone.aspect.LoggerAspect - Method arguments:[Ljava.lang.Object;@55a958d2
2022-10-13 16:17:44 [http-nio-8082-exec-9] INFO  com.capstone.aspect.LoggerAspect - *************************************
2022-10-13 16:17:44 [http-nio-8082-exec-9] INFO  com.capstone.aspect.LoggerAspect - During: class com.capstone.service.accountinfoServiceImpl.getAcountsByCustId() with arguments=[accountinfo [accno=202200051, custid=202200005, branch_name=Bengaluru, ifsc=NATW000123, savingsamount=3128.0], accountinfo [accno=202200053, custid=202200005, branch_name=Bengaluru, ifsc=NATW000123, savingsamount=150000.0]]
2022-10-13 16:17:44 [http-nio-8082-exec-9] INFO  com.capstone.aspect.LoggerAspect - *************************************
2022-10-13 16:17:44 [http-nio-8082-exec-9] INFO  com.capstone.aspect.LoggerAspect - During: class com.capstone.controller.accountinfoController.getsavingsAccount() with arguments=[accountinfo [accno=202200051, custid=202200005, branch_name=Bengaluru, ifsc=NATW000123, savingsamount=3128.0], accountinfo [accno=202200053, custid=202200005, branch_name=Bengaluru, ifsc=NATW000123, savingsamount=150000.0]]
2022-10-13 16:17:44 [http-nio-8082-exec-9] INFO  com.capstone.aspect.LoggerAspect - *************************************
2022-10-13 16:18:04 [http-nio-8082-exec-10] INFO  com.capstone.aspect.LoggerAspect - Method name: com.capstone.controller.accountinfoController
2022-10-13 16:18:04 [http-nio-8082-exec-10] INFO  com.capstone.aspect.LoggerAspect - Method arguments:[Ljava.lang.Object;@d0577ba
2022-10-13 16:18:04 [http-nio-8082-exec-10] INFO  com.capstone.aspect.LoggerAspect - *************************************
2022-10-13 16:18:04 [http-nio-8082-exec-10] INFO  com.capstone.aspect.LoggerAspect - Method name: com.capstone.service.accountinfoServiceImpl
2022-10-13 16:18:04 [http-nio-8082-exec-10] INFO  com.capstone.aspect.LoggerAspect - Method arguments:[Ljava.lang.Object;@2d3a5782
2022-10-13 16:18:04 [http-nio-8082-exec-10] INFO  com.capstone.aspect.LoggerAspect - *************************************
2022-10-13 16:18:04 [http-nio-8082-exec-10] INFO  com.capstone.aspect.LoggerAspect - During: class com.capstone.service.accountinfoServiceImpl.getAcountsByCustId() with arguments=[accountinfo [accno=202200051, custid=202200005, branch_name=Bengaluru, ifsc=NATW000123, savingsamount=3128.0], accountinfo [accno=202200053, custid=202200005, branch_name=Bengaluru, ifsc=NATW000123, savingsamount=150000.0]]
2022-10-13 16:18:04 [http-nio-8082-exec-10] INFO  com.capstone.aspect.LoggerAspect - *************************************
2022-10-13 16:18:04 [http-nio-8082-exec-10] INFO  com.capstone.aspect.LoggerAspect - During: class com.capstone.controller.accountinfoController.getsavingsAccount() with arguments=[accountinfo [accno=202200051, custid=202200005, branch_name=Bengaluru, ifsc=NATW000123, savingsamount=3128.0], accountinfo [accno=202200053, custid=202200005, branch_name=Bengaluru, ifsc=NATW000123, savingsamount=150000.0]]
2022-10-13 16:18:04 [http-nio-8082-exec-10] INFO  com.capstone.aspect.LoggerAspect - *************************************
2022-10-13 16:19:18 [AsyncResolver-bootstrap-executor-0] INFO  c.n.d.s.r.aws.ConfigClusterResolver - Resolving eureka endpoints via configuration
2022-10-13 16:24:18 [AsyncResolver-bootstrap-executor-0] INFO  c.n.d.s.r.aws.ConfigClusterResolver - Resolving eureka endpoints via configuration
2022-10-13 16:28:26 [http-nio-8082-exec-2] INFO  com.capstone.aspect.LoggerAspect - Method name: com.capstone.controller.accountinfoController
2022-10-13 16:28:26 [http-nio-8082-exec-2] INFO  com.capstone.aspect.LoggerAspect - Method arguments:[Ljava.lang.Object;@6b025f05
2022-10-13 16:28:26 [http-nio-8082-exec-2] INFO  com.capstone.aspect.LoggerAspect - *************************************
2022-10-13 16:28:26 [http-nio-8082-exec-2] INFO  com.capstone.aspect.LoggerAspect - Method name: com.capstone.service.accountinfoServiceImpl
2022-10-13 16:28:26 [http-nio-8082-exec-2] INFO  com.capstone.aspect.LoggerAspect - Method arguments:[Ljava.lang.Object;@29898336
2022-10-13 16:28:26 [http-nio-8082-exec-2] INFO  com.capstone.aspect.LoggerAspect - *************************************
2022-10-13 16:28:26 [http-nio-8082-exec-2] INFO  com.capstone.aspect.LoggerAspect - During: class com.capstone.service.accountinfoServiceImpl.getAcountsByCustId() with arguments=[accountinfo [accno=202200051, custid=202200005, branch_name=Bengaluru, ifsc=NATW000123, savingsamount=3128.0], accountinfo [accno=202200053, custid=202200005, branch_name=Bengaluru, ifsc=NATW000123, savingsamount=150000.0]]
2022-10-13 16:28:26 [http-nio-8082-exec-2] INFO  com.capstone.aspect.LoggerAspect - *************************************
2022-10-13 16:28:26 [http-nio-8082-exec-2] INFO  com.capstone.aspect.LoggerAspect - During: class com.capstone.controller.accountinfoController.getsavingsAccount() with arguments=[accountinfo [accno=202200051, custid=202200005, branch_name=Bengaluru, ifsc=NATW000123, savingsamount=3128.0], accountinfo [accno=202200053, custid=202200005, branch_name=Bengaluru, ifsc=NATW000123, savingsamount=150000.0]]
2022-10-13 16:28:26 [http-nio-8082-exec-2] INFO  com.capstone.aspect.LoggerAspect - *************************************
2022-10-13 16:29:18 [AsyncResolver-bootstrap-executor-0] INFO  c.n.d.s.r.aws.ConfigClusterResolver - Resolving eureka endpoints via configuration
2022-10-13 16:31:38 [http-nio-8082-exec-5] INFO  com.capstone.aspect.LoggerAspect - Method name: com.capstone.controller.accountinfoController
2022-10-13 16:31:38 [http-nio-8082-exec-5] INFO  com.capstone.aspect.LoggerAspect - Method arguments:[Ljava.lang.Object;@e623ee3
2022-10-13 16:31:38 [http-nio-8082-exec-5] INFO  com.capstone.aspect.LoggerAspect - *************************************
2022-10-13 16:31:38 [http-nio-8082-exec-5] INFO  com.capstone.aspect.LoggerAspect - Method name: com.capstone.service.accountinfoServiceImpl
2022-10-13 16:31:38 [http-nio-8082-exec-5] INFO  com.capstone.aspect.LoggerAspect - Method arguments:[Ljava.lang.Object;@1990d7cb
2022-10-13 16:31:38 [http-nio-8082-exec-5] INFO  com.capstone.aspect.LoggerAspect - *************************************
2022-10-13 16:31:38 [http-nio-8082-exec-5] INFO  com.capstone.aspect.LoggerAspect - During: class com.capstone.service.accountinfoServiceImpl.getAcountsByCustId() with arguments=[accountinfo [accno=202200051, custid=202200005, branch_name=Bengaluru, ifsc=NATW000123, savingsamount=3128.0], accountinfo [accno=202200053, custid=202200005, branch_name=Bengaluru, ifsc=NATW000123, savingsamount=150000.0]]
2022-10-13 16:31:38 [http-nio-8082-exec-5] INFO  com.capstone.aspect.LoggerAspect - *************************************
2022-10-13 16:31:38 [http-nio-8082-exec-5] INFO  com.capstone.aspect.LoggerAspect - During: class com.capstone.controller.accountinfoController.getsavingsAccount() with arguments=[accountinfo [accno=202200051, custid=202200005, branch_name=Bengaluru, ifsc=NATW000123, savingsamount=3128.0], accountinfo [accno=202200053, custid=202200005, branch_name=Bengaluru, ifsc=NATW000123, savingsamount=150000.0]]
2022-10-13 16:31:38 [http-nio-8082-exec-5] INFO  com.capstone.aspect.LoggerAspect - *************************************
2022-10-13 16:32:23 [http-nio-8082-exec-6] INFO  com.capstone.aspect.LoggerAspect - Method name: com.capstone.controller.accountinfoController
2022-10-13 16:32:23 [http-nio-8082-exec-6] INFO  com.capstone.aspect.LoggerAspect - Method arguments:[Ljava.lang.Object;@6ed93a69
2022-10-13 16:32:23 [http-nio-8082-exec-6] INFO  com.capstone.aspect.LoggerAspect - *************************************
2022-10-13 16:32:23 [http-nio-8082-exec-6] INFO  com.capstone.aspect.LoggerAspect - Method name: com.capstone.service.accountinfoServiceImpl
2022-10-13 16:32:23 [http-nio-8082-exec-6] INFO  com.capstone.aspect.LoggerAspect - Method arguments:[Ljava.lang.Object;@44165cbc
2022-10-13 16:32:23 [http-nio-8082-exec-6] INFO  com.capstone.aspect.LoggerAspect - *************************************
2022-10-13 16:32:23 [http-nio-8082-exec-6] INFO  com.capstone.aspect.LoggerAspect - During: class com.capstone.service.accountinfoServiceImpl.getAcountsByCustId() with arguments=[accountinfo [accno=202200051, custid=202200005, branch_name=Bengaluru, ifsc=NATW000123, savingsamount=3128.0], accountinfo [accno=202200053, custid=202200005, branch_name=Bengaluru, ifsc=NATW000123, savingsamount=150000.0]]
2022-10-13 16:32:23 [http-nio-8082-exec-6] INFO  com.capstone.aspect.LoggerAspect - *************************************
2022-10-13 16:32:23 [http-nio-8082-exec-6] INFO  com.capstone.aspect.LoggerAspect - During: class com.capstone.controller.accountinfoController.getsavingsAccount() with arguments=[accountinfo [accno=202200051, custid=202200005, branch_name=Bengaluru, ifsc=NATW000123, savingsamount=3128.0], accountinfo [accno=202200053, custid=202200005, branch_name=Bengaluru, ifsc=NATW000123, savingsamount=150000.0]]
2022-10-13 16:32:23 [http-nio-8082-exec-6] INFO  com.capstone.aspect.LoggerAspect - *************************************
2022-10-13 16:32:27 [http-nio-8082-exec-7] INFO  com.capstone.aspect.LoggerAspect - Method name: com.capstone.controller.accountinfoController
2022-10-13 16:32:27 [http-nio-8082-exec-7] INFO  com.capstone.aspect.LoggerAspect - Method arguments:[Ljava.lang.Object;@b357815
2022-10-13 16:32:27 [http-nio-8082-exec-7] INFO  com.capstone.aspect.LoggerAspect - *************************************
2022-10-13 16:32:27 [http-nio-8082-exec-7] INFO  com.capstone.aspect.LoggerAspect - Method name: com.capstone.service.accountinfoServiceImpl
2022-10-13 16:32:27 [http-nio-8082-exec-7] INFO  com.capstone.aspect.LoggerAspect - Method arguments:[Ljava.lang.Object;@1a3d3974
2022-10-13 16:32:27 [http-nio-8082-exec-7] INFO  com.capstone.aspect.LoggerAspect - *************************************
2022-10-13 16:32:27 [http-nio-8082-exec-7] INFO  com.capstone.aspect.LoggerAspect - During: class com.capstone.service.accountinfoServiceImpl.getAcountsByCustId() with arguments=[accountinfo [accno=202200051, custid=202200005, branch_name=Bengaluru, ifsc=NATW000123, savingsamount=3128.0], accountinfo [accno=202200053, custid=202200005, branch_name=Bengaluru, ifsc=NATW000123, savingsamount=150000.0]]
2022-10-13 16:32:27 [http-nio-8082-exec-7] INFO  com.capstone.aspect.LoggerAspect - *************************************
2022-10-13 16:32:27 [http-nio-8082-exec-7] INFO  com.capstone.aspect.LoggerAspect - During: class com.capstone.controller.accountinfoController.getsavingsAccount() with arguments=[accountinfo [accno=202200051, custid=202200005, branch_name=Bengaluru, ifsc=NATW000123, savingsamount=3128.0], accountinfo [accno=202200053, custid=202200005, branch_name=Bengaluru, ifsc=NATW000123, savingsamount=150000.0]]
2022-10-13 16:32:27 [http-nio-8082-exec-7] INFO  com.capstone.aspect.LoggerAspect - *************************************
2022-10-13 16:32:55 [http-nio-8082-exec-9] INFO  com.capstone.aspect.LoggerAspect - Method name: com.capstone.controller.accountinfoController
2022-10-13 16:32:55 [http-nio-8082-exec-9] INFO  com.capstone.aspect.LoggerAspect - Method arguments:[Ljava.lang.Object;@26c53a9b
2022-10-13 16:32:55 [http-nio-8082-exec-9] INFO  com.capstone.aspect.LoggerAspect - *************************************
2022-10-13 16:32:55 [http-nio-8082-exec-9] INFO  com.capstone.aspect.LoggerAspect - Method name: com.capstone.service.accountinfoServiceImpl
2022-10-13 16:32:55 [http-nio-8082-exec-9] INFO  com.capstone.aspect.LoggerAspect - Method arguments:[Ljava.lang.Object;@38378314
2022-10-13 16:32:55 [http-nio-8082-exec-9] INFO  com.capstone.aspect.LoggerAspect - *************************************
2022-10-13 16:32:55 [http-nio-8082-exec-9] INFO  com.capstone.aspect.LoggerAspect - During: class com.capstone.service.accountinfoServiceImpl.getAcountsByCustId() with arguments=[accountinfo [accno=202200051, custid=202200005, branch_name=Bengaluru, ifsc=NATW000123, savingsamount=3128.0], accountinfo [accno=202200053, custid=202200005, branch_name=Bengaluru, ifsc=NATW000123, savingsamount=150000.0]]
2022-10-13 16:32:55 [http-nio-8082-exec-9] INFO  com.capstone.aspect.LoggerAspect - *************************************
2022-10-13 16:32:55 [http-nio-8082-exec-9] INFO  com.capstone.aspect.LoggerAspect - During: class com.capstone.controller.accountinfoController.getsavingsAccount() with arguments=[accountinfo [accno=202200051, custid=202200005, branch_name=Bengaluru, ifsc=NATW000123, savingsamount=3128.0], accountinfo [accno=202200053, custid=202200005, branch_name=Bengaluru, ifsc=NATW000123, savingsamount=150000.0]]
2022-10-13 16:32:55 [http-nio-8082-exec-9] INFO  com.capstone.aspect.LoggerAspect - *************************************
2022-10-13 16:33:30 [http-nio-8082-exec-10] INFO  com.capstone.aspect.LoggerAspect - Method name: com.capstone.controller.accountinfoController
2022-10-13 16:33:30 [http-nio-8082-exec-10] INFO  com.capstone.aspect.LoggerAspect - Method arguments:[Ljava.lang.Object;@7aa1d55d
2022-10-13 16:33:30 [http-nio-8082-exec-10] INFO  com.capstone.aspect.LoggerAspect - *************************************
2022-10-13 16:33:30 [http-nio-8082-exec-10] INFO  com.capstone.aspect.LoggerAspect - Method name: com.capstone.service.accountinfoServiceImpl
2022-10-13 16:33:30 [http-nio-8082-exec-10] INFO  com.capstone.aspect.LoggerAspect - Method arguments:[Ljava.lang.Object;@349376b8
2022-10-13 16:33:30 [http-nio-8082-exec-10] INFO  com.capstone.aspect.LoggerAspect - *************************************
2022-10-13 16:33:30 [http-nio-8082-exec-10] INFO  com.capstone.aspect.LoggerAspect - During: class com.capstone.service.accountinfoServiceImpl.getAcountsByCustId() with arguments=[accountinfo [accno=202200051, custid=202200005, branch_name=Bengaluru, ifsc=NATW000123, savingsamount=3128.0], accountinfo [accno=202200053, custid=202200005, branch_name=Bengaluru, ifsc=NATW000123, savingsamount=150000.0]]
2022-10-13 16:33:30 [http-nio-8082-exec-10] INFO  com.capstone.aspect.LoggerAspect - *************************************
2022-10-13 16:33:30 [http-nio-8082-exec-10] INFO  com.capstone.aspect.LoggerAspect - During: class com.capstone.controller.accountinfoController.getsavingsAccount() with arguments=[accountinfo [accno=202200051, custid=202200005, branch_name=Bengaluru, ifsc=NATW000123, savingsamount=3128.0], accountinfo [accno=202200053, custid=202200005, branch_name=Bengaluru, ifsc=NATW000123, savingsamount=150000.0]]
2022-10-13 16:33:30 [http-nio-8082-exec-10] INFO  com.capstone.aspect.LoggerAspect - *************************************
2022-10-13 16:34:18 [AsyncResolver-bootstrap-executor-0] INFO  c.n.d.s.r.aws.ConfigClusterResolver - Resolving eureka endpoints via configuration
2022-10-13 16:34:25 [http-nio-8082-exec-3] INFO  com.capstone.aspect.LoggerAspect - Method name: com.capstone.controller.accountinfoController
2022-10-13 16:34:25 [http-nio-8082-exec-3] INFO  com.capstone.aspect.LoggerAspect - Method arguments:[Ljava.lang.Object;@4be66c6d
2022-10-13 16:34:25 [http-nio-8082-exec-3] INFO  com.capstone.aspect.LoggerAspect - *************************************
2022-10-13 16:34:25 [http-nio-8082-exec-3] INFO  com.capstone.aspect.LoggerAspect - Method name: com.capstone.service.accountinfoServiceImpl
2022-10-13 16:34:25 [http-nio-8082-exec-3] INFO  com.capstone.aspect.LoggerAspect - Method arguments:[Ljava.lang.Object;@74675e24
2022-10-13 16:34:25 [http-nio-8082-exec-3] INFO  com.capstone.aspect.LoggerAspect - *************************************
2022-10-13 16:34:25 [http-nio-8082-exec-3] INFO  com.capstone.aspect.LoggerAspect - During: class com.capstone.service.accountinfoServiceImpl.getAcountsByCustId() with arguments=[accountinfo [accno=202200051, custid=202200005, branch_name=Bengaluru, ifsc=NATW000123, savingsamount=3128.0], accountinfo [accno=202200053, custid=202200005, branch_name=Bengaluru, ifsc=NATW000123, savingsamount=150000.0]]
2022-10-13 16:34:25 [http-nio-8082-exec-3] INFO  com.capstone.aspect.LoggerAspect - *************************************
2022-10-13 16:34:25 [http-nio-8082-exec-3] INFO  com.capstone.aspect.LoggerAspect - During: class com.capstone.controller.accountinfoController.getsavingsAccount() with arguments=[accountinfo [accno=202200051, custid=202200005, branch_name=Bengaluru, ifsc=NATW000123, savingsamount=3128.0], accountinfo [accno=202200053, custid=202200005, branch_name=Bengaluru, ifsc=NATW000123, savingsamount=150000.0]]
2022-10-13 16:34:25 [http-nio-8082-exec-3] INFO  com.capstone.aspect.LoggerAspect - *************************************
2022-10-13 16:36:06 [http-nio-8082-exec-5] INFO  com.capstone.aspect.LoggerAspect - Method name: com.capstone.controller.accountinfoController
2022-10-13 16:36:06 [http-nio-8082-exec-5] INFO  com.capstone.aspect.LoggerAspect - Method arguments:[Ljava.lang.Object;@567df054
2022-10-13 16:36:06 [http-nio-8082-exec-5] INFO  com.capstone.aspect.LoggerAspect - *************************************
2022-10-13 16:36:06 [http-nio-8082-exec-5] INFO  com.capstone.aspect.LoggerAspect - Method name: com.capstone.service.accountinfoServiceImpl
2022-10-13 16:36:06 [http-nio-8082-exec-5] INFO  com.capstone.aspect.LoggerAspect - Method arguments:[Ljava.lang.Object;@67f761cb
2022-10-13 16:36:06 [http-nio-8082-exec-5] INFO  com.capstone.aspect.LoggerAspect - *************************************
2022-10-13 16:36:06 [http-nio-8082-exec-5] INFO  com.capstone.aspect.LoggerAspect - During: class com.capstone.service.accountinfoServiceImpl.getAcountsByCustId() with arguments=[accountinfo [accno=202200051, custid=202200005, branch_name=Bengaluru, ifsc=NATW000123, savingsamount=3128.0], accountinfo [accno=202200053, custid=202200005, branch_name=Bengaluru, ifsc=NATW000123, savingsamount=150000.0]]
2022-10-13 16:36:06 [http-nio-8082-exec-5] INFO  com.capstone.aspect.LoggerAspect - *************************************
2022-10-13 16:36:06 [http-nio-8082-exec-5] INFO  com.capstone.aspect.LoggerAspect - During: class com.capstone.controller.accountinfoController.getsavingsAccount() with arguments=[accountinfo [accno=202200051, custid=202200005, branch_name=Bengaluru, ifsc=NATW000123, savingsamount=3128.0], accountinfo [accno=202200053, custid=202200005, branch_name=Bengaluru, ifsc=NATW000123, savingsamount=150000.0]]
2022-10-13 16:36:06 [http-nio-8082-exec-5] INFO  com.capstone.aspect.LoggerAspect - *************************************
2022-10-13 16:36:21 [http-nio-8082-exec-7] INFO  com.capstone.aspect.LoggerAspect - Method name: com.capstone.controller.accountinfoController
2022-10-13 16:36:21 [http-nio-8082-exec-7] INFO  com.capstone.aspect.LoggerAspect - Method arguments:[Ljava.lang.Object;@438840d5
2022-10-13 16:36:21 [http-nio-8082-exec-7] INFO  com.capstone.aspect.LoggerAspect - *************************************
2022-10-13 16:36:21 [http-nio-8082-exec-7] INFO  com.capstone.aspect.LoggerAspect - Method name: com.capstone.service.accountinfoServiceImpl
2022-10-13 16:36:21 [http-nio-8082-exec-7] INFO  com.capstone.aspect.LoggerAspect - Method arguments:[Ljava.lang.Object;@2f874017
2022-10-13 16:36:21 [http-nio-8082-exec-7] INFO  com.capstone.aspect.LoggerAspect - *************************************
2022-10-13 16:36:21 [http-nio-8082-exec-7] INFO  com.capstone.aspect.LoggerAspect - During: class com.capstone.service.accountinfoServiceImpl.getAcountsByCustId() with arguments=[accountinfo [accno=202200051, custid=202200005, branch_name=Bengaluru, ifsc=NATW000123, savingsamount=3128.0], accountinfo [accno=202200053, custid=202200005, branch_name=Bengaluru, ifsc=NATW000123, savingsamount=150000.0]]
2022-10-13 16:36:21 [http-nio-8082-exec-7] INFO  com.capstone.aspect.LoggerAspect - *************************************
2022-10-13 16:36:21 [http-nio-8082-exec-7] INFO  com.capstone.aspect.LoggerAspect - During: class com.capstone.controller.accountinfoController.getsavingsAccount() with arguments=[accountinfo [accno=202200051, custid=202200005, branch_name=Bengaluru, ifsc=NATW000123, savingsamount=3128.0], accountinfo [accno=202200053, custid=202200005, branch_name=Bengaluru, ifsc=NATW000123, savingsamount=150000.0]]
2022-10-13 16:36:21 [http-nio-8082-exec-7] INFO  com.capstone.aspect.LoggerAspect - *************************************
2022-10-13 16:37:44 [http-nio-8082-exec-8] INFO  com.capstone.aspect.LoggerAspect - Method name: com.capstone.controller.accountinfoController
2022-10-13 16:37:44 [http-nio-8082-exec-8] INFO  com.capstone.aspect.LoggerAspect - Method arguments:[Ljava.lang.Object;@27c43daf
2022-10-13 16:37:44 [http-nio-8082-exec-8] INFO  com.capstone.aspect.LoggerAspect - *************************************
2022-10-13 16:37:44 [http-nio-8082-exec-8] INFO  com.capstone.aspect.LoggerAspect - Method name: com.capstone.service.accountinfoServiceImpl
2022-10-13 16:37:44 [http-nio-8082-exec-8] INFO  com.capstone.aspect.LoggerAspect - Method arguments:[Ljava.lang.Object;@169d624
2022-10-13 16:37:44 [http-nio-8082-exec-8] INFO  com.capstone.aspect.LoggerAspect - *************************************
2022-10-13 16:37:44 [http-nio-8082-exec-8] INFO  com.capstone.aspect.LoggerAspect - During: class com.capstone.service.accountinfoServiceImpl.getAcountsByCustId() with arguments=[accountinfo [accno=202200051, custid=202200005, branch_name=Bengaluru, ifsc=NATW000123, savingsamount=3128.0], accountinfo [accno=202200053, custid=202200005, branch_name=Bengaluru, ifsc=NATW000123, savingsamount=150000.0]]
2022-10-13 16:37:44 [http-nio-8082-exec-8] INFO  com.capstone.aspect.LoggerAspect - *************************************
2022-10-13 16:37:44 [http-nio-8082-exec-8] INFO  com.capstone.aspect.LoggerAspect - During: class com.capstone.controller.accountinfoController.getsavingsAccount() with arguments=[accountinfo [accno=202200051, custid=202200005, branch_name=Bengaluru, ifsc=NATW000123, savingsamount=3128.0], accountinfo [accno=202200053, custid=202200005, branch_name=Bengaluru, ifsc=NATW000123, savingsamount=150000.0]]
2022-10-13 16:37:44 [http-nio-8082-exec-8] INFO  com.capstone.aspect.LoggerAspect - *************************************
2022-10-13 16:37:47 [http-nio-8082-exec-10] INFO  com.capstone.aspect.LoggerAspect - Method name: com.capstone.controller.accountinfoController
2022-10-13 16:37:47 [http-nio-8082-exec-10] INFO  com.capstone.aspect.LoggerAspect - Method arguments:[Ljava.lang.Object;@7ecabfea
2022-10-13 16:37:47 [http-nio-8082-exec-10] INFO  com.capstone.aspect.LoggerAspect - *************************************
2022-10-13 16:37:47 [http-nio-8082-exec-10] INFO  com.capstone.aspect.LoggerAspect - Method name: com.capstone.service.accountinfoServiceImpl
2022-10-13 16:37:47 [http-nio-8082-exec-10] INFO  com.capstone.aspect.LoggerAspect - Method arguments:[Ljava.lang.Object;@205c679f
2022-10-13 16:37:47 [http-nio-8082-exec-10] INFO  com.capstone.aspect.LoggerAspect - *************************************
2022-10-13 16:37:47 [http-nio-8082-exec-10] INFO  com.capstone.aspect.LoggerAspect - During: class com.capstone.service.accountinfoServiceImpl.getAcountsByCustId() with arguments=[accountinfo [accno=202200051, custid=202200005, branch_name=Bengaluru, ifsc=NATW000123, savingsamount=3128.0], accountinfo [accno=202200053, custid=202200005, branch_name=Bengaluru, ifsc=NATW000123, savingsamount=150000.0]]
2022-10-13 16:37:47 [http-nio-8082-exec-10] INFO  com.capstone.aspect.LoggerAspect - *************************************
2022-10-13 16:37:47 [http-nio-8082-exec-10] INFO  com.capstone.aspect.LoggerAspect - During: class com.capstone.controller.accountinfoController.getsavingsAccount() with arguments=[accountinfo [accno=202200051, custid=202200005, branch_name=Bengaluru, ifsc=NATW000123, savingsamount=3128.0], accountinfo [accno=202200053, custid=202200005, branch_name=Bengaluru, ifsc=NATW000123, savingsamount=150000.0]]
2022-10-13 16:37:47 [http-nio-8082-exec-10] INFO  com.capstone.aspect.LoggerAspect - *************************************
2022-10-13 16:38:58 [http-nio-8082-exec-2] INFO  com.capstone.aspect.LoggerAspect - Method name: com.capstone.controller.accountinfoController
2022-10-13 16:38:58 [http-nio-8082-exec-2] INFO  com.capstone.aspect.LoggerAspect - Method arguments:[Ljava.lang.Object;@2c7ccb13
2022-10-13 16:38:58 [http-nio-8082-exec-2] INFO  com.capstone.aspect.LoggerAspect - *************************************
2022-10-13 16:38:58 [http-nio-8082-exec-2] INFO  com.capstone.aspect.LoggerAspect - Method name: com.capstone.service.accountinfoServiceImpl
2022-10-13 16:38:58 [http-nio-8082-exec-2] INFO  com.capstone.aspect.LoggerAspect - Method arguments:[Ljava.lang.Object;@17b54934
2022-10-13 16:38:58 [http-nio-8082-exec-2] INFO  com.capstone.aspect.LoggerAspect - *************************************
2022-10-13 16:38:58 [http-nio-8082-exec-2] INFO  com.capstone.aspect.LoggerAspect - During: class com.capstone.service.accountinfoServiceImpl.getAcountsByCustId() with arguments=[accountinfo [accno=202200051, custid=202200005, branch_name=Bengaluru, ifsc=NATW000123, savingsamount=3128.0], accountinfo [accno=202200053, custid=202200005, branch_name=Bengaluru, ifsc=NATW000123, savingsamount=150000.0]]
2022-10-13 16:38:58 [http-nio-8082-exec-2] INFO  com.capstone.aspect.LoggerAspect - *************************************
2022-10-13 16:38:58 [http-nio-8082-exec-2] INFO  com.capstone.aspect.LoggerAspect - During: class com.capstone.controller.accountinfoController.getsavingsAccount() with arguments=[accountinfo [accno=202200051, custid=202200005, branch_name=Bengaluru, ifsc=NATW000123, savingsamount=3128.0], accountinfo [accno=202200053, custid=202200005, branch_name=Bengaluru, ifsc=NATW000123, savingsamount=150000.0]]
2022-10-13 16:38:58 [http-nio-8082-exec-2] INFO  com.capstone.aspect.LoggerAspect - *************************************
2022-10-13 16:39:18 [AsyncResolver-bootstrap-executor-0] INFO  c.n.d.s.r.aws.ConfigClusterResolver - Resolving eureka endpoints via configuration
2022-10-13 16:41:14 [http-nio-8082-exec-4] INFO  com.capstone.aspect.LoggerAspect - Method name: com.capstone.controller.accountinfoController
2022-10-13 16:41:14 [http-nio-8082-exec-4] INFO  com.capstone.aspect.LoggerAspect - Method arguments:[Ljava.lang.Object;@5133b9bb
2022-10-13 16:41:14 [http-nio-8082-exec-4] INFO  com.capstone.aspect.LoggerAspect - *************************************
2022-10-13 16:41:14 [http-nio-8082-exec-4] INFO  com.capstone.aspect.LoggerAspect - Method name: com.capstone.service.accountinfoServiceImpl
2022-10-13 16:41:14 [http-nio-8082-exec-4] INFO  com.capstone.aspect.LoggerAspect - Method arguments:[Ljava.lang.Object;@23575fbf
2022-10-13 16:41:14 [http-nio-8082-exec-4] INFO  com.capstone.aspect.LoggerAspect - *************************************
2022-10-13 16:41:14 [http-nio-8082-exec-4] INFO  com.capstone.aspect.LoggerAspect - During: class com.capstone.service.accountinfoServiceImpl.getAcountsByCustId() with arguments=[accountinfo [accno=202200051, custid=202200005, branch_name=Bengaluru, ifsc=NATW000123, savingsamount=3128.0], accountinfo [accno=202200053, custid=202200005, branch_name=Bengaluru, ifsc=NATW000123, savingsamount=150000.0]]
2022-10-13 16:41:14 [http-nio-8082-exec-4] INFO  com.capstone.aspect.LoggerAspect - *************************************
2022-10-13 16:41:14 [http-nio-8082-exec-4] INFO  com.capstone.aspect.LoggerAspect - During: class com.capstone.controller.accountinfoController.getsavingsAccount() with arguments=[accountinfo [accno=202200051, custid=202200005, branch_name=Bengaluru, ifsc=NATW000123, savingsamount=3128.0], accountinfo [accno=202200053, custid=202200005, branch_name=Bengaluru, ifsc=NATW000123, savingsamount=150000.0]]
2022-10-13 16:41:14 [http-nio-8082-exec-4] INFO  com.capstone.aspect.LoggerAspect - *************************************
2022-10-13 16:41:48 [http-nio-8082-exec-6] INFO  com.capstone.aspect.LoggerAspect - Method name: com.capstone.controller.accountinfoController
2022-10-13 16:41:48 [http-nio-8082-exec-6] INFO  com.capstone.aspect.LoggerAspect - Method arguments:[Ljava.lang.Object;@5815a6c6
2022-10-13 16:41:48 [http-nio-8082-exec-6] INFO  com.capstone.aspect.LoggerAspect - *************************************
2022-10-13 16:41:48 [http-nio-8082-exec-6] INFO  com.capstone.aspect.LoggerAspect - Method name: com.capstone.service.accountinfoServiceImpl
2022-10-13 16:41:48 [http-nio-8082-exec-6] INFO  com.capstone.aspect.LoggerAspect - Method arguments:[Ljava.lang.Object;@3c1f5728
2022-10-13 16:41:48 [http-nio-8082-exec-6] INFO  com.capstone.aspect.LoggerAspect - *************************************
2022-10-13 16:41:48 [http-nio-8082-exec-6] INFO  com.capstone.aspect.LoggerAspect - During: class com.capstone.service.accountinfoServiceImpl.getAcountsByCustId() with arguments=[accountinfo [accno=202200051, custid=202200005, branch_name=Bengaluru, ifsc=NATW000123, savingsamount=3128.0], accountinfo [accno=202200053, custid=202200005, branch_name=Bengaluru, ifsc=NATW000123, savingsamount=150000.0]]
2022-10-13 16:41:48 [http-nio-8082-exec-6] INFO  com.capstone.aspect.LoggerAspect - *************************************
2022-10-13 16:41:48 [http-nio-8082-exec-6] INFO  com.capstone.aspect.LoggerAspect - During: class com.capstone.controller.accountinfoController.getsavingsAccount() with arguments=[accountinfo [accno=202200051, custid=202200005, branch_name=Bengaluru, ifsc=NATW000123, savingsamount=3128.0], accountinfo [accno=202200053, custid=202200005, branch_name=Bengaluru, ifsc=NATW000123, savingsamount=150000.0]]
2022-10-13 16:41:48 [http-nio-8082-exec-6] INFO  com.capstone.aspect.LoggerAspect - *************************************
2022-10-13 16:44:18 [AsyncResolver-bootstrap-executor-0] INFO  c.n.d.s.r.aws.ConfigClusterResolver - Resolving eureka endpoints via configuration
2022-10-13 16:45:32 [http-nio-8082-exec-9] INFO  com.capstone.aspect.LoggerAspect - Method name: com.capstone.controller.accountinfoController
2022-10-13 16:45:32 [http-nio-8082-exec-9] INFO  com.capstone.aspect.LoggerAspect - Method arguments:[Ljava.lang.Object;@68a73559
2022-10-13 16:45:32 [http-nio-8082-exec-9] INFO  com.capstone.aspect.LoggerAspect - *************************************
2022-10-13 16:45:32 [http-nio-8082-exec-9] INFO  com.capstone.aspect.LoggerAspect - Method name: com.capstone.service.accountinfoServiceImpl
2022-10-13 16:45:32 [http-nio-8082-exec-9] INFO  com.capstone.aspect.LoggerAspect - Method arguments:[Ljava.lang.Object;@1a3918e4
2022-10-13 16:45:32 [http-nio-8082-exec-9] INFO  com.capstone.aspect.LoggerAspect - *************************************
2022-10-13 16:45:32 [http-nio-8082-exec-9] INFO  com.capstone.aspect.LoggerAspect - During: class com.capstone.service.accountinfoServiceImpl.getAcountsByCustId() with arguments=[accountinfo [accno=202200051, custid=202200005, branch_name=Bengaluru, ifsc=NATW000123, savingsamount=3128.0], accountinfo [accno=202200053, custid=202200005, branch_name=Bengaluru, ifsc=NATW000123, savingsamount=150000.0]]
2022-10-13 16:45:32 [http-nio-8082-exec-9] INFO  com.capstone.aspect.LoggerAspect - *************************************
2022-10-13 16:45:32 [http-nio-8082-exec-9] INFO  com.capstone.aspect.LoggerAspect - During: class com.capstone.controller.accountinfoController.getsavingsAccount() with arguments=[accountinfo [accno=202200051, custid=202200005, branch_name=Bengaluru, ifsc=NATW000123, savingsamount=3128.0], accountinfo [accno=202200053, custid=202200005, branch_name=Bengaluru, ifsc=NATW000123, savingsamount=150000.0]]
2022-10-13 16:45:32 [http-nio-8082-exec-9] INFO  com.capstone.aspect.LoggerAspect - *************************************
2022-10-13 16:46:13 [http-nio-8082-exec-10] INFO  com.capstone.aspect.LoggerAspect - Method name: com.capstone.controller.accountinfoController
2022-10-13 16:46:13 [http-nio-8082-exec-10] INFO  com.capstone.aspect.LoggerAspect - Method arguments:[Ljava.lang.Object;@706fed2c
2022-10-13 16:46:13 [http-nio-8082-exec-10] INFO  com.capstone.aspect.LoggerAspect - *************************************
2022-10-13 16:46:13 [http-nio-8082-exec-10] INFO  com.capstone.aspect.LoggerAspect - Method name: com.capstone.service.accountinfoServiceImpl
2022-10-13 16:46:13 [http-nio-8082-exec-10] INFO  com.capstone.aspect.LoggerAspect - Method arguments:[Ljava.lang.Object;@5242d46d
2022-10-13 16:46:13 [http-nio-8082-exec-10] INFO  com.capstone.aspect.LoggerAspect - *************************************
2022-10-13 16:46:13 [http-nio-8082-exec-10] INFO  com.capstone.aspect.LoggerAspect - During: class com.capstone.service.accountinfoServiceImpl.getAcountsByCustId() with arguments=[accountinfo [accno=202200051, custid=202200005, branch_name=Bengaluru, ifsc=NATW000123, savingsamount=3128.0], accountinfo [accno=202200053, custid=202200005, branch_name=Bengaluru, ifsc=NATW000123, savingsamount=150000.0]]
2022-10-13 16:46:13 [http-nio-8082-exec-10] INFO  com.capstone.aspect.LoggerAspect - *************************************
2022-10-13 16:46:13 [http-nio-8082-exec-10] INFO  com.capstone.aspect.LoggerAspect - During: class com.capstone.controller.accountinfoController.getsavingsAccount() with arguments=[accountinfo [accno=202200051, custid=202200005, branch_name=Bengaluru, ifsc=NATW000123, savingsamount=3128.0], accountinfo [accno=202200053, custid=202200005, branch_name=Bengaluru, ifsc=NATW000123, savingsamount=150000.0]]
2022-10-13 16:46:13 [http-nio-8082-exec-10] INFO  com.capstone.aspect.LoggerAspect - *************************************
2022-10-13 16:46:18 [http-nio-8082-exec-2] INFO  com.capstone.aspect.LoggerAspect - Method name: com.capstone.controller.accountinfoController
2022-10-13 16:46:18 [http-nio-8082-exec-2] INFO  com.capstone.aspect.LoggerAspect - Method arguments:[Ljava.lang.Object;@b3fc5b1
2022-10-13 16:46:18 [http-nio-8082-exec-2] INFO  com.capstone.aspect.LoggerAspect - *************************************
2022-10-13 16:46:18 [http-nio-8082-exec-2] INFO  com.capstone.aspect.LoggerAspect - Method name: com.capstone.service.accountinfoServiceImpl
2022-10-13 16:46:18 [http-nio-8082-exec-2] INFO  com.capstone.aspect.LoggerAspect - Method arguments:[Ljava.lang.Object;@7b945b8d
2022-10-13 16:46:18 [http-nio-8082-exec-2] INFO  com.capstone.aspect.LoggerAspect - *************************************
2022-10-13 16:46:18 [http-nio-8082-exec-2] INFO  com.capstone.aspect.LoggerAspect - During: class com.capstone.service.accountinfoServiceImpl.getAcountsByCustId() with arguments=[accountinfo [accno=202200051, custid=202200005, branch_name=Bengaluru, ifsc=NATW000123, savingsamount=3128.0], accountinfo [accno=202200053, custid=202200005, branch_name=Bengaluru, ifsc=NATW000123, savingsamount=150000.0]]
2022-10-13 16:46:18 [http-nio-8082-exec-2] INFO  com.capstone.aspect.LoggerAspect - *************************************
2022-10-13 16:46:18 [http-nio-8082-exec-2] INFO  com.capstone.aspect.LoggerAspect - During: class com.capstone.controller.accountinfoController.getsavingsAccount() with arguments=[accountinfo [accno=202200051, custid=202200005, branch_name=Bengaluru, ifsc=NATW000123, savingsamount=3128.0], accountinfo [accno=202200053, custid=202200005, branch_name=Bengaluru, ifsc=NATW000123, savingsamount=150000.0]]
2022-10-13 16:46:18 [http-nio-8082-exec-2] INFO  com.capstone.aspect.LoggerAspect - *************************************
2022-10-13 16:46:34 [http-nio-8082-exec-4] INFO  com.capstone.aspect.LoggerAspect - Method name: com.capstone.controller.accountinfoController
2022-10-13 16:46:34 [http-nio-8082-exec-4] INFO  com.capstone.aspect.LoggerAspect - Method arguments:[Ljava.lang.Object;@648a103e
2022-10-13 16:46:34 [http-nio-8082-exec-4] INFO  com.capstone.aspect.LoggerAspect - *************************************
2022-10-13 16:46:34 [http-nio-8082-exec-4] INFO  com.capstone.aspect.LoggerAspect - Method name: com.capstone.service.accountinfoServiceImpl
2022-10-13 16:46:34 [http-nio-8082-exec-4] INFO  com.capstone.aspect.LoggerAspect - Method arguments:[Ljava.lang.Object;@45d36028
2022-10-13 16:46:34 [http-nio-8082-exec-4] INFO  com.capstone.aspect.LoggerAspect - *************************************
2022-10-13 16:46:34 [http-nio-8082-exec-4] INFO  com.capstone.aspect.LoggerAspect - During: class com.capstone.service.accountinfoServiceImpl.getAcountsByCustId() with arguments=[accountinfo [accno=202200051, custid=202200005, branch_name=Bengaluru, ifsc=NATW000123, savingsamount=3128.0], accountinfo [accno=202200053, custid=202200005, branch_name=Bengaluru, ifsc=NATW000123, savingsamount=150000.0]]
2022-10-13 16:46:34 [http-nio-8082-exec-4] INFO  com.capstone.aspect.LoggerAspect - *************************************
2022-10-13 16:46:34 [http-nio-8082-exec-4] INFO  com.capstone.aspect.LoggerAspect - During: class com.capstone.controller.accountinfoController.getsavingsAccount() with arguments=[accountinfo [accno=202200051, custid=202200005, branch_name=Bengaluru, ifsc=NATW000123, savingsamount=3128.0], accountinfo [accno=202200053, custid=202200005, branch_name=Bengaluru, ifsc=NATW000123, savingsamount=150000.0]]
2022-10-13 16:46:34 [http-nio-8082-exec-4] INFO  com.capstone.aspect.LoggerAspect - *************************************
2022-10-13 16:46:46 [http-nio-8082-exec-6] INFO  com.capstone.aspect.LoggerAspect - Method name: com.capstone.controller.accountinfoController
2022-10-13 16:46:46 [http-nio-8082-exec-6] INFO  com.capstone.aspect.LoggerAspect - Method arguments:[Ljava.lang.Object;@2f2c0a61
2022-10-13 16:46:46 [http-nio-8082-exec-6] INFO  com.capstone.aspect.LoggerAspect - *************************************
2022-10-13 16:46:46 [http-nio-8082-exec-6] INFO  com.capstone.aspect.LoggerAspect - Method name: com.capstone.service.accountinfoServiceImpl
2022-10-13 16:46:46 [http-nio-8082-exec-6] INFO  com.capstone.aspect.LoggerAspect - Method arguments:[Ljava.lang.Object;@6fadebf8
2022-10-13 16:46:46 [http-nio-8082-exec-6] INFO  com.capstone.aspect.LoggerAspect - *************************************
2022-10-13 16:46:46 [http-nio-8082-exec-6] INFO  com.capstone.aspect.LoggerAspect - During: class com.capstone.service.accountinfoServiceImpl.getAcountsByCustId() with arguments=[accountinfo [accno=202200051, custid=202200005, branch_name=Bengaluru, ifsc=NATW000123, savingsamount=3128.0], accountinfo [accno=202200053, custid=202200005, branch_name=Bengaluru, ifsc=NATW000123, savingsamount=150000.0]]
2022-10-13 16:46:46 [http-nio-8082-exec-6] INFO  com.capstone.aspect.LoggerAspect - *************************************
2022-10-13 16:46:46 [http-nio-8082-exec-6] INFO  com.capstone.aspect.LoggerAspect - During: class com.capstone.controller.accountinfoController.getsavingsAccount() with arguments=[accountinfo [accno=202200051, custid=202200005, branch_name=Bengaluru, ifsc=NATW000123, savingsamount=3128.0], accountinfo [accno=202200053, custid=202200005, branch_name=Bengaluru, ifsc=NATW000123, savingsamount=150000.0]]
2022-10-13 16:46:46 [http-nio-8082-exec-6] INFO  com.capstone.aspect.LoggerAspect - *************************************
2022-10-13 16:47:06 [http-nio-8082-exec-9] INFO  com.capstone.aspect.LoggerAspect - Method name: com.capstone.controller.accountinfoController
2022-10-13 16:47:06 [http-nio-8082-exec-9] INFO  com.capstone.aspect.LoggerAspect - Method arguments:[Ljava.lang.Object;@5be78047
2022-10-13 16:47:06 [http-nio-8082-exec-9] INFO  com.capstone.aspect.LoggerAspect - *************************************
2022-10-13 16:47:06 [http-nio-8082-exec-9] INFO  com.capstone.aspect.LoggerAspect - Method name: com.capstone.service.accountinfoServiceImpl
2022-10-13 16:47:06 [http-nio-8082-exec-9] INFO  com.capstone.aspect.LoggerAspect - Method arguments:[Ljava.lang.Object;@377a2be3
2022-10-13 16:47:06 [http-nio-8082-exec-9] INFO  com.capstone.aspect.LoggerAspect - *************************************
2022-10-13 16:47:06 [http-nio-8082-exec-9] INFO  com.capstone.aspect.LoggerAspect - During: class com.capstone.service.accountinfoServiceImpl.getAcountsByCustId() with arguments=[accountinfo [accno=202200051, custid=202200005, branch_name=Bengaluru, ifsc=NATW000123, savingsamount=3128.0], accountinfo [accno=202200053, custid=202200005, branch_name=Bengaluru, ifsc=NATW000123, savingsamount=150000.0]]
2022-10-13 16:47:06 [http-nio-8082-exec-9] INFO  com.capstone.aspect.LoggerAspect - *************************************
2022-10-13 16:47:06 [http-nio-8082-exec-9] INFO  com.capstone.aspect.LoggerAspect - During: class com.capstone.controller.accountinfoController.getsavingsAccount() with arguments=[accountinfo [accno=202200051, custid=202200005, branch_name=Bengaluru, ifsc=NATW000123, savingsamount=3128.0], accountinfo [accno=202200053, custid=202200005, branch_name=Bengaluru, ifsc=NATW000123, savingsamount=150000.0]]
2022-10-13 16:47:06 [http-nio-8082-exec-9] INFO  com.capstone.aspect.LoggerAspect - *************************************
2022-10-13 16:47:10 [http-nio-8082-exec-8] INFO  com.capstone.aspect.LoggerAspect - Method name: com.capstone.controller.accountinfoController
2022-10-13 16:47:10 [http-nio-8082-exec-8] INFO  com.capstone.aspect.LoggerAspect - Method arguments:[Ljava.lang.Object;@302d840b
2022-10-13 16:47:10 [http-nio-8082-exec-8] INFO  com.capstone.aspect.LoggerAspect - *************************************
2022-10-13 16:47:10 [http-nio-8082-exec-8] INFO  com.capstone.aspect.LoggerAspect - Method name: com.capstone.service.accountinfoServiceImpl
2022-10-13 16:47:10 [http-nio-8082-exec-8] INFO  com.capstone.aspect.LoggerAspect - Method arguments:[Ljava.lang.Object;@1cc0fe1f
2022-10-13 16:47:10 [http-nio-8082-exec-8] INFO  com.capstone.aspect.LoggerAspect - *************************************
2022-10-13 16:47:10 [http-nio-8082-exec-8] INFO  com.capstone.aspect.LoggerAspect - During: class com.capstone.service.accountinfoServiceImpl.getAcountsByCustId() with arguments=[accountinfo [accno=202200051, custid=202200005, branch_name=Bengaluru, ifsc=NATW000123, savingsamount=3128.0], accountinfo [accno=202200053, custid=202200005, branch_name=Bengaluru, ifsc=NATW000123, savingsamount=150000.0]]
2022-10-13 16:47:10 [http-nio-8082-exec-8] INFO  com.capstone.aspect.LoggerAspect - *************************************
2022-10-13 16:47:10 [http-nio-8082-exec-8] INFO  com.capstone.aspect.LoggerAspect - During: class com.capstone.controller.accountinfoController.getsavingsAccount() with arguments=[accountinfo [accno=202200051, custid=202200005, branch_name=Bengaluru, ifsc=NATW000123, savingsamount=3128.0], accountinfo [accno=202200053, custid=202200005, branch_name=Bengaluru, ifsc=NATW000123, savingsamount=150000.0]]
2022-10-13 16:47:10 [http-nio-8082-exec-8] INFO  com.capstone.aspect.LoggerAspect - *************************************
2022-10-13 16:47:27 [http-nio-8082-exec-1] INFO  com.capstone.aspect.LoggerAspect - Method name: com.capstone.controller.accountinfoController
2022-10-13 16:47:27 [http-nio-8082-exec-1] INFO  com.capstone.aspect.LoggerAspect - Method arguments:[Ljava.lang.Object;@39345360
2022-10-13 16:47:27 [http-nio-8082-exec-1] INFO  com.capstone.aspect.LoggerAspect - *************************************
2022-10-13 16:47:27 [http-nio-8082-exec-1] INFO  com.capstone.aspect.LoggerAspect - Method name: com.capstone.service.accountinfoServiceImpl
2022-10-13 16:47:27 [http-nio-8082-exec-1] INFO  com.capstone.aspect.LoggerAspect - Method arguments:[Ljava.lang.Object;@4afcca56
2022-10-13 16:47:27 [http-nio-8082-exec-1] INFO  com.capstone.aspect.LoggerAspect - *************************************
2022-10-13 16:47:27 [http-nio-8082-exec-1] INFO  com.capstone.aspect.LoggerAspect - During: class com.capstone.service.accountinfoServiceImpl.getAcountsByCustId() with arguments=[accountinfo [accno=202200051, custid=202200005, branch_name=Bengaluru, ifsc=NATW000123, savingsamount=3128.0], accountinfo [accno=202200053, custid=202200005, branch_name=Bengaluru, ifsc=NATW000123, savingsamount=150000.0]]
2022-10-13 16:47:27 [http-nio-8082-exec-1] INFO  com.capstone.aspect.LoggerAspect - *************************************
2022-10-13 16:47:27 [http-nio-8082-exec-1] INFO  com.capstone.aspect.LoggerAspect - During: class com.capstone.controller.accountinfoController.getsavingsAccount() with arguments=[accountinfo [accno=202200051, custid=202200005, branch_name=Bengaluru, ifsc=NATW000123, savingsamount=3128.0], accountinfo [accno=202200053, custid=202200005, branch_name=Bengaluru, ifsc=NATW000123, savingsamount=150000.0]]
2022-10-13 16:47:27 [http-nio-8082-exec-1] INFO  com.capstone.aspect.LoggerAspect - *************************************
2022-10-13 16:47:42 [http-nio-8082-exec-3] INFO  com.capstone.aspect.LoggerAspect - Method name: com.capstone.controller.accountinfoController
2022-10-13 16:47:42 [http-nio-8082-exec-3] INFO  com.capstone.aspect.LoggerAspect - Method arguments:[Ljava.lang.Object;@61342a48
2022-10-13 16:47:42 [http-nio-8082-exec-3] INFO  com.capstone.aspect.LoggerAspect - *************************************
2022-10-13 16:47:42 [http-nio-8082-exec-3] INFO  com.capstone.aspect.LoggerAspect - Method name: com.capstone.service.accountinfoServiceImpl
2022-10-13 16:47:42 [http-nio-8082-exec-3] INFO  com.capstone.aspect.LoggerAspect - Method arguments:[Ljava.lang.Object;@69b932a2
2022-10-13 16:47:42 [http-nio-8082-exec-3] INFO  com.capstone.aspect.LoggerAspect - *************************************
2022-10-13 16:47:42 [http-nio-8082-exec-3] INFO  com.capstone.aspect.LoggerAspect - During: class com.capstone.service.accountinfoServiceImpl.getAcountsByCustId() with arguments=[accountinfo [accno=202200051, custid=202200005, branch_name=Bengaluru, ifsc=NATW000123, savingsamount=3128.0], accountinfo [accno=202200053, custid=202200005, branch_name=Bengaluru, ifsc=NATW000123, savingsamount=150000.0]]
2022-10-13 16:47:42 [http-nio-8082-exec-3] INFO  com.capstone.aspect.LoggerAspect - *************************************
2022-10-13 16:47:42 [http-nio-8082-exec-3] INFO  com.capstone.aspect.LoggerAspect - During: class com.capstone.controller.accountinfoController.getsavingsAccount() with arguments=[accountinfo [accno=202200051, custid=202200005, branch_name=Bengaluru, ifsc=NATW000123, savingsamount=3128.0], accountinfo [accno=202200053, custid=202200005, branch_name=Bengaluru, ifsc=NATW000123, savingsamount=150000.0]]
2022-10-13 16:47:42 [http-nio-8082-exec-3] INFO  com.capstone.aspect.LoggerAspect - *************************************
2022-10-13 16:48:09 [http-nio-8082-exec-5] INFO  com.capstone.aspect.LoggerAspect - Method name: com.capstone.controller.accountinfoController
2022-10-13 16:48:09 [http-nio-8082-exec-5] INFO  com.capstone.aspect.LoggerAspect - Method arguments:[Ljava.lang.Object;@10284bc1
2022-10-13 16:48:09 [http-nio-8082-exec-5] INFO  com.capstone.aspect.LoggerAspect - *************************************
2022-10-13 16:48:09 [http-nio-8082-exec-5] INFO  com.capstone.aspect.LoggerAspect - Method name: com.capstone.service.accountinfoServiceImpl
2022-10-13 16:48:09 [http-nio-8082-exec-5] INFO  com.capstone.aspect.LoggerAspect - Method arguments:[Ljava.lang.Object;@51fba175
2022-10-13 16:48:09 [http-nio-8082-exec-5] INFO  com.capstone.aspect.LoggerAspect - *************************************
2022-10-13 16:48:09 [http-nio-8082-exec-5] INFO  com.capstone.aspect.LoggerAspect - During: class com.capstone.service.accountinfoServiceImpl.getAcountsByCustId() with arguments=[accountinfo [accno=202200051, custid=202200005, branch_name=Bengaluru, ifsc=NATW000123, savingsamount=3128.0], accountinfo [accno=202200053, custid=202200005, branch_name=Bengaluru, ifsc=NATW000123, savingsamount=150000.0]]
2022-10-13 16:48:09 [http-nio-8082-exec-5] INFO  com.capstone.aspect.LoggerAspect - *************************************
2022-10-13 16:48:09 [http-nio-8082-exec-5] INFO  com.capstone.aspect.LoggerAspect - During: class com.capstone.controller.accountinfoController.getsavingsAccount() with arguments=[accountinfo [accno=202200051, custid=202200005, branch_name=Bengaluru, ifsc=NATW000123, savingsamount=3128.0], accountinfo [accno=202200053, custid=202200005, branch_name=Bengaluru, ifsc=NATW000123, savingsamount=150000.0]]
2022-10-13 16:48:09 [http-nio-8082-exec-5] INFO  com.capstone.aspect.LoggerAspect - *************************************
2022-10-13 16:48:20 [http-nio-8082-exec-7] INFO  com.capstone.aspect.LoggerAspect - Method name: com.capstone.controller.accountinfoController
2022-10-13 16:48:20 [http-nio-8082-exec-7] INFO  com.capstone.aspect.LoggerAspect - Method arguments:[Ljava.lang.Object;@4fff00fb
2022-10-13 16:48:20 [http-nio-8082-exec-7] INFO  com.capstone.aspect.LoggerAspect - *************************************
2022-10-13 16:48:20 [http-nio-8082-exec-7] INFO  com.capstone.aspect.LoggerAspect - Method name: com.capstone.service.accountinfoServiceImpl
2022-10-13 16:48:20 [http-nio-8082-exec-7] INFO  com.capstone.aspect.LoggerAspect - Method arguments:[Ljava.lang.Object;@33818ada
2022-10-13 16:48:20 [http-nio-8082-exec-7] INFO  com.capstone.aspect.LoggerAspect - *************************************
2022-10-13 16:48:20 [http-nio-8082-exec-7] INFO  com.capstone.aspect.LoggerAspect - During: class com.capstone.service.accountinfoServiceImpl.getAcountsByCustId() with arguments=[accountinfo [accno=202200051, custid=202200005, branch_name=Bengaluru, ifsc=NATW000123, savingsamount=3128.0], accountinfo [accno=202200053, custid=202200005, branch_name=Bengaluru, ifsc=NATW000123, savingsamount=150000.0]]
2022-10-13 16:48:20 [http-nio-8082-exec-7] INFO  com.capstone.aspect.LoggerAspect - *************************************
2022-10-13 16:48:20 [http-nio-8082-exec-7] INFO  com.capstone.aspect.LoggerAspect - During: class com.capstone.controller.accountinfoController.getsavingsAccount() with arguments=[accountinfo [accno=202200051, custid=202200005, branch_name=Bengaluru, ifsc=NATW000123, savingsamount=3128.0], accountinfo [accno=202200053, custid=202200005, branch_name=Bengaluru, ifsc=NATW000123, savingsamount=150000.0]]
2022-10-13 16:48:20 [http-nio-8082-exec-7] INFO  com.capstone.aspect.LoggerAspect - *************************************
2022-10-13 16:48:25 [http-nio-8082-exec-8] INFO  com.capstone.aspect.LoggerAspect - Method name: com.capstone.controller.accountinfoController
2022-10-13 16:48:25 [http-nio-8082-exec-8] INFO  com.capstone.aspect.LoggerAspect - Method arguments:[Ljava.lang.Object;@43184baa
2022-10-13 16:48:25 [http-nio-8082-exec-8] INFO  com.capstone.aspect.LoggerAspect - *************************************
2022-10-13 16:48:25 [http-nio-8082-exec-8] INFO  com.capstone.aspect.LoggerAspect - Method name: com.capstone.service.accountinfoServiceImpl
2022-10-13 16:48:25 [http-nio-8082-exec-8] INFO  com.capstone.aspect.LoggerAspect - Method arguments:[Ljava.lang.Object;@3f49943e
2022-10-13 16:48:25 [http-nio-8082-exec-8] INFO  com.capstone.aspect.LoggerAspect - *************************************
2022-10-13 16:48:25 [http-nio-8082-exec-8] INFO  com.capstone.aspect.LoggerAspect - During: class com.capstone.service.accountinfoServiceImpl.getAcountsByCustId() with arguments=[accountinfo [accno=202200051, custid=202200005, branch_name=Bengaluru, ifsc=NATW000123, savingsamount=3128.0], accountinfo [accno=202200053, custid=202200005, branch_name=Bengaluru, ifsc=NATW000123, savingsamount=150000.0]]
2022-10-13 16:48:25 [http-nio-8082-exec-8] INFO  com.capstone.aspect.LoggerAspect - *************************************
2022-10-13 16:48:25 [http-nio-8082-exec-8] INFO  com.capstone.aspect.LoggerAspect - During: class com.capstone.controller.accountinfoController.getsavingsAccount() with arguments=[accountinfo [accno=202200051, custid=202200005, branch_name=Bengaluru, ifsc=NATW000123, savingsamount=3128.0], accountinfo [accno=202200053, custid=202200005, branch_name=Bengaluru, ifsc=NATW000123, savingsamount=150000.0]]
2022-10-13 16:48:25 [http-nio-8082-exec-8] INFO  com.capstone.aspect.LoggerAspect - *************************************
2022-10-13 16:49:18 [AsyncResolver-bootstrap-executor-0] INFO  c.n.d.s.r.aws.ConfigClusterResolver - Resolving eureka endpoints via configuration
2022-10-13 16:49:22 [http-nio-8082-exec-1] INFO  com.capstone.aspect.LoggerAspect - Method name: com.capstone.controller.accountinfoController
2022-10-13 16:49:22 [http-nio-8082-exec-1] INFO  com.capstone.aspect.LoggerAspect - Method arguments:[Ljava.lang.Object;@273d6456
2022-10-13 16:49:22 [http-nio-8082-exec-1] INFO  com.capstone.aspect.LoggerAspect - *************************************
2022-10-13 16:49:22 [http-nio-8082-exec-1] INFO  com.capstone.aspect.LoggerAspect - Method name: com.capstone.service.accountinfoServiceImpl
2022-10-13 16:49:22 [http-nio-8082-exec-1] INFO  com.capstone.aspect.LoggerAspect - Method arguments:[Ljava.lang.Object;@7dc3402d
2022-10-13 16:49:22 [http-nio-8082-exec-1] INFO  com.capstone.aspect.LoggerAspect - *************************************
2022-10-13 16:49:22 [http-nio-8082-exec-1] INFO  com.capstone.aspect.LoggerAspect - During: class com.capstone.service.accountinfoServiceImpl.getAcountsByCustId() with arguments=[accountinfo [accno=202200051, custid=202200005, branch_name=Bengaluru, ifsc=NATW000123, savingsamount=3128.0], accountinfo [accno=202200053, custid=202200005, branch_name=Bengaluru, ifsc=NATW000123, savingsamount=150000.0]]
2022-10-13 16:49:22 [http-nio-8082-exec-1] INFO  com.capstone.aspect.LoggerAspect - *************************************
2022-10-13 16:49:22 [http-nio-8082-exec-1] INFO  com.capstone.aspect.LoggerAspect - During: class com.capstone.controller.accountinfoController.getsavingsAccount() with arguments=[accountinfo [accno=202200051, custid=202200005, branch_name=Bengaluru, ifsc=NATW000123, savingsamount=3128.0], accountinfo [accno=202200053, custid=202200005, branch_name=Bengaluru, ifsc=NATW000123, savingsamount=150000.0]]
2022-10-13 16:49:22 [http-nio-8082-exec-1] INFO  com.capstone.aspect.LoggerAspect - *************************************
2022-10-13 16:50:04 [http-nio-8082-exec-3] INFO  com.capstone.aspect.LoggerAspect - Method name: com.capstone.controller.accountinfoController
2022-10-13 16:50:04 [http-nio-8082-exec-3] INFO  com.capstone.aspect.LoggerAspect - Method arguments:[Ljava.lang.Object;@7443f0f6
2022-10-13 16:50:04 [http-nio-8082-exec-3] INFO  com.capstone.aspect.LoggerAspect - *************************************
2022-10-13 16:50:04 [http-nio-8082-exec-3] INFO  com.capstone.aspect.LoggerAspect - Method name: com.capstone.service.accountinfoServiceImpl
2022-10-13 16:50:04 [http-nio-8082-exec-3] INFO  com.capstone.aspect.LoggerAspect - Method arguments:[Ljava.lang.Object;@49ab1a59
2022-10-13 16:50:04 [http-nio-8082-exec-3] INFO  com.capstone.aspect.LoggerAspect - *************************************
2022-10-13 16:50:04 [http-nio-8082-exec-3] INFO  com.capstone.aspect.LoggerAspect - During: class com.capstone.service.accountinfoServiceImpl.getAcountsByCustId() with arguments=[accountinfo [accno=202200051, custid=202200005, branch_name=Bengaluru, ifsc=NATW000123, savingsamount=3128.0], accountinfo [accno=202200053, custid=202200005, branch_name=Bengaluru, ifsc=NATW000123, savingsamount=150000.0]]
2022-10-13 16:50:04 [http-nio-8082-exec-3] INFO  com.capstone.aspect.LoggerAspect - *************************************
2022-10-13 16:50:04 [http-nio-8082-exec-3] INFO  com.capstone.aspect.LoggerAspect - During: class com.capstone.controller.accountinfoController.getsavingsAccount() with arguments=[accountinfo [accno=202200051, custid=202200005, branch_name=Bengaluru, ifsc=NATW000123, savingsamount=3128.0], accountinfo [accno=202200053, custid=202200005, branch_name=Bengaluru, ifsc=NATW000123, savingsamount=150000.0]]
2022-10-13 16:50:04 [http-nio-8082-exec-3] INFO  com.capstone.aspect.LoggerAspect - *************************************
2022-10-13 16:51:17 [http-nio-8082-exec-5] INFO  com.capstone.aspect.LoggerAspect - Method name: com.capstone.controller.accountinfoController
2022-10-13 16:51:17 [http-nio-8082-exec-5] INFO  com.capstone.aspect.LoggerAspect - Method arguments:[Ljava.lang.Object;@15416a7b
2022-10-13 16:51:17 [http-nio-8082-exec-5] INFO  com.capstone.aspect.LoggerAspect - *************************************
2022-10-13 16:51:17 [http-nio-8082-exec-5] INFO  com.capstone.aspect.LoggerAspect - Method name: com.capstone.service.accountinfoServiceImpl
2022-10-13 16:51:17 [http-nio-8082-exec-5] INFO  com.capstone.aspect.LoggerAspect - Method arguments:[Ljava.lang.Object;@32e73806
2022-10-13 16:51:17 [http-nio-8082-exec-5] INFO  com.capstone.aspect.LoggerAspect - *************************************
2022-10-13 16:51:18 [http-nio-8082-exec-5] INFO  com.capstone.aspect.LoggerAspect - During: class com.capstone.service.accountinfoServiceImpl.getAcountsByCustId() with arguments=[accountinfo [accno=202200051, custid=202200005, branch_name=Bengaluru, ifsc=NATW000123, savingsamount=3128.0], accountinfo [accno=202200053, custid=202200005, branch_name=Bengaluru, ifsc=NATW000123, savingsamount=150000.0]]
2022-10-13 16:51:18 [http-nio-8082-exec-5] INFO  com.capstone.aspect.LoggerAspect - *************************************
2022-10-13 16:51:18 [http-nio-8082-exec-5] INFO  com.capstone.aspect.LoggerAspect - During: class com.capstone.controller.accountinfoController.getsavingsAccount() with arguments=[accountinfo [accno=202200051, custid=202200005, branch_name=Bengaluru, ifsc=NATW000123, savingsamount=3128.0], accountinfo [accno=202200053, custid=202200005, branch_name=Bengaluru, ifsc=NATW000123, savingsamount=150000.0]]
2022-10-13 16:51:18 [http-nio-8082-exec-5] INFO  com.capstone.aspect.LoggerAspect - *************************************
2022-10-13 16:51:58 [http-nio-8082-exec-7] INFO  com.capstone.aspect.LoggerAspect - Method name: com.capstone.controller.accountinfoController
2022-10-13 16:51:58 [http-nio-8082-exec-7] INFO  com.capstone.aspect.LoggerAspect - Method arguments:[Ljava.lang.Object;@6dd43ece
2022-10-13 16:51:58 [http-nio-8082-exec-7] INFO  com.capstone.aspect.LoggerAspect - *************************************
2022-10-13 16:51:58 [http-nio-8082-exec-7] INFO  com.capstone.aspect.LoggerAspect - Method name: com.capstone.service.accountinfoServiceImpl
2022-10-13 16:51:58 [http-nio-8082-exec-7] INFO  com.capstone.aspect.LoggerAspect - Method arguments:[Ljava.lang.Object;@d3401e4
2022-10-13 16:51:58 [http-nio-8082-exec-7] INFO  com.capstone.aspect.LoggerAspect - *************************************
2022-10-13 16:51:58 [http-nio-8082-exec-7] INFO  com.capstone.aspect.LoggerAspect - During: class com.capstone.service.accountinfoServiceImpl.getAcountsByCustId() with arguments=[accountinfo [accno=202200051, custid=202200005, branch_name=Bengaluru, ifsc=NATW000123, savingsamount=3128.0], accountinfo [accno=202200053, custid=202200005, branch_name=Bengaluru, ifsc=NATW000123, savingsamount=150000.0]]
2022-10-13 16:51:58 [http-nio-8082-exec-7] INFO  com.capstone.aspect.LoggerAspect - *************************************
2022-10-13 16:51:58 [http-nio-8082-exec-7] INFO  com.capstone.aspect.LoggerAspect - During: class com.capstone.controller.accountinfoController.getsavingsAccount() with arguments=[accountinfo [accno=202200051, custid=202200005, branch_name=Bengaluru, ifsc=NATW000123, savingsamount=3128.0], accountinfo [accno=202200053, custid=202200005, branch_name=Bengaluru, ifsc=NATW000123, savingsamount=150000.0]]
2022-10-13 16:51:58 [http-nio-8082-exec-7] INFO  com.capstone.aspect.LoggerAspect - *************************************
2022-10-13 16:52:01 [http-nio-8082-exec-9] INFO  com.capstone.aspect.LoggerAspect - Method name: com.capstone.controller.accountinfoController
2022-10-13 16:52:01 [http-nio-8082-exec-9] INFO  com.capstone.aspect.LoggerAspect - Method arguments:[Ljava.lang.Object;@1f6409f6
2022-10-13 16:52:01 [http-nio-8082-exec-9] INFO  com.capstone.aspect.LoggerAspect - *************************************
2022-10-13 16:52:01 [http-nio-8082-exec-9] INFO  com.capstone.aspect.LoggerAspect - Method name: com.capstone.service.accountinfoServiceImpl
2022-10-13 16:52:01 [http-nio-8082-exec-9] INFO  com.capstone.aspect.LoggerAspect - Method arguments:[Ljava.lang.Object;@20b46d51
2022-10-13 16:52:01 [http-nio-8082-exec-9] INFO  com.capstone.aspect.LoggerAspect - *************************************
2022-10-13 16:52:01 [http-nio-8082-exec-9] INFO  com.capstone.aspect.LoggerAspect - During: class com.capstone.service.accountinfoServiceImpl.getAcountsByCustId() with arguments=[accountinfo [accno=202200051, custid=202200005, branch_name=Bengaluru, ifsc=NATW000123, savingsamount=3128.0], accountinfo [accno=202200053, custid=202200005, branch_name=Bengaluru, ifsc=NATW000123, savingsamount=150000.0]]
2022-10-13 16:52:01 [http-nio-8082-exec-9] INFO  com.capstone.aspect.LoggerAspect - *************************************
2022-10-13 16:52:01 [http-nio-8082-exec-9] INFO  com.capstone.aspect.LoggerAspect - During: class com.capstone.controller.accountinfoController.getsavingsAccount() with arguments=[accountinfo [accno=202200051, custid=202200005, branch_name=Bengaluru, ifsc=NATW000123, savingsamount=3128.0], accountinfo [accno=202200053, custid=202200005, branch_name=Bengaluru, ifsc=NATW000123, savingsamount=150000.0]]
2022-10-13 16:52:01 [http-nio-8082-exec-9] INFO  com.capstone.aspect.LoggerAspect - *************************************
2022-10-13 16:52:10 [http-nio-8082-exec-10] INFO  com.capstone.aspect.LoggerAspect - Method name: com.capstone.controller.accountinfoController
2022-10-13 16:52:10 [http-nio-8082-exec-10] INFO  com.capstone.aspect.LoggerAspect - Method arguments:[Ljava.lang.Object;@2dd67159
2022-10-13 16:52:10 [http-nio-8082-exec-10] INFO  com.capstone.aspect.LoggerAspect - *************************************
2022-10-13 16:52:10 [http-nio-8082-exec-10] INFO  com.capstone.aspect.LoggerAspect - Method name: com.capstone.service.accountinfoServiceImpl
2022-10-13 16:52:10 [http-nio-8082-exec-10] INFO  com.capstone.aspect.LoggerAspect - Method arguments:[Ljava.lang.Object;@1731c3e6
2022-10-13 16:52:10 [http-nio-8082-exec-10] INFO  com.capstone.aspect.LoggerAspect - *************************************
2022-10-13 16:52:10 [http-nio-8082-exec-10] INFO  com.capstone.aspect.LoggerAspect - During: class com.capstone.service.accountinfoServiceImpl.getAcountsByCustId() with arguments=[accountinfo [accno=202200051, custid=202200005, branch_name=Bengaluru, ifsc=NATW000123, savingsamount=3128.0], accountinfo [accno=202200053, custid=202200005, branch_name=Bengaluru, ifsc=NATW000123, savingsamount=150000.0]]
2022-10-13 16:52:10 [http-nio-8082-exec-10] INFO  com.capstone.aspect.LoggerAspect - *************************************
2022-10-13 16:52:10 [http-nio-8082-exec-10] INFO  com.capstone.aspect.LoggerAspect - During: class com.capstone.controller.accountinfoController.getsavingsAccount() with arguments=[accountinfo [accno=202200051, custid=202200005, branch_name=Bengaluru, ifsc=NATW000123, savingsamount=3128.0], accountinfo [accno=202200053, custid=202200005, branch_name=Bengaluru, ifsc=NATW000123, savingsamount=150000.0]]
2022-10-13 16:52:10 [http-nio-8082-exec-10] INFO  com.capstone.aspect.LoggerAspect - *************************************
2022-10-13 16:52:16 [http-nio-8082-exec-2] INFO  com.capstone.aspect.LoggerAspect - Method name: com.capstone.controller.accountinfoController
2022-10-13 16:52:16 [http-nio-8082-exec-2] INFO  com.capstone.aspect.LoggerAspect - Method arguments:[Ljava.lang.Object;@68e3cc75
2022-10-13 16:52:16 [http-nio-8082-exec-2] INFO  com.capstone.aspect.LoggerAspect - *************************************
2022-10-13 16:52:16 [http-nio-8082-exec-2] INFO  com.capstone.aspect.LoggerAspect - Method name: com.capstone.service.accountinfoServiceImpl
2022-10-13 16:52:16 [http-nio-8082-exec-2] INFO  com.capstone.aspect.LoggerAspect - Method arguments:[Ljava.lang.Object;@1164820b
2022-10-13 16:52:16 [http-nio-8082-exec-2] INFO  com.capstone.aspect.LoggerAspect - *************************************
2022-10-13 16:52:16 [http-nio-8082-exec-2] INFO  com.capstone.aspect.LoggerAspect - During: class com.capstone.service.accountinfoServiceImpl.getAcountsByCustId() with arguments=[accountinfo [accno=202200051, custid=202200005, branch_name=Bengaluru, ifsc=NATW000123, savingsamount=3128.0], accountinfo [accno=202200053, custid=202200005, branch_name=Bengaluru, ifsc=NATW000123, savingsamount=150000.0]]
2022-10-13 16:52:16 [http-nio-8082-exec-2] INFO  com.capstone.aspect.LoggerAspect - *************************************
2022-10-13 16:52:16 [http-nio-8082-exec-2] INFO  com.capstone.aspect.LoggerAspect - During: class com.capstone.controller.accountinfoController.getsavingsAccount() with arguments=[accountinfo [accno=202200051, custid=202200005, branch_name=Bengaluru, ifsc=NATW000123, savingsamount=3128.0], accountinfo [accno=202200053, custid=202200005, branch_name=Bengaluru, ifsc=NATW000123, savingsamount=150000.0]]
2022-10-13 16:52:16 [http-nio-8082-exec-2] INFO  com.capstone.aspect.LoggerAspect - *************************************
2022-10-13 16:52:20 [http-nio-8082-exec-3] INFO  com.capstone.aspect.LoggerAspect - Method name: com.capstone.controller.accountinfoController
2022-10-13 16:52:20 [http-nio-8082-exec-3] INFO  com.capstone.aspect.LoggerAspect - Method arguments:[Ljava.lang.Object;@48d8323b
2022-10-13 16:52:20 [http-nio-8082-exec-3] INFO  com.capstone.aspect.LoggerAspect - *************************************
2022-10-13 16:52:20 [http-nio-8082-exec-3] INFO  com.capstone.aspect.LoggerAspect - Method name: com.capstone.service.accountinfoServiceImpl
2022-10-13 16:52:20 [http-nio-8082-exec-3] INFO  com.capstone.aspect.LoggerAspect - Method arguments:[Ljava.lang.Object;@6dab0bb4
2022-10-13 16:52:20 [http-nio-8082-exec-3] INFO  com.capstone.aspect.LoggerAspect - *************************************
2022-10-13 16:52:20 [http-nio-8082-exec-3] INFO  com.capstone.aspect.LoggerAspect - During: class com.capstone.service.accountinfoServiceImpl.getAcountsByCustId() with arguments=[accountinfo [accno=202200051, custid=202200005, branch_name=Bengaluru, ifsc=NATW000123, savingsamount=3128.0], accountinfo [accno=202200053, custid=202200005, branch_name=Bengaluru, ifsc=NATW000123, savingsamount=150000.0]]
2022-10-13 16:52:20 [http-nio-8082-exec-3] INFO  com.capstone.aspect.LoggerAspect - *************************************
2022-10-13 16:52:20 [http-nio-8082-exec-3] INFO  com.capstone.aspect.LoggerAspect - During: class com.capstone.controller.accountinfoController.getsavingsAccount() with arguments=[accountinfo [accno=202200051, custid=202200005, branch_name=Bengaluru, ifsc=NATW000123, savingsamount=3128.0], accountinfo [accno=202200053, custid=202200005, branch_name=Bengaluru, ifsc=NATW000123, savingsamount=150000.0]]
2022-10-13 16:52:20 [http-nio-8082-exec-3] INFO  com.capstone.aspect.LoggerAspect - *************************************
2022-10-13 16:52:40 [http-nio-8082-exec-5] INFO  com.capstone.aspect.LoggerAspect - Method name: com.capstone.controller.accountinfoController
2022-10-13 16:52:40 [http-nio-8082-exec-5] INFO  com.capstone.aspect.LoggerAspect - Method arguments:[Ljava.lang.Object;@6062af14
2022-10-13 16:52:40 [http-nio-8082-exec-5] INFO  com.capstone.aspect.LoggerAspect - *************************************
2022-10-13 16:52:40 [http-nio-8082-exec-5] INFO  com.capstone.aspect.LoggerAspect - Method name: com.capstone.service.accountinfoServiceImpl
2022-10-13 16:52:40 [http-nio-8082-exec-5] INFO  com.capstone.aspect.LoggerAspect - Method arguments:[Ljava.lang.Object;@324311bf
2022-10-13 16:52:40 [http-nio-8082-exec-5] INFO  com.capstone.aspect.LoggerAspect - *************************************
2022-10-13 16:52:40 [http-nio-8082-exec-5] INFO  com.capstone.aspect.LoggerAspect - During: class com.capstone.service.accountinfoServiceImpl.getAcountsByCustId() with arguments=[accountinfo [accno=202200051, custid=202200005, branch_name=Bengaluru, ifsc=NATW000123, savingsamount=3128.0], accountinfo [accno=202200053, custid=202200005, branch_name=Bengaluru, ifsc=NATW000123, savingsamount=150000.0]]
2022-10-13 16:52:40 [http-nio-8082-exec-5] INFO  com.capstone.aspect.LoggerAspect - *************************************
2022-10-13 16:52:40 [http-nio-8082-exec-5] INFO  com.capstone.aspect.LoggerAspect - During: class com.capstone.controller.accountinfoController.getsavingsAccount() with arguments=[accountinfo [accno=202200051, custid=202200005, branch_name=Bengaluru, ifsc=NATW000123, savingsamount=3128.0], accountinfo [accno=202200053, custid=202200005, branch_name=Bengaluru, ifsc=NATW000123, savingsamount=150000.0]]
2022-10-13 16:52:40 [http-nio-8082-exec-5] INFO  com.capstone.aspect.LoggerAspect - *************************************
2022-10-13 16:52:51 [http-nio-8082-exec-7] INFO  com.capstone.aspect.LoggerAspect - Method name: com.capstone.controller.accountinfoController
2022-10-13 16:52:51 [http-nio-8082-exec-7] INFO  com.capstone.aspect.LoggerAspect - Method arguments:[Ljava.lang.Object;@49e4ff7d
2022-10-13 16:52:51 [http-nio-8082-exec-7] INFO  com.capstone.aspect.LoggerAspect - *************************************
2022-10-13 16:52:51 [http-nio-8082-exec-7] INFO  com.capstone.aspect.LoggerAspect - Method name: com.capstone.service.accountinfoServiceImpl
2022-10-13 16:52:51 [http-nio-8082-exec-7] INFO  com.capstone.aspect.LoggerAspect - Method arguments:[Ljava.lang.Object;@5813315b
2022-10-13 16:52:51 [http-nio-8082-exec-7] INFO  com.capstone.aspect.LoggerAspect - *************************************
2022-10-13 16:52:51 [http-nio-8082-exec-7] INFO  com.capstone.aspect.LoggerAspect - During: class com.capstone.service.accountinfoServiceImpl.getAcountsByCustId() with arguments=[accountinfo [accno=202200051, custid=202200005, branch_name=Bengaluru, ifsc=NATW000123, savingsamount=3128.0], accountinfo [accno=202200053, custid=202200005, branch_name=Bengaluru, ifsc=NATW000123, savingsamount=150000.0]]
2022-10-13 16:52:51 [http-nio-8082-exec-7] INFO  com.capstone.aspect.LoggerAspect - *************************************
2022-10-13 16:52:51 [http-nio-8082-exec-7] INFO  com.capstone.aspect.LoggerAspect - During: class com.capstone.controller.accountinfoController.getsavingsAccount() with arguments=[accountinfo [accno=202200051, custid=202200005, branch_name=Bengaluru, ifsc=NATW000123, savingsamount=3128.0], accountinfo [accno=202200053, custid=202200005, branch_name=Bengaluru, ifsc=NATW000123, savingsamount=150000.0]]
2022-10-13 16:52:51 [http-nio-8082-exec-7] INFO  com.capstone.aspect.LoggerAspect - *************************************
2022-10-13 16:52:54 [http-nio-8082-exec-9] INFO  com.capstone.aspect.LoggerAspect - Method name: com.capstone.controller.accountinfoController
2022-10-13 16:52:54 [http-nio-8082-exec-9] INFO  com.capstone.aspect.LoggerAspect - Method arguments:[Ljava.lang.Object;@7c3c72c
2022-10-13 16:52:54 [http-nio-8082-exec-9] INFO  com.capstone.aspect.LoggerAspect - *************************************
2022-10-13 16:52:54 [http-nio-8082-exec-9] INFO  com.capstone.aspect.LoggerAspect - Method name: com.capstone.service.accountinfoServiceImpl
2022-10-13 16:52:54 [http-nio-8082-exec-9] INFO  com.capstone.aspect.LoggerAspect - Method arguments:[Ljava.lang.Object;@575d02ff
2022-10-13 16:52:54 [http-nio-8082-exec-9] INFO  com.capstone.aspect.LoggerAspect - *************************************
2022-10-13 16:52:54 [http-nio-8082-exec-9] INFO  com.capstone.aspect.LoggerAspect - During: class com.capstone.service.accountinfoServiceImpl.getAcountsByCustId() with arguments=[accountinfo [accno=202200051, custid=202200005, branch_name=Bengaluru, ifsc=NATW000123, savingsamount=3128.0], accountinfo [accno=202200053, custid=202200005, branch_name=Bengaluru, ifsc=NATW000123, savingsamount=150000.0]]
2022-10-13 16:52:54 [http-nio-8082-exec-9] INFO  com.capstone.aspect.LoggerAspect - *************************************
2022-10-13 16:52:54 [http-nio-8082-exec-9] INFO  com.capstone.aspect.LoggerAspect - During: class com.capstone.controller.accountinfoController.getsavingsAccount() with arguments=[accountinfo [accno=202200051, custid=202200005, branch_name=Bengaluru, ifsc=NATW000123, savingsamount=3128.0], accountinfo [accno=202200053, custid=202200005, branch_name=Bengaluru, ifsc=NATW000123, savingsamount=150000.0]]
2022-10-13 16:52:54 [http-nio-8082-exec-9] INFO  com.capstone.aspect.LoggerAspect - *************************************
2022-10-13 16:53:09 [http-nio-8082-exec-10] INFO  com.capstone.aspect.LoggerAspect - Method name: com.capstone.controller.accountinfoController
2022-10-13 16:53:09 [http-nio-8082-exec-10] INFO  com.capstone.aspect.LoggerAspect - Method arguments:[Ljava.lang.Object;@12392170
2022-10-13 16:53:09 [http-nio-8082-exec-10] INFO  com.capstone.aspect.LoggerAspect - *************************************
2022-10-13 16:53:09 [http-nio-8082-exec-10] INFO  com.capstone.aspect.LoggerAspect - Method name: com.capstone.service.accountinfoServiceImpl
2022-10-13 16:53:09 [http-nio-8082-exec-10] INFO  com.capstone.aspect.LoggerAspect - Method arguments:[Ljava.lang.Object;@d90ab73
2022-10-13 16:53:09 [http-nio-8082-exec-10] INFO  com.capstone.aspect.LoggerAspect - *************************************
2022-10-13 16:53:09 [http-nio-8082-exec-10] INFO  com.capstone.aspect.LoggerAspect - During: class com.capstone.service.accountinfoServiceImpl.getAcountsByCustId() with arguments=[accountinfo [accno=202200051, custid=202200005, branch_name=Bengaluru, ifsc=NATW000123, savingsamount=3128.0], accountinfo [accno=202200053, custid=202200005, branch_name=Bengaluru, ifsc=NATW000123, savingsamount=150000.0]]
2022-10-13 16:53:09 [http-nio-8082-exec-10] INFO  com.capstone.aspect.LoggerAspect - *************************************
2022-10-13 16:53:09 [http-nio-8082-exec-10] INFO  com.capstone.aspect.LoggerAspect - During: class com.capstone.controller.accountinfoController.getsavingsAccount() with arguments=[accountinfo [accno=202200051, custid=202200005, branch_name=Bengaluru, ifsc=NATW000123, savingsamount=3128.0], accountinfo [accno=202200053, custid=202200005, branch_name=Bengaluru, ifsc=NATW000123, savingsamount=150000.0]]
2022-10-13 16:53:09 [http-nio-8082-exec-10] INFO  com.capstone.aspect.LoggerAspect - *************************************
2022-10-13 16:53:34 [http-nio-8082-exec-2] INFO  com.capstone.aspect.LoggerAspect - Method name: com.capstone.controller.accountinfoController
2022-10-13 16:53:34 [http-nio-8082-exec-2] INFO  com.capstone.aspect.LoggerAspect - Method arguments:[Ljava.lang.Object;@3a68f11f
2022-10-13 16:53:34 [http-nio-8082-exec-2] INFO  com.capstone.aspect.LoggerAspect - *************************************
2022-10-13 16:53:34 [http-nio-8082-exec-2] INFO  com.capstone.aspect.LoggerAspect - Method name: com.capstone.service.accountinfoServiceImpl
2022-10-13 16:53:34 [http-nio-8082-exec-2] INFO  com.capstone.aspect.LoggerAspect - Method arguments:[Ljava.lang.Object;@5c9c0ab
2022-10-13 16:53:34 [http-nio-8082-exec-2] INFO  com.capstone.aspect.LoggerAspect - *************************************
2022-10-13 16:53:34 [http-nio-8082-exec-2] INFO  com.capstone.aspect.LoggerAspect - During: class com.capstone.service.accountinfoServiceImpl.getAcountsByCustId() with arguments=[accountinfo [accno=202200051, custid=202200005, branch_name=Bengaluru, ifsc=NATW000123, savingsamount=3128.0], accountinfo [accno=202200053, custid=202200005, branch_name=Bengaluru, ifsc=NATW000123, savingsamount=150000.0]]
2022-10-13 16:53:34 [http-nio-8082-exec-2] INFO  com.capstone.aspect.LoggerAspect - *************************************
2022-10-13 16:53:34 [http-nio-8082-exec-2] INFO  com.capstone.aspect.LoggerAspect - During: class com.capstone.controller.accountinfoController.getsavingsAccount() with arguments=[accountinfo [accno=202200051, custid=202200005, branch_name=Bengaluru, ifsc=NATW000123, savingsamount=3128.0], accountinfo [accno=202200053, custid=202200005, branch_name=Bengaluru, ifsc=NATW000123, savingsamount=150000.0]]
2022-10-13 16:53:34 [http-nio-8082-exec-2] INFO  com.capstone.aspect.LoggerAspect - *************************************
2022-10-13 16:53:41 [http-nio-8082-exec-4] INFO  com.capstone.aspect.LoggerAspect - Method name: com.capstone.controller.accountinfoController
2022-10-13 16:53:41 [http-nio-8082-exec-4] INFO  com.capstone.aspect.LoggerAspect - Method arguments:[Ljava.lang.Object;@3f45d84
2022-10-13 16:53:41 [http-nio-8082-exec-4] INFO  com.capstone.aspect.LoggerAspect - *************************************
2022-10-13 16:53:41 [http-nio-8082-exec-4] INFO  com.capstone.aspect.LoggerAspect - Method name: com.capstone.service.accountinfoServiceImpl
2022-10-13 16:53:41 [http-nio-8082-exec-4] INFO  com.capstone.aspect.LoggerAspect - Method arguments:[Ljava.lang.Object;@64068769
2022-10-13 16:53:41 [http-nio-8082-exec-4] INFO  com.capstone.aspect.LoggerAspect - *************************************
2022-10-13 16:53:41 [http-nio-8082-exec-4] INFO  com.capstone.aspect.LoggerAspect - During: class com.capstone.service.accountinfoServiceImpl.getAcountsByCustId() with arguments=[accountinfo [accno=202200051, custid=202200005, branch_name=Bengaluru, ifsc=NATW000123, savingsamount=3128.0], accountinfo [accno=202200053, custid=202200005, branch_name=Bengaluru, ifsc=NATW000123, savingsamount=150000.0]]
2022-10-13 16:53:41 [http-nio-8082-exec-4] INFO  com.capstone.aspect.LoggerAspect - *************************************
2022-10-13 16:53:41 [http-nio-8082-exec-4] INFO  com.capstone.aspect.LoggerAspect - During: class com.capstone.controller.accountinfoController.getsavingsAccount() with arguments=[accountinfo [accno=202200051, custid=202200005, branch_name=Bengaluru, ifsc=NATW000123, savingsamount=3128.0], accountinfo [accno=202200053, custid=202200005, branch_name=Bengaluru, ifsc=NATW000123, savingsamount=150000.0]]
2022-10-13 16:53:41 [http-nio-8082-exec-4] INFO  com.capstone.aspect.LoggerAspect - *************************************
2022-10-13 16:54:06 [http-nio-8082-exec-6] INFO  com.capstone.aspect.LoggerAspect - Method name: com.capstone.controller.accountinfoController
2022-10-13 16:54:06 [http-nio-8082-exec-6] INFO  com.capstone.aspect.LoggerAspect - Method arguments:[Ljava.lang.Object;@cf5f498
2022-10-13 16:54:06 [http-nio-8082-exec-6] INFO  com.capstone.aspect.LoggerAspect - *************************************
2022-10-13 16:54:06 [http-nio-8082-exec-6] INFO  com.capstone.aspect.LoggerAspect - Method name: com.capstone.service.accountinfoServiceImpl
2022-10-13 16:54:06 [http-nio-8082-exec-6] INFO  com.capstone.aspect.LoggerAspect - Method arguments:[Ljava.lang.Object;@3d9c6b4e
2022-10-13 16:54:06 [http-nio-8082-exec-6] INFO  com.capstone.aspect.LoggerAspect - *************************************
2022-10-13 16:54:06 [http-nio-8082-exec-6] INFO  com.capstone.aspect.LoggerAspect - During: class com.capstone.service.accountinfoServiceImpl.getAcountsByCustId() with arguments=[accountinfo [accno=202200051, custid=202200005, branch_name=Bengaluru, ifsc=NATW000123, savingsamount=3128.0], accountinfo [accno=202200053, custid=202200005, branch_name=Bengaluru, ifsc=NATW000123, savingsamount=150000.0]]
2022-10-13 16:54:06 [http-nio-8082-exec-6] INFO  com.capstone.aspect.LoggerAspect - *************************************
2022-10-13 16:54:06 [http-nio-8082-exec-6] INFO  com.capstone.aspect.LoggerAspect - During: class com.capstone.controller.accountinfoController.getsavingsAccount() with arguments=[accountinfo [accno=202200051, custid=202200005, branch_name=Bengaluru, ifsc=NATW000123, savingsamount=3128.0], accountinfo [accno=202200053, custid=202200005, branch_name=Bengaluru, ifsc=NATW000123, savingsamount=150000.0]]
2022-10-13 16:54:06 [http-nio-8082-exec-6] INFO  com.capstone.aspect.LoggerAspect - *************************************
2022-10-13 16:54:18 [AsyncResolver-bootstrap-executor-0] INFO  c.n.d.s.r.aws.ConfigClusterResolver - Resolving eureka endpoints via configuration
2022-10-13 16:54:28 [http-nio-8082-exec-9] INFO  com.capstone.aspect.LoggerAspect - Method name: com.capstone.controller.accountinfoController
2022-10-13 16:54:28 [http-nio-8082-exec-9] INFO  com.capstone.aspect.LoggerAspect - Method arguments:[Ljava.lang.Object;@4eb72158
2022-10-13 16:54:28 [http-nio-8082-exec-9] INFO  com.capstone.aspect.LoggerAspect - *************************************
2022-10-13 16:54:28 [http-nio-8082-exec-9] INFO  com.capstone.aspect.LoggerAspect - Method name: com.capstone.service.accountinfoServiceImpl
2022-10-13 16:54:28 [http-nio-8082-exec-9] INFO  com.capstone.aspect.LoggerAspect - Method arguments:[Ljava.lang.Object;@59ca0dc3
2022-10-13 16:54:28 [http-nio-8082-exec-9] INFO  com.capstone.aspect.LoggerAspect - *************************************
2022-10-13 16:54:28 [http-nio-8082-exec-9] INFO  com.capstone.aspect.LoggerAspect - During: class com.capstone.service.accountinfoServiceImpl.getAcountsByCustId() with arguments=[accountinfo [accno=202200051, custid=202200005, branch_name=Bengaluru, ifsc=NATW000123, savingsamount=3128.0], accountinfo [accno=202200053, custid=202200005, branch_name=Bengaluru, ifsc=NATW000123, savingsamount=150000.0]]
2022-10-13 16:54:28 [http-nio-8082-exec-9] INFO  com.capstone.aspect.LoggerAspect - *************************************
2022-10-13 16:54:28 [http-nio-8082-exec-9] INFO  com.capstone.aspect.LoggerAspect - During: class com.capstone.controller.accountinfoController.getsavingsAccount() with arguments=[accountinfo [accno=202200051, custid=202200005, branch_name=Bengaluru, ifsc=NATW000123, savingsamount=3128.0], accountinfo [accno=202200053, custid=202200005, branch_name=Bengaluru, ifsc=NATW000123, savingsamount=150000.0]]
2022-10-13 16:54:28 [http-nio-8082-exec-9] INFO  com.capstone.aspect.LoggerAspect - *************************************
2022-10-13 16:54:33 [http-nio-8082-exec-8] INFO  com.capstone.aspect.LoggerAspect - Method name: com.capstone.controller.accountinfoController
2022-10-13 16:54:33 [http-nio-8082-exec-8] INFO  com.capstone.aspect.LoggerAspect - Method arguments:[Ljava.lang.Object;@529dc35a
2022-10-13 16:54:33 [http-nio-8082-exec-8] INFO  com.capstone.aspect.LoggerAspect - *************************************
2022-10-13 16:54:33 [http-nio-8082-exec-8] INFO  com.capstone.aspect.LoggerAspect - Method name: com.capstone.service.accountinfoServiceImpl
2022-10-13 16:54:33 [http-nio-8082-exec-8] INFO  com.capstone.aspect.LoggerAspect - Method arguments:[Ljava.lang.Object;@70435e53
2022-10-13 16:54:33 [http-nio-8082-exec-8] INFO  com.capstone.aspect.LoggerAspect - *************************************
2022-10-13 16:54:33 [http-nio-8082-exec-8] INFO  com.capstone.aspect.LoggerAspect - During: class com.capstone.service.accountinfoServiceImpl.getAcountsByCustId() with arguments=[accountinfo [accno=202200051, custid=202200005, branch_name=Bengaluru, ifsc=NATW000123, savingsamount=3128.0], accountinfo [accno=202200053, custid=202200005, branch_name=Bengaluru, ifsc=NATW000123, savingsamount=150000.0]]
2022-10-13 16:54:33 [http-nio-8082-exec-8] INFO  com.capstone.aspect.LoggerAspect - *************************************
2022-10-13 16:54:33 [http-nio-8082-exec-8] INFO  com.capstone.aspect.LoggerAspect - During: class com.capstone.controller.accountinfoController.getsavingsAccount() with arguments=[accountinfo [accno=202200051, custid=202200005, branch_name=Bengaluru, ifsc=NATW000123, savingsamount=3128.0], accountinfo [accno=202200053, custid=202200005, branch_name=Bengaluru, ifsc=NATW000123, savingsamount=150000.0]]
2022-10-13 16:54:33 [http-nio-8082-exec-8] INFO  com.capstone.aspect.LoggerAspect - *************************************
2022-10-13 16:54:47 [http-nio-8082-exec-1] INFO  com.capstone.aspect.LoggerAspect - Method name: com.capstone.controller.accountinfoController
2022-10-13 16:54:47 [http-nio-8082-exec-1] INFO  com.capstone.aspect.LoggerAspect - Method arguments:[Ljava.lang.Object;@6ca0a8b
2022-10-13 16:54:47 [http-nio-8082-exec-1] INFO  com.capstone.aspect.LoggerAspect - *************************************
2022-10-13 16:54:47 [http-nio-8082-exec-1] INFO  com.capstone.aspect.LoggerAspect - Method name: com.capstone.service.accountinfoServiceImpl
2022-10-13 16:54:47 [http-nio-8082-exec-1] INFO  com.capstone.aspect.LoggerAspect - Method arguments:[Ljava.lang.Object;@116da7e5
2022-10-13 16:54:47 [http-nio-8082-exec-1] INFO  com.capstone.aspect.LoggerAspect - *************************************
2022-10-13 16:54:47 [http-nio-8082-exec-1] INFO  com.capstone.aspect.LoggerAspect - During: class com.capstone.service.accountinfoServiceImpl.getAcountsByCustId() with arguments=[accountinfo [accno=202200051, custid=202200005, branch_name=Bengaluru, ifsc=NATW000123, savingsamount=3128.0], accountinfo [accno=202200053, custid=202200005, branch_name=Bengaluru, ifsc=NATW000123, savingsamount=150000.0]]
2022-10-13 16:54:47 [http-nio-8082-exec-1] INFO  com.capstone.aspect.LoggerAspect - *************************************
2022-10-13 16:54:47 [http-nio-8082-exec-1] INFO  com.capstone.aspect.LoggerAspect - During: class com.capstone.controller.accountinfoController.getsavingsAccount() with arguments=[accountinfo [accno=202200051, custid=202200005, branch_name=Bengaluru, ifsc=NATW000123, savingsamount=3128.0], accountinfo [accno=202200053, custid=202200005, branch_name=Bengaluru, ifsc=NATW000123, savingsamount=150000.0]]
2022-10-13 16:54:47 [http-nio-8082-exec-1] INFO  com.capstone.aspect.LoggerAspect - *************************************
2022-10-13 16:55:18 [http-nio-8082-exec-2] INFO  com.capstone.aspect.LoggerAspect - Method name: com.capstone.controller.accountinfoController
2022-10-13 16:55:18 [http-nio-8082-exec-2] INFO  com.capstone.aspect.LoggerAspect - Method arguments:[Ljava.lang.Object;@3f148c03
2022-10-13 16:55:18 [http-nio-8082-exec-2] INFO  com.capstone.aspect.LoggerAspect - *************************************
2022-10-13 16:55:18 [http-nio-8082-exec-2] INFO  com.capstone.aspect.LoggerAspect - Method name: com.capstone.service.accountinfoServiceImpl
2022-10-13 16:55:18 [http-nio-8082-exec-2] INFO  com.capstone.aspect.LoggerAspect - Method arguments:[Ljava.lang.Object;@18b282fa
2022-10-13 16:55:18 [http-nio-8082-exec-2] INFO  com.capstone.aspect.LoggerAspect - *************************************
2022-10-13 16:55:18 [http-nio-8082-exec-2] INFO  com.capstone.aspect.LoggerAspect - During: class com.capstone.service.accountinfoServiceImpl.getAcountsByCustId() with arguments=[accountinfo [accno=202200051, custid=202200005, branch_name=Bengaluru, ifsc=NATW000123, savingsamount=3128.0], accountinfo [accno=202200053, custid=202200005, branch_name=Bengaluru, ifsc=NATW000123, savingsamount=150000.0]]
2022-10-13 16:55:18 [http-nio-8082-exec-2] INFO  com.capstone.aspect.LoggerAspect - *************************************
2022-10-13 16:55:18 [http-nio-8082-exec-2] INFO  com.capstone.aspect.LoggerAspect - During: class com.capstone.controller.accountinfoController.getsavingsAccount() with arguments=[accountinfo [accno=202200051, custid=202200005, branch_name=Bengaluru, ifsc=NATW000123, savingsamount=3128.0], accountinfo [accno=202200053, custid=202200005, branch_name=Bengaluru, ifsc=NATW000123, savingsamount=150000.0]]
2022-10-13 16:55:18 [http-nio-8082-exec-2] INFO  com.capstone.aspect.LoggerAspect - *************************************
2022-10-13 16:55:54 [http-nio-8082-exec-3] INFO  com.capstone.aspect.LoggerAspect - Method name: com.capstone.controller.accountinfoController
2022-10-13 16:55:54 [http-nio-8082-exec-3] INFO  com.capstone.aspect.LoggerAspect - Method arguments:[Ljava.lang.Object;@c4983dd
2022-10-13 16:55:54 [http-nio-8082-exec-3] INFO  com.capstone.aspect.LoggerAspect - *************************************
2022-10-13 16:55:54 [http-nio-8082-exec-3] INFO  com.capstone.aspect.LoggerAspect - Method name: com.capstone.service.accountinfoServiceImpl
2022-10-13 16:55:54 [http-nio-8082-exec-3] INFO  com.capstone.aspect.LoggerAspect - Method arguments:[Ljava.lang.Object;@62543d15
2022-10-13 16:55:54 [http-nio-8082-exec-3] INFO  com.capstone.aspect.LoggerAspect - *************************************
2022-10-13 16:55:54 [http-nio-8082-exec-3] INFO  com.capstone.aspect.LoggerAspect - During: class com.capstone.service.accountinfoServiceImpl.getAcountsByCustId() with arguments=[accountinfo [accno=202200051, custid=202200005, branch_name=Bengaluru, ifsc=NATW000123, savingsamount=3128.0], accountinfo [accno=202200053, custid=202200005, branch_name=Bengaluru, ifsc=NATW000123, savingsamount=150000.0]]
2022-10-13 16:55:54 [http-nio-8082-exec-3] INFO  com.capstone.aspect.LoggerAspect - *************************************
2022-10-13 16:55:54 [http-nio-8082-exec-3] INFO  com.capstone.aspect.LoggerAspect - During: class com.capstone.controller.accountinfoController.getsavingsAccount() with arguments=[accountinfo [accno=202200051, custid=202200005, branch_name=Bengaluru, ifsc=NATW000123, savingsamount=3128.0], accountinfo [accno=202200053, custid=202200005, branch_name=Bengaluru, ifsc=NATW000123, savingsamount=150000.0]]
2022-10-13 16:55:54 [http-nio-8082-exec-3] INFO  com.capstone.aspect.LoggerAspect - *************************************
2022-10-13 16:56:24 [http-nio-8082-exec-4] INFO  com.capstone.aspect.LoggerAspect - Method name: com.capstone.controller.accountinfoController
2022-10-13 16:56:24 [http-nio-8082-exec-4] INFO  com.capstone.aspect.LoggerAspect - Method arguments:[Ljava.lang.Object;@49ba55ca
2022-10-13 16:56:24 [http-nio-8082-exec-4] INFO  com.capstone.aspect.LoggerAspect - *************************************
2022-10-13 16:56:24 [http-nio-8082-exec-4] INFO  com.capstone.aspect.LoggerAspect - Method name: com.capstone.service.accountinfoServiceImpl
2022-10-13 16:56:24 [http-nio-8082-exec-4] INFO  com.capstone.aspect.LoggerAspect - Method arguments:[Ljava.lang.Object;@78381b20
2022-10-13 16:56:24 [http-nio-8082-exec-4] INFO  com.capstone.aspect.LoggerAspect - *************************************
2022-10-13 16:56:24 [http-nio-8082-exec-4] INFO  com.capstone.aspect.LoggerAspect - During: class com.capstone.service.accountinfoServiceImpl.getAcountsByCustId() with arguments=[accountinfo [accno=202200051, custid=202200005, branch_name=Bengaluru, ifsc=NATW000123, savingsamount=3128.0], accountinfo [accno=202200053, custid=202200005, branch_name=Bengaluru, ifsc=NATW000123, savingsamount=150000.0]]
2022-10-13 16:56:24 [http-nio-8082-exec-4] INFO  com.capstone.aspect.LoggerAspect - *************************************
2022-10-13 16:56:24 [http-nio-8082-exec-4] INFO  com.capstone.aspect.LoggerAspect - During: class com.capstone.controller.accountinfoController.getsavingsAccount() with arguments=[accountinfo [accno=202200051, custid=202200005, branch_name=Bengaluru, ifsc=NATW000123, savingsamount=3128.0], accountinfo [accno=202200053, custid=202200005, branch_name=Bengaluru, ifsc=NATW000123, savingsamount=150000.0]]
2022-10-13 16:56:24 [http-nio-8082-exec-4] INFO  com.capstone.aspect.LoggerAspect - *************************************
2022-10-13 16:56:43 [http-nio-8082-exec-6] INFO  com.capstone.aspect.LoggerAspect - Method name: com.capstone.controller.accountinfoController
2022-10-13 16:56:43 [http-nio-8082-exec-6] INFO  com.capstone.aspect.LoggerAspect - Method arguments:[Ljava.lang.Object;@7d531b38
2022-10-13 16:56:43 [http-nio-8082-exec-6] INFO  com.capstone.aspect.LoggerAspect - *************************************
2022-10-13 16:56:43 [http-nio-8082-exec-6] INFO  com.capstone.aspect.LoggerAspect - Method name: com.capstone.service.accountinfoServiceImpl
2022-10-13 16:56:43 [http-nio-8082-exec-6] INFO  com.capstone.aspect.LoggerAspect - Method arguments:[Ljava.lang.Object;@61f06564
2022-10-13 16:56:43 [http-nio-8082-exec-6] INFO  com.capstone.aspect.LoggerAspect - *************************************
2022-10-13 16:56:43 [http-nio-8082-exec-6] INFO  com.capstone.aspect.LoggerAspect - During: class com.capstone.service.accountinfoServiceImpl.getAcountsByCustId() with arguments=[accountinfo [accno=202200051, custid=202200005, branch_name=Bengaluru, ifsc=NATW000123, savingsamount=3128.0], accountinfo [accno=202200053, custid=202200005, branch_name=Bengaluru, ifsc=NATW000123, savingsamount=150000.0]]
2022-10-13 16:56:43 [http-nio-8082-exec-6] INFO  com.capstone.aspect.LoggerAspect - *************************************
2022-10-13 16:56:43 [http-nio-8082-exec-6] INFO  com.capstone.aspect.LoggerAspect - During: class com.capstone.controller.accountinfoController.getsavingsAccount() with arguments=[accountinfo [accno=202200051, custid=202200005, branch_name=Bengaluru, ifsc=NATW000123, savingsamount=3128.0], accountinfo [accno=202200053, custid=202200005, branch_name=Bengaluru, ifsc=NATW000123, savingsamount=150000.0]]
2022-10-13 16:56:43 [http-nio-8082-exec-6] INFO  com.capstone.aspect.LoggerAspect - *************************************
2022-10-13 16:57:08 [http-nio-8082-exec-9] INFO  com.capstone.aspect.LoggerAspect - Method name: com.capstone.controller.accountinfoController
2022-10-13 16:57:08 [http-nio-8082-exec-9] INFO  com.capstone.aspect.LoggerAspect - Method arguments:[Ljava.lang.Object;@17bfbd7b
2022-10-13 16:57:08 [http-nio-8082-exec-9] INFO  com.capstone.aspect.LoggerAspect - *************************************
2022-10-13 16:57:08 [http-nio-8082-exec-9] INFO  com.capstone.aspect.LoggerAspect - Method name: com.capstone.service.accountinfoServiceImpl
2022-10-13 16:57:08 [http-nio-8082-exec-9] INFO  com.capstone.aspect.LoggerAspect - Method arguments:[Ljava.lang.Object;@78b0a049
2022-10-13 16:57:08 [http-nio-8082-exec-9] INFO  com.capstone.aspect.LoggerAspect - *************************************
2022-10-13 16:57:08 [http-nio-8082-exec-9] INFO  com.capstone.aspect.LoggerAspect - During: class com.capstone.service.accountinfoServiceImpl.getAcountsByCustId() with arguments=[accountinfo [accno=202200051, custid=202200005, branch_name=Bengaluru, ifsc=NATW000123, savingsamount=3128.0], accountinfo [accno=202200053, custid=202200005, branch_name=Bengaluru, ifsc=NATW000123, savingsamount=150000.0]]
2022-10-13 16:57:08 [http-nio-8082-exec-9] INFO  com.capstone.aspect.LoggerAspect - *************************************
2022-10-13 16:57:08 [http-nio-8082-exec-9] INFO  com.capstone.aspect.LoggerAspect - During: class com.capstone.controller.accountinfoController.getsavingsAccount() with arguments=[accountinfo [accno=202200051, custid=202200005, branch_name=Bengaluru, ifsc=NATW000123, savingsamount=3128.0], accountinfo [accno=202200053, custid=202200005, branch_name=Bengaluru, ifsc=NATW000123, savingsamount=150000.0]]
2022-10-13 16:57:08 [http-nio-8082-exec-9] INFO  com.capstone.aspect.LoggerAspect - *************************************
2022-10-13 16:57:29 [http-nio-8082-exec-10] INFO  com.capstone.aspect.LoggerAspect - Method name: com.capstone.controller.accountinfoController
2022-10-13 16:57:29 [http-nio-8082-exec-10] INFO  com.capstone.aspect.LoggerAspect - Method arguments:[Ljava.lang.Object;@c2881f5
2022-10-13 16:57:29 [http-nio-8082-exec-10] INFO  com.capstone.aspect.LoggerAspect - *************************************
2022-10-13 16:57:29 [http-nio-8082-exec-10] INFO  com.capstone.aspect.LoggerAspect - Method name: com.capstone.service.accountinfoServiceImpl
2022-10-13 16:57:29 [http-nio-8082-exec-10] INFO  com.capstone.aspect.LoggerAspect - Method arguments:[Ljava.lang.Object;@1b195af4
2022-10-13 16:57:29 [http-nio-8082-exec-10] INFO  com.capstone.aspect.LoggerAspect - *************************************
2022-10-13 16:57:29 [http-nio-8082-exec-10] INFO  com.capstone.aspect.LoggerAspect - During: class com.capstone.service.accountinfoServiceImpl.getAcountsByCustId() with arguments=[accountinfo [accno=202200051, custid=202200005, branch_name=Bengaluru, ifsc=NATW000123, savingsamount=3128.0], accountinfo [accno=202200053, custid=202200005, branch_name=Bengaluru, ifsc=NATW000123, savingsamount=150000.0]]
2022-10-13 16:57:29 [http-nio-8082-exec-10] INFO  com.capstone.aspect.LoggerAspect - *************************************
2022-10-13 16:57:29 [http-nio-8082-exec-10] INFO  com.capstone.aspect.LoggerAspect - During: class com.capstone.controller.accountinfoController.getsavingsAccount() with arguments=[accountinfo [accno=202200051, custid=202200005, branch_name=Bengaluru, ifsc=NATW000123, savingsamount=3128.0], accountinfo [accno=202200053, custid=202200005, branch_name=Bengaluru, ifsc=NATW000123, savingsamount=150000.0]]
2022-10-13 16:57:29 [http-nio-8082-exec-10] INFO  com.capstone.aspect.LoggerAspect - *************************************
2022-10-13 16:58:22 [http-nio-8082-exec-2] INFO  com.capstone.aspect.LoggerAspect - Method name: com.capstone.controller.accountinfoController
2022-10-13 16:58:22 [http-nio-8082-exec-2] INFO  com.capstone.aspect.LoggerAspect - Method arguments:[Ljava.lang.Object;@5495b227
2022-10-13 16:58:22 [http-nio-8082-exec-2] INFO  com.capstone.aspect.LoggerAspect - *************************************
2022-10-13 16:58:22 [http-nio-8082-exec-2] INFO  com.capstone.aspect.LoggerAspect - Method name: com.capstone.service.accountinfoServiceImpl
2022-10-13 16:58:22 [http-nio-8082-exec-2] INFO  com.capstone.aspect.LoggerAspect - Method arguments:[Ljava.lang.Object;@218d9218
2022-10-13 16:58:22 [http-nio-8082-exec-2] INFO  com.capstone.aspect.LoggerAspect - *************************************
2022-10-13 16:58:22 [http-nio-8082-exec-2] INFO  com.capstone.aspect.LoggerAspect - During: class com.capstone.service.accountinfoServiceImpl.getAcountsByCustId() with arguments=[accountinfo [accno=202200051, custid=202200005, branch_name=Bengaluru, ifsc=NATW000123, savingsamount=3128.0], accountinfo [accno=202200053, custid=202200005, branch_name=Bengaluru, ifsc=NATW000123, savingsamount=150000.0]]
2022-10-13 16:58:22 [http-nio-8082-exec-2] INFO  com.capstone.aspect.LoggerAspect - *************************************
2022-10-13 16:58:22 [http-nio-8082-exec-2] INFO  com.capstone.aspect.LoggerAspect - During: class com.capstone.controller.accountinfoController.getsavingsAccount() with arguments=[accountinfo [accno=202200051, custid=202200005, branch_name=Bengaluru, ifsc=NATW000123, savingsamount=3128.0], accountinfo [accno=202200053, custid=202200005, branch_name=Bengaluru, ifsc=NATW000123, savingsamount=150000.0]]
2022-10-13 16:58:22 [http-nio-8082-exec-2] INFO  com.capstone.aspect.LoggerAspect - *************************************
2022-10-13 16:58:56 [http-nio-8082-exec-4] INFO  com.capstone.aspect.LoggerAspect - Method name: com.capstone.controller.accountinfoController
2022-10-13 16:58:56 [http-nio-8082-exec-4] INFO  com.capstone.aspect.LoggerAspect - Method arguments:[Ljava.lang.Object;@619dc53
2022-10-13 16:58:56 [http-nio-8082-exec-4] INFO  com.capstone.aspect.LoggerAspect - *************************************
2022-10-13 16:58:56 [http-nio-8082-exec-4] INFO  com.capstone.aspect.LoggerAspect - Method name: com.capstone.service.accountinfoServiceImpl
2022-10-13 16:58:56 [http-nio-8082-exec-4] INFO  com.capstone.aspect.LoggerAspect - Method arguments:[Ljava.lang.Object;@14602964
2022-10-13 16:58:56 [http-nio-8082-exec-4] INFO  com.capstone.aspect.LoggerAspect - *************************************
2022-10-13 16:58:56 [http-nio-8082-exec-4] INFO  com.capstone.aspect.LoggerAspect - During: class com.capstone.service.accountinfoServiceImpl.getAcountsByCustId() with arguments=[accountinfo [accno=202200051, custid=202200005, branch_name=Bengaluru, ifsc=NATW000123, savingsamount=3128.0], accountinfo [accno=202200053, custid=202200005, branch_name=Bengaluru, ifsc=NATW000123, savingsamount=150000.0]]
2022-10-13 16:58:56 [http-nio-8082-exec-4] INFO  com.capstone.aspect.LoggerAspect - *************************************
2022-10-13 16:58:56 [http-nio-8082-exec-4] INFO  com.capstone.aspect.LoggerAspect - During: class com.capstone.controller.accountinfoController.getsavingsAccount() with arguments=[accountinfo [accno=202200051, custid=202200005, branch_name=Bengaluru, ifsc=NATW000123, savingsamount=3128.0], accountinfo [accno=202200053, custid=202200005, branch_name=Bengaluru, ifsc=NATW000123, savingsamount=150000.0]]
2022-10-13 16:58:56 [http-nio-8082-exec-4] INFO  com.capstone.aspect.LoggerAspect - *************************************
2022-10-13 16:59:12 [http-nio-8082-exec-6] INFO  com.capstone.aspect.LoggerAspect - Method name: com.capstone.controller.accountinfoController
2022-10-13 16:59:12 [http-nio-8082-exec-6] INFO  com.capstone.aspect.LoggerAspect - Method arguments:[Ljava.lang.Object;@58cf0232
2022-10-13 16:59:12 [http-nio-8082-exec-6] INFO  com.capstone.aspect.LoggerAspect - *************************************
2022-10-13 16:59:12 [http-nio-8082-exec-6] INFO  com.capstone.aspect.LoggerAspect - Method name: com.capstone.service.accountinfoServiceImpl
2022-10-13 16:59:12 [http-nio-8082-exec-6] INFO  com.capstone.aspect.LoggerAspect - Method arguments:[Ljava.lang.Object;@62e29f7e
2022-10-13 16:59:12 [http-nio-8082-exec-6] INFO  com.capstone.aspect.LoggerAspect - *************************************
2022-10-13 16:59:12 [http-nio-8082-exec-6] INFO  com.capstone.aspect.LoggerAspect - During: class com.capstone.service.accountinfoServiceImpl.getAcountsByCustId() with arguments=[accountinfo [accno=202200051, custid=202200005, branch_name=Bengaluru, ifsc=NATW000123, savingsamount=3128.0], accountinfo [accno=202200053, custid=202200005, branch_name=Bengaluru, ifsc=NATW000123, savingsamount=150000.0]]
2022-10-13 16:59:12 [http-nio-8082-exec-6] INFO  com.capstone.aspect.LoggerAspect - *************************************
2022-10-13 16:59:12 [http-nio-8082-exec-6] INFO  com.capstone.aspect.LoggerAspect - During: class com.capstone.controller.accountinfoController.getsavingsAccount() with arguments=[accountinfo [accno=202200051, custid=202200005, branch_name=Bengaluru, ifsc=NATW000123, savingsamount=3128.0], accountinfo [accno=202200053, custid=202200005, branch_name=Bengaluru, ifsc=NATW000123, savingsamount=150000.0]]
2022-10-13 16:59:12 [http-nio-8082-exec-6] INFO  com.capstone.aspect.LoggerAspect - *************************************
2022-10-13 16:59:18 [AsyncResolver-bootstrap-executor-0] INFO  c.n.d.s.r.aws.ConfigClusterResolver - Resolving eureka endpoints via configuration
2022-10-13 17:00:01 [http-nio-8082-exec-9] INFO  com.capstone.aspect.LoggerAspect - Method name: com.capstone.controller.accountinfoController
2022-10-13 17:00:01 [http-nio-8082-exec-9] INFO  com.capstone.aspect.LoggerAspect - Method arguments:[Ljava.lang.Object;@6eb6189f
2022-10-13 17:00:01 [http-nio-8082-exec-9] INFO  com.capstone.aspect.LoggerAspect - *************************************
2022-10-13 17:00:01 [http-nio-8082-exec-9] INFO  com.capstone.aspect.LoggerAspect - Method name: com.capstone.service.accountinfoServiceImpl
2022-10-13 17:00:01 [http-nio-8082-exec-9] INFO  com.capstone.aspect.LoggerAspect - Method arguments:[Ljava.lang.Object;@7ccdc56b
2022-10-13 17:00:01 [http-nio-8082-exec-9] INFO  com.capstone.aspect.LoggerAspect - *************************************
2022-10-13 17:00:01 [http-nio-8082-exec-9] INFO  com.capstone.aspect.LoggerAspect - During: class com.capstone.service.accountinfoServiceImpl.getAcountsByCustId() with arguments=[accountinfo [accno=202200051, custid=202200005, branch_name=Bengaluru, ifsc=NATW000123, savingsamount=3128.0], accountinfo [accno=202200053, custid=202200005, branch_name=Bengaluru, ifsc=NATW000123, savingsamount=150000.0]]
2022-10-13 17:00:01 [http-nio-8082-exec-9] INFO  com.capstone.aspect.LoggerAspect - *************************************
2022-10-13 17:00:01 [http-nio-8082-exec-9] INFO  com.capstone.aspect.LoggerAspect - During: class com.capstone.controller.accountinfoController.getsavingsAccount() with arguments=[accountinfo [accno=202200051, custid=202200005, branch_name=Bengaluru, ifsc=NATW000123, savingsamount=3128.0], accountinfo [accno=202200053, custid=202200005, branch_name=Bengaluru, ifsc=NATW000123, savingsamount=150000.0]]
2022-10-13 17:00:01 [http-nio-8082-exec-9] INFO  com.capstone.aspect.LoggerAspect - *************************************
2022-10-13 17:00:32 [http-nio-8082-exec-10] INFO  com.capstone.aspect.LoggerAspect - Method name: com.capstone.controller.accountinfoController
2022-10-13 17:00:32 [http-nio-8082-exec-10] INFO  com.capstone.aspect.LoggerAspect - Method arguments:[Ljava.lang.Object;@7fad8232
2022-10-13 17:00:32 [http-nio-8082-exec-10] INFO  com.capstone.aspect.LoggerAspect - *************************************
2022-10-13 17:00:32 [http-nio-8082-exec-10] INFO  com.capstone.aspect.LoggerAspect - Method name: com.capstone.service.accountinfoServiceImpl
2022-10-13 17:00:32 [http-nio-8082-exec-10] INFO  com.capstone.aspect.LoggerAspect - Method arguments:[Ljava.lang.Object;@4240ffe2
2022-10-13 17:00:32 [http-nio-8082-exec-10] INFO  com.capstone.aspect.LoggerAspect - *************************************
2022-10-13 17:00:32 [http-nio-8082-exec-10] INFO  com.capstone.aspect.LoggerAspect - During: class com.capstone.service.accountinfoServiceImpl.getAcountsByCustId() with arguments=[accountinfo [accno=202200051, custid=202200005, branch_name=Bengaluru, ifsc=NATW000123, savingsamount=3128.0], accountinfo [accno=202200053, custid=202200005, branch_name=Bengaluru, ifsc=NATW000123, savingsamount=150000.0]]
2022-10-13 17:00:32 [http-nio-8082-exec-10] INFO  com.capstone.aspect.LoggerAspect - *************************************
2022-10-13 17:00:32 [http-nio-8082-exec-10] INFO  com.capstone.aspect.LoggerAspect - During: class com.capstone.controller.accountinfoController.getsavingsAccount() with arguments=[accountinfo [accno=202200051, custid=202200005, branch_name=Bengaluru, ifsc=NATW000123, savingsamount=3128.0], accountinfo [accno=202200053, custid=202200005, branch_name=Bengaluru, ifsc=NATW000123, savingsamount=150000.0]]
2022-10-13 17:00:32 [http-nio-8082-exec-10] INFO  com.capstone.aspect.LoggerAspect - *************************************
2022-10-13 17:00:57 [http-nio-8082-exec-2] INFO  com.capstone.aspect.LoggerAspect - Method name: com.capstone.controller.accountinfoController
2022-10-13 17:00:57 [http-nio-8082-exec-2] INFO  com.capstone.aspect.LoggerAspect - Method arguments:[Ljava.lang.Object;@77fe5542
2022-10-13 17:00:57 [http-nio-8082-exec-2] INFO  com.capstone.aspect.LoggerAspect - *************************************
2022-10-13 17:00:57 [http-nio-8082-exec-2] INFO  com.capstone.aspect.LoggerAspect - Method name: com.capstone.service.accountinfoServiceImpl
2022-10-13 17:00:57 [http-nio-8082-exec-2] INFO  com.capstone.aspect.LoggerAspect - Method arguments:[Ljava.lang.Object;@3e12d82a
2022-10-13 17:00:57 [http-nio-8082-exec-2] INFO  com.capstone.aspect.LoggerAspect - *************************************
2022-10-13 17:00:57 [http-nio-8082-exec-2] INFO  com.capstone.aspect.LoggerAspect - During: class com.capstone.service.accountinfoServiceImpl.getAcountsByCustId() with arguments=[accountinfo [accno=202200051, custid=202200005, branch_name=Bengaluru, ifsc=NATW000123, savingsamount=3128.0], accountinfo [accno=202200053, custid=202200005, branch_name=Bengaluru, ifsc=NATW000123, savingsamount=150000.0]]
2022-10-13 17:00:57 [http-nio-8082-exec-2] INFO  com.capstone.aspect.LoggerAspect - *************************************
2022-10-13 17:00:57 [http-nio-8082-exec-2] INFO  com.capstone.aspect.LoggerAspect - During: class com.capstone.controller.accountinfoController.getsavingsAccount() with arguments=[accountinfo [accno=202200051, custid=202200005, branch_name=Bengaluru, ifsc=NATW000123, savingsamount=3128.0], accountinfo [accno=202200053, custid=202200005, branch_name=Bengaluru, ifsc=NATW000123, savingsamount=150000.0]]
2022-10-13 17:00:57 [http-nio-8082-exec-2] INFO  com.capstone.aspect.LoggerAspect - *************************************
2022-10-13 17:01:06 [http-nio-8082-exec-4] INFO  com.capstone.aspect.LoggerAspect - Method name: com.capstone.controller.accountinfoController
2022-10-13 17:01:06 [http-nio-8082-exec-4] INFO  com.capstone.aspect.LoggerAspect - Method arguments:[Ljava.lang.Object;@558855ca
2022-10-13 17:01:06 [http-nio-8082-exec-4] INFO  com.capstone.aspect.LoggerAspect - *************************************
2022-10-13 17:01:06 [http-nio-8082-exec-4] INFO  com.capstone.aspect.LoggerAspect - Method name: com.capstone.service.accountinfoServiceImpl
2022-10-13 17:01:06 [http-nio-8082-exec-4] INFO  com.capstone.aspect.LoggerAspect - Method arguments:[Ljava.lang.Object;@2322883
2022-10-13 17:01:06 [http-nio-8082-exec-4] INFO  com.capstone.aspect.LoggerAspect - *************************************
2022-10-13 17:01:06 [http-nio-8082-exec-4] INFO  com.capstone.aspect.LoggerAspect - During: class com.capstone.service.accountinfoServiceImpl.getAcountsByCustId() with arguments=[accountinfo [accno=202200051, custid=202200005, branch_name=Bengaluru, ifsc=NATW000123, savingsamount=3128.0], accountinfo [accno=202200053, custid=202200005, branch_name=Bengaluru, ifsc=NATW000123, savingsamount=150000.0]]
2022-10-13 17:01:06 [http-nio-8082-exec-4] INFO  com.capstone.aspect.LoggerAspect - *************************************
2022-10-13 17:01:06 [http-nio-8082-exec-4] INFO  com.capstone.aspect.LoggerAspect - During: class com.capstone.controller.accountinfoController.getsavingsAccount() with arguments=[accountinfo [accno=202200051, custid=202200005, branch_name=Bengaluru, ifsc=NATW000123, savingsamount=3128.0], accountinfo [accno=202200053, custid=202200005, branch_name=Bengaluru, ifsc=NATW000123, savingsamount=150000.0]]
2022-10-13 17:01:06 [http-nio-8082-exec-4] INFO  com.capstone.aspect.LoggerAspect - *************************************
2022-10-13 17:01:11 [http-nio-8082-exec-5] INFO  com.capstone.aspect.LoggerAspect - Method name: com.capstone.controller.accountinfoController
2022-10-13 17:01:11 [http-nio-8082-exec-5] INFO  com.capstone.aspect.LoggerAspect - Method arguments:[Ljava.lang.Object;@100b59cd
2022-10-13 17:01:11 [http-nio-8082-exec-5] INFO  com.capstone.aspect.LoggerAspect - *************************************
2022-10-13 17:01:11 [http-nio-8082-exec-5] INFO  com.capstone.aspect.LoggerAspect - Method name: com.capstone.service.accountinfoServiceImpl
2022-10-13 17:01:11 [http-nio-8082-exec-5] INFO  com.capstone.aspect.LoggerAspect - Method arguments:[Ljava.lang.Object;@1978e59a
2022-10-13 17:01:11 [http-nio-8082-exec-5] INFO  com.capstone.aspect.LoggerAspect - *************************************
2022-10-13 17:01:11 [http-nio-8082-exec-5] INFO  com.capstone.aspect.LoggerAspect - During: class com.capstone.service.accountinfoServiceImpl.getAcountsByCustId() with arguments=[accountinfo [accno=202200051, custid=202200005, branch_name=Bengaluru, ifsc=NATW000123, savingsamount=3128.0], accountinfo [accno=202200053, custid=202200005, branch_name=Bengaluru, ifsc=NATW000123, savingsamount=150000.0]]
2022-10-13 17:01:11 [http-nio-8082-exec-5] INFO  com.capstone.aspect.LoggerAspect - *************************************
2022-10-13 17:01:11 [http-nio-8082-exec-5] INFO  com.capstone.aspect.LoggerAspect - During: class com.capstone.controller.accountinfoController.getsavingsAccount() with arguments=[accountinfo [accno=202200051, custid=202200005, branch_name=Bengaluru, ifsc=NATW000123, savingsamount=3128.0], accountinfo [accno=202200053, custid=202200005, branch_name=Bengaluru, ifsc=NATW000123, savingsamount=150000.0]]
2022-10-13 17:01:11 [http-nio-8082-exec-5] INFO  com.capstone.aspect.LoggerAspect - *************************************
2022-10-13 17:01:15 [http-nio-8082-exec-6] INFO  com.capstone.aspect.LoggerAspect - Method name: com.capstone.controller.accountinfoController
2022-10-13 17:01:15 [http-nio-8082-exec-6] INFO  com.capstone.aspect.LoggerAspect - Method arguments:[Ljava.lang.Object;@73b568f3
2022-10-13 17:01:15 [http-nio-8082-exec-6] INFO  com.capstone.aspect.LoggerAspect - *************************************
2022-10-13 17:01:15 [http-nio-8082-exec-6] INFO  com.capstone.aspect.LoggerAspect - Method name: com.capstone.service.accountinfoServiceImpl
2022-10-13 17:01:15 [http-nio-8082-exec-6] INFO  com.capstone.aspect.LoggerAspect - Method arguments:[Ljava.lang.Object;@76450a6c
2022-10-13 17:01:15 [http-nio-8082-exec-6] INFO  com.capstone.aspect.LoggerAspect - *************************************
2022-10-13 17:01:15 [http-nio-8082-exec-6] INFO  com.capstone.aspect.LoggerAspect - During: class com.capstone.service.accountinfoServiceImpl.getAcountsByCustId() with arguments=[accountinfo [accno=202200051, custid=202200005, branch_name=Bengaluru, ifsc=NATW000123, savingsamount=3128.0], accountinfo [accno=202200053, custid=202200005, branch_name=Bengaluru, ifsc=NATW000123, savingsamount=150000.0]]
2022-10-13 17:01:15 [http-nio-8082-exec-6] INFO  com.capstone.aspect.LoggerAspect - *************************************
2022-10-13 17:01:15 [http-nio-8082-exec-6] INFO  com.capstone.aspect.LoggerAspect - During: class com.capstone.controller.accountinfoController.getsavingsAccount() with arguments=[accountinfo [accno=202200051, custid=202200005, branch_name=Bengaluru, ifsc=NATW000123, savingsamount=3128.0], accountinfo [accno=202200053, custid=202200005, branch_name=Bengaluru, ifsc=NATW000123, savingsamount=150000.0]]
2022-10-13 17:01:15 [http-nio-8082-exec-6] INFO  com.capstone.aspect.LoggerAspect - *************************************
2022-10-13 17:01:31 [http-nio-8082-exec-9] INFO  com.capstone.aspect.LoggerAspect - Method name: com.capstone.controller.accountinfoController
2022-10-13 17:01:31 [http-nio-8082-exec-9] INFO  com.capstone.aspect.LoggerAspect - Method arguments:[Ljava.lang.Object;@435c0b58
2022-10-13 17:01:31 [http-nio-8082-exec-9] INFO  com.capstone.aspect.LoggerAspect - *************************************
2022-10-13 17:01:31 [http-nio-8082-exec-9] INFO  com.capstone.aspect.LoggerAspect - Method name: com.capstone.service.accountinfoServiceImpl
2022-10-13 17:01:31 [http-nio-8082-exec-9] INFO  com.capstone.aspect.LoggerAspect - Method arguments:[Ljava.lang.Object;@1c2809bd
2022-10-13 17:01:31 [http-nio-8082-exec-9] INFO  com.capstone.aspect.LoggerAspect - *************************************
2022-10-13 17:01:31 [http-nio-8082-exec-9] INFO  com.capstone.aspect.LoggerAspect - During: class com.capstone.service.accountinfoServiceImpl.getAcountsByCustId() with arguments=[accountinfo [accno=202200051, custid=202200005, branch_name=Bengaluru, ifsc=NATW000123, savingsamount=3128.0], accountinfo [accno=202200053, custid=202200005, branch_name=Bengaluru, ifsc=NATW000123, savingsamount=150000.0]]
2022-10-13 17:01:31 [http-nio-8082-exec-9] INFO  com.capstone.aspect.LoggerAspect - *************************************
2022-10-13 17:01:31 [http-nio-8082-exec-9] INFO  com.capstone.aspect.LoggerAspect - During: class com.capstone.controller.accountinfoController.getsavingsAccount() with arguments=[accountinfo [accno=202200051, custid=202200005, branch_name=Bengaluru, ifsc=NATW000123, savingsamount=3128.0], accountinfo [accno=202200053, custid=202200005, branch_name=Bengaluru, ifsc=NATW000123, savingsamount=150000.0]]
2022-10-13 17:01:31 [http-nio-8082-exec-9] INFO  com.capstone.aspect.LoggerAspect - *************************************
2022-10-13 17:01:38 [http-nio-8082-exec-8] INFO  com.capstone.aspect.LoggerAspect - Method name: com.capstone.controller.accountinfoController
2022-10-13 17:01:38 [http-nio-8082-exec-8] INFO  com.capstone.aspect.LoggerAspect - Method arguments:[Ljava.lang.Object;@1b7392ed
2022-10-13 17:01:38 [http-nio-8082-exec-8] INFO  com.capstone.aspect.LoggerAspect - *************************************
2022-10-13 17:01:38 [http-nio-8082-exec-8] INFO  com.capstone.aspect.LoggerAspect - Method name: com.capstone.service.accountinfoServiceImpl
2022-10-13 17:01:38 [http-nio-8082-exec-8] INFO  com.capstone.aspect.LoggerAspect - Method arguments:[Ljava.lang.Object;@39820b44
2022-10-13 17:01:38 [http-nio-8082-exec-8] INFO  com.capstone.aspect.LoggerAspect - *************************************
2022-10-13 17:01:38 [http-nio-8082-exec-8] INFO  com.capstone.aspect.LoggerAspect - During: class com.capstone.service.accountinfoServiceImpl.getAcountsByCustId() with arguments=[accountinfo [accno=202200051, custid=202200005, branch_name=Bengaluru, ifsc=NATW000123, savingsamount=3128.0], accountinfo [accno=202200053, custid=202200005, branch_name=Bengaluru, ifsc=NATW000123, savingsamount=150000.0]]
2022-10-13 17:01:38 [http-nio-8082-exec-8] INFO  com.capstone.aspect.LoggerAspect - *************************************
2022-10-13 17:01:38 [http-nio-8082-exec-8] INFO  com.capstone.aspect.LoggerAspect - During: class com.capstone.controller.accountinfoController.getsavingsAccount() with arguments=[accountinfo [accno=202200051, custid=202200005, branch_name=Bengaluru, ifsc=NATW000123, savingsamount=3128.0], accountinfo [accno=202200053, custid=202200005, branch_name=Bengaluru, ifsc=NATW000123, savingsamount=150000.0]]
2022-10-13 17:01:38 [http-nio-8082-exec-8] INFO  com.capstone.aspect.LoggerAspect - *************************************
2022-10-13 17:01:41 [http-nio-8082-exec-1] INFO  com.capstone.aspect.LoggerAspect - Method name: com.capstone.controller.accountinfoController
2022-10-13 17:01:41 [http-nio-8082-exec-1] INFO  com.capstone.aspect.LoggerAspect - Method arguments:[Ljava.lang.Object;@200ae32c
2022-10-13 17:01:41 [http-nio-8082-exec-1] INFO  com.capstone.aspect.LoggerAspect - *************************************
2022-10-13 17:01:41 [http-nio-8082-exec-1] INFO  com.capstone.aspect.LoggerAspect - Method name: com.capstone.service.accountinfoServiceImpl
2022-10-13 17:01:41 [http-nio-8082-exec-1] INFO  com.capstone.aspect.LoggerAspect - Method arguments:[Ljava.lang.Object;@27a3cd27
2022-10-13 17:01:41 [http-nio-8082-exec-1] INFO  com.capstone.aspect.LoggerAspect - *************************************
2022-10-13 17:01:41 [http-nio-8082-exec-1] INFO  com.capstone.aspect.LoggerAspect - During: class com.capstone.service.accountinfoServiceImpl.getAcountsByCustId() with arguments=[accountinfo [accno=202200051, custid=202200005, branch_name=Bengaluru, ifsc=NATW000123, savingsamount=3128.0], accountinfo [accno=202200053, custid=202200005, branch_name=Bengaluru, ifsc=NATW000123, savingsamount=150000.0]]
2022-10-13 17:01:41 [http-nio-8082-exec-1] INFO  com.capstone.aspect.LoggerAspect - *************************************
2022-10-13 17:01:41 [http-nio-8082-exec-1] INFO  com.capstone.aspect.LoggerAspect - During: class com.capstone.controller.accountinfoController.getsavingsAccount() with arguments=[accountinfo [accno=202200051, custid=202200005, branch_name=Bengaluru, ifsc=NATW000123, savingsamount=3128.0], accountinfo [accno=202200053, custid=202200005, branch_name=Bengaluru, ifsc=NATW000123, savingsamount=150000.0]]
2022-10-13 17:01:41 [http-nio-8082-exec-1] INFO  com.capstone.aspect.LoggerAspect - *************************************
2022-10-13 17:01:45 [http-nio-8082-exec-2] INFO  com.capstone.aspect.LoggerAspect - Method name: com.capstone.controller.accountinfoController
2022-10-13 17:01:45 [http-nio-8082-exec-2] INFO  com.capstone.aspect.LoggerAspect - Method arguments:[Ljava.lang.Object;@2c7c7748
2022-10-13 17:01:45 [http-nio-8082-exec-2] INFO  com.capstone.aspect.LoggerAspect - *************************************
2022-10-13 17:01:45 [http-nio-8082-exec-2] INFO  com.capstone.aspect.LoggerAspect - Method name: com.capstone.service.accountinfoServiceImpl
2022-10-13 17:01:45 [http-nio-8082-exec-2] INFO  com.capstone.aspect.LoggerAspect - Method arguments:[Ljava.lang.Object;@65af95de
2022-10-13 17:01:45 [http-nio-8082-exec-2] INFO  com.capstone.aspect.LoggerAspect - *************************************
2022-10-13 17:01:45 [http-nio-8082-exec-2] INFO  com.capstone.aspect.LoggerAspect - During: class com.capstone.service.accountinfoServiceImpl.getAcountsByCustId() with arguments=[accountinfo [accno=202200051, custid=202200005, branch_name=Bengaluru, ifsc=NATW000123, savingsamount=3128.0], accountinfo [accno=202200053, custid=202200005, branch_name=Bengaluru, ifsc=NATW000123, savingsamount=150000.0]]
2022-10-13 17:01:45 [http-nio-8082-exec-2] INFO  com.capstone.aspect.LoggerAspect - *************************************
2022-10-13 17:01:45 [http-nio-8082-exec-2] INFO  com.capstone.aspect.LoggerAspect - During: class com.capstone.controller.accountinfoController.getsavingsAccount() with arguments=[accountinfo [accno=202200051, custid=202200005, branch_name=Bengaluru, ifsc=NATW000123, savingsamount=3128.0], accountinfo [accno=202200053, custid=202200005, branch_name=Bengaluru, ifsc=NATW000123, savingsamount=150000.0]]
2022-10-13 17:01:45 [http-nio-8082-exec-2] INFO  com.capstone.aspect.LoggerAspect - *************************************
2022-10-13 17:01:49 [http-nio-8082-exec-3] INFO  com.capstone.aspect.LoggerAspect - Method name: com.capstone.controller.accountinfoController
2022-10-13 17:01:49 [http-nio-8082-exec-3] INFO  com.capstone.aspect.LoggerAspect - Method arguments:[Ljava.lang.Object;@460f7206
2022-10-13 17:01:49 [http-nio-8082-exec-3] INFO  com.capstone.aspect.LoggerAspect - *************************************
2022-10-13 17:01:49 [http-nio-8082-exec-3] INFO  com.capstone.aspect.LoggerAspect - Method name: com.capstone.service.accountinfoServiceImpl
2022-10-13 17:01:49 [http-nio-8082-exec-3] INFO  com.capstone.aspect.LoggerAspect - Method arguments:[Ljava.lang.Object;@4ad8c79
2022-10-13 17:01:49 [http-nio-8082-exec-3] INFO  com.capstone.aspect.LoggerAspect - *************************************
2022-10-13 17:01:49 [http-nio-8082-exec-3] INFO  com.capstone.aspect.LoggerAspect - During: class com.capstone.service.accountinfoServiceImpl.getAcountsByCustId() with arguments=[accountinfo [accno=202200051, custid=202200005, branch_name=Bengaluru, ifsc=NATW000123, savingsamount=3128.0], accountinfo [accno=202200053, custid=202200005, branch_name=Bengaluru, ifsc=NATW000123, savingsamount=150000.0]]
2022-10-13 17:01:49 [http-nio-8082-exec-3] INFO  com.capstone.aspect.LoggerAspect - *************************************
2022-10-13 17:01:49 [http-nio-8082-exec-3] INFO  com.capstone.aspect.LoggerAspect - During: class com.capstone.controller.accountinfoController.getsavingsAccount() with arguments=[accountinfo [accno=202200051, custid=202200005, branch_name=Bengaluru, ifsc=NATW000123, savingsamount=3128.0], accountinfo [accno=202200053, custid=202200005, branch_name=Bengaluru, ifsc=NATW000123, savingsamount=150000.0]]
2022-10-13 17:01:49 [http-nio-8082-exec-3] INFO  com.capstone.aspect.LoggerAspect - *************************************
2022-10-13 17:02:52 [http-nio-8082-exec-5] INFO  com.capstone.aspect.LoggerAspect - Method name: com.capstone.controller.accountinfoController
2022-10-13 17:02:52 [http-nio-8082-exec-5] INFO  com.capstone.aspect.LoggerAspect - Method arguments:[Ljava.lang.Object;@53b9c74d
2022-10-13 17:02:52 [http-nio-8082-exec-5] INFO  com.capstone.aspect.LoggerAspect - *************************************
2022-10-13 17:02:52 [http-nio-8082-exec-5] INFO  com.capstone.aspect.LoggerAspect - Method name: com.capstone.service.accountinfoServiceImpl
2022-10-13 17:02:52 [http-nio-8082-exec-5] INFO  com.capstone.aspect.LoggerAspect - Method arguments:[Ljava.lang.Object;@7ee01b36
2022-10-13 17:02:52 [http-nio-8082-exec-5] INFO  com.capstone.aspect.LoggerAspect - *************************************
2022-10-13 17:02:52 [http-nio-8082-exec-5] INFO  com.capstone.aspect.LoggerAspect - During: class com.capstone.service.accountinfoServiceImpl.getAcountsByCustId() with arguments=[accountinfo [accno=202200051, custid=202200005, branch_name=Bengaluru, ifsc=NATW000123, savingsamount=3128.0], accountinfo [accno=202200053, custid=202200005, branch_name=Bengaluru, ifsc=NATW000123, savingsamount=150000.0]]
2022-10-13 17:02:52 [http-nio-8082-exec-5] INFO  com.capstone.aspect.LoggerAspect - *************************************
2022-10-13 17:02:52 [http-nio-8082-exec-5] INFO  com.capstone.aspect.LoggerAspect - During: class com.capstone.controller.accountinfoController.getsavingsAccount() with arguments=[accountinfo [accno=202200051, custid=202200005, branch_name=Bengaluru, ifsc=NATW000123, savingsamount=3128.0], accountinfo [accno=202200053, custid=202200005, branch_name=Bengaluru, ifsc=NATW000123, savingsamount=150000.0]]
2022-10-13 17:02:52 [http-nio-8082-exec-5] INFO  com.capstone.aspect.LoggerAspect - *************************************
2022-10-13 17:03:04 [http-nio-8082-exec-7] INFO  com.capstone.aspect.LoggerAspect - Method name: com.capstone.controller.accountinfoController
2022-10-13 17:03:04 [http-nio-8082-exec-7] INFO  com.capstone.aspect.LoggerAspect - Method arguments:[Ljava.lang.Object;@721e6e2c
2022-10-13 17:03:04 [http-nio-8082-exec-7] INFO  com.capstone.aspect.LoggerAspect - *************************************
2022-10-13 17:03:04 [http-nio-8082-exec-7] INFO  com.capstone.aspect.LoggerAspect - Method name: com.capstone.service.accountinfoServiceImpl
2022-10-13 17:03:04 [http-nio-8082-exec-7] INFO  com.capstone.aspect.LoggerAspect - Method arguments:[Ljava.lang.Object;@3542d8c5
2022-10-13 17:03:04 [http-nio-8082-exec-7] INFO  com.capstone.aspect.LoggerAspect - *************************************
2022-10-13 17:03:04 [http-nio-8082-exec-7] INFO  com.capstone.aspect.LoggerAspect - During: class com.capstone.service.accountinfoServiceImpl.getAcountsByCustId() with arguments=[accountinfo [accno=202200051, custid=202200005, branch_name=Bengaluru, ifsc=NATW000123, savingsamount=3128.0], accountinfo [accno=202200053, custid=202200005, branch_name=Bengaluru, ifsc=NATW000123, savingsamount=150000.0]]
2022-10-13 17:03:04 [http-nio-8082-exec-7] INFO  com.capstone.aspect.LoggerAspect - *************************************
2022-10-13 17:03:04 [http-nio-8082-exec-7] INFO  com.capstone.aspect.LoggerAspect - During: class com.capstone.controller.accountinfoController.getsavingsAccount() with arguments=[accountinfo [accno=202200051, custid=202200005, branch_name=Bengaluru, ifsc=NATW000123, savingsamount=3128.0], accountinfo [accno=202200053, custid=202200005, branch_name=Bengaluru, ifsc=NATW000123, savingsamount=150000.0]]
2022-10-13 17:03:04 [http-nio-8082-exec-7] INFO  com.capstone.aspect.LoggerAspect - *************************************
2022-10-13 17:03:31 [http-nio-8082-exec-10] INFO  com.capstone.aspect.LoggerAspect - Method name: com.capstone.controller.accountinfoController
2022-10-13 17:03:31 [http-nio-8082-exec-10] INFO  com.capstone.aspect.LoggerAspect - Method arguments:[Ljava.lang.Object;@79913f4a
2022-10-13 17:03:31 [http-nio-8082-exec-10] INFO  com.capstone.aspect.LoggerAspect - *************************************
2022-10-13 17:03:31 [http-nio-8082-exec-10] INFO  com.capstone.aspect.LoggerAspect - Method name: com.capstone.service.accountinfoServiceImpl
2022-10-13 17:03:31 [http-nio-8082-exec-10] INFO  com.capstone.aspect.LoggerAspect - Method arguments:[Ljava.lang.Object;@1491aed9
2022-10-13 17:03:31 [http-nio-8082-exec-10] INFO  com.capstone.aspect.LoggerAspect - *************************************
2022-10-13 17:03:31 [http-nio-8082-exec-10] INFO  com.capstone.aspect.LoggerAspect - During: class com.capstone.service.accountinfoServiceImpl.getAcountsByCustId() with arguments=[accountinfo [accno=202200051, custid=202200005, branch_name=Bengaluru, ifsc=NATW000123, savingsamount=3128.0], accountinfo [accno=202200053, custid=202200005, branch_name=Bengaluru, ifsc=NATW000123, savingsamount=150000.0]]
2022-10-13 17:03:31 [http-nio-8082-exec-10] INFO  com.capstone.aspect.LoggerAspect - *************************************
2022-10-13 17:03:31 [http-nio-8082-exec-10] INFO  com.capstone.aspect.LoggerAspect - During: class com.capstone.controller.accountinfoController.getsavingsAccount() with arguments=[accountinfo [accno=202200051, custid=202200005, branch_name=Bengaluru, ifsc=NATW000123, savingsamount=3128.0], accountinfo [accno=202200053, custid=202200005, branch_name=Bengaluru, ifsc=NATW000123, savingsamount=150000.0]]
2022-10-13 17:03:31 [http-nio-8082-exec-10] INFO  com.capstone.aspect.LoggerAspect - *************************************
2022-10-13 17:03:43 [http-nio-8082-exec-2] INFO  com.capstone.aspect.LoggerAspect - Method name: com.capstone.controller.accountinfoController
2022-10-13 17:03:43 [http-nio-8082-exec-2] INFO  com.capstone.aspect.LoggerAspect - Method arguments:[Ljava.lang.Object;@20b92a90
2022-10-13 17:03:43 [http-nio-8082-exec-2] INFO  com.capstone.aspect.LoggerAspect - *************************************
2022-10-13 17:03:43 [http-nio-8082-exec-2] INFO  com.capstone.aspect.LoggerAspect - Method name: com.capstone.service.accountinfoServiceImpl
2022-10-13 17:03:43 [http-nio-8082-exec-2] INFO  com.capstone.aspect.LoggerAspect - Method arguments:[Ljava.lang.Object;@f2bd481
2022-10-13 17:03:43 [http-nio-8082-exec-2] INFO  com.capstone.aspect.LoggerAspect - *************************************
2022-10-13 17:03:43 [http-nio-8082-exec-2] INFO  com.capstone.aspect.LoggerAspect - During: class com.capstone.service.accountinfoServiceImpl.getAcountsByCustId() with arguments=[accountinfo [accno=202200051, custid=202200005, branch_name=Bengaluru, ifsc=NATW000123, savingsamount=3128.0], accountinfo [accno=202200053, custid=202200005, branch_name=Bengaluru, ifsc=NATW000123, savingsamount=150000.0]]
2022-10-13 17:03:43 [http-nio-8082-exec-2] INFO  com.capstone.aspect.LoggerAspect - *************************************
2022-10-13 17:03:43 [http-nio-8082-exec-2] INFO  com.capstone.aspect.LoggerAspect - During: class com.capstone.controller.accountinfoController.getsavingsAccount() with arguments=[accountinfo [accno=202200051, custid=202200005, branch_name=Bengaluru, ifsc=NATW000123, savingsamount=3128.0], accountinfo [accno=202200053, custid=202200005, branch_name=Bengaluru, ifsc=NATW000123, savingsamount=150000.0]]
2022-10-13 17:03:43 [http-nio-8082-exec-2] INFO  com.capstone.aspect.LoggerAspect - *************************************
2022-10-13 17:03:46 [http-nio-8082-exec-4] INFO  com.capstone.aspect.LoggerAspect - Method name: com.capstone.controller.accountinfoController
2022-10-13 17:03:46 [http-nio-8082-exec-4] INFO  com.capstone.aspect.LoggerAspect - Method arguments:[Ljava.lang.Object;@7ee18afa
2022-10-13 17:03:46 [http-nio-8082-exec-4] INFO  com.capstone.aspect.LoggerAspect - *************************************
2022-10-13 17:03:46 [http-nio-8082-exec-4] INFO  com.capstone.aspect.LoggerAspect - Method name: com.capstone.service.accountinfoServiceImpl
2022-10-13 17:03:46 [http-nio-8082-exec-4] INFO  com.capstone.aspect.LoggerAspect - Method arguments:[Ljava.lang.Object;@60d87b5a
2022-10-13 17:03:46 [http-nio-8082-exec-4] INFO  com.capstone.aspect.LoggerAspect - *************************************
2022-10-13 17:03:46 [http-nio-8082-exec-4] INFO  com.capstone.aspect.LoggerAspect - During: class com.capstone.service.accountinfoServiceImpl.getAcountsByCustId() with arguments=[accountinfo [accno=202200051, custid=202200005, branch_name=Bengaluru, ifsc=NATW000123, savingsamount=3128.0], accountinfo [accno=202200053, custid=202200005, branch_name=Bengaluru, ifsc=NATW000123, savingsamount=150000.0]]
2022-10-13 17:03:46 [http-nio-8082-exec-4] INFO  com.capstone.aspect.LoggerAspect - *************************************
2022-10-13 17:03:46 [http-nio-8082-exec-4] INFO  com.capstone.aspect.LoggerAspect - During: class com.capstone.controller.accountinfoController.getsavingsAccount() with arguments=[accountinfo [accno=202200051, custid=202200005, branch_name=Bengaluru, ifsc=NATW000123, savingsamount=3128.0], accountinfo [accno=202200053, custid=202200005, branch_name=Bengaluru, ifsc=NATW000123, savingsamount=150000.0]]
2022-10-13 17:03:46 [http-nio-8082-exec-4] INFO  com.capstone.aspect.LoggerAspect - *************************************
2022-10-13 17:04:09 [http-nio-8082-exec-6] INFO  com.capstone.aspect.LoggerAspect - Method name: com.capstone.controller.accountinfoController
2022-10-13 17:04:09 [http-nio-8082-exec-6] INFO  com.capstone.aspect.LoggerAspect - Method arguments:[Ljava.lang.Object;@61304a38
2022-10-13 17:04:09 [http-nio-8082-exec-6] INFO  com.capstone.aspect.LoggerAspect - *************************************
2022-10-13 17:04:09 [http-nio-8082-exec-6] INFO  com.capstone.aspect.LoggerAspect - Method name: com.capstone.service.accountinfoServiceImpl
2022-10-13 17:04:09 [http-nio-8082-exec-6] INFO  com.capstone.aspect.LoggerAspect - Method arguments:[Ljava.lang.Object;@700c5f6b
2022-10-13 17:04:09 [http-nio-8082-exec-6] INFO  com.capstone.aspect.LoggerAspect - *************************************
2022-10-13 17:04:09 [http-nio-8082-exec-6] INFO  com.capstone.aspect.LoggerAspect - During: class com.capstone.service.accountinfoServiceImpl.getAcountsByCustId() with arguments=[accountinfo [accno=202200051, custid=202200005, branch_name=Bengaluru, ifsc=NATW000123, savingsamount=3128.0], accountinfo [accno=202200053, custid=202200005, branch_name=Bengaluru, ifsc=NATW000123, savingsamount=150000.0]]
2022-10-13 17:04:09 [http-nio-8082-exec-6] INFO  com.capstone.aspect.LoggerAspect - *************************************
2022-10-13 17:04:09 [http-nio-8082-exec-6] INFO  com.capstone.aspect.LoggerAspect - During: class com.capstone.controller.accountinfoController.getsavingsAccount() with arguments=[accountinfo [accno=202200051, custid=202200005, branch_name=Bengaluru, ifsc=NATW000123, savingsamount=3128.0], accountinfo [accno=202200053, custid=202200005, branch_name=Bengaluru, ifsc=NATW000123, savingsamount=150000.0]]
2022-10-13 17:04:09 [http-nio-8082-exec-6] INFO  com.capstone.aspect.LoggerAspect - *************************************
2022-10-13 17:04:18 [AsyncResolver-bootstrap-executor-0] INFO  c.n.d.s.r.aws.ConfigClusterResolver - Resolving eureka endpoints via configuration
2022-10-13 17:05:10 [http-nio-8082-exec-9] INFO  com.capstone.aspect.LoggerAspect - Method name: com.capstone.controller.accountinfoController
2022-10-13 17:05:10 [http-nio-8082-exec-9] INFO  com.capstone.aspect.LoggerAspect - Method arguments:[Ljava.lang.Object;@2a80e301
2022-10-13 17:05:10 [http-nio-8082-exec-9] INFO  com.capstone.aspect.LoggerAspect - *************************************
2022-10-13 17:05:10 [http-nio-8082-exec-9] INFO  com.capstone.aspect.LoggerAspect - Method name: com.capstone.service.accountinfoServiceImpl
2022-10-13 17:05:10 [http-nio-8082-exec-9] INFO  com.capstone.aspect.LoggerAspect - Method arguments:[Ljava.lang.Object;@7a727d67
2022-10-13 17:05:10 [http-nio-8082-exec-9] INFO  com.capstone.aspect.LoggerAspect - *************************************
2022-10-13 17:05:10 [http-nio-8082-exec-9] INFO  com.capstone.aspect.LoggerAspect - During: class com.capstone.service.accountinfoServiceImpl.getAcountsByCustId() with arguments=[accountinfo [accno=202200051, custid=202200005, branch_name=Bengaluru, ifsc=NATW000123, savingsamount=3128.0], accountinfo [accno=202200053, custid=202200005, branch_name=Bengaluru, ifsc=NATW000123, savingsamount=150000.0]]
2022-10-13 17:05:10 [http-nio-8082-exec-9] INFO  com.capstone.aspect.LoggerAspect - *************************************
2022-10-13 17:05:10 [http-nio-8082-exec-9] INFO  com.capstone.aspect.LoggerAspect - During: class com.capstone.controller.accountinfoController.getsavingsAccount() with arguments=[accountinfo [accno=202200051, custid=202200005, branch_name=Bengaluru, ifsc=NATW000123, savingsamount=3128.0], accountinfo [accno=202200053, custid=202200005, branch_name=Bengaluru, ifsc=NATW000123, savingsamount=150000.0]]
2022-10-13 17:05:10 [http-nio-8082-exec-9] INFO  com.capstone.aspect.LoggerAspect - *************************************
2022-10-13 17:06:08 [http-nio-8082-exec-10] INFO  com.capstone.aspect.LoggerAspect - Method name: com.capstone.controller.accountinfoController
2022-10-13 17:06:08 [http-nio-8082-exec-10] INFO  com.capstone.aspect.LoggerAspect - Method arguments:[Ljava.lang.Object;@3d4b20e0
2022-10-13 17:06:08 [http-nio-8082-exec-10] INFO  com.capstone.aspect.LoggerAspect - *************************************
2022-10-13 17:06:08 [http-nio-8082-exec-10] INFO  com.capstone.aspect.LoggerAspect - Method name: com.capstone.service.accountinfoServiceImpl
2022-10-13 17:06:08 [http-nio-8082-exec-10] INFO  com.capstone.aspect.LoggerAspect - Method arguments:[Ljava.lang.Object;@4fdda978
2022-10-13 17:06:08 [http-nio-8082-exec-10] INFO  com.capstone.aspect.LoggerAspect - *************************************
2022-10-13 17:06:08 [http-nio-8082-exec-10] INFO  com.capstone.aspect.LoggerAspect - During: class com.capstone.service.accountinfoServiceImpl.getAcountsByCustId() with arguments=[accountinfo [accno=202200051, custid=202200005, branch_name=Bengaluru, ifsc=NATW000123, savingsamount=3128.0], accountinfo [accno=202200053, custid=202200005, branch_name=Bengaluru, ifsc=NATW000123, savingsamount=150000.0]]
2022-10-13 17:06:08 [http-nio-8082-exec-10] INFO  com.capstone.aspect.LoggerAspect - *************************************
2022-10-13 17:06:08 [http-nio-8082-exec-10] INFO  com.capstone.aspect.LoggerAspect - During: class com.capstone.controller.accountinfoController.getsavingsAccount() with arguments=[accountinfo [accno=202200051, custid=202200005, branch_name=Bengaluru, ifsc=NATW000123, savingsamount=3128.0], accountinfo [accno=202200053, custid=202200005, branch_name=Bengaluru, ifsc=NATW000123, savingsamount=150000.0]]
2022-10-13 17:06:08 [http-nio-8082-exec-10] INFO  com.capstone.aspect.LoggerAspect - *************************************
2022-10-13 17:06:22 [http-nio-8082-exec-2] INFO  com.capstone.aspect.LoggerAspect - Method name: com.capstone.controller.accountinfoController
2022-10-13 17:06:22 [http-nio-8082-exec-2] INFO  com.capstone.aspect.LoggerAspect - Method arguments:[Ljava.lang.Object;@13ecd79f
2022-10-13 17:06:22 [http-nio-8082-exec-2] INFO  com.capstone.aspect.LoggerAspect - *************************************
2022-10-13 17:06:22 [http-nio-8082-exec-2] INFO  com.capstone.aspect.LoggerAspect - Method name: com.capstone.service.accountinfoServiceImpl
2022-10-13 17:06:22 [http-nio-8082-exec-2] INFO  com.capstone.aspect.LoggerAspect - Method arguments:[Ljava.lang.Object;@3d702fd3
2022-10-13 17:06:22 [http-nio-8082-exec-2] INFO  com.capstone.aspect.LoggerAspect - *************************************
2022-10-13 17:06:22 [http-nio-8082-exec-2] INFO  com.capstone.aspect.LoggerAspect - During: class com.capstone.service.accountinfoServiceImpl.getAcountsByCustId() with arguments=[accountinfo [accno=202200051, custid=202200005, branch_name=Bengaluru, ifsc=NATW000123, savingsamount=3128.0], accountinfo [accno=202200053, custid=202200005, branch_name=Bengaluru, ifsc=NATW000123, savingsamount=150000.0]]
2022-10-13 17:06:22 [http-nio-8082-exec-2] INFO  com.capstone.aspect.LoggerAspect - *************************************
2022-10-13 17:06:22 [http-nio-8082-exec-2] INFO  com.capstone.aspect.LoggerAspect - During: class com.capstone.controller.accountinfoController.getsavingsAccount() with arguments=[accountinfo [accno=202200051, custid=202200005, branch_name=Bengaluru, ifsc=NATW000123, savingsamount=3128.0], accountinfo [accno=202200053, custid=202200005, branch_name=Bengaluru, ifsc=NATW000123, savingsamount=150000.0]]
2022-10-13 17:06:22 [http-nio-8082-exec-2] INFO  com.capstone.aspect.LoggerAspect - *************************************
2022-10-13 17:06:31 [http-nio-8082-exec-4] INFO  com.capstone.aspect.LoggerAspect - Method name: com.capstone.controller.accountinfoController
2022-10-13 17:06:31 [http-nio-8082-exec-4] INFO  com.capstone.aspect.LoggerAspect - Method arguments:[Ljava.lang.Object;@993467a
2022-10-13 17:06:31 [http-nio-8082-exec-4] INFO  com.capstone.aspect.LoggerAspect - *************************************
2022-10-13 17:06:31 [http-nio-8082-exec-4] INFO  com.capstone.aspect.LoggerAspect - Method name: com.capstone.service.accountinfoServiceImpl
2022-10-13 17:06:31 [http-nio-8082-exec-4] INFO  com.capstone.aspect.LoggerAspect - Method arguments:[Ljava.lang.Object;@4f675ff8
2022-10-13 17:06:31 [http-nio-8082-exec-4] INFO  com.capstone.aspect.LoggerAspect - *************************************
2022-10-13 17:06:31 [http-nio-8082-exec-4] INFO  com.capstone.aspect.LoggerAspect - During: class com.capstone.service.accountinfoServiceImpl.getAcountsByCustId() with arguments=[accountinfo [accno=202200051, custid=202200005, branch_name=Bengaluru, ifsc=NATW000123, savingsamount=3128.0], accountinfo [accno=202200053, custid=202200005, branch_name=Bengaluru, ifsc=NATW000123, savingsamount=150000.0]]
2022-10-13 17:06:31 [http-nio-8082-exec-4] INFO  com.capstone.aspect.LoggerAspect - *************************************
2022-10-13 17:06:31 [http-nio-8082-exec-4] INFO  com.capstone.aspect.LoggerAspect - During: class com.capstone.controller.accountinfoController.getsavingsAccount() with arguments=[accountinfo [accno=202200051, custid=202200005, branch_name=Bengaluru, ifsc=NATW000123, savingsamount=3128.0], accountinfo [accno=202200053, custid=202200005, branch_name=Bengaluru, ifsc=NATW000123, savingsamount=150000.0]]
2022-10-13 17:06:31 [http-nio-8082-exec-4] INFO  com.capstone.aspect.LoggerAspect - *************************************
2022-10-13 17:06:42 [http-nio-8082-exec-6] INFO  com.capstone.aspect.LoggerAspect - Method name: com.capstone.controller.accountinfoController
2022-10-13 17:06:42 [http-nio-8082-exec-6] INFO  com.capstone.aspect.LoggerAspect - Method arguments:[Ljava.lang.Object;@312845af
2022-10-13 17:06:42 [http-nio-8082-exec-6] INFO  com.capstone.aspect.LoggerAspect - *************************************
2022-10-13 17:06:42 [http-nio-8082-exec-6] INFO  com.capstone.aspect.LoggerAspect - Method name: com.capstone.service.accountinfoServiceImpl
2022-10-13 17:06:42 [http-nio-8082-exec-6] INFO  com.capstone.aspect.LoggerAspect - Method arguments:[Ljava.lang.Object;@6476daf0
2022-10-13 17:06:42 [http-nio-8082-exec-6] INFO  com.capstone.aspect.LoggerAspect - *************************************
2022-10-13 17:06:42 [http-nio-8082-exec-6] INFO  com.capstone.aspect.LoggerAspect - During: class com.capstone.service.accountinfoServiceImpl.getAcountsByCustId() with arguments=[accountinfo [accno=202200051, custid=202200005, branch_name=Bengaluru, ifsc=NATW000123, savingsamount=3128.0], accountinfo [accno=202200053, custid=202200005, branch_name=Bengaluru, ifsc=NATW000123, savingsamount=150000.0]]
2022-10-13 17:06:42 [http-nio-8082-exec-6] INFO  com.capstone.aspect.LoggerAspect - *************************************
2022-10-13 17:06:42 [http-nio-8082-exec-6] INFO  com.capstone.aspect.LoggerAspect - During: class com.capstone.controller.accountinfoController.getsavingsAccount() with arguments=[accountinfo [accno=202200051, custid=202200005, branch_name=Bengaluru, ifsc=NATW000123, savingsamount=3128.0], accountinfo [accno=202200053, custid=202200005, branch_name=Bengaluru, ifsc=NATW000123, savingsamount=150000.0]]
2022-10-13 17:06:42 [http-nio-8082-exec-6] INFO  com.capstone.aspect.LoggerAspect - *************************************
2022-10-13 17:08:05 [http-nio-8082-exec-9] INFO  com.capstone.aspect.LoggerAspect - Method name: com.capstone.controller.accountinfoController
2022-10-13 17:08:05 [http-nio-8082-exec-9] INFO  com.capstone.aspect.LoggerAspect - Method arguments:[Ljava.lang.Object;@67ce7d89
2022-10-13 17:08:05 [http-nio-8082-exec-9] INFO  com.capstone.aspect.LoggerAspect - *************************************
2022-10-13 17:08:05 [http-nio-8082-exec-9] INFO  com.capstone.aspect.LoggerAspect - Method name: com.capstone.service.accountinfoServiceImpl
2022-10-13 17:08:05 [http-nio-8082-exec-9] INFO  com.capstone.aspect.LoggerAspect - Method arguments:[Ljava.lang.Object;@46482186
2022-10-13 17:08:05 [http-nio-8082-exec-9] INFO  com.capstone.aspect.LoggerAspect - *************************************
2022-10-13 17:08:05 [http-nio-8082-exec-9] INFO  com.capstone.aspect.LoggerAspect - During: class com.capstone.service.accountinfoServiceImpl.getAcountsByCustId() with arguments=[accountinfo [accno=202200051, custid=202200005, branch_name=Bengaluru, ifsc=NATW000123, savingsamount=3128.0], accountinfo [accno=202200053, custid=202200005, branch_name=Bengaluru, ifsc=NATW000123, savingsamount=150000.0]]
2022-10-13 17:08:05 [http-nio-8082-exec-9] INFO  com.capstone.aspect.LoggerAspect - *************************************
2022-10-13 17:08:05 [http-nio-8082-exec-9] INFO  com.capstone.aspect.LoggerAspect - During: class com.capstone.controller.accountinfoController.getsavingsAccount() with arguments=[accountinfo [accno=202200051, custid=202200005, branch_name=Bengaluru, ifsc=NATW000123, savingsamount=3128.0], accountinfo [accno=202200053, custid=202200005, branch_name=Bengaluru, ifsc=NATW000123, savingsamount=150000.0]]
2022-10-13 17:08:05 [http-nio-8082-exec-9] INFO  com.capstone.aspect.LoggerAspect - *************************************
2022-10-13 17:08:10 [http-nio-8082-exec-8] INFO  com.capstone.aspect.LoggerAspect - Method name: com.capstone.controller.accountinfoController
2022-10-13 17:08:10 [http-nio-8082-exec-8] INFO  com.capstone.aspect.LoggerAspect - Method arguments:[Ljava.lang.Object;@56728ad5
2022-10-13 17:08:10 [http-nio-8082-exec-8] INFO  com.capstone.aspect.LoggerAspect - *************************************
2022-10-13 17:08:10 [http-nio-8082-exec-8] INFO  com.capstone.aspect.LoggerAspect - Method name: com.capstone.service.accountinfoServiceImpl
2022-10-13 17:08:10 [http-nio-8082-exec-8] INFO  com.capstone.aspect.LoggerAspect - Method arguments:[Ljava.lang.Object;@7b2a3501
2022-10-13 17:08:10 [http-nio-8082-exec-8] INFO  com.capstone.aspect.LoggerAspect - *************************************
2022-10-13 17:08:10 [http-nio-8082-exec-8] INFO  com.capstone.aspect.LoggerAspect - During: class com.capstone.service.accountinfoServiceImpl.getAcountsByCustId() with arguments=[accountinfo [accno=202200051, custid=202200005, branch_name=Bengaluru, ifsc=NATW000123, savingsamount=3128.0], accountinfo [accno=202200053, custid=202200005, branch_name=Bengaluru, ifsc=NATW000123, savingsamount=150000.0]]
2022-10-13 17:08:10 [http-nio-8082-exec-8] INFO  com.capstone.aspect.LoggerAspect - *************************************
2022-10-13 17:08:10 [http-nio-8082-exec-8] INFO  com.capstone.aspect.LoggerAspect - During: class com.capstone.controller.accountinfoController.getsavingsAccount() with arguments=[accountinfo [accno=202200051, custid=202200005, branch_name=Bengaluru, ifsc=NATW000123, savingsamount=3128.0], accountinfo [accno=202200053, custid=202200005, branch_name=Bengaluru, ifsc=NATW000123, savingsamount=150000.0]]
2022-10-13 17:08:10 [http-nio-8082-exec-8] INFO  com.capstone.aspect.LoggerAspect - *************************************
2022-10-13 17:08:19 [http-nio-8082-exec-1] INFO  com.capstone.aspect.LoggerAspect - Method name: com.capstone.controller.accountinfoController
2022-10-13 17:08:19 [http-nio-8082-exec-1] INFO  com.capstone.aspect.LoggerAspect - Method arguments:[Ljava.lang.Object;@2d2ea23e
2022-10-13 17:08:19 [http-nio-8082-exec-1] INFO  com.capstone.aspect.LoggerAspect - *************************************
2022-10-13 17:08:19 [http-nio-8082-exec-1] INFO  com.capstone.aspect.LoggerAspect - Method name: com.capstone.service.accountinfoServiceImpl
2022-10-13 17:08:19 [http-nio-8082-exec-1] INFO  com.capstone.aspect.LoggerAspect - Method arguments:[Ljava.lang.Object;@5cc41c47
2022-10-13 17:08:19 [http-nio-8082-exec-1] INFO  com.capstone.aspect.LoggerAspect - *************************************
2022-10-13 17:08:19 [http-nio-8082-exec-1] INFO  com.capstone.aspect.LoggerAspect - During: class com.capstone.service.accountinfoServiceImpl.getAcountsByCustId() with arguments=[accountinfo [accno=202200051, custid=202200005, branch_name=Bengaluru, ifsc=NATW000123, savingsamount=3128.0], accountinfo [accno=202200053, custid=202200005, branch_name=Bengaluru, ifsc=NATW000123, savingsamount=150000.0]]
2022-10-13 17:08:19 [http-nio-8082-exec-1] INFO  com.capstone.aspect.LoggerAspect - *************************************
2022-10-13 17:08:19 [http-nio-8082-exec-1] INFO  com.capstone.aspect.LoggerAspect - During: class com.capstone.controller.accountinfoController.getsavingsAccount() with arguments=[accountinfo [accno=202200051, custid=202200005, branch_name=Bengaluru, ifsc=NATW000123, savingsamount=3128.0], accountinfo [accno=202200053, custid=202200005, branch_name=Bengaluru, ifsc=NATW000123, savingsamount=150000.0]]
2022-10-13 17:08:19 [http-nio-8082-exec-1] INFO  com.capstone.aspect.LoggerAspect - *************************************
2022-10-13 17:09:08 [http-nio-8082-exec-3] INFO  com.capstone.aspect.LoggerAspect - Method name: com.capstone.controller.accountinfoController
2022-10-13 17:09:08 [http-nio-8082-exec-3] INFO  com.capstone.aspect.LoggerAspect - Method arguments:[Ljava.lang.Object;@3ee8ca
2022-10-13 17:09:08 [http-nio-8082-exec-3] INFO  com.capstone.aspect.LoggerAspect - *************************************
2022-10-13 17:09:08 [http-nio-8082-exec-3] INFO  com.capstone.aspect.LoggerAspect - Method name: com.capstone.service.accountinfoServiceImpl
2022-10-13 17:09:08 [http-nio-8082-exec-3] INFO  com.capstone.aspect.LoggerAspect - Method arguments:[Ljava.lang.Object;@1f0ab93
2022-10-13 17:09:08 [http-nio-8082-exec-3] INFO  com.capstone.aspect.LoggerAspect - *************************************
2022-10-13 17:09:08 [http-nio-8082-exec-3] INFO  com.capstone.aspect.LoggerAspect - During: class com.capstone.service.accountinfoServiceImpl.getAcountsByCustId() with arguments=[accountinfo [accno=202200051, custid=202200005, branch_name=Bengaluru, ifsc=NATW000123, savingsamount=3128.0], accountinfo [accno=202200053, custid=202200005, branch_name=Bengaluru, ifsc=NATW000123, savingsamount=150000.0]]
2022-10-13 17:09:08 [http-nio-8082-exec-3] INFO  com.capstone.aspect.LoggerAspect - *************************************
2022-10-13 17:09:08 [http-nio-8082-exec-3] INFO  com.capstone.aspect.LoggerAspect - During: class com.capstone.controller.accountinfoController.getsavingsAccount() with arguments=[accountinfo [accno=202200051, custid=202200005, branch_name=Bengaluru, ifsc=NATW000123, savingsamount=3128.0], accountinfo [accno=202200053, custid=202200005, branch_name=Bengaluru, ifsc=NATW000123, savingsamount=150000.0]]
2022-10-13 17:09:08 [http-nio-8082-exec-3] INFO  com.capstone.aspect.LoggerAspect - *************************************
2022-10-13 17:09:18 [AsyncResolver-bootstrap-executor-0] INFO  c.n.d.s.r.aws.ConfigClusterResolver - Resolving eureka endpoints via configuration
2022-10-13 17:10:12 [http-nio-8082-exec-5] INFO  com.capstone.aspect.LoggerAspect - Method name: com.capstone.controller.accountinfoController
2022-10-13 17:10:12 [http-nio-8082-exec-5] INFO  com.capstone.aspect.LoggerAspect - Method arguments:[Ljava.lang.Object;@6f0e70a5
2022-10-13 17:10:12 [http-nio-8082-exec-5] INFO  com.capstone.aspect.LoggerAspect - *************************************
2022-10-13 17:10:12 [http-nio-8082-exec-5] INFO  com.capstone.aspect.LoggerAspect - Method name: com.capstone.service.accountinfoServiceImpl
2022-10-13 17:10:12 [http-nio-8082-exec-5] INFO  com.capstone.aspect.LoggerAspect - Method arguments:[Ljava.lang.Object;@61e6b134
2022-10-13 17:10:12 [http-nio-8082-exec-5] INFO  com.capstone.aspect.LoggerAspect - *************************************
2022-10-13 17:10:12 [http-nio-8082-exec-5] INFO  com.capstone.aspect.LoggerAspect - During: class com.capstone.service.accountinfoServiceImpl.getAcountsByCustId() with arguments=[accountinfo [accno=202200051, custid=202200005, branch_name=Bengaluru, ifsc=NATW000123, savingsamount=3128.0], accountinfo [accno=202200053, custid=202200005, branch_name=Bengaluru, ifsc=NATW000123, savingsamount=150000.0]]
2022-10-13 17:10:12 [http-nio-8082-exec-5] INFO  com.capstone.aspect.LoggerAspect - *************************************
2022-10-13 17:10:12 [http-nio-8082-exec-5] INFO  com.capstone.aspect.LoggerAspect - During: class com.capstone.controller.accountinfoController.getsavingsAccount() with arguments=[accountinfo [accno=202200051, custid=202200005, branch_name=Bengaluru, ifsc=NATW000123, savingsamount=3128.0], accountinfo [accno=202200053, custid=202200005, branch_name=Bengaluru, ifsc=NATW000123, savingsamount=150000.0]]
2022-10-13 17:10:12 [http-nio-8082-exec-5] INFO  com.capstone.aspect.LoggerAspect - *************************************
2022-10-13 17:10:14 [http-nio-8082-exec-6] INFO  com.capstone.aspect.LoggerAspect - Method name: com.capstone.controller.accountinfoController
2022-10-13 17:10:14 [http-nio-8082-exec-6] INFO  com.capstone.aspect.LoggerAspect - Method arguments:[Ljava.lang.Object;@c1b0a2a
2022-10-13 17:10:14 [http-nio-8082-exec-6] INFO  com.capstone.aspect.LoggerAspect - *************************************
2022-10-13 17:10:14 [http-nio-8082-exec-6] INFO  com.capstone.aspect.LoggerAspect - Method name: com.capstone.service.accountinfoServiceImpl
2022-10-13 17:10:14 [http-nio-8082-exec-6] INFO  com.capstone.aspect.LoggerAspect - Method arguments:[Ljava.lang.Object;@1a38a0c6
2022-10-13 17:10:14 [http-nio-8082-exec-6] INFO  com.capstone.aspect.LoggerAspect - *************************************
2022-10-13 17:10:15 [http-nio-8082-exec-6] INFO  com.capstone.aspect.LoggerAspect - During: class com.capstone.service.accountinfoServiceImpl.getAcountsByCustId() with arguments=[accountinfo [accno=202200051, custid=202200005, branch_name=Bengaluru, ifsc=NATW000123, savingsamount=3128.0], accountinfo [accno=202200053, custid=202200005, branch_name=Bengaluru, ifsc=NATW000123, savingsamount=150000.0]]
2022-10-13 17:10:15 [http-nio-8082-exec-6] INFO  com.capstone.aspect.LoggerAspect - *************************************
2022-10-13 17:10:15 [http-nio-8082-exec-6] INFO  com.capstone.aspect.LoggerAspect - During: class com.capstone.controller.accountinfoController.getsavingsAccount() with arguments=[accountinfo [accno=202200051, custid=202200005, branch_name=Bengaluru, ifsc=NATW000123, savingsamount=3128.0], accountinfo [accno=202200053, custid=202200005, branch_name=Bengaluru, ifsc=NATW000123, savingsamount=150000.0]]
2022-10-13 17:10:15 [http-nio-8082-exec-6] INFO  com.capstone.aspect.LoggerAspect - *************************************
2022-10-13 17:10:40 [http-nio-8082-exec-9] INFO  com.capstone.aspect.LoggerAspect - Method name: com.capstone.controller.accountinfoController
2022-10-13 17:10:40 [http-nio-8082-exec-9] INFO  com.capstone.aspect.LoggerAspect - Method arguments:[Ljava.lang.Object;@ea00e4b
2022-10-13 17:10:40 [http-nio-8082-exec-9] INFO  com.capstone.aspect.LoggerAspect - *************************************
2022-10-13 17:10:40 [http-nio-8082-exec-9] INFO  com.capstone.aspect.LoggerAspect - Method name: com.capstone.service.accountinfoServiceImpl
2022-10-13 17:10:40 [http-nio-8082-exec-9] INFO  com.capstone.aspect.LoggerAspect - Method arguments:[Ljava.lang.Object;@3b9a72c4
2022-10-13 17:10:40 [http-nio-8082-exec-9] INFO  com.capstone.aspect.LoggerAspect - *************************************
2022-10-13 17:10:40 [http-nio-8082-exec-9] INFO  com.capstone.aspect.LoggerAspect - During: class com.capstone.service.accountinfoServiceImpl.getAcountsByCustId() with arguments=[accountinfo [accno=202200051, custid=202200005, branch_name=Bengaluru, ifsc=NATW000123, savingsamount=3128.0], accountinfo [accno=202200053, custid=202200005, branch_name=Bengaluru, ifsc=NATW000123, savingsamount=150000.0]]
2022-10-13 17:10:40 [http-nio-8082-exec-9] INFO  com.capstone.aspect.LoggerAspect - *************************************
2022-10-13 17:10:40 [http-nio-8082-exec-9] INFO  com.capstone.aspect.LoggerAspect - During: class com.capstone.controller.accountinfoController.getsavingsAccount() with arguments=[accountinfo [accno=202200051, custid=202200005, branch_name=Bengaluru, ifsc=NATW000123, savingsamount=3128.0], accountinfo [accno=202200053, custid=202200005, branch_name=Bengaluru, ifsc=NATW000123, savingsamount=150000.0]]
2022-10-13 17:10:40 [http-nio-8082-exec-9] INFO  com.capstone.aspect.LoggerAspect - *************************************
2022-10-13 17:10:50 [http-nio-8082-exec-10] INFO  com.capstone.aspect.LoggerAspect - Method name: com.capstone.controller.accountinfoController
2022-10-13 17:10:50 [http-nio-8082-exec-10] INFO  com.capstone.aspect.LoggerAspect - Method arguments:[Ljava.lang.Object;@1d92562d
2022-10-13 17:10:50 [http-nio-8082-exec-10] INFO  com.capstone.aspect.LoggerAspect - *************************************
2022-10-13 17:10:50 [http-nio-8082-exec-10] INFO  com.capstone.aspect.LoggerAspect - Method name: com.capstone.service.accountinfoServiceImpl
2022-10-13 17:10:50 [http-nio-8082-exec-10] INFO  com.capstone.aspect.LoggerAspect - Method arguments:[Ljava.lang.Object;@510b5395
2022-10-13 17:10:50 [http-nio-8082-exec-10] INFO  com.capstone.aspect.LoggerAspect - *************************************
2022-10-13 17:10:50 [http-nio-8082-exec-10] INFO  com.capstone.aspect.LoggerAspect - During: class com.capstone.service.accountinfoServiceImpl.getAcountsByCustId() with arguments=[accountinfo [accno=202200051, custid=202200005, branch_name=Bengaluru, ifsc=NATW000123, savingsamount=3128.0], accountinfo [accno=202200053, custid=202200005, branch_name=Bengaluru, ifsc=NATW000123, savingsamount=150000.0]]
2022-10-13 17:10:50 [http-nio-8082-exec-10] INFO  com.capstone.aspect.LoggerAspect - *************************************
2022-10-13 17:10:50 [http-nio-8082-exec-10] INFO  com.capstone.aspect.LoggerAspect - During: class com.capstone.controller.accountinfoController.getsavingsAccount() with arguments=[accountinfo [accno=202200051, custid=202200005, branch_name=Bengaluru, ifsc=NATW000123, savingsamount=3128.0], accountinfo [accno=202200053, custid=202200005, branch_name=Bengaluru, ifsc=NATW000123, savingsamount=150000.0]]
2022-10-13 17:10:50 [http-nio-8082-exec-10] INFO  com.capstone.aspect.LoggerAspect - *************************************
2022-10-13 17:12:36 [http-nio-8082-exec-2] INFO  com.capstone.aspect.LoggerAspect - Method name: com.capstone.controller.accountinfoController
2022-10-13 17:12:36 [http-nio-8082-exec-2] INFO  com.capstone.aspect.LoggerAspect - Method arguments:[Ljava.lang.Object;@3fc35ed5
2022-10-13 17:12:36 [http-nio-8082-exec-2] INFO  com.capstone.aspect.LoggerAspect - *************************************
2022-10-13 17:12:36 [http-nio-8082-exec-2] INFO  com.capstone.aspect.LoggerAspect - Method name: com.capstone.service.accountinfoServiceImpl
2022-10-13 17:12:36 [http-nio-8082-exec-2] INFO  com.capstone.aspect.LoggerAspect - Method arguments:[Ljava.lang.Object;@43179cdf
2022-10-13 17:12:36 [http-nio-8082-exec-2] INFO  com.capstone.aspect.LoggerAspect - *************************************
2022-10-13 17:12:36 [http-nio-8082-exec-2] INFO  com.capstone.aspect.LoggerAspect - During: class com.capstone.service.accountinfoServiceImpl.getAcountsByCustId() with arguments=[accountinfo [accno=202200051, custid=202200005, branch_name=Bengaluru, ifsc=NATW000123, savingsamount=3128.0], accountinfo [accno=202200053, custid=202200005, branch_name=Bengaluru, ifsc=NATW000123, savingsamount=150000.0]]
2022-10-13 17:12:36 [http-nio-8082-exec-2] INFO  com.capstone.aspect.LoggerAspect - *************************************
2022-10-13 17:12:36 [http-nio-8082-exec-2] INFO  com.capstone.aspect.LoggerAspect - During: class com.capstone.controller.accountinfoController.getsavingsAccount() with arguments=[accountinfo [accno=202200051, custid=202200005, branch_name=Bengaluru, ifsc=NATW000123, savingsamount=3128.0], accountinfo [accno=202200053, custid=202200005, branch_name=Bengaluru, ifsc=NATW000123, savingsamount=150000.0]]
2022-10-13 17:12:36 [http-nio-8082-exec-2] INFO  com.capstone.aspect.LoggerAspect - *************************************
2022-10-13 17:13:41 [http-nio-8082-exec-4] INFO  com.capstone.aspect.LoggerAspect - Method name: com.capstone.controller.accountinfoController
2022-10-13 17:13:41 [http-nio-8082-exec-4] INFO  com.capstone.aspect.LoggerAspect - Method arguments:[Ljava.lang.Object;@7129ea30
2022-10-13 17:13:41 [http-nio-8082-exec-4] INFO  com.capstone.aspect.LoggerAspect - *************************************
2022-10-13 17:13:41 [http-nio-8082-exec-4] INFO  com.capstone.aspect.LoggerAspect - Method name: com.capstone.service.accountinfoServiceImpl
2022-10-13 17:13:41 [http-nio-8082-exec-4] INFO  com.capstone.aspect.LoggerAspect - Method arguments:[Ljava.lang.Object;@67188b56
2022-10-13 17:13:41 [http-nio-8082-exec-4] INFO  com.capstone.aspect.LoggerAspect - *************************************
2022-10-13 17:13:41 [http-nio-8082-exec-4] INFO  com.capstone.aspect.LoggerAspect - During: class com.capstone.service.accountinfoServiceImpl.getAcountsByCustId() with arguments=[accountinfo [accno=202200051, custid=202200005, branch_name=Bengaluru, ifsc=NATW000123, savingsamount=3128.0], accountinfo [accno=202200053, custid=202200005, branch_name=Bengaluru, ifsc=NATW000123, savingsamount=150000.0]]
2022-10-13 17:13:41 [http-nio-8082-exec-4] INFO  com.capstone.aspect.LoggerAspect - *************************************
2022-10-13 17:13:41 [http-nio-8082-exec-4] INFO  com.capstone.aspect.LoggerAspect - During: class com.capstone.controller.accountinfoController.getsavingsAccount() with arguments=[accountinfo [accno=202200051, custid=202200005, branch_name=Bengaluru, ifsc=NATW000123, savingsamount=3128.0], accountinfo [accno=202200053, custid=202200005, branch_name=Bengaluru, ifsc=NATW000123, savingsamount=150000.0]]
2022-10-13 17:13:41 [http-nio-8082-exec-4] INFO  com.capstone.aspect.LoggerAspect - *************************************
2022-10-13 17:13:53 [http-nio-8082-exec-6] INFO  com.capstone.aspect.LoggerAspect - Method name: com.capstone.controller.accountinfoController
2022-10-13 17:13:53 [http-nio-8082-exec-6] INFO  com.capstone.aspect.LoggerAspect - Method arguments:[Ljava.lang.Object;@4a8fa3db
2022-10-13 17:13:53 [http-nio-8082-exec-6] INFO  com.capstone.aspect.LoggerAspect - *************************************
2022-10-13 17:13:53 [http-nio-8082-exec-6] INFO  com.capstone.aspect.LoggerAspect - Method name: com.capstone.service.accountinfoServiceImpl
2022-10-13 17:13:53 [http-nio-8082-exec-6] INFO  com.capstone.aspect.LoggerAspect - Method arguments:[Ljava.lang.Object;@6a0e3d9e
2022-10-13 17:13:53 [http-nio-8082-exec-6] INFO  com.capstone.aspect.LoggerAspect - *************************************
2022-10-13 17:13:53 [http-nio-8082-exec-6] INFO  com.capstone.aspect.LoggerAspect - During: class com.capstone.service.accountinfoServiceImpl.getAcountsByCustId() with arguments=[accountinfo [accno=202200051, custid=202200005, branch_name=Bengaluru, ifsc=NATW000123, savingsamount=3128.0], accountinfo [accno=202200053, custid=202200005, branch_name=Bengaluru, ifsc=NATW000123, savingsamount=150000.0]]
2022-10-13 17:13:53 [http-nio-8082-exec-6] INFO  com.capstone.aspect.LoggerAspect - *************************************
2022-10-13 17:13:53 [http-nio-8082-exec-6] INFO  com.capstone.aspect.LoggerAspect - During: class com.capstone.controller.accountinfoController.getsavingsAccount() with arguments=[accountinfo [accno=202200051, custid=202200005, branch_name=Bengaluru, ifsc=NATW000123, savingsamount=3128.0], accountinfo [accno=202200053, custid=202200005, branch_name=Bengaluru, ifsc=NATW000123, savingsamount=150000.0]]
2022-10-13 17:13:53 [http-nio-8082-exec-6] INFO  com.capstone.aspect.LoggerAspect - *************************************
2022-10-13 17:14:04 [http-nio-8082-exec-9] INFO  com.capstone.aspect.LoggerAspect - Method name: com.capstone.controller.accountinfoController
2022-10-13 17:14:04 [http-nio-8082-exec-9] INFO  com.capstone.aspect.LoggerAspect - Method arguments:[Ljava.lang.Object;@5340be2a
2022-10-13 17:14:04 [http-nio-8082-exec-9] INFO  com.capstone.aspect.LoggerAspect - *************************************
2022-10-13 17:14:04 [http-nio-8082-exec-9] INFO  com.capstone.aspect.LoggerAspect - Method name: com.capstone.service.accountinfoServiceImpl
2022-10-13 17:14:04 [http-nio-8082-exec-9] INFO  com.capstone.aspect.LoggerAspect - Method arguments:[Ljava.lang.Object;@ede9611
2022-10-13 17:14:04 [http-nio-8082-exec-9] INFO  com.capstone.aspect.LoggerAspect - *************************************
2022-10-13 17:14:04 [http-nio-8082-exec-9] INFO  com.capstone.aspect.LoggerAspect - During: class com.capstone.service.accountinfoServiceImpl.getAcountsByCustId() with arguments=[accountinfo [accno=202200051, custid=202200005, branch_name=Bengaluru, ifsc=NATW000123, savingsamount=3128.0], accountinfo [accno=202200053, custid=202200005, branch_name=Bengaluru, ifsc=NATW000123, savingsamount=150000.0]]
2022-10-13 17:14:04 [http-nio-8082-exec-9] INFO  com.capstone.aspect.LoggerAspect - *************************************
2022-10-13 17:14:04 [http-nio-8082-exec-9] INFO  com.capstone.aspect.LoggerAspect - During: class com.capstone.controller.accountinfoController.getsavingsAccount() with arguments=[accountinfo [accno=202200051, custid=202200005, branch_name=Bengaluru, ifsc=NATW000123, savingsamount=3128.0], accountinfo [accno=202200053, custid=202200005, branch_name=Bengaluru, ifsc=NATW000123, savingsamount=150000.0]]
2022-10-13 17:14:04 [http-nio-8082-exec-9] INFO  com.capstone.aspect.LoggerAspect - *************************************
2022-10-13 17:14:18 [AsyncResolver-bootstrap-executor-0] INFO  c.n.d.s.r.aws.ConfigClusterResolver - Resolving eureka endpoints via configuration
2022-10-13 17:14:54 [http-nio-8082-exec-10] INFO  com.capstone.aspect.LoggerAspect - Method name: com.capstone.controller.accountinfoController
2022-10-13 17:14:54 [http-nio-8082-exec-10] INFO  com.capstone.aspect.LoggerAspect - Method arguments:[Ljava.lang.Object;@e68208
2022-10-13 17:14:54 [http-nio-8082-exec-10] INFO  com.capstone.aspect.LoggerAspect - *************************************
2022-10-13 17:14:54 [http-nio-8082-exec-10] INFO  com.capstone.aspect.LoggerAspect - Method name: com.capstone.service.accountinfoServiceImpl
2022-10-13 17:14:54 [http-nio-8082-exec-10] INFO  com.capstone.aspect.LoggerAspect - Method arguments:[Ljava.lang.Object;@7392791d
2022-10-13 17:14:54 [http-nio-8082-exec-10] INFO  com.capstone.aspect.LoggerAspect - *************************************
2022-10-13 17:14:54 [http-nio-8082-exec-10] INFO  com.capstone.aspect.LoggerAspect - During: class com.capstone.service.accountinfoServiceImpl.getAcountsByCustId() with arguments=[accountinfo [accno=202200051, custid=202200005, branch_name=Bengaluru, ifsc=NATW000123, savingsamount=3128.0], accountinfo [accno=202200053, custid=202200005, branch_name=Bengaluru, ifsc=NATW000123, savingsamount=150000.0]]
2022-10-13 17:14:54 [http-nio-8082-exec-10] INFO  com.capstone.aspect.LoggerAspect - *************************************
2022-10-13 17:14:54 [http-nio-8082-exec-10] INFO  com.capstone.aspect.LoggerAspect - During: class com.capstone.controller.accountinfoController.getsavingsAccount() with arguments=[accountinfo [accno=202200051, custid=202200005, branch_name=Bengaluru, ifsc=NATW000123, savingsamount=3128.0], accountinfo [accno=202200053, custid=202200005, branch_name=Bengaluru, ifsc=NATW000123, savingsamount=150000.0]]
2022-10-13 17:14:54 [http-nio-8082-exec-10] INFO  com.capstone.aspect.LoggerAspect - *************************************
2022-10-13 17:15:13 [http-nio-8082-exec-2] INFO  com.capstone.aspect.LoggerAspect - Method name: com.capstone.controller.accountinfoController
2022-10-13 17:15:13 [http-nio-8082-exec-2] INFO  com.capstone.aspect.LoggerAspect - Method arguments:[Ljava.lang.Object;@3fe079f2
2022-10-13 17:15:13 [http-nio-8082-exec-2] INFO  com.capstone.aspect.LoggerAspect - *************************************
2022-10-13 17:15:13 [http-nio-8082-exec-2] INFO  com.capstone.aspect.LoggerAspect - Method name: com.capstone.service.accountinfoServiceImpl
2022-10-13 17:15:13 [http-nio-8082-exec-2] INFO  com.capstone.aspect.LoggerAspect - Method arguments:[Ljava.lang.Object;@5ed8b889
2022-10-13 17:15:13 [http-nio-8082-exec-2] INFO  com.capstone.aspect.LoggerAspect - *************************************
2022-10-13 17:15:13 [http-nio-8082-exec-2] INFO  com.capstone.aspect.LoggerAspect - During: class com.capstone.service.accountinfoServiceImpl.getAcountsByCustId() with arguments=[accountinfo [accno=202200051, custid=202200005, branch_name=Bengaluru, ifsc=NATW000123, savingsamount=3128.0], accountinfo [accno=202200053, custid=202200005, branch_name=Bengaluru, ifsc=NATW000123, savingsamount=150000.0]]
2022-10-13 17:15:13 [http-nio-8082-exec-2] INFO  com.capstone.aspect.LoggerAspect - *************************************
2022-10-13 17:15:13 [http-nio-8082-exec-2] INFO  com.capstone.aspect.LoggerAspect - During: class com.capstone.controller.accountinfoController.getsavingsAccount() with arguments=[accountinfo [accno=202200051, custid=202200005, branch_name=Bengaluru, ifsc=NATW000123, savingsamount=3128.0], accountinfo [accno=202200053, custid=202200005, branch_name=Bengaluru, ifsc=NATW000123, savingsamount=150000.0]]
2022-10-13 17:15:13 [http-nio-8082-exec-2] INFO  com.capstone.aspect.LoggerAspect - *************************************
2022-10-13 17:17:27 [http-nio-8082-exec-4] INFO  com.capstone.aspect.LoggerAspect - Method name: com.capstone.controller.accountinfoController
2022-10-13 17:17:27 [http-nio-8082-exec-4] INFO  com.capstone.aspect.LoggerAspect - Method arguments:[Ljava.lang.Object;@8c74f7a
2022-10-13 17:17:27 [http-nio-8082-exec-4] INFO  com.capstone.aspect.LoggerAspect - *************************************
2022-10-13 17:17:27 [http-nio-8082-exec-4] INFO  com.capstone.aspect.LoggerAspect - Method name: com.capstone.service.accountinfoServiceImpl
2022-10-13 17:17:27 [http-nio-8082-exec-4] INFO  com.capstone.aspect.LoggerAspect - Method arguments:[Ljava.lang.Object;@41c62572
2022-10-13 17:17:27 [http-nio-8082-exec-4] INFO  com.capstone.aspect.LoggerAspect - *************************************
2022-10-13 17:17:27 [http-nio-8082-exec-4] INFO  com.capstone.aspect.LoggerAspect - During: class com.capstone.service.accountinfoServiceImpl.getAcountsByCustId() with arguments=[accountinfo [accno=202200051, custid=202200005, branch_name=Bengaluru, ifsc=NATW000123, savingsamount=3128.0], accountinfo [accno=202200053, custid=202200005, branch_name=Bengaluru, ifsc=NATW000123, savingsamount=150000.0]]
2022-10-13 17:17:27 [http-nio-8082-exec-4] INFO  com.capstone.aspect.LoggerAspect - *************************************
2022-10-13 17:17:27 [http-nio-8082-exec-4] INFO  com.capstone.aspect.LoggerAspect - During: class com.capstone.controller.accountinfoController.getsavingsAccount() with arguments=[accountinfo [accno=202200051, custid=202200005, branch_name=Bengaluru, ifsc=NATW000123, savingsamount=3128.0], accountinfo [accno=202200053, custid=202200005, branch_name=Bengaluru, ifsc=NATW000123, savingsamount=150000.0]]
2022-10-13 17:17:27 [http-nio-8082-exec-4] INFO  com.capstone.aspect.LoggerAspect - *************************************
2022-10-13 17:17:42 [http-nio-8082-exec-6] INFO  com.capstone.aspect.LoggerAspect - Method name: com.capstone.controller.accountinfoController
2022-10-13 17:17:42 [http-nio-8082-exec-6] INFO  com.capstone.aspect.LoggerAspect - Method arguments:[Ljava.lang.Object;@1901f044
2022-10-13 17:17:42 [http-nio-8082-exec-6] INFO  com.capstone.aspect.LoggerAspect - *************************************
2022-10-13 17:17:42 [http-nio-8082-exec-6] INFO  com.capstone.aspect.LoggerAspect - Method name: com.capstone.service.accountinfoServiceImpl
2022-10-13 17:17:42 [http-nio-8082-exec-6] INFO  com.capstone.aspect.LoggerAspect - Method arguments:[Ljava.lang.Object;@8d4f2b7
2022-10-13 17:17:42 [http-nio-8082-exec-6] INFO  com.capstone.aspect.LoggerAspect - *************************************
2022-10-13 17:17:42 [http-nio-8082-exec-6] INFO  com.capstone.aspect.LoggerAspect - During: class com.capstone.service.accountinfoServiceImpl.getAcountsByCustId() with arguments=[accountinfo [accno=202200051, custid=202200005, branch_name=Bengaluru, ifsc=NATW000123, savingsamount=3128.0], accountinfo [accno=202200053, custid=202200005, branch_name=Bengaluru, ifsc=NATW000123, savingsamount=150000.0]]
2022-10-13 17:17:42 [http-nio-8082-exec-6] INFO  com.capstone.aspect.LoggerAspect - *************************************
2022-10-13 17:17:42 [http-nio-8082-exec-6] INFO  com.capstone.aspect.LoggerAspect - During: class com.capstone.controller.accountinfoController.getsavingsAccount() with arguments=[accountinfo [accno=202200051, custid=202200005, branch_name=Bengaluru, ifsc=NATW000123, savingsamount=3128.0], accountinfo [accno=202200053, custid=202200005, branch_name=Bengaluru, ifsc=NATW000123, savingsamount=150000.0]]
2022-10-13 17:17:42 [http-nio-8082-exec-6] INFO  com.capstone.aspect.LoggerAspect - *************************************
2022-10-13 17:19:18 [AsyncResolver-bootstrap-executor-0] INFO  c.n.d.s.r.aws.ConfigClusterResolver - Resolving eureka endpoints via configuration
2022-10-13 17:21:50 [http-nio-8082-exec-9] INFO  com.capstone.aspect.LoggerAspect - Method name: com.capstone.controller.accountinfoController
2022-10-13 17:21:50 [http-nio-8082-exec-9] INFO  com.capstone.aspect.LoggerAspect - Method arguments:[Ljava.lang.Object;@7f941740
2022-10-13 17:21:50 [http-nio-8082-exec-9] INFO  com.capstone.aspect.LoggerAspect - *************************************
2022-10-13 17:21:50 [http-nio-8082-exec-9] INFO  com.capstone.aspect.LoggerAspect - Method name: com.capstone.service.accountinfoServiceImpl
2022-10-13 17:21:50 [http-nio-8082-exec-9] INFO  com.capstone.aspect.LoggerAspect - Method arguments:[Ljava.lang.Object;@4488241e
2022-10-13 17:21:50 [http-nio-8082-exec-9] INFO  com.capstone.aspect.LoggerAspect - *************************************
2022-10-13 17:21:50 [http-nio-8082-exec-9] INFO  com.capstone.aspect.LoggerAspect - During: class com.capstone.service.accountinfoServiceImpl.getAcountsByCustId() with arguments=[accountinfo [accno=202200051, custid=202200005, branch_name=Bengaluru, ifsc=NATW000123, savingsamount=3128.0], accountinfo [accno=202200053, custid=202200005, branch_name=Bengaluru, ifsc=NATW000123, savingsamount=150000.0]]
2022-10-13 17:21:50 [http-nio-8082-exec-9] INFO  com.capstone.aspect.LoggerAspect - *************************************
2022-10-13 17:21:50 [http-nio-8082-exec-9] INFO  com.capstone.aspect.LoggerAspect - During: class com.capstone.controller.accountinfoController.getsavingsAccount() with arguments=[accountinfo [accno=202200051, custid=202200005, branch_name=Bengaluru, ifsc=NATW000123, savingsamount=3128.0], accountinfo [accno=202200053, custid=202200005, branch_name=Bengaluru, ifsc=NATW000123, savingsamount=150000.0]]
2022-10-13 17:21:50 [http-nio-8082-exec-9] INFO  com.capstone.aspect.LoggerAspect - *************************************
2022-10-13 17:21:54 [http-nio-8082-exec-10] INFO  com.capstone.aspect.LoggerAspect - Method name: com.capstone.controller.accountinfoController
2022-10-13 17:21:54 [http-nio-8082-exec-10] INFO  com.capstone.aspect.LoggerAspect - Method arguments:[Ljava.lang.Object;@272adb7
2022-10-13 17:21:54 [http-nio-8082-exec-10] INFO  com.capstone.aspect.LoggerAspect - *************************************
2022-10-13 17:21:54 [http-nio-8082-exec-10] INFO  com.capstone.aspect.LoggerAspect - Method name: com.capstone.service.accountinfoServiceImpl
2022-10-13 17:21:54 [http-nio-8082-exec-10] INFO  com.capstone.aspect.LoggerAspect - Method arguments:[Ljava.lang.Object;@56ed6127
2022-10-13 17:21:54 [http-nio-8082-exec-10] INFO  com.capstone.aspect.LoggerAspect - *************************************
2022-10-13 17:21:54 [http-nio-8082-exec-10] INFO  com.capstone.aspect.LoggerAspect - During: class com.capstone.service.accountinfoServiceImpl.getAcountsByCustId() with arguments=[accountinfo [accno=202200051, custid=202200005, branch_name=Bengaluru, ifsc=NATW000123, savingsamount=3128.0], accountinfo [accno=202200053, custid=202200005, branch_name=Bengaluru, ifsc=NATW000123, savingsamount=150000.0]]
2022-10-13 17:21:54 [http-nio-8082-exec-10] INFO  com.capstone.aspect.LoggerAspect - *************************************
2022-10-13 17:21:54 [http-nio-8082-exec-10] INFO  com.capstone.aspect.LoggerAspect - During: class com.capstone.controller.accountinfoController.getsavingsAccount() with arguments=[accountinfo [accno=202200051, custid=202200005, branch_name=Bengaluru, ifsc=NATW000123, savingsamount=3128.0], accountinfo [accno=202200053, custid=202200005, branch_name=Bengaluru, ifsc=NATW000123, savingsamount=150000.0]]
2022-10-13 17:21:54 [http-nio-8082-exec-10] INFO  com.capstone.aspect.LoggerAspect - *************************************
2022-10-13 17:24:12 [http-nio-8082-exec-2] INFO  com.capstone.aspect.LoggerAspect - Method name: com.capstone.controller.accountinfoController
2022-10-13 17:24:12 [http-nio-8082-exec-2] INFO  com.capstone.aspect.LoggerAspect - Method arguments:[Ljava.lang.Object;@6b3d750f
2022-10-13 17:24:12 [http-nio-8082-exec-2] INFO  com.capstone.aspect.LoggerAspect - *************************************
2022-10-13 17:24:12 [http-nio-8082-exec-2] INFO  com.capstone.aspect.LoggerAspect - Method name: com.capstone.service.accountinfoServiceImpl
2022-10-13 17:24:12 [http-nio-8082-exec-2] INFO  com.capstone.aspect.LoggerAspect - Method arguments:[Ljava.lang.Object;@6561923
2022-10-13 17:24:12 [http-nio-8082-exec-2] INFO  com.capstone.aspect.LoggerAspect - *************************************
2022-10-13 17:24:12 [http-nio-8082-exec-2] INFO  com.capstone.aspect.LoggerAspect - During: class com.capstone.service.accountinfoServiceImpl.getAcountsByCustId() with arguments=[accountinfo [accno=202200051, custid=202200005, branch_name=Bengaluru, ifsc=NATW000123, savingsamount=3128.0], accountinfo [accno=202200053, custid=202200005, branch_name=Bengaluru, ifsc=NATW000123, savingsamount=150000.0]]
2022-10-13 17:24:12 [http-nio-8082-exec-2] INFO  com.capstone.aspect.LoggerAspect - *************************************
2022-10-13 17:24:12 [http-nio-8082-exec-2] INFO  com.capstone.aspect.LoggerAspect - During: class com.capstone.controller.accountinfoController.getsavingsAccount() with arguments=[accountinfo [accno=202200051, custid=202200005, branch_name=Bengaluru, ifsc=NATW000123, savingsamount=3128.0], accountinfo [accno=202200053, custid=202200005, branch_name=Bengaluru, ifsc=NATW000123, savingsamount=150000.0]]
2022-10-13 17:24:12 [http-nio-8082-exec-2] INFO  com.capstone.aspect.LoggerAspect - *************************************
2022-10-13 17:24:15 [http-nio-8082-exec-4] INFO  com.capstone.aspect.LoggerAspect - Method name: com.capstone.controller.accountinfoController
2022-10-13 17:24:15 [http-nio-8082-exec-4] INFO  com.capstone.aspect.LoggerAspect - Method arguments:[Ljava.lang.Object;@c216a47
2022-10-13 17:24:15 [http-nio-8082-exec-4] INFO  com.capstone.aspect.LoggerAspect - *************************************
2022-10-13 17:24:15 [http-nio-8082-exec-4] INFO  com.capstone.aspect.LoggerAspect - Method name: com.capstone.service.accountinfoServiceImpl
2022-10-13 17:24:15 [http-nio-8082-exec-4] INFO  com.capstone.aspect.LoggerAspect - Method arguments:[Ljava.lang.Object;@7753673f
2022-10-13 17:24:15 [http-nio-8082-exec-4] INFO  com.capstone.aspect.LoggerAspect - *************************************
2022-10-13 17:24:15 [http-nio-8082-exec-4] INFO  com.capstone.aspect.LoggerAspect - During: class com.capstone.service.accountinfoServiceImpl.getAcountsByCustId() with arguments=[accountinfo [accno=202200051, custid=202200005, branch_name=Bengaluru, ifsc=NATW000123, savingsamount=3128.0], accountinfo [accno=202200053, custid=202200005, branch_name=Bengaluru, ifsc=NATW000123, savingsamount=150000.0]]
2022-10-13 17:24:15 [http-nio-8082-exec-4] INFO  com.capstone.aspect.LoggerAspect - *************************************
2022-10-13 17:24:15 [http-nio-8082-exec-4] INFO  com.capstone.aspect.LoggerAspect - During: class com.capstone.controller.accountinfoController.getsavingsAccount() with arguments=[accountinfo [accno=202200051, custid=202200005, branch_name=Bengaluru, ifsc=NATW000123, savingsamount=3128.0], accountinfo [accno=202200053, custid=202200005, branch_name=Bengaluru, ifsc=NATW000123, savingsamount=150000.0]]
2022-10-13 17:24:15 [http-nio-8082-exec-4] INFO  com.capstone.aspect.LoggerAspect - *************************************
2022-10-13 17:24:18 [AsyncResolver-bootstrap-executor-0] INFO  c.n.d.s.r.aws.ConfigClusterResolver - Resolving eureka endpoints via configuration
2022-10-13 17:25:03 [http-nio-8082-exec-5] INFO  com.capstone.aspect.LoggerAspect - Method name: com.capstone.controller.accountinfoController
2022-10-13 17:25:03 [http-nio-8082-exec-5] INFO  com.capstone.aspect.LoggerAspect - Method arguments:[Ljava.lang.Object;@66aff8b3
2022-10-13 17:25:03 [http-nio-8082-exec-5] INFO  com.capstone.aspect.LoggerAspect - *************************************
2022-10-13 17:25:03 [http-nio-8082-exec-5] INFO  com.capstone.aspect.LoggerAspect - Method name: com.capstone.service.accountinfoServiceImpl
2022-10-13 17:25:03 [http-nio-8082-exec-5] INFO  com.capstone.aspect.LoggerAspect - Method arguments:[Ljava.lang.Object;@6a42ddad
2022-10-13 17:25:03 [http-nio-8082-exec-5] INFO  com.capstone.aspect.LoggerAspect - *************************************
2022-10-13 17:25:03 [http-nio-8082-exec-5] INFO  com.capstone.aspect.LoggerAspect - During: class com.capstone.service.accountinfoServiceImpl.getAcountsByCustId() with arguments=[accountinfo [accno=202200051, custid=202200005, branch_name=Bengaluru, ifsc=NATW000123, savingsamount=3128.0], accountinfo [accno=202200053, custid=202200005, branch_name=Bengaluru, ifsc=NATW000123, savingsamount=150000.0]]
2022-10-13 17:25:03 [http-nio-8082-exec-5] INFO  com.capstone.aspect.LoggerAspect - *************************************
2022-10-13 17:25:03 [http-nio-8082-exec-5] INFO  com.capstone.aspect.LoggerAspect - During: class com.capstone.controller.accountinfoController.getsavingsAccount() with arguments=[accountinfo [accno=202200051, custid=202200005, branch_name=Bengaluru, ifsc=NATW000123, savingsamount=3128.0], accountinfo [accno=202200053, custid=202200005, branch_name=Bengaluru, ifsc=NATW000123, savingsamount=150000.0]]
2022-10-13 17:25:03 [http-nio-8082-exec-5] INFO  com.capstone.aspect.LoggerAspect - *************************************
2022-10-13 17:25:11 [http-nio-8082-exec-7] INFO  com.capstone.aspect.LoggerAspect - Method name: com.capstone.controller.accountinfoController
2022-10-13 17:25:11 [http-nio-8082-exec-7] INFO  com.capstone.aspect.LoggerAspect - Method arguments:[Ljava.lang.Object;@465af931
2022-10-13 17:25:11 [http-nio-8082-exec-7] INFO  com.capstone.aspect.LoggerAspect - *************************************
2022-10-13 17:25:11 [http-nio-8082-exec-7] INFO  com.capstone.aspect.LoggerAspect - Method name: com.capstone.service.accountinfoServiceImpl
2022-10-13 17:25:11 [http-nio-8082-exec-7] INFO  com.capstone.aspect.LoggerAspect - Method arguments:[Ljava.lang.Object;@4c640184
2022-10-13 17:25:11 [http-nio-8082-exec-7] INFO  com.capstone.aspect.LoggerAspect - *************************************
2022-10-13 17:25:11 [http-nio-8082-exec-7] INFO  com.capstone.aspect.LoggerAspect - During: class com.capstone.service.accountinfoServiceImpl.getAcountsByCustId() with arguments=[accountinfo [accno=202200051, custid=202200005, branch_name=Bengaluru, ifsc=NATW000123, savingsamount=3128.0], accountinfo [accno=202200053, custid=202200005, branch_name=Bengaluru, ifsc=NATW000123, savingsamount=150000.0]]
2022-10-13 17:25:11 [http-nio-8082-exec-7] INFO  com.capstone.aspect.LoggerAspect - *************************************
2022-10-13 17:25:11 [http-nio-8082-exec-7] INFO  com.capstone.aspect.LoggerAspect - During: class com.capstone.controller.accountinfoController.getsavingsAccount() with arguments=[accountinfo [accno=202200051, custid=202200005, branch_name=Bengaluru, ifsc=NATW000123, savingsamount=3128.0], accountinfo [accno=202200053, custid=202200005, branch_name=Bengaluru, ifsc=NATW000123, savingsamount=150000.0]]
2022-10-13 17:25:11 [http-nio-8082-exec-7] INFO  com.capstone.aspect.LoggerAspect - *************************************
2022-10-13 17:25:59 [http-nio-8082-exec-8] INFO  com.capstone.aspect.LoggerAspect - Method name: com.capstone.controller.accountinfoController
2022-10-13 17:25:59 [http-nio-8082-exec-8] INFO  com.capstone.aspect.LoggerAspect - Method arguments:[Ljava.lang.Object;@3ec86f4d
2022-10-13 17:25:59 [http-nio-8082-exec-8] INFO  com.capstone.aspect.LoggerAspect - *************************************
2022-10-13 17:25:59 [http-nio-8082-exec-8] INFO  com.capstone.aspect.LoggerAspect - Method name: com.capstone.service.accountinfoServiceImpl
2022-10-13 17:25:59 [http-nio-8082-exec-8] INFO  com.capstone.aspect.LoggerAspect - Method arguments:[Ljava.lang.Object;@67b8f2b
2022-10-13 17:25:59 [http-nio-8082-exec-8] INFO  com.capstone.aspect.LoggerAspect - *************************************
2022-10-13 17:25:59 [http-nio-8082-exec-8] INFO  com.capstone.aspect.LoggerAspect - During: class com.capstone.service.accountinfoServiceImpl.getAcountsByCustId() with arguments=[accountinfo [accno=202200051, custid=202200005, branch_name=Bengaluru, ifsc=NATW000123, savingsamount=3128.0], accountinfo [accno=202200053, custid=202200005, branch_name=Bengaluru, ifsc=NATW000123, savingsamount=150000.0]]
2022-10-13 17:25:59 [http-nio-8082-exec-8] INFO  com.capstone.aspect.LoggerAspect - *************************************
2022-10-13 17:25:59 [http-nio-8082-exec-8] INFO  com.capstone.aspect.LoggerAspect - During: class com.capstone.controller.accountinfoController.getsavingsAccount() with arguments=[accountinfo [accno=202200051, custid=202200005, branch_name=Bengaluru, ifsc=NATW000123, savingsamount=3128.0], accountinfo [accno=202200053, custid=202200005, branch_name=Bengaluru, ifsc=NATW000123, savingsamount=150000.0]]
2022-10-13 17:25:59 [http-nio-8082-exec-8] INFO  com.capstone.aspect.LoggerAspect - *************************************
2022-10-13 17:26:13 [http-nio-8082-exec-1] INFO  com.capstone.aspect.LoggerAspect - Method name: com.capstone.controller.accountinfoController
2022-10-13 17:26:13 [http-nio-8082-exec-1] INFO  com.capstone.aspect.LoggerAspect - Method arguments:[Ljava.lang.Object;@23c7f127
2022-10-13 17:26:13 [http-nio-8082-exec-1] INFO  com.capstone.aspect.LoggerAspect - *************************************
2022-10-13 17:26:13 [http-nio-8082-exec-1] INFO  com.capstone.aspect.LoggerAspect - Method name: com.capstone.service.accountinfoServiceImpl
2022-10-13 17:26:13 [http-nio-8082-exec-1] INFO  com.capstone.aspect.LoggerAspect - Method arguments:[Ljava.lang.Object;@5854ba2e
2022-10-13 17:26:13 [http-nio-8082-exec-1] INFO  com.capstone.aspect.LoggerAspect - *************************************
2022-10-13 17:26:13 [http-nio-8082-exec-1] INFO  com.capstone.aspect.LoggerAspect - During: class com.capstone.service.accountinfoServiceImpl.getAcountsByCustId() with arguments=[accountinfo [accno=202200051, custid=202200005, branch_name=Bengaluru, ifsc=NATW000123, savingsamount=3128.0], accountinfo [accno=202200053, custid=202200005, branch_name=Bengaluru, ifsc=NATW000123, savingsamount=150000.0]]
2022-10-13 17:26:13 [http-nio-8082-exec-1] INFO  com.capstone.aspect.LoggerAspect - *************************************
2022-10-13 17:26:13 [http-nio-8082-exec-1] INFO  com.capstone.aspect.LoggerAspect - During: class com.capstone.controller.accountinfoController.getsavingsAccount() with arguments=[accountinfo [accno=202200051, custid=202200005, branch_name=Bengaluru, ifsc=NATW000123, savingsamount=3128.0], accountinfo [accno=202200053, custid=202200005, branch_name=Bengaluru, ifsc=NATW000123, savingsamount=150000.0]]
2022-10-13 17:26:13 [http-nio-8082-exec-1] INFO  com.capstone.aspect.LoggerAspect - *************************************
2022-10-13 17:26:24 [http-nio-8082-exec-3] INFO  com.capstone.aspect.LoggerAspect - Method name: com.capstone.controller.accountinfoController
2022-10-13 17:26:24 [http-nio-8082-exec-3] INFO  com.capstone.aspect.LoggerAspect - Method arguments:[Ljava.lang.Object;@4c5c1fdc
2022-10-13 17:26:24 [http-nio-8082-exec-3] INFO  com.capstone.aspect.LoggerAspect - *************************************
2022-10-13 17:26:24 [http-nio-8082-exec-3] INFO  com.capstone.aspect.LoggerAspect - Method name: com.capstone.service.accountinfoServiceImpl
2022-10-13 17:26:24 [http-nio-8082-exec-3] INFO  com.capstone.aspect.LoggerAspect - Method arguments:[Ljava.lang.Object;@b42fd33
2022-10-13 17:26:24 [http-nio-8082-exec-3] INFO  com.capstone.aspect.LoggerAspect - *************************************
2022-10-13 17:26:24 [http-nio-8082-exec-3] INFO  com.capstone.aspect.LoggerAspect - During: class com.capstone.service.accountinfoServiceImpl.getAcountsByCustId() with arguments=[accountinfo [accno=202200051, custid=202200005, branch_name=Bengaluru, ifsc=NATW000123, savingsamount=3128.0], accountinfo [accno=202200053, custid=202200005, branch_name=Bengaluru, ifsc=NATW000123, savingsamount=150000.0]]
2022-10-13 17:26:24 [http-nio-8082-exec-3] INFO  com.capstone.aspect.LoggerAspect - *************************************
2022-10-13 17:26:24 [http-nio-8082-exec-3] INFO  com.capstone.aspect.LoggerAspect - During: class com.capstone.controller.accountinfoController.getsavingsAccount() with arguments=[accountinfo [accno=202200051, custid=202200005, branch_name=Bengaluru, ifsc=NATW000123, savingsamount=3128.0], accountinfo [accno=202200053, custid=202200005, branch_name=Bengaluru, ifsc=NATW000123, savingsamount=150000.0]]
2022-10-13 17:26:24 [http-nio-8082-exec-3] INFO  com.capstone.aspect.LoggerAspect - *************************************
2022-10-13 17:26:31 [http-nio-8082-exec-4] INFO  com.capstone.aspect.LoggerAspect - Method name: com.capstone.controller.accountinfoController
2022-10-13 17:26:31 [http-nio-8082-exec-4] INFO  com.capstone.aspect.LoggerAspect - Method arguments:[Ljava.lang.Object;@2daf4590
2022-10-13 17:26:31 [http-nio-8082-exec-4] INFO  com.capstone.aspect.LoggerAspect - *************************************
2022-10-13 17:26:31 [http-nio-8082-exec-4] INFO  com.capstone.aspect.LoggerAspect - Method name: com.capstone.service.accountinfoServiceImpl
2022-10-13 17:26:31 [http-nio-8082-exec-4] INFO  com.capstone.aspect.LoggerAspect - Method arguments:[Ljava.lang.Object;@617c5ea9
2022-10-13 17:26:31 [http-nio-8082-exec-4] INFO  com.capstone.aspect.LoggerAspect - *************************************
2022-10-13 17:26:31 [http-nio-8082-exec-4] INFO  com.capstone.aspect.LoggerAspect - During: class com.capstone.service.accountinfoServiceImpl.getAcountsByCustId() with arguments=[accountinfo [accno=202200051, custid=202200005, branch_name=Bengaluru, ifsc=NATW000123, savingsamount=3128.0], accountinfo [accno=202200053, custid=202200005, branch_name=Bengaluru, ifsc=NATW000123, savingsamount=150000.0]]
2022-10-13 17:26:31 [http-nio-8082-exec-4] INFO  com.capstone.aspect.LoggerAspect - *************************************
2022-10-13 17:26:31 [http-nio-8082-exec-4] INFO  com.capstone.aspect.LoggerAspect - During: class com.capstone.controller.accountinfoController.getsavingsAccount() with arguments=[accountinfo [accno=202200051, custid=202200005, branch_name=Bengaluru, ifsc=NATW000123, savingsamount=3128.0], accountinfo [accno=202200053, custid=202200005, branch_name=Bengaluru, ifsc=NATW000123, savingsamount=150000.0]]
2022-10-13 17:26:31 [http-nio-8082-exec-4] INFO  com.capstone.aspect.LoggerAspect - *************************************
2022-10-13 17:26:50 [http-nio-8082-exec-6] INFO  com.capstone.aspect.LoggerAspect - Method name: com.capstone.controller.accountinfoController
2022-10-13 17:26:50 [http-nio-8082-exec-6] INFO  com.capstone.aspect.LoggerAspect - Method arguments:[Ljava.lang.Object;@1790bc91
2022-10-13 17:26:50 [http-nio-8082-exec-6] INFO  com.capstone.aspect.LoggerAspect - *************************************
2022-10-13 17:26:50 [http-nio-8082-exec-6] INFO  com.capstone.aspect.LoggerAspect - Method name: com.capstone.service.accountinfoServiceImpl
2022-10-13 17:26:50 [http-nio-8082-exec-6] INFO  com.capstone.aspect.LoggerAspect - Method arguments:[Ljava.lang.Object;@cce461c
2022-10-13 17:26:50 [http-nio-8082-exec-6] INFO  com.capstone.aspect.LoggerAspect - *************************************
2022-10-13 17:26:51 [http-nio-8082-exec-6] INFO  com.capstone.aspect.LoggerAspect - During: class com.capstone.service.accountinfoServiceImpl.getAcountsByCustId() with arguments=[accountinfo [accno=202200051, custid=202200005, branch_name=Bengaluru, ifsc=NATW000123, savingsamount=3128.0], accountinfo [accno=202200053, custid=202200005, branch_name=Bengaluru, ifsc=NATW000123, savingsamount=150000.0]]
2022-10-13 17:26:51 [http-nio-8082-exec-6] INFO  com.capstone.aspect.LoggerAspect - *************************************
2022-10-13 17:26:51 [http-nio-8082-exec-6] INFO  com.capstone.aspect.LoggerAspect - During: class com.capstone.controller.accountinfoController.getsavingsAccount() with arguments=[accountinfo [accno=202200051, custid=202200005, branch_name=Bengaluru, ifsc=NATW000123, savingsamount=3128.0], accountinfo [accno=202200053, custid=202200005, branch_name=Bengaluru, ifsc=NATW000123, savingsamount=150000.0]]
2022-10-13 17:26:51 [http-nio-8082-exec-6] INFO  com.capstone.aspect.LoggerAspect - *************************************
2022-10-13 17:29:18 [AsyncResolver-bootstrap-executor-0] INFO  c.n.d.s.r.aws.ConfigClusterResolver - Resolving eureka endpoints via configuration
2022-10-13 17:30:16 [http-nio-8082-exec-9] INFO  com.capstone.aspect.LoggerAspect - Method name: com.capstone.controller.accountinfoController
2022-10-13 17:30:16 [http-nio-8082-exec-9] INFO  com.capstone.aspect.LoggerAspect - Method arguments:[Ljava.lang.Object;@17f003a9
2022-10-13 17:30:16 [http-nio-8082-exec-9] INFO  com.capstone.aspect.LoggerAspect - *************************************
2022-10-13 17:30:16 [http-nio-8082-exec-9] INFO  com.capstone.aspect.LoggerAspect - Method name: com.capstone.service.accountinfoServiceImpl
2022-10-13 17:30:16 [http-nio-8082-exec-9] INFO  com.capstone.aspect.LoggerAspect - Method arguments:[Ljava.lang.Object;@33ad0c69
2022-10-13 17:30:16 [http-nio-8082-exec-9] INFO  com.capstone.aspect.LoggerAspect - *************************************
2022-10-13 17:30:17 [http-nio-8082-exec-9] INFO  com.capstone.aspect.LoggerAspect - During: class com.capstone.service.accountinfoServiceImpl.getAcountsByCustId() with arguments=[accountinfo [accno=202200051, custid=202200005, branch_name=Bengaluru, ifsc=NATW000123, savingsamount=3128.0], accountinfo [accno=202200053, custid=202200005, branch_name=Bengaluru, ifsc=NATW000123, savingsamount=150000.0]]
2022-10-13 17:30:17 [http-nio-8082-exec-9] INFO  com.capstone.aspect.LoggerAspect - *************************************
2022-10-13 17:30:17 [http-nio-8082-exec-9] INFO  com.capstone.aspect.LoggerAspect - During: class com.capstone.controller.accountinfoController.getsavingsAccount() with arguments=[accountinfo [accno=202200051, custid=202200005, branch_name=Bengaluru, ifsc=NATW000123, savingsamount=3128.0], accountinfo [accno=202200053, custid=202200005, branch_name=Bengaluru, ifsc=NATW000123, savingsamount=150000.0]]
2022-10-13 17:30:17 [http-nio-8082-exec-9] INFO  com.capstone.aspect.LoggerAspect - *************************************
2022-10-13 17:31:43 [http-nio-8082-exec-10] INFO  com.capstone.aspect.LoggerAspect - Method name: com.capstone.controller.accountinfoController
2022-10-13 17:31:43 [http-nio-8082-exec-10] INFO  com.capstone.aspect.LoggerAspect - Method arguments:[Ljava.lang.Object;@23107a09
2022-10-13 17:31:43 [http-nio-8082-exec-10] INFO  com.capstone.aspect.LoggerAspect - *************************************
2022-10-13 17:31:43 [http-nio-8082-exec-10] INFO  com.capstone.aspect.LoggerAspect - Method name: com.capstone.service.accountinfoServiceImpl
2022-10-13 17:31:43 [http-nio-8082-exec-10] INFO  com.capstone.aspect.LoggerAspect - Method arguments:[Ljava.lang.Object;@5d637028
2022-10-13 17:31:43 [http-nio-8082-exec-10] INFO  com.capstone.aspect.LoggerAspect - *************************************
2022-10-13 17:31:43 [http-nio-8082-exec-10] INFO  com.capstone.aspect.LoggerAspect - During: class com.capstone.service.accountinfoServiceImpl.getAcountsByCustId() with arguments=[accountinfo [accno=202200051, custid=202200005, branch_name=Bengaluru, ifsc=NATW000123, savingsamount=3128.0], accountinfo [accno=202200053, custid=202200005, branch_name=Bengaluru, ifsc=NATW000123, savingsamount=150000.0]]
2022-10-13 17:31:43 [http-nio-8082-exec-10] INFO  com.capstone.aspect.LoggerAspect - *************************************
2022-10-13 17:31:43 [http-nio-8082-exec-10] INFO  com.capstone.aspect.LoggerAspect - During: class com.capstone.controller.accountinfoController.getsavingsAccount() with arguments=[accountinfo [accno=202200051, custid=202200005, branch_name=Bengaluru, ifsc=NATW000123, savingsamount=3128.0], accountinfo [accno=202200053, custid=202200005, branch_name=Bengaluru, ifsc=NATW000123, savingsamount=150000.0]]
2022-10-13 17:31:43 [http-nio-8082-exec-10] INFO  com.capstone.aspect.LoggerAspect - *************************************
2022-10-13 17:32:20 [http-nio-8082-exec-2] INFO  com.capstone.aspect.LoggerAspect - Method name: com.capstone.controller.accountinfoController
2022-10-13 17:32:20 [http-nio-8082-exec-2] INFO  com.capstone.aspect.LoggerAspect - Method arguments:[Ljava.lang.Object;@5ca1e08f
2022-10-13 17:32:20 [http-nio-8082-exec-2] INFO  com.capstone.aspect.LoggerAspect - *************************************
2022-10-13 17:32:20 [http-nio-8082-exec-2] INFO  com.capstone.aspect.LoggerAspect - Method name: com.capstone.service.accountinfoServiceImpl
2022-10-13 17:32:20 [http-nio-8082-exec-2] INFO  com.capstone.aspect.LoggerAspect - Method arguments:[Ljava.lang.Object;@b0b262c
2022-10-13 17:32:20 [http-nio-8082-exec-2] INFO  com.capstone.aspect.LoggerAspect - *************************************
2022-10-13 17:32:20 [http-nio-8082-exec-2] INFO  com.capstone.aspect.LoggerAspect - During: class com.capstone.service.accountinfoServiceImpl.getAcountsByCustId() with arguments=[accountinfo [accno=202200051, custid=202200005, branch_name=Bengaluru, ifsc=NATW000123, savingsamount=3128.0], accountinfo [accno=202200053, custid=202200005, branch_name=Bengaluru, ifsc=NATW000123, savingsamount=150000.0]]
2022-10-13 17:32:20 [http-nio-8082-exec-2] INFO  com.capstone.aspect.LoggerAspect - *************************************
2022-10-13 17:32:20 [http-nio-8082-exec-2] INFO  com.capstone.aspect.LoggerAspect - During: class com.capstone.controller.accountinfoController.getsavingsAccount() with arguments=[accountinfo [accno=202200051, custid=202200005, branch_name=Bengaluru, ifsc=NATW000123, savingsamount=3128.0], accountinfo [accno=202200053, custid=202200005, branch_name=Bengaluru, ifsc=NATW000123, savingsamount=150000.0]]
2022-10-13 17:32:20 [http-nio-8082-exec-2] INFO  com.capstone.aspect.LoggerAspect - *************************************
2022-10-13 17:32:55 [http-nio-8082-exec-4] INFO  com.capstone.aspect.LoggerAspect - Method name: com.capstone.controller.accountinfoController
2022-10-13 17:32:55 [http-nio-8082-exec-4] INFO  com.capstone.aspect.LoggerAspect - Method arguments:[Ljava.lang.Object;@21126509
2022-10-13 17:32:55 [http-nio-8082-exec-4] INFO  com.capstone.aspect.LoggerAspect - *************************************
2022-10-13 17:32:55 [http-nio-8082-exec-4] INFO  com.capstone.aspect.LoggerAspect - Method name: com.capstone.service.accountinfoServiceImpl
2022-10-13 17:32:55 [http-nio-8082-exec-4] INFO  com.capstone.aspect.LoggerAspect - Method arguments:[Ljava.lang.Object;@1043ce6e
2022-10-13 17:32:55 [http-nio-8082-exec-4] INFO  com.capstone.aspect.LoggerAspect - *************************************
2022-10-13 17:32:55 [http-nio-8082-exec-4] INFO  com.capstone.aspect.LoggerAspect - During: class com.capstone.service.accountinfoServiceImpl.getAcountsByCustId() with arguments=[accountinfo [accno=202200051, custid=202200005, branch_name=Bengaluru, ifsc=NATW000123, savingsamount=3128.0], accountinfo [accno=202200053, custid=202200005, branch_name=Bengaluru, ifsc=NATW000123, savingsamount=150000.0]]
2022-10-13 17:32:55 [http-nio-8082-exec-4] INFO  com.capstone.aspect.LoggerAspect - *************************************
2022-10-13 17:32:55 [http-nio-8082-exec-4] INFO  com.capstone.aspect.LoggerAspect - During: class com.capstone.controller.accountinfoController.getsavingsAccount() with arguments=[accountinfo [accno=202200051, custid=202200005, branch_name=Bengaluru, ifsc=NATW000123, savingsamount=3128.0], accountinfo [accno=202200053, custid=202200005, branch_name=Bengaluru, ifsc=NATW000123, savingsamount=150000.0]]
2022-10-13 17:32:55 [http-nio-8082-exec-4] INFO  com.capstone.aspect.LoggerAspect - *************************************
2022-10-13 17:34:18 [AsyncResolver-bootstrap-executor-0] INFO  c.n.d.s.r.aws.ConfigClusterResolver - Resolving eureka endpoints via configuration
2022-10-13 17:36:15 [http-nio-8082-exec-7] INFO  com.capstone.aspect.LoggerAspect - Method name: com.capstone.controller.accountinfoController
2022-10-13 17:36:15 [http-nio-8082-exec-7] INFO  com.capstone.aspect.LoggerAspect - Method arguments:[Ljava.lang.Object;@272b2765
2022-10-13 17:36:15 [http-nio-8082-exec-7] INFO  com.capstone.aspect.LoggerAspect - *************************************
2022-10-13 17:36:15 [http-nio-8082-exec-7] INFO  com.capstone.aspect.LoggerAspect - Method name: com.capstone.service.accountinfoServiceImpl
2022-10-13 17:36:15 [http-nio-8082-exec-7] INFO  com.capstone.aspect.LoggerAspect - Method arguments:[Ljava.lang.Object;@67ee8a87
2022-10-13 17:36:15 [http-nio-8082-exec-7] INFO  com.capstone.aspect.LoggerAspect - *************************************
2022-10-13 17:36:15 [http-nio-8082-exec-7] INFO  com.capstone.aspect.LoggerAspect - During: class com.capstone.service.accountinfoServiceImpl.getAcountsByCustId() with arguments=[accountinfo [accno=202200051, custid=202200005, branch_name=Bengaluru, ifsc=NATW000123, savingsamount=3128.0], accountinfo [accno=202200053, custid=202200005, branch_name=Bengaluru, ifsc=NATW000123, savingsamount=150000.0]]
2022-10-13 17:36:15 [http-nio-8082-exec-7] INFO  com.capstone.aspect.LoggerAspect - *************************************
2022-10-13 17:36:15 [http-nio-8082-exec-7] INFO  com.capstone.aspect.LoggerAspect - During: class com.capstone.controller.accountinfoController.getsavingsAccount() with arguments=[accountinfo [accno=202200051, custid=202200005, branch_name=Bengaluru, ifsc=NATW000123, savingsamount=3128.0], accountinfo [accno=202200053, custid=202200005, branch_name=Bengaluru, ifsc=NATW000123, savingsamount=150000.0]]
2022-10-13 17:36:15 [http-nio-8082-exec-7] INFO  com.capstone.aspect.LoggerAspect - *************************************
2022-10-13 17:36:45 [http-nio-8082-exec-8] INFO  com.capstone.aspect.LoggerAspect - Method name: com.capstone.controller.accountinfoController
2022-10-13 17:36:45 [http-nio-8082-exec-8] INFO  com.capstone.aspect.LoggerAspect - Method arguments:[Ljava.lang.Object;@446323cb
2022-10-13 17:36:45 [http-nio-8082-exec-8] INFO  com.capstone.aspect.LoggerAspect - *************************************
2022-10-13 17:36:45 [http-nio-8082-exec-8] INFO  com.capstone.aspect.LoggerAspect - Method name: com.capstone.service.accountinfoServiceImpl
2022-10-13 17:36:45 [http-nio-8082-exec-8] INFO  com.capstone.aspect.LoggerAspect - Method arguments:[Ljava.lang.Object;@361af071
2022-10-13 17:36:45 [http-nio-8082-exec-8] INFO  com.capstone.aspect.LoggerAspect - *************************************
2022-10-13 17:36:46 [http-nio-8082-exec-8] INFO  com.capstone.aspect.LoggerAspect - During: class com.capstone.service.accountinfoServiceImpl.getAcountsByCustId() with arguments=[accountinfo [accno=202200051, custid=202200005, branch_name=Bengaluru, ifsc=NATW000123, savingsamount=3128.0], accountinfo [accno=202200053, custid=202200005, branch_name=Bengaluru, ifsc=NATW000123, savingsamount=150000.0]]
2022-10-13 17:36:46 [http-nio-8082-exec-8] INFO  com.capstone.aspect.LoggerAspect - *************************************
2022-10-13 17:36:46 [http-nio-8082-exec-8] INFO  com.capstone.aspect.LoggerAspect - During: class com.capstone.controller.accountinfoController.getsavingsAccount() with arguments=[accountinfo [accno=202200051, custid=202200005, branch_name=Bengaluru, ifsc=NATW000123, savingsamount=3128.0], accountinfo [accno=202200053, custid=202200005, branch_name=Bengaluru, ifsc=NATW000123, savingsamount=150000.0]]
2022-10-13 17:36:46 [http-nio-8082-exec-8] INFO  com.capstone.aspect.LoggerAspect - *************************************
2022-10-13 17:37:35 [http-nio-8082-exec-1] INFO  com.capstone.aspect.LoggerAspect - Method name: com.capstone.controller.accountinfoController
2022-10-13 17:37:35 [http-nio-8082-exec-1] INFO  com.capstone.aspect.LoggerAspect - Method arguments:[Ljava.lang.Object;@30a0211d
2022-10-13 17:37:35 [http-nio-8082-exec-1] INFO  com.capstone.aspect.LoggerAspect - *************************************
2022-10-13 17:37:35 [http-nio-8082-exec-1] INFO  com.capstone.aspect.LoggerAspect - Method name: com.capstone.service.accountinfoServiceImpl
2022-10-13 17:37:35 [http-nio-8082-exec-1] INFO  com.capstone.aspect.LoggerAspect - Method arguments:[Ljava.lang.Object;@5f1a6432
2022-10-13 17:37:35 [http-nio-8082-exec-1] INFO  com.capstone.aspect.LoggerAspect - *************************************
2022-10-13 17:37:35 [http-nio-8082-exec-1] INFO  com.capstone.aspect.LoggerAspect - During: class com.capstone.service.accountinfoServiceImpl.getAcountsByCustId() with arguments=[accountinfo [accno=202200051, custid=202200005, branch_name=Bengaluru, ifsc=NATW000123, savingsamount=3128.0], accountinfo [accno=202200053, custid=202200005, branch_name=Bengaluru, ifsc=NATW000123, savingsamount=150000.0]]
2022-10-13 17:37:35 [http-nio-8082-exec-1] INFO  com.capstone.aspect.LoggerAspect - *************************************
2022-10-13 17:37:35 [http-nio-8082-exec-1] INFO  com.capstone.aspect.LoggerAspect - During: class com.capstone.controller.accountinfoController.getsavingsAccount() with arguments=[accountinfo [accno=202200051, custid=202200005, branch_name=Bengaluru, ifsc=NATW000123, savingsamount=3128.0], accountinfo [accno=202200053, custid=202200005, branch_name=Bengaluru, ifsc=NATW000123, savingsamount=150000.0]]
2022-10-13 17:37:35 [http-nio-8082-exec-1] INFO  com.capstone.aspect.LoggerAspect - *************************************
2022-10-13 17:37:42 [http-nio-8082-exec-3] INFO  com.capstone.aspect.LoggerAspect - Method name: com.capstone.controller.accountinfoController
2022-10-13 17:37:42 [http-nio-8082-exec-3] INFO  com.capstone.aspect.LoggerAspect - Method arguments:[Ljava.lang.Object;@70871321
2022-10-13 17:37:42 [http-nio-8082-exec-3] INFO  com.capstone.aspect.LoggerAspect - *************************************
2022-10-13 17:37:42 [http-nio-8082-exec-3] INFO  com.capstone.aspect.LoggerAspect - Method name: com.capstone.service.accountinfoServiceImpl
2022-10-13 17:37:42 [http-nio-8082-exec-3] INFO  com.capstone.aspect.LoggerAspect - Method arguments:[Ljava.lang.Object;@20ba29f9
2022-10-13 17:37:42 [http-nio-8082-exec-3] INFO  com.capstone.aspect.LoggerAspect - *************************************
2022-10-13 17:37:42 [http-nio-8082-exec-3] INFO  com.capstone.aspect.LoggerAspect - During: class com.capstone.service.accountinfoServiceImpl.getAcountsByCustId() with arguments=[accountinfo [accno=202200051, custid=202200005, branch_name=Bengaluru, ifsc=NATW000123, savingsamount=3128.0], accountinfo [accno=202200053, custid=202200005, branch_name=Bengaluru, ifsc=NATW000123, savingsamount=150000.0]]
2022-10-13 17:37:42 [http-nio-8082-exec-3] INFO  com.capstone.aspect.LoggerAspect - *************************************
2022-10-13 17:37:42 [http-nio-8082-exec-3] INFO  com.capstone.aspect.LoggerAspect - During: class com.capstone.controller.accountinfoController.getsavingsAccount() with arguments=[accountinfo [accno=202200051, custid=202200005, branch_name=Bengaluru, ifsc=NATW000123, savingsamount=3128.0], accountinfo [accno=202200053, custid=202200005, branch_name=Bengaluru, ifsc=NATW000123, savingsamount=150000.0]]
2022-10-13 17:37:42 [http-nio-8082-exec-3] INFO  com.capstone.aspect.LoggerAspect - *************************************
2022-10-13 17:37:52 [http-nio-8082-exec-5] INFO  com.capstone.aspect.LoggerAspect - Method name: com.capstone.controller.accountinfoController
2022-10-13 17:37:52 [http-nio-8082-exec-5] INFO  com.capstone.aspect.LoggerAspect - Method arguments:[Ljava.lang.Object;@75e7717a
2022-10-13 17:37:52 [http-nio-8082-exec-5] INFO  com.capstone.aspect.LoggerAspect - *************************************
2022-10-13 17:37:52 [http-nio-8082-exec-5] INFO  com.capstone.aspect.LoggerAspect - Method name: com.capstone.service.accountinfoServiceImpl
2022-10-13 17:37:52 [http-nio-8082-exec-5] INFO  com.capstone.aspect.LoggerAspect - Method arguments:[Ljava.lang.Object;@583c979a
2022-10-13 17:37:52 [http-nio-8082-exec-5] INFO  com.capstone.aspect.LoggerAspect - *************************************
2022-10-13 17:37:52 [http-nio-8082-exec-5] INFO  com.capstone.aspect.LoggerAspect - During: class com.capstone.service.accountinfoServiceImpl.getAcountsByCustId() with arguments=[accountinfo [accno=202200051, custid=202200005, branch_name=Bengaluru, ifsc=NATW000123, savingsamount=3128.0], accountinfo [accno=202200053, custid=202200005, branch_name=Bengaluru, ifsc=NATW000123, savingsamount=150000.0]]
2022-10-13 17:37:52 [http-nio-8082-exec-5] INFO  com.capstone.aspect.LoggerAspect - *************************************
2022-10-13 17:37:52 [http-nio-8082-exec-5] INFO  com.capstone.aspect.LoggerAspect - During: class com.capstone.controller.accountinfoController.getsavingsAccount() with arguments=[accountinfo [accno=202200051, custid=202200005, branch_name=Bengaluru, ifsc=NATW000123, savingsamount=3128.0], accountinfo [accno=202200053, custid=202200005, branch_name=Bengaluru, ifsc=NATW000123, savingsamount=150000.0]]
2022-10-13 17:37:52 [http-nio-8082-exec-5] INFO  com.capstone.aspect.LoggerAspect - *************************************
2022-10-13 17:39:18 [AsyncResolver-bootstrap-executor-0] INFO  c.n.d.s.r.aws.ConfigClusterResolver - Resolving eureka endpoints via configuration
2022-10-13 17:44:18 [AsyncResolver-bootstrap-executor-0] INFO  c.n.d.s.r.aws.ConfigClusterResolver - Resolving eureka endpoints via configuration
2022-10-13 17:49:18 [AsyncResolver-bootstrap-executor-0] INFO  c.n.d.s.r.aws.ConfigClusterResolver - Resolving eureka endpoints via configuration
2022-10-13 17:54:18 [AsyncResolver-bootstrap-executor-0] INFO  c.n.d.s.r.aws.ConfigClusterResolver - Resolving eureka endpoints via configuration
2022-10-13 17:59:18 [AsyncResolver-bootstrap-executor-0] INFO  c.n.d.s.r.aws.ConfigClusterResolver - Resolving eureka endpoints via configuration
2022-10-13 18:01:20 [http-nio-8082-exec-7] INFO  com.capstone.aspect.LoggerAspect - Method name: com.capstone.controller.accountinfoController
2022-10-13 18:01:20 [http-nio-8082-exec-7] INFO  com.capstone.aspect.LoggerAspect - Method arguments:[Ljava.lang.Object;@51d386a3
2022-10-13 18:01:20 [http-nio-8082-exec-7] INFO  com.capstone.aspect.LoggerAspect - *************************************
2022-10-13 18:01:20 [http-nio-8082-exec-7] INFO  com.capstone.aspect.LoggerAspect - Method name: com.capstone.service.accountinfoServiceImpl
2022-10-13 18:01:20 [http-nio-8082-exec-7] INFO  com.capstone.aspect.LoggerAspect - Method arguments:[Ljava.lang.Object;@292b2b55
2022-10-13 18:01:20 [http-nio-8082-exec-7] INFO  com.capstone.aspect.LoggerAspect - *************************************
2022-10-13 18:01:21 [http-nio-8082-exec-7] INFO  com.capstone.aspect.LoggerAspect - During: class com.capstone.service.accountinfoServiceImpl.getAcountsByCustId() with arguments=[accountinfo [accno=202200051, custid=202200005, branch_name=Bengaluru, ifsc=NATW000123, savingsamount=3128.0], accountinfo [accno=202200053, custid=202200005, branch_name=Bengaluru, ifsc=NATW000123, savingsamount=150000.0]]
2022-10-13 18:01:21 [http-nio-8082-exec-7] INFO  com.capstone.aspect.LoggerAspect - *************************************
2022-10-13 18:01:21 [http-nio-8082-exec-7] INFO  com.capstone.aspect.LoggerAspect - During: class com.capstone.controller.accountinfoController.getsavingsAccount() with arguments=[accountinfo [accno=202200051, custid=202200005, branch_name=Bengaluru, ifsc=NATW000123, savingsamount=3128.0], accountinfo [accno=202200053, custid=202200005, branch_name=Bengaluru, ifsc=NATW000123, savingsamount=150000.0]]
2022-10-13 18:01:21 [http-nio-8082-exec-7] INFO  com.capstone.aspect.LoggerAspect - *************************************
2022-10-13 18:01:24 [http-nio-8082-exec-9] INFO  com.capstone.aspect.LoggerAspect - Method name: com.capstone.controller.accountinfoController
2022-10-13 18:01:24 [http-nio-8082-exec-9] INFO  com.capstone.aspect.LoggerAspect - Method arguments:[Ljava.lang.Object;@25da007
2022-10-13 18:01:24 [http-nio-8082-exec-9] INFO  com.capstone.aspect.LoggerAspect - *************************************
2022-10-13 18:01:24 [http-nio-8082-exec-9] INFO  com.capstone.aspect.LoggerAspect - Method name: com.capstone.service.accountinfoServiceImpl
2022-10-13 18:01:24 [http-nio-8082-exec-9] INFO  com.capstone.aspect.LoggerAspect - Method arguments:[Ljava.lang.Object;@38819446
2022-10-13 18:01:24 [http-nio-8082-exec-9] INFO  com.capstone.aspect.LoggerAspect - *************************************
2022-10-13 18:01:24 [http-nio-8082-exec-9] INFO  com.capstone.aspect.LoggerAspect - During: class com.capstone.service.accountinfoServiceImpl.getAcountsByCustId() with arguments=[accountinfo [accno=202200051, custid=202200005, branch_name=Bengaluru, ifsc=NATW000123, savingsamount=3128.0], accountinfo [accno=202200053, custid=202200005, branch_name=Bengaluru, ifsc=NATW000123, savingsamount=150000.0]]
2022-10-13 18:01:24 [http-nio-8082-exec-9] INFO  com.capstone.aspect.LoggerAspect - *************************************
2022-10-13 18:01:24 [http-nio-8082-exec-9] INFO  com.capstone.aspect.LoggerAspect - During: class com.capstone.controller.accountinfoController.getsavingsAccount() with arguments=[accountinfo [accno=202200051, custid=202200005, branch_name=Bengaluru, ifsc=NATW000123, savingsamount=3128.0], accountinfo [accno=202200053, custid=202200005, branch_name=Bengaluru, ifsc=NATW000123, savingsamount=150000.0]]
2022-10-13 18:01:24 [http-nio-8082-exec-9] INFO  com.capstone.aspect.LoggerAspect - *************************************
2022-10-13 18:01:41 [http-nio-8082-exec-10] INFO  com.capstone.aspect.LoggerAspect - Method name: com.capstone.controller.accountinfoController
2022-10-13 18:01:41 [http-nio-8082-exec-10] INFO  com.capstone.aspect.LoggerAspect - Method arguments:[Ljava.lang.Object;@56a7f27e
2022-10-13 18:01:41 [http-nio-8082-exec-10] INFO  com.capstone.aspect.LoggerAspect - *************************************
2022-10-13 18:01:41 [http-nio-8082-exec-10] INFO  com.capstone.aspect.LoggerAspect - Method name: com.capstone.service.accountinfoServiceImpl
2022-10-13 18:01:41 [http-nio-8082-exec-10] INFO  com.capstone.aspect.LoggerAspect - Method arguments:[Ljava.lang.Object;@2ea025e3
2022-10-13 18:01:41 [http-nio-8082-exec-10] INFO  com.capstone.aspect.LoggerAspect - *************************************
2022-10-13 18:01:41 [http-nio-8082-exec-10] INFO  com.capstone.aspect.LoggerAspect - During: class com.capstone.service.accountinfoServiceImpl.getAcountsByCustId() with arguments=[accountinfo [accno=202200051, custid=202200005, branch_name=Bengaluru, ifsc=NATW000123, savingsamount=3128.0], accountinfo [accno=202200053, custid=202200005, branch_name=Bengaluru, ifsc=NATW000123, savingsamount=150000.0]]
2022-10-13 18:01:41 [http-nio-8082-exec-10] INFO  com.capstone.aspect.LoggerAspect - *************************************
2022-10-13 18:01:41 [http-nio-8082-exec-10] INFO  com.capstone.aspect.LoggerAspect - During: class com.capstone.controller.accountinfoController.getsavingsAccount() with arguments=[accountinfo [accno=202200051, custid=202200005, branch_name=Bengaluru, ifsc=NATW000123, savingsamount=3128.0], accountinfo [accno=202200053, custid=202200005, branch_name=Bengaluru, ifsc=NATW000123, savingsamount=150000.0]]
2022-10-13 18:01:41 [http-nio-8082-exec-10] INFO  com.capstone.aspect.LoggerAspect - *************************************
2022-10-13 18:04:18 [AsyncResolver-bootstrap-executor-0] INFO  c.n.d.s.r.aws.ConfigClusterResolver - Resolving eureka endpoints via configuration
2022-10-13 18:09:18 [AsyncResolver-bootstrap-executor-0] INFO  c.n.d.s.r.aws.ConfigClusterResolver - Resolving eureka endpoints via configuration
2022-10-13 18:10:49 [File Watcher] INFO  o.s.b.d.a.LocalDevToolsAutoConfiguration$RestartingClassPathChangeChangedEventListener - Restarting due to 3 class path changes (0 additions, 0 deletions, 3 modifications)
2022-10-13 18:10:49 [Thread-1] INFO  o.s.c.n.e.s.EurekaServiceRegistry - Unregistering application ACCOUNTINFO-API with eureka with status DOWN
2022-10-13 18:10:49 [Thread-1] INFO  c.netflix.discovery.DiscoveryClient - Saw local status change event StatusChangeEvent [timestamp=1665664849229, current=DOWN, previous=UP]
2022-10-13 18:10:49 [DiscoveryClient-InstanceInfoReplicator-0] INFO  c.netflix.discovery.DiscoveryClient - DiscoveryClient_ACCOUNTINFO-API/192.168.0.7:accountinfo-api:8082: registering service...
2022-10-13 18:10:49 [DiscoveryClient-InstanceInfoReplicator-0] INFO  c.netflix.discovery.DiscoveryClient - DiscoveryClient_ACCOUNTINFO-API/192.168.0.7:accountinfo-api:8082 - registration status: 204
2022-10-13 18:10:49 [Thread-1] INFO  o.a.coyote.http11.Http11NioProtocol - Pausing ProtocolHandler ["http-nio-8082"]
2022-10-13 18:10:49 [Thread-1] INFO  o.a.catalina.core.StandardService - Stopping service [Tomcat]
2022-10-13 18:10:49 [Thread-1] INFO  o.a.c.c.C.[Tomcat].[localhost].[/] - Destroying Spring FrameworkServlet 'dispatcherServlet'
2022-10-13 18:10:49 [Thread-1] INFO  o.a.coyote.http11.Http11NioProtocol - Stopping ProtocolHandler ["http-nio-8082"]
2022-10-13 18:10:49 [Thread-1] INFO  o.a.coyote.http11.Http11NioProtocol - Destroying ProtocolHandler ["http-nio-8082"]
2022-10-13 18:10:49 [Thread-1] INFO  o.s.o.j.LocalContainerEntityManagerFactoryBean - Closing JPA EntityManagerFactory for persistence unit 'default'
2022-10-13 18:10:50 [Thread-1] INFO  com.zaxxer.hikari.HikariDataSource - HikariPool-1 - Shutdown initiated...
2022-10-13 18:10:50 [Thread-1] INFO  com.zaxxer.hikari.HikariDataSource - HikariPool-1 - Shutdown completed.
2022-10-13 18:10:50 [Thread-1] INFO  c.netflix.discovery.DiscoveryClient - Shutting down DiscoveryClient ...
2022-10-13 18:10:53 [Thread-1] INFO  c.netflix.discovery.DiscoveryClient - Unregistering ...
2022-10-13 18:10:53 [Thread-1] INFO  c.netflix.discovery.DiscoveryClient - DiscoveryClient_ACCOUNTINFO-API/192.168.0.7:accountinfo-api:8082 - deregister  status: 200
2022-10-13 18:10:53 [Thread-1] INFO  c.netflix.discovery.DiscoveryClient - Completed shut down of DiscoveryClient
2022-10-13 18:10:54 [restartedMain] INFO  c.capstone.AccountinfoApiApplication - Starting AccountinfoApiApplication using Java 17.0.2 on MOHAN with PID 3236 (C:\Users\mohan\Downloads\Natwest Capstone\frontend\spring-master\accountinfo-api\target\classes started by mohan in C:\Users\mohan\Downloads\Natwest Capstone\frontend\spring-master\accountinfo-api)
2022-10-13 18:10:54 [restartedMain] INFO  c.capstone.AccountinfoApiApplication - No active profile set, falling back to 1 default profile: "default"
2022-10-13 18:10:54 [restartedMain] INFO  o.s.d.r.c.RepositoryConfigurationDelegate - Bootstrapping Spring Data JPA repositories in DEFAULT mode.
2022-10-13 18:10:54 [restartedMain] INFO  o.s.d.r.c.RepositoryConfigurationDelegate - Finished Spring Data repository scanning in 42 ms. Found 1 JPA repository interfaces.
2022-10-13 18:10:55 [restartedMain] INFO  o.s.cloud.context.scope.GenericScope - BeanFactory id=2057b36b-6c2f-343d-b55b-cba8c53b7bb5
2022-10-13 18:10:55 [restartedMain] INFO  o.s.b.w.e.tomcat.TomcatWebServer - Tomcat initialized with port(s): 8082 (http)
2022-10-13 18:10:55 [restartedMain] INFO  o.a.coyote.http11.Http11NioProtocol - Initializing ProtocolHandler ["http-nio-8082"]
2022-10-13 18:10:55 [restartedMain] INFO  o.a.catalina.core.StandardService - Starting service [Tomcat]
2022-10-13 18:10:55 [restartedMain] INFO  o.a.catalina.core.StandardEngine - Starting Servlet engine: [Apache Tomcat/9.0.65]
2022-10-13 18:10:56 [restartedMain] INFO  o.a.c.c.C.[Tomcat].[localhost].[/] - Initializing Spring embedded WebApplicationContext
2022-10-13 18:10:56 [restartedMain] INFO  o.s.b.w.s.c.ServletWebServerApplicationContext - Root WebApplicationContext: initialization completed in 2028 ms
2022-10-13 18:10:56 [restartedMain] INFO  o.a.catalina.core.StandardContext - Suspicious URL pattern: [/api/**] in context [], see sections 12.1 and 12.2 of the Servlet specification
2022-10-13 18:10:57 [restartedMain] INFO  o.h.jpa.internal.util.LogHelper - HHH000204: Processing PersistenceUnitInfo [name: default]
2022-10-13 18:10:57 [restartedMain] INFO  com.zaxxer.hikari.HikariDataSource - HikariPool-2 - Starting...
2022-10-13 18:10:57 [restartedMain] INFO  com.zaxxer.hikari.HikariDataSource - HikariPool-2 - Start completed.
2022-10-13 18:10:57 [restartedMain] INFO  org.hibernate.dialect.Dialect - HHH000400: Using dialect: org.hibernate.dialect.MySQL8Dialect
2022-10-13 18:10:57 [restartedMain] INFO  o.h.e.t.j.p.i.JtaPlatformInitiator - HHH000490: Using JtaPlatform implementation: [org.hibernate.engine.transaction.jta.platform.internal.NoJtaPlatform]
2022-10-13 18:10:57 [restartedMain] INFO  o.s.o.j.LocalContainerEntityManagerFactoryBean - Initialized JPA EntityManagerFactory for persistence unit 'default'
2022-10-13 18:10:57 [restartedMain] WARN  o.s.b.a.o.j.JpaBaseConfiguration$JpaWebConfiguration - spring.jpa.open-in-view is enabled by default. Therefore, database queries may be performed during view rendering. Explicitly configure spring.jpa.open-in-view to disable this warning
2022-10-13 18:10:58 [restartedMain] WARN  o.s.b.d.a.OptionalLiveReloadServer - Unable to start LiveReload server
2022-10-13 18:10:59 [restartedMain] INFO  o.s.c.n.e.c.DiscoveryClientOptionalArgsConfiguration - Eureka HTTP Client uses RestTemplate.
2022-10-13 18:10:59 [restartedMain] WARN  o.s.c.l.c.LoadBalancerCacheAutoConfiguration$LoadBalancerCaffeineWarnLogger - Spring Cloud LoadBalancer is currently working with the default cache. While this cache implementation is useful for development and tests, it's recommended to use Caffeine cache in production.You can switch to using Caffeine cache, by adding it and org.springframework.cache.caffeine.CaffeineCacheManager to the classpath.
2022-10-13 18:10:59 [restartedMain] INFO  o.s.c.n.eureka.InstanceInfoFactory - Setting initial instance status as: STARTING
2022-10-13 18:10:59 [restartedMain] INFO  c.netflix.discovery.DiscoveryClient - Initializing Eureka in region us-east-1
2022-10-13 18:10:59 [restartedMain] INFO  c.n.d.s.r.aws.ConfigClusterResolver - Resolving eureka endpoints via configuration
2022-10-13 18:10:59 [restartedMain] INFO  c.netflix.discovery.DiscoveryClient - Disable delta property : false
2022-10-13 18:10:59 [restartedMain] INFO  c.netflix.discovery.DiscoveryClient - Single vip registry refresh property : null
2022-10-13 18:10:59 [restartedMain] INFO  c.netflix.discovery.DiscoveryClient - Force full registry fetch : false
2022-10-13 18:10:59 [restartedMain] INFO  c.netflix.discovery.DiscoveryClient - Application is null : false
2022-10-13 18:10:59 [restartedMain] INFO  c.netflix.discovery.DiscoveryClient - Registered Applications size is zero : true
2022-10-13 18:10:59 [restartedMain] INFO  c.netflix.discovery.DiscoveryClient - Application version is -1: true
2022-10-13 18:10:59 [restartedMain] INFO  c.netflix.discovery.DiscoveryClient - Getting all instance registry info from the eureka server
2022-10-13 18:10:59 [restartedMain] INFO  c.netflix.discovery.DiscoveryClient - The response status is 200
2022-10-13 18:10:59 [restartedMain] INFO  c.netflix.discovery.DiscoveryClient - Starting heartbeat executor: renew interval is: 30
2022-10-13 18:10:59 [restartedMain] INFO  c.n.discovery.InstanceInfoReplicator - InstanceInfoReplicator onDemand update allowed rate per min is 4
2022-10-13 18:10:59 [restartedMain] INFO  c.netflix.discovery.DiscoveryClient - Discovery Client initialized at timestamp 1665664859987 with initial instances count: 5
2022-10-13 18:10:59 [restartedMain] INFO  o.s.c.n.e.s.EurekaServiceRegistry - Registering application ACCOUNTINFO-API with eureka with status UP
2022-10-13 18:10:59 [restartedMain] INFO  c.netflix.discovery.DiscoveryClient - Saw local status change event StatusChangeEvent [timestamp=1665664859991, current=UP, previous=STARTING]
2022-10-13 18:10:59 [restartedMain] INFO  o.a.coyote.http11.Http11NioProtocol - Starting ProtocolHandler ["http-nio-8082"]
2022-10-13 18:11:00 [restartedMain] INFO  o.s.b.w.e.tomcat.TomcatWebServer - Tomcat started on port(s): 8082 (http) with context path ''
2022-10-13 18:11:00 [restartedMain] INFO  o.s.c.n.e.s.EurekaAutoServiceRegistration - Updating port to 8082
2022-10-13 18:11:00 [DiscoveryClient-InstanceInfoReplicator-0] INFO  c.netflix.discovery.DiscoveryClient - DiscoveryClient_ACCOUNTINFO-API/192.168.0.7:accountinfo-api:8082: registering service...
2022-10-13 18:11:00 [DiscoveryClient-InstanceInfoReplicator-0] INFO  c.netflix.discovery.DiscoveryClient - DiscoveryClient_ACCOUNTINFO-API/192.168.0.7:accountinfo-api:8082 - registration status: 204
2022-10-13 18:11:00 [restartedMain] INFO  c.capstone.AccountinfoApiApplication - Started AccountinfoApiApplication in 6.729 seconds (JVM running for 23508.185)
2022-10-13 18:11:00 [restartedMain] INFO  o.s.b.d.a.ConditionEvaluationDeltaLoggingListener - Condition evaluation unchanged
2022-10-13 18:11:53 [http-nio-8082-exec-2] INFO  o.a.c.c.C.[Tomcat].[localhost].[/] - Initializing Spring DispatcherServlet 'dispatcherServlet'
2022-10-13 18:11:53 [http-nio-8082-exec-2] INFO  o.s.web.servlet.DispatcherServlet - Initializing Servlet 'dispatcherServlet'
2022-10-13 18:11:53 [http-nio-8082-exec-2] INFO  o.s.web.servlet.DispatcherServlet - Completed initialization in 1 ms
2022-10-13 18:11:53 [http-nio-8082-exec-3] INFO  com.capstone.aspect.LoggerAspect - Method name: com.capstone.controller.accountinfoController
2022-10-13 18:11:53 [http-nio-8082-exec-3] INFO  com.capstone.aspect.LoggerAspect - Method arguments:[Ljava.lang.Object;@72e2520b
2022-10-13 18:11:53 [http-nio-8082-exec-3] INFO  com.capstone.aspect.LoggerAspect - *************************************
2022-10-13 18:11:53 [http-nio-8082-exec-3] INFO  com.capstone.aspect.LoggerAspect - Method name: com.capstone.service.accountinfoServiceImpl
2022-10-13 18:11:53 [http-nio-8082-exec-3] INFO  com.capstone.aspect.LoggerAspect - Method arguments:[Ljava.lang.Object;@10e8dca4
2022-10-13 18:11:53 [http-nio-8082-exec-3] INFO  com.capstone.aspect.LoggerAspect - *************************************
2022-10-13 18:11:53 [http-nio-8082-exec-3] INFO  com.capstone.aspect.LoggerAspect - During: class com.capstone.service.accountinfoServiceImpl.getAcountsByCustId() with arguments=[accountinfo [accno=202200051, custid=202200005, branch_name=Bengaluru, ifsc=NATW000123, savingsamount=3128.0], accountinfo [accno=202200053, custid=202200005, branch_name=Bengaluru, ifsc=NATW000123, savingsamount=150000.0]]
2022-10-13 18:11:53 [http-nio-8082-exec-3] INFO  com.capstone.aspect.LoggerAspect - *************************************
2022-10-13 18:11:53 [http-nio-8082-exec-3] INFO  com.capstone.aspect.LoggerAspect - During: class com.capstone.controller.accountinfoController.getsavingsAccount() with arguments=[accountinfo [accno=202200051, custid=202200005, branch_name=Bengaluru, ifsc=NATW000123, savingsamount=3128.0], accountinfo [accno=202200053, custid=202200005, branch_name=Bengaluru, ifsc=NATW000123, savingsamount=150000.0]]
2022-10-13 18:11:53 [http-nio-8082-exec-3] INFO  com.capstone.aspect.LoggerAspect - *************************************
2022-10-13 18:15:21 [http-nio-8082-exec-7] INFO  com.capstone.aspect.LoggerAspect - Method name: com.capstone.controller.accountinfoController
2022-10-13 18:15:21 [http-nio-8082-exec-7] INFO  com.capstone.aspect.LoggerAspect - Method arguments:[Ljava.lang.Object;@44f87942
2022-10-13 18:15:21 [http-nio-8082-exec-7] INFO  com.capstone.aspect.LoggerAspect - *************************************
2022-10-13 18:15:21 [http-nio-8082-exec-7] INFO  com.capstone.aspect.LoggerAspect - Method name: com.capstone.service.accountinfoServiceImpl
2022-10-13 18:15:21 [http-nio-8082-exec-7] INFO  com.capstone.aspect.LoggerAspect - Method arguments:[Ljava.lang.Object;@4a3f8fad
2022-10-13 18:15:21 [http-nio-8082-exec-7] INFO  com.capstone.aspect.LoggerAspect - *************************************
2022-10-13 18:15:21 [http-nio-8082-exec-7] INFO  com.capstone.aspect.LoggerAspect - During: class com.capstone.service.accountinfoServiceImpl.getAcountsByCustId() with arguments=[accountinfo [accno=202200051, custid=202200005, branch_name=Bengaluru, ifsc=NATW000123, savingsamount=3128.0], accountinfo [accno=202200053, custid=202200005, branch_name=Bengaluru, ifsc=NATW000123, savingsamount=150000.0]]
2022-10-13 18:15:21 [http-nio-8082-exec-7] INFO  com.capstone.aspect.LoggerAspect - *************************************
2022-10-13 18:15:21 [http-nio-8082-exec-7] INFO  com.capstone.aspect.LoggerAspect - During: class com.capstone.controller.accountinfoController.getsavingsAccount() with arguments=[accountinfo [accno=202200051, custid=202200005, branch_name=Bengaluru, ifsc=NATW000123, savingsamount=3128.0], accountinfo [accno=202200053, custid=202200005, branch_name=Bengaluru, ifsc=NATW000123, savingsamount=150000.0]]
2022-10-13 18:15:21 [http-nio-8082-exec-7] INFO  com.capstone.aspect.LoggerAspect - *************************************
2022-10-13 18:15:59 [AsyncResolver-bootstrap-executor-0] INFO  c.n.d.s.r.aws.ConfigClusterResolver - Resolving eureka endpoints via configuration
2022-10-13 18:16:45 [http-nio-8082-exec-1] INFO  com.capstone.aspect.LoggerAspect - Method name: com.capstone.controller.accountinfoController
2022-10-13 18:16:45 [http-nio-8082-exec-1] INFO  com.capstone.aspect.LoggerAspect - Method arguments:[Ljava.lang.Object;@3bc64799
2022-10-13 18:16:45 [http-nio-8082-exec-1] INFO  com.capstone.aspect.LoggerAspect - *************************************
2022-10-13 18:16:45 [http-nio-8082-exec-1] INFO  com.capstone.aspect.LoggerAspect - Method name: com.capstone.service.accountinfoServiceImpl
2022-10-13 18:16:45 [http-nio-8082-exec-1] INFO  com.capstone.aspect.LoggerAspect - Method arguments:[Ljava.lang.Object;@3501ae91
2022-10-13 18:16:45 [http-nio-8082-exec-1] INFO  com.capstone.aspect.LoggerAspect - *************************************
2022-10-13 18:16:45 [http-nio-8082-exec-1] INFO  com.capstone.aspect.LoggerAspect - During: class com.capstone.service.accountinfoServiceImpl.getAcountsByCustId() with arguments=[accountinfo [accno=202200051, custid=202200005, branch_name=Bengaluru, ifsc=NATW000123, savingsamount=3128.0], accountinfo [accno=202200053, custid=202200005, branch_name=Bengaluru, ifsc=NATW000123, savingsamount=150000.0]]
2022-10-13 18:16:45 [http-nio-8082-exec-1] INFO  com.capstone.aspect.LoggerAspect - *************************************
2022-10-13 18:16:45 [http-nio-8082-exec-1] INFO  com.capstone.aspect.LoggerAspect - During: class com.capstone.controller.accountinfoController.getsavingsAccount() with arguments=[accountinfo [accno=202200051, custid=202200005, branch_name=Bengaluru, ifsc=NATW000123, savingsamount=3128.0], accountinfo [accno=202200053, custid=202200005, branch_name=Bengaluru, ifsc=NATW000123, savingsamount=150000.0]]
2022-10-13 18:16:45 [http-nio-8082-exec-1] INFO  com.capstone.aspect.LoggerAspect - *************************************
2022-10-13 18:17:09 [http-nio-8082-exec-4] INFO  com.capstone.aspect.LoggerAspect - Method name: com.capstone.controller.accountinfoController
2022-10-13 18:17:09 [http-nio-8082-exec-4] INFO  com.capstone.aspect.LoggerAspect - Method arguments:[Ljava.lang.Object;@2410d17b
2022-10-13 18:17:09 [http-nio-8082-exec-4] INFO  com.capstone.aspect.LoggerAspect - *************************************
2022-10-13 18:17:09 [http-nio-8082-exec-4] INFO  com.capstone.aspect.LoggerAspect - Method name: com.capstone.service.accountinfoServiceImpl
2022-10-13 18:17:09 [http-nio-8082-exec-4] INFO  com.capstone.aspect.LoggerAspect - Method arguments:[Ljava.lang.Object;@2ad72b89
2022-10-13 18:17:09 [http-nio-8082-exec-4] INFO  com.capstone.aspect.LoggerAspect - *************************************
2022-10-13 18:17:09 [http-nio-8082-exec-4] INFO  com.capstone.aspect.LoggerAspect - During: class com.capstone.service.accountinfoServiceImpl.getAcountsByCustId() with arguments=[accountinfo [accno=202200051, custid=202200005, branch_name=Bengaluru, ifsc=NATW000123, savingsamount=3128.0], accountinfo [accno=202200053, custid=202200005, branch_name=Bengaluru, ifsc=NATW000123, savingsamount=150000.0]]
2022-10-13 18:17:09 [http-nio-8082-exec-4] INFO  com.capstone.aspect.LoggerAspect - *************************************
2022-10-13 18:17:09 [http-nio-8082-exec-4] INFO  com.capstone.aspect.LoggerAspect - During: class com.capstone.controller.accountinfoController.getsavingsAccount() with arguments=[accountinfo [accno=202200051, custid=202200005, branch_name=Bengaluru, ifsc=NATW000123, savingsamount=3128.0], accountinfo [accno=202200053, custid=202200005, branch_name=Bengaluru, ifsc=NATW000123, savingsamount=150000.0]]
2022-10-13 18:17:09 [http-nio-8082-exec-4] INFO  com.capstone.aspect.LoggerAspect - *************************************
2022-10-13 18:17:13 [http-nio-8082-exec-8] INFO  com.capstone.aspect.LoggerAspect - Method name: com.capstone.controller.accountinfoController
2022-10-13 18:17:13 [http-nio-8082-exec-8] INFO  com.capstone.aspect.LoggerAspect - Method arguments:[Ljava.lang.Object;@5589f2f9
2022-10-13 18:17:13 [http-nio-8082-exec-8] INFO  com.capstone.aspect.LoggerAspect - *************************************
2022-10-13 18:17:13 [http-nio-8082-exec-8] INFO  com.capstone.aspect.LoggerAspect - Method name: com.capstone.service.accountinfoServiceImpl
2022-10-13 18:17:13 [http-nio-8082-exec-8] INFO  com.capstone.aspect.LoggerAspect - Method arguments:[Ljava.lang.Object;@5b4e1638
2022-10-13 18:17:13 [http-nio-8082-exec-8] INFO  com.capstone.aspect.LoggerAspect - *************************************
2022-10-13 18:17:13 [http-nio-8082-exec-8] INFO  com.capstone.aspect.LoggerAspect - During: class com.capstone.service.accountinfoServiceImpl.getAcountsByCustId() with arguments=[accountinfo [accno=202200051, custid=202200005, branch_name=Bengaluru, ifsc=NATW000123, savingsamount=3128.0], accountinfo [accno=202200053, custid=202200005, branch_name=Bengaluru, ifsc=NATW000123, savingsamount=150000.0]]
2022-10-13 18:17:13 [http-nio-8082-exec-8] INFO  com.capstone.aspect.LoggerAspect - *************************************
2022-10-13 18:17:13 [http-nio-8082-exec-8] INFO  com.capstone.aspect.LoggerAspect - During: class com.capstone.controller.accountinfoController.getsavingsAccount() with arguments=[accountinfo [accno=202200051, custid=202200005, branch_name=Bengaluru, ifsc=NATW000123, savingsamount=3128.0], accountinfo [accno=202200053, custid=202200005, branch_name=Bengaluru, ifsc=NATW000123, savingsamount=150000.0]]
2022-10-13 18:17:13 [http-nio-8082-exec-8] INFO  com.capstone.aspect.LoggerAspect - *************************************
2022-10-13 18:17:38 [http-nio-8082-exec-9] INFO  com.capstone.aspect.LoggerAspect - Method name: com.capstone.controller.accountinfoController
2022-10-13 18:17:38 [http-nio-8082-exec-9] INFO  com.capstone.aspect.LoggerAspect - Method arguments:[Ljava.lang.Object;@6a9699ec
2022-10-13 18:17:38 [http-nio-8082-exec-9] INFO  com.capstone.aspect.LoggerAspect - *************************************
2022-10-13 18:17:38 [http-nio-8082-exec-9] INFO  com.capstone.aspect.LoggerAspect - Method name: com.capstone.service.accountinfoServiceImpl
2022-10-13 18:17:38 [http-nio-8082-exec-9] INFO  com.capstone.aspect.LoggerAspect - Method arguments:[Ljava.lang.Object;@64516ace
2022-10-13 18:17:38 [http-nio-8082-exec-9] INFO  com.capstone.aspect.LoggerAspect - *************************************
2022-10-13 18:17:38 [http-nio-8082-exec-9] INFO  com.capstone.aspect.LoggerAspect - During: class com.capstone.service.accountinfoServiceImpl.getAcountsByCustId() with arguments=[accountinfo [accno=202200051, custid=202200005, branch_name=Bengaluru, ifsc=NATW000123, savingsamount=3128.0], accountinfo [accno=202200053, custid=202200005, branch_name=Bengaluru, ifsc=NATW000123, savingsamount=150000.0]]
2022-10-13 18:17:38 [http-nio-8082-exec-9] INFO  com.capstone.aspect.LoggerAspect - *************************************
2022-10-13 18:17:38 [http-nio-8082-exec-9] INFO  com.capstone.aspect.LoggerAspect - During: class com.capstone.controller.accountinfoController.getsavingsAccount() with arguments=[accountinfo [accno=202200051, custid=202200005, branch_name=Bengaluru, ifsc=NATW000123, savingsamount=3128.0], accountinfo [accno=202200053, custid=202200005, branch_name=Bengaluru, ifsc=NATW000123, savingsamount=150000.0]]
2022-10-13 18:17:38 [http-nio-8082-exec-9] INFO  com.capstone.aspect.LoggerAspect - *************************************
2022-10-13 18:18:24 [http-nio-8082-exec-3] INFO  com.capstone.aspect.LoggerAspect - Method name: com.capstone.controller.accountinfoController
2022-10-13 18:18:24 [http-nio-8082-exec-3] INFO  com.capstone.aspect.LoggerAspect - Method arguments:[Ljava.lang.Object;@5285496e
2022-10-13 18:18:24 [http-nio-8082-exec-3] INFO  com.capstone.aspect.LoggerAspect - *************************************
2022-10-13 18:18:24 [http-nio-8082-exec-3] INFO  com.capstone.aspect.LoggerAspect - Method name: com.capstone.service.accountinfoServiceImpl
2022-10-13 18:18:24 [http-nio-8082-exec-3] INFO  com.capstone.aspect.LoggerAspect - Method arguments:[Ljava.lang.Object;@308e3418
2022-10-13 18:18:24 [http-nio-8082-exec-3] INFO  com.capstone.aspect.LoggerAspect - *************************************
2022-10-13 18:18:24 [http-nio-8082-exec-3] INFO  com.capstone.aspect.LoggerAspect - During: class com.capstone.service.accountinfoServiceImpl.getAcountsByCustId() with arguments=[accountinfo [accno=202200051, custid=202200005, branch_name=Bengaluru, ifsc=NATW000123, savingsamount=3128.0], accountinfo [accno=202200053, custid=202200005, branch_name=Bengaluru, ifsc=NATW000123, savingsamount=150000.0]]
2022-10-13 18:18:24 [http-nio-8082-exec-3] INFO  com.capstone.aspect.LoggerAspect - *************************************
2022-10-13 18:18:24 [http-nio-8082-exec-3] INFO  com.capstone.aspect.LoggerAspect - During: class com.capstone.controller.accountinfoController.getsavingsAccount() with arguments=[accountinfo [accno=202200051, custid=202200005, branch_name=Bengaluru, ifsc=NATW000123, savingsamount=3128.0], accountinfo [accno=202200053, custid=202200005, branch_name=Bengaluru, ifsc=NATW000123, savingsamount=150000.0]]
2022-10-13 18:18:24 [http-nio-8082-exec-3] INFO  com.capstone.aspect.LoggerAspect - *************************************
2022-10-13 18:18:25 [http-nio-8082-exec-6] INFO  com.capstone.aspect.LoggerAspect - Method name: com.capstone.controller.accountinfoController
2022-10-13 18:18:25 [http-nio-8082-exec-6] INFO  com.capstone.aspect.LoggerAspect - Method arguments:[Ljava.lang.Object;@61557d0b
2022-10-13 18:18:25 [http-nio-8082-exec-6] INFO  com.capstone.aspect.LoggerAspect - *************************************
2022-10-13 18:18:25 [http-nio-8082-exec-6] INFO  com.capstone.aspect.LoggerAspect - Method name: com.capstone.service.accountinfoServiceImpl
2022-10-13 18:18:25 [http-nio-8082-exec-6] INFO  com.capstone.aspect.LoggerAspect - Method arguments:[Ljava.lang.Object;@2eaf856a
2022-10-13 18:18:25 [http-nio-8082-exec-6] INFO  com.capstone.aspect.LoggerAspect - *************************************
2022-10-13 18:18:25 [http-nio-8082-exec-6] INFO  com.capstone.aspect.LoggerAspect - During: class com.capstone.service.accountinfoServiceImpl.getAcountsByCustId() with arguments=[accountinfo [accno=202200051, custid=202200005, branch_name=Bengaluru, ifsc=NATW000123, savingsamount=3128.0], accountinfo [accno=202200053, custid=202200005, branch_name=Bengaluru, ifsc=NATW000123, savingsamount=150000.0]]
2022-10-13 18:18:25 [http-nio-8082-exec-6] INFO  com.capstone.aspect.LoggerAspect - *************************************
2022-10-13 18:18:25 [http-nio-8082-exec-6] INFO  com.capstone.aspect.LoggerAspect - During: class com.capstone.controller.accountinfoController.getsavingsAccount() with arguments=[accountinfo [accno=202200051, custid=202200005, branch_name=Bengaluru, ifsc=NATW000123, savingsamount=3128.0], accountinfo [accno=202200053, custid=202200005, branch_name=Bengaluru, ifsc=NATW000123, savingsamount=150000.0]]
2022-10-13 18:18:25 [http-nio-8082-exec-6] INFO  com.capstone.aspect.LoggerAspect - *************************************
2022-10-13 18:18:59 [http-nio-8082-exec-7] INFO  com.capstone.aspect.LoggerAspect - Method name: com.capstone.controller.accountinfoController
2022-10-13 18:18:59 [http-nio-8082-exec-7] INFO  com.capstone.aspect.LoggerAspect - Method arguments:[Ljava.lang.Object;@78ec7a0e
2022-10-13 18:18:59 [http-nio-8082-exec-7] INFO  com.capstone.aspect.LoggerAspect - *************************************
2022-10-13 18:18:59 [http-nio-8082-exec-7] INFO  com.capstone.aspect.LoggerAspect - Method name: com.capstone.service.accountinfoServiceImpl
2022-10-13 18:18:59 [http-nio-8082-exec-7] INFO  com.capstone.aspect.LoggerAspect - Method arguments:[Ljava.lang.Object;@6f9831cd
2022-10-13 18:18:59 [http-nio-8082-exec-7] INFO  com.capstone.aspect.LoggerAspect - *************************************
2022-10-13 18:18:59 [http-nio-8082-exec-7] INFO  com.capstone.aspect.LoggerAspect - During: class com.capstone.service.accountinfoServiceImpl.getAcountsByCustId() with arguments=[accountinfo [accno=202200051, custid=202200005, branch_name=Bengaluru, ifsc=NATW000123, savingsamount=3128.0], accountinfo [accno=202200053, custid=202200005, branch_name=Bengaluru, ifsc=NATW000123, savingsamount=150000.0]]
2022-10-13 18:18:59 [http-nio-8082-exec-7] INFO  com.capstone.aspect.LoggerAspect - *************************************
2022-10-13 18:18:59 [http-nio-8082-exec-7] INFO  com.capstone.aspect.LoggerAspect - During: class com.capstone.controller.accountinfoController.getsavingsAccount() with arguments=[accountinfo [accno=202200051, custid=202200005, branch_name=Bengaluru, ifsc=NATW000123, savingsamount=3128.0], accountinfo [accno=202200053, custid=202200005, branch_name=Bengaluru, ifsc=NATW000123, savingsamount=150000.0]]
2022-10-13 18:18:59 [http-nio-8082-exec-7] INFO  com.capstone.aspect.LoggerAspect - *************************************
2022-10-13 18:19:01 [http-nio-8082-exec-10] INFO  com.capstone.aspect.LoggerAspect - Method name: com.capstone.controller.accountinfoController
2022-10-13 18:19:01 [http-nio-8082-exec-10] INFO  com.capstone.aspect.LoggerAspect - Method arguments:[Ljava.lang.Object;@621f448e
2022-10-13 18:19:01 [http-nio-8082-exec-10] INFO  com.capstone.aspect.LoggerAspect - *************************************
2022-10-13 18:19:01 [http-nio-8082-exec-10] INFO  com.capstone.aspect.LoggerAspect - Method name: com.capstone.service.accountinfoServiceImpl
2022-10-13 18:19:01 [http-nio-8082-exec-10] INFO  com.capstone.aspect.LoggerAspect - Method arguments:[Ljava.lang.Object;@271dc6a9
2022-10-13 18:19:01 [http-nio-8082-exec-10] INFO  com.capstone.aspect.LoggerAspect - *************************************
2022-10-13 18:19:01 [http-nio-8082-exec-10] INFO  com.capstone.aspect.LoggerAspect - During: class com.capstone.service.accountinfoServiceImpl.getAcountsByCustId() with arguments=[accountinfo [accno=202200051, custid=202200005, branch_name=Bengaluru, ifsc=NATW000123, savingsamount=3128.0], accountinfo [accno=202200053, custid=202200005, branch_name=Bengaluru, ifsc=NATW000123, savingsamount=150000.0]]
2022-10-13 18:19:01 [http-nio-8082-exec-10] INFO  com.capstone.aspect.LoggerAspect - *************************************
2022-10-13 18:19:01 [http-nio-8082-exec-10] INFO  com.capstone.aspect.LoggerAspect - During: class com.capstone.controller.accountinfoController.getsavingsAccount() with arguments=[accountinfo [accno=202200051, custid=202200005, branch_name=Bengaluru, ifsc=NATW000123, savingsamount=3128.0], accountinfo [accno=202200053, custid=202200005, branch_name=Bengaluru, ifsc=NATW000123, savingsamount=150000.0]]
2022-10-13 18:19:01 [http-nio-8082-exec-10] INFO  com.capstone.aspect.LoggerAspect - *************************************
2022-10-13 18:19:39 [http-nio-8082-exec-4] INFO  com.capstone.aspect.LoggerAspect - Method name: com.capstone.controller.accountinfoController
2022-10-13 18:19:39 [http-nio-8082-exec-4] INFO  com.capstone.aspect.LoggerAspect - Method arguments:[Ljava.lang.Object;@bc5defd
2022-10-13 18:19:39 [http-nio-8082-exec-4] INFO  com.capstone.aspect.LoggerAspect - *************************************
2022-10-13 18:19:39 [http-nio-8082-exec-4] INFO  com.capstone.aspect.LoggerAspect - Method name: com.capstone.service.accountinfoServiceImpl
2022-10-13 18:19:39 [http-nio-8082-exec-4] INFO  com.capstone.aspect.LoggerAspect - Method arguments:[Ljava.lang.Object;@5fb73f7e
2022-10-13 18:19:39 [http-nio-8082-exec-4] INFO  com.capstone.aspect.LoggerAspect - *************************************
2022-10-13 18:19:39 [http-nio-8082-exec-4] INFO  com.capstone.aspect.LoggerAspect - During: class com.capstone.service.accountinfoServiceImpl.getAcountsByCustId() with arguments=[accountinfo [accno=202200051, custid=202200005, branch_name=Bengaluru, ifsc=NATW000123, savingsamount=3128.0], accountinfo [accno=202200053, custid=202200005, branch_name=Bengaluru, ifsc=NATW000123, savingsamount=150000.0]]
2022-10-13 18:19:39 [http-nio-8082-exec-4] INFO  com.capstone.aspect.LoggerAspect - *************************************
2022-10-13 18:19:39 [http-nio-8082-exec-4] INFO  com.capstone.aspect.LoggerAspect - During: class com.capstone.controller.accountinfoController.getsavingsAccount() with arguments=[accountinfo [accno=202200051, custid=202200005, branch_name=Bengaluru, ifsc=NATW000123, savingsamount=3128.0], accountinfo [accno=202200053, custid=202200005, branch_name=Bengaluru, ifsc=NATW000123, savingsamount=150000.0]]
2022-10-13 18:19:39 [http-nio-8082-exec-4] INFO  com.capstone.aspect.LoggerAspect - *************************************
2022-10-13 18:19:40 [http-nio-8082-exec-8] INFO  com.capstone.aspect.LoggerAspect - Method name: com.capstone.controller.accountinfoController
2022-10-13 18:19:40 [http-nio-8082-exec-8] INFO  com.capstone.aspect.LoggerAspect - Method arguments:[Ljava.lang.Object;@7a5ce34c
2022-10-13 18:19:40 [http-nio-8082-exec-8] INFO  com.capstone.aspect.LoggerAspect - *************************************
2022-10-13 18:19:40 [http-nio-8082-exec-8] INFO  com.capstone.aspect.LoggerAspect - Method name: com.capstone.service.accountinfoServiceImpl
2022-10-13 18:19:40 [http-nio-8082-exec-8] INFO  com.capstone.aspect.LoggerAspect - Method arguments:[Ljava.lang.Object;@434e9cc2
2022-10-13 18:19:40 [http-nio-8082-exec-8] INFO  com.capstone.aspect.LoggerAspect - *************************************
2022-10-13 18:19:40 [http-nio-8082-exec-8] INFO  com.capstone.aspect.LoggerAspect - During: class com.capstone.service.accountinfoServiceImpl.getAcountsByCustId() with arguments=[accountinfo [accno=202200051, custid=202200005, branch_name=Bengaluru, ifsc=NATW000123, savingsamount=3128.0], accountinfo [accno=202200053, custid=202200005, branch_name=Bengaluru, ifsc=NATW000123, savingsamount=150000.0]]
2022-10-13 18:19:40 [http-nio-8082-exec-8] INFO  com.capstone.aspect.LoggerAspect - *************************************
2022-10-13 18:19:40 [http-nio-8082-exec-8] INFO  com.capstone.aspect.LoggerAspect - During: class com.capstone.controller.accountinfoController.getsavingsAccount() with arguments=[accountinfo [accno=202200051, custid=202200005, branch_name=Bengaluru, ifsc=NATW000123, savingsamount=3128.0], accountinfo [accno=202200053, custid=202200005, branch_name=Bengaluru, ifsc=NATW000123, savingsamount=150000.0]]
2022-10-13 18:19:40 [http-nio-8082-exec-8] INFO  com.capstone.aspect.LoggerAspect - *************************************
2022-10-13 18:20:59 [AsyncResolver-bootstrap-executor-0] INFO  c.n.d.s.r.aws.ConfigClusterResolver - Resolving eureka endpoints via configuration
2022-10-13 18:21:03 [http-nio-8082-exec-9] INFO  com.capstone.aspect.LoggerAspect - Method name: com.capstone.controller.accountinfoController
2022-10-13 18:21:03 [http-nio-8082-exec-9] INFO  com.capstone.aspect.LoggerAspect - Method arguments:[Ljava.lang.Object;@45439fba
2022-10-13 18:21:03 [http-nio-8082-exec-9] INFO  com.capstone.aspect.LoggerAspect - *************************************
2022-10-13 18:21:03 [http-nio-8082-exec-9] INFO  com.capstone.aspect.LoggerAspect - Method name: com.capstone.service.accountinfoServiceImpl
2022-10-13 18:21:03 [http-nio-8082-exec-9] INFO  com.capstone.aspect.LoggerAspect - Method arguments:[Ljava.lang.Object;@602f62e3
2022-10-13 18:21:03 [http-nio-8082-exec-9] INFO  com.capstone.aspect.LoggerAspect - *************************************
2022-10-13 18:21:03 [http-nio-8082-exec-9] INFO  com.capstone.aspect.LoggerAspect - During: class com.capstone.service.accountinfoServiceImpl.getAcountsByCustId() with arguments=[accountinfo [accno=202200051, custid=202200005, branch_name=Bengaluru, ifsc=NATW000123, savingsamount=3128.0], accountinfo [accno=202200053, custid=202200005, branch_name=Bengaluru, ifsc=NATW000123, savingsamount=150000.0]]
2022-10-13 18:21:03 [http-nio-8082-exec-9] INFO  com.capstone.aspect.LoggerAspect - *************************************
2022-10-13 18:21:03 [http-nio-8082-exec-9] INFO  com.capstone.aspect.LoggerAspect - During: class com.capstone.controller.accountinfoController.getsavingsAccount() with arguments=[accountinfo [accno=202200051, custid=202200005, branch_name=Bengaluru, ifsc=NATW000123, savingsamount=3128.0], accountinfo [accno=202200053, custid=202200005, branch_name=Bengaluru, ifsc=NATW000123, savingsamount=150000.0]]
2022-10-13 18:21:03 [http-nio-8082-exec-9] INFO  com.capstone.aspect.LoggerAspect - *************************************
2022-10-13 18:21:04 [http-nio-8082-exec-2] INFO  com.capstone.aspect.LoggerAspect - Method name: com.capstone.controller.accountinfoController
2022-10-13 18:21:04 [http-nio-8082-exec-2] INFO  com.capstone.aspect.LoggerAspect - Method arguments:[Ljava.lang.Object;@11a407b9
2022-10-13 18:21:04 [http-nio-8082-exec-2] INFO  com.capstone.aspect.LoggerAspect - *************************************
2022-10-13 18:21:04 [http-nio-8082-exec-2] INFO  com.capstone.aspect.LoggerAspect - Method name: com.capstone.service.accountinfoServiceImpl
2022-10-13 18:21:04 [http-nio-8082-exec-2] INFO  com.capstone.aspect.LoggerAspect - Method arguments:[Ljava.lang.Object;@159b8155
2022-10-13 18:21:04 [http-nio-8082-exec-2] INFO  com.capstone.aspect.LoggerAspect - *************************************
2022-10-13 18:21:04 [http-nio-8082-exec-2] INFO  com.capstone.aspect.LoggerAspect - During: class com.capstone.service.accountinfoServiceImpl.getAcountsByCustId() with arguments=[accountinfo [accno=202200051, custid=202200005, branch_name=Bengaluru, ifsc=NATW000123, savingsamount=3128.0], accountinfo [accno=202200053, custid=202200005, branch_name=Bengaluru, ifsc=NATW000123, savingsamount=150000.0]]
2022-10-13 18:21:04 [http-nio-8082-exec-2] INFO  com.capstone.aspect.LoggerAspect - *************************************
2022-10-13 18:21:04 [http-nio-8082-exec-2] INFO  com.capstone.aspect.LoggerAspect - During: class com.capstone.controller.accountinfoController.getsavingsAccount() with arguments=[accountinfo [accno=202200051, custid=202200005, branch_name=Bengaluru, ifsc=NATW000123, savingsamount=3128.0], accountinfo [accno=202200053, custid=202200005, branch_name=Bengaluru, ifsc=NATW000123, savingsamount=150000.0]]
2022-10-13 18:21:04 [http-nio-8082-exec-2] INFO  com.capstone.aspect.LoggerAspect - *************************************
2022-10-13 18:21:18 [http-nio-8082-exec-3] INFO  com.capstone.aspect.LoggerAspect - Method name: com.capstone.controller.accountinfoController
2022-10-13 18:21:18 [http-nio-8082-exec-3] INFO  com.capstone.aspect.LoggerAspect - Method arguments:[Ljava.lang.Object;@3e9b4513
2022-10-13 18:21:18 [http-nio-8082-exec-3] INFO  com.capstone.aspect.LoggerAspect - *************************************
2022-10-13 18:21:18 [http-nio-8082-exec-3] INFO  com.capstone.aspect.LoggerAspect - Method name: com.capstone.service.accountinfoServiceImpl
2022-10-13 18:21:18 [http-nio-8082-exec-3] INFO  com.capstone.aspect.LoggerAspect - Method arguments:[Ljava.lang.Object;@19851da0
2022-10-13 18:21:18 [http-nio-8082-exec-3] INFO  com.capstone.aspect.LoggerAspect - *************************************
2022-10-13 18:21:18 [http-nio-8082-exec-3] INFO  com.capstone.aspect.LoggerAspect - During: class com.capstone.service.accountinfoServiceImpl.getAcountsByCustId() with arguments=[accountinfo [accno=202200051, custid=202200005, branch_name=Bengaluru, ifsc=NATW000123, savingsamount=3128.0], accountinfo [accno=202200053, custid=202200005, branch_name=Bengaluru, ifsc=NATW000123, savingsamount=150000.0]]
2022-10-13 18:21:18 [http-nio-8082-exec-3] INFO  com.capstone.aspect.LoggerAspect - *************************************
2022-10-13 18:21:18 [http-nio-8082-exec-3] INFO  com.capstone.aspect.LoggerAspect - During: class com.capstone.controller.accountinfoController.getsavingsAccount() with arguments=[accountinfo [accno=202200051, custid=202200005, branch_name=Bengaluru, ifsc=NATW000123, savingsamount=3128.0], accountinfo [accno=202200053, custid=202200005, branch_name=Bengaluru, ifsc=NATW000123, savingsamount=150000.0]]
2022-10-13 18:21:18 [http-nio-8082-exec-3] INFO  com.capstone.aspect.LoggerAspect - *************************************
2022-10-13 18:21:19 [http-nio-8082-exec-6] INFO  com.capstone.aspect.LoggerAspect - Method name: com.capstone.controller.accountinfoController
2022-10-13 18:21:19 [http-nio-8082-exec-6] INFO  com.capstone.aspect.LoggerAspect - Method arguments:[Ljava.lang.Object;@7f6f3a6e
2022-10-13 18:21:19 [http-nio-8082-exec-6] INFO  com.capstone.aspect.LoggerAspect - *************************************
2022-10-13 18:21:19 [http-nio-8082-exec-6] INFO  com.capstone.aspect.LoggerAspect - Method name: com.capstone.service.accountinfoServiceImpl
2022-10-13 18:21:19 [http-nio-8082-exec-6] INFO  com.capstone.aspect.LoggerAspect - Method arguments:[Ljava.lang.Object;@5af3f7be
2022-10-13 18:21:19 [http-nio-8082-exec-6] INFO  com.capstone.aspect.LoggerAspect - *************************************
2022-10-13 18:21:19 [http-nio-8082-exec-6] INFO  com.capstone.aspect.LoggerAspect - During: class com.capstone.service.accountinfoServiceImpl.getAcountsByCustId() with arguments=[accountinfo [accno=202200051, custid=202200005, branch_name=Bengaluru, ifsc=NATW000123, savingsamount=3128.0], accountinfo [accno=202200053, custid=202200005, branch_name=Bengaluru, ifsc=NATW000123, savingsamount=150000.0]]
2022-10-13 18:21:19 [http-nio-8082-exec-6] INFO  com.capstone.aspect.LoggerAspect - *************************************
2022-10-13 18:21:19 [http-nio-8082-exec-6] INFO  com.capstone.aspect.LoggerAspect - During: class com.capstone.controller.accountinfoController.getsavingsAccount() with arguments=[accountinfo [accno=202200051, custid=202200005, branch_name=Bengaluru, ifsc=NATW000123, savingsamount=3128.0], accountinfo [accno=202200053, custid=202200005, branch_name=Bengaluru, ifsc=NATW000123, savingsamount=150000.0]]
2022-10-13 18:21:19 [http-nio-8082-exec-6] INFO  com.capstone.aspect.LoggerAspect - *************************************
2022-10-13 18:21:36 [http-nio-8082-exec-7] INFO  com.capstone.aspect.LoggerAspect - Method name: com.capstone.controller.accountinfoController
2022-10-13 18:21:36 [http-nio-8082-exec-7] INFO  com.capstone.aspect.LoggerAspect - Method arguments:[Ljava.lang.Object;@5358b816
2022-10-13 18:21:36 [http-nio-8082-exec-7] INFO  com.capstone.aspect.LoggerAspect - *************************************
2022-10-13 18:21:36 [http-nio-8082-exec-7] INFO  com.capstone.aspect.LoggerAspect - Method name: com.capstone.service.accountinfoServiceImpl
2022-10-13 18:21:36 [http-nio-8082-exec-7] INFO  com.capstone.aspect.LoggerAspect - Method arguments:[Ljava.lang.Object;@6187a416
2022-10-13 18:21:36 [http-nio-8082-exec-7] INFO  com.capstone.aspect.LoggerAspect - *************************************
2022-10-13 18:21:36 [http-nio-8082-exec-7] INFO  com.capstone.aspect.LoggerAspect - During: class com.capstone.service.accountinfoServiceImpl.getAcountsByCustId() with arguments=[accountinfo [accno=202200051, custid=202200005, branch_name=Bengaluru, ifsc=NATW000123, savingsamount=3128.0], accountinfo [accno=202200053, custid=202200005, branch_name=Bengaluru, ifsc=NATW000123, savingsamount=150000.0]]
2022-10-13 18:21:36 [http-nio-8082-exec-7] INFO  com.capstone.aspect.LoggerAspect - *************************************
2022-10-13 18:21:36 [http-nio-8082-exec-7] INFO  com.capstone.aspect.LoggerAspect - During: class com.capstone.controller.accountinfoController.getsavingsAccount() with arguments=[accountinfo [accno=202200051, custid=202200005, branch_name=Bengaluru, ifsc=NATW000123, savingsamount=3128.0], accountinfo [accno=202200053, custid=202200005, branch_name=Bengaluru, ifsc=NATW000123, savingsamount=150000.0]]
2022-10-13 18:21:36 [http-nio-8082-exec-7] INFO  com.capstone.aspect.LoggerAspect - *************************************
2022-10-13 18:24:42 [http-nio-8082-exec-1] INFO  com.capstone.aspect.LoggerAspect - Method name: com.capstone.controller.accountinfoController
2022-10-13 18:24:42 [http-nio-8082-exec-1] INFO  com.capstone.aspect.LoggerAspect - Method arguments:[Ljava.lang.Object;@14135be5
2022-10-13 18:24:42 [http-nio-8082-exec-1] INFO  com.capstone.aspect.LoggerAspect - *************************************
2022-10-13 18:24:42 [http-nio-8082-exec-1] INFO  com.capstone.aspect.LoggerAspect - Method name: com.capstone.service.accountinfoServiceImpl
2022-10-13 18:24:42 [http-nio-8082-exec-1] INFO  com.capstone.aspect.LoggerAspect - Method arguments:[Ljava.lang.Object;@1726f85b
2022-10-13 18:24:42 [http-nio-8082-exec-1] INFO  com.capstone.aspect.LoggerAspect - *************************************
2022-10-13 18:24:42 [http-nio-8082-exec-1] INFO  com.capstone.aspect.LoggerAspect - During: class com.capstone.service.accountinfoServiceImpl.getAcountsByCustId() with arguments=[accountinfo [accno=202200051, custid=202200005, branch_name=Bengaluru, ifsc=NATW000123, savingsamount=3128.0], accountinfo [accno=202200053, custid=202200005, branch_name=Bengaluru, ifsc=NATW000123, savingsamount=150000.0]]
2022-10-13 18:24:42 [http-nio-8082-exec-1] INFO  com.capstone.aspect.LoggerAspect - *************************************
2022-10-13 18:24:42 [http-nio-8082-exec-1] INFO  com.capstone.aspect.LoggerAspect - During: class com.capstone.controller.accountinfoController.getsavingsAccount() with arguments=[accountinfo [accno=202200051, custid=202200005, branch_name=Bengaluru, ifsc=NATW000123, savingsamount=3128.0], accountinfo [accno=202200053, custid=202200005, branch_name=Bengaluru, ifsc=NATW000123, savingsamount=150000.0]]
2022-10-13 18:24:42 [http-nio-8082-exec-1] INFO  com.capstone.aspect.LoggerAspect - *************************************
2022-10-13 18:24:51 [http-nio-8082-exec-4] INFO  com.capstone.aspect.LoggerAspect - Method name: com.capstone.controller.accountinfoController
2022-10-13 18:24:51 [http-nio-8082-exec-4] INFO  com.capstone.aspect.LoggerAspect - Method arguments:[Ljava.lang.Object;@7287c186
2022-10-13 18:24:51 [http-nio-8082-exec-4] INFO  com.capstone.aspect.LoggerAspect - *************************************
2022-10-13 18:24:51 [http-nio-8082-exec-4] INFO  com.capstone.aspect.LoggerAspect - Method name: com.capstone.service.accountinfoServiceImpl
2022-10-13 18:24:51 [http-nio-8082-exec-4] INFO  com.capstone.aspect.LoggerAspect - Method arguments:[Ljava.lang.Object;@d8605e6
2022-10-13 18:24:51 [http-nio-8082-exec-4] INFO  com.capstone.aspect.LoggerAspect - *************************************
2022-10-13 18:24:51 [http-nio-8082-exec-4] INFO  com.capstone.aspect.LoggerAspect - During: class com.capstone.service.accountinfoServiceImpl.getAcountsByCustId() with arguments=[accountinfo [accno=202200051, custid=202200005, branch_name=Bengaluru, ifsc=NATW000123, savingsamount=3128.0], accountinfo [accno=202200053, custid=202200005, branch_name=Bengaluru, ifsc=NATW000123, savingsamount=150000.0]]
2022-10-13 18:24:51 [http-nio-8082-exec-4] INFO  com.capstone.aspect.LoggerAspect - *************************************
2022-10-13 18:24:51 [http-nio-8082-exec-4] INFO  com.capstone.aspect.LoggerAspect - During: class com.capstone.controller.accountinfoController.getsavingsAccount() with arguments=[accountinfo [accno=202200051, custid=202200005, branch_name=Bengaluru, ifsc=NATW000123, savingsamount=3128.0], accountinfo [accno=202200053, custid=202200005, branch_name=Bengaluru, ifsc=NATW000123, savingsamount=150000.0]]
2022-10-13 18:24:51 [http-nio-8082-exec-4] INFO  com.capstone.aspect.LoggerAspect - *************************************
2022-10-13 18:25:00 [http-nio-8082-exec-8] INFO  com.capstone.aspect.LoggerAspect - Method name: com.capstone.controller.accountinfoController
2022-10-13 18:25:00 [http-nio-8082-exec-8] INFO  com.capstone.aspect.LoggerAspect - Method arguments:[Ljava.lang.Object;@7d2c3223
2022-10-13 18:25:00 [http-nio-8082-exec-8] INFO  com.capstone.aspect.LoggerAspect - *************************************
2022-10-13 18:25:00 [http-nio-8082-exec-8] INFO  com.capstone.aspect.LoggerAspect - Method name: com.capstone.service.accountinfoServiceImpl
2022-10-13 18:25:00 [http-nio-8082-exec-8] INFO  com.capstone.aspect.LoggerAspect - Method arguments:[Ljava.lang.Object;@103e27c2
2022-10-13 18:25:00 [http-nio-8082-exec-8] INFO  com.capstone.aspect.LoggerAspect - *************************************
2022-10-13 18:25:00 [http-nio-8082-exec-8] INFO  com.capstone.aspect.LoggerAspect - During: class com.capstone.service.accountinfoServiceImpl.getAcountsByCustId() with arguments=[accountinfo [accno=202200051, custid=202200005, branch_name=Bengaluru, ifsc=NATW000123, savingsamount=3128.0], accountinfo [accno=202200053, custid=202200005, branch_name=Bengaluru, ifsc=NATW000123, savingsamount=150000.0]]
2022-10-13 18:25:00 [http-nio-8082-exec-8] INFO  com.capstone.aspect.LoggerAspect - *************************************
2022-10-13 18:25:00 [http-nio-8082-exec-8] INFO  com.capstone.aspect.LoggerAspect - During: class com.capstone.controller.accountinfoController.getsavingsAccount() with arguments=[accountinfo [accno=202200051, custid=202200005, branch_name=Bengaluru, ifsc=NATW000123, savingsamount=3128.0], accountinfo [accno=202200053, custid=202200005, branch_name=Bengaluru, ifsc=NATW000123, savingsamount=150000.0]]
2022-10-13 18:25:00 [http-nio-8082-exec-8] INFO  com.capstone.aspect.LoggerAspect - *************************************
2022-10-13 18:25:34 [http-nio-8082-exec-5] INFO  com.capstone.aspect.LoggerAspect - Method name: com.capstone.controller.accountinfoController
2022-10-13 18:25:34 [http-nio-8082-exec-5] INFO  com.capstone.aspect.LoggerAspect - Method arguments:[Ljava.lang.Object;@32164c6c
2022-10-13 18:25:34 [http-nio-8082-exec-5] INFO  com.capstone.aspect.LoggerAspect - *************************************
2022-10-13 18:25:34 [http-nio-8082-exec-5] INFO  com.capstone.aspect.LoggerAspect - Method name: com.capstone.service.accountinfoServiceImpl
2022-10-13 18:25:34 [http-nio-8082-exec-5] INFO  com.capstone.aspect.LoggerAspect - Method arguments:[Ljava.lang.Object;@3cd1a45e
2022-10-13 18:25:34 [http-nio-8082-exec-5] INFO  com.capstone.aspect.LoggerAspect - *************************************
2022-10-13 18:25:34 [http-nio-8082-exec-5] INFO  com.capstone.aspect.LoggerAspect - During: class com.capstone.service.accountinfoServiceImpl.getAcountsByCustId() with arguments=[accountinfo [accno=202200051, custid=202200005, branch_name=Bengaluru, ifsc=NATW000123, savingsamount=3128.0], accountinfo [accno=202200053, custid=202200005, branch_name=Bengaluru, ifsc=NATW000123, savingsamount=150000.0]]
2022-10-13 18:25:34 [http-nio-8082-exec-5] INFO  com.capstone.aspect.LoggerAspect - *************************************
2022-10-13 18:25:34 [http-nio-8082-exec-5] INFO  com.capstone.aspect.LoggerAspect - During: class com.capstone.controller.accountinfoController.getsavingsAccount() with arguments=[accountinfo [accno=202200051, custid=202200005, branch_name=Bengaluru, ifsc=NATW000123, savingsamount=3128.0], accountinfo [accno=202200053, custid=202200005, branch_name=Bengaluru, ifsc=NATW000123, savingsamount=150000.0]]
2022-10-13 18:25:34 [http-nio-8082-exec-5] INFO  com.capstone.aspect.LoggerAspect - *************************************
2022-10-13 18:25:59 [AsyncResolver-bootstrap-executor-0] INFO  c.n.d.s.r.aws.ConfigClusterResolver - Resolving eureka endpoints via configuration
2022-10-13 18:30:21 [http-nio-8082-exec-3] INFO  com.capstone.aspect.LoggerAspect - Method name: com.capstone.controller.accountinfoController
2022-10-13 18:30:21 [http-nio-8082-exec-3] INFO  com.capstone.aspect.LoggerAspect - Method arguments:[Ljava.lang.Object;@12d221
2022-10-13 18:30:21 [http-nio-8082-exec-3] INFO  com.capstone.aspect.LoggerAspect - *************************************
2022-10-13 18:30:21 [http-nio-8082-exec-3] INFO  com.capstone.aspect.LoggerAspect - Method name: com.capstone.service.accountinfoServiceImpl
2022-10-13 18:30:21 [http-nio-8082-exec-3] INFO  com.capstone.aspect.LoggerAspect - Method arguments:[Ljava.lang.Object;@4eb2c60a
2022-10-13 18:30:21 [http-nio-8082-exec-3] INFO  com.capstone.aspect.LoggerAspect - *************************************
2022-10-13 18:30:21 [http-nio-8082-exec-3] INFO  com.capstone.aspect.LoggerAspect - During: class com.capstone.service.accountinfoServiceImpl.getAcountsByCustId() with arguments=[accountinfo [accno=202200011, custid=202200001, branch_name=Bengaluru, ifsc=NATW000123, savingsamount=600000.0], accountinfo [accno=202200012, custid=202200001, branch_name=Bengaluru, ifsc=NATW000123, savingsamount=50000.0]]
2022-10-13 18:30:21 [http-nio-8082-exec-3] INFO  com.capstone.aspect.LoggerAspect - *************************************
2022-10-13 18:30:21 [http-nio-8082-exec-3] INFO  com.capstone.aspect.LoggerAspect - During: class com.capstone.controller.accountinfoController.getsavingsAccount() with arguments=[accountinfo [accno=202200011, custid=202200001, branch_name=Bengaluru, ifsc=NATW000123, savingsamount=600000.0], accountinfo [accno=202200012, custid=202200001, branch_name=Bengaluru, ifsc=NATW000123, savingsamount=50000.0]]
2022-10-13 18:30:21 [http-nio-8082-exec-3] INFO  com.capstone.aspect.LoggerAspect - *************************************
2022-10-13 18:30:28 [http-nio-8082-exec-6] INFO  com.capstone.aspect.LoggerAspect - Method name: com.capstone.controller.accountinfoController
2022-10-13 18:30:28 [http-nio-8082-exec-6] INFO  com.capstone.aspect.LoggerAspect - Method arguments:[Ljava.lang.Object;@26903b47
2022-10-13 18:30:28 [http-nio-8082-exec-6] INFO  com.capstone.aspect.LoggerAspect - *************************************
2022-10-13 18:30:28 [http-nio-8082-exec-6] INFO  com.capstone.aspect.LoggerAspect - Method name: com.capstone.service.accountinfoServiceImpl
2022-10-13 18:30:28 [http-nio-8082-exec-6] INFO  com.capstone.aspect.LoggerAspect - Method arguments:[Ljava.lang.Object;@42962b76
2022-10-13 18:30:28 [http-nio-8082-exec-6] INFO  com.capstone.aspect.LoggerAspect - *************************************
2022-10-13 18:30:28 [http-nio-8082-exec-6] INFO  com.capstone.aspect.LoggerAspect - During: class com.capstone.service.accountinfoServiceImpl.getAcountsByCustId() with arguments=[accountinfo [accno=202200051, custid=202200005, branch_name=Bengaluru, ifsc=NATW000123, savingsamount=3128.0], accountinfo [accno=202200053, custid=202200005, branch_name=Bengaluru, ifsc=NATW000123, savingsamount=150000.0]]
2022-10-13 18:30:28 [http-nio-8082-exec-6] INFO  com.capstone.aspect.LoggerAspect - *************************************
2022-10-13 18:30:28 [http-nio-8082-exec-6] INFO  com.capstone.aspect.LoggerAspect - During: class com.capstone.controller.accountinfoController.getsavingsAccount() with arguments=[accountinfo [accno=202200051, custid=202200005, branch_name=Bengaluru, ifsc=NATW000123, savingsamount=3128.0], accountinfo [accno=202200053, custid=202200005, branch_name=Bengaluru, ifsc=NATW000123, savingsamount=150000.0]]
2022-10-13 18:30:28 [http-nio-8082-exec-6] INFO  com.capstone.aspect.LoggerAspect - *************************************
2022-10-13 18:30:59 [AsyncResolver-bootstrap-executor-0] INFO  c.n.d.s.r.aws.ConfigClusterResolver - Resolving eureka endpoints via configuration
2022-10-13 18:34:23 [http-nio-8082-exec-10] INFO  com.capstone.aspect.LoggerAspect - Method name: com.capstone.controller.accountinfoController
2022-10-13 18:34:23 [http-nio-8082-exec-10] INFO  com.capstone.aspect.LoggerAspect - Method arguments:[Ljava.lang.Object;@437c8265
2022-10-13 18:34:23 [http-nio-8082-exec-10] INFO  com.capstone.aspect.LoggerAspect - *************************************
2022-10-13 18:34:23 [http-nio-8082-exec-10] INFO  com.capstone.aspect.LoggerAspect - Method name: com.capstone.service.accountinfoServiceImpl
2022-10-13 18:34:23 [http-nio-8082-exec-10] INFO  com.capstone.aspect.LoggerAspect - Method arguments:[Ljava.lang.Object;@2a17bb8f
2022-10-13 18:34:23 [http-nio-8082-exec-10] INFO  com.capstone.aspect.LoggerAspect - *************************************
2022-10-13 18:34:23 [http-nio-8082-exec-10] INFO  com.capstone.aspect.LoggerAspect - During: class com.capstone.service.accountinfoServiceImpl.getAcountsByCustId() with arguments=[accountinfo [accno=202200051, custid=202200005, branch_name=Bengaluru, ifsc=NATW000123, savingsamount=3128.0], accountinfo [accno=202200053, custid=202200005, branch_name=Bengaluru, ifsc=NATW000123, savingsamount=150000.0]]
2022-10-13 18:34:23 [http-nio-8082-exec-10] INFO  com.capstone.aspect.LoggerAspect - *************************************
2022-10-13 18:34:23 [http-nio-8082-exec-10] INFO  com.capstone.aspect.LoggerAspect - During: class com.capstone.controller.accountinfoController.getsavingsAccount() with arguments=[accountinfo [accno=202200051, custid=202200005, branch_name=Bengaluru, ifsc=NATW000123, savingsamount=3128.0], accountinfo [accno=202200053, custid=202200005, branch_name=Bengaluru, ifsc=NATW000123, savingsamount=150000.0]]
2022-10-13 18:34:23 [http-nio-8082-exec-10] INFO  com.capstone.aspect.LoggerAspect - *************************************
2022-10-13 18:35:59 [AsyncResolver-bootstrap-executor-0] INFO  c.n.d.s.r.aws.ConfigClusterResolver - Resolving eureka endpoints via configuration
2022-10-13 18:36:52 [http-nio-8082-exec-4] INFO  com.capstone.aspect.LoggerAspect - Method name: com.capstone.controller.accountinfoController
2022-10-13 18:36:52 [http-nio-8082-exec-4] INFO  com.capstone.aspect.LoggerAspect - Method arguments:[Ljava.lang.Object;@7ff74e4e
2022-10-13 18:36:52 [http-nio-8082-exec-4] INFO  com.capstone.aspect.LoggerAspect - *************************************
2022-10-13 18:36:52 [http-nio-8082-exec-4] INFO  com.capstone.aspect.LoggerAspect - Method name: com.capstone.service.accountinfoServiceImpl
2022-10-13 18:36:52 [http-nio-8082-exec-4] INFO  com.capstone.aspect.LoggerAspect - Method arguments:[Ljava.lang.Object;@32b3323a
2022-10-13 18:36:52 [http-nio-8082-exec-4] INFO  com.capstone.aspect.LoggerAspect - *************************************
2022-10-13 18:36:52 [http-nio-8082-exec-4] INFO  com.capstone.aspect.LoggerAspect - During: class com.capstone.service.accountinfoServiceImpl.getAcountsByCustId() with arguments=[accountinfo [accno=202200051, custid=202200005, branch_name=Bengaluru, ifsc=NATW000123, savingsamount=3128.0], accountinfo [accno=202200053, custid=202200005, branch_name=Bengaluru, ifsc=NATW000123, savingsamount=150000.0]]
2022-10-13 18:36:52 [http-nio-8082-exec-4] INFO  com.capstone.aspect.LoggerAspect - *************************************
2022-10-13 18:36:52 [http-nio-8082-exec-4] INFO  com.capstone.aspect.LoggerAspect - During: class com.capstone.controller.accountinfoController.getsavingsAccount() with arguments=[accountinfo [accno=202200051, custid=202200005, branch_name=Bengaluru, ifsc=NATW000123, savingsamount=3128.0], accountinfo [accno=202200053, custid=202200005, branch_name=Bengaluru, ifsc=NATW000123, savingsamount=150000.0]]
2022-10-13 18:36:52 [http-nio-8082-exec-4] INFO  com.capstone.aspect.LoggerAspect - *************************************
2022-10-13 18:37:36 [http-nio-8082-exec-8] INFO  com.capstone.aspect.LoggerAspect - Method name: com.capstone.controller.accountinfoController
2022-10-13 18:37:36 [http-nio-8082-exec-8] INFO  com.capstone.aspect.LoggerAspect - Method arguments:[Ljava.lang.Object;@2d993938
2022-10-13 18:37:36 [http-nio-8082-exec-8] INFO  com.capstone.aspect.LoggerAspect - *************************************
2022-10-13 18:37:36 [http-nio-8082-exec-8] INFO  com.capstone.aspect.LoggerAspect - Method name: com.capstone.service.accountinfoServiceImpl
2022-10-13 18:37:36 [http-nio-8082-exec-8] INFO  com.capstone.aspect.LoggerAspect - Method arguments:[Ljava.lang.Object;@697bbf70
2022-10-13 18:37:36 [http-nio-8082-exec-8] INFO  com.capstone.aspect.LoggerAspect - *************************************
2022-10-13 18:37:36 [http-nio-8082-exec-8] INFO  com.capstone.aspect.LoggerAspect - During: class com.capstone.service.accountinfoServiceImpl.getAcountsByCustId() with arguments=[accountinfo [accno=202200051, custid=202200005, branch_name=Bengaluru, ifsc=NATW000123, savingsamount=3128.0], accountinfo [accno=202200053, custid=202200005, branch_name=Bengaluru, ifsc=NATW000123, savingsamount=150000.0]]
2022-10-13 18:37:36 [http-nio-8082-exec-8] INFO  com.capstone.aspect.LoggerAspect - *************************************
2022-10-13 18:37:36 [http-nio-8082-exec-8] INFO  com.capstone.aspect.LoggerAspect - During: class com.capstone.controller.accountinfoController.getsavingsAccount() with arguments=[accountinfo [accno=202200051, custid=202200005, branch_name=Bengaluru, ifsc=NATW000123, savingsamount=3128.0], accountinfo [accno=202200053, custid=202200005, branch_name=Bengaluru, ifsc=NATW000123, savingsamount=150000.0]]
2022-10-13 18:37:36 [http-nio-8082-exec-8] INFO  com.capstone.aspect.LoggerAspect - *************************************
2022-10-13 18:37:49 [http-nio-8082-exec-5] INFO  com.capstone.aspect.LoggerAspect - Method name: com.capstone.controller.accountinfoController
2022-10-13 18:37:49 [http-nio-8082-exec-5] INFO  com.capstone.aspect.LoggerAspect - Method arguments:[Ljava.lang.Object;@1dc3512a
2022-10-13 18:37:49 [http-nio-8082-exec-5] INFO  com.capstone.aspect.LoggerAspect - *************************************
2022-10-13 18:37:49 [http-nio-8082-exec-5] INFO  com.capstone.aspect.LoggerAspect - Method name: com.capstone.service.accountinfoServiceImpl
2022-10-13 18:37:49 [http-nio-8082-exec-5] INFO  com.capstone.aspect.LoggerAspect - Method arguments:[Ljava.lang.Object;@2f2c2732
2022-10-13 18:37:49 [http-nio-8082-exec-5] INFO  com.capstone.aspect.LoggerAspect - *************************************
2022-10-13 18:37:49 [http-nio-8082-exec-5] INFO  com.capstone.aspect.LoggerAspect - During: class com.capstone.service.accountinfoServiceImpl.getAcountsByCustId() with arguments=[accountinfo [accno=202200051, custid=202200005, branch_name=Bengaluru, ifsc=NATW000123, savingsamount=3128.0], accountinfo [accno=202200053, custid=202200005, branch_name=Bengaluru, ifsc=NATW000123, savingsamount=150000.0]]
2022-10-13 18:37:49 [http-nio-8082-exec-5] INFO  com.capstone.aspect.LoggerAspect - *************************************
2022-10-13 18:37:49 [http-nio-8082-exec-5] INFO  com.capstone.aspect.LoggerAspect - During: class com.capstone.controller.accountinfoController.getsavingsAccount() with arguments=[accountinfo [accno=202200051, custid=202200005, branch_name=Bengaluru, ifsc=NATW000123, savingsamount=3128.0], accountinfo [accno=202200053, custid=202200005, branch_name=Bengaluru, ifsc=NATW000123, savingsamount=150000.0]]
2022-10-13 18:37:49 [http-nio-8082-exec-5] INFO  com.capstone.aspect.LoggerAspect - *************************************
2022-10-13 18:38:16 [http-nio-8082-exec-9] INFO  com.capstone.aspect.LoggerAspect - Method name: com.capstone.controller.accountinfoController
2022-10-13 18:38:16 [http-nio-8082-exec-9] INFO  com.capstone.aspect.LoggerAspect - Method arguments:[Ljava.lang.Object;@73be811e
2022-10-13 18:38:16 [http-nio-8082-exec-9] INFO  com.capstone.aspect.LoggerAspect - *************************************
2022-10-13 18:38:16 [http-nio-8082-exec-9] INFO  com.capstone.aspect.LoggerAspect - Method name: com.capstone.service.accountinfoServiceImpl
2022-10-13 18:38:16 [http-nio-8082-exec-9] INFO  com.capstone.aspect.LoggerAspect - Method arguments:[Ljava.lang.Object;@5f2dc657
2022-10-13 18:38:16 [http-nio-8082-exec-9] INFO  com.capstone.aspect.LoggerAspect - *************************************
2022-10-13 18:38:16 [http-nio-8082-exec-9] INFO  com.capstone.aspect.LoggerAspect - During: class com.capstone.service.accountinfoServiceImpl.getAcountsByCustId() with arguments=[accountinfo [accno=202200051, custid=202200005, branch_name=Bengaluru, ifsc=NATW000123, savingsamount=3128.0], accountinfo [accno=202200053, custid=202200005, branch_name=Bengaluru, ifsc=NATW000123, savingsamount=150000.0]]
2022-10-13 18:38:16 [http-nio-8082-exec-9] INFO  com.capstone.aspect.LoggerAspect - *************************************
2022-10-13 18:38:16 [http-nio-8082-exec-9] INFO  com.capstone.aspect.LoggerAspect - During: class com.capstone.controller.accountinfoController.getsavingsAccount() with arguments=[accountinfo [accno=202200051, custid=202200005, branch_name=Bengaluru, ifsc=NATW000123, savingsamount=3128.0], accountinfo [accno=202200053, custid=202200005, branch_name=Bengaluru, ifsc=NATW000123, savingsamount=150000.0]]
2022-10-13 18:38:16 [http-nio-8082-exec-9] INFO  com.capstone.aspect.LoggerAspect - *************************************
2022-10-13 18:38:43 [http-nio-8082-exec-2] INFO  com.capstone.aspect.LoggerAspect - Method name: com.capstone.controller.accountinfoController
2022-10-13 18:38:43 [http-nio-8082-exec-2] INFO  com.capstone.aspect.LoggerAspect - Method arguments:[Ljava.lang.Object;@3fa933ea
2022-10-13 18:38:43 [http-nio-8082-exec-2] INFO  com.capstone.aspect.LoggerAspect - *************************************
2022-10-13 18:38:43 [http-nio-8082-exec-2] INFO  com.capstone.aspect.LoggerAspect - Method name: com.capstone.service.accountinfoServiceImpl
2022-10-13 18:38:43 [http-nio-8082-exec-2] INFO  com.capstone.aspect.LoggerAspect - Method arguments:[Ljava.lang.Object;@430efc89
2022-10-13 18:38:43 [http-nio-8082-exec-2] INFO  com.capstone.aspect.LoggerAspect - *************************************
2022-10-13 18:38:43 [http-nio-8082-exec-2] INFO  com.capstone.aspect.LoggerAspect - During: class com.capstone.service.accountinfoServiceImpl.getAcountsByCustId() with arguments=[accountinfo [accno=202200051, custid=202200005, branch_name=Bengaluru, ifsc=NATW000123, savingsamount=3128.0], accountinfo [accno=202200053, custid=202200005, branch_name=Bengaluru, ifsc=NATW000123, savingsamount=150000.0]]
2022-10-13 18:38:43 [http-nio-8082-exec-2] INFO  com.capstone.aspect.LoggerAspect - *************************************
2022-10-13 18:38:43 [http-nio-8082-exec-2] INFO  com.capstone.aspect.LoggerAspect - During: class com.capstone.controller.accountinfoController.getsavingsAccount() with arguments=[accountinfo [accno=202200051, custid=202200005, branch_name=Bengaluru, ifsc=NATW000123, savingsamount=3128.0], accountinfo [accno=202200053, custid=202200005, branch_name=Bengaluru, ifsc=NATW000123, savingsamount=150000.0]]
2022-10-13 18:38:43 [http-nio-8082-exec-2] INFO  com.capstone.aspect.LoggerAspect - *************************************
2022-10-13 18:38:45 [http-nio-8082-exec-6] INFO  com.capstone.aspect.LoggerAspect - Method name: com.capstone.controller.accountinfoController
2022-10-13 18:38:45 [http-nio-8082-exec-6] INFO  com.capstone.aspect.LoggerAspect - Method arguments:[Ljava.lang.Object;@5cabea75
2022-10-13 18:38:45 [http-nio-8082-exec-6] INFO  com.capstone.aspect.LoggerAspect - *************************************
2022-10-13 18:38:45 [http-nio-8082-exec-6] INFO  com.capstone.aspect.LoggerAspect - Method name: com.capstone.service.accountinfoServiceImpl
2022-10-13 18:38:45 [http-nio-8082-exec-6] INFO  com.capstone.aspect.LoggerAspect - Method arguments:[Ljava.lang.Object;@28c7b2f4
2022-10-13 18:38:45 [http-nio-8082-exec-6] INFO  com.capstone.aspect.LoggerAspect - *************************************
2022-10-13 18:38:45 [http-nio-8082-exec-6] INFO  com.capstone.aspect.LoggerAspect - During: class com.capstone.service.accountinfoServiceImpl.getAcountsByCustId() with arguments=[accountinfo [accno=202200051, custid=202200005, branch_name=Bengaluru, ifsc=NATW000123, savingsamount=3128.0], accountinfo [accno=202200053, custid=202200005, branch_name=Bengaluru, ifsc=NATW000123, savingsamount=150000.0]]
2022-10-13 18:38:45 [http-nio-8082-exec-6] INFO  com.capstone.aspect.LoggerAspect - *************************************
2022-10-13 18:38:45 [http-nio-8082-exec-6] INFO  com.capstone.aspect.LoggerAspect - During: class com.capstone.controller.accountinfoController.getsavingsAccount() with arguments=[accountinfo [accno=202200051, custid=202200005, branch_name=Bengaluru, ifsc=NATW000123, savingsamount=3128.0], accountinfo [accno=202200053, custid=202200005, branch_name=Bengaluru, ifsc=NATW000123, savingsamount=150000.0]]
2022-10-13 18:38:45 [http-nio-8082-exec-6] INFO  com.capstone.aspect.LoggerAspect - *************************************
2022-10-13 18:39:45 [http-nio-8082-exec-10] INFO  com.capstone.aspect.LoggerAspect - Method name: com.capstone.controller.accountinfoController
2022-10-13 18:39:45 [http-nio-8082-exec-10] INFO  com.capstone.aspect.LoggerAspect - Method arguments:[Ljava.lang.Object;@69bfa63b
2022-10-13 18:39:45 [http-nio-8082-exec-10] INFO  com.capstone.aspect.LoggerAspect - *************************************
2022-10-13 18:39:45 [http-nio-8082-exec-10] INFO  com.capstone.aspect.LoggerAspect - Method name: com.capstone.service.accountinfoServiceImpl
2022-10-13 18:39:45 [http-nio-8082-exec-10] INFO  com.capstone.aspect.LoggerAspect - Method arguments:[Ljava.lang.Object;@29592abe
2022-10-13 18:39:45 [http-nio-8082-exec-10] INFO  com.capstone.aspect.LoggerAspect - *************************************
2022-10-13 18:39:45 [http-nio-8082-exec-10] INFO  com.capstone.aspect.LoggerAspect - During: class com.capstone.service.accountinfoServiceImpl.getAcountsByCustId() with arguments=[accountinfo [accno=202200051, custid=202200005, branch_name=Bengaluru, ifsc=NATW000123, savingsamount=3128.0], accountinfo [accno=202200053, custid=202200005, branch_name=Bengaluru, ifsc=NATW000123, savingsamount=150000.0]]
2022-10-13 18:39:45 [http-nio-8082-exec-10] INFO  com.capstone.aspect.LoggerAspect - *************************************
2022-10-13 18:39:45 [http-nio-8082-exec-10] INFO  com.capstone.aspect.LoggerAspect - During: class com.capstone.controller.accountinfoController.getsavingsAccount() with arguments=[accountinfo [accno=202200051, custid=202200005, branch_name=Bengaluru, ifsc=NATW000123, savingsamount=3128.0], accountinfo [accno=202200053, custid=202200005, branch_name=Bengaluru, ifsc=NATW000123, savingsamount=150000.0]]
2022-10-13 18:39:45 [http-nio-8082-exec-10] INFO  com.capstone.aspect.LoggerAspect - *************************************
2022-10-13 18:39:48 [http-nio-8082-exec-1] INFO  com.capstone.aspect.LoggerAspect - Method name: com.capstone.controller.accountinfoController
2022-10-13 18:39:48 [http-nio-8082-exec-1] INFO  com.capstone.aspect.LoggerAspect - Method arguments:[Ljava.lang.Object;@7605f64a
2022-10-13 18:39:48 [http-nio-8082-exec-1] INFO  com.capstone.aspect.LoggerAspect - *************************************
2022-10-13 18:39:48 [http-nio-8082-exec-1] INFO  com.capstone.aspect.LoggerAspect - Method name: com.capstone.service.accountinfoServiceImpl
2022-10-13 18:39:48 [http-nio-8082-exec-1] INFO  com.capstone.aspect.LoggerAspect - Method arguments:[Ljava.lang.Object;@bbfa4c6
2022-10-13 18:39:48 [http-nio-8082-exec-1] INFO  com.capstone.aspect.LoggerAspect - *************************************
2022-10-13 18:39:48 [http-nio-8082-exec-1] INFO  com.capstone.aspect.LoggerAspect - During: class com.capstone.service.accountinfoServiceImpl.getAcountsByCustId() with arguments=[accountinfo [accno=202200051, custid=202200005, branch_name=Bengaluru, ifsc=NATW000123, savingsamount=3128.0], accountinfo [accno=202200053, custid=202200005, branch_name=Bengaluru, ifsc=NATW000123, savingsamount=150000.0]]
2022-10-13 18:39:48 [http-nio-8082-exec-1] INFO  com.capstone.aspect.LoggerAspect - *************************************
2022-10-13 18:39:48 [http-nio-8082-exec-1] INFO  com.capstone.aspect.LoggerAspect - During: class com.capstone.controller.accountinfoController.getsavingsAccount() with arguments=[accountinfo [accno=202200051, custid=202200005, branch_name=Bengaluru, ifsc=NATW000123, savingsamount=3128.0], accountinfo [accno=202200053, custid=202200005, branch_name=Bengaluru, ifsc=NATW000123, savingsamount=150000.0]]
2022-10-13 18:39:48 [http-nio-8082-exec-1] INFO  com.capstone.aspect.LoggerAspect - *************************************
2022-10-13 18:39:59 [http-nio-8082-exec-8] INFO  com.capstone.aspect.LoggerAspect - Method name: com.capstone.controller.accountinfoController
2022-10-13 18:39:59 [http-nio-8082-exec-8] INFO  com.capstone.aspect.LoggerAspect - Method arguments:[Ljava.lang.Object;@35322cd9
2022-10-13 18:39:59 [http-nio-8082-exec-8] INFO  com.capstone.aspect.LoggerAspect - *************************************
2022-10-13 18:39:59 [http-nio-8082-exec-8] INFO  com.capstone.aspect.LoggerAspect - Method name: com.capstone.service.accountinfoServiceImpl
2022-10-13 18:39:59 [http-nio-8082-exec-8] INFO  com.capstone.aspect.LoggerAspect - Method arguments:[Ljava.lang.Object;@657fbbed
2022-10-13 18:39:59 [http-nio-8082-exec-8] INFO  com.capstone.aspect.LoggerAspect - *************************************
2022-10-13 18:39:59 [http-nio-8082-exec-8] INFO  com.capstone.aspect.LoggerAspect - During: class com.capstone.service.accountinfoServiceImpl.getAcountsByCustId() with arguments=[accountinfo [accno=202200051, custid=202200005, branch_name=Bengaluru, ifsc=NATW000123, savingsamount=3128.0], accountinfo [accno=202200053, custid=202200005, branch_name=Bengaluru, ifsc=NATW000123, savingsamount=150000.0]]
2022-10-13 18:39:59 [http-nio-8082-exec-8] INFO  com.capstone.aspect.LoggerAspect - *************************************
2022-10-13 18:39:59 [http-nio-8082-exec-8] INFO  com.capstone.aspect.LoggerAspect - During: class com.capstone.controller.accountinfoController.getsavingsAccount() with arguments=[accountinfo [accno=202200051, custid=202200005, branch_name=Bengaluru, ifsc=NATW000123, savingsamount=3128.0], accountinfo [accno=202200053, custid=202200005, branch_name=Bengaluru, ifsc=NATW000123, savingsamount=150000.0]]
2022-10-13 18:39:59 [http-nio-8082-exec-8] INFO  com.capstone.aspect.LoggerAspect - *************************************
2022-10-13 18:40:11 [http-nio-8082-exec-5] INFO  com.capstone.aspect.LoggerAspect - Method name: com.capstone.controller.accountinfoController
2022-10-13 18:40:11 [http-nio-8082-exec-5] INFO  com.capstone.aspect.LoggerAspect - Method arguments:[Ljava.lang.Object;@76d796ca
2022-10-13 18:40:11 [http-nio-8082-exec-5] INFO  com.capstone.aspect.LoggerAspect - *************************************
2022-10-13 18:40:11 [http-nio-8082-exec-5] INFO  com.capstone.aspect.LoggerAspect - Method name: com.capstone.service.accountinfoServiceImpl
2022-10-13 18:40:11 [http-nio-8082-exec-5] INFO  com.capstone.aspect.LoggerAspect - Method arguments:[Ljava.lang.Object;@26c6f68
2022-10-13 18:40:11 [http-nio-8082-exec-5] INFO  com.capstone.aspect.LoggerAspect - *************************************
2022-10-13 18:40:11 [http-nio-8082-exec-5] INFO  com.capstone.aspect.LoggerAspect - During: class com.capstone.service.accountinfoServiceImpl.getAcountsByCustId() with arguments=[accountinfo [accno=202200051, custid=202200005, branch_name=Bengaluru, ifsc=NATW000123, savingsamount=3128.0], accountinfo [accno=202200053, custid=202200005, branch_name=Bengaluru, ifsc=NATW000123, savingsamount=150000.0]]
2022-10-13 18:40:11 [http-nio-8082-exec-5] INFO  com.capstone.aspect.LoggerAspect - *************************************
2022-10-13 18:40:11 [http-nio-8082-exec-5] INFO  com.capstone.aspect.LoggerAspect - During: class com.capstone.controller.accountinfoController.getsavingsAccount() with arguments=[accountinfo [accno=202200051, custid=202200005, branch_name=Bengaluru, ifsc=NATW000123, savingsamount=3128.0], accountinfo [accno=202200053, custid=202200005, branch_name=Bengaluru, ifsc=NATW000123, savingsamount=150000.0]]
2022-10-13 18:40:11 [http-nio-8082-exec-5] INFO  com.capstone.aspect.LoggerAspect - *************************************
2022-10-13 18:40:14 [http-nio-8082-exec-9] INFO  com.capstone.aspect.LoggerAspect - Method name: com.capstone.controller.accountinfoController
2022-10-13 18:40:14 [http-nio-8082-exec-9] INFO  com.capstone.aspect.LoggerAspect - Method arguments:[Ljava.lang.Object;@61c5a69a
2022-10-13 18:40:14 [http-nio-8082-exec-9] INFO  com.capstone.aspect.LoggerAspect - *************************************
2022-10-13 18:40:14 [http-nio-8082-exec-9] INFO  com.capstone.aspect.LoggerAspect - Method name: com.capstone.service.accountinfoServiceImpl
2022-10-13 18:40:14 [http-nio-8082-exec-9] INFO  com.capstone.aspect.LoggerAspect - Method arguments:[Ljava.lang.Object;@15c7b392
2022-10-13 18:40:14 [http-nio-8082-exec-9] INFO  com.capstone.aspect.LoggerAspect - *************************************
2022-10-13 18:40:14 [http-nio-8082-exec-9] INFO  com.capstone.aspect.LoggerAspect - During: class com.capstone.service.accountinfoServiceImpl.getAcountsByCustId() with arguments=[accountinfo [accno=202200051, custid=202200005, branch_name=Bengaluru, ifsc=NATW000123, savingsamount=3128.0], accountinfo [accno=202200053, custid=202200005, branch_name=Bengaluru, ifsc=NATW000123, savingsamount=150000.0]]
2022-10-13 18:40:14 [http-nio-8082-exec-9] INFO  com.capstone.aspect.LoggerAspect - *************************************
2022-10-13 18:40:14 [http-nio-8082-exec-9] INFO  com.capstone.aspect.LoggerAspect - During: class com.capstone.controller.accountinfoController.getsavingsAccount() with arguments=[accountinfo [accno=202200051, custid=202200005, branch_name=Bengaluru, ifsc=NATW000123, savingsamount=3128.0], accountinfo [accno=202200053, custid=202200005, branch_name=Bengaluru, ifsc=NATW000123, savingsamount=150000.0]]
2022-10-13 18:40:14 [http-nio-8082-exec-9] INFO  com.capstone.aspect.LoggerAspect - *************************************
2022-10-13 18:40:29 [http-nio-8082-exec-2] INFO  com.capstone.aspect.LoggerAspect - Method name: com.capstone.controller.accountinfoController
2022-10-13 18:40:29 [http-nio-8082-exec-2] INFO  com.capstone.aspect.LoggerAspect - Method arguments:[Ljava.lang.Object;@4c1a28a6
2022-10-13 18:40:29 [http-nio-8082-exec-2] INFO  com.capstone.aspect.LoggerAspect - *************************************
2022-10-13 18:40:29 [http-nio-8082-exec-2] INFO  com.capstone.aspect.LoggerAspect - Method name: com.capstone.service.accountinfoServiceImpl
2022-10-13 18:40:29 [http-nio-8082-exec-2] INFO  com.capstone.aspect.LoggerAspect - Method arguments:[Ljava.lang.Object;@4dcd7af4
2022-10-13 18:40:29 [http-nio-8082-exec-2] INFO  com.capstone.aspect.LoggerAspect - *************************************
2022-10-13 18:40:29 [http-nio-8082-exec-2] INFO  com.capstone.aspect.LoggerAspect - During: class com.capstone.service.accountinfoServiceImpl.getAcountsByCustId() with arguments=[accountinfo [accno=202200051, custid=202200005, branch_name=Bengaluru, ifsc=NATW000123, savingsamount=3128.0], accountinfo [accno=202200053, custid=202200005, branch_name=Bengaluru, ifsc=NATW000123, savingsamount=150000.0]]
2022-10-13 18:40:29 [http-nio-8082-exec-2] INFO  com.capstone.aspect.LoggerAspect - *************************************
2022-10-13 18:40:29 [http-nio-8082-exec-2] INFO  com.capstone.aspect.LoggerAspect - During: class com.capstone.controller.accountinfoController.getsavingsAccount() with arguments=[accountinfo [accno=202200051, custid=202200005, branch_name=Bengaluru, ifsc=NATW000123, savingsamount=3128.0], accountinfo [accno=202200053, custid=202200005, branch_name=Bengaluru, ifsc=NATW000123, savingsamount=150000.0]]
2022-10-13 18:40:29 [http-nio-8082-exec-2] INFO  com.capstone.aspect.LoggerAspect - *************************************
2022-10-13 18:40:49 [http-nio-8082-exec-3] INFO  com.capstone.aspect.LoggerAspect - Method name: com.capstone.controller.accountinfoController
2022-10-13 18:40:49 [http-nio-8082-exec-3] INFO  com.capstone.aspect.LoggerAspect - Method arguments:[Ljava.lang.Object;@2f6a7ea6
2022-10-13 18:40:49 [http-nio-8082-exec-3] INFO  com.capstone.aspect.LoggerAspect - *************************************
2022-10-13 18:40:49 [http-nio-8082-exec-3] INFO  com.capstone.aspect.LoggerAspect - Method name: com.capstone.service.accountinfoServiceImpl
2022-10-13 18:40:49 [http-nio-8082-exec-3] INFO  com.capstone.aspect.LoggerAspect - Method arguments:[Ljava.lang.Object;@402cafe1
2022-10-13 18:40:49 [http-nio-8082-exec-3] INFO  com.capstone.aspect.LoggerAspect - *************************************
2022-10-13 18:40:49 [http-nio-8082-exec-3] INFO  com.capstone.aspect.LoggerAspect - During: class com.capstone.service.accountinfoServiceImpl.getAcountsByCustId() with arguments=[accountinfo [accno=202200051, custid=202200005, branch_name=Bengaluru, ifsc=NATW000123, savingsamount=3128.0], accountinfo [accno=202200053, custid=202200005, branch_name=Bengaluru, ifsc=NATW000123, savingsamount=150000.0]]
2022-10-13 18:40:49 [http-nio-8082-exec-3] INFO  com.capstone.aspect.LoggerAspect - *************************************
2022-10-13 18:40:49 [http-nio-8082-exec-3] INFO  com.capstone.aspect.LoggerAspect - During: class com.capstone.controller.accountinfoController.getsavingsAccount() with arguments=[accountinfo [accno=202200051, custid=202200005, branch_name=Bengaluru, ifsc=NATW000123, savingsamount=3128.0], accountinfo [accno=202200053, custid=202200005, branch_name=Bengaluru, ifsc=NATW000123, savingsamount=150000.0]]
2022-10-13 18:40:49 [http-nio-8082-exec-3] INFO  com.capstone.aspect.LoggerAspect - *************************************
2022-10-13 18:40:59 [AsyncResolver-bootstrap-executor-0] INFO  c.n.d.s.r.aws.ConfigClusterResolver - Resolving eureka endpoints via configuration
2022-10-13 18:41:29 [http-nio-8082-exec-6] INFO  com.capstone.aspect.LoggerAspect - Method name: com.capstone.controller.accountinfoController
2022-10-13 18:41:29 [http-nio-8082-exec-6] INFO  com.capstone.aspect.LoggerAspect - Method arguments:[Ljava.lang.Object;@332123cd
2022-10-13 18:41:29 [http-nio-8082-exec-6] INFO  com.capstone.aspect.LoggerAspect - *************************************
2022-10-13 18:41:29 [http-nio-8082-exec-6] INFO  com.capstone.aspect.LoggerAspect - Method name: com.capstone.service.accountinfoServiceImpl
2022-10-13 18:41:29 [http-nio-8082-exec-6] INFO  com.capstone.aspect.LoggerAspect - Method arguments:[Ljava.lang.Object;@628bc514
2022-10-13 18:41:29 [http-nio-8082-exec-6] INFO  com.capstone.aspect.LoggerAspect - *************************************
2022-10-13 18:41:29 [http-nio-8082-exec-6] INFO  com.capstone.aspect.LoggerAspect - During: class com.capstone.service.accountinfoServiceImpl.getAcountsByCustId() with arguments=[accountinfo [accno=202200051, custid=202200005, branch_name=Bengaluru, ifsc=NATW000123, savingsamount=3128.0], accountinfo [accno=202200053, custid=202200005, branch_name=Bengaluru, ifsc=NATW000123, savingsamount=150000.0]]
2022-10-13 18:41:29 [http-nio-8082-exec-6] INFO  com.capstone.aspect.LoggerAspect - *************************************
2022-10-13 18:41:29 [http-nio-8082-exec-6] INFO  com.capstone.aspect.LoggerAspect - During: class com.capstone.controller.accountinfoController.getsavingsAccount() with arguments=[accountinfo [accno=202200051, custid=202200005, branch_name=Bengaluru, ifsc=NATW000123, savingsamount=3128.0], accountinfo [accno=202200053, custid=202200005, branch_name=Bengaluru, ifsc=NATW000123, savingsamount=150000.0]]
2022-10-13 18:41:29 [http-nio-8082-exec-6] INFO  com.capstone.aspect.LoggerAspect - *************************************
2022-10-13 18:42:07 [http-nio-8082-exec-10] INFO  com.capstone.aspect.LoggerAspect - Method name: com.capstone.controller.accountinfoController
2022-10-13 18:42:07 [http-nio-8082-exec-10] INFO  com.capstone.aspect.LoggerAspect - Method arguments:[Ljava.lang.Object;@339f7855
2022-10-13 18:42:07 [http-nio-8082-exec-10] INFO  com.capstone.aspect.LoggerAspect - *************************************
2022-10-13 18:42:07 [http-nio-8082-exec-10] INFO  com.capstone.aspect.LoggerAspect - Method name: com.capstone.service.accountinfoServiceImpl
2022-10-13 18:42:07 [http-nio-8082-exec-10] INFO  com.capstone.aspect.LoggerAspect - Method arguments:[Ljava.lang.Object;@1628a01
2022-10-13 18:42:07 [http-nio-8082-exec-10] INFO  com.capstone.aspect.LoggerAspect - *************************************
2022-10-13 18:42:07 [http-nio-8082-exec-10] INFO  com.capstone.aspect.LoggerAspect - During: class com.capstone.service.accountinfoServiceImpl.getAcountsByCustId() with arguments=[accountinfo [accno=202200051, custid=202200005, branch_name=Bengaluru, ifsc=NATW000123, savingsamount=3128.0], accountinfo [accno=202200053, custid=202200005, branch_name=Bengaluru, ifsc=NATW000123, savingsamount=150000.0]]
2022-10-13 18:42:07 [http-nio-8082-exec-10] INFO  com.capstone.aspect.LoggerAspect - *************************************
2022-10-13 18:42:07 [http-nio-8082-exec-10] INFO  com.capstone.aspect.LoggerAspect - During: class com.capstone.controller.accountinfoController.getsavingsAccount() with arguments=[accountinfo [accno=202200051, custid=202200005, branch_name=Bengaluru, ifsc=NATW000123, savingsamount=3128.0], accountinfo [accno=202200053, custid=202200005, branch_name=Bengaluru, ifsc=NATW000123, savingsamount=150000.0]]
2022-10-13 18:42:07 [http-nio-8082-exec-10] INFO  com.capstone.aspect.LoggerAspect - *************************************
2022-10-13 18:42:24 [http-nio-8082-exec-1] INFO  com.capstone.aspect.LoggerAspect - Method name: com.capstone.controller.accountinfoController
2022-10-13 18:42:24 [http-nio-8082-exec-1] INFO  com.capstone.aspect.LoggerAspect - Method arguments:[Ljava.lang.Object;@4914a8a4
2022-10-13 18:42:24 [http-nio-8082-exec-1] INFO  com.capstone.aspect.LoggerAspect - *************************************
2022-10-13 18:42:24 [http-nio-8082-exec-1] INFO  com.capstone.aspect.LoggerAspect - Method name: com.capstone.service.accountinfoServiceImpl
2022-10-13 18:42:24 [http-nio-8082-exec-1] INFO  com.capstone.aspect.LoggerAspect - Method arguments:[Ljava.lang.Object;@14cfce21
2022-10-13 18:42:24 [http-nio-8082-exec-1] INFO  com.capstone.aspect.LoggerAspect - *************************************
2022-10-13 18:42:24 [http-nio-8082-exec-1] INFO  com.capstone.aspect.LoggerAspect - During: class com.capstone.service.accountinfoServiceImpl.getAcountsByCustId() with arguments=[accountinfo [accno=202200051, custid=202200005, branch_name=Bengaluru, ifsc=NATW000123, savingsamount=3128.0], accountinfo [accno=202200053, custid=202200005, branch_name=Bengaluru, ifsc=NATW000123, savingsamount=150000.0]]
2022-10-13 18:42:24 [http-nio-8082-exec-1] INFO  com.capstone.aspect.LoggerAspect - *************************************
2022-10-13 18:42:24 [http-nio-8082-exec-1] INFO  com.capstone.aspect.LoggerAspect - During: class com.capstone.controller.accountinfoController.getsavingsAccount() with arguments=[accountinfo [accno=202200051, custid=202200005, branch_name=Bengaluru, ifsc=NATW000123, savingsamount=3128.0], accountinfo [accno=202200053, custid=202200005, branch_name=Bengaluru, ifsc=NATW000123, savingsamount=150000.0]]
2022-10-13 18:42:24 [http-nio-8082-exec-1] INFO  com.capstone.aspect.LoggerAspect - *************************************
2022-10-13 18:42:56 [http-nio-8082-exec-4] INFO  com.capstone.aspect.LoggerAspect - Method name: com.capstone.controller.accountinfoController
2022-10-13 18:42:56 [http-nio-8082-exec-4] INFO  com.capstone.aspect.LoggerAspect - Method arguments:[Ljava.lang.Object;@5068f426
2022-10-13 18:42:56 [http-nio-8082-exec-4] INFO  com.capstone.aspect.LoggerAspect - *************************************
2022-10-13 18:42:56 [http-nio-8082-exec-4] INFO  com.capstone.aspect.LoggerAspect - Method name: com.capstone.service.accountinfoServiceImpl
2022-10-13 18:42:56 [http-nio-8082-exec-4] INFO  com.capstone.aspect.LoggerAspect - Method arguments:[Ljava.lang.Object;@6d1f9064
2022-10-13 18:42:56 [http-nio-8082-exec-4] INFO  com.capstone.aspect.LoggerAspect - *************************************
2022-10-13 18:42:56 [http-nio-8082-exec-4] INFO  com.capstone.aspect.LoggerAspect - During: class com.capstone.service.accountinfoServiceImpl.getAcountsByCustId() with arguments=[accountinfo [accno=202200051, custid=202200005, branch_name=Bengaluru, ifsc=NATW000123, savingsamount=3128.0], accountinfo [accno=202200053, custid=202200005, branch_name=Bengaluru, ifsc=NATW000123, savingsamount=150000.0]]
2022-10-13 18:42:56 [http-nio-8082-exec-4] INFO  com.capstone.aspect.LoggerAspect - *************************************
2022-10-13 18:42:56 [http-nio-8082-exec-4] INFO  com.capstone.aspect.LoggerAspect - During: class com.capstone.controller.accountinfoController.getsavingsAccount() with arguments=[accountinfo [accno=202200051, custid=202200005, branch_name=Bengaluru, ifsc=NATW000123, savingsamount=3128.0], accountinfo [accno=202200053, custid=202200005, branch_name=Bengaluru, ifsc=NATW000123, savingsamount=150000.0]]
2022-10-13 18:42:56 [http-nio-8082-exec-4] INFO  com.capstone.aspect.LoggerAspect - *************************************
2022-10-13 18:43:32 [http-nio-8082-exec-5] INFO  com.capstone.aspect.LoggerAspect - Method name: com.capstone.controller.accountinfoController
2022-10-13 18:43:32 [http-nio-8082-exec-5] INFO  com.capstone.aspect.LoggerAspect - Method arguments:[Ljava.lang.Object;@1e9ade33
2022-10-13 18:43:32 [http-nio-8082-exec-5] INFO  com.capstone.aspect.LoggerAspect - *************************************
2022-10-13 18:43:32 [http-nio-8082-exec-5] INFO  com.capstone.aspect.LoggerAspect - Method name: com.capstone.service.accountinfoServiceImpl
2022-10-13 18:43:32 [http-nio-8082-exec-5] INFO  com.capstone.aspect.LoggerAspect - Method arguments:[Ljava.lang.Object;@1c0c25ef
2022-10-13 18:43:32 [http-nio-8082-exec-5] INFO  com.capstone.aspect.LoggerAspect - *************************************
2022-10-13 18:43:32 [http-nio-8082-exec-5] INFO  com.capstone.aspect.LoggerAspect - During: class com.capstone.service.accountinfoServiceImpl.getAcountsByCustId() with arguments=[accountinfo [accno=202200051, custid=202200005, branch_name=Bengaluru, ifsc=NATW000123, savingsamount=3128.0], accountinfo [accno=202200053, custid=202200005, branch_name=Bengaluru, ifsc=NATW000123, savingsamount=150000.0]]
2022-10-13 18:43:32 [http-nio-8082-exec-5] INFO  com.capstone.aspect.LoggerAspect - *************************************
2022-10-13 18:43:32 [http-nio-8082-exec-5] INFO  com.capstone.aspect.LoggerAspect - During: class com.capstone.controller.accountinfoController.getsavingsAccount() with arguments=[accountinfo [accno=202200051, custid=202200005, branch_name=Bengaluru, ifsc=NATW000123, savingsamount=3128.0], accountinfo [accno=202200053, custid=202200005, branch_name=Bengaluru, ifsc=NATW000123, savingsamount=150000.0]]
2022-10-13 18:43:32 [http-nio-8082-exec-5] INFO  com.capstone.aspect.LoggerAspect - *************************************
2022-10-13 18:43:45 [http-nio-8082-exec-2] INFO  com.capstone.aspect.LoggerAspect - Method name: com.capstone.controller.accountinfoController
2022-10-13 18:43:45 [http-nio-8082-exec-2] INFO  com.capstone.aspect.LoggerAspect - Method arguments:[Ljava.lang.Object;@4c975657
2022-10-13 18:43:45 [http-nio-8082-exec-2] INFO  com.capstone.aspect.LoggerAspect - *************************************
2022-10-13 18:43:45 [http-nio-8082-exec-2] INFO  com.capstone.aspect.LoggerAspect - Method name: com.capstone.service.accountinfoServiceImpl
2022-10-13 18:43:45 [http-nio-8082-exec-2] INFO  com.capstone.aspect.LoggerAspect - Method arguments:[Ljava.lang.Object;@983ef8e
2022-10-13 18:43:45 [http-nio-8082-exec-2] INFO  com.capstone.aspect.LoggerAspect - *************************************
2022-10-13 18:43:45 [http-nio-8082-exec-2] INFO  com.capstone.aspect.LoggerAspect - During: class com.capstone.service.accountinfoServiceImpl.getAcountsByCustId() with arguments=[accountinfo [accno=202200051, custid=202200005, branch_name=Bengaluru, ifsc=NATW000123, savingsamount=3128.0], accountinfo [accno=202200053, custid=202200005, branch_name=Bengaluru, ifsc=NATW000123, savingsamount=150000.0]]
2022-10-13 18:43:45 [http-nio-8082-exec-2] INFO  com.capstone.aspect.LoggerAspect - *************************************
2022-10-13 18:43:45 [http-nio-8082-exec-2] INFO  com.capstone.aspect.LoggerAspect - During: class com.capstone.controller.accountinfoController.getsavingsAccount() with arguments=[accountinfo [accno=202200051, custid=202200005, branch_name=Bengaluru, ifsc=NATW000123, savingsamount=3128.0], accountinfo [accno=202200053, custid=202200005, branch_name=Bengaluru, ifsc=NATW000123, savingsamount=150000.0]]
2022-10-13 18:43:45 [http-nio-8082-exec-2] INFO  com.capstone.aspect.LoggerAspect - *************************************
2022-10-13 18:44:09 [http-nio-8082-exec-6] INFO  com.capstone.aspect.LoggerAspect - Method name: com.capstone.controller.accountinfoController
2022-10-13 18:44:09 [http-nio-8082-exec-6] INFO  com.capstone.aspect.LoggerAspect - Method arguments:[Ljava.lang.Object;@45a81393
2022-10-13 18:44:09 [http-nio-8082-exec-6] INFO  com.capstone.aspect.LoggerAspect - *************************************
2022-10-13 18:44:09 [http-nio-8082-exec-6] INFO  com.capstone.aspect.LoggerAspect - Method name: com.capstone.service.accountinfoServiceImpl
2022-10-13 18:44:09 [http-nio-8082-exec-6] INFO  com.capstone.aspect.LoggerAspect - Method arguments:[Ljava.lang.Object;@2f857aef
2022-10-13 18:44:09 [http-nio-8082-exec-6] INFO  com.capstone.aspect.LoggerAspect - *************************************
2022-10-13 18:44:09 [http-nio-8082-exec-6] INFO  com.capstone.aspect.LoggerAspect - During: class com.capstone.service.accountinfoServiceImpl.getAcountsByCustId() with arguments=[accountinfo [accno=202200051, custid=202200005, branch_name=Bengaluru, ifsc=NATW000123, savingsamount=3128.0], accountinfo [accno=202200053, custid=202200005, branch_name=Bengaluru, ifsc=NATW000123, savingsamount=150000.0]]
2022-10-13 18:44:09 [http-nio-8082-exec-6] INFO  com.capstone.aspect.LoggerAspect - *************************************
2022-10-13 18:44:09 [http-nio-8082-exec-6] INFO  com.capstone.aspect.LoggerAspect - During: class com.capstone.controller.accountinfoController.getsavingsAccount() with arguments=[accountinfo [accno=202200051, custid=202200005, branch_name=Bengaluru, ifsc=NATW000123, savingsamount=3128.0], accountinfo [accno=202200053, custid=202200005, branch_name=Bengaluru, ifsc=NATW000123, savingsamount=150000.0]]
2022-10-13 18:44:09 [http-nio-8082-exec-6] INFO  com.capstone.aspect.LoggerAspect - *************************************
2022-10-13 18:44:11 [http-nio-8082-exec-10] INFO  com.capstone.aspect.LoggerAspect - Method name: com.capstone.controller.accountinfoController
2022-10-13 18:44:11 [http-nio-8082-exec-10] INFO  com.capstone.aspect.LoggerAspect - Method arguments:[Ljava.lang.Object;@4294040d
2022-10-13 18:44:11 [http-nio-8082-exec-10] INFO  com.capstone.aspect.LoggerAspect - *************************************
2022-10-13 18:44:11 [http-nio-8082-exec-10] INFO  com.capstone.aspect.LoggerAspect - Method name: com.capstone.service.accountinfoServiceImpl
2022-10-13 18:44:11 [http-nio-8082-exec-10] INFO  com.capstone.aspect.LoggerAspect - Method arguments:[Ljava.lang.Object;@27b414ec
2022-10-13 18:44:11 [http-nio-8082-exec-10] INFO  com.capstone.aspect.LoggerAspect - *************************************
2022-10-13 18:44:11 [http-nio-8082-exec-10] INFO  com.capstone.aspect.LoggerAspect - During: class com.capstone.service.accountinfoServiceImpl.getAcountsByCustId() with arguments=[accountinfo [accno=202200051, custid=202200005, branch_name=Bengaluru, ifsc=NATW000123, savingsamount=3128.0], accountinfo [accno=202200053, custid=202200005, branch_name=Bengaluru, ifsc=NATW000123, savingsamount=150000.0]]
2022-10-13 18:44:11 [http-nio-8082-exec-10] INFO  com.capstone.aspect.LoggerAspect - *************************************
2022-10-13 18:44:11 [http-nio-8082-exec-10] INFO  com.capstone.aspect.LoggerAspect - During: class com.capstone.controller.accountinfoController.getsavingsAccount() with arguments=[accountinfo [accno=202200051, custid=202200005, branch_name=Bengaluru, ifsc=NATW000123, savingsamount=3128.0], accountinfo [accno=202200053, custid=202200005, branch_name=Bengaluru, ifsc=NATW000123, savingsamount=150000.0]]
2022-10-13 18:44:11 [http-nio-8082-exec-10] INFO  com.capstone.aspect.LoggerAspect - *************************************
2022-10-13 18:44:15 [http-nio-8082-exec-1] INFO  com.capstone.aspect.LoggerAspect - Method name: com.capstone.controller.accountinfoController
2022-10-13 18:44:15 [http-nio-8082-exec-1] INFO  com.capstone.aspect.LoggerAspect - Method arguments:[Ljava.lang.Object;@5e68501a
2022-10-13 18:44:15 [http-nio-8082-exec-1] INFO  com.capstone.aspect.LoggerAspect - *************************************
2022-10-13 18:44:15 [http-nio-8082-exec-1] INFO  com.capstone.aspect.LoggerAspect - Method name: com.capstone.service.accountinfoServiceImpl
2022-10-13 18:44:15 [http-nio-8082-exec-1] INFO  com.capstone.aspect.LoggerAspect - Method arguments:[Ljava.lang.Object;@37621380
2022-10-13 18:44:15 [http-nio-8082-exec-1] INFO  com.capstone.aspect.LoggerAspect - *************************************
2022-10-13 18:44:15 [http-nio-8082-exec-1] INFO  com.capstone.aspect.LoggerAspect - During: class com.capstone.service.accountinfoServiceImpl.getAcountsByCustId() with arguments=[accountinfo [accno=202200051, custid=202200005, branch_name=Bengaluru, ifsc=NATW000123, savingsamount=3128.0], accountinfo [accno=202200053, custid=202200005, branch_name=Bengaluru, ifsc=NATW000123, savingsamount=150000.0]]
2022-10-13 18:44:15 [http-nio-8082-exec-1] INFO  com.capstone.aspect.LoggerAspect - *************************************
2022-10-13 18:44:15 [http-nio-8082-exec-1] INFO  com.capstone.aspect.LoggerAspect - During: class com.capstone.controller.accountinfoController.getsavingsAccount() with arguments=[accountinfo [accno=202200051, custid=202200005, branch_name=Bengaluru, ifsc=NATW000123, savingsamount=3128.0], accountinfo [accno=202200053, custid=202200005, branch_name=Bengaluru, ifsc=NATW000123, savingsamount=150000.0]]
2022-10-13 18:44:15 [http-nio-8082-exec-1] INFO  com.capstone.aspect.LoggerAspect - *************************************
2022-10-13 18:44:23 [http-nio-8082-exec-8] INFO  com.capstone.aspect.LoggerAspect - Method name: com.capstone.controller.accountinfoController
2022-10-13 18:44:23 [http-nio-8082-exec-8] INFO  com.capstone.aspect.LoggerAspect - Method arguments:[Ljava.lang.Object;@1d6f1503
2022-10-13 18:44:23 [http-nio-8082-exec-8] INFO  com.capstone.aspect.LoggerAspect - *************************************
2022-10-13 18:44:23 [http-nio-8082-exec-8] INFO  com.capstone.aspect.LoggerAspect - Method name: com.capstone.service.accountinfoServiceImpl
2022-10-13 18:44:23 [http-nio-8082-exec-8] INFO  com.capstone.aspect.LoggerAspect - Method arguments:[Ljava.lang.Object;@513a82dc
2022-10-13 18:44:23 [http-nio-8082-exec-8] INFO  com.capstone.aspect.LoggerAspect - *************************************
2022-10-13 18:44:23 [http-nio-8082-exec-8] INFO  com.capstone.aspect.LoggerAspect - During: class com.capstone.service.accountinfoServiceImpl.getAcountsByCustId() with arguments=[accountinfo [accno=202200051, custid=202200005, branch_name=Bengaluru, ifsc=NATW000123, savingsamount=3128.0], accountinfo [accno=202200053, custid=202200005, branch_name=Bengaluru, ifsc=NATW000123, savingsamount=150000.0]]
2022-10-13 18:44:23 [http-nio-8082-exec-8] INFO  com.capstone.aspect.LoggerAspect - *************************************
2022-10-13 18:44:23 [http-nio-8082-exec-8] INFO  com.capstone.aspect.LoggerAspect - During: class com.capstone.controller.accountinfoController.getsavingsAccount() with arguments=[accountinfo [accno=202200051, custid=202200005, branch_name=Bengaluru, ifsc=NATW000123, savingsamount=3128.0], accountinfo [accno=202200053, custid=202200005, branch_name=Bengaluru, ifsc=NATW000123, savingsamount=150000.0]]
2022-10-13 18:44:23 [http-nio-8082-exec-8] INFO  com.capstone.aspect.LoggerAspect - *************************************
2022-10-13 18:44:25 [http-nio-8082-exec-5] INFO  com.capstone.aspect.LoggerAspect - Method name: com.capstone.controller.accountinfoController
2022-10-13 18:44:25 [http-nio-8082-exec-5] INFO  com.capstone.aspect.LoggerAspect - Method arguments:[Ljava.lang.Object;@2f6729a5
2022-10-13 18:44:25 [http-nio-8082-exec-5] INFO  com.capstone.aspect.LoggerAspect - *************************************
2022-10-13 18:44:25 [http-nio-8082-exec-5] INFO  com.capstone.aspect.LoggerAspect - Method name: com.capstone.service.accountinfoServiceImpl
2022-10-13 18:44:25 [http-nio-8082-exec-5] INFO  com.capstone.aspect.LoggerAspect - Method arguments:[Ljava.lang.Object;@c978e0a
2022-10-13 18:44:25 [http-nio-8082-exec-5] INFO  com.capstone.aspect.LoggerAspect - *************************************
2022-10-13 18:44:25 [http-nio-8082-exec-5] INFO  com.capstone.aspect.LoggerAspect - During: class com.capstone.service.accountinfoServiceImpl.getAcountsByCustId() with arguments=[accountinfo [accno=202200051, custid=202200005, branch_name=Bengaluru, ifsc=NATW000123, savingsamount=3128.0], accountinfo [accno=202200053, custid=202200005, branch_name=Bengaluru, ifsc=NATW000123, savingsamount=150000.0]]
2022-10-13 18:44:25 [http-nio-8082-exec-5] INFO  com.capstone.aspect.LoggerAspect - *************************************
2022-10-13 18:44:25 [http-nio-8082-exec-5] INFO  com.capstone.aspect.LoggerAspect - During: class com.capstone.controller.accountinfoController.getsavingsAccount() with arguments=[accountinfo [accno=202200051, custid=202200005, branch_name=Bengaluru, ifsc=NATW000123, savingsamount=3128.0], accountinfo [accno=202200053, custid=202200005, branch_name=Bengaluru, ifsc=NATW000123, savingsamount=150000.0]]
2022-10-13 18:44:25 [http-nio-8082-exec-5] INFO  com.capstone.aspect.LoggerAspect - *************************************
2022-10-13 18:44:37 [http-nio-8082-exec-2] INFO  com.capstone.aspect.LoggerAspect - Method name: com.capstone.controller.accountinfoController
2022-10-13 18:44:37 [http-nio-8082-exec-2] INFO  com.capstone.aspect.LoggerAspect - Method arguments:[Ljava.lang.Object;@1079e57f
2022-10-13 18:44:37 [http-nio-8082-exec-2] INFO  com.capstone.aspect.LoggerAspect - *************************************
2022-10-13 18:44:37 [http-nio-8082-exec-2] INFO  com.capstone.aspect.LoggerAspect - Method name: com.capstone.service.accountinfoServiceImpl
2022-10-13 18:44:37 [http-nio-8082-exec-2] INFO  com.capstone.aspect.LoggerAspect - Method arguments:[Ljava.lang.Object;@2bfd1709
2022-10-13 18:44:37 [http-nio-8082-exec-2] INFO  com.capstone.aspect.LoggerAspect - *************************************
2022-10-13 18:44:37 [http-nio-8082-exec-2] INFO  com.capstone.aspect.LoggerAspect - During: class com.capstone.service.accountinfoServiceImpl.getAcountsByCustId() with arguments=[accountinfo [accno=202200051, custid=202200005, branch_name=Bengaluru, ifsc=NATW000123, savingsamount=3128.0], accountinfo [accno=202200053, custid=202200005, branch_name=Bengaluru, ifsc=NATW000123, savingsamount=150000.0]]
2022-10-13 18:44:37 [http-nio-8082-exec-2] INFO  com.capstone.aspect.LoggerAspect - *************************************
2022-10-13 18:44:37 [http-nio-8082-exec-2] INFO  com.capstone.aspect.LoggerAspect - During: class com.capstone.controller.accountinfoController.getsavingsAccount() with arguments=[accountinfo [accno=202200051, custid=202200005, branch_name=Bengaluru, ifsc=NATW000123, savingsamount=3128.0], accountinfo [accno=202200053, custid=202200005, branch_name=Bengaluru, ifsc=NATW000123, savingsamount=150000.0]]
2022-10-13 18:44:37 [http-nio-8082-exec-2] INFO  com.capstone.aspect.LoggerAspect - *************************************
2022-10-13 18:44:52 [http-nio-8082-exec-6] INFO  com.capstone.aspect.LoggerAspect - Method name: com.capstone.controller.accountinfoController
2022-10-13 18:44:52 [http-nio-8082-exec-6] INFO  com.capstone.aspect.LoggerAspect - Method arguments:[Ljava.lang.Object;@362b00e5
2022-10-13 18:44:52 [http-nio-8082-exec-6] INFO  com.capstone.aspect.LoggerAspect - *************************************
2022-10-13 18:44:52 [http-nio-8082-exec-6] INFO  com.capstone.aspect.LoggerAspect - Method name: com.capstone.service.accountinfoServiceImpl
2022-10-13 18:44:52 [http-nio-8082-exec-6] INFO  com.capstone.aspect.LoggerAspect - Method arguments:[Ljava.lang.Object;@7dbeb0b2
2022-10-13 18:44:52 [http-nio-8082-exec-6] INFO  com.capstone.aspect.LoggerAspect - *************************************
2022-10-13 18:44:52 [http-nio-8082-exec-6] INFO  com.capstone.aspect.LoggerAspect - During: class com.capstone.service.accountinfoServiceImpl.getAcountsByCustId() with arguments=[accountinfo [accno=202200051, custid=202200005, branch_name=Bengaluru, ifsc=NATW000123, savingsamount=3128.0], accountinfo [accno=202200053, custid=202200005, branch_name=Bengaluru, ifsc=NATW000123, savingsamount=150000.0]]
2022-10-13 18:44:52 [http-nio-8082-exec-6] INFO  com.capstone.aspect.LoggerAspect - *************************************
2022-10-13 18:44:52 [http-nio-8082-exec-6] INFO  com.capstone.aspect.LoggerAspect - During: class com.capstone.controller.accountinfoController.getsavingsAccount() with arguments=[accountinfo [accno=202200051, custid=202200005, branch_name=Bengaluru, ifsc=NATW000123, savingsamount=3128.0], accountinfo [accno=202200053, custid=202200005, branch_name=Bengaluru, ifsc=NATW000123, savingsamount=150000.0]]
2022-10-13 18:44:52 [http-nio-8082-exec-6] INFO  com.capstone.aspect.LoggerAspect - *************************************
2022-10-13 18:44:55 [http-nio-8082-exec-7] INFO  com.capstone.aspect.LoggerAspect - Method name: com.capstone.controller.accountinfoController
2022-10-13 18:44:55 [http-nio-8082-exec-7] INFO  com.capstone.aspect.LoggerAspect - Method arguments:[Ljava.lang.Object;@363fa60e
2022-10-13 18:44:55 [http-nio-8082-exec-7] INFO  com.capstone.aspect.LoggerAspect - *************************************
2022-10-13 18:44:55 [http-nio-8082-exec-7] INFO  com.capstone.aspect.LoggerAspect - Method name: com.capstone.service.accountinfoServiceImpl
2022-10-13 18:44:55 [http-nio-8082-exec-7] INFO  com.capstone.aspect.LoggerAspect - Method arguments:[Ljava.lang.Object;@27b7fd4d
2022-10-13 18:44:55 [http-nio-8082-exec-7] INFO  com.capstone.aspect.LoggerAspect - *************************************
2022-10-13 18:44:55 [http-nio-8082-exec-7] INFO  com.capstone.aspect.LoggerAspect - During: class com.capstone.service.accountinfoServiceImpl.getAcountsByCustId() with arguments=[accountinfo [accno=202200051, custid=202200005, branch_name=Bengaluru, ifsc=NATW000123, savingsamount=3128.0], accountinfo [accno=202200053, custid=202200005, branch_name=Bengaluru, ifsc=NATW000123, savingsamount=150000.0]]
2022-10-13 18:44:55 [http-nio-8082-exec-7] INFO  com.capstone.aspect.LoggerAspect - *************************************
2022-10-13 18:44:55 [http-nio-8082-exec-7] INFO  com.capstone.aspect.LoggerAspect - During: class com.capstone.controller.accountinfoController.getsavingsAccount() with arguments=[accountinfo [accno=202200051, custid=202200005, branch_name=Bengaluru, ifsc=NATW000123, savingsamount=3128.0], accountinfo [accno=202200053, custid=202200005, branch_name=Bengaluru, ifsc=NATW000123, savingsamount=150000.0]]
2022-10-13 18:44:55 [http-nio-8082-exec-7] INFO  com.capstone.aspect.LoggerAspect - *************************************
2022-10-13 18:45:28 [http-nio-8082-exec-10] INFO  com.capstone.aspect.LoggerAspect - Method name: com.capstone.controller.accountinfoController
2022-10-13 18:45:28 [http-nio-8082-exec-10] INFO  com.capstone.aspect.LoggerAspect - Method arguments:[Ljava.lang.Object;@20a491b5
2022-10-13 18:45:28 [http-nio-8082-exec-10] INFO  com.capstone.aspect.LoggerAspect - *************************************
2022-10-13 18:45:28 [http-nio-8082-exec-10] INFO  com.capstone.aspect.LoggerAspect - Method name: com.capstone.service.accountinfoServiceImpl
2022-10-13 18:45:28 [http-nio-8082-exec-10] INFO  com.capstone.aspect.LoggerAspect - Method arguments:[Ljava.lang.Object;@6d8a382
2022-10-13 18:45:28 [http-nio-8082-exec-10] INFO  com.capstone.aspect.LoggerAspect - *************************************
2022-10-13 18:45:28 [http-nio-8082-exec-10] INFO  com.capstone.aspect.LoggerAspect - During: class com.capstone.service.accountinfoServiceImpl.getAcountsByCustId() with arguments=[accountinfo [accno=202200051, custid=202200005, branch_name=Bengaluru, ifsc=NATW000123, savingsamount=3128.0], accountinfo [accno=202200053, custid=202200005, branch_name=Bengaluru, ifsc=NATW000123, savingsamount=150000.0]]
2022-10-13 18:45:28 [http-nio-8082-exec-10] INFO  com.capstone.aspect.LoggerAspect - *************************************
2022-10-13 18:45:28 [http-nio-8082-exec-10] INFO  com.capstone.aspect.LoggerAspect - During: class com.capstone.controller.accountinfoController.getsavingsAccount() with arguments=[accountinfo [accno=202200051, custid=202200005, branch_name=Bengaluru, ifsc=NATW000123, savingsamount=3128.0], accountinfo [accno=202200053, custid=202200005, branch_name=Bengaluru, ifsc=NATW000123, savingsamount=150000.0]]
2022-10-13 18:45:28 [http-nio-8082-exec-10] INFO  com.capstone.aspect.LoggerAspect - *************************************
2022-10-13 18:45:30 [http-nio-8082-exec-1] INFO  com.capstone.aspect.LoggerAspect - Method name: com.capstone.controller.accountinfoController
2022-10-13 18:45:30 [http-nio-8082-exec-1] INFO  com.capstone.aspect.LoggerAspect - Method arguments:[Ljava.lang.Object;@5f87de64
2022-10-13 18:45:30 [http-nio-8082-exec-1] INFO  com.capstone.aspect.LoggerAspect - *************************************
2022-10-13 18:45:30 [http-nio-8082-exec-1] INFO  com.capstone.aspect.LoggerAspect - Method name: com.capstone.service.accountinfoServiceImpl
2022-10-13 18:45:30 [http-nio-8082-exec-1] INFO  com.capstone.aspect.LoggerAspect - Method arguments:[Ljava.lang.Object;@619b25ff
2022-10-13 18:45:30 [http-nio-8082-exec-1] INFO  com.capstone.aspect.LoggerAspect - *************************************
2022-10-13 18:45:30 [http-nio-8082-exec-1] INFO  com.capstone.aspect.LoggerAspect - During: class com.capstone.service.accountinfoServiceImpl.getAcountsByCustId() with arguments=[accountinfo [accno=202200051, custid=202200005, branch_name=Bengaluru, ifsc=NATW000123, savingsamount=3128.0], accountinfo [accno=202200053, custid=202200005, branch_name=Bengaluru, ifsc=NATW000123, savingsamount=150000.0]]
2022-10-13 18:45:30 [http-nio-8082-exec-1] INFO  com.capstone.aspect.LoggerAspect - *************************************
2022-10-13 18:45:30 [http-nio-8082-exec-1] INFO  com.capstone.aspect.LoggerAspect - During: class com.capstone.controller.accountinfoController.getsavingsAccount() with arguments=[accountinfo [accno=202200051, custid=202200005, branch_name=Bengaluru, ifsc=NATW000123, savingsamount=3128.0], accountinfo [accno=202200053, custid=202200005, branch_name=Bengaluru, ifsc=NATW000123, savingsamount=150000.0]]
2022-10-13 18:45:30 [http-nio-8082-exec-1] INFO  com.capstone.aspect.LoggerAspect - *************************************
2022-10-13 18:45:35 [http-nio-8082-exec-4] INFO  com.capstone.aspect.LoggerAspect - Method name: com.capstone.controller.accountinfoController
2022-10-13 18:45:35 [http-nio-8082-exec-4] INFO  com.capstone.aspect.LoggerAspect - Method arguments:[Ljava.lang.Object;@3d66e959
2022-10-13 18:45:35 [http-nio-8082-exec-4] INFO  com.capstone.aspect.LoggerAspect - *************************************
2022-10-13 18:45:35 [http-nio-8082-exec-4] INFO  com.capstone.aspect.LoggerAspect - Method name: com.capstone.service.accountinfoServiceImpl
2022-10-13 18:45:35 [http-nio-8082-exec-4] INFO  com.capstone.aspect.LoggerAspect - Method arguments:[Ljava.lang.Object;@5206fb61
2022-10-13 18:45:35 [http-nio-8082-exec-4] INFO  com.capstone.aspect.LoggerAspect - *************************************
2022-10-13 18:45:35 [http-nio-8082-exec-4] INFO  com.capstone.aspect.LoggerAspect - During: class com.capstone.service.accountinfoServiceImpl.getAcountsByCustId() with arguments=[accountinfo [accno=202200051, custid=202200005, branch_name=Bengaluru, ifsc=NATW000123, savingsamount=3128.0], accountinfo [accno=202200053, custid=202200005, branch_name=Bengaluru, ifsc=NATW000123, savingsamount=150000.0]]
2022-10-13 18:45:35 [http-nio-8082-exec-4] INFO  com.capstone.aspect.LoggerAspect - *************************************
2022-10-13 18:45:35 [http-nio-8082-exec-4] INFO  com.capstone.aspect.LoggerAspect - During: class com.capstone.controller.accountinfoController.getsavingsAccount() with arguments=[accountinfo [accno=202200051, custid=202200005, branch_name=Bengaluru, ifsc=NATW000123, savingsamount=3128.0], accountinfo [accno=202200053, custid=202200005, branch_name=Bengaluru, ifsc=NATW000123, savingsamount=150000.0]]
2022-10-13 18:45:35 [http-nio-8082-exec-4] INFO  com.capstone.aspect.LoggerAspect - *************************************
2022-10-13 18:45:59 [AsyncResolver-bootstrap-executor-0] INFO  c.n.d.s.r.aws.ConfigClusterResolver - Resolving eureka endpoints via configuration
2022-10-13 18:46:25 [http-nio-8082-exec-8] INFO  com.capstone.aspect.LoggerAspect - Method name: com.capstone.controller.accountinfoController
2022-10-13 18:46:25 [http-nio-8082-exec-8] INFO  com.capstone.aspect.LoggerAspect - Method arguments:[Ljava.lang.Object;@676baffa
2022-10-13 18:46:25 [http-nio-8082-exec-8] INFO  com.capstone.aspect.LoggerAspect - *************************************
2022-10-13 18:46:25 [http-nio-8082-exec-8] INFO  com.capstone.aspect.LoggerAspect - Method name: com.capstone.service.accountinfoServiceImpl
2022-10-13 18:46:25 [http-nio-8082-exec-8] INFO  com.capstone.aspect.LoggerAspect - Method arguments:[Ljava.lang.Object;@3dafa449
2022-10-13 18:46:25 [http-nio-8082-exec-8] INFO  com.capstone.aspect.LoggerAspect - *************************************
2022-10-13 18:46:26 [http-nio-8082-exec-8] INFO  com.capstone.aspect.LoggerAspect - During: class com.capstone.service.accountinfoServiceImpl.getAcountsByCustId() with arguments=[accountinfo [accno=202200051, custid=202200005, branch_name=Bengaluru, ifsc=NATW000123, savingsamount=3128.0], accountinfo [accno=202200053, custid=202200005, branch_name=Bengaluru, ifsc=NATW000123, savingsamount=150000.0]]
2022-10-13 18:46:26 [http-nio-8082-exec-8] INFO  com.capstone.aspect.LoggerAspect - *************************************
2022-10-13 18:46:26 [http-nio-8082-exec-8] INFO  com.capstone.aspect.LoggerAspect - During: class com.capstone.controller.accountinfoController.getsavingsAccount() with arguments=[accountinfo [accno=202200051, custid=202200005, branch_name=Bengaluru, ifsc=NATW000123, savingsamount=3128.0], accountinfo [accno=202200053, custid=202200005, branch_name=Bengaluru, ifsc=NATW000123, savingsamount=150000.0]]
2022-10-13 18:46:26 [http-nio-8082-exec-8] INFO  com.capstone.aspect.LoggerAspect - *************************************
2022-10-13 18:46:29 [http-nio-8082-exec-5] INFO  com.capstone.aspect.LoggerAspect - Method name: com.capstone.controller.accountinfoController
2022-10-13 18:46:29 [http-nio-8082-exec-5] INFO  com.capstone.aspect.LoggerAspect - Method arguments:[Ljava.lang.Object;@61a1529d
2022-10-13 18:46:29 [http-nio-8082-exec-5] INFO  com.capstone.aspect.LoggerAspect - *************************************
2022-10-13 18:46:29 [http-nio-8082-exec-5] INFO  com.capstone.aspect.LoggerAspect - Method name: com.capstone.service.accountinfoServiceImpl
2022-10-13 18:46:29 [http-nio-8082-exec-5] INFO  com.capstone.aspect.LoggerAspect - Method arguments:[Ljava.lang.Object;@2e585216
2022-10-13 18:46:29 [http-nio-8082-exec-5] INFO  com.capstone.aspect.LoggerAspect - *************************************
2022-10-13 18:46:29 [http-nio-8082-exec-5] INFO  com.capstone.aspect.LoggerAspect - During: class com.capstone.service.accountinfoServiceImpl.getAcountsByCustId() with arguments=[accountinfo [accno=202200051, custid=202200005, branch_name=Bengaluru, ifsc=NATW000123, savingsamount=3128.0], accountinfo [accno=202200053, custid=202200005, branch_name=Bengaluru, ifsc=NATW000123, savingsamount=150000.0]]
2022-10-13 18:46:29 [http-nio-8082-exec-5] INFO  com.capstone.aspect.LoggerAspect - *************************************
2022-10-13 18:46:29 [http-nio-8082-exec-5] INFO  com.capstone.aspect.LoggerAspect - During: class com.capstone.controller.accountinfoController.getsavingsAccount() with arguments=[accountinfo [accno=202200051, custid=202200005, branch_name=Bengaluru, ifsc=NATW000123, savingsamount=3128.0], accountinfo [accno=202200053, custid=202200005, branch_name=Bengaluru, ifsc=NATW000123, savingsamount=150000.0]]
2022-10-13 18:46:29 [http-nio-8082-exec-5] INFO  com.capstone.aspect.LoggerAspect - *************************************
2022-10-13 18:46:48 [http-nio-8082-exec-9] INFO  com.capstone.aspect.LoggerAspect - Method name: com.capstone.controller.accountinfoController
2022-10-13 18:46:48 [http-nio-8082-exec-9] INFO  com.capstone.aspect.LoggerAspect - Method arguments:[Ljava.lang.Object;@5ea657cd
2022-10-13 18:46:48 [http-nio-8082-exec-9] INFO  com.capstone.aspect.LoggerAspect - *************************************
2022-10-13 18:46:48 [http-nio-8082-exec-9] INFO  com.capstone.aspect.LoggerAspect - Method name: com.capstone.service.accountinfoServiceImpl
2022-10-13 18:46:48 [http-nio-8082-exec-9] INFO  com.capstone.aspect.LoggerAspect - Method arguments:[Ljava.lang.Object;@44f94ebc
2022-10-13 18:46:48 [http-nio-8082-exec-9] INFO  com.capstone.aspect.LoggerAspect - *************************************
2022-10-13 18:46:48 [http-nio-8082-exec-9] INFO  com.capstone.aspect.LoggerAspect - During: class com.capstone.service.accountinfoServiceImpl.getAcountsByCustId() with arguments=[accountinfo [accno=202200051, custid=202200005, branch_name=Bengaluru, ifsc=NATW000123, savingsamount=3128.0], accountinfo [accno=202200053, custid=202200005, branch_name=Bengaluru, ifsc=NATW000123, savingsamount=150000.0]]
2022-10-13 18:46:48 [http-nio-8082-exec-9] INFO  com.capstone.aspect.LoggerAspect - *************************************
2022-10-13 18:46:48 [http-nio-8082-exec-9] INFO  com.capstone.aspect.LoggerAspect - During: class com.capstone.controller.accountinfoController.getsavingsAccount() with arguments=[accountinfo [accno=202200051, custid=202200005, branch_name=Bengaluru, ifsc=NATW000123, savingsamount=3128.0], accountinfo [accno=202200053, custid=202200005, branch_name=Bengaluru, ifsc=NATW000123, savingsamount=150000.0]]
2022-10-13 18:46:48 [http-nio-8082-exec-9] INFO  com.capstone.aspect.LoggerAspect - *************************************
2022-10-13 18:46:55 [http-nio-8082-exec-2] INFO  com.capstone.aspect.LoggerAspect - Method name: com.capstone.controller.accountinfoController
2022-10-13 18:46:55 [http-nio-8082-exec-2] INFO  com.capstone.aspect.LoggerAspect - Method arguments:[Ljava.lang.Object;@5369d0fd
2022-10-13 18:46:55 [http-nio-8082-exec-2] INFO  com.capstone.aspect.LoggerAspect - *************************************
2022-10-13 18:46:55 [http-nio-8082-exec-2] INFO  com.capstone.aspect.LoggerAspect - Method name: com.capstone.service.accountinfoServiceImpl
2022-10-13 18:46:55 [http-nio-8082-exec-2] INFO  com.capstone.aspect.LoggerAspect - Method arguments:[Ljava.lang.Object;@68783009
2022-10-13 18:46:55 [http-nio-8082-exec-2] INFO  com.capstone.aspect.LoggerAspect - *************************************
2022-10-13 18:46:55 [http-nio-8082-exec-2] INFO  com.capstone.aspect.LoggerAspect - During: class com.capstone.service.accountinfoServiceImpl.getAcountsByCustId() with arguments=[accountinfo [accno=202200051, custid=202200005, branch_name=Bengaluru, ifsc=NATW000123, savingsamount=3128.0], accountinfo [accno=202200053, custid=202200005, branch_name=Bengaluru, ifsc=NATW000123, savingsamount=150000.0]]
2022-10-13 18:46:55 [http-nio-8082-exec-2] INFO  com.capstone.aspect.LoggerAspect - *************************************
2022-10-13 18:46:55 [http-nio-8082-exec-2] INFO  com.capstone.aspect.LoggerAspect - During: class com.capstone.controller.accountinfoController.getsavingsAccount() with arguments=[accountinfo [accno=202200051, custid=202200005, branch_name=Bengaluru, ifsc=NATW000123, savingsamount=3128.0], accountinfo [accno=202200053, custid=202200005, branch_name=Bengaluru, ifsc=NATW000123, savingsamount=150000.0]]
2022-10-13 18:46:55 [http-nio-8082-exec-2] INFO  com.capstone.aspect.LoggerAspect - *************************************
2022-10-13 18:46:58 [http-nio-8082-exec-3] INFO  com.capstone.aspect.LoggerAspect - Method name: com.capstone.controller.accountinfoController
2022-10-13 18:46:58 [http-nio-8082-exec-3] INFO  com.capstone.aspect.LoggerAspect - Method arguments:[Ljava.lang.Object;@590b18cc
2022-10-13 18:46:58 [http-nio-8082-exec-3] INFO  com.capstone.aspect.LoggerAspect - *************************************
2022-10-13 18:46:58 [http-nio-8082-exec-3] INFO  com.capstone.aspect.LoggerAspect - Method name: com.capstone.service.accountinfoServiceImpl
2022-10-13 18:46:58 [http-nio-8082-exec-3] INFO  com.capstone.aspect.LoggerAspect - Method arguments:[Ljava.lang.Object;@43c37cc6
2022-10-13 18:46:58 [http-nio-8082-exec-3] INFO  com.capstone.aspect.LoggerAspect - *************************************
2022-10-13 18:46:58 [http-nio-8082-exec-3] INFO  com.capstone.aspect.LoggerAspect - During: class com.capstone.service.accountinfoServiceImpl.getAcountsByCustId() with arguments=[accountinfo [accno=202200051, custid=202200005, branch_name=Bengaluru, ifsc=NATW000123, savingsamount=3128.0], accountinfo [accno=202200053, custid=202200005, branch_name=Bengaluru, ifsc=NATW000123, savingsamount=150000.0]]
2022-10-13 18:46:58 [http-nio-8082-exec-3] INFO  com.capstone.aspect.LoggerAspect - *************************************
2022-10-13 18:46:58 [http-nio-8082-exec-3] INFO  com.capstone.aspect.LoggerAspect - During: class com.capstone.controller.accountinfoController.getsavingsAccount() with arguments=[accountinfo [accno=202200051, custid=202200005, branch_name=Bengaluru, ifsc=NATW000123, savingsamount=3128.0], accountinfo [accno=202200053, custid=202200005, branch_name=Bengaluru, ifsc=NATW000123, savingsamount=150000.0]]
2022-10-13 18:46:58 [http-nio-8082-exec-3] INFO  com.capstone.aspect.LoggerAspect - *************************************
2022-10-13 18:47:14 [http-nio-8082-exec-6] INFO  com.capstone.aspect.LoggerAspect - Method name: com.capstone.controller.accountinfoController
2022-10-13 18:47:14 [http-nio-8082-exec-6] INFO  com.capstone.aspect.LoggerAspect - Method arguments:[Ljava.lang.Object;@50aff365
2022-10-13 18:47:14 [http-nio-8082-exec-6] INFO  com.capstone.aspect.LoggerAspect - *************************************
2022-10-13 18:47:14 [http-nio-8082-exec-6] INFO  com.capstone.aspect.LoggerAspect - Method name: com.capstone.service.accountinfoServiceImpl
2022-10-13 18:47:14 [http-nio-8082-exec-6] INFO  com.capstone.aspect.LoggerAspect - Method arguments:[Ljava.lang.Object;@5fbea13d
2022-10-13 18:47:14 [http-nio-8082-exec-6] INFO  com.capstone.aspect.LoggerAspect - *************************************
2022-10-13 18:47:14 [http-nio-8082-exec-6] INFO  com.capstone.aspect.LoggerAspect - During: class com.capstone.service.accountinfoServiceImpl.getAcountsByCustId() with arguments=[accountinfo [accno=202200051, custid=202200005, branch_name=Bengaluru, ifsc=NATW000123, savingsamount=3128.0], accountinfo [accno=202200053, custid=202200005, branch_name=Bengaluru, ifsc=NATW000123, savingsamount=150000.0]]
2022-10-13 18:47:14 [http-nio-8082-exec-6] INFO  com.capstone.aspect.LoggerAspect - *************************************
2022-10-13 18:47:14 [http-nio-8082-exec-6] INFO  com.capstone.aspect.LoggerAspect - During: class com.capstone.controller.accountinfoController.getsavingsAccount() with arguments=[accountinfo [accno=202200051, custid=202200005, branch_name=Bengaluru, ifsc=NATW000123, savingsamount=3128.0], accountinfo [accno=202200053, custid=202200005, branch_name=Bengaluru, ifsc=NATW000123, savingsamount=150000.0]]
2022-10-13 18:47:14 [http-nio-8082-exec-6] INFO  com.capstone.aspect.LoggerAspect - *************************************
2022-10-13 18:47:28 [http-nio-8082-exec-7] INFO  com.capstone.aspect.LoggerAspect - Method name: com.capstone.controller.accountinfoController
2022-10-13 18:47:28 [http-nio-8082-exec-7] INFO  com.capstone.aspect.LoggerAspect - Method arguments:[Ljava.lang.Object;@3bd28465
2022-10-13 18:47:28 [http-nio-8082-exec-7] INFO  com.capstone.aspect.LoggerAspect - *************************************
2022-10-13 18:47:28 [http-nio-8082-exec-7] INFO  com.capstone.aspect.LoggerAspect - Method name: com.capstone.service.accountinfoServiceImpl
2022-10-13 18:47:28 [http-nio-8082-exec-7] INFO  com.capstone.aspect.LoggerAspect - Method arguments:[Ljava.lang.Object;@787d21ea
2022-10-13 18:47:28 [http-nio-8082-exec-7] INFO  com.capstone.aspect.LoggerAspect - *************************************
2022-10-13 18:47:28 [http-nio-8082-exec-7] INFO  com.capstone.aspect.LoggerAspect - During: class com.capstone.service.accountinfoServiceImpl.getAcountsByCustId() with arguments=[accountinfo [accno=202200011, custid=202200001, branch_name=Bengaluru, ifsc=NATW000123, savingsamount=600000.0], accountinfo [accno=202200012, custid=202200001, branch_name=Bengaluru, ifsc=NATW000123, savingsamount=50000.0]]
2022-10-13 18:47:28 [http-nio-8082-exec-7] INFO  com.capstone.aspect.LoggerAspect - *************************************
2022-10-13 18:47:28 [http-nio-8082-exec-7] INFO  com.capstone.aspect.LoggerAspect - During: class com.capstone.controller.accountinfoController.getsavingsAccount() with arguments=[accountinfo [accno=202200011, custid=202200001, branch_name=Bengaluru, ifsc=NATW000123, savingsamount=600000.0], accountinfo [accno=202200012, custid=202200001, branch_name=Bengaluru, ifsc=NATW000123, savingsamount=50000.0]]
2022-10-13 18:47:28 [http-nio-8082-exec-7] INFO  com.capstone.aspect.LoggerAspect - *************************************
2022-10-13 18:47:32 [http-nio-8082-exec-10] INFO  com.capstone.aspect.LoggerAspect - Method name: com.capstone.controller.accountinfoController
2022-10-13 18:47:32 [http-nio-8082-exec-10] INFO  com.capstone.aspect.LoggerAspect - Method arguments:[Ljava.lang.Object;@56f3b80a
2022-10-13 18:47:32 [http-nio-8082-exec-10] INFO  com.capstone.aspect.LoggerAspect - *************************************
2022-10-13 18:47:32 [http-nio-8082-exec-10] INFO  com.capstone.aspect.LoggerAspect - Method name: com.capstone.service.accountinfoServiceImpl
2022-10-13 18:47:32 [http-nio-8082-exec-10] INFO  com.capstone.aspect.LoggerAspect - Method arguments:[Ljava.lang.Object;@636606f3
2022-10-13 18:47:32 [http-nio-8082-exec-10] INFO  com.capstone.aspect.LoggerAspect - *************************************
2022-10-13 18:47:32 [http-nio-8082-exec-10] INFO  com.capstone.aspect.LoggerAspect - During: class com.capstone.service.accountinfoServiceImpl.getAcountsByCustId() with arguments=[accountinfo [accno=202200011, custid=202200001, branch_name=Bengaluru, ifsc=NATW000123, savingsamount=600000.0], accountinfo [accno=202200012, custid=202200001, branch_name=Bengaluru, ifsc=NATW000123, savingsamount=50000.0]]
2022-10-13 18:47:32 [http-nio-8082-exec-10] INFO  com.capstone.aspect.LoggerAspect - *************************************
2022-10-13 18:47:32 [http-nio-8082-exec-10] INFO  com.capstone.aspect.LoggerAspect - During: class com.capstone.controller.accountinfoController.getsavingsAccount() with arguments=[accountinfo [accno=202200011, custid=202200001, branch_name=Bengaluru, ifsc=NATW000123, savingsamount=600000.0], accountinfo [accno=202200012, custid=202200001, branch_name=Bengaluru, ifsc=NATW000123, savingsamount=50000.0]]
2022-10-13 18:47:32 [http-nio-8082-exec-10] INFO  com.capstone.aspect.LoggerAspect - *************************************
2022-10-13 18:47:49 [http-nio-8082-exec-4] INFO  com.capstone.aspect.LoggerAspect - Method name: com.capstone.controller.accountinfoController
2022-10-13 18:47:49 [http-nio-8082-exec-4] INFO  com.capstone.aspect.LoggerAspect - Method arguments:[Ljava.lang.Object;@35412383
2022-10-13 18:47:49 [http-nio-8082-exec-4] INFO  com.capstone.aspect.LoggerAspect - *************************************
2022-10-13 18:47:49 [http-nio-8082-exec-4] INFO  com.capstone.aspect.LoggerAspect - Method name: com.capstone.service.accountinfoServiceImpl
2022-10-13 18:47:49 [http-nio-8082-exec-4] INFO  com.capstone.aspect.LoggerAspect - Method arguments:[Ljava.lang.Object;@74f2734c
2022-10-13 18:47:49 [http-nio-8082-exec-4] INFO  com.capstone.aspect.LoggerAspect - *************************************
2022-10-13 18:47:49 [http-nio-8082-exec-4] INFO  com.capstone.aspect.LoggerAspect - During: class com.capstone.service.accountinfoServiceImpl.getAcountsByCustId() with arguments=[accountinfo [accno=202200011, custid=202200001, branch_name=Bengaluru, ifsc=NATW000123, savingsamount=600000.0], accountinfo [accno=202200012, custid=202200001, branch_name=Bengaluru, ifsc=NATW000123, savingsamount=50000.0]]
2022-10-13 18:47:49 [http-nio-8082-exec-4] INFO  com.capstone.aspect.LoggerAspect - *************************************
2022-10-13 18:47:49 [http-nio-8082-exec-4] INFO  com.capstone.aspect.LoggerAspect - During: class com.capstone.controller.accountinfoController.getsavingsAccount() with arguments=[accountinfo [accno=202200011, custid=202200001, branch_name=Bengaluru, ifsc=NATW000123, savingsamount=600000.0], accountinfo [accno=202200012, custid=202200001, branch_name=Bengaluru, ifsc=NATW000123, savingsamount=50000.0]]
2022-10-13 18:47:49 [http-nio-8082-exec-4] INFO  com.capstone.aspect.LoggerAspect - *************************************
2022-10-13 18:50:59 [AsyncResolver-bootstrap-executor-0] INFO  c.n.d.s.r.aws.ConfigClusterResolver - Resolving eureka endpoints via configuration
2022-10-13 18:52:55 [http-nio-8082-exec-5] INFO  com.capstone.aspect.LoggerAspect - Method name: com.capstone.controller.accountinfoController
2022-10-13 18:52:55 [http-nio-8082-exec-5] INFO  com.capstone.aspect.LoggerAspect - Method arguments:[Ljava.lang.Object;@7d2ed3c
2022-10-13 18:52:55 [http-nio-8082-exec-5] INFO  com.capstone.aspect.LoggerAspect - *************************************
2022-10-13 18:52:55 [http-nio-8082-exec-5] INFO  com.capstone.aspect.LoggerAspect - Method name: com.capstone.service.accountinfoServiceImpl
2022-10-13 18:52:55 [http-nio-8082-exec-5] INFO  com.capstone.aspect.LoggerAspect - Method arguments:[Ljava.lang.Object;@fd398b2
2022-10-13 18:52:55 [http-nio-8082-exec-5] INFO  com.capstone.aspect.LoggerAspect - *************************************
2022-10-13 18:52:55 [http-nio-8082-exec-5] INFO  com.capstone.aspect.LoggerAspect - During: class com.capstone.service.accountinfoServiceImpl.getAcountsByCustId() with arguments=[accountinfo [accno=202200011, custid=202200001, branch_name=Bengaluru, ifsc=NATW000123, savingsamount=600000.0], accountinfo [accno=202200012, custid=202200001, branch_name=Bengaluru, ifsc=NATW000123, savingsamount=50000.0]]
2022-10-13 18:52:55 [http-nio-8082-exec-5] INFO  com.capstone.aspect.LoggerAspect - *************************************
2022-10-13 18:52:55 [http-nio-8082-exec-5] INFO  com.capstone.aspect.LoggerAspect - During: class com.capstone.controller.accountinfoController.getsavingsAccount() with arguments=[accountinfo [accno=202200011, custid=202200001, branch_name=Bengaluru, ifsc=NATW000123, savingsamount=600000.0], accountinfo [accno=202200012, custid=202200001, branch_name=Bengaluru, ifsc=NATW000123, savingsamount=50000.0]]
2022-10-13 18:52:55 [http-nio-8082-exec-5] INFO  com.capstone.aspect.LoggerAspect - *************************************
2022-10-13 18:55:56 [http-nio-8082-exec-2] INFO  com.capstone.aspect.LoggerAspect - Method name: com.capstone.controller.accountinfoController
2022-10-13 18:55:56 [http-nio-8082-exec-2] INFO  com.capstone.aspect.LoggerAspect - Method arguments:[Ljava.lang.Object;@504ad3a6
2022-10-13 18:55:56 [http-nio-8082-exec-2] INFO  com.capstone.aspect.LoggerAspect - *************************************
2022-10-13 18:55:56 [http-nio-8082-exec-2] INFO  com.capstone.aspect.LoggerAspect - Method name: com.capstone.service.accountinfoServiceImpl
2022-10-13 18:55:56 [http-nio-8082-exec-2] INFO  com.capstone.aspect.LoggerAspect - Method arguments:[Ljava.lang.Object;@3939ff9a
2022-10-13 18:55:56 [http-nio-8082-exec-2] INFO  com.capstone.aspect.LoggerAspect - *************************************
2022-10-13 18:55:56 [http-nio-8082-exec-2] INFO  com.capstone.aspect.LoggerAspect - During: class com.capstone.service.accountinfoServiceImpl.getAcountsByCustId() with arguments=[accountinfo [accno=202200011, custid=202200001, branch_name=Bengaluru, ifsc=NATW000123, savingsamount=600000.0], accountinfo [accno=202200012, custid=202200001, branch_name=Bengaluru, ifsc=NATW000123, savingsamount=50000.0]]
2022-10-13 18:55:56 [http-nio-8082-exec-2] INFO  com.capstone.aspect.LoggerAspect - *************************************
2022-10-13 18:55:56 [http-nio-8082-exec-2] INFO  com.capstone.aspect.LoggerAspect - During: class com.capstone.controller.accountinfoController.getsavingsAccount() with arguments=[accountinfo [accno=202200011, custid=202200001, branch_name=Bengaluru, ifsc=NATW000123, savingsamount=600000.0], accountinfo [accno=202200012, custid=202200001, branch_name=Bengaluru, ifsc=NATW000123, savingsamount=50000.0]]
2022-10-13 18:55:56 [http-nio-8082-exec-2] INFO  com.capstone.aspect.LoggerAspect - *************************************
2022-10-13 18:55:59 [AsyncResolver-bootstrap-executor-0] INFO  c.n.d.s.r.aws.ConfigClusterResolver - Resolving eureka endpoints via configuration
2022-10-13 18:56:44 [http-nio-8082-exec-3] INFO  com.capstone.aspect.LoggerAspect - Method name: com.capstone.controller.accountinfoController
2022-10-13 18:56:44 [http-nio-8082-exec-3] INFO  com.capstone.aspect.LoggerAspect - Method arguments:[Ljava.lang.Object;@1eecae79
2022-10-13 18:56:44 [http-nio-8082-exec-3] INFO  com.capstone.aspect.LoggerAspect - *************************************
2022-10-13 18:56:44 [http-nio-8082-exec-3] INFO  com.capstone.aspect.LoggerAspect - Method name: com.capstone.service.accountinfoServiceImpl
2022-10-13 18:56:44 [http-nio-8082-exec-3] INFO  com.capstone.aspect.LoggerAspect - Method arguments:[Ljava.lang.Object;@78c72a8b
2022-10-13 18:56:44 [http-nio-8082-exec-3] INFO  com.capstone.aspect.LoggerAspect - *************************************
2022-10-13 18:56:44 [http-nio-8082-exec-3] INFO  com.capstone.aspect.LoggerAspect - During: class com.capstone.service.accountinfoServiceImpl.getAcountsByCustId() with arguments=[accountinfo [accno=202200011, custid=202200001, branch_name=Bengaluru, ifsc=NATW000123, savingsamount=600000.0], accountinfo [accno=202200012, custid=202200001, branch_name=Bengaluru, ifsc=NATW000123, savingsamount=50000.0]]
2022-10-13 18:56:44 [http-nio-8082-exec-3] INFO  com.capstone.aspect.LoggerAspect - *************************************
2022-10-13 18:56:44 [http-nio-8082-exec-3] INFO  com.capstone.aspect.LoggerAspect - During: class com.capstone.controller.accountinfoController.getsavingsAccount() with arguments=[accountinfo [accno=202200011, custid=202200001, branch_name=Bengaluru, ifsc=NATW000123, savingsamount=600000.0], accountinfo [accno=202200012, custid=202200001, branch_name=Bengaluru, ifsc=NATW000123, savingsamount=50000.0]]
2022-10-13 18:56:44 [http-nio-8082-exec-3] INFO  com.capstone.aspect.LoggerAspect - *************************************
2022-10-13 18:57:20 [http-nio-8082-exec-7] INFO  com.capstone.aspect.LoggerAspect - Method name: com.capstone.controller.accountinfoController
2022-10-13 18:57:20 [http-nio-8082-exec-7] INFO  com.capstone.aspect.LoggerAspect - Method arguments:[Ljava.lang.Object;@1fab7a9
2022-10-13 18:57:20 [http-nio-8082-exec-7] INFO  com.capstone.aspect.LoggerAspect - *************************************
2022-10-13 18:57:20 [http-nio-8082-exec-7] INFO  com.capstone.aspect.LoggerAspect - Method name: com.capstone.service.accountinfoServiceImpl
2022-10-13 18:57:20 [http-nio-8082-exec-7] INFO  com.capstone.aspect.LoggerAspect - Method arguments:[Ljava.lang.Object;@43fdf42d
2022-10-13 18:57:20 [http-nio-8082-exec-7] INFO  com.capstone.aspect.LoggerAspect - *************************************
2022-10-13 18:57:20 [http-nio-8082-exec-7] INFO  com.capstone.aspect.LoggerAspect - During: class com.capstone.service.accountinfoServiceImpl.getAcountsByCustId() with arguments=[accountinfo [accno=202200011, custid=202200001, branch_name=Bengaluru, ifsc=NATW000123, savingsamount=600000.0], accountinfo [accno=202200012, custid=202200001, branch_name=Bengaluru, ifsc=NATW000123, savingsamount=50000.0]]
2022-10-13 18:57:20 [http-nio-8082-exec-7] INFO  com.capstone.aspect.LoggerAspect - *************************************
2022-10-13 18:57:20 [http-nio-8082-exec-7] INFO  com.capstone.aspect.LoggerAspect - During: class com.capstone.controller.accountinfoController.getsavingsAccount() with arguments=[accountinfo [accno=202200011, custid=202200001, branch_name=Bengaluru, ifsc=NATW000123, savingsamount=600000.0], accountinfo [accno=202200012, custid=202200001, branch_name=Bengaluru, ifsc=NATW000123, savingsamount=50000.0]]
2022-10-13 18:57:20 [http-nio-8082-exec-7] INFO  com.capstone.aspect.LoggerAspect - *************************************
2022-10-13 18:57:40 [http-nio-8082-exec-1] INFO  com.capstone.aspect.LoggerAspect - Method name: com.capstone.controller.accountinfoController
2022-10-13 18:57:40 [http-nio-8082-exec-1] INFO  com.capstone.aspect.LoggerAspect - Method arguments:[Ljava.lang.Object;@44ec62de
2022-10-13 18:57:40 [http-nio-8082-exec-1] INFO  com.capstone.aspect.LoggerAspect - *************************************
2022-10-13 18:57:40 [http-nio-8082-exec-1] INFO  com.capstone.aspect.LoggerAspect - Method name: com.capstone.service.accountinfoServiceImpl
2022-10-13 18:57:40 [http-nio-8082-exec-1] INFO  com.capstone.aspect.LoggerAspect - Method arguments:[Ljava.lang.Object;@5c83ae86
2022-10-13 18:57:40 [http-nio-8082-exec-1] INFO  com.capstone.aspect.LoggerAspect - *************************************
2022-10-13 18:57:40 [http-nio-8082-exec-1] INFO  com.capstone.aspect.LoggerAspect - During: class com.capstone.service.accountinfoServiceImpl.getAcountsByCustId() with arguments=[accountinfo [accno=202200011, custid=202200001, branch_name=Bengaluru, ifsc=NATW000123, savingsamount=600000.0], accountinfo [accno=202200012, custid=202200001, branch_name=Bengaluru, ifsc=NATW000123, savingsamount=50000.0]]
2022-10-13 18:57:40 [http-nio-8082-exec-1] INFO  com.capstone.aspect.LoggerAspect - *************************************
2022-10-13 18:57:40 [http-nio-8082-exec-1] INFO  com.capstone.aspect.LoggerAspect - During: class com.capstone.controller.accountinfoController.getsavingsAccount() with arguments=[accountinfo [accno=202200011, custid=202200001, branch_name=Bengaluru, ifsc=NATW000123, savingsamount=600000.0], accountinfo [accno=202200012, custid=202200001, branch_name=Bengaluru, ifsc=NATW000123, savingsamount=50000.0]]
2022-10-13 18:57:40 [http-nio-8082-exec-1] INFO  com.capstone.aspect.LoggerAspect - *************************************
2022-10-13 18:57:45 [http-nio-8082-exec-4] INFO  com.capstone.aspect.LoggerAspect - Method name: com.capstone.controller.accountinfoController
2022-10-13 18:57:45 [http-nio-8082-exec-4] INFO  com.capstone.aspect.LoggerAspect - Method arguments:[Ljava.lang.Object;@77a7d1a2
2022-10-13 18:57:45 [http-nio-8082-exec-4] INFO  com.capstone.aspect.LoggerAspect - *************************************
2022-10-13 18:57:45 [http-nio-8082-exec-4] INFO  com.capstone.aspect.LoggerAspect - Method name: com.capstone.service.accountinfoServiceImpl
2022-10-13 18:57:45 [http-nio-8082-exec-4] INFO  com.capstone.aspect.LoggerAspect - Method arguments:[Ljava.lang.Object;@125c6fc3
2022-10-13 18:57:45 [http-nio-8082-exec-4] INFO  com.capstone.aspect.LoggerAspect - *************************************
2022-10-13 18:57:45 [http-nio-8082-exec-4] INFO  com.capstone.aspect.LoggerAspect - During: class com.capstone.service.accountinfoServiceImpl.getAcountsByCustId() with arguments=[accountinfo [accno=202200011, custid=202200001, branch_name=Bengaluru, ifsc=NATW000123, savingsamount=600000.0], accountinfo [accno=202200012, custid=202200001, branch_name=Bengaluru, ifsc=NATW000123, savingsamount=50000.0]]
2022-10-13 18:57:45 [http-nio-8082-exec-4] INFO  com.capstone.aspect.LoggerAspect - *************************************
2022-10-13 18:57:45 [http-nio-8082-exec-4] INFO  com.capstone.aspect.LoggerAspect - During: class com.capstone.controller.accountinfoController.getsavingsAccount() with arguments=[accountinfo [accno=202200011, custid=202200001, branch_name=Bengaluru, ifsc=NATW000123, savingsamount=600000.0], accountinfo [accno=202200012, custid=202200001, branch_name=Bengaluru, ifsc=NATW000123, savingsamount=50000.0]]
2022-10-13 18:57:45 [http-nio-8082-exec-4] INFO  com.capstone.aspect.LoggerAspect - *************************************
2022-10-13 18:57:53 [http-nio-8082-exec-5] INFO  com.capstone.aspect.LoggerAspect - Method name: com.capstone.controller.accountinfoController
2022-10-13 18:57:53 [http-nio-8082-exec-5] INFO  com.capstone.aspect.LoggerAspect - Method arguments:[Ljava.lang.Object;@6f5a51c4
2022-10-13 18:57:53 [http-nio-8082-exec-5] INFO  com.capstone.aspect.LoggerAspect - *************************************
2022-10-13 18:57:53 [http-nio-8082-exec-5] INFO  com.capstone.aspect.LoggerAspect - Method name: com.capstone.service.accountinfoServiceImpl
2022-10-13 18:57:53 [http-nio-8082-exec-5] INFO  com.capstone.aspect.LoggerAspect - Method arguments:[Ljava.lang.Object;@3bfc2e25
2022-10-13 18:57:53 [http-nio-8082-exec-5] INFO  com.capstone.aspect.LoggerAspect - *************************************
2022-10-13 18:57:53 [http-nio-8082-exec-5] INFO  com.capstone.aspect.LoggerAspect - During: class com.capstone.service.accountinfoServiceImpl.getAcountsByCustId() with arguments=[accountinfo [accno=202200051, custid=202200005, branch_name=Bengaluru, ifsc=NATW000123, savingsamount=3128.0], accountinfo [accno=202200053, custid=202200005, branch_name=Bengaluru, ifsc=NATW000123, savingsamount=150000.0]]
2022-10-13 18:57:53 [http-nio-8082-exec-5] INFO  com.capstone.aspect.LoggerAspect - *************************************
2022-10-13 18:57:53 [http-nio-8082-exec-5] INFO  com.capstone.aspect.LoggerAspect - During: class com.capstone.controller.accountinfoController.getsavingsAccount() with arguments=[accountinfo [accno=202200051, custid=202200005, branch_name=Bengaluru, ifsc=NATW000123, savingsamount=3128.0], accountinfo [accno=202200053, custid=202200005, branch_name=Bengaluru, ifsc=NATW000123, savingsamount=150000.0]]
2022-10-13 18:57:53 [http-nio-8082-exec-5] INFO  com.capstone.aspect.LoggerAspect - *************************************
2022-10-13 18:57:57 [http-nio-8082-exec-2] INFO  com.capstone.aspect.LoggerAspect - Method name: com.capstone.controller.accountinfoController
2022-10-13 18:57:57 [http-nio-8082-exec-2] INFO  com.capstone.aspect.LoggerAspect - Method arguments:[Ljava.lang.Object;@78f40ed
2022-10-13 18:57:57 [http-nio-8082-exec-2] INFO  com.capstone.aspect.LoggerAspect - *************************************
2022-10-13 18:57:57 [http-nio-8082-exec-2] INFO  com.capstone.aspect.LoggerAspect - Method name: com.capstone.service.accountinfoServiceImpl
2022-10-13 18:57:57 [http-nio-8082-exec-2] INFO  com.capstone.aspect.LoggerAspect - Method arguments:[Ljava.lang.Object;@3ce59374
2022-10-13 18:57:57 [http-nio-8082-exec-2] INFO  com.capstone.aspect.LoggerAspect - *************************************
2022-10-13 18:57:57 [http-nio-8082-exec-2] INFO  com.capstone.aspect.LoggerAspect - During: class com.capstone.service.accountinfoServiceImpl.getAcountsByCustId() with arguments=[accountinfo [accno=202200051, custid=202200005, branch_name=Bengaluru, ifsc=NATW000123, savingsamount=3128.0], accountinfo [accno=202200053, custid=202200005, branch_name=Bengaluru, ifsc=NATW000123, savingsamount=150000.0]]
2022-10-13 18:57:57 [http-nio-8082-exec-2] INFO  com.capstone.aspect.LoggerAspect - *************************************
2022-10-13 18:57:57 [http-nio-8082-exec-2] INFO  com.capstone.aspect.LoggerAspect - During: class com.capstone.controller.accountinfoController.getsavingsAccount() with arguments=[accountinfo [accno=202200051, custid=202200005, branch_name=Bengaluru, ifsc=NATW000123, savingsamount=3128.0], accountinfo [accno=202200053, custid=202200005, branch_name=Bengaluru, ifsc=NATW000123, savingsamount=150000.0]]
2022-10-13 18:57:57 [http-nio-8082-exec-2] INFO  com.capstone.aspect.LoggerAspect - *************************************
2022-10-13 18:59:36 [http-nio-8082-exec-6] INFO  com.capstone.aspect.LoggerAspect - Method name: com.capstone.controller.accountinfoController
2022-10-13 18:59:36 [http-nio-8082-exec-6] INFO  com.capstone.aspect.LoggerAspect - Method arguments:[Ljava.lang.Object;@2a4e8d3d
2022-10-13 18:59:36 [http-nio-8082-exec-6] INFO  com.capstone.aspect.LoggerAspect - *************************************
2022-10-13 18:59:36 [http-nio-8082-exec-6] INFO  com.capstone.aspect.LoggerAspect - Method name: com.capstone.service.accountinfoServiceImpl
2022-10-13 18:59:36 [http-nio-8082-exec-6] INFO  com.capstone.aspect.LoggerAspect - Method arguments:[Ljava.lang.Object;@468c419
2022-10-13 18:59:36 [http-nio-8082-exec-6] INFO  com.capstone.aspect.LoggerAspect - *************************************
2022-10-13 18:59:36 [http-nio-8082-exec-6] INFO  com.capstone.aspect.LoggerAspect - During: class com.capstone.service.accountinfoServiceImpl.getAcountsByCustId() with arguments=[accountinfo [accno=202200051, custid=202200005, branch_name=Bengaluru, ifsc=NATW000123, savingsamount=3128.0], accountinfo [accno=202200053, custid=202200005, branch_name=Bengaluru, ifsc=NATW000123, savingsamount=150000.0]]
2022-10-13 18:59:36 [http-nio-8082-exec-6] INFO  com.capstone.aspect.LoggerAspect - *************************************
2022-10-13 18:59:36 [http-nio-8082-exec-6] INFO  com.capstone.aspect.LoggerAspect - During: class com.capstone.controller.accountinfoController.getsavingsAccount() with arguments=[accountinfo [accno=202200051, custid=202200005, branch_name=Bengaluru, ifsc=NATW000123, savingsamount=3128.0], accountinfo [accno=202200053, custid=202200005, branch_name=Bengaluru, ifsc=NATW000123, savingsamount=150000.0]]
2022-10-13 18:59:36 [http-nio-8082-exec-6] INFO  com.capstone.aspect.LoggerAspect - *************************************
2022-10-13 18:59:39 [http-nio-8082-exec-7] INFO  com.capstone.aspect.LoggerAspect - Method name: com.capstone.controller.accountinfoController
2022-10-13 18:59:39 [http-nio-8082-exec-7] INFO  com.capstone.aspect.LoggerAspect - Method arguments:[Ljava.lang.Object;@926c60e
2022-10-13 18:59:39 [http-nio-8082-exec-7] INFO  com.capstone.aspect.LoggerAspect - *************************************
2022-10-13 18:59:39 [http-nio-8082-exec-7] INFO  com.capstone.aspect.LoggerAspect - Method name: com.capstone.service.accountinfoServiceImpl
2022-10-13 18:59:39 [http-nio-8082-exec-7] INFO  com.capstone.aspect.LoggerAspect - Method arguments:[Ljava.lang.Object;@32b6990d
2022-10-13 18:59:39 [http-nio-8082-exec-7] INFO  com.capstone.aspect.LoggerAspect - *************************************
2022-10-13 18:59:39 [http-nio-8082-exec-7] INFO  com.capstone.aspect.LoggerAspect - During: class com.capstone.service.accountinfoServiceImpl.getAcountsByCustId() with arguments=[accountinfo [accno=202200051, custid=202200005, branch_name=Bengaluru, ifsc=NATW000123, savingsamount=3128.0], accountinfo [accno=202200053, custid=202200005, branch_name=Bengaluru, ifsc=NATW000123, savingsamount=150000.0]]
2022-10-13 18:59:39 [http-nio-8082-exec-7] INFO  com.capstone.aspect.LoggerAspect - *************************************
2022-10-13 18:59:39 [http-nio-8082-exec-7] INFO  com.capstone.aspect.LoggerAspect - During: class com.capstone.controller.accountinfoController.getsavingsAccount() with arguments=[accountinfo [accno=202200051, custid=202200005, branch_name=Bengaluru, ifsc=NATW000123, savingsamount=3128.0], accountinfo [accno=202200053, custid=202200005, branch_name=Bengaluru, ifsc=NATW000123, savingsamount=150000.0]]
2022-10-13 18:59:39 [http-nio-8082-exec-7] INFO  com.capstone.aspect.LoggerAspect - *************************************
2022-10-13 19:00:27 [http-nio-8082-exec-1] INFO  com.capstone.aspect.LoggerAspect - Method name: com.capstone.controller.accountinfoController
2022-10-13 19:00:27 [http-nio-8082-exec-1] INFO  com.capstone.aspect.LoggerAspect - Method arguments:[Ljava.lang.Object;@1a4aa176
2022-10-13 19:00:27 [http-nio-8082-exec-1] INFO  com.capstone.aspect.LoggerAspect - *************************************
2022-10-13 19:00:27 [http-nio-8082-exec-1] INFO  com.capstone.aspect.LoggerAspect - Method name: com.capstone.service.accountinfoServiceImpl
2022-10-13 19:00:27 [http-nio-8082-exec-1] INFO  com.capstone.aspect.LoggerAspect - Method arguments:[Ljava.lang.Object;@5ba2076a
2022-10-13 19:00:27 [http-nio-8082-exec-1] INFO  com.capstone.aspect.LoggerAspect - *************************************
2022-10-13 19:00:27 [http-nio-8082-exec-1] INFO  com.capstone.aspect.LoggerAspect - During: class com.capstone.service.accountinfoServiceImpl.getAcountsByCustId() with arguments=[accountinfo [accno=202200051, custid=202200005, branch_name=Bengaluru, ifsc=NATW000123, savingsamount=3128.0], accountinfo [accno=202200053, custid=202200005, branch_name=Bengaluru, ifsc=NATW000123, savingsamount=150000.0]]
2022-10-13 19:00:27 [http-nio-8082-exec-1] INFO  com.capstone.aspect.LoggerAspect - *************************************
2022-10-13 19:00:27 [http-nio-8082-exec-1] INFO  com.capstone.aspect.LoggerAspect - During: class com.capstone.controller.accountinfoController.getsavingsAccount() with arguments=[accountinfo [accno=202200051, custid=202200005, branch_name=Bengaluru, ifsc=NATW000123, savingsamount=3128.0], accountinfo [accno=202200053, custid=202200005, branch_name=Bengaluru, ifsc=NATW000123, savingsamount=150000.0]]
2022-10-13 19:00:27 [http-nio-8082-exec-1] INFO  com.capstone.aspect.LoggerAspect - *************************************
2022-10-13 19:00:30 [http-nio-8082-exec-4] INFO  com.capstone.aspect.LoggerAspect - Method name: com.capstone.controller.accountinfoController
2022-10-13 19:00:30 [http-nio-8082-exec-4] INFO  com.capstone.aspect.LoggerAspect - Method arguments:[Ljava.lang.Object;@2c3e44d4
2022-10-13 19:00:30 [http-nio-8082-exec-4] INFO  com.capstone.aspect.LoggerAspect - *************************************
2022-10-13 19:00:30 [http-nio-8082-exec-4] INFO  com.capstone.aspect.LoggerAspect - Method name: com.capstone.service.accountinfoServiceImpl
2022-10-13 19:00:30 [http-nio-8082-exec-4] INFO  com.capstone.aspect.LoggerAspect - Method arguments:[Ljava.lang.Object;@25df2dc2
2022-10-13 19:00:30 [http-nio-8082-exec-4] INFO  com.capstone.aspect.LoggerAspect - *************************************
2022-10-13 19:00:30 [http-nio-8082-exec-4] INFO  com.capstone.aspect.LoggerAspect - During: class com.capstone.service.accountinfoServiceImpl.getAcountsByCustId() with arguments=[accountinfo [accno=202200051, custid=202200005, branch_name=Bengaluru, ifsc=NATW000123, savingsamount=3128.0], accountinfo [accno=202200053, custid=202200005, branch_name=Bengaluru, ifsc=NATW000123, savingsamount=150000.0]]
2022-10-13 19:00:30 [http-nio-8082-exec-4] INFO  com.capstone.aspect.LoggerAspect - *************************************
2022-10-13 19:00:30 [http-nio-8082-exec-4] INFO  com.capstone.aspect.LoggerAspect - During: class com.capstone.controller.accountinfoController.getsavingsAccount() with arguments=[accountinfo [accno=202200051, custid=202200005, branch_name=Bengaluru, ifsc=NATW000123, savingsamount=3128.0], accountinfo [accno=202200053, custid=202200005, branch_name=Bengaluru, ifsc=NATW000123, savingsamount=150000.0]]
2022-10-13 19:00:30 [http-nio-8082-exec-4] INFO  com.capstone.aspect.LoggerAspect - *************************************
2022-10-13 19:01:00 [AsyncResolver-bootstrap-executor-0] INFO  c.n.d.s.r.aws.ConfigClusterResolver - Resolving eureka endpoints via configuration
2022-10-13 19:06:00 [AsyncResolver-bootstrap-executor-0] INFO  c.n.d.s.r.aws.ConfigClusterResolver - Resolving eureka endpoints via configuration
2022-10-13 19:08:45 [http-nio-8082-exec-5] INFO  com.capstone.aspect.LoggerAspect - Method name: com.capstone.controller.accountinfoController
2022-10-13 19:08:45 [http-nio-8082-exec-5] INFO  com.capstone.aspect.LoggerAspect - Method arguments:[Ljava.lang.Object;@6356d59b
2022-10-13 19:08:45 [http-nio-8082-exec-5] INFO  com.capstone.aspect.LoggerAspect - *************************************
2022-10-13 19:08:45 [http-nio-8082-exec-5] INFO  com.capstone.aspect.LoggerAspect - Method name: com.capstone.service.accountinfoServiceImpl
2022-10-13 19:08:45 [http-nio-8082-exec-5] INFO  com.capstone.aspect.LoggerAspect - Method arguments:[Ljava.lang.Object;@37d86a5c
2022-10-13 19:08:45 [http-nio-8082-exec-5] INFO  com.capstone.aspect.LoggerAspect - *************************************
2022-10-13 19:08:45 [http-nio-8082-exec-5] INFO  com.capstone.aspect.LoggerAspect - During: class com.capstone.service.accountinfoServiceImpl.getAcountsByCustId() with arguments=[accountinfo [accno=202200051, custid=202200005, branch_name=Bengaluru, ifsc=NATW000123, savingsamount=3128.0], accountinfo [accno=202200053, custid=202200005, branch_name=Bengaluru, ifsc=NATW000123, savingsamount=150000.0]]
2022-10-13 19:08:45 [http-nio-8082-exec-5] INFO  com.capstone.aspect.LoggerAspect - *************************************
2022-10-13 19:08:45 [http-nio-8082-exec-5] INFO  com.capstone.aspect.LoggerAspect - During: class com.capstone.controller.accountinfoController.getsavingsAccount() with arguments=[accountinfo [accno=202200051, custid=202200005, branch_name=Bengaluru, ifsc=NATW000123, savingsamount=3128.0], accountinfo [accno=202200053, custid=202200005, branch_name=Bengaluru, ifsc=NATW000123, savingsamount=150000.0]]
2022-10-13 19:08:45 [http-nio-8082-exec-5] INFO  com.capstone.aspect.LoggerAspect - *************************************
2022-10-13 19:08:49 [http-nio-8082-exec-2] INFO  com.capstone.aspect.LoggerAspect - Method name: com.capstone.controller.accountinfoController
2022-10-13 19:08:49 [http-nio-8082-exec-2] INFO  com.capstone.aspect.LoggerAspect - Method arguments:[Ljava.lang.Object;@2a97c5fd
2022-10-13 19:08:49 [http-nio-8082-exec-2] INFO  com.capstone.aspect.LoggerAspect - *************************************
2022-10-13 19:08:49 [http-nio-8082-exec-2] INFO  com.capstone.aspect.LoggerAspect - Method name: com.capstone.service.accountinfoServiceImpl
2022-10-13 19:08:49 [http-nio-8082-exec-2] INFO  com.capstone.aspect.LoggerAspect - Method arguments:[Ljava.lang.Object;@7018d2e0
2022-10-13 19:08:49 [http-nio-8082-exec-2] INFO  com.capstone.aspect.LoggerAspect - *************************************
2022-10-13 19:08:49 [http-nio-8082-exec-2] INFO  com.capstone.aspect.LoggerAspect - During: class com.capstone.service.accountinfoServiceImpl.getAcountsByCustId() with arguments=[accountinfo [accno=202200051, custid=202200005, branch_name=Bengaluru, ifsc=NATW000123, savingsamount=3128.0], accountinfo [accno=202200053, custid=202200005, branch_name=Bengaluru, ifsc=NATW000123, savingsamount=150000.0]]
2022-10-13 19:08:49 [http-nio-8082-exec-2] INFO  com.capstone.aspect.LoggerAspect - *************************************
2022-10-13 19:08:49 [http-nio-8082-exec-2] INFO  com.capstone.aspect.LoggerAspect - During: class com.capstone.controller.accountinfoController.getsavingsAccount() with arguments=[accountinfo [accno=202200051, custid=202200005, branch_name=Bengaluru, ifsc=NATW000123, savingsamount=3128.0], accountinfo [accno=202200053, custid=202200005, branch_name=Bengaluru, ifsc=NATW000123, savingsamount=150000.0]]
2022-10-13 19:08:49 [http-nio-8082-exec-2] INFO  com.capstone.aspect.LoggerAspect - *************************************
2022-10-13 19:11:00 [AsyncResolver-bootstrap-executor-0] INFO  c.n.d.s.r.aws.ConfigClusterResolver - Resolving eureka endpoints via configuration
2022-10-13 19:12:43 [http-nio-8082-exec-7] INFO  com.capstone.aspect.LoggerAspect - Method name: com.capstone.controller.accountinfoController
2022-10-13 19:12:43 [http-nio-8082-exec-7] INFO  com.capstone.aspect.LoggerAspect - Method arguments:[Ljava.lang.Object;@18f2953c
2022-10-13 19:12:43 [http-nio-8082-exec-7] INFO  com.capstone.aspect.LoggerAspect - *************************************
2022-10-13 19:12:43 [http-nio-8082-exec-7] INFO  com.capstone.aspect.LoggerAspect - Method name: com.capstone.service.accountinfoServiceImpl
2022-10-13 19:12:43 [http-nio-8082-exec-7] INFO  com.capstone.aspect.LoggerAspect - Method arguments:[Ljava.lang.Object;@2f6bb3fe
2022-10-13 19:12:43 [http-nio-8082-exec-7] INFO  com.capstone.aspect.LoggerAspect - *************************************
2022-10-13 19:12:43 [http-nio-8082-exec-7] INFO  com.capstone.aspect.LoggerAspect - During: class com.capstone.service.accountinfoServiceImpl.getAcountsByCustId() with arguments=[accountinfo [accno=202200051, custid=202200005, branch_name=Bengaluru, ifsc=NATW000123, savingsamount=3128.0], accountinfo [accno=202200053, custid=202200005, branch_name=Bengaluru, ifsc=NATW000123, savingsamount=150000.0]]
2022-10-13 19:12:43 [http-nio-8082-exec-7] INFO  com.capstone.aspect.LoggerAspect - *************************************
2022-10-13 19:12:43 [http-nio-8082-exec-7] INFO  com.capstone.aspect.LoggerAspect - During: class com.capstone.controller.accountinfoController.getsavingsAccount() with arguments=[accountinfo [accno=202200051, custid=202200005, branch_name=Bengaluru, ifsc=NATW000123, savingsamount=3128.0], accountinfo [accno=202200053, custid=202200005, branch_name=Bengaluru, ifsc=NATW000123, savingsamount=150000.0]]
2022-10-13 19:12:43 [http-nio-8082-exec-7] INFO  com.capstone.aspect.LoggerAspect - *************************************
2022-10-13 19:12:46 [http-nio-8082-exec-10] INFO  com.capstone.aspect.LoggerAspect - Method name: com.capstone.controller.accountinfoController
2022-10-13 19:12:46 [http-nio-8082-exec-10] INFO  com.capstone.aspect.LoggerAspect - Method arguments:[Ljava.lang.Object;@ec09a26
2022-10-13 19:12:46 [http-nio-8082-exec-10] INFO  com.capstone.aspect.LoggerAspect - *************************************
2022-10-13 19:12:46 [http-nio-8082-exec-10] INFO  com.capstone.aspect.LoggerAspect - Method name: com.capstone.service.accountinfoServiceImpl
2022-10-13 19:12:46 [http-nio-8082-exec-10] INFO  com.capstone.aspect.LoggerAspect - Method arguments:[Ljava.lang.Object;@e303ddf
2022-10-13 19:12:46 [http-nio-8082-exec-10] INFO  com.capstone.aspect.LoggerAspect - *************************************
2022-10-13 19:12:46 [http-nio-8082-exec-10] INFO  com.capstone.aspect.LoggerAspect - During: class com.capstone.service.accountinfoServiceImpl.getAcountsByCustId() with arguments=[accountinfo [accno=202200051, custid=202200005, branch_name=Bengaluru, ifsc=NATW000123, savingsamount=3128.0], accountinfo [accno=202200053, custid=202200005, branch_name=Bengaluru, ifsc=NATW000123, savingsamount=150000.0]]
2022-10-13 19:12:46 [http-nio-8082-exec-10] INFO  com.capstone.aspect.LoggerAspect - *************************************
2022-10-13 19:12:46 [http-nio-8082-exec-10] INFO  com.capstone.aspect.LoggerAspect - During: class com.capstone.controller.accountinfoController.getsavingsAccount() with arguments=[accountinfo [accno=202200051, custid=202200005, branch_name=Bengaluru, ifsc=NATW000123, savingsamount=3128.0], accountinfo [accno=202200053, custid=202200005, branch_name=Bengaluru, ifsc=NATW000123, savingsamount=150000.0]]
2022-10-13 19:12:46 [http-nio-8082-exec-10] INFO  com.capstone.aspect.LoggerAspect - *************************************
2022-10-13 19:16:00 [AsyncResolver-bootstrap-executor-0] INFO  c.n.d.s.r.aws.ConfigClusterResolver - Resolving eureka endpoints via configuration
2022-10-13 19:21:00 [AsyncResolver-bootstrap-executor-0] INFO  c.n.d.s.r.aws.ConfigClusterResolver - Resolving eureka endpoints via configuration
2022-10-13 19:21:05 [http-nio-8082-exec-4] INFO  com.capstone.aspect.LoggerAspect - Method name: com.capstone.controller.accountinfoController
2022-10-13 19:21:05 [http-nio-8082-exec-4] INFO  com.capstone.aspect.LoggerAspect - Method arguments:[Ljava.lang.Object;@40e7aa95
2022-10-13 19:21:05 [http-nio-8082-exec-4] INFO  com.capstone.aspect.LoggerAspect - *************************************
2022-10-13 19:21:05 [http-nio-8082-exec-4] INFO  com.capstone.aspect.LoggerAspect - Method name: com.capstone.service.accountinfoServiceImpl
2022-10-13 19:21:05 [http-nio-8082-exec-4] INFO  com.capstone.aspect.LoggerAspect - Method arguments:[Ljava.lang.Object;@4533cd0
2022-10-13 19:21:05 [http-nio-8082-exec-4] INFO  com.capstone.aspect.LoggerAspect - *************************************
2022-10-13 19:21:05 [http-nio-8082-exec-4] INFO  com.capstone.aspect.LoggerAspect - During: class com.capstone.service.accountinfoServiceImpl.getAcountsByCustId() with arguments=[accountinfo [accno=202200051, custid=202200005, branch_name=Bengaluru, ifsc=NATW000123, savingsamount=3128.0], accountinfo [accno=202200053, custid=202200005, branch_name=Bengaluru, ifsc=NATW000123, savingsamount=150000.0]]
2022-10-13 19:21:05 [http-nio-8082-exec-4] INFO  com.capstone.aspect.LoggerAspect - *************************************
2022-10-13 19:21:05 [http-nio-8082-exec-4] INFO  com.capstone.aspect.LoggerAspect - During: class com.capstone.controller.accountinfoController.getsavingsAccount() with arguments=[accountinfo [accno=202200051, custid=202200005, branch_name=Bengaluru, ifsc=NATW000123, savingsamount=3128.0], accountinfo [accno=202200053, custid=202200005, branch_name=Bengaluru, ifsc=NATW000123, savingsamount=150000.0]]
2022-10-13 19:21:05 [http-nio-8082-exec-4] INFO  com.capstone.aspect.LoggerAspect - *************************************
2022-10-13 19:21:10 [http-nio-8082-exec-8] INFO  com.capstone.aspect.LoggerAspect - Method name: com.capstone.controller.accountinfoController
2022-10-13 19:21:10 [http-nio-8082-exec-8] INFO  com.capstone.aspect.LoggerAspect - Method arguments:[Ljava.lang.Object;@1805fb2a
2022-10-13 19:21:10 [http-nio-8082-exec-8] INFO  com.capstone.aspect.LoggerAspect - *************************************
2022-10-13 19:21:10 [http-nio-8082-exec-8] INFO  com.capstone.aspect.LoggerAspect - Method name: com.capstone.service.accountinfoServiceImpl
2022-10-13 19:21:10 [http-nio-8082-exec-8] INFO  com.capstone.aspect.LoggerAspect - Method arguments:[Ljava.lang.Object;@6642b86d
2022-10-13 19:21:10 [http-nio-8082-exec-8] INFO  com.capstone.aspect.LoggerAspect - *************************************
2022-10-13 19:21:10 [http-nio-8082-exec-8] INFO  com.capstone.aspect.LoggerAspect - During: class com.capstone.service.accountinfoServiceImpl.getAcountsByCustId() with arguments=[accountinfo [accno=202200051, custid=202200005, branch_name=Bengaluru, ifsc=NATW000123, savingsamount=3128.0], accountinfo [accno=202200053, custid=202200005, branch_name=Bengaluru, ifsc=NATW000123, savingsamount=150000.0]]
2022-10-13 19:21:10 [http-nio-8082-exec-8] INFO  com.capstone.aspect.LoggerAspect - *************************************
2022-10-13 19:21:10 [http-nio-8082-exec-8] INFO  com.capstone.aspect.LoggerAspect - During: class com.capstone.controller.accountinfoController.getsavingsAccount() with arguments=[accountinfo [accno=202200051, custid=202200005, branch_name=Bengaluru, ifsc=NATW000123, savingsamount=3128.0], accountinfo [accno=202200053, custid=202200005, branch_name=Bengaluru, ifsc=NATW000123, savingsamount=150000.0]]
2022-10-13 19:21:10 [http-nio-8082-exec-8] INFO  com.capstone.aspect.LoggerAspect - *************************************
2022-10-13 19:21:51 [http-nio-8082-exec-5] INFO  com.capstone.aspect.LoggerAspect - Method name: com.capstone.controller.accountinfoController
2022-10-13 19:21:51 [http-nio-8082-exec-5] INFO  com.capstone.aspect.LoggerAspect - Method arguments:[Ljava.lang.Object;@17c9fd72
2022-10-13 19:21:51 [http-nio-8082-exec-5] INFO  com.capstone.aspect.LoggerAspect - *************************************
2022-10-13 19:21:51 [http-nio-8082-exec-5] INFO  com.capstone.aspect.LoggerAspect - Method name: com.capstone.service.accountinfoServiceImpl
2022-10-13 19:21:51 [http-nio-8082-exec-5] INFO  com.capstone.aspect.LoggerAspect - Method arguments:[Ljava.lang.Object;@2e4a6d98
2022-10-13 19:21:51 [http-nio-8082-exec-5] INFO  com.capstone.aspect.LoggerAspect - *************************************
2022-10-13 19:21:51 [http-nio-8082-exec-5] INFO  com.capstone.aspect.LoggerAspect - During: class com.capstone.service.accountinfoServiceImpl.getAcountsByCustId() with arguments=[accountinfo [accno=202200051, custid=202200005, branch_name=Bengaluru, ifsc=NATW000123, savingsamount=3128.0], accountinfo [accno=202200053, custid=202200005, branch_name=Bengaluru, ifsc=NATW000123, savingsamount=150000.0]]
2022-10-13 19:21:51 [http-nio-8082-exec-5] INFO  com.capstone.aspect.LoggerAspect - *************************************
2022-10-13 19:21:51 [http-nio-8082-exec-5] INFO  com.capstone.aspect.LoggerAspect - During: class com.capstone.controller.accountinfoController.getsavingsAccount() with arguments=[accountinfo [accno=202200051, custid=202200005, branch_name=Bengaluru, ifsc=NATW000123, savingsamount=3128.0], accountinfo [accno=202200053, custid=202200005, branch_name=Bengaluru, ifsc=NATW000123, savingsamount=150000.0]]
2022-10-13 19:21:51 [http-nio-8082-exec-5] INFO  com.capstone.aspect.LoggerAspect - *************************************
2022-10-13 19:22:08 [http-nio-8082-exec-9] INFO  com.capstone.aspect.LoggerAspect - Method name: com.capstone.controller.accountinfoController
2022-10-13 19:22:08 [http-nio-8082-exec-9] INFO  com.capstone.aspect.LoggerAspect - Method arguments:[Ljava.lang.Object;@cfaf314
2022-10-13 19:22:08 [http-nio-8082-exec-9] INFO  com.capstone.aspect.LoggerAspect - *************************************
2022-10-13 19:22:08 [http-nio-8082-exec-9] INFO  com.capstone.aspect.LoggerAspect - Method name: com.capstone.service.accountinfoServiceImpl
2022-10-13 19:22:08 [http-nio-8082-exec-9] INFO  com.capstone.aspect.LoggerAspect - Method arguments:[Ljava.lang.Object;@6d6bf30d
2022-10-13 19:22:08 [http-nio-8082-exec-9] INFO  com.capstone.aspect.LoggerAspect - *************************************
2022-10-13 19:22:08 [http-nio-8082-exec-9] INFO  com.capstone.aspect.LoggerAspect - During: class com.capstone.service.accountinfoServiceImpl.getAcountsByCustId() with arguments=[accountinfo [accno=202200051, custid=202200005, branch_name=Bengaluru, ifsc=NATW000123, savingsamount=3128.0], accountinfo [accno=202200053, custid=202200005, branch_name=Bengaluru, ifsc=NATW000123, savingsamount=150000.0]]
2022-10-13 19:22:08 [http-nio-8082-exec-9] INFO  com.capstone.aspect.LoggerAspect - *************************************
2022-10-13 19:22:08 [http-nio-8082-exec-9] INFO  com.capstone.aspect.LoggerAspect - During: class com.capstone.controller.accountinfoController.getsavingsAccount() with arguments=[accountinfo [accno=202200051, custid=202200005, branch_name=Bengaluru, ifsc=NATW000123, savingsamount=3128.0], accountinfo [accno=202200053, custid=202200005, branch_name=Bengaluru, ifsc=NATW000123, savingsamount=150000.0]]
2022-10-13 19:22:08 [http-nio-8082-exec-9] INFO  com.capstone.aspect.LoggerAspect - *************************************
2022-10-13 19:22:12 [http-nio-8082-exec-2] INFO  com.capstone.aspect.LoggerAspect - Method name: com.capstone.controller.accountinfoController
2022-10-13 19:22:12 [http-nio-8082-exec-2] INFO  com.capstone.aspect.LoggerAspect - Method arguments:[Ljava.lang.Object;@5377c730
2022-10-13 19:22:12 [http-nio-8082-exec-2] INFO  com.capstone.aspect.LoggerAspect - *************************************
2022-10-13 19:22:12 [http-nio-8082-exec-2] INFO  com.capstone.aspect.LoggerAspect - Method name: com.capstone.service.accountinfoServiceImpl
2022-10-13 19:22:12 [http-nio-8082-exec-2] INFO  com.capstone.aspect.LoggerAspect - Method arguments:[Ljava.lang.Object;@4aa51aba
2022-10-13 19:22:12 [http-nio-8082-exec-2] INFO  com.capstone.aspect.LoggerAspect - *************************************
2022-10-13 19:22:12 [http-nio-8082-exec-2] INFO  com.capstone.aspect.LoggerAspect - During: class com.capstone.service.accountinfoServiceImpl.getAcountsByCustId() with arguments=[accountinfo [accno=202200051, custid=202200005, branch_name=Bengaluru, ifsc=NATW000123, savingsamount=3128.0], accountinfo [accno=202200053, custid=202200005, branch_name=Bengaluru, ifsc=NATW000123, savingsamount=150000.0]]
2022-10-13 19:22:12 [http-nio-8082-exec-2] INFO  com.capstone.aspect.LoggerAspect - *************************************
2022-10-13 19:22:12 [http-nio-8082-exec-2] INFO  com.capstone.aspect.LoggerAspect - During: class com.capstone.controller.accountinfoController.getsavingsAccount() with arguments=[accountinfo [accno=202200051, custid=202200005, branch_name=Bengaluru, ifsc=NATW000123, savingsamount=3128.0], accountinfo [accno=202200053, custid=202200005, branch_name=Bengaluru, ifsc=NATW000123, savingsamount=150000.0]]
2022-10-13 19:22:12 [http-nio-8082-exec-2] INFO  com.capstone.aspect.LoggerAspect - *************************************
2022-10-13 19:22:23 [http-nio-8082-exec-6] INFO  com.capstone.aspect.LoggerAspect - Method name: com.capstone.controller.accountinfoController
2022-10-13 19:22:23 [http-nio-8082-exec-6] INFO  com.capstone.aspect.LoggerAspect - Method arguments:[Ljava.lang.Object;@2eab9905
2022-10-13 19:22:23 [http-nio-8082-exec-6] INFO  com.capstone.aspect.LoggerAspect - *************************************
2022-10-13 19:22:23 [http-nio-8082-exec-6] INFO  com.capstone.aspect.LoggerAspect - Method name: com.capstone.service.accountinfoServiceImpl
2022-10-13 19:22:23 [http-nio-8082-exec-6] INFO  com.capstone.aspect.LoggerAspect - Method arguments:[Ljava.lang.Object;@59e528d0
2022-10-13 19:22:23 [http-nio-8082-exec-6] INFO  com.capstone.aspect.LoggerAspect - *************************************
2022-10-13 19:22:23 [http-nio-8082-exec-6] INFO  com.capstone.aspect.LoggerAspect - During: class com.capstone.service.accountinfoServiceImpl.getAcountsByCustId() with arguments=[accountinfo [accno=202200051, custid=202200005, branch_name=Bengaluru, ifsc=NATW000123, savingsamount=3128.0], accountinfo [accno=202200053, custid=202200005, branch_name=Bengaluru, ifsc=NATW000123, savingsamount=150000.0]]
2022-10-13 19:22:23 [http-nio-8082-exec-6] INFO  com.capstone.aspect.LoggerAspect - *************************************
2022-10-13 19:22:23 [http-nio-8082-exec-6] INFO  com.capstone.aspect.LoggerAspect - During: class com.capstone.controller.accountinfoController.getsavingsAccount() with arguments=[accountinfo [accno=202200051, custid=202200005, branch_name=Bengaluru, ifsc=NATW000123, savingsamount=3128.0], accountinfo [accno=202200053, custid=202200005, branch_name=Bengaluru, ifsc=NATW000123, savingsamount=150000.0]]
2022-10-13 19:22:23 [http-nio-8082-exec-6] INFO  com.capstone.aspect.LoggerAspect - *************************************
2022-10-13 19:22:36 [http-nio-8082-exec-10] INFO  com.capstone.aspect.LoggerAspect - Method name: com.capstone.controller.accountinfoController
2022-10-13 19:22:36 [http-nio-8082-exec-10] INFO  com.capstone.aspect.LoggerAspect - Method arguments:[Ljava.lang.Object;@1004ff3a
2022-10-13 19:22:36 [http-nio-8082-exec-10] INFO  com.capstone.aspect.LoggerAspect - *************************************
2022-10-13 19:22:36 [http-nio-8082-exec-10] INFO  com.capstone.aspect.LoggerAspect - Method name: com.capstone.service.accountinfoServiceImpl
2022-10-13 19:22:36 [http-nio-8082-exec-10] INFO  com.capstone.aspect.LoggerAspect - Method arguments:[Ljava.lang.Object;@38ff8a8e
2022-10-13 19:22:36 [http-nio-8082-exec-10] INFO  com.capstone.aspect.LoggerAspect - *************************************
2022-10-13 19:22:36 [http-nio-8082-exec-10] INFO  com.capstone.aspect.LoggerAspect - During: class com.capstone.service.accountinfoServiceImpl.getAcountsByCustId() with arguments=[accountinfo [accno=202200051, custid=202200005, branch_name=Bengaluru, ifsc=NATW000123, savingsamount=3128.0], accountinfo [accno=202200053, custid=202200005, branch_name=Bengaluru, ifsc=NATW000123, savingsamount=150000.0]]
2022-10-13 19:22:36 [http-nio-8082-exec-10] INFO  com.capstone.aspect.LoggerAspect - *************************************
2022-10-13 19:22:36 [http-nio-8082-exec-10] INFO  com.capstone.aspect.LoggerAspect - During: class com.capstone.controller.accountinfoController.getsavingsAccount() with arguments=[accountinfo [accno=202200051, custid=202200005, branch_name=Bengaluru, ifsc=NATW000123, savingsamount=3128.0], accountinfo [accno=202200053, custid=202200005, branch_name=Bengaluru, ifsc=NATW000123, savingsamount=150000.0]]
2022-10-13 19:22:36 [http-nio-8082-exec-10] INFO  com.capstone.aspect.LoggerAspect - *************************************
2022-10-13 19:22:51 [http-nio-8082-exec-4] INFO  com.capstone.aspect.LoggerAspect - Method name: com.capstone.controller.accountinfoController
2022-10-13 19:22:51 [http-nio-8082-exec-4] INFO  com.capstone.aspect.LoggerAspect - Method arguments:[Ljava.lang.Object;@4e7bf1bd
2022-10-13 19:22:51 [http-nio-8082-exec-4] INFO  com.capstone.aspect.LoggerAspect - *************************************
2022-10-13 19:22:51 [http-nio-8082-exec-4] INFO  com.capstone.aspect.LoggerAspect - Method name: com.capstone.service.accountinfoServiceImpl
2022-10-13 19:22:51 [http-nio-8082-exec-4] INFO  com.capstone.aspect.LoggerAspect - Method arguments:[Ljava.lang.Object;@704340d8
2022-10-13 19:22:51 [http-nio-8082-exec-4] INFO  com.capstone.aspect.LoggerAspect - *************************************
2022-10-13 19:22:51 [http-nio-8082-exec-4] INFO  com.capstone.aspect.LoggerAspect - During: class com.capstone.service.accountinfoServiceImpl.getAcountsByCustId() with arguments=[accountinfo [accno=202200051, custid=202200005, branch_name=Bengaluru, ifsc=NATW000123, savingsamount=3128.0], accountinfo [accno=202200053, custid=202200005, branch_name=Bengaluru, ifsc=NATW000123, savingsamount=150000.0]]
2022-10-13 19:22:51 [http-nio-8082-exec-4] INFO  com.capstone.aspect.LoggerAspect - *************************************
2022-10-13 19:22:51 [http-nio-8082-exec-4] INFO  com.capstone.aspect.LoggerAspect - During: class com.capstone.controller.accountinfoController.getsavingsAccount() with arguments=[accountinfo [accno=202200051, custid=202200005, branch_name=Bengaluru, ifsc=NATW000123, savingsamount=3128.0], accountinfo [accno=202200053, custid=202200005, branch_name=Bengaluru, ifsc=NATW000123, savingsamount=150000.0]]
2022-10-13 19:22:51 [http-nio-8082-exec-4] INFO  com.capstone.aspect.LoggerAspect - *************************************
2022-10-13 19:24:16 [http-nio-8082-exec-5] INFO  com.capstone.aspect.LoggerAspect - Method name: com.capstone.controller.accountinfoController
2022-10-13 19:24:16 [http-nio-8082-exec-5] INFO  com.capstone.aspect.LoggerAspect - Method arguments:[Ljava.lang.Object;@7c41f30e
2022-10-13 19:24:16 [http-nio-8082-exec-5] INFO  com.capstone.aspect.LoggerAspect - *************************************
2022-10-13 19:24:16 [http-nio-8082-exec-5] INFO  com.capstone.aspect.LoggerAspect - Method name: com.capstone.service.accountinfoServiceImpl
2022-10-13 19:24:16 [http-nio-8082-exec-5] INFO  com.capstone.aspect.LoggerAspect - Method arguments:[Ljava.lang.Object;@60fe1d89
2022-10-13 19:24:16 [http-nio-8082-exec-5] INFO  com.capstone.aspect.LoggerAspect - *************************************
2022-10-13 19:24:16 [http-nio-8082-exec-5] INFO  com.capstone.aspect.LoggerAspect - During: class com.capstone.service.accountinfoServiceImpl.getAcountsByCustId() with arguments=[accountinfo [accno=202200051, custid=202200005, branch_name=Bengaluru, ifsc=NATW000123, savingsamount=3128.0], accountinfo [accno=202200053, custid=202200005, branch_name=Bengaluru, ifsc=NATW000123, savingsamount=150000.0]]
2022-10-13 19:24:16 [http-nio-8082-exec-5] INFO  com.capstone.aspect.LoggerAspect - *************************************
2022-10-13 19:24:16 [http-nio-8082-exec-5] INFO  com.capstone.aspect.LoggerAspect - During: class com.capstone.controller.accountinfoController.getsavingsAccount() with arguments=[accountinfo [accno=202200051, custid=202200005, branch_name=Bengaluru, ifsc=NATW000123, savingsamount=3128.0], accountinfo [accno=202200053, custid=202200005, branch_name=Bengaluru, ifsc=NATW000123, savingsamount=150000.0]]
2022-10-13 19:24:16 [http-nio-8082-exec-5] INFO  com.capstone.aspect.LoggerAspect - *************************************
2022-10-13 19:24:19 [http-nio-8082-exec-9] INFO  com.capstone.aspect.LoggerAspect - Method name: com.capstone.controller.accountinfoController
2022-10-13 19:24:19 [http-nio-8082-exec-9] INFO  com.capstone.aspect.LoggerAspect - Method arguments:[Ljava.lang.Object;@564aace8
2022-10-13 19:24:19 [http-nio-8082-exec-9] INFO  com.capstone.aspect.LoggerAspect - *************************************
2022-10-13 19:24:19 [http-nio-8082-exec-9] INFO  com.capstone.aspect.LoggerAspect - Method name: com.capstone.service.accountinfoServiceImpl
2022-10-13 19:24:19 [http-nio-8082-exec-9] INFO  com.capstone.aspect.LoggerAspect - Method arguments:[Ljava.lang.Object;@6d209df8
2022-10-13 19:24:19 [http-nio-8082-exec-9] INFO  com.capstone.aspect.LoggerAspect - *************************************
2022-10-13 19:24:19 [http-nio-8082-exec-9] INFO  com.capstone.aspect.LoggerAspect - During: class com.capstone.service.accountinfoServiceImpl.getAcountsByCustId() with arguments=[accountinfo [accno=202200051, custid=202200005, branch_name=Bengaluru, ifsc=NATW000123, savingsamount=3128.0], accountinfo [accno=202200053, custid=202200005, branch_name=Bengaluru, ifsc=NATW000123, savingsamount=150000.0]]
2022-10-13 19:24:19 [http-nio-8082-exec-9] INFO  com.capstone.aspect.LoggerAspect - *************************************
2022-10-13 19:24:19 [http-nio-8082-exec-9] INFO  com.capstone.aspect.LoggerAspect - During: class com.capstone.controller.accountinfoController.getsavingsAccount() with arguments=[accountinfo [accno=202200051, custid=202200005, branch_name=Bengaluru, ifsc=NATW000123, savingsamount=3128.0], accountinfo [accno=202200053, custid=202200005, branch_name=Bengaluru, ifsc=NATW000123, savingsamount=150000.0]]
2022-10-13 19:24:19 [http-nio-8082-exec-9] INFO  com.capstone.aspect.LoggerAspect - *************************************
2022-10-13 19:25:14 [http-nio-8082-exec-3] INFO  com.capstone.aspect.LoggerAspect - Method name: com.capstone.controller.accountinfoController
2022-10-13 19:25:14 [http-nio-8082-exec-3] INFO  com.capstone.aspect.LoggerAspect - Method arguments:[Ljava.lang.Object;@6b38f010
2022-10-13 19:25:14 [http-nio-8082-exec-3] INFO  com.capstone.aspect.LoggerAspect - *************************************
2022-10-13 19:25:14 [http-nio-8082-exec-3] INFO  com.capstone.aspect.LoggerAspect - Method name: com.capstone.service.accountinfoServiceImpl
2022-10-13 19:25:14 [http-nio-8082-exec-3] INFO  com.capstone.aspect.LoggerAspect - Method arguments:[Ljava.lang.Object;@1387ceec
2022-10-13 19:25:14 [http-nio-8082-exec-3] INFO  com.capstone.aspect.LoggerAspect - *************************************
2022-10-13 19:25:14 [http-nio-8082-exec-3] INFO  com.capstone.aspect.LoggerAspect - During: class com.capstone.service.accountinfoServiceImpl.getAcountsByCustId() with arguments=[accountinfo [accno=202200051, custid=202200005, branch_name=Bengaluru, ifsc=NATW000123, savingsamount=3128.0], accountinfo [accno=202200053, custid=202200005, branch_name=Bengaluru, ifsc=NATW000123, savingsamount=150000.0]]
2022-10-13 19:25:14 [http-nio-8082-exec-3] INFO  com.capstone.aspect.LoggerAspect - *************************************
2022-10-13 19:25:14 [http-nio-8082-exec-3] INFO  com.capstone.aspect.LoggerAspect - During: class com.capstone.controller.accountinfoController.getsavingsAccount() with arguments=[accountinfo [accno=202200051, custid=202200005, branch_name=Bengaluru, ifsc=NATW000123, savingsamount=3128.0], accountinfo [accno=202200053, custid=202200005, branch_name=Bengaluru, ifsc=NATW000123, savingsamount=150000.0]]
2022-10-13 19:25:14 [http-nio-8082-exec-3] INFO  com.capstone.aspect.LoggerAspect - *************************************
2022-10-13 19:25:15 [http-nio-8082-exec-6] INFO  com.capstone.aspect.LoggerAspect - Method name: com.capstone.controller.accountinfoController
2022-10-13 19:25:15 [http-nio-8082-exec-6] INFO  com.capstone.aspect.LoggerAspect - Method arguments:[Ljava.lang.Object;@62aefa75
2022-10-13 19:25:15 [http-nio-8082-exec-6] INFO  com.capstone.aspect.LoggerAspect - *************************************
2022-10-13 19:25:15 [http-nio-8082-exec-6] INFO  com.capstone.aspect.LoggerAspect - Method name: com.capstone.service.accountinfoServiceImpl
2022-10-13 19:25:15 [http-nio-8082-exec-6] INFO  com.capstone.aspect.LoggerAspect - Method arguments:[Ljava.lang.Object;@1ac535ef
2022-10-13 19:25:15 [http-nio-8082-exec-6] INFO  com.capstone.aspect.LoggerAspect - *************************************
2022-10-13 19:25:15 [http-nio-8082-exec-6] INFO  com.capstone.aspect.LoggerAspect - During: class com.capstone.service.accountinfoServiceImpl.getAcountsByCustId() with arguments=[accountinfo [accno=202200051, custid=202200005, branch_name=Bengaluru, ifsc=NATW000123, savingsamount=3128.0], accountinfo [accno=202200053, custid=202200005, branch_name=Bengaluru, ifsc=NATW000123, savingsamount=150000.0]]
2022-10-13 19:25:15 [http-nio-8082-exec-6] INFO  com.capstone.aspect.LoggerAspect - *************************************
2022-10-13 19:25:15 [http-nio-8082-exec-6] INFO  com.capstone.aspect.LoggerAspect - During: class com.capstone.controller.accountinfoController.getsavingsAccount() with arguments=[accountinfo [accno=202200051, custid=202200005, branch_name=Bengaluru, ifsc=NATW000123, savingsamount=3128.0], accountinfo [accno=202200053, custid=202200005, branch_name=Bengaluru, ifsc=NATW000123, savingsamount=150000.0]]
2022-10-13 19:25:15 [http-nio-8082-exec-6] INFO  com.capstone.aspect.LoggerAspect - *************************************
2022-10-13 19:25:18 [http-nio-8082-exec-7] INFO  com.capstone.aspect.LoggerAspect - Method name: com.capstone.controller.accountinfoController
2022-10-13 19:25:18 [http-nio-8082-exec-7] INFO  com.capstone.aspect.LoggerAspect - Method arguments:[Ljava.lang.Object;@7a3d8f72
2022-10-13 19:25:18 [http-nio-8082-exec-7] INFO  com.capstone.aspect.LoggerAspect - *************************************
2022-10-13 19:25:18 [http-nio-8082-exec-7] INFO  com.capstone.aspect.LoggerAspect - Method name: com.capstone.service.accountinfoServiceImpl
2022-10-13 19:25:18 [http-nio-8082-exec-7] INFO  com.capstone.aspect.LoggerAspect - Method arguments:[Ljava.lang.Object;@7e12f325
2022-10-13 19:25:18 [http-nio-8082-exec-7] INFO  com.capstone.aspect.LoggerAspect - *************************************
2022-10-13 19:25:18 [http-nio-8082-exec-7] INFO  com.capstone.aspect.LoggerAspect - During: class com.capstone.service.accountinfoServiceImpl.getAcountsByCustId() with arguments=[accountinfo [accno=202200051, custid=202200005, branch_name=Bengaluru, ifsc=NATW000123, savingsamount=3128.0], accountinfo [accno=202200053, custid=202200005, branch_name=Bengaluru, ifsc=NATW000123, savingsamount=150000.0]]
2022-10-13 19:25:18 [http-nio-8082-exec-7] INFO  com.capstone.aspect.LoggerAspect - *************************************
2022-10-13 19:25:18 [http-nio-8082-exec-7] INFO  com.capstone.aspect.LoggerAspect - During: class com.capstone.controller.accountinfoController.getsavingsAccount() with arguments=[accountinfo [accno=202200051, custid=202200005, branch_name=Bengaluru, ifsc=NATW000123, savingsamount=3128.0], accountinfo [accno=202200053, custid=202200005, branch_name=Bengaluru, ifsc=NATW000123, savingsamount=150000.0]]
2022-10-13 19:25:18 [http-nio-8082-exec-7] INFO  com.capstone.aspect.LoggerAspect - *************************************
2022-10-13 19:26:00 [AsyncResolver-bootstrap-executor-0] INFO  c.n.d.s.r.aws.ConfigClusterResolver - Resolving eureka endpoints via configuration
2022-10-13 19:28:00 [http-nio-8082-exec-1] INFO  com.capstone.aspect.LoggerAspect - Method name: com.capstone.controller.accountinfoController
2022-10-13 19:28:00 [http-nio-8082-exec-1] INFO  com.capstone.aspect.LoggerAspect - Method arguments:[Ljava.lang.Object;@7b4b7f6e
2022-10-13 19:28:00 [http-nio-8082-exec-1] INFO  com.capstone.aspect.LoggerAspect - *************************************
2022-10-13 19:28:00 [http-nio-8082-exec-1] INFO  com.capstone.aspect.LoggerAspect - Method name: com.capstone.service.accountinfoServiceImpl
2022-10-13 19:28:00 [http-nio-8082-exec-1] INFO  com.capstone.aspect.LoggerAspect - Method arguments:[Ljava.lang.Object;@2ae98f45
2022-10-13 19:28:00 [http-nio-8082-exec-1] INFO  com.capstone.aspect.LoggerAspect - *************************************
2022-10-13 19:28:00 [http-nio-8082-exec-1] INFO  com.capstone.aspect.LoggerAspect - During: class com.capstone.service.accountinfoServiceImpl.getAcountsByCustId() with arguments=[accountinfo [accno=202200051, custid=202200005, branch_name=Bengaluru, ifsc=NATW000123, savingsamount=3128.0], accountinfo [accno=202200053, custid=202200005, branch_name=Bengaluru, ifsc=NATW000123, savingsamount=150000.0]]
2022-10-13 19:28:00 [http-nio-8082-exec-1] INFO  com.capstone.aspect.LoggerAspect - *************************************
2022-10-13 19:28:00 [http-nio-8082-exec-1] INFO  com.capstone.aspect.LoggerAspect - During: class com.capstone.controller.accountinfoController.getsavingsAccount() with arguments=[accountinfo [accno=202200051, custid=202200005, branch_name=Bengaluru, ifsc=NATW000123, savingsamount=3128.0], accountinfo [accno=202200053, custid=202200005, branch_name=Bengaluru, ifsc=NATW000123, savingsamount=150000.0]]
2022-10-13 19:28:00 [http-nio-8082-exec-1] INFO  com.capstone.aspect.LoggerAspect - *************************************
2022-10-13 19:29:27 [http-nio-8082-exec-8] INFO  com.capstone.aspect.LoggerAspect - Method name: com.capstone.controller.accountinfoController
2022-10-13 19:29:27 [http-nio-8082-exec-8] INFO  com.capstone.aspect.LoggerAspect - Method arguments:[Ljava.lang.Object;@6c575e86
2022-10-13 19:29:27 [http-nio-8082-exec-8] INFO  com.capstone.aspect.LoggerAspect - *************************************
2022-10-13 19:29:27 [http-nio-8082-exec-8] INFO  com.capstone.aspect.LoggerAspect - Method name: com.capstone.service.accountinfoServiceImpl
2022-10-13 19:29:27 [http-nio-8082-exec-8] INFO  com.capstone.aspect.LoggerAspect - Method arguments:[Ljava.lang.Object;@6c04b5c7
2022-10-13 19:29:27 [http-nio-8082-exec-8] INFO  com.capstone.aspect.LoggerAspect - *************************************
2022-10-13 19:29:27 [http-nio-8082-exec-8] INFO  com.capstone.aspect.LoggerAspect - During: class com.capstone.service.accountinfoServiceImpl.getAcountsByCustId() with arguments=[accountinfo [accno=202200051, custid=202200005, branch_name=Bengaluru, ifsc=NATW000123, savingsamount=3128.0], accountinfo [accno=202200053, custid=202200005, branch_name=Bengaluru, ifsc=NATW000123, savingsamount=150000.0]]
2022-10-13 19:29:27 [http-nio-8082-exec-8] INFO  com.capstone.aspect.LoggerAspect - *************************************
2022-10-13 19:29:27 [http-nio-8082-exec-8] INFO  com.capstone.aspect.LoggerAspect - During: class com.capstone.controller.accountinfoController.getsavingsAccount() with arguments=[accountinfo [accno=202200051, custid=202200005, branch_name=Bengaluru, ifsc=NATW000123, savingsamount=3128.0], accountinfo [accno=202200053, custid=202200005, branch_name=Bengaluru, ifsc=NATW000123, savingsamount=150000.0]]
2022-10-13 19:29:27 [http-nio-8082-exec-8] INFO  com.capstone.aspect.LoggerAspect - *************************************
2022-10-13 19:29:31 [http-nio-8082-exec-9] INFO  com.capstone.aspect.LoggerAspect - Method name: com.capstone.controller.accountinfoController
2022-10-13 19:29:31 [http-nio-8082-exec-9] INFO  com.capstone.aspect.LoggerAspect - Method arguments:[Ljava.lang.Object;@21bc6db1
2022-10-13 19:29:31 [http-nio-8082-exec-9] INFO  com.capstone.aspect.LoggerAspect - *************************************
2022-10-13 19:29:31 [http-nio-8082-exec-9] INFO  com.capstone.aspect.LoggerAspect - Method name: com.capstone.service.accountinfoServiceImpl
2022-10-13 19:29:31 [http-nio-8082-exec-9] INFO  com.capstone.aspect.LoggerAspect - Method arguments:[Ljava.lang.Object;@10d5a09
2022-10-13 19:29:31 [http-nio-8082-exec-9] INFO  com.capstone.aspect.LoggerAspect - *************************************
2022-10-13 19:29:31 [http-nio-8082-exec-9] INFO  com.capstone.aspect.LoggerAspect - During: class com.capstone.service.accountinfoServiceImpl.getAcountsByCustId() with arguments=[accountinfo [accno=202200051, custid=202200005, branch_name=Bengaluru, ifsc=NATW000123, savingsamount=3128.0], accountinfo [accno=202200053, custid=202200005, branch_name=Bengaluru, ifsc=NATW000123, savingsamount=150000.0]]
2022-10-13 19:29:31 [http-nio-8082-exec-9] INFO  com.capstone.aspect.LoggerAspect - *************************************
2022-10-13 19:29:31 [http-nio-8082-exec-9] INFO  com.capstone.aspect.LoggerAspect - During: class com.capstone.controller.accountinfoController.getsavingsAccount() with arguments=[accountinfo [accno=202200051, custid=202200005, branch_name=Bengaluru, ifsc=NATW000123, savingsamount=3128.0], accountinfo [accno=202200053, custid=202200005, branch_name=Bengaluru, ifsc=NATW000123, savingsamount=150000.0]]
2022-10-13 19:29:31 [http-nio-8082-exec-9] INFO  com.capstone.aspect.LoggerAspect - *************************************
2022-10-13 19:30:06 [http-nio-8082-exec-3] INFO  com.capstone.aspect.LoggerAspect - Method name: com.capstone.controller.accountinfoController
2022-10-13 19:30:06 [http-nio-8082-exec-3] INFO  com.capstone.aspect.LoggerAspect - Method arguments:[Ljava.lang.Object;@52eca1e8
2022-10-13 19:30:06 [http-nio-8082-exec-3] INFO  com.capstone.aspect.LoggerAspect - *************************************
2022-10-13 19:30:06 [http-nio-8082-exec-3] INFO  com.capstone.aspect.LoggerAspect - Method name: com.capstone.service.accountinfoServiceImpl
2022-10-13 19:30:06 [http-nio-8082-exec-3] INFO  com.capstone.aspect.LoggerAspect - Method arguments:[Ljava.lang.Object;@3b5e3342
2022-10-13 19:30:06 [http-nio-8082-exec-3] INFO  com.capstone.aspect.LoggerAspect - *************************************
2022-10-13 19:30:06 [http-nio-8082-exec-3] INFO  com.capstone.aspect.LoggerAspect - During: class com.capstone.service.accountinfoServiceImpl.getAcountsByCustId() with arguments=[accountinfo [accno=202200051, custid=202200005, branch_name=Bengaluru, ifsc=NATW000123, savingsamount=3128.0], accountinfo [accno=202200053, custid=202200005, branch_name=Bengaluru, ifsc=NATW000123, savingsamount=150000.0]]
2022-10-13 19:30:06 [http-nio-8082-exec-3] INFO  com.capstone.aspect.LoggerAspect - *************************************
2022-10-13 19:30:06 [http-nio-8082-exec-3] INFO  com.capstone.aspect.LoggerAspect - During: class com.capstone.controller.accountinfoController.getsavingsAccount() with arguments=[accountinfo [accno=202200051, custid=202200005, branch_name=Bengaluru, ifsc=NATW000123, savingsamount=3128.0], accountinfo [accno=202200053, custid=202200005, branch_name=Bengaluru, ifsc=NATW000123, savingsamount=150000.0]]
2022-10-13 19:30:06 [http-nio-8082-exec-3] INFO  com.capstone.aspect.LoggerAspect - *************************************
2022-10-13 19:30:10 [http-nio-8082-exec-6] INFO  com.capstone.aspect.LoggerAspect - Method name: com.capstone.controller.accountinfoController
2022-10-13 19:30:10 [http-nio-8082-exec-6] INFO  com.capstone.aspect.LoggerAspect - Method arguments:[Ljava.lang.Object;@4d47e900
2022-10-13 19:30:10 [http-nio-8082-exec-6] INFO  com.capstone.aspect.LoggerAspect - *************************************
2022-10-13 19:30:10 [http-nio-8082-exec-6] INFO  com.capstone.aspect.LoggerAspect - Method name: com.capstone.service.accountinfoServiceImpl
2022-10-13 19:30:10 [http-nio-8082-exec-6] INFO  com.capstone.aspect.LoggerAspect - Method arguments:[Ljava.lang.Object;@18ef3fcc
2022-10-13 19:30:10 [http-nio-8082-exec-6] INFO  com.capstone.aspect.LoggerAspect - *************************************
2022-10-13 19:30:10 [http-nio-8082-exec-6] INFO  com.capstone.aspect.LoggerAspect - During: class com.capstone.service.accountinfoServiceImpl.getAcountsByCustId() with arguments=[accountinfo [accno=202200051, custid=202200005, branch_name=Bengaluru, ifsc=NATW000123, savingsamount=3128.0], accountinfo [accno=202200053, custid=202200005, branch_name=Bengaluru, ifsc=NATW000123, savingsamount=150000.0]]
2022-10-13 19:30:10 [http-nio-8082-exec-6] INFO  com.capstone.aspect.LoggerAspect - *************************************
2022-10-13 19:30:10 [http-nio-8082-exec-6] INFO  com.capstone.aspect.LoggerAspect - During: class com.capstone.controller.accountinfoController.getsavingsAccount() with arguments=[accountinfo [accno=202200051, custid=202200005, branch_name=Bengaluru, ifsc=NATW000123, savingsamount=3128.0], accountinfo [accno=202200053, custid=202200005, branch_name=Bengaluru, ifsc=NATW000123, savingsamount=150000.0]]
2022-10-13 19:30:10 [http-nio-8082-exec-6] INFO  com.capstone.aspect.LoggerAspect - *************************************
2022-10-13 19:31:00 [AsyncResolver-bootstrap-executor-0] INFO  c.n.d.s.r.aws.ConfigClusterResolver - Resolving eureka endpoints via configuration
2022-10-13 19:36:00 [AsyncResolver-bootstrap-executor-0] INFO  c.n.d.s.r.aws.ConfigClusterResolver - Resolving eureka endpoints via configuration
2022-10-13 19:41:00 [AsyncResolver-bootstrap-executor-0] INFO  c.n.d.s.r.aws.ConfigClusterResolver - Resolving eureka endpoints via configuration
2022-10-13 19:45:53 [http-nio-8082-exec-1] INFO  com.capstone.aspect.LoggerAspect - Method name: com.capstone.controller.accountinfoController
2022-10-13 19:45:53 [http-nio-8082-exec-1] INFO  com.capstone.aspect.LoggerAspect - Method arguments:[Ljava.lang.Object;@37f3e461
2022-10-13 19:45:53 [http-nio-8082-exec-1] INFO  com.capstone.aspect.LoggerAspect - *************************************
2022-10-13 19:45:53 [http-nio-8082-exec-1] INFO  com.capstone.aspect.LoggerAspect - Method name: com.capstone.service.accountinfoServiceImpl
2022-10-13 19:45:53 [http-nio-8082-exec-1] INFO  com.capstone.aspect.LoggerAspect - Method arguments:[Ljava.lang.Object;@6e545fbd
2022-10-13 19:45:53 [http-nio-8082-exec-1] INFO  com.capstone.aspect.LoggerAspect - *************************************
2022-10-13 19:45:53 [http-nio-8082-exec-1] INFO  com.capstone.aspect.LoggerAspect - During: class com.capstone.service.accountinfoServiceImpl.getAcountsByCustId() with arguments=[accountinfo [accno=202200051, custid=202200005, branch_name=Bengaluru, ifsc=NATW000123, savingsamount=3128.0], accountinfo [accno=202200053, custid=202200005, branch_name=Bengaluru, ifsc=NATW000123, savingsamount=150000.0]]
2022-10-13 19:45:53 [http-nio-8082-exec-1] INFO  com.capstone.aspect.LoggerAspect - *************************************
2022-10-13 19:45:53 [http-nio-8082-exec-1] INFO  com.capstone.aspect.LoggerAspect - During: class com.capstone.controller.accountinfoController.getsavingsAccount() with arguments=[accountinfo [accno=202200051, custid=202200005, branch_name=Bengaluru, ifsc=NATW000123, savingsamount=3128.0], accountinfo [accno=202200053, custid=202200005, branch_name=Bengaluru, ifsc=NATW000123, savingsamount=150000.0]]
2022-10-13 19:45:53 [http-nio-8082-exec-1] INFO  com.capstone.aspect.LoggerAspect - *************************************
2022-10-13 19:46:00 [AsyncResolver-bootstrap-executor-0] INFO  c.n.d.s.r.aws.ConfigClusterResolver - Resolving eureka endpoints via configuration
2022-10-13 19:48:40 [http-nio-8082-exec-8] INFO  com.capstone.aspect.LoggerAspect - Method name: com.capstone.controller.accountinfoController
2022-10-13 19:48:40 [http-nio-8082-exec-8] INFO  com.capstone.aspect.LoggerAspect - Method arguments:[Ljava.lang.Object;@1ca78276
2022-10-13 19:48:40 [http-nio-8082-exec-8] INFO  com.capstone.aspect.LoggerAspect - *************************************
2022-10-13 19:48:40 [http-nio-8082-exec-8] INFO  com.capstone.aspect.LoggerAspect - Method name: com.capstone.service.accountinfoServiceImpl
2022-10-13 19:48:40 [http-nio-8082-exec-8] INFO  com.capstone.aspect.LoggerAspect - Method arguments:[Ljava.lang.Object;@6deacdf8
2022-10-13 19:48:40 [http-nio-8082-exec-8] INFO  com.capstone.aspect.LoggerAspect - *************************************
2022-10-13 19:48:40 [http-nio-8082-exec-8] INFO  com.capstone.aspect.LoggerAspect - During: class com.capstone.service.accountinfoServiceImpl.getAcountsByCustId() with arguments=[accountinfo [accno=202200051, custid=202200005, branch_name=Bengaluru, ifsc=NATW000123, savingsamount=3128.0], accountinfo [accno=202200053, custid=202200005, branch_name=Bengaluru, ifsc=NATW000123, savingsamount=150000.0]]
2022-10-13 19:48:40 [http-nio-8082-exec-8] INFO  com.capstone.aspect.LoggerAspect - *************************************
2022-10-13 19:48:40 [http-nio-8082-exec-8] INFO  com.capstone.aspect.LoggerAspect - During: class com.capstone.controller.accountinfoController.getsavingsAccount() with arguments=[accountinfo [accno=202200051, custid=202200005, branch_name=Bengaluru, ifsc=NATW000123, savingsamount=3128.0], accountinfo [accno=202200053, custid=202200005, branch_name=Bengaluru, ifsc=NATW000123, savingsamount=150000.0]]
2022-10-13 19:48:40 [http-nio-8082-exec-8] INFO  com.capstone.aspect.LoggerAspect - *************************************
2022-10-13 19:48:47 [http-nio-8082-exec-9] INFO  com.capstone.aspect.LoggerAspect - Method name: com.capstone.controller.accountinfoController
2022-10-13 19:48:47 [http-nio-8082-exec-9] INFO  com.capstone.aspect.LoggerAspect - Method arguments:[Ljava.lang.Object;@7ee384b0
2022-10-13 19:48:47 [http-nio-8082-exec-9] INFO  com.capstone.aspect.LoggerAspect - *************************************
2022-10-13 19:48:47 [http-nio-8082-exec-9] INFO  com.capstone.aspect.LoggerAspect - Method name: com.capstone.service.accountinfoServiceImpl
2022-10-13 19:48:47 [http-nio-8082-exec-9] INFO  com.capstone.aspect.LoggerAspect - Method arguments:[Ljava.lang.Object;@78f5f9c9
2022-10-13 19:48:47 [http-nio-8082-exec-9] INFO  com.capstone.aspect.LoggerAspect - *************************************
2022-10-13 19:48:47 [http-nio-8082-exec-9] INFO  com.capstone.aspect.LoggerAspect - During: class com.capstone.service.accountinfoServiceImpl.getAcountsByCustId() with arguments=[accountinfo [accno=202200051, custid=202200005, branch_name=Bengaluru, ifsc=NATW000123, savingsamount=3128.0], accountinfo [accno=202200053, custid=202200005, branch_name=Bengaluru, ifsc=NATW000123, savingsamount=150000.0]]
2022-10-13 19:48:47 [http-nio-8082-exec-9] INFO  com.capstone.aspect.LoggerAspect - *************************************
2022-10-13 19:48:47 [http-nio-8082-exec-9] INFO  com.capstone.aspect.LoggerAspect - During: class com.capstone.controller.accountinfoController.getsavingsAccount() with arguments=[accountinfo [accno=202200051, custid=202200005, branch_name=Bengaluru, ifsc=NATW000123, savingsamount=3128.0], accountinfo [accno=202200053, custid=202200005, branch_name=Bengaluru, ifsc=NATW000123, savingsamount=150000.0]]
2022-10-13 19:48:47 [http-nio-8082-exec-9] INFO  com.capstone.aspect.LoggerAspect - *************************************
2022-10-13 19:49:07 [http-nio-8082-exec-3] INFO  com.capstone.aspect.LoggerAspect - Method name: com.capstone.controller.accountinfoController
2022-10-13 19:49:07 [http-nio-8082-exec-3] INFO  com.capstone.aspect.LoggerAspect - Method arguments:[Ljava.lang.Object;@274c215b
2022-10-13 19:49:07 [http-nio-8082-exec-3] INFO  com.capstone.aspect.LoggerAspect - *************************************
2022-10-13 19:49:07 [http-nio-8082-exec-3] INFO  com.capstone.aspect.LoggerAspect - Method name: com.capstone.service.accountinfoServiceImpl
2022-10-13 19:49:07 [http-nio-8082-exec-3] INFO  com.capstone.aspect.LoggerAspect - Method arguments:[Ljava.lang.Object;@5094eae
2022-10-13 19:49:07 [http-nio-8082-exec-3] INFO  com.capstone.aspect.LoggerAspect - *************************************
2022-10-13 19:49:07 [http-nio-8082-exec-3] INFO  com.capstone.aspect.LoggerAspect - During: class com.capstone.service.accountinfoServiceImpl.getAcountsByCustId() with arguments=[accountinfo [accno=202200051, custid=202200005, branch_name=Bengaluru, ifsc=NATW000123, savingsamount=3128.0], accountinfo [accno=202200053, custid=202200005, branch_name=Bengaluru, ifsc=NATW000123, savingsamount=150000.0]]
2022-10-13 19:49:07 [http-nio-8082-exec-3] INFO  com.capstone.aspect.LoggerAspect - *************************************
2022-10-13 19:49:07 [http-nio-8082-exec-3] INFO  com.capstone.aspect.LoggerAspect - During: class com.capstone.controller.accountinfoController.getsavingsAccount() with arguments=[accountinfo [accno=202200051, custid=202200005, branch_name=Bengaluru, ifsc=NATW000123, savingsamount=3128.0], accountinfo [accno=202200053, custid=202200005, branch_name=Bengaluru, ifsc=NATW000123, savingsamount=150000.0]]
2022-10-13 19:49:07 [http-nio-8082-exec-3] INFO  com.capstone.aspect.LoggerAspect - *************************************
2022-10-13 19:50:37 [http-nio-8082-exec-7] INFO  com.capstone.aspect.LoggerAspect - Method name: com.capstone.controller.accountinfoController
2022-10-13 19:50:37 [http-nio-8082-exec-7] INFO  com.capstone.aspect.LoggerAspect - Method arguments:[Ljava.lang.Object;@172ccbc2
2022-10-13 19:50:37 [http-nio-8082-exec-7] INFO  com.capstone.aspect.LoggerAspect - *************************************
2022-10-13 19:50:37 [http-nio-8082-exec-7] INFO  com.capstone.aspect.LoggerAspect - Method name: com.capstone.service.accountinfoServiceImpl
2022-10-13 19:50:37 [http-nio-8082-exec-7] INFO  com.capstone.aspect.LoggerAspect - Method arguments:[Ljava.lang.Object;@589721da
2022-10-13 19:50:37 [http-nio-8082-exec-7] INFO  com.capstone.aspect.LoggerAspect - *************************************
2022-10-13 19:50:37 [http-nio-8082-exec-7] INFO  com.capstone.aspect.LoggerAspect - During: class com.capstone.service.accountinfoServiceImpl.getAcountsByCustId() with arguments=[accountinfo [accno=202200051, custid=202200005, branch_name=Bengaluru, ifsc=NATW000123, savingsamount=3128.0], accountinfo [accno=202200053, custid=202200005, branch_name=Bengaluru, ifsc=NATW000123, savingsamount=150000.0]]
2022-10-13 19:50:37 [http-nio-8082-exec-7] INFO  com.capstone.aspect.LoggerAspect - *************************************
2022-10-13 19:50:37 [http-nio-8082-exec-7] INFO  com.capstone.aspect.LoggerAspect - During: class com.capstone.controller.accountinfoController.getsavingsAccount() with arguments=[accountinfo [accno=202200051, custid=202200005, branch_name=Bengaluru, ifsc=NATW000123, savingsamount=3128.0], accountinfo [accno=202200053, custid=202200005, branch_name=Bengaluru, ifsc=NATW000123, savingsamount=150000.0]]
2022-10-13 19:50:37 [http-nio-8082-exec-7] INFO  com.capstone.aspect.LoggerAspect - *************************************
2022-10-13 19:50:41 [http-nio-8082-exec-10] INFO  com.capstone.aspect.LoggerAspect - Method name: com.capstone.controller.accountinfoController
2022-10-13 19:50:41 [http-nio-8082-exec-10] INFO  com.capstone.aspect.LoggerAspect - Method arguments:[Ljava.lang.Object;@66854b43
2022-10-13 19:50:41 [http-nio-8082-exec-10] INFO  com.capstone.aspect.LoggerAspect - *************************************
2022-10-13 19:50:41 [http-nio-8082-exec-10] INFO  com.capstone.aspect.LoggerAspect - Method name: com.capstone.service.accountinfoServiceImpl
2022-10-13 19:50:41 [http-nio-8082-exec-10] INFO  com.capstone.aspect.LoggerAspect - Method arguments:[Ljava.lang.Object;@42151a4
2022-10-13 19:50:41 [http-nio-8082-exec-10] INFO  com.capstone.aspect.LoggerAspect - *************************************
2022-10-13 19:50:41 [http-nio-8082-exec-10] INFO  com.capstone.aspect.LoggerAspect - During: class com.capstone.service.accountinfoServiceImpl.getAcountsByCustId() with arguments=[accountinfo [accno=202200051, custid=202200005, branch_name=Bengaluru, ifsc=NATW000123, savingsamount=3128.0], accountinfo [accno=202200053, custid=202200005, branch_name=Bengaluru, ifsc=NATW000123, savingsamount=150000.0]]
2022-10-13 19:50:41 [http-nio-8082-exec-10] INFO  com.capstone.aspect.LoggerAspect - *************************************
2022-10-13 19:50:41 [http-nio-8082-exec-10] INFO  com.capstone.aspect.LoggerAspect - During: class com.capstone.controller.accountinfoController.getsavingsAccount() with arguments=[accountinfo [accno=202200051, custid=202200005, branch_name=Bengaluru, ifsc=NATW000123, savingsamount=3128.0], accountinfo [accno=202200053, custid=202200005, branch_name=Bengaluru, ifsc=NATW000123, savingsamount=150000.0]]
2022-10-13 19:50:41 [http-nio-8082-exec-10] INFO  com.capstone.aspect.LoggerAspect - *************************************
2022-10-13 19:51:00 [AsyncResolver-bootstrap-executor-0] INFO  c.n.d.s.r.aws.ConfigClusterResolver - Resolving eureka endpoints via configuration
2022-10-13 19:51:01 [http-nio-8082-exec-1] INFO  com.capstone.aspect.LoggerAspect - Method name: com.capstone.controller.accountinfoController
2022-10-13 19:51:01 [http-nio-8082-exec-1] INFO  com.capstone.aspect.LoggerAspect - Method arguments:[Ljava.lang.Object;@35dbc32a
2022-10-13 19:51:01 [http-nio-8082-exec-1] INFO  com.capstone.aspect.LoggerAspect - *************************************
2022-10-13 19:51:01 [http-nio-8082-exec-1] INFO  com.capstone.aspect.LoggerAspect - Method name: com.capstone.service.accountinfoServiceImpl
2022-10-13 19:51:01 [http-nio-8082-exec-1] INFO  com.capstone.aspect.LoggerAspect - Method arguments:[Ljava.lang.Object;@6765b89d
2022-10-13 19:51:01 [http-nio-8082-exec-1] INFO  com.capstone.aspect.LoggerAspect - *************************************
2022-10-13 19:51:01 [http-nio-8082-exec-1] INFO  com.capstone.aspect.LoggerAspect - During: class com.capstone.service.accountinfoServiceImpl.getAcountsByCustId() with arguments=[accountinfo [accno=202200051, custid=202200005, branch_name=Bengaluru, ifsc=NATW000123, savingsamount=3128.0], accountinfo [accno=202200053, custid=202200005, branch_name=Bengaluru, ifsc=NATW000123, savingsamount=150000.0]]
2022-10-13 19:51:01 [http-nio-8082-exec-1] INFO  com.capstone.aspect.LoggerAspect - *************************************
2022-10-13 19:51:01 [http-nio-8082-exec-1] INFO  com.capstone.aspect.LoggerAspect - During: class com.capstone.controller.accountinfoController.getsavingsAccount() with arguments=[accountinfo [accno=202200051, custid=202200005, branch_name=Bengaluru, ifsc=NATW000123, savingsamount=3128.0], accountinfo [accno=202200053, custid=202200005, branch_name=Bengaluru, ifsc=NATW000123, savingsamount=150000.0]]
2022-10-13 19:51:01 [http-nio-8082-exec-1] INFO  com.capstone.aspect.LoggerAspect - *************************************
2022-10-13 19:51:30 [http-nio-8082-exec-4] INFO  com.capstone.aspect.LoggerAspect - Method name: com.capstone.controller.accountinfoController
2022-10-13 19:51:30 [http-nio-8082-exec-4] INFO  com.capstone.aspect.LoggerAspect - Method arguments:[Ljava.lang.Object;@7be8964d
2022-10-13 19:51:30 [http-nio-8082-exec-4] INFO  com.capstone.aspect.LoggerAspect - *************************************
2022-10-13 19:51:30 [http-nio-8082-exec-4] INFO  com.capstone.aspect.LoggerAspect - Method name: com.capstone.service.accountinfoServiceImpl
2022-10-13 19:51:30 [http-nio-8082-exec-4] INFO  com.capstone.aspect.LoggerAspect - Method arguments:[Ljava.lang.Object;@2322b688
2022-10-13 19:51:30 [http-nio-8082-exec-4] INFO  com.capstone.aspect.LoggerAspect - *************************************
2022-10-13 19:51:30 [http-nio-8082-exec-4] INFO  com.capstone.aspect.LoggerAspect - During: class com.capstone.service.accountinfoServiceImpl.getAcountsByCustId() with arguments=[accountinfo [accno=202200051, custid=202200005, branch_name=Bengaluru, ifsc=NATW000123, savingsamount=3128.0], accountinfo [accno=202200053, custid=202200005, branch_name=Bengaluru, ifsc=NATW000123, savingsamount=150000.0]]
2022-10-13 19:51:30 [http-nio-8082-exec-4] INFO  com.capstone.aspect.LoggerAspect - *************************************
2022-10-13 19:51:30 [http-nio-8082-exec-4] INFO  com.capstone.aspect.LoggerAspect - During: class com.capstone.controller.accountinfoController.getsavingsAccount() with arguments=[accountinfo [accno=202200051, custid=202200005, branch_name=Bengaluru, ifsc=NATW000123, savingsamount=3128.0], accountinfo [accno=202200053, custid=202200005, branch_name=Bengaluru, ifsc=NATW000123, savingsamount=150000.0]]
2022-10-13 19:51:30 [http-nio-8082-exec-4] INFO  com.capstone.aspect.LoggerAspect - *************************************
2022-10-13 19:51:58 [http-nio-8082-exec-8] INFO  com.capstone.aspect.LoggerAspect - Method name: com.capstone.controller.accountinfoController
2022-10-13 19:51:58 [http-nio-8082-exec-8] INFO  com.capstone.aspect.LoggerAspect - Method arguments:[Ljava.lang.Object;@5508ff8f
2022-10-13 19:51:58 [http-nio-8082-exec-8] INFO  com.capstone.aspect.LoggerAspect - *************************************
2022-10-13 19:51:58 [http-nio-8082-exec-8] INFO  com.capstone.aspect.LoggerAspect - Method name: com.capstone.service.accountinfoServiceImpl
2022-10-13 19:51:58 [http-nio-8082-exec-8] INFO  com.capstone.aspect.LoggerAspect - Method arguments:[Ljava.lang.Object;@ce1053d
2022-10-13 19:51:58 [http-nio-8082-exec-8] INFO  com.capstone.aspect.LoggerAspect - *************************************
2022-10-13 19:51:58 [http-nio-8082-exec-8] INFO  com.capstone.aspect.LoggerAspect - During: class com.capstone.service.accountinfoServiceImpl.getAcountsByCustId() with arguments=[accountinfo [accno=202200051, custid=202200005, branch_name=Bengaluru, ifsc=NATW000123, savingsamount=3128.0], accountinfo [accno=202200053, custid=202200005, branch_name=Bengaluru, ifsc=NATW000123, savingsamount=150000.0]]
2022-10-13 19:51:58 [http-nio-8082-exec-8] INFO  com.capstone.aspect.LoggerAspect - *************************************
2022-10-13 19:51:58 [http-nio-8082-exec-8] INFO  com.capstone.aspect.LoggerAspect - During: class com.capstone.controller.accountinfoController.getsavingsAccount() with arguments=[accountinfo [accno=202200051, custid=202200005, branch_name=Bengaluru, ifsc=NATW000123, savingsamount=3128.0], accountinfo [accno=202200053, custid=202200005, branch_name=Bengaluru, ifsc=NATW000123, savingsamount=150000.0]]
2022-10-13 19:51:58 [http-nio-8082-exec-8] INFO  com.capstone.aspect.LoggerAspect - *************************************
2022-10-13 19:52:01 [http-nio-8082-exec-5] INFO  com.capstone.aspect.LoggerAspect - Method name: com.capstone.controller.accountinfoController
2022-10-13 19:52:01 [http-nio-8082-exec-5] INFO  com.capstone.aspect.LoggerAspect - Method arguments:[Ljava.lang.Object;@7a2d22c3
2022-10-13 19:52:01 [http-nio-8082-exec-5] INFO  com.capstone.aspect.LoggerAspect - *************************************
2022-10-13 19:52:01 [http-nio-8082-exec-5] INFO  com.capstone.aspect.LoggerAspect - Method name: com.capstone.service.accountinfoServiceImpl
2022-10-13 19:52:01 [http-nio-8082-exec-5] INFO  com.capstone.aspect.LoggerAspect - Method arguments:[Ljava.lang.Object;@4e75a84e
2022-10-13 19:52:01 [http-nio-8082-exec-5] INFO  com.capstone.aspect.LoggerAspect - *************************************
2022-10-13 19:52:01 [http-nio-8082-exec-5] INFO  com.capstone.aspect.LoggerAspect - During: class com.capstone.service.accountinfoServiceImpl.getAcountsByCustId() with arguments=[accountinfo [accno=202200051, custid=202200005, branch_name=Bengaluru, ifsc=NATW000123, savingsamount=3128.0], accountinfo [accno=202200053, custid=202200005, branch_name=Bengaluru, ifsc=NATW000123, savingsamount=150000.0]]
2022-10-13 19:52:01 [http-nio-8082-exec-5] INFO  com.capstone.aspect.LoggerAspect - *************************************
2022-10-13 19:52:01 [http-nio-8082-exec-5] INFO  com.capstone.aspect.LoggerAspect - During: class com.capstone.controller.accountinfoController.getsavingsAccount() with arguments=[accountinfo [accno=202200051, custid=202200005, branch_name=Bengaluru, ifsc=NATW000123, savingsamount=3128.0], accountinfo [accno=202200053, custid=202200005, branch_name=Bengaluru, ifsc=NATW000123, savingsamount=150000.0]]
2022-10-13 19:52:01 [http-nio-8082-exec-5] INFO  com.capstone.aspect.LoggerAspect - *************************************
2022-10-13 19:52:13 [http-nio-8082-exec-9] INFO  com.capstone.aspect.LoggerAspect - Method name: com.capstone.controller.accountinfoController
2022-10-13 19:52:13 [http-nio-8082-exec-9] INFO  com.capstone.aspect.LoggerAspect - Method arguments:[Ljava.lang.Object;@7bf321b8
2022-10-13 19:52:13 [http-nio-8082-exec-9] INFO  com.capstone.aspect.LoggerAspect - *************************************
2022-10-13 19:52:13 [http-nio-8082-exec-9] INFO  com.capstone.aspect.LoggerAspect - Method name: com.capstone.service.accountinfoServiceImpl
2022-10-13 19:52:13 [http-nio-8082-exec-9] INFO  com.capstone.aspect.LoggerAspect - Method arguments:[Ljava.lang.Object;@385065c5
2022-10-13 19:52:13 [http-nio-8082-exec-9] INFO  com.capstone.aspect.LoggerAspect - *************************************
2022-10-13 19:52:13 [http-nio-8082-exec-9] INFO  com.capstone.aspect.LoggerAspect - During: class com.capstone.service.accountinfoServiceImpl.getAcountsByCustId() with arguments=[accountinfo [accno=202200051, custid=202200005, branch_name=Bengaluru, ifsc=NATW000123, savingsamount=3128.0], accountinfo [accno=202200053, custid=202200005, branch_name=Bengaluru, ifsc=NATW000123, savingsamount=150000.0]]
2022-10-13 19:52:13 [http-nio-8082-exec-9] INFO  com.capstone.aspect.LoggerAspect - *************************************
2022-10-13 19:52:13 [http-nio-8082-exec-9] INFO  com.capstone.aspect.LoggerAspect - During: class com.capstone.controller.accountinfoController.getsavingsAccount() with arguments=[accountinfo [accno=202200051, custid=202200005, branch_name=Bengaluru, ifsc=NATW000123, savingsamount=3128.0], accountinfo [accno=202200053, custid=202200005, branch_name=Bengaluru, ifsc=NATW000123, savingsamount=150000.0]]
2022-10-13 19:52:13 [http-nio-8082-exec-9] INFO  com.capstone.aspect.LoggerAspect - *************************************
2022-10-13 19:52:16 [http-nio-8082-exec-2] INFO  com.capstone.aspect.LoggerAspect - Method name: com.capstone.controller.accountinfoController
2022-10-13 19:52:16 [http-nio-8082-exec-2] INFO  com.capstone.aspect.LoggerAspect - Method arguments:[Ljava.lang.Object;@2873d15e
2022-10-13 19:52:16 [http-nio-8082-exec-2] INFO  com.capstone.aspect.LoggerAspect - *************************************
2022-10-13 19:52:16 [http-nio-8082-exec-2] INFO  com.capstone.aspect.LoggerAspect - Method name: com.capstone.service.accountinfoServiceImpl
2022-10-13 19:52:16 [http-nio-8082-exec-2] INFO  com.capstone.aspect.LoggerAspect - Method arguments:[Ljava.lang.Object;@3adf967
2022-10-13 19:52:16 [http-nio-8082-exec-2] INFO  com.capstone.aspect.LoggerAspect - *************************************
2022-10-13 19:52:16 [http-nio-8082-exec-2] INFO  com.capstone.aspect.LoggerAspect - During: class com.capstone.service.accountinfoServiceImpl.getAcountsByCustId() with arguments=[accountinfo [accno=202200051, custid=202200005, branch_name=Bengaluru, ifsc=NATW000123, savingsamount=3128.0], accountinfo [accno=202200053, custid=202200005, branch_name=Bengaluru, ifsc=NATW000123, savingsamount=150000.0]]
2022-10-13 19:52:16 [http-nio-8082-exec-2] INFO  com.capstone.aspect.LoggerAspect - *************************************
2022-10-13 19:52:16 [http-nio-8082-exec-2] INFO  com.capstone.aspect.LoggerAspect - During: class com.capstone.controller.accountinfoController.getsavingsAccount() with arguments=[accountinfo [accno=202200051, custid=202200005, branch_name=Bengaluru, ifsc=NATW000123, savingsamount=3128.0], accountinfo [accno=202200053, custid=202200005, branch_name=Bengaluru, ifsc=NATW000123, savingsamount=150000.0]]
2022-10-13 19:52:16 [http-nio-8082-exec-2] INFO  com.capstone.aspect.LoggerAspect - *************************************
2022-10-13 19:52:31 [http-nio-8082-exec-3] INFO  com.capstone.aspect.LoggerAspect - Method name: com.capstone.controller.accountinfoController
2022-10-13 19:52:31 [http-nio-8082-exec-3] INFO  com.capstone.aspect.LoggerAspect - Method arguments:[Ljava.lang.Object;@523c585b
2022-10-13 19:52:31 [http-nio-8082-exec-3] INFO  com.capstone.aspect.LoggerAspect - *************************************
2022-10-13 19:52:31 [http-nio-8082-exec-3] INFO  com.capstone.aspect.LoggerAspect - Method name: com.capstone.service.accountinfoServiceImpl
2022-10-13 19:52:31 [http-nio-8082-exec-3] INFO  com.capstone.aspect.LoggerAspect - Method arguments:[Ljava.lang.Object;@126fc92e
2022-10-13 19:52:31 [http-nio-8082-exec-3] INFO  com.capstone.aspect.LoggerAspect - *************************************
2022-10-13 19:52:31 [http-nio-8082-exec-3] INFO  com.capstone.aspect.LoggerAspect - During: class com.capstone.service.accountinfoServiceImpl.getAcountsByCustId() with arguments=[accountinfo [accno=202200051, custid=202200005, branch_name=Bengaluru, ifsc=NATW000123, savingsamount=3128.0], accountinfo [accno=202200053, custid=202200005, branch_name=Bengaluru, ifsc=NATW000123, savingsamount=150000.0]]
2022-10-13 19:52:31 [http-nio-8082-exec-3] INFO  com.capstone.aspect.LoggerAspect - *************************************
2022-10-13 19:52:31 [http-nio-8082-exec-3] INFO  com.capstone.aspect.LoggerAspect - During: class com.capstone.controller.accountinfoController.getsavingsAccount() with arguments=[accountinfo [accno=202200051, custid=202200005, branch_name=Bengaluru, ifsc=NATW000123, savingsamount=3128.0], accountinfo [accno=202200053, custid=202200005, branch_name=Bengaluru, ifsc=NATW000123, savingsamount=150000.0]]
2022-10-13 19:52:31 [http-nio-8082-exec-3] INFO  com.capstone.aspect.LoggerAspect - *************************************
2022-10-13 19:52:34 [http-nio-8082-exec-6] INFO  com.capstone.aspect.LoggerAspect - Method name: com.capstone.controller.accountinfoController
2022-10-13 19:52:34 [http-nio-8082-exec-6] INFO  com.capstone.aspect.LoggerAspect - Method arguments:[Ljava.lang.Object;@48a841fd
2022-10-13 19:52:34 [http-nio-8082-exec-6] INFO  com.capstone.aspect.LoggerAspect - *************************************
2022-10-13 19:52:34 [http-nio-8082-exec-6] INFO  com.capstone.aspect.LoggerAspect - Method name: com.capstone.service.accountinfoServiceImpl
2022-10-13 19:52:34 [http-nio-8082-exec-6] INFO  com.capstone.aspect.LoggerAspect - Method arguments:[Ljava.lang.Object;@757b49ce
2022-10-13 19:52:34 [http-nio-8082-exec-6] INFO  com.capstone.aspect.LoggerAspect - *************************************
2022-10-13 19:52:34 [http-nio-8082-exec-6] INFO  com.capstone.aspect.LoggerAspect - During: class com.capstone.service.accountinfoServiceImpl.getAcountsByCustId() with arguments=[accountinfo [accno=202200051, custid=202200005, branch_name=Bengaluru, ifsc=NATW000123, savingsamount=3128.0], accountinfo [accno=202200053, custid=202200005, branch_name=Bengaluru, ifsc=NATW000123, savingsamount=150000.0]]
2022-10-13 19:52:34 [http-nio-8082-exec-6] INFO  com.capstone.aspect.LoggerAspect - *************************************
2022-10-13 19:52:34 [http-nio-8082-exec-6] INFO  com.capstone.aspect.LoggerAspect - During: class com.capstone.controller.accountinfoController.getsavingsAccount() with arguments=[accountinfo [accno=202200051, custid=202200005, branch_name=Bengaluru, ifsc=NATW000123, savingsamount=3128.0], accountinfo [accno=202200053, custid=202200005, branch_name=Bengaluru, ifsc=NATW000123, savingsamount=150000.0]]
2022-10-13 19:52:34 [http-nio-8082-exec-6] INFO  com.capstone.aspect.LoggerAspect - *************************************
2022-10-13 19:53:19 [http-nio-8082-exec-7] INFO  com.capstone.aspect.LoggerAspect - Method name: com.capstone.controller.accountinfoController
2022-10-13 19:53:19 [http-nio-8082-exec-7] INFO  com.capstone.aspect.LoggerAspect - Method arguments:[Ljava.lang.Object;@770f7c28
2022-10-13 19:53:19 [http-nio-8082-exec-7] INFO  com.capstone.aspect.LoggerAspect - *************************************
2022-10-13 19:53:19 [http-nio-8082-exec-7] INFO  com.capstone.aspect.LoggerAspect - Method name: com.capstone.service.accountinfoServiceImpl
2022-10-13 19:53:19 [http-nio-8082-exec-7] INFO  com.capstone.aspect.LoggerAspect - Method arguments:[Ljava.lang.Object;@52157ce5
2022-10-13 19:53:19 [http-nio-8082-exec-7] INFO  com.capstone.aspect.LoggerAspect - *************************************
2022-10-13 19:53:19 [http-nio-8082-exec-7] INFO  com.capstone.aspect.LoggerAspect - During: class com.capstone.service.accountinfoServiceImpl.getAcountsByCustId() with arguments=[accountinfo [accno=202200051, custid=202200005, branch_name=Bengaluru, ifsc=NATW000123, savingsamount=3128.0], accountinfo [accno=202200053, custid=202200005, branch_name=Bengaluru, ifsc=NATW000123, savingsamount=150000.0]]
2022-10-13 19:53:19 [http-nio-8082-exec-7] INFO  com.capstone.aspect.LoggerAspect - *************************************
2022-10-13 19:53:19 [http-nio-8082-exec-7] INFO  com.capstone.aspect.LoggerAspect - During: class com.capstone.controller.accountinfoController.getsavingsAccount() with arguments=[accountinfo [accno=202200051, custid=202200005, branch_name=Bengaluru, ifsc=NATW000123, savingsamount=3128.0], accountinfo [accno=202200053, custid=202200005, branch_name=Bengaluru, ifsc=NATW000123, savingsamount=150000.0]]
2022-10-13 19:53:19 [http-nio-8082-exec-7] INFO  com.capstone.aspect.LoggerAspect - *************************************
2022-10-13 19:56:00 [AsyncResolver-bootstrap-executor-0] INFO  c.n.d.s.r.aws.ConfigClusterResolver - Resolving eureka endpoints via configuration
2022-10-13 19:57:12 [http-nio-8082-exec-1] INFO  com.capstone.aspect.LoggerAspect - Method name: com.capstone.controller.accountinfoController
2022-10-13 19:57:12 [http-nio-8082-exec-1] INFO  com.capstone.aspect.LoggerAspect - Method arguments:[Ljava.lang.Object;@6cc7d0b5
2022-10-13 19:57:12 [http-nio-8082-exec-1] INFO  com.capstone.aspect.LoggerAspect - *************************************
2022-10-13 19:57:12 [http-nio-8082-exec-1] INFO  com.capstone.aspect.LoggerAspect - Method name: com.capstone.service.accountinfoServiceImpl
2022-10-13 19:57:12 [http-nio-8082-exec-1] INFO  com.capstone.aspect.LoggerAspect - Method arguments:[Ljava.lang.Object;@1ff28dce
2022-10-13 19:57:12 [http-nio-8082-exec-1] INFO  com.capstone.aspect.LoggerAspect - *************************************
2022-10-13 19:57:12 [http-nio-8082-exec-1] INFO  com.capstone.aspect.LoggerAspect - During: class com.capstone.service.accountinfoServiceImpl.getAcountsByCustId() with arguments=[accountinfo [accno=202200051, custid=202200005, branch_name=Bengaluru, ifsc=NATW000123, savingsamount=3128.0], accountinfo [accno=202200053, custid=202200005, branch_name=Bengaluru, ifsc=NATW000123, savingsamount=150000.0]]
2022-10-13 19:57:12 [http-nio-8082-exec-1] INFO  com.capstone.aspect.LoggerAspect - *************************************
2022-10-13 19:57:12 [http-nio-8082-exec-1] INFO  com.capstone.aspect.LoggerAspect - During: class com.capstone.controller.accountinfoController.getsavingsAccount() with arguments=[accountinfo [accno=202200051, custid=202200005, branch_name=Bengaluru, ifsc=NATW000123, savingsamount=3128.0], accountinfo [accno=202200053, custid=202200005, branch_name=Bengaluru, ifsc=NATW000123, savingsamount=150000.0]]
2022-10-13 19:57:12 [http-nio-8082-exec-1] INFO  com.capstone.aspect.LoggerAspect - *************************************
2022-10-13 19:57:34 [http-nio-8082-exec-8] INFO  com.capstone.aspect.LoggerAspect - Method name: com.capstone.controller.accountinfoController
2022-10-13 19:57:34 [http-nio-8082-exec-8] INFO  com.capstone.aspect.LoggerAspect - Method arguments:[Ljava.lang.Object;@1d850d67
2022-10-13 19:57:34 [http-nio-8082-exec-8] INFO  com.capstone.aspect.LoggerAspect - *************************************
2022-10-13 19:57:34 [http-nio-8082-exec-8] INFO  com.capstone.aspect.LoggerAspect - Method name: com.capstone.service.accountinfoServiceImpl
2022-10-13 19:57:34 [http-nio-8082-exec-8] INFO  com.capstone.aspect.LoggerAspect - Method arguments:[Ljava.lang.Object;@534cbb2f
2022-10-13 19:57:34 [http-nio-8082-exec-8] INFO  com.capstone.aspect.LoggerAspect - *************************************
2022-10-13 19:57:34 [http-nio-8082-exec-8] INFO  com.capstone.aspect.LoggerAspect - During: class com.capstone.service.accountinfoServiceImpl.getAcountsByCustId() with arguments=[accountinfo [accno=202200051, custid=202200005, branch_name=Bengaluru, ifsc=NATW000123, savingsamount=3128.0], accountinfo [accno=202200053, custid=202200005, branch_name=Bengaluru, ifsc=NATW000123, savingsamount=150000.0]]
2022-10-13 19:57:34 [http-nio-8082-exec-8] INFO  com.capstone.aspect.LoggerAspect - *************************************
2022-10-13 19:57:34 [http-nio-8082-exec-8] INFO  com.capstone.aspect.LoggerAspect - During: class com.capstone.controller.accountinfoController.getsavingsAccount() with arguments=[accountinfo [accno=202200051, custid=202200005, branch_name=Bengaluru, ifsc=NATW000123, savingsamount=3128.0], accountinfo [accno=202200053, custid=202200005, branch_name=Bengaluru, ifsc=NATW000123, savingsamount=150000.0]]
2022-10-13 19:57:34 [http-nio-8082-exec-8] INFO  com.capstone.aspect.LoggerAspect - *************************************
2022-10-13 19:57:53 [http-nio-8082-exec-5] INFO  com.capstone.aspect.LoggerAspect - Method name: com.capstone.controller.accountinfoController
2022-10-13 19:57:53 [http-nio-8082-exec-5] INFO  com.capstone.aspect.LoggerAspect - Method arguments:[Ljava.lang.Object;@12c5d97d
2022-10-13 19:57:53 [http-nio-8082-exec-5] INFO  com.capstone.aspect.LoggerAspect - *************************************
2022-10-13 19:57:53 [http-nio-8082-exec-5] INFO  com.capstone.aspect.LoggerAspect - Method name: com.capstone.service.accountinfoServiceImpl
2022-10-13 19:57:53 [http-nio-8082-exec-5] INFO  com.capstone.aspect.LoggerAspect - Method arguments:[Ljava.lang.Object;@1ced718b
2022-10-13 19:57:53 [http-nio-8082-exec-5] INFO  com.capstone.aspect.LoggerAspect - *************************************
2022-10-13 19:57:53 [http-nio-8082-exec-5] INFO  com.capstone.aspect.LoggerAspect - During: class com.capstone.service.accountinfoServiceImpl.getAcountsByCustId() with arguments=[accountinfo [accno=202200051, custid=202200005, branch_name=Bengaluru, ifsc=NATW000123, savingsamount=3128.0], accountinfo [accno=202200053, custid=202200005, branch_name=Bengaluru, ifsc=NATW000123, savingsamount=150000.0]]
2022-10-13 19:57:53 [http-nio-8082-exec-5] INFO  com.capstone.aspect.LoggerAspect - *************************************
2022-10-13 19:57:53 [http-nio-8082-exec-5] INFO  com.capstone.aspect.LoggerAspect - During: class com.capstone.controller.accountinfoController.getsavingsAccount() with arguments=[accountinfo [accno=202200051, custid=202200005, branch_name=Bengaluru, ifsc=NATW000123, savingsamount=3128.0], accountinfo [accno=202200053, custid=202200005, branch_name=Bengaluru, ifsc=NATW000123, savingsamount=150000.0]]
2022-10-13 19:57:53 [http-nio-8082-exec-5] INFO  com.capstone.aspect.LoggerAspect - *************************************
2022-10-13 19:59:16 [http-nio-8082-exec-2] INFO  com.capstone.aspect.LoggerAspect - Method name: com.capstone.controller.accountinfoController
2022-10-13 19:59:16 [http-nio-8082-exec-2] INFO  com.capstone.aspect.LoggerAspect - Method arguments:[Ljava.lang.Object;@7e8e95ab
2022-10-13 19:59:16 [http-nio-8082-exec-2] INFO  com.capstone.aspect.LoggerAspect - *************************************
2022-10-13 19:59:16 [http-nio-8082-exec-2] INFO  com.capstone.aspect.LoggerAspect - Method name: com.capstone.service.accountinfoServiceImpl
2022-10-13 19:59:16 [http-nio-8082-exec-2] INFO  com.capstone.aspect.LoggerAspect - Method arguments:[Ljava.lang.Object;@26b880bd
2022-10-13 19:59:16 [http-nio-8082-exec-2] INFO  com.capstone.aspect.LoggerAspect - *************************************
2022-10-13 19:59:16 [http-nio-8082-exec-2] INFO  com.capstone.aspect.LoggerAspect - During: class com.capstone.service.accountinfoServiceImpl.getAcountsByCustId() with arguments=[accountinfo [accno=202200051, custid=202200005, branch_name=Bengaluru, ifsc=NATW000123, savingsamount=3128.0], accountinfo [accno=202200053, custid=202200005, branch_name=Bengaluru, ifsc=NATW000123, savingsamount=150000.0]]
2022-10-13 19:59:16 [http-nio-8082-exec-2] INFO  com.capstone.aspect.LoggerAspect - *************************************
2022-10-13 19:59:16 [http-nio-8082-exec-2] INFO  com.capstone.aspect.LoggerAspect - During: class com.capstone.controller.accountinfoController.getsavingsAccount() with arguments=[accountinfo [accno=202200051, custid=202200005, branch_name=Bengaluru, ifsc=NATW000123, savingsamount=3128.0], accountinfo [accno=202200053, custid=202200005, branch_name=Bengaluru, ifsc=NATW000123, savingsamount=150000.0]]
2022-10-13 19:59:16 [http-nio-8082-exec-2] INFO  com.capstone.aspect.LoggerAspect - *************************************
2022-10-13 19:59:48 [http-nio-8082-exec-6] INFO  com.capstone.aspect.LoggerAspect - Method name: com.capstone.controller.accountinfoController
2022-10-13 19:59:48 [http-nio-8082-exec-6] INFO  com.capstone.aspect.LoggerAspect - Method arguments:[Ljava.lang.Object;@7a7992e8
2022-10-13 19:59:48 [http-nio-8082-exec-6] INFO  com.capstone.aspect.LoggerAspect - *************************************
2022-10-13 19:59:48 [http-nio-8082-exec-6] INFO  com.capstone.aspect.LoggerAspect - Method name: com.capstone.service.accountinfoServiceImpl
2022-10-13 19:59:48 [http-nio-8082-exec-6] INFO  com.capstone.aspect.LoggerAspect - Method arguments:[Ljava.lang.Object;@229f9e46
2022-10-13 19:59:48 [http-nio-8082-exec-6] INFO  com.capstone.aspect.LoggerAspect - *************************************
2022-10-13 19:59:48 [http-nio-8082-exec-6] INFO  com.capstone.aspect.LoggerAspect - During: class com.capstone.service.accountinfoServiceImpl.getAcountsByCustId() with arguments=[accountinfo [accno=202200051, custid=202200005, branch_name=Bengaluru, ifsc=NATW000123, savingsamount=3128.0], accountinfo [accno=202200053, custid=202200005, branch_name=Bengaluru, ifsc=NATW000123, savingsamount=150000.0]]
2022-10-13 19:59:48 [http-nio-8082-exec-6] INFO  com.capstone.aspect.LoggerAspect - *************************************
2022-10-13 19:59:48 [http-nio-8082-exec-6] INFO  com.capstone.aspect.LoggerAspect - During: class com.capstone.controller.accountinfoController.getsavingsAccount() with arguments=[accountinfo [accno=202200051, custid=202200005, branch_name=Bengaluru, ifsc=NATW000123, savingsamount=3128.0], accountinfo [accno=202200053, custid=202200005, branch_name=Bengaluru, ifsc=NATW000123, savingsamount=150000.0]]
2022-10-13 19:59:48 [http-nio-8082-exec-6] INFO  com.capstone.aspect.LoggerAspect - *************************************
2022-10-13 19:59:56 [http-nio-8082-exec-10] INFO  com.capstone.aspect.LoggerAspect - Method name: com.capstone.controller.accountinfoController
2022-10-13 19:59:56 [http-nio-8082-exec-10] INFO  com.capstone.aspect.LoggerAspect - Method arguments:[Ljava.lang.Object;@2a85b807
2022-10-13 19:59:56 [http-nio-8082-exec-10] INFO  com.capstone.aspect.LoggerAspect - *************************************
2022-10-13 19:59:56 [http-nio-8082-exec-10] INFO  com.capstone.aspect.LoggerAspect - Method name: com.capstone.service.accountinfoServiceImpl
2022-10-13 19:59:56 [http-nio-8082-exec-10] INFO  com.capstone.aspect.LoggerAspect - Method arguments:[Ljava.lang.Object;@61b292fe
2022-10-13 19:59:56 [http-nio-8082-exec-10] INFO  com.capstone.aspect.LoggerAspect - *************************************
2022-10-13 19:59:56 [http-nio-8082-exec-10] INFO  com.capstone.aspect.LoggerAspect - During: class com.capstone.service.accountinfoServiceImpl.getAcountsByCustId() with arguments=[accountinfo [accno=202200051, custid=202200005, branch_name=Bengaluru, ifsc=NATW000123, savingsamount=3128.0], accountinfo [accno=202200053, custid=202200005, branch_name=Bengaluru, ifsc=NATW000123, savingsamount=150000.0]]
2022-10-13 19:59:56 [http-nio-8082-exec-10] INFO  com.capstone.aspect.LoggerAspect - *************************************
2022-10-13 19:59:56 [http-nio-8082-exec-10] INFO  com.capstone.aspect.LoggerAspect - During: class com.capstone.controller.accountinfoController.getsavingsAccount() with arguments=[accountinfo [accno=202200051, custid=202200005, branch_name=Bengaluru, ifsc=NATW000123, savingsamount=3128.0], accountinfo [accno=202200053, custid=202200005, branch_name=Bengaluru, ifsc=NATW000123, savingsamount=150000.0]]
2022-10-13 19:59:56 [http-nio-8082-exec-10] INFO  com.capstone.aspect.LoggerAspect - *************************************
2022-10-13 20:00:19 [http-nio-8082-exec-4] INFO  com.capstone.aspect.LoggerAspect - Method name: com.capstone.controller.accountinfoController
2022-10-13 20:00:19 [http-nio-8082-exec-4] INFO  com.capstone.aspect.LoggerAspect - Method arguments:[Ljava.lang.Object;@6fb2b9c7
2022-10-13 20:00:19 [http-nio-8082-exec-4] INFO  com.capstone.aspect.LoggerAspect - *************************************
2022-10-13 20:00:19 [http-nio-8082-exec-4] INFO  com.capstone.aspect.LoggerAspect - Method name: com.capstone.service.accountinfoServiceImpl
2022-10-13 20:00:19 [http-nio-8082-exec-4] INFO  com.capstone.aspect.LoggerAspect - Method arguments:[Ljava.lang.Object;@660ed579
2022-10-13 20:00:19 [http-nio-8082-exec-4] INFO  com.capstone.aspect.LoggerAspect - *************************************
2022-10-13 20:00:19 [http-nio-8082-exec-4] INFO  com.capstone.aspect.LoggerAspect - During: class com.capstone.service.accountinfoServiceImpl.getAcountsByCustId() with arguments=[accountinfo [accno=202200051, custid=202200005, branch_name=Bengaluru, ifsc=NATW000123, savingsamount=3128.0], accountinfo [accno=202200053, custid=202200005, branch_name=Bengaluru, ifsc=NATW000123, savingsamount=150000.0]]
2022-10-13 20:00:19 [http-nio-8082-exec-4] INFO  com.capstone.aspect.LoggerAspect - *************************************
2022-10-13 20:00:19 [http-nio-8082-exec-4] INFO  com.capstone.aspect.LoggerAspect - During: class com.capstone.controller.accountinfoController.getsavingsAccount() with arguments=[accountinfo [accno=202200051, custid=202200005, branch_name=Bengaluru, ifsc=NATW000123, savingsamount=3128.0], accountinfo [accno=202200053, custid=202200005, branch_name=Bengaluru, ifsc=NATW000123, savingsamount=150000.0]]
2022-10-13 20:00:19 [http-nio-8082-exec-4] INFO  com.capstone.aspect.LoggerAspect - *************************************
2022-10-13 20:01:00 [AsyncResolver-bootstrap-executor-0] INFO  c.n.d.s.r.aws.ConfigClusterResolver - Resolving eureka endpoints via configuration
2022-10-13 20:01:36 [http-nio-8082-exec-5] INFO  com.capstone.aspect.LoggerAspect - Method name: com.capstone.controller.accountinfoController
2022-10-13 20:01:36 [http-nio-8082-exec-5] INFO  com.capstone.aspect.LoggerAspect - Method arguments:[Ljava.lang.Object;@6d89b62b
2022-10-13 20:01:36 [http-nio-8082-exec-5] INFO  com.capstone.aspect.LoggerAspect - *************************************
2022-10-13 20:01:36 [http-nio-8082-exec-5] INFO  com.capstone.aspect.LoggerAspect - Method name: com.capstone.service.accountinfoServiceImpl
2022-10-13 20:01:36 [http-nio-8082-exec-5] INFO  com.capstone.aspect.LoggerAspect - Method arguments:[Ljava.lang.Object;@3533fb84
2022-10-13 20:01:36 [http-nio-8082-exec-5] INFO  com.capstone.aspect.LoggerAspect - *************************************
2022-10-13 20:01:36 [http-nio-8082-exec-5] INFO  com.capstone.aspect.LoggerAspect - During: class com.capstone.service.accountinfoServiceImpl.getAcountsByCustId() with arguments=[accountinfo [accno=202200051, custid=202200005, branch_name=Bengaluru, ifsc=NATW000123, savingsamount=3128.0], accountinfo [accno=202200053, custid=202200005, branch_name=Bengaluru, ifsc=NATW000123, savingsamount=150000.0]]
2022-10-13 20:01:36 [http-nio-8082-exec-5] INFO  com.capstone.aspect.LoggerAspect - *************************************
2022-10-13 20:01:36 [http-nio-8082-exec-5] INFO  com.capstone.aspect.LoggerAspect - During: class com.capstone.controller.accountinfoController.getsavingsAccount() with arguments=[accountinfo [accno=202200051, custid=202200005, branch_name=Bengaluru, ifsc=NATW000123, savingsamount=3128.0], accountinfo [accno=202200053, custid=202200005, branch_name=Bengaluru, ifsc=NATW000123, savingsamount=150000.0]]
2022-10-13 20:01:36 [http-nio-8082-exec-5] INFO  com.capstone.aspect.LoggerAspect - *************************************
2022-10-13 20:02:19 [http-nio-8082-exec-9] INFO  com.capstone.aspect.LoggerAspect - Method name: com.capstone.controller.accountinfoController
2022-10-13 20:02:19 [http-nio-8082-exec-9] INFO  com.capstone.aspect.LoggerAspect - Method arguments:[Ljava.lang.Object;@3a947c55
2022-10-13 20:02:19 [http-nio-8082-exec-9] INFO  com.capstone.aspect.LoggerAspect - *************************************
2022-10-13 20:02:19 [http-nio-8082-exec-9] INFO  com.capstone.aspect.LoggerAspect - Method name: com.capstone.service.accountinfoServiceImpl
2022-10-13 20:02:19 [http-nio-8082-exec-9] INFO  com.capstone.aspect.LoggerAspect - Method arguments:[Ljava.lang.Object;@664bc19c
2022-10-13 20:02:19 [http-nio-8082-exec-9] INFO  com.capstone.aspect.LoggerAspect - *************************************
2022-10-13 20:02:19 [http-nio-8082-exec-9] INFO  com.capstone.aspect.LoggerAspect - During: class com.capstone.service.accountinfoServiceImpl.getAcountsByCustId() with arguments=[accountinfo [accno=202200051, custid=202200005, branch_name=Bengaluru, ifsc=NATW000123, savingsamount=3128.0], accountinfo [accno=202200053, custid=202200005, branch_name=Bengaluru, ifsc=NATW000123, savingsamount=150000.0]]
2022-10-13 20:02:19 [http-nio-8082-exec-9] INFO  com.capstone.aspect.LoggerAspect - *************************************
2022-10-13 20:02:19 [http-nio-8082-exec-9] INFO  com.capstone.aspect.LoggerAspect - During: class com.capstone.controller.accountinfoController.getsavingsAccount() with arguments=[accountinfo [accno=202200051, custid=202200005, branch_name=Bengaluru, ifsc=NATW000123, savingsamount=3128.0], accountinfo [accno=202200053, custid=202200005, branch_name=Bengaluru, ifsc=NATW000123, savingsamount=150000.0]]
2022-10-13 20:02:19 [http-nio-8082-exec-9] INFO  com.capstone.aspect.LoggerAspect - *************************************
2022-10-13 20:02:51 [http-nio-8082-exec-2] INFO  com.capstone.aspect.LoggerAspect - Method name: com.capstone.controller.accountinfoController
2022-10-13 20:02:51 [http-nio-8082-exec-2] INFO  com.capstone.aspect.LoggerAspect - Method arguments:[Ljava.lang.Object;@217b6d51
2022-10-13 20:02:51 [http-nio-8082-exec-2] INFO  com.capstone.aspect.LoggerAspect - *************************************
2022-10-13 20:02:51 [http-nio-8082-exec-2] INFO  com.capstone.aspect.LoggerAspect - Method name: com.capstone.service.accountinfoServiceImpl
2022-10-13 20:02:51 [http-nio-8082-exec-2] INFO  com.capstone.aspect.LoggerAspect - Method arguments:[Ljava.lang.Object;@10fe9e57
2022-10-13 20:02:51 [http-nio-8082-exec-2] INFO  com.capstone.aspect.LoggerAspect - *************************************
2022-10-13 20:02:51 [http-nio-8082-exec-2] INFO  com.capstone.aspect.LoggerAspect - During: class com.capstone.service.accountinfoServiceImpl.getAcountsByCustId() with arguments=[accountinfo [accno=202200051, custid=202200005, branch_name=Bengaluru, ifsc=NATW000123, savingsamount=3128.0], accountinfo [accno=202200053, custid=202200005, branch_name=Bengaluru, ifsc=NATW000123, savingsamount=150000.0]]
2022-10-13 20:02:51 [http-nio-8082-exec-2] INFO  com.capstone.aspect.LoggerAspect - *************************************
2022-10-13 20:02:51 [http-nio-8082-exec-2] INFO  com.capstone.aspect.LoggerAspect - During: class com.capstone.controller.accountinfoController.getsavingsAccount() with arguments=[accountinfo [accno=202200051, custid=202200005, branch_name=Bengaluru, ifsc=NATW000123, savingsamount=3128.0], accountinfo [accno=202200053, custid=202200005, branch_name=Bengaluru, ifsc=NATW000123, savingsamount=150000.0]]
2022-10-13 20:02:51 [http-nio-8082-exec-2] INFO  com.capstone.aspect.LoggerAspect - *************************************
2022-10-13 20:02:53 [http-nio-8082-exec-3] INFO  com.capstone.aspect.LoggerAspect - Method name: com.capstone.controller.accountinfoController
2022-10-13 20:02:53 [http-nio-8082-exec-3] INFO  com.capstone.aspect.LoggerAspect - Method arguments:[Ljava.lang.Object;@41d96494
2022-10-13 20:02:53 [http-nio-8082-exec-3] INFO  com.capstone.aspect.LoggerAspect - *************************************
2022-10-13 20:02:53 [http-nio-8082-exec-3] INFO  com.capstone.aspect.LoggerAspect - Method name: com.capstone.service.accountinfoServiceImpl
2022-10-13 20:02:53 [http-nio-8082-exec-3] INFO  com.capstone.aspect.LoggerAspect - Method arguments:[Ljava.lang.Object;@1deef34
2022-10-13 20:02:53 [http-nio-8082-exec-3] INFO  com.capstone.aspect.LoggerAspect - *************************************
2022-10-13 20:02:53 [http-nio-8082-exec-3] INFO  com.capstone.aspect.LoggerAspect - During: class com.capstone.service.accountinfoServiceImpl.getAcountsByCustId() with arguments=[accountinfo [accno=202200051, custid=202200005, branch_name=Bengaluru, ifsc=NATW000123, savingsamount=3128.0], accountinfo [accno=202200053, custid=202200005, branch_name=Bengaluru, ifsc=NATW000123, savingsamount=150000.0]]
2022-10-13 20:02:53 [http-nio-8082-exec-3] INFO  com.capstone.aspect.LoggerAspect - *************************************
2022-10-13 20:02:53 [http-nio-8082-exec-3] INFO  com.capstone.aspect.LoggerAspect - During: class com.capstone.controller.accountinfoController.getsavingsAccount() with arguments=[accountinfo [accno=202200051, custid=202200005, branch_name=Bengaluru, ifsc=NATW000123, savingsamount=3128.0], accountinfo [accno=202200053, custid=202200005, branch_name=Bengaluru, ifsc=NATW000123, savingsamount=150000.0]]
2022-10-13 20:02:53 [http-nio-8082-exec-3] INFO  com.capstone.aspect.LoggerAspect - *************************************
2022-10-13 20:03:13 [http-nio-8082-exec-6] INFO  com.capstone.aspect.LoggerAspect - Method name: com.capstone.controller.accountinfoController
2022-10-13 20:03:13 [http-nio-8082-exec-6] INFO  com.capstone.aspect.LoggerAspect - Method arguments:[Ljava.lang.Object;@6e58fad3
2022-10-13 20:03:13 [http-nio-8082-exec-6] INFO  com.capstone.aspect.LoggerAspect - *************************************
2022-10-13 20:03:13 [http-nio-8082-exec-6] INFO  com.capstone.aspect.LoggerAspect - Method name: com.capstone.service.accountinfoServiceImpl
2022-10-13 20:03:13 [http-nio-8082-exec-6] INFO  com.capstone.aspect.LoggerAspect - Method arguments:[Ljava.lang.Object;@4700d9df
2022-10-13 20:03:13 [http-nio-8082-exec-6] INFO  com.capstone.aspect.LoggerAspect - *************************************
2022-10-13 20:03:13 [http-nio-8082-exec-6] INFO  com.capstone.aspect.LoggerAspect - During: class com.capstone.service.accountinfoServiceImpl.getAcountsByCustId() with arguments=[accountinfo [accno=202200051, custid=202200005, branch_name=Bengaluru, ifsc=NATW000123, savingsamount=3128.0], accountinfo [accno=202200053, custid=202200005, branch_name=Bengaluru, ifsc=NATW000123, savingsamount=150000.0]]
2022-10-13 20:03:13 [http-nio-8082-exec-6] INFO  com.capstone.aspect.LoggerAspect - *************************************
2022-10-13 20:03:13 [http-nio-8082-exec-6] INFO  com.capstone.aspect.LoggerAspect - During: class com.capstone.controller.accountinfoController.getsavingsAccount() with arguments=[accountinfo [accno=202200051, custid=202200005, branch_name=Bengaluru, ifsc=NATW000123, savingsamount=3128.0], accountinfo [accno=202200053, custid=202200005, branch_name=Bengaluru, ifsc=NATW000123, savingsamount=150000.0]]
2022-10-13 20:03:13 [http-nio-8082-exec-6] INFO  com.capstone.aspect.LoggerAspect - *************************************
2022-10-13 20:03:22 [http-nio-8082-exec-7] INFO  com.capstone.aspect.LoggerAspect - Method name: com.capstone.controller.accountinfoController
2022-10-13 20:03:22 [http-nio-8082-exec-7] INFO  com.capstone.aspect.LoggerAspect - Method arguments:[Ljava.lang.Object;@2a62971f
2022-10-13 20:03:22 [http-nio-8082-exec-7] INFO  com.capstone.aspect.LoggerAspect - *************************************
2022-10-13 20:03:22 [http-nio-8082-exec-7] INFO  com.capstone.aspect.LoggerAspect - Method name: com.capstone.service.accountinfoServiceImpl
2022-10-13 20:03:22 [http-nio-8082-exec-7] INFO  com.capstone.aspect.LoggerAspect - Method arguments:[Ljava.lang.Object;@6b0c4552
2022-10-13 20:03:22 [http-nio-8082-exec-7] INFO  com.capstone.aspect.LoggerAspect - *************************************
2022-10-13 20:03:22 [http-nio-8082-exec-7] INFO  com.capstone.aspect.LoggerAspect - During: class com.capstone.service.accountinfoServiceImpl.getAcountsByCustId() with arguments=[accountinfo [accno=202200051, custid=202200005, branch_name=Bengaluru, ifsc=NATW000123, savingsamount=3128.0], accountinfo [accno=202200053, custid=202200005, branch_name=Bengaluru, ifsc=NATW000123, savingsamount=150000.0]]
2022-10-13 20:03:22 [http-nio-8082-exec-7] INFO  com.capstone.aspect.LoggerAspect - *************************************
2022-10-13 20:03:22 [http-nio-8082-exec-7] INFO  com.capstone.aspect.LoggerAspect - During: class com.capstone.controller.accountinfoController.getsavingsAccount() with arguments=[accountinfo [accno=202200051, custid=202200005, branch_name=Bengaluru, ifsc=NATW000123, savingsamount=3128.0], accountinfo [accno=202200053, custid=202200005, branch_name=Bengaluru, ifsc=NATW000123, savingsamount=150000.0]]
2022-10-13 20:03:22 [http-nio-8082-exec-7] INFO  com.capstone.aspect.LoggerAspect - *************************************
2022-10-13 20:03:35 [http-nio-8082-exec-10] INFO  com.capstone.aspect.LoggerAspect - Method name: com.capstone.controller.accountinfoController
2022-10-13 20:03:35 [http-nio-8082-exec-10] INFO  com.capstone.aspect.LoggerAspect - Method arguments:[Ljava.lang.Object;@12f67d5f
2022-10-13 20:03:35 [http-nio-8082-exec-10] INFO  com.capstone.aspect.LoggerAspect - *************************************
2022-10-13 20:03:35 [http-nio-8082-exec-10] INFO  com.capstone.aspect.LoggerAspect - Method name: com.capstone.service.accountinfoServiceImpl
2022-10-13 20:03:35 [http-nio-8082-exec-10] INFO  com.capstone.aspect.LoggerAspect - Method arguments:[Ljava.lang.Object;@37c9d9ba
2022-10-13 20:03:35 [http-nio-8082-exec-10] INFO  com.capstone.aspect.LoggerAspect - *************************************
2022-10-13 20:03:35 [http-nio-8082-exec-10] INFO  com.capstone.aspect.LoggerAspect - During: class com.capstone.service.accountinfoServiceImpl.getAcountsByCustId() with arguments=[accountinfo [accno=202200051, custid=202200005, branch_name=Bengaluru, ifsc=NATW000123, savingsamount=3128.0], accountinfo [accno=202200053, custid=202200005, branch_name=Bengaluru, ifsc=NATW000123, savingsamount=150000.0]]
2022-10-13 20:03:35 [http-nio-8082-exec-10] INFO  com.capstone.aspect.LoggerAspect - *************************************
2022-10-13 20:03:35 [http-nio-8082-exec-10] INFO  com.capstone.aspect.LoggerAspect - During: class com.capstone.controller.accountinfoController.getsavingsAccount() with arguments=[accountinfo [accno=202200051, custid=202200005, branch_name=Bengaluru, ifsc=NATW000123, savingsamount=3128.0], accountinfo [accno=202200053, custid=202200005, branch_name=Bengaluru, ifsc=NATW000123, savingsamount=150000.0]]
2022-10-13 20:03:35 [http-nio-8082-exec-10] INFO  com.capstone.aspect.LoggerAspect - *************************************
2022-10-13 20:04:02 [http-nio-8082-exec-1] INFO  com.capstone.aspect.LoggerAspect - Method name: com.capstone.controller.accountinfoController
2022-10-13 20:04:02 [http-nio-8082-exec-1] INFO  com.capstone.aspect.LoggerAspect - Method arguments:[Ljava.lang.Object;@2f0a195a
2022-10-13 20:04:02 [http-nio-8082-exec-1] INFO  com.capstone.aspect.LoggerAspect - *************************************
2022-10-13 20:04:02 [http-nio-8082-exec-1] INFO  com.capstone.aspect.LoggerAspect - Method name: com.capstone.service.accountinfoServiceImpl
2022-10-13 20:04:02 [http-nio-8082-exec-1] INFO  com.capstone.aspect.LoggerAspect - Method arguments:[Ljava.lang.Object;@6e08e87d
2022-10-13 20:04:02 [http-nio-8082-exec-1] INFO  com.capstone.aspect.LoggerAspect - *************************************
2022-10-13 20:04:02 [http-nio-8082-exec-1] INFO  com.capstone.aspect.LoggerAspect - During: class com.capstone.service.accountinfoServiceImpl.getAcountsByCustId() with arguments=[accountinfo [accno=202200051, custid=202200005, branch_name=Bengaluru, ifsc=NATW000123, savingsamount=3128.0], accountinfo [accno=202200053, custid=202200005, branch_name=Bengaluru, ifsc=NATW000123, savingsamount=150000.0]]
2022-10-13 20:04:02 [http-nio-8082-exec-1] INFO  com.capstone.aspect.LoggerAspect - *************************************
2022-10-13 20:04:02 [http-nio-8082-exec-1] INFO  com.capstone.aspect.LoggerAspect - During: class com.capstone.controller.accountinfoController.getsavingsAccount() with arguments=[accountinfo [accno=202200051, custid=202200005, branch_name=Bengaluru, ifsc=NATW000123, savingsamount=3128.0], accountinfo [accno=202200053, custid=202200005, branch_name=Bengaluru, ifsc=NATW000123, savingsamount=150000.0]]
2022-10-13 20:04:02 [http-nio-8082-exec-1] INFO  com.capstone.aspect.LoggerAspect - *************************************
2022-10-13 20:04:10 [http-nio-8082-exec-4] INFO  com.capstone.aspect.LoggerAspect - Method name: com.capstone.controller.accountinfoController
2022-10-13 20:04:10 [http-nio-8082-exec-4] INFO  com.capstone.aspect.LoggerAspect - Method arguments:[Ljava.lang.Object;@79a51ed0
2022-10-13 20:04:10 [http-nio-8082-exec-4] INFO  com.capstone.aspect.LoggerAspect - *************************************
2022-10-13 20:04:10 [http-nio-8082-exec-4] INFO  com.capstone.aspect.LoggerAspect - Method name: com.capstone.service.accountinfoServiceImpl
2022-10-13 20:04:10 [http-nio-8082-exec-4] INFO  com.capstone.aspect.LoggerAspect - Method arguments:[Ljava.lang.Object;@681cdff0
2022-10-13 20:04:10 [http-nio-8082-exec-4] INFO  com.capstone.aspect.LoggerAspect - *************************************
2022-10-13 20:04:10 [http-nio-8082-exec-4] INFO  com.capstone.aspect.LoggerAspect - During: class com.capstone.service.accountinfoServiceImpl.getAcountsByCustId() with arguments=[accountinfo [accno=202200051, custid=202200005, branch_name=Bengaluru, ifsc=NATW000123, savingsamount=3128.0], accountinfo [accno=202200053, custid=202200005, branch_name=Bengaluru, ifsc=NATW000123, savingsamount=150000.0]]
2022-10-13 20:04:10 [http-nio-8082-exec-4] INFO  com.capstone.aspect.LoggerAspect - *************************************
2022-10-13 20:04:10 [http-nio-8082-exec-4] INFO  com.capstone.aspect.LoggerAspect - During: class com.capstone.controller.accountinfoController.getsavingsAccount() with arguments=[accountinfo [accno=202200051, custid=202200005, branch_name=Bengaluru, ifsc=NATW000123, savingsamount=3128.0], accountinfo [accno=202200053, custid=202200005, branch_name=Bengaluru, ifsc=NATW000123, savingsamount=150000.0]]
2022-10-13 20:04:10 [http-nio-8082-exec-4] INFO  com.capstone.aspect.LoggerAspect - *************************************
2022-10-13 20:04:14 [http-nio-8082-exec-5] INFO  com.capstone.aspect.LoggerAspect - Method name: com.capstone.controller.accountinfoController
2022-10-13 20:04:14 [http-nio-8082-exec-5] INFO  com.capstone.aspect.LoggerAspect - Method arguments:[Ljava.lang.Object;@5dbbf7c1
2022-10-13 20:04:14 [http-nio-8082-exec-5] INFO  com.capstone.aspect.LoggerAspect - *************************************
2022-10-13 20:04:14 [http-nio-8082-exec-5] INFO  com.capstone.aspect.LoggerAspect - Method name: com.capstone.service.accountinfoServiceImpl
2022-10-13 20:04:14 [http-nio-8082-exec-5] INFO  com.capstone.aspect.LoggerAspect - Method arguments:[Ljava.lang.Object;@5e0bb436
2022-10-13 20:04:14 [http-nio-8082-exec-5] INFO  com.capstone.aspect.LoggerAspect - *************************************
2022-10-13 20:04:14 [http-nio-8082-exec-5] INFO  com.capstone.aspect.LoggerAspect - During: class com.capstone.service.accountinfoServiceImpl.getAcountsByCustId() with arguments=[accountinfo [accno=202200051, custid=202200005, branch_name=Bengaluru, ifsc=NATW000123, savingsamount=3128.0], accountinfo [accno=202200053, custid=202200005, branch_name=Bengaluru, ifsc=NATW000123, savingsamount=150000.0]]
2022-10-13 20:04:14 [http-nio-8082-exec-5] INFO  com.capstone.aspect.LoggerAspect - *************************************
2022-10-13 20:04:14 [http-nio-8082-exec-5] INFO  com.capstone.aspect.LoggerAspect - During: class com.capstone.controller.accountinfoController.getsavingsAccount() with arguments=[accountinfo [accno=202200051, custid=202200005, branch_name=Bengaluru, ifsc=NATW000123, savingsamount=3128.0], accountinfo [accno=202200053, custid=202200005, branch_name=Bengaluru, ifsc=NATW000123, savingsamount=150000.0]]
2022-10-13 20:04:14 [http-nio-8082-exec-5] INFO  com.capstone.aspect.LoggerAspect - *************************************
2022-10-13 20:04:21 [http-nio-8082-exec-9] INFO  com.capstone.aspect.LoggerAspect - Method name: com.capstone.controller.accountinfoController
2022-10-13 20:04:21 [http-nio-8082-exec-9] INFO  com.capstone.aspect.LoggerAspect - Method arguments:[Ljava.lang.Object;@693e6a4f
2022-10-13 20:04:21 [http-nio-8082-exec-9] INFO  com.capstone.aspect.LoggerAspect - *************************************
2022-10-13 20:04:21 [http-nio-8082-exec-9] INFO  com.capstone.aspect.LoggerAspect - Method name: com.capstone.service.accountinfoServiceImpl
2022-10-13 20:04:21 [http-nio-8082-exec-9] INFO  com.capstone.aspect.LoggerAspect - Method arguments:[Ljava.lang.Object;@33ff590a
2022-10-13 20:04:21 [http-nio-8082-exec-9] INFO  com.capstone.aspect.LoggerAspect - *************************************
2022-10-13 20:04:21 [http-nio-8082-exec-9] INFO  com.capstone.aspect.LoggerAspect - During: class com.capstone.service.accountinfoServiceImpl.getAcountsByCustId() with arguments=[accountinfo [accno=202200051, custid=202200005, branch_name=Bengaluru, ifsc=NATW000123, savingsamount=3128.0], accountinfo [accno=202200053, custid=202200005, branch_name=Bengaluru, ifsc=NATW000123, savingsamount=150000.0]]
2022-10-13 20:04:21 [http-nio-8082-exec-9] INFO  com.capstone.aspect.LoggerAspect - *************************************
2022-10-13 20:04:21 [http-nio-8082-exec-9] INFO  com.capstone.aspect.LoggerAspect - During: class com.capstone.controller.accountinfoController.getsavingsAccount() with arguments=[accountinfo [accno=202200051, custid=202200005, branch_name=Bengaluru, ifsc=NATW000123, savingsamount=3128.0], accountinfo [accno=202200053, custid=202200005, branch_name=Bengaluru, ifsc=NATW000123, savingsamount=150000.0]]
2022-10-13 20:04:21 [http-nio-8082-exec-9] INFO  com.capstone.aspect.LoggerAspect - *************************************
2022-10-13 20:06:00 [AsyncResolver-bootstrap-executor-0] INFO  c.n.d.s.r.aws.ConfigClusterResolver - Resolving eureka endpoints via configuration
2022-10-13 20:06:15 [http-nio-8082-exec-3] INFO  com.capstone.aspect.LoggerAspect - Method name: com.capstone.controller.accountinfoController
2022-10-13 20:06:15 [http-nio-8082-exec-3] INFO  com.capstone.aspect.LoggerAspect - Method arguments:[Ljava.lang.Object;@3bfebf14
2022-10-13 20:06:15 [http-nio-8082-exec-3] INFO  com.capstone.aspect.LoggerAspect - *************************************
2022-10-13 20:06:15 [http-nio-8082-exec-3] INFO  com.capstone.aspect.LoggerAspect - Method name: com.capstone.service.accountinfoServiceImpl
2022-10-13 20:06:15 [http-nio-8082-exec-3] INFO  com.capstone.aspect.LoggerAspect - Method arguments:[Ljava.lang.Object;@1a17e8ba
2022-10-13 20:06:15 [http-nio-8082-exec-3] INFO  com.capstone.aspect.LoggerAspect - *************************************
2022-10-13 20:06:15 [http-nio-8082-exec-3] INFO  com.capstone.aspect.LoggerAspect - During: class com.capstone.service.accountinfoServiceImpl.getAcountsByCustId() with arguments=[accountinfo [accno=202200051, custid=202200005, branch_name=Bengaluru, ifsc=NATW000123, savingsamount=3128.0], accountinfo [accno=202200053, custid=202200005, branch_name=Bengaluru, ifsc=NATW000123, savingsamount=150000.0]]
2022-10-13 20:06:15 [http-nio-8082-exec-3] INFO  com.capstone.aspect.LoggerAspect - *************************************
2022-10-13 20:06:15 [http-nio-8082-exec-3] INFO  com.capstone.aspect.LoggerAspect - During: class com.capstone.controller.accountinfoController.getsavingsAccount() with arguments=[accountinfo [accno=202200051, custid=202200005, branch_name=Bengaluru, ifsc=NATW000123, savingsamount=3128.0], accountinfo [accno=202200053, custid=202200005, branch_name=Bengaluru, ifsc=NATW000123, savingsamount=150000.0]]
2022-10-13 20:06:15 [http-nio-8082-exec-3] INFO  com.capstone.aspect.LoggerAspect - *************************************
2022-10-13 20:06:18 [http-nio-8082-exec-6] INFO  com.capstone.aspect.LoggerAspect - Method name: com.capstone.controller.accountinfoController
2022-10-13 20:06:18 [http-nio-8082-exec-6] INFO  com.capstone.aspect.LoggerAspect - Method arguments:[Ljava.lang.Object;@74fa8033
2022-10-13 20:06:18 [http-nio-8082-exec-6] INFO  com.capstone.aspect.LoggerAspect - *************************************
2022-10-13 20:06:18 [http-nio-8082-exec-6] INFO  com.capstone.aspect.LoggerAspect - Method name: com.capstone.service.accountinfoServiceImpl
2022-10-13 20:06:18 [http-nio-8082-exec-6] INFO  com.capstone.aspect.LoggerAspect - Method arguments:[Ljava.lang.Object;@2f3603d4
2022-10-13 20:06:18 [http-nio-8082-exec-6] INFO  com.capstone.aspect.LoggerAspect - *************************************
2022-10-13 20:06:18 [http-nio-8082-exec-6] INFO  com.capstone.aspect.LoggerAspect - During: class com.capstone.service.accountinfoServiceImpl.getAcountsByCustId() with arguments=[accountinfo [accno=202200051, custid=202200005, branch_name=Bengaluru, ifsc=NATW000123, savingsamount=3128.0], accountinfo [accno=202200053, custid=202200005, branch_name=Bengaluru, ifsc=NATW000123, savingsamount=150000.0]]
2022-10-13 20:06:18 [http-nio-8082-exec-6] INFO  com.capstone.aspect.LoggerAspect - *************************************
2022-10-13 20:06:18 [http-nio-8082-exec-6] INFO  com.capstone.aspect.LoggerAspect - During: class com.capstone.controller.accountinfoController.getsavingsAccount() with arguments=[accountinfo [accno=202200051, custid=202200005, branch_name=Bengaluru, ifsc=NATW000123, savingsamount=3128.0], accountinfo [accno=202200053, custid=202200005, branch_name=Bengaluru, ifsc=NATW000123, savingsamount=150000.0]]
2022-10-13 20:06:18 [http-nio-8082-exec-6] INFO  com.capstone.aspect.LoggerAspect - *************************************
2022-10-13 20:06:22 [http-nio-8082-exec-7] INFO  com.capstone.aspect.LoggerAspect - Method name: com.capstone.controller.accountinfoController
2022-10-13 20:06:22 [http-nio-8082-exec-7] INFO  com.capstone.aspect.LoggerAspect - Method arguments:[Ljava.lang.Object;@39359510
2022-10-13 20:06:22 [http-nio-8082-exec-7] INFO  com.capstone.aspect.LoggerAspect - *************************************
2022-10-13 20:06:22 [http-nio-8082-exec-7] INFO  com.capstone.aspect.LoggerAspect - Method name: com.capstone.service.accountinfoServiceImpl
2022-10-13 20:06:22 [http-nio-8082-exec-7] INFO  com.capstone.aspect.LoggerAspect - Method arguments:[Ljava.lang.Object;@58d322f3
2022-10-13 20:06:22 [http-nio-8082-exec-7] INFO  com.capstone.aspect.LoggerAspect - *************************************
2022-10-13 20:06:22 [http-nio-8082-exec-7] INFO  com.capstone.aspect.LoggerAspect - During: class com.capstone.service.accountinfoServiceImpl.getAcountsByCustId() with arguments=[accountinfo [accno=202200051, custid=202200005, branch_name=Bengaluru, ifsc=NATW000123, savingsamount=3128.0], accountinfo [accno=202200053, custid=202200005, branch_name=Bengaluru, ifsc=NATW000123, savingsamount=150000.0]]
2022-10-13 20:06:22 [http-nio-8082-exec-7] INFO  com.capstone.aspect.LoggerAspect - *************************************
2022-10-13 20:06:22 [http-nio-8082-exec-7] INFO  com.capstone.aspect.LoggerAspect - During: class com.capstone.controller.accountinfoController.getsavingsAccount() with arguments=[accountinfo [accno=202200051, custid=202200005, branch_name=Bengaluru, ifsc=NATW000123, savingsamount=3128.0], accountinfo [accno=202200053, custid=202200005, branch_name=Bengaluru, ifsc=NATW000123, savingsamount=150000.0]]
2022-10-13 20:06:22 [http-nio-8082-exec-7] INFO  com.capstone.aspect.LoggerAspect - *************************************
2022-10-13 20:06:26 [http-nio-8082-exec-10] INFO  com.capstone.aspect.LoggerAspect - Method name: com.capstone.controller.accountinfoController
2022-10-13 20:06:26 [http-nio-8082-exec-10] INFO  com.capstone.aspect.LoggerAspect - Method arguments:[Ljava.lang.Object;@9af995
2022-10-13 20:06:26 [http-nio-8082-exec-10] INFO  com.capstone.aspect.LoggerAspect - *************************************
2022-10-13 20:06:26 [http-nio-8082-exec-10] INFO  com.capstone.aspect.LoggerAspect - Method name: com.capstone.service.accountinfoServiceImpl
2022-10-13 20:06:26 [http-nio-8082-exec-10] INFO  com.capstone.aspect.LoggerAspect - Method arguments:[Ljava.lang.Object;@56b4e232
2022-10-13 20:06:26 [http-nio-8082-exec-10] INFO  com.capstone.aspect.LoggerAspect - *************************************
2022-10-13 20:06:26 [http-nio-8082-exec-10] INFO  com.capstone.aspect.LoggerAspect - During: class com.capstone.service.accountinfoServiceImpl.getAcountsByCustId() with arguments=[accountinfo [accno=202200051, custid=202200005, branch_name=Bengaluru, ifsc=NATW000123, savingsamount=3128.0], accountinfo [accno=202200053, custid=202200005, branch_name=Bengaluru, ifsc=NATW000123, savingsamount=150000.0]]
2022-10-13 20:06:26 [http-nio-8082-exec-10] INFO  com.capstone.aspect.LoggerAspect - *************************************
2022-10-13 20:06:26 [http-nio-8082-exec-10] INFO  com.capstone.aspect.LoggerAspect - During: class com.capstone.controller.accountinfoController.getsavingsAccount() with arguments=[accountinfo [accno=202200051, custid=202200005, branch_name=Bengaluru, ifsc=NATW000123, savingsamount=3128.0], accountinfo [accno=202200053, custid=202200005, branch_name=Bengaluru, ifsc=NATW000123, savingsamount=150000.0]]
2022-10-13 20:06:26 [http-nio-8082-exec-10] INFO  com.capstone.aspect.LoggerAspect - *************************************
2022-10-13 20:06:31 [http-nio-8082-exec-1] INFO  com.capstone.aspect.LoggerAspect - Method name: com.capstone.controller.accountinfoController
2022-10-13 20:06:31 [http-nio-8082-exec-1] INFO  com.capstone.aspect.LoggerAspect - Method arguments:[Ljava.lang.Object;@a9d761b
2022-10-13 20:06:31 [http-nio-8082-exec-1] INFO  com.capstone.aspect.LoggerAspect - *************************************
2022-10-13 20:06:31 [http-nio-8082-exec-1] INFO  com.capstone.aspect.LoggerAspect - Method name: com.capstone.service.accountinfoServiceImpl
2022-10-13 20:06:31 [http-nio-8082-exec-1] INFO  com.capstone.aspect.LoggerAspect - Method arguments:[Ljava.lang.Object;@32e2f490
2022-10-13 20:06:31 [http-nio-8082-exec-1] INFO  com.capstone.aspect.LoggerAspect - *************************************
2022-10-13 20:06:31 [http-nio-8082-exec-1] INFO  com.capstone.aspect.LoggerAspect - During: class com.capstone.service.accountinfoServiceImpl.getAcountsByCustId() with arguments=[accountinfo [accno=202200051, custid=202200005, branch_name=Bengaluru, ifsc=NATW000123, savingsamount=3128.0], accountinfo [accno=202200053, custid=202200005, branch_name=Bengaluru, ifsc=NATW000123, savingsamount=150000.0]]
2022-10-13 20:06:31 [http-nio-8082-exec-1] INFO  com.capstone.aspect.LoggerAspect - *************************************
2022-10-13 20:06:31 [http-nio-8082-exec-1] INFO  com.capstone.aspect.LoggerAspect - During: class com.capstone.controller.accountinfoController.getsavingsAccount() with arguments=[accountinfo [accno=202200051, custid=202200005, branch_name=Bengaluru, ifsc=NATW000123, savingsamount=3128.0], accountinfo [accno=202200053, custid=202200005, branch_name=Bengaluru, ifsc=NATW000123, savingsamount=150000.0]]
2022-10-13 20:06:31 [http-nio-8082-exec-1] INFO  com.capstone.aspect.LoggerAspect - *************************************
2022-10-13 20:06:49 [http-nio-8082-exec-4] INFO  com.capstone.aspect.LoggerAspect - Method name: com.capstone.controller.accountinfoController
2022-10-13 20:06:49 [http-nio-8082-exec-4] INFO  com.capstone.aspect.LoggerAspect - Method arguments:[Ljava.lang.Object;@5e083e00
2022-10-13 20:06:49 [http-nio-8082-exec-4] INFO  com.capstone.aspect.LoggerAspect - *************************************
2022-10-13 20:06:49 [http-nio-8082-exec-4] INFO  com.capstone.aspect.LoggerAspect - Method name: com.capstone.service.accountinfoServiceImpl
2022-10-13 20:06:49 [http-nio-8082-exec-4] INFO  com.capstone.aspect.LoggerAspect - Method arguments:[Ljava.lang.Object;@765801d9
2022-10-13 20:06:49 [http-nio-8082-exec-4] INFO  com.capstone.aspect.LoggerAspect - *************************************
2022-10-13 20:06:49 [http-nio-8082-exec-4] INFO  com.capstone.aspect.LoggerAspect - During: class com.capstone.service.accountinfoServiceImpl.getAcountsByCustId() with arguments=[accountinfo [accno=202200051, custid=202200005, branch_name=Bengaluru, ifsc=NATW000123, savingsamount=3128.0], accountinfo [accno=202200053, custid=202200005, branch_name=Bengaluru, ifsc=NATW000123, savingsamount=150000.0]]
2022-10-13 20:06:49 [http-nio-8082-exec-4] INFO  com.capstone.aspect.LoggerAspect - *************************************
2022-10-13 20:06:49 [http-nio-8082-exec-4] INFO  com.capstone.aspect.LoggerAspect - During: class com.capstone.controller.accountinfoController.getsavingsAccount() with arguments=[accountinfo [accno=202200051, custid=202200005, branch_name=Bengaluru, ifsc=NATW000123, savingsamount=3128.0], accountinfo [accno=202200053, custid=202200005, branch_name=Bengaluru, ifsc=NATW000123, savingsamount=150000.0]]
2022-10-13 20:06:49 [http-nio-8082-exec-4] INFO  com.capstone.aspect.LoggerAspect - *************************************
2022-10-13 20:07:55 [http-nio-8082-exec-5] INFO  com.capstone.aspect.LoggerAspect - Method name: com.capstone.controller.accountinfoController
2022-10-13 20:07:55 [http-nio-8082-exec-5] INFO  com.capstone.aspect.LoggerAspect - Method arguments:[Ljava.lang.Object;@46eba070
2022-10-13 20:07:55 [http-nio-8082-exec-5] INFO  com.capstone.aspect.LoggerAspect - *************************************
2022-10-13 20:07:55 [http-nio-8082-exec-5] INFO  com.capstone.aspect.LoggerAspect - Method name: com.capstone.service.accountinfoServiceImpl
2022-10-13 20:07:55 [http-nio-8082-exec-5] INFO  com.capstone.aspect.LoggerAspect - Method arguments:[Ljava.lang.Object;@607c162b
2022-10-13 20:07:55 [http-nio-8082-exec-5] INFO  com.capstone.aspect.LoggerAspect - *************************************
2022-10-13 20:07:55 [http-nio-8082-exec-5] INFO  com.capstone.aspect.LoggerAspect - During: class com.capstone.service.accountinfoServiceImpl.getAcountsByCustId() with arguments=[accountinfo [accno=202200051, custid=202200005, branch_name=Bengaluru, ifsc=NATW000123, savingsamount=3128.0], accountinfo [accno=202200053, custid=202200005, branch_name=Bengaluru, ifsc=NATW000123, savingsamount=150000.0]]
2022-10-13 20:07:55 [http-nio-8082-exec-5] INFO  com.capstone.aspect.LoggerAspect - *************************************
2022-10-13 20:07:55 [http-nio-8082-exec-5] INFO  com.capstone.aspect.LoggerAspect - During: class com.capstone.controller.accountinfoController.getsavingsAccount() with arguments=[accountinfo [accno=202200051, custid=202200005, branch_name=Bengaluru, ifsc=NATW000123, savingsamount=3128.0], accountinfo [accno=202200053, custid=202200005, branch_name=Bengaluru, ifsc=NATW000123, savingsamount=150000.0]]
2022-10-13 20:07:55 [http-nio-8082-exec-5] INFO  com.capstone.aspect.LoggerAspect - *************************************
2022-10-13 20:08:16 [http-nio-8082-exec-9] INFO  com.capstone.aspect.LoggerAspect - Method name: com.capstone.controller.accountinfoController
2022-10-13 20:08:16 [http-nio-8082-exec-9] INFO  com.capstone.aspect.LoggerAspect - Method arguments:[Ljava.lang.Object;@ecb088e
2022-10-13 20:08:16 [http-nio-8082-exec-9] INFO  com.capstone.aspect.LoggerAspect - *************************************
2022-10-13 20:08:16 [http-nio-8082-exec-9] INFO  com.capstone.aspect.LoggerAspect - Method name: com.capstone.service.accountinfoServiceImpl
2022-10-13 20:08:16 [http-nio-8082-exec-9] INFO  com.capstone.aspect.LoggerAspect - Method arguments:[Ljava.lang.Object;@5b46f94b
2022-10-13 20:08:16 [http-nio-8082-exec-9] INFO  com.capstone.aspect.LoggerAspect - *************************************
2022-10-13 20:08:16 [http-nio-8082-exec-9] INFO  com.capstone.aspect.LoggerAspect - During: class com.capstone.service.accountinfoServiceImpl.getAcountsByCustId() with arguments=[accountinfo [accno=202200051, custid=202200005, branch_name=Bengaluru, ifsc=NATW000123, savingsamount=3128.0], accountinfo [accno=202200053, custid=202200005, branch_name=Bengaluru, ifsc=NATW000123, savingsamount=150000.0]]
2022-10-13 20:08:16 [http-nio-8082-exec-9] INFO  com.capstone.aspect.LoggerAspect - *************************************
2022-10-13 20:08:16 [http-nio-8082-exec-9] INFO  com.capstone.aspect.LoggerAspect - During: class com.capstone.controller.accountinfoController.getsavingsAccount() with arguments=[accountinfo [accno=202200051, custid=202200005, branch_name=Bengaluru, ifsc=NATW000123, savingsamount=3128.0], accountinfo [accno=202200053, custid=202200005, branch_name=Bengaluru, ifsc=NATW000123, savingsamount=150000.0]]
2022-10-13 20:08:16 [http-nio-8082-exec-9] INFO  com.capstone.aspect.LoggerAspect - *************************************
2022-10-13 20:08:42 [http-nio-8082-exec-3] INFO  com.capstone.aspect.LoggerAspect - Method name: com.capstone.controller.accountinfoController
2022-10-13 20:08:42 [http-nio-8082-exec-3] INFO  com.capstone.aspect.LoggerAspect - Method arguments:[Ljava.lang.Object;@6a51135b
2022-10-13 20:08:42 [http-nio-8082-exec-3] INFO  com.capstone.aspect.LoggerAspect - *************************************
2022-10-13 20:08:42 [http-nio-8082-exec-3] INFO  com.capstone.aspect.LoggerAspect - Method name: com.capstone.service.accountinfoServiceImpl
2022-10-13 20:08:42 [http-nio-8082-exec-3] INFO  com.capstone.aspect.LoggerAspect - Method arguments:[Ljava.lang.Object;@78a2e7e2
2022-10-13 20:08:42 [http-nio-8082-exec-3] INFO  com.capstone.aspect.LoggerAspect - *************************************
2022-10-13 20:08:42 [http-nio-8082-exec-3] INFO  com.capstone.aspect.LoggerAspect - During: class com.capstone.service.accountinfoServiceImpl.getAcountsByCustId() with arguments=[accountinfo [accno=202200051, custid=202200005, branch_name=Bengaluru, ifsc=NATW000123, savingsamount=3128.0], accountinfo [accno=202200053, custid=202200005, branch_name=Bengaluru, ifsc=NATW000123, savingsamount=150000.0]]
2022-10-13 20:08:42 [http-nio-8082-exec-3] INFO  com.capstone.aspect.LoggerAspect - *************************************
2022-10-13 20:08:42 [http-nio-8082-exec-3] INFO  com.capstone.aspect.LoggerAspect - During: class com.capstone.controller.accountinfoController.getsavingsAccount() with arguments=[accountinfo [accno=202200051, custid=202200005, branch_name=Bengaluru, ifsc=NATW000123, savingsamount=3128.0], accountinfo [accno=202200053, custid=202200005, branch_name=Bengaluru, ifsc=NATW000123, savingsamount=150000.0]]
2022-10-13 20:08:42 [http-nio-8082-exec-3] INFO  com.capstone.aspect.LoggerAspect - *************************************
2022-10-13 20:08:44 [http-nio-8082-exec-6] INFO  com.capstone.aspect.LoggerAspect - Method name: com.capstone.controller.accountinfoController
2022-10-13 20:08:44 [http-nio-8082-exec-6] INFO  com.capstone.aspect.LoggerAspect - Method arguments:[Ljava.lang.Object;@3f9d46b1
2022-10-13 20:08:44 [http-nio-8082-exec-6] INFO  com.capstone.aspect.LoggerAspect - *************************************
2022-10-13 20:08:44 [http-nio-8082-exec-6] INFO  com.capstone.aspect.LoggerAspect - Method name: com.capstone.service.accountinfoServiceImpl
2022-10-13 20:08:44 [http-nio-8082-exec-6] INFO  com.capstone.aspect.LoggerAspect - Method arguments:[Ljava.lang.Object;@39b6b3e
2022-10-13 20:08:44 [http-nio-8082-exec-6] INFO  com.capstone.aspect.LoggerAspect - *************************************
2022-10-13 20:08:44 [http-nio-8082-exec-6] INFO  com.capstone.aspect.LoggerAspect - During: class com.capstone.service.accountinfoServiceImpl.getAcountsByCustId() with arguments=[accountinfo [accno=202200051, custid=202200005, branch_name=Bengaluru, ifsc=NATW000123, savingsamount=3128.0], accountinfo [accno=202200053, custid=202200005, branch_name=Bengaluru, ifsc=NATW000123, savingsamount=150000.0]]
2022-10-13 20:08:44 [http-nio-8082-exec-6] INFO  com.capstone.aspect.LoggerAspect - *************************************
2022-10-13 20:08:44 [http-nio-8082-exec-6] INFO  com.capstone.aspect.LoggerAspect - During: class com.capstone.controller.accountinfoController.getsavingsAccount() with arguments=[accountinfo [accno=202200051, custid=202200005, branch_name=Bengaluru, ifsc=NATW000123, savingsamount=3128.0], accountinfo [accno=202200053, custid=202200005, branch_name=Bengaluru, ifsc=NATW000123, savingsamount=150000.0]]
2022-10-13 20:08:44 [http-nio-8082-exec-6] INFO  com.capstone.aspect.LoggerAspect - *************************************
2022-10-13 20:08:51 [http-nio-8082-exec-7] INFO  com.capstone.aspect.LoggerAspect - Method name: com.capstone.controller.accountinfoController
2022-10-13 20:08:51 [http-nio-8082-exec-7] INFO  com.capstone.aspect.LoggerAspect - Method arguments:[Ljava.lang.Object;@32b7552d
2022-10-13 20:08:51 [http-nio-8082-exec-7] INFO  com.capstone.aspect.LoggerAspect - *************************************
2022-10-13 20:08:51 [http-nio-8082-exec-7] INFO  com.capstone.aspect.LoggerAspect - Method name: com.capstone.service.accountinfoServiceImpl
2022-10-13 20:08:51 [http-nio-8082-exec-7] INFO  com.capstone.aspect.LoggerAspect - Method arguments:[Ljava.lang.Object;@95740e0
2022-10-13 20:08:51 [http-nio-8082-exec-7] INFO  com.capstone.aspect.LoggerAspect - *************************************
2022-10-13 20:08:51 [http-nio-8082-exec-7] INFO  com.capstone.aspect.LoggerAspect - During: class com.capstone.service.accountinfoServiceImpl.getAcountsByCustId() with arguments=[accountinfo [accno=202200051, custid=202200005, branch_name=Bengaluru, ifsc=NATW000123, savingsamount=3128.0], accountinfo [accno=202200053, custid=202200005, branch_name=Bengaluru, ifsc=NATW000123, savingsamount=150000.0]]
2022-10-13 20:08:51 [http-nio-8082-exec-7] INFO  com.capstone.aspect.LoggerAspect - *************************************
2022-10-13 20:08:51 [http-nio-8082-exec-7] INFO  com.capstone.aspect.LoggerAspect - During: class com.capstone.controller.accountinfoController.getsavingsAccount() with arguments=[accountinfo [accno=202200051, custid=202200005, branch_name=Bengaluru, ifsc=NATW000123, savingsamount=3128.0], accountinfo [accno=202200053, custid=202200005, branch_name=Bengaluru, ifsc=NATW000123, savingsamount=150000.0]]
2022-10-13 20:08:51 [http-nio-8082-exec-7] INFO  com.capstone.aspect.LoggerAspect - *************************************
2022-10-13 20:09:22 [http-nio-8082-exec-1] INFO  com.capstone.aspect.LoggerAspect - Method name: com.capstone.controller.accountinfoController
2022-10-13 20:09:22 [http-nio-8082-exec-1] INFO  com.capstone.aspect.LoggerAspect - Method arguments:[Ljava.lang.Object;@936a396
2022-10-13 20:09:22 [http-nio-8082-exec-1] INFO  com.capstone.aspect.LoggerAspect - *************************************
2022-10-13 20:09:22 [http-nio-8082-exec-1] INFO  com.capstone.aspect.LoggerAspect - Method name: com.capstone.service.accountinfoServiceImpl
2022-10-13 20:09:22 [http-nio-8082-exec-1] INFO  com.capstone.aspect.LoggerAspect - Method arguments:[Ljava.lang.Object;@41703c40
2022-10-13 20:09:22 [http-nio-8082-exec-1] INFO  com.capstone.aspect.LoggerAspect - *************************************
2022-10-13 20:09:22 [http-nio-8082-exec-1] INFO  com.capstone.aspect.LoggerAspect - During: class com.capstone.service.accountinfoServiceImpl.getAcountsByCustId() with arguments=[accountinfo [accno=202200051, custid=202200005, branch_name=Bengaluru, ifsc=NATW000123, savingsamount=3128.0], accountinfo [accno=202200053, custid=202200005, branch_name=Bengaluru, ifsc=NATW000123, savingsamount=150000.0]]
2022-10-13 20:09:22 [http-nio-8082-exec-1] INFO  com.capstone.aspect.LoggerAspect - *************************************
2022-10-13 20:09:22 [http-nio-8082-exec-1] INFO  com.capstone.aspect.LoggerAspect - During: class com.capstone.controller.accountinfoController.getsavingsAccount() with arguments=[accountinfo [accno=202200051, custid=202200005, branch_name=Bengaluru, ifsc=NATW000123, savingsamount=3128.0], accountinfo [accno=202200053, custid=202200005, branch_name=Bengaluru, ifsc=NATW000123, savingsamount=150000.0]]
2022-10-13 20:09:22 [http-nio-8082-exec-1] INFO  com.capstone.aspect.LoggerAspect - *************************************
2022-10-13 20:09:27 [http-nio-8082-exec-8] INFO  com.capstone.aspect.LoggerAspect - Method name: com.capstone.controller.accountinfoController
2022-10-13 20:09:27 [http-nio-8082-exec-8] INFO  com.capstone.aspect.LoggerAspect - Method arguments:[Ljava.lang.Object;@6c0f6db0
2022-10-13 20:09:27 [http-nio-8082-exec-8] INFO  com.capstone.aspect.LoggerAspect - *************************************
2022-10-13 20:09:27 [http-nio-8082-exec-8] INFO  com.capstone.aspect.LoggerAspect - Method name: com.capstone.service.accountinfoServiceImpl
2022-10-13 20:09:27 [http-nio-8082-exec-8] INFO  com.capstone.aspect.LoggerAspect - Method arguments:[Ljava.lang.Object;@4ab5e9e
2022-10-13 20:09:27 [http-nio-8082-exec-8] INFO  com.capstone.aspect.LoggerAspect - *************************************
2022-10-13 20:09:27 [http-nio-8082-exec-8] INFO  com.capstone.aspect.LoggerAspect - During: class com.capstone.service.accountinfoServiceImpl.getAcountsByCustId() with arguments=[accountinfo [accno=202200051, custid=202200005, branch_name=Bengaluru, ifsc=NATW000123, savingsamount=3128.0], accountinfo [accno=202200053, custid=202200005, branch_name=Bengaluru, ifsc=NATW000123, savingsamount=150000.0]]
2022-10-13 20:09:27 [http-nio-8082-exec-8] INFO  com.capstone.aspect.LoggerAspect - *************************************
2022-10-13 20:09:27 [http-nio-8082-exec-8] INFO  com.capstone.aspect.LoggerAspect - During: class com.capstone.controller.accountinfoController.getsavingsAccount() with arguments=[accountinfo [accno=202200051, custid=202200005, branch_name=Bengaluru, ifsc=NATW000123, savingsamount=3128.0], accountinfo [accno=202200053, custid=202200005, branch_name=Bengaluru, ifsc=NATW000123, savingsamount=150000.0]]
2022-10-13 20:09:27 [http-nio-8082-exec-8] INFO  com.capstone.aspect.LoggerAspect - *************************************
2022-10-13 20:10:11 [http-nio-8082-exec-9] INFO  com.capstone.aspect.LoggerAspect - Method name: com.capstone.controller.accountinfoController
2022-10-13 20:10:11 [http-nio-8082-exec-9] INFO  com.capstone.aspect.LoggerAspect - Method arguments:[Ljava.lang.Object;@1d7416d6
2022-10-13 20:10:11 [http-nio-8082-exec-9] INFO  com.capstone.aspect.LoggerAspect - *************************************
2022-10-13 20:10:11 [http-nio-8082-exec-9] INFO  com.capstone.aspect.LoggerAspect - Method name: com.capstone.service.accountinfoServiceImpl
2022-10-13 20:10:11 [http-nio-8082-exec-9] INFO  com.capstone.aspect.LoggerAspect - Method arguments:[Ljava.lang.Object;@34962410
2022-10-13 20:10:11 [http-nio-8082-exec-9] INFO  com.capstone.aspect.LoggerAspect - *************************************
2022-10-13 20:10:11 [http-nio-8082-exec-9] INFO  com.capstone.aspect.LoggerAspect - During: class com.capstone.service.accountinfoServiceImpl.getAcountsByCustId() with arguments=[accountinfo [accno=202200051, custid=202200005, branch_name=Bengaluru, ifsc=NATW000123, savingsamount=3128.0], accountinfo [accno=202200053, custid=202200005, branch_name=Bengaluru, ifsc=NATW000123, savingsamount=150000.0]]
2022-10-13 20:10:11 [http-nio-8082-exec-9] INFO  com.capstone.aspect.LoggerAspect - *************************************
2022-10-13 20:10:11 [http-nio-8082-exec-9] INFO  com.capstone.aspect.LoggerAspect - During: class com.capstone.controller.accountinfoController.getsavingsAccount() with arguments=[accountinfo [accno=202200051, custid=202200005, branch_name=Bengaluru, ifsc=NATW000123, savingsamount=3128.0], accountinfo [accno=202200053, custid=202200005, branch_name=Bengaluru, ifsc=NATW000123, savingsamount=150000.0]]
2022-10-13 20:10:11 [http-nio-8082-exec-9] INFO  com.capstone.aspect.LoggerAspect - *************************************
2022-10-13 20:10:28 [http-nio-8082-exec-2] INFO  com.capstone.aspect.LoggerAspect - Method name: com.capstone.controller.accountinfoController
2022-10-13 20:10:28 [http-nio-8082-exec-2] INFO  com.capstone.aspect.LoggerAspect - Method arguments:[Ljava.lang.Object;@60c80bcf
2022-10-13 20:10:28 [http-nio-8082-exec-2] INFO  com.capstone.aspect.LoggerAspect - *************************************
2022-10-13 20:10:28 [http-nio-8082-exec-2] INFO  com.capstone.aspect.LoggerAspect - Method name: com.capstone.service.accountinfoServiceImpl
2022-10-13 20:10:28 [http-nio-8082-exec-2] INFO  com.capstone.aspect.LoggerAspect - Method arguments:[Ljava.lang.Object;@b55031
2022-10-13 20:10:28 [http-nio-8082-exec-2] INFO  com.capstone.aspect.LoggerAspect - *************************************
2022-10-13 20:10:28 [http-nio-8082-exec-2] INFO  com.capstone.aspect.LoggerAspect - During: class com.capstone.service.accountinfoServiceImpl.getAcountsByCustId() with arguments=[accountinfo [accno=202200051, custid=202200005, branch_name=Bengaluru, ifsc=NATW000123, savingsamount=3128.0], accountinfo [accno=202200053, custid=202200005, branch_name=Bengaluru, ifsc=NATW000123, savingsamount=150000.0]]
2022-10-13 20:10:28 [http-nio-8082-exec-2] INFO  com.capstone.aspect.LoggerAspect - *************************************
2022-10-13 20:10:28 [http-nio-8082-exec-2] INFO  com.capstone.aspect.LoggerAspect - During: class com.capstone.controller.accountinfoController.getsavingsAccount() with arguments=[accountinfo [accno=202200051, custid=202200005, branch_name=Bengaluru, ifsc=NATW000123, savingsamount=3128.0], accountinfo [accno=202200053, custid=202200005, branch_name=Bengaluru, ifsc=NATW000123, savingsamount=150000.0]]
2022-10-13 20:10:28 [http-nio-8082-exec-2] INFO  com.capstone.aspect.LoggerAspect - *************************************
2022-10-13 20:10:52 [http-nio-8082-exec-3] INFO  com.capstone.aspect.LoggerAspect - Method name: com.capstone.controller.accountinfoController
2022-10-13 20:10:52 [http-nio-8082-exec-3] INFO  com.capstone.aspect.LoggerAspect - Method arguments:[Ljava.lang.Object;@5cf466ae
2022-10-13 20:10:52 [http-nio-8082-exec-3] INFO  com.capstone.aspect.LoggerAspect - *************************************
2022-10-13 20:10:52 [http-nio-8082-exec-3] INFO  com.capstone.aspect.LoggerAspect - Method name: com.capstone.service.accountinfoServiceImpl
2022-10-13 20:10:52 [http-nio-8082-exec-3] INFO  com.capstone.aspect.LoggerAspect - Method arguments:[Ljava.lang.Object;@22cde8b9
2022-10-13 20:10:52 [http-nio-8082-exec-3] INFO  com.capstone.aspect.LoggerAspect - *************************************
2022-10-13 20:10:52 [http-nio-8082-exec-3] INFO  com.capstone.aspect.LoggerAspect - During: class com.capstone.service.accountinfoServiceImpl.getAcountsByCustId() with arguments=[accountinfo [accno=202200051, custid=202200005, branch_name=Bengaluru, ifsc=NATW000123, savingsamount=3128.0], accountinfo [accno=202200053, custid=202200005, branch_name=Bengaluru, ifsc=NATW000123, savingsamount=150000.0]]
2022-10-13 20:10:52 [http-nio-8082-exec-3] INFO  com.capstone.aspect.LoggerAspect - *************************************
2022-10-13 20:10:52 [http-nio-8082-exec-3] INFO  com.capstone.aspect.LoggerAspect - During: class com.capstone.controller.accountinfoController.getsavingsAccount() with arguments=[accountinfo [accno=202200051, custid=202200005, branch_name=Bengaluru, ifsc=NATW000123, savingsamount=3128.0], accountinfo [accno=202200053, custid=202200005, branch_name=Bengaluru, ifsc=NATW000123, savingsamount=150000.0]]
2022-10-13 20:10:52 [http-nio-8082-exec-3] INFO  com.capstone.aspect.LoggerAspect - *************************************
2022-10-13 20:11:00 [AsyncResolver-bootstrap-executor-0] INFO  c.n.d.s.r.aws.ConfigClusterResolver - Resolving eureka endpoints via configuration
2022-10-13 20:11:06 [http-nio-8082-exec-7] INFO  com.capstone.aspect.LoggerAspect - Method name: com.capstone.controller.accountinfoController
2022-10-13 20:11:06 [http-nio-8082-exec-7] INFO  com.capstone.aspect.LoggerAspect - Method arguments:[Ljava.lang.Object;@245348ac
2022-10-13 20:11:06 [http-nio-8082-exec-7] INFO  com.capstone.aspect.LoggerAspect - *************************************
2022-10-13 20:11:06 [http-nio-8082-exec-7] INFO  com.capstone.aspect.LoggerAspect - Method name: com.capstone.service.accountinfoServiceImpl
2022-10-13 20:11:06 [http-nio-8082-exec-7] INFO  com.capstone.aspect.LoggerAspect - Method arguments:[Ljava.lang.Object;@57dd4642
2022-10-13 20:11:06 [http-nio-8082-exec-7] INFO  com.capstone.aspect.LoggerAspect - *************************************
2022-10-13 20:11:06 [http-nio-8082-exec-7] INFO  com.capstone.aspect.LoggerAspect - During: class com.capstone.service.accountinfoServiceImpl.getAcountsByCustId() with arguments=[accountinfo [accno=202200011, custid=202200001, branch_name=Bengaluru, ifsc=NATW000123, savingsamount=600000.0], accountinfo [accno=202200012, custid=202200001, branch_name=Bengaluru, ifsc=NATW000123, savingsamount=50000.0]]
2022-10-13 20:11:06 [http-nio-8082-exec-7] INFO  com.capstone.aspect.LoggerAspect - *************************************
2022-10-13 20:11:06 [http-nio-8082-exec-7] INFO  com.capstone.aspect.LoggerAspect - During: class com.capstone.controller.accountinfoController.getsavingsAccount() with arguments=[accountinfo [accno=202200011, custid=202200001, branch_name=Bengaluru, ifsc=NATW000123, savingsamount=600000.0], accountinfo [accno=202200012, custid=202200001, branch_name=Bengaluru, ifsc=NATW000123, savingsamount=50000.0]]
2022-10-13 20:11:06 [http-nio-8082-exec-7] INFO  com.capstone.aspect.LoggerAspect - *************************************
2022-10-13 20:11:20 [http-nio-8082-exec-10] INFO  com.capstone.aspect.LoggerAspect - Method name: com.capstone.controller.accountinfoController
2022-10-13 20:11:20 [http-nio-8082-exec-10] INFO  com.capstone.aspect.LoggerAspect - Method arguments:[Ljava.lang.Object;@603ade8e
2022-10-13 20:11:20 [http-nio-8082-exec-10] INFO  com.capstone.aspect.LoggerAspect - *************************************
2022-10-13 20:11:20 [http-nio-8082-exec-10] INFO  com.capstone.aspect.LoggerAspect - Method name: com.capstone.service.accountinfoServiceImpl
2022-10-13 20:11:20 [http-nio-8082-exec-10] INFO  com.capstone.aspect.LoggerAspect - Method arguments:[Ljava.lang.Object;@678707b5
2022-10-13 20:11:20 [http-nio-8082-exec-10] INFO  com.capstone.aspect.LoggerAspect - *************************************
2022-10-13 20:11:20 [http-nio-8082-exec-10] INFO  com.capstone.aspect.LoggerAspect - During: class com.capstone.service.accountinfoServiceImpl.getAcountsByCustId() with arguments=[accountinfo [accno=202200011, custid=202200001, branch_name=Bengaluru, ifsc=NATW000123, savingsamount=600000.0], accountinfo [accno=202200012, custid=202200001, branch_name=Bengaluru, ifsc=NATW000123, savingsamount=50000.0]]
2022-10-13 20:11:20 [http-nio-8082-exec-10] INFO  com.capstone.aspect.LoggerAspect - *************************************
2022-10-13 20:11:20 [http-nio-8082-exec-10] INFO  com.capstone.aspect.LoggerAspect - During: class com.capstone.controller.accountinfoController.getsavingsAccount() with arguments=[accountinfo [accno=202200011, custid=202200001, branch_name=Bengaluru, ifsc=NATW000123, savingsamount=600000.0], accountinfo [accno=202200012, custid=202200001, branch_name=Bengaluru, ifsc=NATW000123, savingsamount=50000.0]]
2022-10-13 20:11:20 [http-nio-8082-exec-10] INFO  com.capstone.aspect.LoggerAspect - *************************************
2022-10-13 20:12:28 [http-nio-8082-exec-4] INFO  com.capstone.aspect.LoggerAspect - Method name: com.capstone.controller.accountinfoController
2022-10-13 20:12:28 [http-nio-8082-exec-4] INFO  com.capstone.aspect.LoggerAspect - Method arguments:[Ljava.lang.Object;@2175a05c
2022-10-13 20:12:28 [http-nio-8082-exec-4] INFO  com.capstone.aspect.LoggerAspect - *************************************
2022-10-13 20:12:28 [http-nio-8082-exec-4] INFO  com.capstone.aspect.LoggerAspect - Method name: com.capstone.service.accountinfoServiceImpl
2022-10-13 20:12:28 [http-nio-8082-exec-4] INFO  com.capstone.aspect.LoggerAspect - Method arguments:[Ljava.lang.Object;@12407f5e
2022-10-13 20:12:28 [http-nio-8082-exec-4] INFO  com.capstone.aspect.LoggerAspect - *************************************
2022-10-13 20:12:28 [http-nio-8082-exec-4] INFO  com.capstone.aspect.LoggerAspect - During: class com.capstone.service.accountinfoServiceImpl.getAcountsByCustId() with arguments=[accountinfo [accno=202200011, custid=202200001, branch_name=Bengaluru, ifsc=NATW000123, savingsamount=600000.0], accountinfo [accno=202200012, custid=202200001, branch_name=Bengaluru, ifsc=NATW000123, savingsamount=50000.0]]
2022-10-13 20:12:28 [http-nio-8082-exec-4] INFO  com.capstone.aspect.LoggerAspect - *************************************
2022-10-13 20:12:28 [http-nio-8082-exec-4] INFO  com.capstone.aspect.LoggerAspect - During: class com.capstone.controller.accountinfoController.getsavingsAccount() with arguments=[accountinfo [accno=202200011, custid=202200001, branch_name=Bengaluru, ifsc=NATW000123, savingsamount=600000.0], accountinfo [accno=202200012, custid=202200001, branch_name=Bengaluru, ifsc=NATW000123, savingsamount=50000.0]]
2022-10-13 20:12:28 [http-nio-8082-exec-4] INFO  com.capstone.aspect.LoggerAspect - *************************************
2022-10-13 20:12:35 [http-nio-8082-exec-8] INFO  com.capstone.aspect.LoggerAspect - Method name: com.capstone.controller.accountinfoController
2022-10-13 20:12:35 [http-nio-8082-exec-8] INFO  com.capstone.aspect.LoggerAspect - Method arguments:[Ljava.lang.Object;@63a2012
2022-10-13 20:12:35 [http-nio-8082-exec-8] INFO  com.capstone.aspect.LoggerAspect - *************************************
2022-10-13 20:12:35 [http-nio-8082-exec-8] INFO  com.capstone.aspect.LoggerAspect - Method name: com.capstone.service.accountinfoServiceImpl
2022-10-13 20:12:35 [http-nio-8082-exec-8] INFO  com.capstone.aspect.LoggerAspect - Method arguments:[Ljava.lang.Object;@41c17b7
2022-10-13 20:12:35 [http-nio-8082-exec-8] INFO  com.capstone.aspect.LoggerAspect - *************************************
2022-10-13 20:12:35 [http-nio-8082-exec-8] INFO  com.capstone.aspect.LoggerAspect - During: class com.capstone.service.accountinfoServiceImpl.getAcountsByCustId() with arguments=[accountinfo [accno=202200011, custid=202200001, branch_name=Bengaluru, ifsc=NATW000123, savingsamount=600000.0], accountinfo [accno=202200012, custid=202200001, branch_name=Bengaluru, ifsc=NATW000123, savingsamount=50000.0]]
2022-10-13 20:12:35 [http-nio-8082-exec-8] INFO  com.capstone.aspect.LoggerAspect - *************************************
2022-10-13 20:12:35 [http-nio-8082-exec-8] INFO  com.capstone.aspect.LoggerAspect - During: class com.capstone.controller.accountinfoController.getsavingsAccount() with arguments=[accountinfo [accno=202200011, custid=202200001, branch_name=Bengaluru, ifsc=NATW000123, savingsamount=600000.0], accountinfo [accno=202200012, custid=202200001, branch_name=Bengaluru, ifsc=NATW000123, savingsamount=50000.0]]
2022-10-13 20:12:35 [http-nio-8082-exec-8] INFO  com.capstone.aspect.LoggerAspect - *************************************
2022-10-13 20:13:33 [http-nio-8082-exec-9] INFO  com.capstone.aspect.LoggerAspect - Method name: com.capstone.controller.accountinfoController
2022-10-13 20:13:33 [http-nio-8082-exec-9] INFO  com.capstone.aspect.LoggerAspect - Method arguments:[Ljava.lang.Object;@4f93a807
2022-10-13 20:13:33 [http-nio-8082-exec-9] INFO  com.capstone.aspect.LoggerAspect - *************************************
2022-10-13 20:13:33 [http-nio-8082-exec-9] INFO  com.capstone.aspect.LoggerAspect - Method name: com.capstone.service.accountinfoServiceImpl
2022-10-13 20:13:33 [http-nio-8082-exec-9] INFO  com.capstone.aspect.LoggerAspect - Method arguments:[Ljava.lang.Object;@188d6826
2022-10-13 20:13:33 [http-nio-8082-exec-9] INFO  com.capstone.aspect.LoggerAspect - *************************************
2022-10-13 20:13:33 [http-nio-8082-exec-9] INFO  com.capstone.aspect.LoggerAspect - During: class com.capstone.service.accountinfoServiceImpl.getAcountsByCustId() with arguments=[accountinfo [accno=202200011, custid=202200001, branch_name=Bengaluru, ifsc=NATW000123, savingsamount=600000.0], accountinfo [accno=202200012, custid=202200001, branch_name=Bengaluru, ifsc=NATW000123, savingsamount=50000.0]]
2022-10-13 20:13:33 [http-nio-8082-exec-9] INFO  com.capstone.aspect.LoggerAspect - *************************************
2022-10-13 20:13:33 [http-nio-8082-exec-9] INFO  com.capstone.aspect.LoggerAspect - During: class com.capstone.controller.accountinfoController.getsavingsAccount() with arguments=[accountinfo [accno=202200011, custid=202200001, branch_name=Bengaluru, ifsc=NATW000123, savingsamount=600000.0], accountinfo [accno=202200012, custid=202200001, branch_name=Bengaluru, ifsc=NATW000123, savingsamount=50000.0]]
2022-10-13 20:13:33 [http-nio-8082-exec-9] INFO  com.capstone.aspect.LoggerAspect - *************************************
2022-10-13 20:16:00 [AsyncResolver-bootstrap-executor-0] INFO  c.n.d.s.r.aws.ConfigClusterResolver - Resolving eureka endpoints via configuration
2022-10-13 20:21:00 [AsyncResolver-bootstrap-executor-0] INFO  c.n.d.s.r.aws.ConfigClusterResolver - Resolving eureka endpoints via configuration
2022-10-13 20:26:00 [AsyncResolver-bootstrap-executor-0] INFO  c.n.d.s.r.aws.ConfigClusterResolver - Resolving eureka endpoints via configuration
2022-10-13 20:26:32 [http-nio-8082-exec-3] INFO  com.capstone.aspect.LoggerAspect - Method name: com.capstone.controller.accountinfoController
2022-10-13 20:26:32 [http-nio-8082-exec-3] INFO  com.capstone.aspect.LoggerAspect - Method arguments:[Ljava.lang.Object;@7b6af365
2022-10-13 20:26:32 [http-nio-8082-exec-3] INFO  com.capstone.aspect.LoggerAspect - *************************************
2022-10-13 20:26:32 [http-nio-8082-exec-3] INFO  com.capstone.aspect.LoggerAspect - Method name: com.capstone.service.accountinfoServiceImpl
2022-10-13 20:26:32 [http-nio-8082-exec-3] INFO  com.capstone.aspect.LoggerAspect - Method arguments:[Ljava.lang.Object;@234f2ff1
2022-10-13 20:26:32 [http-nio-8082-exec-3] INFO  com.capstone.aspect.LoggerAspect - *************************************
2022-10-13 20:26:32 [http-nio-8082-exec-3] INFO  com.capstone.aspect.LoggerAspect - During: class com.capstone.service.accountinfoServiceImpl.getAcountsByCustId() with arguments=[accountinfo [accno=202200011, custid=202200001, branch_name=Bengaluru, ifsc=NATW000123, savingsamount=600000.0], accountinfo [accno=202200012, custid=202200001, branch_name=Bengaluru, ifsc=NATW000123, savingsamount=50000.0]]
2022-10-13 20:26:32 [http-nio-8082-exec-3] INFO  com.capstone.aspect.LoggerAspect - *************************************
2022-10-13 20:26:32 [http-nio-8082-exec-3] INFO  com.capstone.aspect.LoggerAspect - During: class com.capstone.controller.accountinfoController.getsavingsAccount() with arguments=[accountinfo [accno=202200011, custid=202200001, branch_name=Bengaluru, ifsc=NATW000123, savingsamount=600000.0], accountinfo [accno=202200012, custid=202200001, branch_name=Bengaluru, ifsc=NATW000123, savingsamount=50000.0]]
2022-10-13 20:26:32 [http-nio-8082-exec-3] INFO  com.capstone.aspect.LoggerAspect - *************************************
2022-10-13 20:26:53 [http-nio-8082-exec-6] INFO  com.capstone.aspect.LoggerAspect - Method name: com.capstone.controller.accountinfoController
2022-10-13 20:26:53 [http-nio-8082-exec-6] INFO  com.capstone.aspect.LoggerAspect - Method arguments:[Ljava.lang.Object;@47df0cbb
2022-10-13 20:26:53 [http-nio-8082-exec-6] INFO  com.capstone.aspect.LoggerAspect - *************************************
2022-10-13 20:26:53 [http-nio-8082-exec-6] INFO  com.capstone.aspect.LoggerAspect - Method name: com.capstone.service.accountinfoServiceImpl
2022-10-13 20:26:53 [http-nio-8082-exec-6] INFO  com.capstone.aspect.LoggerAspect - Method arguments:[Ljava.lang.Object;@680fa8a5
2022-10-13 20:26:53 [http-nio-8082-exec-6] INFO  com.capstone.aspect.LoggerAspect - *************************************
2022-10-13 20:26:53 [http-nio-8082-exec-6] INFO  com.capstone.aspect.LoggerAspect - During: class com.capstone.service.accountinfoServiceImpl.getAcountsByCustId() with arguments=[accountinfo [accno=202200011, custid=202200001, branch_name=Bengaluru, ifsc=NATW000123, savingsamount=600000.0], accountinfo [accno=202200012, custid=202200001, branch_name=Bengaluru, ifsc=NATW000123, savingsamount=50000.0]]
2022-10-13 20:26:53 [http-nio-8082-exec-6] INFO  com.capstone.aspect.LoggerAspect - *************************************
2022-10-13 20:26:53 [http-nio-8082-exec-6] INFO  com.capstone.aspect.LoggerAspect - During: class com.capstone.controller.accountinfoController.getsavingsAccount() with arguments=[accountinfo [accno=202200011, custid=202200001, branch_name=Bengaluru, ifsc=NATW000123, savingsamount=600000.0], accountinfo [accno=202200012, custid=202200001, branch_name=Bengaluru, ifsc=NATW000123, savingsamount=50000.0]]
2022-10-13 20:26:53 [http-nio-8082-exec-6] INFO  com.capstone.aspect.LoggerAspect - *************************************
2022-10-13 20:27:14 [http-nio-8082-exec-7] INFO  com.capstone.aspect.LoggerAspect - Method name: com.capstone.controller.accountinfoController
2022-10-13 20:27:14 [http-nio-8082-exec-7] INFO  com.capstone.aspect.LoggerAspect - Method arguments:[Ljava.lang.Object;@263b86ed
2022-10-13 20:27:14 [http-nio-8082-exec-7] INFO  com.capstone.aspect.LoggerAspect - *************************************
2022-10-13 20:27:14 [http-nio-8082-exec-7] INFO  com.capstone.aspect.LoggerAspect - Method name: com.capstone.service.accountinfoServiceImpl
2022-10-13 20:27:14 [http-nio-8082-exec-7] INFO  com.capstone.aspect.LoggerAspect - Method arguments:[Ljava.lang.Object;@70afc905
2022-10-13 20:27:14 [http-nio-8082-exec-7] INFO  com.capstone.aspect.LoggerAspect - *************************************
2022-10-13 20:27:14 [http-nio-8082-exec-7] INFO  com.capstone.aspect.LoggerAspect - During: class com.capstone.service.accountinfoServiceImpl.getAcountsByCustId() with arguments=[accountinfo [accno=202200011, custid=202200001, branch_name=Bengaluru, ifsc=NATW000123, savingsamount=600000.0], accountinfo [accno=202200012, custid=202200001, branch_name=Bengaluru, ifsc=NATW000123, savingsamount=50000.0]]
2022-10-13 20:27:14 [http-nio-8082-exec-7] INFO  com.capstone.aspect.LoggerAspect - *************************************
2022-10-13 20:27:14 [http-nio-8082-exec-7] INFO  com.capstone.aspect.LoggerAspect - During: class com.capstone.controller.accountinfoController.getsavingsAccount() with arguments=[accountinfo [accno=202200011, custid=202200001, branch_name=Bengaluru, ifsc=NATW000123, savingsamount=600000.0], accountinfo [accno=202200012, custid=202200001, branch_name=Bengaluru, ifsc=NATW000123, savingsamount=50000.0]]
2022-10-13 20:27:14 [http-nio-8082-exec-7] INFO  com.capstone.aspect.LoggerAspect - *************************************
2022-10-13 20:28:55 [http-nio-8082-exec-4] INFO  com.capstone.aspect.LoggerAspect - Method name: com.capstone.controller.accountinfoController
2022-10-13 20:28:55 [http-nio-8082-exec-4] INFO  com.capstone.aspect.LoggerAspect - Method arguments:[Ljava.lang.Object;@3d3a4ae6
2022-10-13 20:28:55 [http-nio-8082-exec-4] INFO  com.capstone.aspect.LoggerAspect - *************************************
2022-10-13 20:28:55 [http-nio-8082-exec-4] INFO  com.capstone.aspect.LoggerAspect - Method name: com.capstone.service.accountinfoServiceImpl
2022-10-13 20:28:55 [http-nio-8082-exec-4] INFO  com.capstone.aspect.LoggerAspect - Method arguments:[Ljava.lang.Object;@412496dd
2022-10-13 20:28:55 [http-nio-8082-exec-4] INFO  com.capstone.aspect.LoggerAspect - *************************************
2022-10-13 20:28:55 [http-nio-8082-exec-4] INFO  com.capstone.aspect.LoggerAspect - During: class com.capstone.service.accountinfoServiceImpl.getAcountsByCustId() with arguments=[accountinfo [accno=202200051, custid=202200005, branch_name=Bengaluru, ifsc=NATW000123, savingsamount=3128.0], accountinfo [accno=202200053, custid=202200005, branch_name=Bengaluru, ifsc=NATW000123, savingsamount=150000.0]]
2022-10-13 20:28:55 [http-nio-8082-exec-4] INFO  com.capstone.aspect.LoggerAspect - *************************************
2022-10-13 20:28:55 [http-nio-8082-exec-4] INFO  com.capstone.aspect.LoggerAspect - During: class com.capstone.controller.accountinfoController.getsavingsAccount() with arguments=[accountinfo [accno=202200051, custid=202200005, branch_name=Bengaluru, ifsc=NATW000123, savingsamount=3128.0], accountinfo [accno=202200053, custid=202200005, branch_name=Bengaluru, ifsc=NATW000123, savingsamount=150000.0]]
2022-10-13 20:28:55 [http-nio-8082-exec-4] INFO  com.capstone.aspect.LoggerAspect - *************************************
2022-10-13 20:29:38 [http-nio-8082-exec-5] INFO  com.capstone.aspect.LoggerAspect - Method name: com.capstone.controller.accountinfoController
2022-10-13 20:29:38 [http-nio-8082-exec-5] INFO  com.capstone.aspect.LoggerAspect - Method arguments:[Ljava.lang.Object;@53c139d7
2022-10-13 20:29:38 [http-nio-8082-exec-5] INFO  com.capstone.aspect.LoggerAspect - *************************************
2022-10-13 20:29:38 [http-nio-8082-exec-5] INFO  com.capstone.aspect.LoggerAspect - Method name: com.capstone.service.accountinfoServiceImpl
2022-10-13 20:29:38 [http-nio-8082-exec-5] INFO  com.capstone.aspect.LoggerAspect - Method arguments:[Ljava.lang.Object;@33247ce
2022-10-13 20:29:38 [http-nio-8082-exec-5] INFO  com.capstone.aspect.LoggerAspect - *************************************
2022-10-13 20:29:38 [http-nio-8082-exec-5] INFO  com.capstone.aspect.LoggerAspect - During: class com.capstone.service.accountinfoServiceImpl.getAcountsByCustId() with arguments=[accountinfo [accno=202200051, custid=202200005, branch_name=Bengaluru, ifsc=NATW000123, savingsamount=3128.0], accountinfo [accno=202200053, custid=202200005, branch_name=Bengaluru, ifsc=NATW000123, savingsamount=150000.0]]
2022-10-13 20:29:38 [http-nio-8082-exec-5] INFO  com.capstone.aspect.LoggerAspect - *************************************
2022-10-13 20:29:38 [http-nio-8082-exec-5] INFO  com.capstone.aspect.LoggerAspect - During: class com.capstone.controller.accountinfoController.getsavingsAccount() with arguments=[accountinfo [accno=202200051, custid=202200005, branch_name=Bengaluru, ifsc=NATW000123, savingsamount=3128.0], accountinfo [accno=202200053, custid=202200005, branch_name=Bengaluru, ifsc=NATW000123, savingsamount=150000.0]]
2022-10-13 20:29:38 [http-nio-8082-exec-5] INFO  com.capstone.aspect.LoggerAspect - *************************************
2022-10-13 20:30:08 [http-nio-8082-exec-2] INFO  com.capstone.aspect.LoggerAspect - Method name: com.capstone.controller.accountinfoController
2022-10-13 20:30:08 [http-nio-8082-exec-2] INFO  com.capstone.aspect.LoggerAspect - Method arguments:[Ljava.lang.Object;@2a12c3a7
2022-10-13 20:30:08 [http-nio-8082-exec-2] INFO  com.capstone.aspect.LoggerAspect - *************************************
2022-10-13 20:30:08 [http-nio-8082-exec-2] INFO  com.capstone.aspect.LoggerAspect - Method name: com.capstone.service.accountinfoServiceImpl
2022-10-13 20:30:08 [http-nio-8082-exec-2] INFO  com.capstone.aspect.LoggerAspect - Method arguments:[Ljava.lang.Object;@2e329dba
2022-10-13 20:30:08 [http-nio-8082-exec-2] INFO  com.capstone.aspect.LoggerAspect - *************************************
2022-10-13 20:30:08 [http-nio-8082-exec-2] INFO  com.capstone.aspect.LoggerAspect - During: class com.capstone.service.accountinfoServiceImpl.getAcountsByCustId() with arguments=[accountinfo [accno=202200051, custid=202200005, branch_name=Bengaluru, ifsc=NATW000123, savingsamount=3128.0], accountinfo [accno=202200053, custid=202200005, branch_name=Bengaluru, ifsc=NATW000123, savingsamount=150000.0]]
2022-10-13 20:30:08 [http-nio-8082-exec-2] INFO  com.capstone.aspect.LoggerAspect - *************************************
2022-10-13 20:30:08 [http-nio-8082-exec-2] INFO  com.capstone.aspect.LoggerAspect - During: class com.capstone.controller.accountinfoController.getsavingsAccount() with arguments=[accountinfo [accno=202200051, custid=202200005, branch_name=Bengaluru, ifsc=NATW000123, savingsamount=3128.0], accountinfo [accno=202200053, custid=202200005, branch_name=Bengaluru, ifsc=NATW000123, savingsamount=150000.0]]
2022-10-13 20:30:08 [http-nio-8082-exec-2] INFO  com.capstone.aspect.LoggerAspect - *************************************
2022-10-13 20:31:00 [AsyncResolver-bootstrap-executor-0] INFO  c.n.d.s.r.aws.ConfigClusterResolver - Resolving eureka endpoints via configuration
2022-10-13 20:31:41 [http-nio-8082-exec-6] INFO  com.capstone.aspect.LoggerAspect - Method name: com.capstone.controller.accountinfoController
2022-10-13 20:31:41 [http-nio-8082-exec-6] INFO  com.capstone.aspect.LoggerAspect - Method arguments:[Ljava.lang.Object;@5189bf73
2022-10-13 20:31:41 [http-nio-8082-exec-6] INFO  com.capstone.aspect.LoggerAspect - *************************************
2022-10-13 20:31:41 [http-nio-8082-exec-6] INFO  com.capstone.aspect.LoggerAspect - Method name: com.capstone.service.accountinfoServiceImpl
2022-10-13 20:31:41 [http-nio-8082-exec-6] INFO  com.capstone.aspect.LoggerAspect - Method arguments:[Ljava.lang.Object;@2be8b286
2022-10-13 20:31:41 [http-nio-8082-exec-6] INFO  com.capstone.aspect.LoggerAspect - *************************************
2022-10-13 20:31:41 [http-nio-8082-exec-6] INFO  com.capstone.aspect.LoggerAspect - During: class com.capstone.service.accountinfoServiceImpl.getAcountsByCustId() with arguments=[accountinfo [accno=202200051, custid=202200005, branch_name=Bengaluru, ifsc=NATW000123, savingsamount=3128.0], accountinfo [accno=202200053, custid=202200005, branch_name=Bengaluru, ifsc=NATW000123, savingsamount=150000.0]]
2022-10-13 20:31:41 [http-nio-8082-exec-6] INFO  com.capstone.aspect.LoggerAspect - *************************************
2022-10-13 20:31:41 [http-nio-8082-exec-6] INFO  com.capstone.aspect.LoggerAspect - During: class com.capstone.controller.accountinfoController.getsavingsAccount() with arguments=[accountinfo [accno=202200051, custid=202200005, branch_name=Bengaluru, ifsc=NATW000123, savingsamount=3128.0], accountinfo [accno=202200053, custid=202200005, branch_name=Bengaluru, ifsc=NATW000123, savingsamount=150000.0]]
2022-10-13 20:31:41 [http-nio-8082-exec-6] INFO  com.capstone.aspect.LoggerAspect - *************************************
2022-10-13 20:31:46 [http-nio-8082-exec-10] INFO  com.capstone.aspect.LoggerAspect - Method name: com.capstone.controller.accountinfoController
2022-10-13 20:31:46 [http-nio-8082-exec-10] INFO  com.capstone.aspect.LoggerAspect - Method arguments:[Ljava.lang.Object;@6168d533
2022-10-13 20:31:46 [http-nio-8082-exec-10] INFO  com.capstone.aspect.LoggerAspect - *************************************
2022-10-13 20:31:46 [http-nio-8082-exec-10] INFO  com.capstone.aspect.LoggerAspect - Method name: com.capstone.service.accountinfoServiceImpl
2022-10-13 20:31:46 [http-nio-8082-exec-10] INFO  com.capstone.aspect.LoggerAspect - Method arguments:[Ljava.lang.Object;@396c898c
2022-10-13 20:31:46 [http-nio-8082-exec-10] INFO  com.capstone.aspect.LoggerAspect - *************************************
2022-10-13 20:31:46 [http-nio-8082-exec-10] INFO  com.capstone.aspect.LoggerAspect - During: class com.capstone.service.accountinfoServiceImpl.getAcountsByCustId() with arguments=[accountinfo [accno=202200051, custid=202200005, branch_name=Bengaluru, ifsc=NATW000123, savingsamount=3128.0], accountinfo [accno=202200053, custid=202200005, branch_name=Bengaluru, ifsc=NATW000123, savingsamount=150000.0]]
2022-10-13 20:31:46 [http-nio-8082-exec-10] INFO  com.capstone.aspect.LoggerAspect - *************************************
2022-10-13 20:31:46 [http-nio-8082-exec-10] INFO  com.capstone.aspect.LoggerAspect - During: class com.capstone.controller.accountinfoController.getsavingsAccount() with arguments=[accountinfo [accno=202200051, custid=202200005, branch_name=Bengaluru, ifsc=NATW000123, savingsamount=3128.0], accountinfo [accno=202200053, custid=202200005, branch_name=Bengaluru, ifsc=NATW000123, savingsamount=150000.0]]
2022-10-13 20:31:46 [http-nio-8082-exec-10] INFO  com.capstone.aspect.LoggerAspect - *************************************
2022-10-13 20:32:37 [http-nio-8082-exec-4] INFO  com.capstone.aspect.LoggerAspect - Method name: com.capstone.controller.accountinfoController
2022-10-13 20:32:37 [http-nio-8082-exec-4] INFO  com.capstone.aspect.LoggerAspect - Method arguments:[Ljava.lang.Object;@484a40e
2022-10-13 20:32:37 [http-nio-8082-exec-4] INFO  com.capstone.aspect.LoggerAspect - *************************************
2022-10-13 20:32:37 [http-nio-8082-exec-4] INFO  com.capstone.aspect.LoggerAspect - Method name: com.capstone.service.accountinfoServiceImpl
2022-10-13 20:32:37 [http-nio-8082-exec-4] INFO  com.capstone.aspect.LoggerAspect - Method arguments:[Ljava.lang.Object;@2968821b
2022-10-13 20:32:37 [http-nio-8082-exec-4] INFO  com.capstone.aspect.LoggerAspect - *************************************
2022-10-13 20:32:37 [http-nio-8082-exec-4] INFO  com.capstone.aspect.LoggerAspect - During: class com.capstone.service.accountinfoServiceImpl.getAcountsByCustId() with arguments=[accountinfo [accno=202200051, custid=202200005, branch_name=Bengaluru, ifsc=NATW000123, savingsamount=3128.0], accountinfo [accno=202200053, custid=202200005, branch_name=Bengaluru, ifsc=NATW000123, savingsamount=150000.0]]
2022-10-13 20:32:37 [http-nio-8082-exec-4] INFO  com.capstone.aspect.LoggerAspect - *************************************
2022-10-13 20:32:37 [http-nio-8082-exec-4] INFO  com.capstone.aspect.LoggerAspect - During: class com.capstone.controller.accountinfoController.getsavingsAccount() with arguments=[accountinfo [accno=202200051, custid=202200005, branch_name=Bengaluru, ifsc=NATW000123, savingsamount=3128.0], accountinfo [accno=202200053, custid=202200005, branch_name=Bengaluru, ifsc=NATW000123, savingsamount=150000.0]]
2022-10-13 20:32:37 [http-nio-8082-exec-4] INFO  com.capstone.aspect.LoggerAspect - *************************************
2022-10-13 20:32:48 [http-nio-8082-exec-5] INFO  com.capstone.aspect.LoggerAspect - Method name: com.capstone.controller.accountinfoController
2022-10-13 20:32:48 [http-nio-8082-exec-5] INFO  com.capstone.aspect.LoggerAspect - Method arguments:[Ljava.lang.Object;@44830dce
2022-10-13 20:32:48 [http-nio-8082-exec-5] INFO  com.capstone.aspect.LoggerAspect - *************************************
2022-10-13 20:32:48 [http-nio-8082-exec-5] INFO  com.capstone.aspect.LoggerAspect - Method name: com.capstone.service.accountinfoServiceImpl
2022-10-13 20:32:48 [http-nio-8082-exec-5] INFO  com.capstone.aspect.LoggerAspect - Method arguments:[Ljava.lang.Object;@bf667a6
2022-10-13 20:32:48 [http-nio-8082-exec-5] INFO  com.capstone.aspect.LoggerAspect - *************************************
2022-10-13 20:32:48 [http-nio-8082-exec-5] INFO  com.capstone.aspect.LoggerAspect - During: class com.capstone.service.accountinfoServiceImpl.getAcountsByCustId() with arguments=[accountinfo [accno=202200051, custid=202200005, branch_name=Bengaluru, ifsc=NATW000123, savingsamount=3128.0], accountinfo [accno=202200053, custid=202200005, branch_name=Bengaluru, ifsc=NATW000123, savingsamount=150000.0]]
2022-10-13 20:32:48 [http-nio-8082-exec-5] INFO  com.capstone.aspect.LoggerAspect - *************************************
2022-10-13 20:32:48 [http-nio-8082-exec-5] INFO  com.capstone.aspect.LoggerAspect - During: class com.capstone.controller.accountinfoController.getsavingsAccount() with arguments=[accountinfo [accno=202200051, custid=202200005, branch_name=Bengaluru, ifsc=NATW000123, savingsamount=3128.0], accountinfo [accno=202200053, custid=202200005, branch_name=Bengaluru, ifsc=NATW000123, savingsamount=150000.0]]
2022-10-13 20:32:48 [http-nio-8082-exec-5] INFO  com.capstone.aspect.LoggerAspect - *************************************
2022-10-13 20:32:56 [http-nio-8082-exec-2] INFO  com.capstone.aspect.LoggerAspect - Method name: com.capstone.controller.accountinfoController
2022-10-13 20:32:56 [http-nio-8082-exec-2] INFO  com.capstone.aspect.LoggerAspect - Method arguments:[Ljava.lang.Object;@d5a9d7e
2022-10-13 20:32:56 [http-nio-8082-exec-2] INFO  com.capstone.aspect.LoggerAspect - *************************************
2022-10-13 20:32:56 [http-nio-8082-exec-2] INFO  com.capstone.aspect.LoggerAspect - Method name: com.capstone.service.accountinfoServiceImpl
2022-10-13 20:32:56 [http-nio-8082-exec-2] INFO  com.capstone.aspect.LoggerAspect - Method arguments:[Ljava.lang.Object;@5ca02419
2022-10-13 20:32:56 [http-nio-8082-exec-2] INFO  com.capstone.aspect.LoggerAspect - *************************************
2022-10-13 20:32:56 [http-nio-8082-exec-2] INFO  com.capstone.aspect.LoggerAspect - During: class com.capstone.service.accountinfoServiceImpl.getAcountsByCustId() with arguments=[accountinfo [accno=202200051, custid=202200005, branch_name=Bengaluru, ifsc=NATW000123, savingsamount=3128.0], accountinfo [accno=202200053, custid=202200005, branch_name=Bengaluru, ifsc=NATW000123, savingsamount=150000.0]]
2022-10-13 20:32:56 [http-nio-8082-exec-2] INFO  com.capstone.aspect.LoggerAspect - *************************************
2022-10-13 20:32:56 [http-nio-8082-exec-2] INFO  com.capstone.aspect.LoggerAspect - During: class com.capstone.controller.accountinfoController.getsavingsAccount() with arguments=[accountinfo [accno=202200051, custid=202200005, branch_name=Bengaluru, ifsc=NATW000123, savingsamount=3128.0], accountinfo [accno=202200053, custid=202200005, branch_name=Bengaluru, ifsc=NATW000123, savingsamount=150000.0]]
2022-10-13 20:32:56 [http-nio-8082-exec-2] INFO  com.capstone.aspect.LoggerAspect - *************************************
2022-10-13 20:33:22 [http-nio-8082-exec-6] INFO  com.capstone.aspect.LoggerAspect - Method name: com.capstone.controller.accountinfoController
2022-10-13 20:33:22 [http-nio-8082-exec-6] INFO  com.capstone.aspect.LoggerAspect - Method arguments:[Ljava.lang.Object;@3c52bfe0
2022-10-13 20:33:22 [http-nio-8082-exec-6] INFO  com.capstone.aspect.LoggerAspect - *************************************
2022-10-13 20:33:22 [http-nio-8082-exec-6] INFO  com.capstone.aspect.LoggerAspect - Method name: com.capstone.service.accountinfoServiceImpl
2022-10-13 20:33:22 [http-nio-8082-exec-6] INFO  com.capstone.aspect.LoggerAspect - Method arguments:[Ljava.lang.Object;@6aca3ae5
2022-10-13 20:33:22 [http-nio-8082-exec-6] INFO  com.capstone.aspect.LoggerAspect - *************************************
2022-10-13 20:33:22 [http-nio-8082-exec-6] INFO  com.capstone.aspect.LoggerAspect - During: class com.capstone.service.accountinfoServiceImpl.getAcountsByCustId() with arguments=[accountinfo [accno=202200051, custid=202200005, branch_name=Bengaluru, ifsc=NATW000123, savingsamount=3128.0], accountinfo [accno=202200053, custid=202200005, branch_name=Bengaluru, ifsc=NATW000123, savingsamount=150000.0]]
2022-10-13 20:33:22 [http-nio-8082-exec-6] INFO  com.capstone.aspect.LoggerAspect - *************************************
2022-10-13 20:33:22 [http-nio-8082-exec-6] INFO  com.capstone.aspect.LoggerAspect - During: class com.capstone.controller.accountinfoController.getsavingsAccount() with arguments=[accountinfo [accno=202200051, custid=202200005, branch_name=Bengaluru, ifsc=NATW000123, savingsamount=3128.0], accountinfo [accno=202200053, custid=202200005, branch_name=Bengaluru, ifsc=NATW000123, savingsamount=150000.0]]
2022-10-13 20:33:22 [http-nio-8082-exec-6] INFO  com.capstone.aspect.LoggerAspect - *************************************
2022-10-13 20:33:31 [http-nio-8082-exec-10] INFO  com.capstone.aspect.LoggerAspect - Method name: com.capstone.controller.accountinfoController
2022-10-13 20:33:31 [http-nio-8082-exec-10] INFO  com.capstone.aspect.LoggerAspect - Method arguments:[Ljava.lang.Object;@7ad346d9
2022-10-13 20:33:31 [http-nio-8082-exec-10] INFO  com.capstone.aspect.LoggerAspect - *************************************
2022-10-13 20:33:31 [http-nio-8082-exec-10] INFO  com.capstone.aspect.LoggerAspect - Method name: com.capstone.service.accountinfoServiceImpl
2022-10-13 20:33:31 [http-nio-8082-exec-10] INFO  com.capstone.aspect.LoggerAspect - Method arguments:[Ljava.lang.Object;@5767d17
2022-10-13 20:33:31 [http-nio-8082-exec-10] INFO  com.capstone.aspect.LoggerAspect - *************************************
2022-10-13 20:33:31 [http-nio-8082-exec-10] INFO  com.capstone.aspect.LoggerAspect - During: class com.capstone.service.accountinfoServiceImpl.getAcountsByCustId() with arguments=[accountinfo [accno=202200051, custid=202200005, branch_name=Bengaluru, ifsc=NATW000123, savingsamount=3128.0], accountinfo [accno=202200053, custid=202200005, branch_name=Bengaluru, ifsc=NATW000123, savingsamount=150000.0]]
2022-10-13 20:33:31 [http-nio-8082-exec-10] INFO  com.capstone.aspect.LoggerAspect - *************************************
2022-10-13 20:33:31 [http-nio-8082-exec-10] INFO  com.capstone.aspect.LoggerAspect - During: class com.capstone.controller.accountinfoController.getsavingsAccount() with arguments=[accountinfo [accno=202200051, custid=202200005, branch_name=Bengaluru, ifsc=NATW000123, savingsamount=3128.0], accountinfo [accno=202200053, custid=202200005, branch_name=Bengaluru, ifsc=NATW000123, savingsamount=150000.0]]
2022-10-13 20:33:31 [http-nio-8082-exec-10] INFO  com.capstone.aspect.LoggerAspect - *************************************
2022-10-13 20:34:11 [http-nio-8082-exec-4] INFO  com.capstone.aspect.LoggerAspect - Method name: com.capstone.controller.accountinfoController
2022-10-13 20:34:11 [http-nio-8082-exec-4] INFO  com.capstone.aspect.LoggerAspect - Method arguments:[Ljava.lang.Object;@588b6dcc
2022-10-13 20:34:11 [http-nio-8082-exec-4] INFO  com.capstone.aspect.LoggerAspect - *************************************
2022-10-13 20:34:11 [http-nio-8082-exec-4] INFO  com.capstone.aspect.LoggerAspect - Method name: com.capstone.service.accountinfoServiceImpl
2022-10-13 20:34:11 [http-nio-8082-exec-4] INFO  com.capstone.aspect.LoggerAspect - Method arguments:[Ljava.lang.Object;@4393109d
2022-10-13 20:34:11 [http-nio-8082-exec-4] INFO  com.capstone.aspect.LoggerAspect - *************************************
2022-10-13 20:34:11 [http-nio-8082-exec-4] INFO  com.capstone.aspect.LoggerAspect - During: class com.capstone.service.accountinfoServiceImpl.getAcountsByCustId() with arguments=[accountinfo [accno=202200051, custid=202200005, branch_name=Bengaluru, ifsc=NATW000123, savingsamount=3128.0], accountinfo [accno=202200053, custid=202200005, branch_name=Bengaluru, ifsc=NATW000123, savingsamount=150000.0]]
2022-10-13 20:34:11 [http-nio-8082-exec-4] INFO  com.capstone.aspect.LoggerAspect - *************************************
2022-10-13 20:34:11 [http-nio-8082-exec-4] INFO  com.capstone.aspect.LoggerAspect - During: class com.capstone.controller.accountinfoController.getsavingsAccount() with arguments=[accountinfo [accno=202200051, custid=202200005, branch_name=Bengaluru, ifsc=NATW000123, savingsamount=3128.0], accountinfo [accno=202200053, custid=202200005, branch_name=Bengaluru, ifsc=NATW000123, savingsamount=150000.0]]
2022-10-13 20:34:11 [http-nio-8082-exec-4] INFO  com.capstone.aspect.LoggerAspect - *************************************
2022-10-13 20:34:52 [http-nio-8082-exec-5] INFO  com.capstone.aspect.LoggerAspect - Method name: com.capstone.controller.accountinfoController
2022-10-13 20:34:52 [http-nio-8082-exec-5] INFO  com.capstone.aspect.LoggerAspect - Method arguments:[Ljava.lang.Object;@1271ba7a
2022-10-13 20:34:52 [http-nio-8082-exec-5] INFO  com.capstone.aspect.LoggerAspect - *************************************
2022-10-13 20:34:52 [http-nio-8082-exec-5] INFO  com.capstone.aspect.LoggerAspect - Method name: com.capstone.service.accountinfoServiceImpl
2022-10-13 20:34:52 [http-nio-8082-exec-5] INFO  com.capstone.aspect.LoggerAspect - Method arguments:[Ljava.lang.Object;@6b632cb2
2022-10-13 20:34:52 [http-nio-8082-exec-5] INFO  com.capstone.aspect.LoggerAspect - *************************************
2022-10-13 20:34:52 [http-nio-8082-exec-5] INFO  com.capstone.aspect.LoggerAspect - During: class com.capstone.service.accountinfoServiceImpl.getAcountsByCustId() with arguments=[accountinfo [accno=202200051, custid=202200005, branch_name=Bengaluru, ifsc=NATW000123, savingsamount=3128.0], accountinfo [accno=202200053, custid=202200005, branch_name=Bengaluru, ifsc=NATW000123, savingsamount=150000.0]]
2022-10-13 20:34:52 [http-nio-8082-exec-5] INFO  com.capstone.aspect.LoggerAspect - *************************************
2022-10-13 20:34:52 [http-nio-8082-exec-5] INFO  com.capstone.aspect.LoggerAspect - During: class com.capstone.controller.accountinfoController.getsavingsAccount() with arguments=[accountinfo [accno=202200051, custid=202200005, branch_name=Bengaluru, ifsc=NATW000123, savingsamount=3128.0], accountinfo [accno=202200053, custid=202200005, branch_name=Bengaluru, ifsc=NATW000123, savingsamount=150000.0]]
2022-10-13 20:34:52 [http-nio-8082-exec-5] INFO  com.capstone.aspect.LoggerAspect - *************************************
2022-10-13 20:36:00 [AsyncResolver-bootstrap-executor-0] INFO  c.n.d.s.r.aws.ConfigClusterResolver - Resolving eureka endpoints via configuration
2022-10-13 20:41:00 [AsyncResolver-bootstrap-executor-0] INFO  c.n.d.s.r.aws.ConfigClusterResolver - Resolving eureka endpoints via configuration
2022-10-13 20:46:00 [AsyncResolver-bootstrap-executor-0] INFO  c.n.d.s.r.aws.ConfigClusterResolver - Resolving eureka endpoints via configuration
2022-10-13 20:48:38 [http-nio-8082-exec-2] INFO  com.capstone.aspect.LoggerAspect - Method name: com.capstone.controller.accountinfoController
2022-10-13 20:48:38 [http-nio-8082-exec-2] INFO  com.capstone.aspect.LoggerAspect - Method arguments:[Ljava.lang.Object;@2d6bde71
2022-10-13 20:48:38 [http-nio-8082-exec-2] INFO  com.capstone.aspect.LoggerAspect - *************************************
2022-10-13 20:48:38 [http-nio-8082-exec-2] INFO  com.capstone.aspect.LoggerAspect - Method name: com.capstone.service.accountinfoServiceImpl
2022-10-13 20:48:38 [http-nio-8082-exec-2] INFO  com.capstone.aspect.LoggerAspect - Method arguments:[Ljava.lang.Object;@63295b1b
2022-10-13 20:48:38 [http-nio-8082-exec-2] INFO  com.capstone.aspect.LoggerAspect - *************************************
2022-10-13 20:48:38 [http-nio-8082-exec-2] INFO  com.capstone.aspect.LoggerAspect - During: class com.capstone.service.accountinfoServiceImpl.getAcountsByCustId() with arguments=[accountinfo [accno=202200051, custid=202200005, branch_name=Bengaluru, ifsc=NATW000123, savingsamount=3128.0], accountinfo [accno=202200053, custid=202200005, branch_name=Bengaluru, ifsc=NATW000123, savingsamount=150000.0]]
2022-10-13 20:48:38 [http-nio-8082-exec-2] INFO  com.capstone.aspect.LoggerAspect - *************************************
2022-10-13 20:48:38 [http-nio-8082-exec-2] INFO  com.capstone.aspect.LoggerAspect - During: class com.capstone.controller.accountinfoController.getsavingsAccount() with arguments=[accountinfo [accno=202200051, custid=202200005, branch_name=Bengaluru, ifsc=NATW000123, savingsamount=3128.0], accountinfo [accno=202200053, custid=202200005, branch_name=Bengaluru, ifsc=NATW000123, savingsamount=150000.0]]
2022-10-13 20:48:38 [http-nio-8082-exec-2] INFO  com.capstone.aspect.LoggerAspect - *************************************
2022-10-13 20:48:43 [http-nio-8082-exec-3] INFO  com.capstone.aspect.LoggerAspect - Method name: com.capstone.controller.accountinfoController
2022-10-13 20:48:43 [http-nio-8082-exec-3] INFO  com.capstone.aspect.LoggerAspect - Method arguments:[Ljava.lang.Object;@10c2af41
2022-10-13 20:48:43 [http-nio-8082-exec-3] INFO  com.capstone.aspect.LoggerAspect - *************************************
2022-10-13 20:48:43 [http-nio-8082-exec-3] INFO  com.capstone.aspect.LoggerAspect - Method name: com.capstone.service.accountinfoServiceImpl
2022-10-13 20:48:43 [http-nio-8082-exec-3] INFO  com.capstone.aspect.LoggerAspect - Method arguments:[Ljava.lang.Object;@161aaff3
2022-10-13 20:48:43 [http-nio-8082-exec-3] INFO  com.capstone.aspect.LoggerAspect - *************************************
2022-10-13 20:48:43 [http-nio-8082-exec-3] INFO  com.capstone.aspect.LoggerAspect - During: class com.capstone.service.accountinfoServiceImpl.getAcountsByCustId() with arguments=[accountinfo [accno=202200051, custid=202200005, branch_name=Bengaluru, ifsc=NATW000123, savingsamount=3128.0], accountinfo [accno=202200053, custid=202200005, branch_name=Bengaluru, ifsc=NATW000123, savingsamount=150000.0]]
2022-10-13 20:48:43 [http-nio-8082-exec-3] INFO  com.capstone.aspect.LoggerAspect - *************************************
2022-10-13 20:48:43 [http-nio-8082-exec-3] INFO  com.capstone.aspect.LoggerAspect - During: class com.capstone.controller.accountinfoController.getsavingsAccount() with arguments=[accountinfo [accno=202200051, custid=202200005, branch_name=Bengaluru, ifsc=NATW000123, savingsamount=3128.0], accountinfo [accno=202200053, custid=202200005, branch_name=Bengaluru, ifsc=NATW000123, savingsamount=150000.0]]
2022-10-13 20:48:43 [http-nio-8082-exec-3] INFO  com.capstone.aspect.LoggerAspect - *************************************
2022-10-13 20:48:46 [http-nio-8082-exec-6] INFO  com.capstone.aspect.LoggerAspect - Method name: com.capstone.controller.accountinfoController
2022-10-13 20:48:46 [http-nio-8082-exec-6] INFO  com.capstone.aspect.LoggerAspect - Method arguments:[Ljava.lang.Object;@61d2c774
2022-10-13 20:48:46 [http-nio-8082-exec-6] INFO  com.capstone.aspect.LoggerAspect - *************************************
2022-10-13 20:48:46 [http-nio-8082-exec-6] INFO  com.capstone.aspect.LoggerAspect - Method name: com.capstone.service.accountinfoServiceImpl
2022-10-13 20:48:46 [http-nio-8082-exec-6] INFO  com.capstone.aspect.LoggerAspect - Method arguments:[Ljava.lang.Object;@34ac7e46
2022-10-13 20:48:46 [http-nio-8082-exec-6] INFO  com.capstone.aspect.LoggerAspect - *************************************
2022-10-13 20:48:46 [http-nio-8082-exec-6] INFO  com.capstone.aspect.LoggerAspect - During: class com.capstone.service.accountinfoServiceImpl.getAcountsByCustId() with arguments=[accountinfo [accno=202200051, custid=202200005, branch_name=Bengaluru, ifsc=NATW000123, savingsamount=3128.0], accountinfo [accno=202200053, custid=202200005, branch_name=Bengaluru, ifsc=NATW000123, savingsamount=150000.0]]
2022-10-13 20:48:46 [http-nio-8082-exec-6] INFO  com.capstone.aspect.LoggerAspect - *************************************
2022-10-13 20:48:46 [http-nio-8082-exec-6] INFO  com.capstone.aspect.LoggerAspect - During: class com.capstone.controller.accountinfoController.getsavingsAccount() with arguments=[accountinfo [accno=202200051, custid=202200005, branch_name=Bengaluru, ifsc=NATW000123, savingsamount=3128.0], accountinfo [accno=202200053, custid=202200005, branch_name=Bengaluru, ifsc=NATW000123, savingsamount=150000.0]]
2022-10-13 20:48:46 [http-nio-8082-exec-6] INFO  com.capstone.aspect.LoggerAspect - *************************************
2022-10-13 20:48:54 [http-nio-8082-exec-7] INFO  com.capstone.aspect.LoggerAspect - Method name: com.capstone.controller.accountinfoController
2022-10-13 20:48:54 [http-nio-8082-exec-7] INFO  com.capstone.aspect.LoggerAspect - Method arguments:[Ljava.lang.Object;@66e686cd
2022-10-13 20:48:54 [http-nio-8082-exec-7] INFO  com.capstone.aspect.LoggerAspect - *************************************
2022-10-13 20:48:54 [http-nio-8082-exec-7] INFO  com.capstone.aspect.LoggerAspect - Method name: com.capstone.service.accountinfoServiceImpl
2022-10-13 20:48:54 [http-nio-8082-exec-7] INFO  com.capstone.aspect.LoggerAspect - Method arguments:[Ljava.lang.Object;@6abe0028
2022-10-13 20:48:54 [http-nio-8082-exec-7] INFO  com.capstone.aspect.LoggerAspect - *************************************
2022-10-13 20:48:54 [http-nio-8082-exec-7] INFO  com.capstone.aspect.LoggerAspect - During: class com.capstone.service.accountinfoServiceImpl.getAcountsByCustId() with arguments=[accountinfo [accno=202200051, custid=202200005, branch_name=Bengaluru, ifsc=NATW000123, savingsamount=3128.0], accountinfo [accno=202200053, custid=202200005, branch_name=Bengaluru, ifsc=NATW000123, savingsamount=150000.0]]
2022-10-13 20:48:54 [http-nio-8082-exec-7] INFO  com.capstone.aspect.LoggerAspect - *************************************
2022-10-13 20:48:54 [http-nio-8082-exec-7] INFO  com.capstone.aspect.LoggerAspect - During: class com.capstone.controller.accountinfoController.getsavingsAccount() with arguments=[accountinfo [accno=202200051, custid=202200005, branch_name=Bengaluru, ifsc=NATW000123, savingsamount=3128.0], accountinfo [accno=202200053, custid=202200005, branch_name=Bengaluru, ifsc=NATW000123, savingsamount=150000.0]]
2022-10-13 20:48:54 [http-nio-8082-exec-7] INFO  com.capstone.aspect.LoggerAspect - *************************************
2022-10-13 20:49:00 [http-nio-8082-exec-10] INFO  com.capstone.aspect.LoggerAspect - Method name: com.capstone.controller.accountinfoController
2022-10-13 20:49:00 [http-nio-8082-exec-10] INFO  com.capstone.aspect.LoggerAspect - Method arguments:[Ljava.lang.Object;@6fc9c52d
2022-10-13 20:49:00 [http-nio-8082-exec-10] INFO  com.capstone.aspect.LoggerAspect - *************************************
2022-10-13 20:49:00 [http-nio-8082-exec-10] INFO  com.capstone.aspect.LoggerAspect - Method name: com.capstone.service.accountinfoServiceImpl
2022-10-13 20:49:00 [http-nio-8082-exec-10] INFO  com.capstone.aspect.LoggerAspect - Method arguments:[Ljava.lang.Object;@5cda874
2022-10-13 20:49:00 [http-nio-8082-exec-10] INFO  com.capstone.aspect.LoggerAspect - *************************************
2022-10-13 20:49:00 [http-nio-8082-exec-10] INFO  com.capstone.aspect.LoggerAspect - During: class com.capstone.service.accountinfoServiceImpl.getAcountsByCustId() with arguments=[accountinfo [accno=202200051, custid=202200005, branch_name=Bengaluru, ifsc=NATW000123, savingsamount=3128.0], accountinfo [accno=202200053, custid=202200005, branch_name=Bengaluru, ifsc=NATW000123, savingsamount=150000.0]]
2022-10-13 20:49:00 [http-nio-8082-exec-10] INFO  com.capstone.aspect.LoggerAspect - *************************************
2022-10-13 20:49:00 [http-nio-8082-exec-10] INFO  com.capstone.aspect.LoggerAspect - During: class com.capstone.controller.accountinfoController.getsavingsAccount() with arguments=[accountinfo [accno=202200051, custid=202200005, branch_name=Bengaluru, ifsc=NATW000123, savingsamount=3128.0], accountinfo [accno=202200053, custid=202200005, branch_name=Bengaluru, ifsc=NATW000123, savingsamount=150000.0]]
2022-10-13 20:49:00 [http-nio-8082-exec-10] INFO  com.capstone.aspect.LoggerAspect - *************************************
2022-10-13 20:51:00 [AsyncResolver-bootstrap-executor-0] INFO  c.n.d.s.r.aws.ConfigClusterResolver - Resolving eureka endpoints via configuration
2022-10-13 20:56:00 [AsyncResolver-bootstrap-executor-0] INFO  c.n.d.s.r.aws.ConfigClusterResolver - Resolving eureka endpoints via configuration
2022-10-13 20:57:16 [http-nio-8082-exec-4] INFO  com.capstone.aspect.LoggerAspect - Method name: com.capstone.controller.accountinfoController
2022-10-13 20:57:16 [http-nio-8082-exec-4] INFO  com.capstone.aspect.LoggerAspect - Method arguments:[Ljava.lang.Object;@1dea9161
2022-10-13 20:57:16 [http-nio-8082-exec-4] INFO  com.capstone.aspect.LoggerAspect - *************************************
2022-10-13 20:57:16 [http-nio-8082-exec-4] INFO  com.capstone.aspect.LoggerAspect - Method name: com.capstone.service.accountinfoServiceImpl
2022-10-13 20:57:16 [http-nio-8082-exec-4] INFO  com.capstone.aspect.LoggerAspect - Method arguments:[Ljava.lang.Object;@3b7e6353
2022-10-13 20:57:16 [http-nio-8082-exec-4] INFO  com.capstone.aspect.LoggerAspect - *************************************
2022-10-13 20:57:16 [http-nio-8082-exec-4] INFO  com.capstone.aspect.LoggerAspect - During: class com.capstone.service.accountinfoServiceImpl.getAcountsByCustId() with arguments=[accountinfo [accno=202200051, custid=202200005, branch_name=Bengaluru, ifsc=NATW000123, savingsamount=3128.0], accountinfo [accno=202200053, custid=202200005, branch_name=Bengaluru, ifsc=NATW000123, savingsamount=150000.0]]
2022-10-13 20:57:16 [http-nio-8082-exec-4] INFO  com.capstone.aspect.LoggerAspect - *************************************
2022-10-13 20:57:16 [http-nio-8082-exec-4] INFO  com.capstone.aspect.LoggerAspect - During: class com.capstone.controller.accountinfoController.getsavingsAccount() with arguments=[accountinfo [accno=202200051, custid=202200005, branch_name=Bengaluru, ifsc=NATW000123, savingsamount=3128.0], accountinfo [accno=202200053, custid=202200005, branch_name=Bengaluru, ifsc=NATW000123, savingsamount=150000.0]]
2022-10-13 20:57:16 [http-nio-8082-exec-4] INFO  com.capstone.aspect.LoggerAspect - *************************************
2022-10-13 20:57:18 [http-nio-8082-exec-5] INFO  com.capstone.aspect.LoggerAspect - Method name: com.capstone.controller.accountinfoController
2022-10-13 20:57:18 [http-nio-8082-exec-5] INFO  com.capstone.aspect.LoggerAspect - Method arguments:[Ljava.lang.Object;@3729c855
2022-10-13 20:57:18 [http-nio-8082-exec-5] INFO  com.capstone.aspect.LoggerAspect - *************************************
2022-10-13 20:57:18 [http-nio-8082-exec-5] INFO  com.capstone.aspect.LoggerAspect - Method name: com.capstone.service.accountinfoServiceImpl
2022-10-13 20:57:18 [http-nio-8082-exec-5] INFO  com.capstone.aspect.LoggerAspect - Method arguments:[Ljava.lang.Object;@7116a1b9
2022-10-13 20:57:18 [http-nio-8082-exec-5] INFO  com.capstone.aspect.LoggerAspect - *************************************
2022-10-13 20:57:18 [http-nio-8082-exec-5] INFO  com.capstone.aspect.LoggerAspect - During: class com.capstone.service.accountinfoServiceImpl.getAcountsByCustId() with arguments=[accountinfo [accno=202200051, custid=202200005, branch_name=Bengaluru, ifsc=NATW000123, savingsamount=3128.0], accountinfo [accno=202200053, custid=202200005, branch_name=Bengaluru, ifsc=NATW000123, savingsamount=150000.0]]
2022-10-13 20:57:18 [http-nio-8082-exec-5] INFO  com.capstone.aspect.LoggerAspect - *************************************
2022-10-13 20:57:18 [http-nio-8082-exec-5] INFO  com.capstone.aspect.LoggerAspect - During: class com.capstone.controller.accountinfoController.getsavingsAccount() with arguments=[accountinfo [accno=202200051, custid=202200005, branch_name=Bengaluru, ifsc=NATW000123, savingsamount=3128.0], accountinfo [accno=202200053, custid=202200005, branch_name=Bengaluru, ifsc=NATW000123, savingsamount=150000.0]]
2022-10-13 20:57:18 [http-nio-8082-exec-5] INFO  com.capstone.aspect.LoggerAspect - *************************************
2022-10-13 20:57:18 [http-nio-8082-exec-9] INFO  com.capstone.aspect.LoggerAspect - Method name: com.capstone.controller.accountinfoController
2022-10-13 20:57:18 [http-nio-8082-exec-9] INFO  com.capstone.aspect.LoggerAspect - Method arguments:[Ljava.lang.Object;@44bc02c6
2022-10-13 20:57:18 [http-nio-8082-exec-9] INFO  com.capstone.aspect.LoggerAspect - *************************************
2022-10-13 20:57:18 [http-nio-8082-exec-9] INFO  com.capstone.aspect.LoggerAspect - Method name: com.capstone.service.accountinfoServiceImpl
2022-10-13 20:57:18 [http-nio-8082-exec-9] INFO  com.capstone.aspect.LoggerAspect - Method arguments:[Ljava.lang.Object;@36564199
2022-10-13 20:57:18 [http-nio-8082-exec-9] INFO  com.capstone.aspect.LoggerAspect - *************************************
2022-10-13 20:57:18 [http-nio-8082-exec-9] INFO  com.capstone.aspect.LoggerAspect - During: class com.capstone.service.accountinfoServiceImpl.getAcountsByCustId() with arguments=[accountinfo [accno=202200051, custid=202200005, branch_name=Bengaluru, ifsc=NATW000123, savingsamount=3128.0], accountinfo [accno=202200053, custid=202200005, branch_name=Bengaluru, ifsc=NATW000123, savingsamount=150000.0]]
2022-10-13 20:57:18 [http-nio-8082-exec-9] INFO  com.capstone.aspect.LoggerAspect - *************************************
2022-10-13 20:57:18 [http-nio-8082-exec-9] INFO  com.capstone.aspect.LoggerAspect - During: class com.capstone.controller.accountinfoController.getsavingsAccount() with arguments=[accountinfo [accno=202200051, custid=202200005, branch_name=Bengaluru, ifsc=NATW000123, savingsamount=3128.0], accountinfo [accno=202200053, custid=202200005, branch_name=Bengaluru, ifsc=NATW000123, savingsamount=150000.0]]
2022-10-13 20:57:18 [http-nio-8082-exec-9] INFO  com.capstone.aspect.LoggerAspect - *************************************
2022-10-13 20:57:19 [http-nio-8082-exec-2] INFO  com.capstone.aspect.LoggerAspect - Method name: com.capstone.controller.accountinfoController
2022-10-13 20:57:19 [http-nio-8082-exec-2] INFO  com.capstone.aspect.LoggerAspect - Method arguments:[Ljava.lang.Object;@11f83709
2022-10-13 20:57:19 [http-nio-8082-exec-2] INFO  com.capstone.aspect.LoggerAspect - *************************************
2022-10-13 20:57:19 [http-nio-8082-exec-2] INFO  com.capstone.aspect.LoggerAspect - Method name: com.capstone.service.accountinfoServiceImpl
2022-10-13 20:57:19 [http-nio-8082-exec-2] INFO  com.capstone.aspect.LoggerAspect - Method arguments:[Ljava.lang.Object;@fd76f3d
2022-10-13 20:57:19 [http-nio-8082-exec-2] INFO  com.capstone.aspect.LoggerAspect - *************************************
2022-10-13 20:57:19 [http-nio-8082-exec-2] INFO  com.capstone.aspect.LoggerAspect - During: class com.capstone.service.accountinfoServiceImpl.getAcountsByCustId() with arguments=[accountinfo [accno=202200051, custid=202200005, branch_name=Bengaluru, ifsc=NATW000123, savingsamount=3128.0], accountinfo [accno=202200053, custid=202200005, branch_name=Bengaluru, ifsc=NATW000123, savingsamount=150000.0]]
2022-10-13 20:57:19 [http-nio-8082-exec-2] INFO  com.capstone.aspect.LoggerAspect - *************************************
2022-10-13 20:57:19 [http-nio-8082-exec-2] INFO  com.capstone.aspect.LoggerAspect - During: class com.capstone.controller.accountinfoController.getsavingsAccount() with arguments=[accountinfo [accno=202200051, custid=202200005, branch_name=Bengaluru, ifsc=NATW000123, savingsamount=3128.0], accountinfo [accno=202200053, custid=202200005, branch_name=Bengaluru, ifsc=NATW000123, savingsamount=150000.0]]
2022-10-13 20:57:19 [http-nio-8082-exec-2] INFO  com.capstone.aspect.LoggerAspect - *************************************
2022-10-13 20:57:19 [http-nio-8082-exec-3] INFO  com.capstone.aspect.LoggerAspect - Method name: com.capstone.controller.accountinfoController
2022-10-13 20:57:19 [http-nio-8082-exec-3] INFO  com.capstone.aspect.LoggerAspect - Method arguments:[Ljava.lang.Object;@4f1fd248
2022-10-13 20:57:19 [http-nio-8082-exec-3] INFO  com.capstone.aspect.LoggerAspect - *************************************
2022-10-13 20:57:19 [http-nio-8082-exec-3] INFO  com.capstone.aspect.LoggerAspect - Method name: com.capstone.service.accountinfoServiceImpl
2022-10-13 20:57:19 [http-nio-8082-exec-3] INFO  com.capstone.aspect.LoggerAspect - Method arguments:[Ljava.lang.Object;@4248e1cb
2022-10-13 20:57:19 [http-nio-8082-exec-3] INFO  com.capstone.aspect.LoggerAspect - *************************************
2022-10-13 20:57:19 [http-nio-8082-exec-3] INFO  com.capstone.aspect.LoggerAspect - During: class com.capstone.service.accountinfoServiceImpl.getAcountsByCustId() with arguments=[accountinfo [accno=202200051, custid=202200005, branch_name=Bengaluru, ifsc=NATW000123, savingsamount=3128.0], accountinfo [accno=202200053, custid=202200005, branch_name=Bengaluru, ifsc=NATW000123, savingsamount=150000.0]]
2022-10-13 20:57:19 [http-nio-8082-exec-3] INFO  com.capstone.aspect.LoggerAspect - *************************************
2022-10-13 20:57:19 [http-nio-8082-exec-3] INFO  com.capstone.aspect.LoggerAspect - During: class com.capstone.controller.accountinfoController.getsavingsAccount() with arguments=[accountinfo [accno=202200051, custid=202200005, branch_name=Bengaluru, ifsc=NATW000123, savingsamount=3128.0], accountinfo [accno=202200053, custid=202200005, branch_name=Bengaluru, ifsc=NATW000123, savingsamount=150000.0]]
2022-10-13 20:57:19 [http-nio-8082-exec-3] INFO  com.capstone.aspect.LoggerAspect - *************************************
2022-10-13 20:57:19 [http-nio-8082-exec-6] INFO  com.capstone.aspect.LoggerAspect - Method name: com.capstone.controller.accountinfoController
2022-10-13 20:57:19 [http-nio-8082-exec-6] INFO  com.capstone.aspect.LoggerAspect - Method arguments:[Ljava.lang.Object;@270669f0
2022-10-13 20:57:19 [http-nio-8082-exec-6] INFO  com.capstone.aspect.LoggerAspect - *************************************
2022-10-13 20:57:19 [http-nio-8082-exec-6] INFO  com.capstone.aspect.LoggerAspect - Method name: com.capstone.service.accountinfoServiceImpl
2022-10-13 20:57:19 [http-nio-8082-exec-6] INFO  com.capstone.aspect.LoggerAspect - Method arguments:[Ljava.lang.Object;@4a9c4956
2022-10-13 20:57:19 [http-nio-8082-exec-6] INFO  com.capstone.aspect.LoggerAspect - *************************************
2022-10-13 20:57:19 [http-nio-8082-exec-6] INFO  com.capstone.aspect.LoggerAspect - During: class com.capstone.service.accountinfoServiceImpl.getAcountsByCustId() with arguments=[accountinfo [accno=202200051, custid=202200005, branch_name=Bengaluru, ifsc=NATW000123, savingsamount=3128.0], accountinfo [accno=202200053, custid=202200005, branch_name=Bengaluru, ifsc=NATW000123, savingsamount=150000.0]]
2022-10-13 20:57:19 [http-nio-8082-exec-6] INFO  com.capstone.aspect.LoggerAspect - *************************************
2022-10-13 20:57:19 [http-nio-8082-exec-6] INFO  com.capstone.aspect.LoggerAspect - During: class com.capstone.controller.accountinfoController.getsavingsAccount() with arguments=[accountinfo [accno=202200051, custid=202200005, branch_name=Bengaluru, ifsc=NATW000123, savingsamount=3128.0], accountinfo [accno=202200053, custid=202200005, branch_name=Bengaluru, ifsc=NATW000123, savingsamount=150000.0]]
2022-10-13 20:57:19 [http-nio-8082-exec-6] INFO  com.capstone.aspect.LoggerAspect - *************************************
2022-10-13 20:57:20 [http-nio-8082-exec-7] INFO  com.capstone.aspect.LoggerAspect - Method name: com.capstone.controller.accountinfoController
2022-10-13 20:57:20 [http-nio-8082-exec-7] INFO  com.capstone.aspect.LoggerAspect - Method arguments:[Ljava.lang.Object;@3a6e94b9
2022-10-13 20:57:20 [http-nio-8082-exec-7] INFO  com.capstone.aspect.LoggerAspect - *************************************
2022-10-13 20:57:20 [http-nio-8082-exec-7] INFO  com.capstone.aspect.LoggerAspect - Method name: com.capstone.service.accountinfoServiceImpl
2022-10-13 20:57:20 [http-nio-8082-exec-7] INFO  com.capstone.aspect.LoggerAspect - Method arguments:[Ljava.lang.Object;@23d1b38d
2022-10-13 20:57:20 [http-nio-8082-exec-7] INFO  com.capstone.aspect.LoggerAspect - *************************************
2022-10-13 20:57:20 [http-nio-8082-exec-7] INFO  com.capstone.aspect.LoggerAspect - During: class com.capstone.service.accountinfoServiceImpl.getAcountsByCustId() with arguments=[accountinfo [accno=202200051, custid=202200005, branch_name=Bengaluru, ifsc=NATW000123, savingsamount=3128.0], accountinfo [accno=202200053, custid=202200005, branch_name=Bengaluru, ifsc=NATW000123, savingsamount=150000.0]]
2022-10-13 20:57:20 [http-nio-8082-exec-7] INFO  com.capstone.aspect.LoggerAspect - *************************************
2022-10-13 20:57:20 [http-nio-8082-exec-7] INFO  com.capstone.aspect.LoggerAspect - During: class com.capstone.controller.accountinfoController.getsavingsAccount() with arguments=[accountinfo [accno=202200051, custid=202200005, branch_name=Bengaluru, ifsc=NATW000123, savingsamount=3128.0], accountinfo [accno=202200053, custid=202200005, branch_name=Bengaluru, ifsc=NATW000123, savingsamount=150000.0]]
2022-10-13 20:57:20 [http-nio-8082-exec-7] INFO  com.capstone.aspect.LoggerAspect - *************************************
2022-10-13 20:57:20 [http-nio-8082-exec-10] INFO  com.capstone.aspect.LoggerAspect - Method name: com.capstone.controller.accountinfoController
2022-10-13 20:57:20 [http-nio-8082-exec-10] INFO  com.capstone.aspect.LoggerAspect - Method arguments:[Ljava.lang.Object;@2e5593e6
2022-10-13 20:57:20 [http-nio-8082-exec-10] INFO  com.capstone.aspect.LoggerAspect - *************************************
2022-10-13 20:57:20 [http-nio-8082-exec-10] INFO  com.capstone.aspect.LoggerAspect - Method name: com.capstone.service.accountinfoServiceImpl
2022-10-13 20:57:20 [http-nio-8082-exec-10] INFO  com.capstone.aspect.LoggerAspect - Method arguments:[Ljava.lang.Object;@3d17bdee
2022-10-13 20:57:20 [http-nio-8082-exec-10] INFO  com.capstone.aspect.LoggerAspect - *************************************
2022-10-13 20:57:20 [http-nio-8082-exec-10] INFO  com.capstone.aspect.LoggerAspect - During: class com.capstone.service.accountinfoServiceImpl.getAcountsByCustId() with arguments=[accountinfo [accno=202200051, custid=202200005, branch_name=Bengaluru, ifsc=NATW000123, savingsamount=3128.0], accountinfo [accno=202200053, custid=202200005, branch_name=Bengaluru, ifsc=NATW000123, savingsamount=150000.0]]
2022-10-13 20:57:20 [http-nio-8082-exec-10] INFO  com.capstone.aspect.LoggerAspect - *************************************
2022-10-13 20:57:20 [http-nio-8082-exec-10] INFO  com.capstone.aspect.LoggerAspect - During: class com.capstone.controller.accountinfoController.getsavingsAccount() with arguments=[accountinfo [accno=202200051, custid=202200005, branch_name=Bengaluru, ifsc=NATW000123, savingsamount=3128.0], accountinfo [accno=202200053, custid=202200005, branch_name=Bengaluru, ifsc=NATW000123, savingsamount=150000.0]]
2022-10-13 20:57:20 [http-nio-8082-exec-10] INFO  com.capstone.aspect.LoggerAspect - *************************************
2022-10-13 20:57:20 [http-nio-8082-exec-1] INFO  com.capstone.aspect.LoggerAspect - Method name: com.capstone.controller.accountinfoController
2022-10-13 20:57:20 [http-nio-8082-exec-1] INFO  com.capstone.aspect.LoggerAspect - Method arguments:[Ljava.lang.Object;@10a78524
2022-10-13 20:57:20 [http-nio-8082-exec-1] INFO  com.capstone.aspect.LoggerAspect - *************************************
2022-10-13 20:57:20 [http-nio-8082-exec-1] INFO  com.capstone.aspect.LoggerAspect - Method name: com.capstone.service.accountinfoServiceImpl
2022-10-13 20:57:20 [http-nio-8082-exec-1] INFO  com.capstone.aspect.LoggerAspect - Method arguments:[Ljava.lang.Object;@68b2212e
2022-10-13 20:57:20 [http-nio-8082-exec-1] INFO  com.capstone.aspect.LoggerAspect - *************************************
2022-10-13 20:57:20 [http-nio-8082-exec-1] INFO  com.capstone.aspect.LoggerAspect - During: class com.capstone.service.accountinfoServiceImpl.getAcountsByCustId() with arguments=[accountinfo [accno=202200051, custid=202200005, branch_name=Bengaluru, ifsc=NATW000123, savingsamount=3128.0], accountinfo [accno=202200053, custid=202200005, branch_name=Bengaluru, ifsc=NATW000123, savingsamount=150000.0]]
2022-10-13 20:57:20 [http-nio-8082-exec-1] INFO  com.capstone.aspect.LoggerAspect - *************************************
2022-10-13 20:57:20 [http-nio-8082-exec-1] INFO  com.capstone.aspect.LoggerAspect - During: class com.capstone.controller.accountinfoController.getsavingsAccount() with arguments=[accountinfo [accno=202200051, custid=202200005, branch_name=Bengaluru, ifsc=NATW000123, savingsamount=3128.0], accountinfo [accno=202200053, custid=202200005, branch_name=Bengaluru, ifsc=NATW000123, savingsamount=150000.0]]
2022-10-13 20:57:20 [http-nio-8082-exec-1] INFO  com.capstone.aspect.LoggerAspect - *************************************
2022-10-13 20:57:27 [http-nio-8082-exec-4] INFO  com.capstone.aspect.LoggerAspect - Method name: com.capstone.controller.accountinfoController
2022-10-13 20:57:27 [http-nio-8082-exec-4] INFO  com.capstone.aspect.LoggerAspect - Method arguments:[Ljava.lang.Object;@5ce38669
2022-10-13 20:57:27 [http-nio-8082-exec-4] INFO  com.capstone.aspect.LoggerAspect - *************************************
2022-10-13 20:57:27 [http-nio-8082-exec-4] INFO  com.capstone.aspect.LoggerAspect - Method name: com.capstone.service.accountinfoServiceImpl
2022-10-13 20:57:27 [http-nio-8082-exec-4] INFO  com.capstone.aspect.LoggerAspect - Method arguments:[Ljava.lang.Object;@4166a079
2022-10-13 20:57:27 [http-nio-8082-exec-4] INFO  com.capstone.aspect.LoggerAspect - *************************************
2022-10-13 20:57:27 [http-nio-8082-exec-4] INFO  com.capstone.aspect.LoggerAspect - During: class com.capstone.service.accountinfoServiceImpl.getAcountsByCustId() with arguments=[accountinfo [accno=202200051, custid=202200005, branch_name=Bengaluru, ifsc=NATW000123, savingsamount=3128.0], accountinfo [accno=202200053, custid=202200005, branch_name=Bengaluru, ifsc=NATW000123, savingsamount=150000.0]]
2022-10-13 20:57:27 [http-nio-8082-exec-4] INFO  com.capstone.aspect.LoggerAspect - *************************************
2022-10-13 20:57:27 [http-nio-8082-exec-4] INFO  com.capstone.aspect.LoggerAspect - During: class com.capstone.controller.accountinfoController.getsavingsAccount() with arguments=[accountinfo [accno=202200051, custid=202200005, branch_name=Bengaluru, ifsc=NATW000123, savingsamount=3128.0], accountinfo [accno=202200053, custid=202200005, branch_name=Bengaluru, ifsc=NATW000123, savingsamount=150000.0]]
2022-10-13 20:57:27 [http-nio-8082-exec-4] INFO  com.capstone.aspect.LoggerAspect - *************************************
2022-10-13 20:57:35 [http-nio-8082-exec-8] INFO  com.capstone.aspect.LoggerAspect - Method name: com.capstone.controller.accountinfoController
2022-10-13 20:57:35 [http-nio-8082-exec-8] INFO  com.capstone.aspect.LoggerAspect - Method arguments:[Ljava.lang.Object;@7fc7c98f
2022-10-13 20:57:35 [http-nio-8082-exec-8] INFO  com.capstone.aspect.LoggerAspect - *************************************
2022-10-13 20:57:35 [http-nio-8082-exec-8] INFO  com.capstone.aspect.LoggerAspect - Method name: com.capstone.service.accountinfoServiceImpl
2022-10-13 20:57:35 [http-nio-8082-exec-8] INFO  com.capstone.aspect.LoggerAspect - Method arguments:[Ljava.lang.Object;@55049a07
2022-10-13 20:57:35 [http-nio-8082-exec-8] INFO  com.capstone.aspect.LoggerAspect - *************************************
2022-10-13 20:57:35 [http-nio-8082-exec-8] INFO  com.capstone.aspect.LoggerAspect - During: class com.capstone.service.accountinfoServiceImpl.getAcountsByCustId() with arguments=[accountinfo [accno=202200051, custid=202200005, branch_name=Bengaluru, ifsc=NATW000123, savingsamount=3128.0], accountinfo [accno=202200053, custid=202200005, branch_name=Bengaluru, ifsc=NATW000123, savingsamount=150000.0]]
2022-10-13 20:57:35 [http-nio-8082-exec-8] INFO  com.capstone.aspect.LoggerAspect - *************************************
2022-10-13 20:57:35 [http-nio-8082-exec-8] INFO  com.capstone.aspect.LoggerAspect - During: class com.capstone.controller.accountinfoController.getsavingsAccount() with arguments=[accountinfo [accno=202200051, custid=202200005, branch_name=Bengaluru, ifsc=NATW000123, savingsamount=3128.0], accountinfo [accno=202200053, custid=202200005, branch_name=Bengaluru, ifsc=NATW000123, savingsamount=150000.0]]
2022-10-13 20:57:35 [http-nio-8082-exec-8] INFO  com.capstone.aspect.LoggerAspect - *************************************
2022-10-13 20:58:50 [http-nio-8082-exec-9] INFO  com.capstone.aspect.LoggerAspect - Method name: com.capstone.controller.accountinfoController
2022-10-13 20:58:50 [http-nio-8082-exec-9] INFO  com.capstone.aspect.LoggerAspect - Method arguments:[Ljava.lang.Object;@6ea41762
2022-10-13 20:58:50 [http-nio-8082-exec-9] INFO  com.capstone.aspect.LoggerAspect - *************************************
2022-10-13 20:58:50 [http-nio-8082-exec-9] INFO  com.capstone.aspect.LoggerAspect - Method name: com.capstone.service.accountinfoServiceImpl
2022-10-13 20:58:50 [http-nio-8082-exec-9] INFO  com.capstone.aspect.LoggerAspect - Method arguments:[Ljava.lang.Object;@6e47b9f1
2022-10-13 20:58:50 [http-nio-8082-exec-9] INFO  com.capstone.aspect.LoggerAspect - *************************************
2022-10-13 20:58:50 [http-nio-8082-exec-9] INFO  com.capstone.aspect.LoggerAspect - During: class com.capstone.service.accountinfoServiceImpl.getAcountsByCustId() with arguments=[accountinfo [accno=202200051, custid=202200005, branch_name=Bengaluru, ifsc=NATW000123, savingsamount=3128.0], accountinfo [accno=202200053, custid=202200005, branch_name=Bengaluru, ifsc=NATW000123, savingsamount=150000.0]]
2022-10-13 20:58:50 [http-nio-8082-exec-9] INFO  com.capstone.aspect.LoggerAspect - *************************************
2022-10-13 20:58:50 [http-nio-8082-exec-9] INFO  com.capstone.aspect.LoggerAspect - During: class com.capstone.controller.accountinfoController.getsavingsAccount() with arguments=[accountinfo [accno=202200051, custid=202200005, branch_name=Bengaluru, ifsc=NATW000123, savingsamount=3128.0], accountinfo [accno=202200053, custid=202200005, branch_name=Bengaluru, ifsc=NATW000123, savingsamount=150000.0]]
2022-10-13 20:58:50 [http-nio-8082-exec-9] INFO  com.capstone.aspect.LoggerAspect - *************************************
2022-10-13 20:58:51 [http-nio-8082-exec-2] INFO  com.capstone.aspect.LoggerAspect - Method name: com.capstone.controller.accountinfoController
2022-10-13 20:58:51 [http-nio-8082-exec-2] INFO  com.capstone.aspect.LoggerAspect - Method arguments:[Ljava.lang.Object;@4ca6fe47
2022-10-13 20:58:51 [http-nio-8082-exec-2] INFO  com.capstone.aspect.LoggerAspect - *************************************
2022-10-13 20:58:51 [http-nio-8082-exec-2] INFO  com.capstone.aspect.LoggerAspect - Method name: com.capstone.service.accountinfoServiceImpl
2022-10-13 20:58:51 [http-nio-8082-exec-2] INFO  com.capstone.aspect.LoggerAspect - Method arguments:[Ljava.lang.Object;@7da33c02
2022-10-13 20:58:51 [http-nio-8082-exec-2] INFO  com.capstone.aspect.LoggerAspect - *************************************
2022-10-13 20:58:51 [http-nio-8082-exec-2] INFO  com.capstone.aspect.LoggerAspect - During: class com.capstone.service.accountinfoServiceImpl.getAcountsByCustId() with arguments=[accountinfo [accno=202200051, custid=202200005, branch_name=Bengaluru, ifsc=NATW000123, savingsamount=3128.0], accountinfo [accno=202200053, custid=202200005, branch_name=Bengaluru, ifsc=NATW000123, savingsamount=150000.0]]
2022-10-13 20:58:51 [http-nio-8082-exec-2] INFO  com.capstone.aspect.LoggerAspect - *************************************
2022-10-13 20:58:51 [http-nio-8082-exec-2] INFO  com.capstone.aspect.LoggerAspect - During: class com.capstone.controller.accountinfoController.getsavingsAccount() with arguments=[accountinfo [accno=202200051, custid=202200005, branch_name=Bengaluru, ifsc=NATW000123, savingsamount=3128.0], accountinfo [accno=202200053, custid=202200005, branch_name=Bengaluru, ifsc=NATW000123, savingsamount=150000.0]]
2022-10-13 20:58:51 [http-nio-8082-exec-2] INFO  com.capstone.aspect.LoggerAspect - *************************************
2022-10-13 20:59:04 [http-nio-8082-exec-7] INFO  com.capstone.aspect.LoggerAspect - Method name: com.capstone.controller.accountinfoController
2022-10-13 20:59:04 [http-nio-8082-exec-7] INFO  com.capstone.aspect.LoggerAspect - Method arguments:[Ljava.lang.Object;@58a536e1
2022-10-13 20:59:04 [http-nio-8082-exec-7] INFO  com.capstone.aspect.LoggerAspect - *************************************
2022-10-13 20:59:04 [http-nio-8082-exec-7] INFO  com.capstone.aspect.LoggerAspect - Method name: com.capstone.service.accountinfoServiceImpl
2022-10-13 20:59:04 [http-nio-8082-exec-7] INFO  com.capstone.aspect.LoggerAspect - Method arguments:[Ljava.lang.Object;@543c543f
2022-10-13 20:59:04 [http-nio-8082-exec-7] INFO  com.capstone.aspect.LoggerAspect - *************************************
2022-10-13 20:59:04 [http-nio-8082-exec-7] INFO  com.capstone.aspect.LoggerAspect - During: class com.capstone.service.accountinfoServiceImpl.getAcountsByCustId() with arguments=[accountinfo [accno=202200051, custid=202200005, branch_name=Bengaluru, ifsc=NATW000123, savingsamount=3128.0], accountinfo [accno=202200053, custid=202200005, branch_name=Bengaluru, ifsc=NATW000123, savingsamount=150000.0]]
2022-10-13 20:59:04 [http-nio-8082-exec-7] INFO  com.capstone.aspect.LoggerAspect - *************************************
2022-10-13 20:59:04 [http-nio-8082-exec-7] INFO  com.capstone.aspect.LoggerAspect - During: class com.capstone.controller.accountinfoController.getsavingsAccount() with arguments=[accountinfo [accno=202200051, custid=202200005, branch_name=Bengaluru, ifsc=NATW000123, savingsamount=3128.0], accountinfo [accno=202200053, custid=202200005, branch_name=Bengaluru, ifsc=NATW000123, savingsamount=150000.0]]
2022-10-13 20:59:04 [http-nio-8082-exec-7] INFO  com.capstone.aspect.LoggerAspect - *************************************
2022-10-13 20:59:19 [http-nio-8082-exec-1] INFO  com.capstone.aspect.LoggerAspect - Method name: com.capstone.controller.accountinfoController
2022-10-13 20:59:19 [http-nio-8082-exec-1] INFO  com.capstone.aspect.LoggerAspect - Method arguments:[Ljava.lang.Object;@589b5bfe
2022-10-13 20:59:19 [http-nio-8082-exec-1] INFO  com.capstone.aspect.LoggerAspect - *************************************
2022-10-13 20:59:19 [http-nio-8082-exec-1] INFO  com.capstone.aspect.LoggerAspect - Method name: com.capstone.service.accountinfoServiceImpl
2022-10-13 20:59:19 [http-nio-8082-exec-1] INFO  com.capstone.aspect.LoggerAspect - Method arguments:[Ljava.lang.Object;@584a98ac
2022-10-13 20:59:19 [http-nio-8082-exec-1] INFO  com.capstone.aspect.LoggerAspect - *************************************
2022-10-13 20:59:19 [http-nio-8082-exec-1] INFO  com.capstone.aspect.LoggerAspect - During: class com.capstone.service.accountinfoServiceImpl.getAcountsByCustId() with arguments=[accountinfo [accno=202200051, custid=202200005, branch_name=Bengaluru, ifsc=NATW000123, savingsamount=3128.0], accountinfo [accno=202200053, custid=202200005, branch_name=Bengaluru, ifsc=NATW000123, savingsamount=150000.0]]
2022-10-13 20:59:19 [http-nio-8082-exec-1] INFO  com.capstone.aspect.LoggerAspect - *************************************
2022-10-13 20:59:19 [http-nio-8082-exec-1] INFO  com.capstone.aspect.LoggerAspect - During: class com.capstone.controller.accountinfoController.getsavingsAccount() with arguments=[accountinfo [accno=202200051, custid=202200005, branch_name=Bengaluru, ifsc=NATW000123, savingsamount=3128.0], accountinfo [accno=202200053, custid=202200005, branch_name=Bengaluru, ifsc=NATW000123, savingsamount=150000.0]]
2022-10-13 20:59:19 [http-nio-8082-exec-1] INFO  com.capstone.aspect.LoggerAspect - *************************************
2022-10-13 20:59:37 [http-nio-8082-exec-8] INFO  com.capstone.aspect.LoggerAspect - Method name: com.capstone.controller.accountinfoController
2022-10-13 20:59:37 [http-nio-8082-exec-8] INFO  com.capstone.aspect.LoggerAspect - Method arguments:[Ljava.lang.Object;@3eadd6c8
2022-10-13 20:59:37 [http-nio-8082-exec-8] INFO  com.capstone.aspect.LoggerAspect - *************************************
2022-10-13 20:59:37 [http-nio-8082-exec-8] INFO  com.capstone.aspect.LoggerAspect - Method name: com.capstone.service.accountinfoServiceImpl
2022-10-13 20:59:37 [http-nio-8082-exec-8] INFO  com.capstone.aspect.LoggerAspect - Method arguments:[Ljava.lang.Object;@3f820a14
2022-10-13 20:59:37 [http-nio-8082-exec-8] INFO  com.capstone.aspect.LoggerAspect - *************************************
2022-10-13 20:59:37 [http-nio-8082-exec-8] INFO  com.capstone.aspect.LoggerAspect - During: class com.capstone.service.accountinfoServiceImpl.getAcountsByCustId() with arguments=[accountinfo [accno=202200051, custid=202200005, branch_name=Bengaluru, ifsc=NATW000123, savingsamount=3128.0], accountinfo [accno=202200053, custid=202200005, branch_name=Bengaluru, ifsc=NATW000123, savingsamount=150000.0]]
2022-10-13 20:59:37 [http-nio-8082-exec-8] INFO  com.capstone.aspect.LoggerAspect - *************************************
2022-10-13 20:59:37 [http-nio-8082-exec-8] INFO  com.capstone.aspect.LoggerAspect - During: class com.capstone.controller.accountinfoController.getsavingsAccount() with arguments=[accountinfo [accno=202200051, custid=202200005, branch_name=Bengaluru, ifsc=NATW000123, savingsamount=3128.0], accountinfo [accno=202200053, custid=202200005, branch_name=Bengaluru, ifsc=NATW000123, savingsamount=150000.0]]
2022-10-13 20:59:37 [http-nio-8082-exec-8] INFO  com.capstone.aspect.LoggerAspect - *************************************
2022-10-13 20:59:43 [http-nio-8082-exec-9] INFO  com.capstone.aspect.LoggerAspect - Method name: com.capstone.controller.accountinfoController
2022-10-13 20:59:43 [http-nio-8082-exec-9] INFO  com.capstone.aspect.LoggerAspect - Method arguments:[Ljava.lang.Object;@1af4b25d
2022-10-13 20:59:43 [http-nio-8082-exec-9] INFO  com.capstone.aspect.LoggerAspect - *************************************
2022-10-13 20:59:43 [http-nio-8082-exec-9] INFO  com.capstone.aspect.LoggerAspect - Method name: com.capstone.service.accountinfoServiceImpl
2022-10-13 20:59:43 [http-nio-8082-exec-9] INFO  com.capstone.aspect.LoggerAspect - Method arguments:[Ljava.lang.Object;@328716bd
2022-10-13 20:59:43 [http-nio-8082-exec-9] INFO  com.capstone.aspect.LoggerAspect - *************************************
2022-10-13 20:59:43 [http-nio-8082-exec-9] INFO  com.capstone.aspect.LoggerAspect - During: class com.capstone.service.accountinfoServiceImpl.getAcountsByCustId() with arguments=[accountinfo [accno=202200051, custid=202200005, branch_name=Bengaluru, ifsc=NATW000123, savingsamount=3128.0], accountinfo [accno=202200053, custid=202200005, branch_name=Bengaluru, ifsc=NATW000123, savingsamount=150000.0]]
2022-10-13 20:59:43 [http-nio-8082-exec-9] INFO  com.capstone.aspect.LoggerAspect - *************************************
2022-10-13 20:59:43 [http-nio-8082-exec-9] INFO  com.capstone.aspect.LoggerAspect - During: class com.capstone.controller.accountinfoController.getsavingsAccount() with arguments=[accountinfo [accno=202200051, custid=202200005, branch_name=Bengaluru, ifsc=NATW000123, savingsamount=3128.0], accountinfo [accno=202200053, custid=202200005, branch_name=Bengaluru, ifsc=NATW000123, savingsamount=150000.0]]
2022-10-13 20:59:43 [http-nio-8082-exec-9] INFO  com.capstone.aspect.LoggerAspect - *************************************
2022-10-13 20:59:58 [http-nio-8082-exec-3] INFO  com.capstone.aspect.LoggerAspect - Method name: com.capstone.controller.accountinfoController
2022-10-13 20:59:58 [http-nio-8082-exec-3] INFO  com.capstone.aspect.LoggerAspect - Method arguments:[Ljava.lang.Object;@33b36c47
2022-10-13 20:59:58 [http-nio-8082-exec-3] INFO  com.capstone.aspect.LoggerAspect - *************************************
2022-10-13 20:59:58 [http-nio-8082-exec-3] INFO  com.capstone.aspect.LoggerAspect - Method name: com.capstone.service.accountinfoServiceImpl
2022-10-13 20:59:58 [http-nio-8082-exec-3] INFO  com.capstone.aspect.LoggerAspect - Method arguments:[Ljava.lang.Object;@2f1750c2
2022-10-13 20:59:58 [http-nio-8082-exec-3] INFO  com.capstone.aspect.LoggerAspect - *************************************
2022-10-13 20:59:58 [http-nio-8082-exec-3] INFO  com.capstone.aspect.LoggerAspect - During: class com.capstone.service.accountinfoServiceImpl.getAcountsByCustId() with arguments=[accountinfo [accno=202200051, custid=202200005, branch_name=Bengaluru, ifsc=NATW000123, savingsamount=3128.0], accountinfo [accno=202200053, custid=202200005, branch_name=Bengaluru, ifsc=NATW000123, savingsamount=150000.0]]
2022-10-13 20:59:58 [http-nio-8082-exec-3] INFO  com.capstone.aspect.LoggerAspect - *************************************
2022-10-13 20:59:58 [http-nio-8082-exec-3] INFO  com.capstone.aspect.LoggerAspect - During: class com.capstone.controller.accountinfoController.getsavingsAccount() with arguments=[accountinfo [accno=202200051, custid=202200005, branch_name=Bengaluru, ifsc=NATW000123, savingsamount=3128.0], accountinfo [accno=202200053, custid=202200005, branch_name=Bengaluru, ifsc=NATW000123, savingsamount=150000.0]]
2022-10-13 20:59:58 [http-nio-8082-exec-3] INFO  com.capstone.aspect.LoggerAspect - *************************************
2022-10-13 21:00:11 [http-nio-8082-exec-7] INFO  com.capstone.aspect.LoggerAspect - Method name: com.capstone.controller.accountinfoController
2022-10-13 21:00:11 [http-nio-8082-exec-7] INFO  com.capstone.aspect.LoggerAspect - Method arguments:[Ljava.lang.Object;@1e9935fd
2022-10-13 21:00:11 [http-nio-8082-exec-7] INFO  com.capstone.aspect.LoggerAspect - *************************************
2022-10-13 21:00:11 [http-nio-8082-exec-7] INFO  com.capstone.aspect.LoggerAspect - Method name: com.capstone.service.accountinfoServiceImpl
2022-10-13 21:00:11 [http-nio-8082-exec-7] INFO  com.capstone.aspect.LoggerAspect - Method arguments:[Ljava.lang.Object;@7b1e5352
2022-10-13 21:00:11 [http-nio-8082-exec-7] INFO  com.capstone.aspect.LoggerAspect - *************************************
2022-10-13 21:00:11 [http-nio-8082-exec-7] INFO  com.capstone.aspect.LoggerAspect - During: class com.capstone.service.accountinfoServiceImpl.getAcountsByCustId() with arguments=[accountinfo [accno=202200051, custid=202200005, branch_name=Bengaluru, ifsc=NATW000123, savingsamount=3128.0], accountinfo [accno=202200053, custid=202200005, branch_name=Bengaluru, ifsc=NATW000123, savingsamount=150000.0]]
2022-10-13 21:00:11 [http-nio-8082-exec-7] INFO  com.capstone.aspect.LoggerAspect - *************************************
2022-10-13 21:00:11 [http-nio-8082-exec-7] INFO  com.capstone.aspect.LoggerAspect - During: class com.capstone.controller.accountinfoController.getsavingsAccount() with arguments=[accountinfo [accno=202200051, custid=202200005, branch_name=Bengaluru, ifsc=NATW000123, savingsamount=3128.0], accountinfo [accno=202200053, custid=202200005, branch_name=Bengaluru, ifsc=NATW000123, savingsamount=150000.0]]
2022-10-13 21:00:11 [http-nio-8082-exec-7] INFO  com.capstone.aspect.LoggerAspect - *************************************
2022-10-13 21:00:13 [http-nio-8082-exec-10] INFO  com.capstone.aspect.LoggerAspect - Method name: com.capstone.controller.accountinfoController
2022-10-13 21:00:13 [http-nio-8082-exec-10] INFO  com.capstone.aspect.LoggerAspect - Method arguments:[Ljava.lang.Object;@16805089
2022-10-13 21:00:13 [http-nio-8082-exec-10] INFO  com.capstone.aspect.LoggerAspect - *************************************
2022-10-13 21:00:13 [http-nio-8082-exec-10] INFO  com.capstone.aspect.LoggerAspect - Method name: com.capstone.service.accountinfoServiceImpl
2022-10-13 21:00:13 [http-nio-8082-exec-10] INFO  com.capstone.aspect.LoggerAspect - Method arguments:[Ljava.lang.Object;@356fc8d3
2022-10-13 21:00:13 [http-nio-8082-exec-10] INFO  com.capstone.aspect.LoggerAspect - *************************************
2022-10-13 21:00:13 [http-nio-8082-exec-10] INFO  com.capstone.aspect.LoggerAspect - During: class com.capstone.service.accountinfoServiceImpl.getAcountsByCustId() with arguments=[accountinfo [accno=202200051, custid=202200005, branch_name=Bengaluru, ifsc=NATW000123, savingsamount=3128.0], accountinfo [accno=202200053, custid=202200005, branch_name=Bengaluru, ifsc=NATW000123, savingsamount=150000.0]]
2022-10-13 21:00:13 [http-nio-8082-exec-10] INFO  com.capstone.aspect.LoggerAspect - *************************************
2022-10-13 21:00:13 [http-nio-8082-exec-10] INFO  com.capstone.aspect.LoggerAspect - During: class com.capstone.controller.accountinfoController.getsavingsAccount() with arguments=[accountinfo [accno=202200051, custid=202200005, branch_name=Bengaluru, ifsc=NATW000123, savingsamount=3128.0], accountinfo [accno=202200053, custid=202200005, branch_name=Bengaluru, ifsc=NATW000123, savingsamount=150000.0]]
2022-10-13 21:00:13 [http-nio-8082-exec-10] INFO  com.capstone.aspect.LoggerAspect - *************************************
2022-10-13 21:00:14 [http-nio-8082-exec-1] INFO  com.capstone.aspect.LoggerAspect - Method name: com.capstone.controller.accountinfoController
2022-10-13 21:00:14 [http-nio-8082-exec-1] INFO  com.capstone.aspect.LoggerAspect - Method arguments:[Ljava.lang.Object;@1e68294f
2022-10-13 21:00:14 [http-nio-8082-exec-1] INFO  com.capstone.aspect.LoggerAspect - *************************************
2022-10-13 21:00:14 [http-nio-8082-exec-1] INFO  com.capstone.aspect.LoggerAspect - Method name: com.capstone.service.accountinfoServiceImpl
2022-10-13 21:00:14 [http-nio-8082-exec-1] INFO  com.capstone.aspect.LoggerAspect - Method arguments:[Ljava.lang.Object;@527ba73f
2022-10-13 21:00:14 [http-nio-8082-exec-1] INFO  com.capstone.aspect.LoggerAspect - *************************************
2022-10-13 21:00:14 [http-nio-8082-exec-1] INFO  com.capstone.aspect.LoggerAspect - During: class com.capstone.service.accountinfoServiceImpl.getAcountsByCustId() with arguments=[accountinfo [accno=202200051, custid=202200005, branch_name=Bengaluru, ifsc=NATW000123, savingsamount=3128.0], accountinfo [accno=202200053, custid=202200005, branch_name=Bengaluru, ifsc=NATW000123, savingsamount=150000.0]]
2022-10-13 21:00:14 [http-nio-8082-exec-1] INFO  com.capstone.aspect.LoggerAspect - *************************************
2022-10-13 21:00:14 [http-nio-8082-exec-1] INFO  com.capstone.aspect.LoggerAspect - During: class com.capstone.controller.accountinfoController.getsavingsAccount() with arguments=[accountinfo [accno=202200051, custid=202200005, branch_name=Bengaluru, ifsc=NATW000123, savingsamount=3128.0], accountinfo [accno=202200053, custid=202200005, branch_name=Bengaluru, ifsc=NATW000123, savingsamount=150000.0]]
2022-10-13 21:00:14 [http-nio-8082-exec-1] INFO  com.capstone.aspect.LoggerAspect - *************************************
2022-10-13 21:00:24 [http-nio-8082-exec-8] INFO  com.capstone.aspect.LoggerAspect - Method name: com.capstone.controller.accountinfoController
2022-10-13 21:00:24 [http-nio-8082-exec-8] INFO  com.capstone.aspect.LoggerAspect - Method arguments:[Ljava.lang.Object;@13dea664
2022-10-13 21:00:24 [http-nio-8082-exec-8] INFO  com.capstone.aspect.LoggerAspect - *************************************
2022-10-13 21:00:24 [http-nio-8082-exec-8] INFO  com.capstone.aspect.LoggerAspect - Method name: com.capstone.service.accountinfoServiceImpl
2022-10-13 21:00:24 [http-nio-8082-exec-8] INFO  com.capstone.aspect.LoggerAspect - Method arguments:[Ljava.lang.Object;@268ab557
2022-10-13 21:00:24 [http-nio-8082-exec-8] INFO  com.capstone.aspect.LoggerAspect - *************************************
2022-10-13 21:00:24 [http-nio-8082-exec-8] INFO  com.capstone.aspect.LoggerAspect - During: class com.capstone.service.accountinfoServiceImpl.getAcountsByCustId() with arguments=[accountinfo [accno=202200051, custid=202200005, branch_name=Bengaluru, ifsc=NATW000123, savingsamount=3128.0], accountinfo [accno=202200053, custid=202200005, branch_name=Bengaluru, ifsc=NATW000123, savingsamount=150000.0]]
2022-10-13 21:00:24 [http-nio-8082-exec-8] INFO  com.capstone.aspect.LoggerAspect - *************************************
2022-10-13 21:00:24 [http-nio-8082-exec-8] INFO  com.capstone.aspect.LoggerAspect - During: class com.capstone.controller.accountinfoController.getsavingsAccount() with arguments=[accountinfo [accno=202200051, custid=202200005, branch_name=Bengaluru, ifsc=NATW000123, savingsamount=3128.0], accountinfo [accno=202200053, custid=202200005, branch_name=Bengaluru, ifsc=NATW000123, savingsamount=150000.0]]
2022-10-13 21:00:24 [http-nio-8082-exec-8] INFO  com.capstone.aspect.LoggerAspect - *************************************
2022-10-13 21:00:30 [http-nio-8082-exec-5] INFO  com.capstone.aspect.LoggerAspect - Method name: com.capstone.controller.accountinfoController
2022-10-13 21:00:30 [http-nio-8082-exec-5] INFO  com.capstone.aspect.LoggerAspect - Method arguments:[Ljava.lang.Object;@256ddb23
2022-10-13 21:00:30 [http-nio-8082-exec-5] INFO  com.capstone.aspect.LoggerAspect - *************************************
2022-10-13 21:00:30 [http-nio-8082-exec-5] INFO  com.capstone.aspect.LoggerAspect - Method name: com.capstone.service.accountinfoServiceImpl
2022-10-13 21:00:30 [http-nio-8082-exec-5] INFO  com.capstone.aspect.LoggerAspect - Method arguments:[Ljava.lang.Object;@2c3b44e1
2022-10-13 21:00:30 [http-nio-8082-exec-5] INFO  com.capstone.aspect.LoggerAspect - *************************************
2022-10-13 21:00:30 [http-nio-8082-exec-5] INFO  com.capstone.aspect.LoggerAspect - During: class com.capstone.service.accountinfoServiceImpl.getAcountsByCustId() with arguments=[accountinfo [accno=202200051, custid=202200005, branch_name=Bengaluru, ifsc=NATW000123, savingsamount=3128.0], accountinfo [accno=202200053, custid=202200005, branch_name=Bengaluru, ifsc=NATW000123, savingsamount=150000.0]]
2022-10-13 21:00:30 [http-nio-8082-exec-5] INFO  com.capstone.aspect.LoggerAspect - *************************************
2022-10-13 21:00:30 [http-nio-8082-exec-5] INFO  com.capstone.aspect.LoggerAspect - During: class com.capstone.controller.accountinfoController.getsavingsAccount() with arguments=[accountinfo [accno=202200051, custid=202200005, branch_name=Bengaluru, ifsc=NATW000123, savingsamount=3128.0], accountinfo [accno=202200053, custid=202200005, branch_name=Bengaluru, ifsc=NATW000123, savingsamount=150000.0]]
2022-10-13 21:00:30 [http-nio-8082-exec-5] INFO  com.capstone.aspect.LoggerAspect - *************************************
2022-10-13 21:00:54 [http-nio-8082-exec-2] INFO  com.capstone.aspect.LoggerAspect - Method name: com.capstone.controller.accountinfoController
2022-10-13 21:00:54 [http-nio-8082-exec-2] INFO  com.capstone.aspect.LoggerAspect - Method arguments:[Ljava.lang.Object;@71e02074
2022-10-13 21:00:54 [http-nio-8082-exec-2] INFO  com.capstone.aspect.LoggerAspect - *************************************
2022-10-13 21:00:54 [http-nio-8082-exec-2] INFO  com.capstone.aspect.LoggerAspect - Method name: com.capstone.service.accountinfoServiceImpl
2022-10-13 21:00:54 [http-nio-8082-exec-2] INFO  com.capstone.aspect.LoggerAspect - Method arguments:[Ljava.lang.Object;@5e2c2698
2022-10-13 21:00:54 [http-nio-8082-exec-2] INFO  com.capstone.aspect.LoggerAspect - *************************************
2022-10-13 21:00:54 [http-nio-8082-exec-2] INFO  com.capstone.aspect.LoggerAspect - During: class com.capstone.service.accountinfoServiceImpl.getAcountsByCustId() with arguments=[accountinfo [accno=202200051, custid=202200005, branch_name=Bengaluru, ifsc=NATW000123, savingsamount=3128.0], accountinfo [accno=202200053, custid=202200005, branch_name=Bengaluru, ifsc=NATW000123, savingsamount=150000.0]]
2022-10-13 21:00:54 [http-nio-8082-exec-2] INFO  com.capstone.aspect.LoggerAspect - *************************************
2022-10-13 21:00:54 [http-nio-8082-exec-2] INFO  com.capstone.aspect.LoggerAspect - During: class com.capstone.controller.accountinfoController.getsavingsAccount() with arguments=[accountinfo [accno=202200051, custid=202200005, branch_name=Bengaluru, ifsc=NATW000123, savingsamount=3128.0], accountinfo [accno=202200053, custid=202200005, branch_name=Bengaluru, ifsc=NATW000123, savingsamount=150000.0]]
2022-10-13 21:00:54 [http-nio-8082-exec-2] INFO  com.capstone.aspect.LoggerAspect - *************************************
2022-10-13 21:01:00 [AsyncResolver-bootstrap-executor-0] INFO  c.n.d.s.r.aws.ConfigClusterResolver - Resolving eureka endpoints via configuration
2022-10-13 21:01:20 [http-nio-8082-exec-6] INFO  com.capstone.aspect.LoggerAspect - Method name: com.capstone.controller.accountinfoController
2022-10-13 21:01:20 [http-nio-8082-exec-6] INFO  com.capstone.aspect.LoggerAspect - Method arguments:[Ljava.lang.Object;@30eafaeb
2022-10-13 21:01:20 [http-nio-8082-exec-6] INFO  com.capstone.aspect.LoggerAspect - *************************************
2022-10-13 21:01:20 [http-nio-8082-exec-6] INFO  com.capstone.aspect.LoggerAspect - Method name: com.capstone.service.accountinfoServiceImpl
2022-10-13 21:01:20 [http-nio-8082-exec-6] INFO  com.capstone.aspect.LoggerAspect - Method arguments:[Ljava.lang.Object;@3f04b842
2022-10-13 21:01:20 [http-nio-8082-exec-6] INFO  com.capstone.aspect.LoggerAspect - *************************************
2022-10-13 21:01:20 [http-nio-8082-exec-6] INFO  com.capstone.aspect.LoggerAspect - During: class com.capstone.service.accountinfoServiceImpl.getAcountsByCustId() with arguments=[accountinfo [accno=202200051, custid=202200005, branch_name=Bengaluru, ifsc=NATW000123, savingsamount=3128.0], accountinfo [accno=202200053, custid=202200005, branch_name=Bengaluru, ifsc=NATW000123, savingsamount=150000.0]]
2022-10-13 21:01:20 [http-nio-8082-exec-6] INFO  com.capstone.aspect.LoggerAspect - *************************************
2022-10-13 21:01:20 [http-nio-8082-exec-6] INFO  com.capstone.aspect.LoggerAspect - During: class com.capstone.controller.accountinfoController.getsavingsAccount() with arguments=[accountinfo [accno=202200051, custid=202200005, branch_name=Bengaluru, ifsc=NATW000123, savingsamount=3128.0], accountinfo [accno=202200053, custid=202200005, branch_name=Bengaluru, ifsc=NATW000123, savingsamount=150000.0]]
2022-10-13 21:01:20 [http-nio-8082-exec-6] INFO  com.capstone.aspect.LoggerAspect - *************************************
2022-10-13 21:01:31 [http-nio-8082-exec-10] INFO  com.capstone.aspect.LoggerAspect - Method name: com.capstone.controller.accountinfoController
2022-10-13 21:01:31 [http-nio-8082-exec-10] INFO  com.capstone.aspect.LoggerAspect - Method arguments:[Ljava.lang.Object;@12adfd61
2022-10-13 21:01:31 [http-nio-8082-exec-10] INFO  com.capstone.aspect.LoggerAspect - *************************************
2022-10-13 21:01:31 [http-nio-8082-exec-10] INFO  com.capstone.aspect.LoggerAspect - Method name: com.capstone.service.accountinfoServiceImpl
2022-10-13 21:01:31 [http-nio-8082-exec-10] INFO  com.capstone.aspect.LoggerAspect - Method arguments:[Ljava.lang.Object;@48506add
2022-10-13 21:01:31 [http-nio-8082-exec-10] INFO  com.capstone.aspect.LoggerAspect - *************************************
2022-10-13 21:01:31 [http-nio-8082-exec-10] INFO  com.capstone.aspect.LoggerAspect - During: class com.capstone.service.accountinfoServiceImpl.getAcountsByCustId() with arguments=[accountinfo [accno=202200051, custid=202200005, branch_name=Bengaluru, ifsc=NATW000123, savingsamount=3128.0], accountinfo [accno=202200053, custid=202200005, branch_name=Bengaluru, ifsc=NATW000123, savingsamount=150000.0]]
2022-10-13 21:01:31 [http-nio-8082-exec-10] INFO  com.capstone.aspect.LoggerAspect - *************************************
2022-10-13 21:01:31 [http-nio-8082-exec-10] INFO  com.capstone.aspect.LoggerAspect - During: class com.capstone.controller.accountinfoController.getsavingsAccount() with arguments=[accountinfo [accno=202200051, custid=202200005, branch_name=Bengaluru, ifsc=NATW000123, savingsamount=3128.0], accountinfo [accno=202200053, custid=202200005, branch_name=Bengaluru, ifsc=NATW000123, savingsamount=150000.0]]
2022-10-13 21:01:31 [http-nio-8082-exec-10] INFO  com.capstone.aspect.LoggerAspect - *************************************
2022-10-13 21:01:36 [http-nio-8082-exec-4] INFO  com.capstone.aspect.LoggerAspect - Method name: com.capstone.controller.accountinfoController
2022-10-13 21:01:36 [http-nio-8082-exec-4] INFO  com.capstone.aspect.LoggerAspect - Method arguments:[Ljava.lang.Object;@37770c6e
2022-10-13 21:01:36 [http-nio-8082-exec-4] INFO  com.capstone.aspect.LoggerAspect - *************************************
2022-10-13 21:01:36 [http-nio-8082-exec-4] INFO  com.capstone.aspect.LoggerAspect - Method name: com.capstone.service.accountinfoServiceImpl
2022-10-13 21:01:36 [http-nio-8082-exec-4] INFO  com.capstone.aspect.LoggerAspect - Method arguments:[Ljava.lang.Object;@3b2d2aff
2022-10-13 21:01:36 [http-nio-8082-exec-4] INFO  com.capstone.aspect.LoggerAspect - *************************************
2022-10-13 21:01:36 [http-nio-8082-exec-4] INFO  com.capstone.aspect.LoggerAspect - During: class com.capstone.service.accountinfoServiceImpl.getAcountsByCustId() with arguments=[accountinfo [accno=202200051, custid=202200005, branch_name=Bengaluru, ifsc=NATW000123, savingsamount=3128.0], accountinfo [accno=202200053, custid=202200005, branch_name=Bengaluru, ifsc=NATW000123, savingsamount=150000.0]]
2022-10-13 21:01:36 [http-nio-8082-exec-4] INFO  com.capstone.aspect.LoggerAspect - *************************************
2022-10-13 21:01:36 [http-nio-8082-exec-4] INFO  com.capstone.aspect.LoggerAspect - During: class com.capstone.controller.accountinfoController.getsavingsAccount() with arguments=[accountinfo [accno=202200051, custid=202200005, branch_name=Bengaluru, ifsc=NATW000123, savingsamount=3128.0], accountinfo [accno=202200053, custid=202200005, branch_name=Bengaluru, ifsc=NATW000123, savingsamount=150000.0]]
2022-10-13 21:01:36 [http-nio-8082-exec-4] INFO  com.capstone.aspect.LoggerAspect - *************************************
2022-10-13 21:01:43 [http-nio-8082-exec-5] INFO  com.capstone.aspect.LoggerAspect - Method name: com.capstone.controller.accountinfoController
2022-10-13 21:01:43 [http-nio-8082-exec-5] INFO  com.capstone.aspect.LoggerAspect - Method arguments:[Ljava.lang.Object;@1d41d39b
2022-10-13 21:01:43 [http-nio-8082-exec-5] INFO  com.capstone.aspect.LoggerAspect - *************************************
2022-10-13 21:01:43 [http-nio-8082-exec-5] INFO  com.capstone.aspect.LoggerAspect - Method name: com.capstone.service.accountinfoServiceImpl
2022-10-13 21:01:43 [http-nio-8082-exec-5] INFO  com.capstone.aspect.LoggerAspect - Method arguments:[Ljava.lang.Object;@117728ec
2022-10-13 21:01:43 [http-nio-8082-exec-5] INFO  com.capstone.aspect.LoggerAspect - *************************************
2022-10-13 21:01:43 [http-nio-8082-exec-5] INFO  com.capstone.aspect.LoggerAspect - During: class com.capstone.service.accountinfoServiceImpl.getAcountsByCustId() with arguments=[accountinfo [accno=202200051, custid=202200005, branch_name=Bengaluru, ifsc=NATW000123, savingsamount=3128.0], accountinfo [accno=202200053, custid=202200005, branch_name=Bengaluru, ifsc=NATW000123, savingsamount=150000.0]]
2022-10-13 21:01:43 [http-nio-8082-exec-5] INFO  com.capstone.aspect.LoggerAspect - *************************************
2022-10-13 21:01:43 [http-nio-8082-exec-5] INFO  com.capstone.aspect.LoggerAspect - During: class com.capstone.controller.accountinfoController.getsavingsAccount() with arguments=[accountinfo [accno=202200051, custid=202200005, branch_name=Bengaluru, ifsc=NATW000123, savingsamount=3128.0], accountinfo [accno=202200053, custid=202200005, branch_name=Bengaluru, ifsc=NATW000123, savingsamount=150000.0]]
2022-10-13 21:01:43 [http-nio-8082-exec-5] INFO  com.capstone.aspect.LoggerAspect - *************************************
2022-10-13 21:01:52 [http-nio-8082-exec-2] INFO  com.capstone.aspect.LoggerAspect - Method name: com.capstone.controller.accountinfoController
2022-10-13 21:01:52 [http-nio-8082-exec-2] INFO  com.capstone.aspect.LoggerAspect - Method arguments:[Ljava.lang.Object;@3b877b4
2022-10-13 21:01:52 [http-nio-8082-exec-2] INFO  com.capstone.aspect.LoggerAspect - *************************************
2022-10-13 21:01:52 [http-nio-8082-exec-2] INFO  com.capstone.aspect.LoggerAspect - Method name: com.capstone.service.accountinfoServiceImpl
2022-10-13 21:01:52 [http-nio-8082-exec-2] INFO  com.capstone.aspect.LoggerAspect - Method arguments:[Ljava.lang.Object;@2cef569d
2022-10-13 21:01:52 [http-nio-8082-exec-2] INFO  com.capstone.aspect.LoggerAspect - *************************************
2022-10-13 21:01:52 [http-nio-8082-exec-2] INFO  com.capstone.aspect.LoggerAspect - During: class com.capstone.service.accountinfoServiceImpl.getAcountsByCustId() with arguments=[accountinfo [accno=202200051, custid=202200005, branch_name=Bengaluru, ifsc=NATW000123, savingsamount=3128.0], accountinfo [accno=202200053, custid=202200005, branch_name=Bengaluru, ifsc=NATW000123, savingsamount=150000.0]]
2022-10-13 21:01:52 [http-nio-8082-exec-2] INFO  com.capstone.aspect.LoggerAspect - *************************************
2022-10-13 21:01:52 [http-nio-8082-exec-2] INFO  com.capstone.aspect.LoggerAspect - During: class com.capstone.controller.accountinfoController.getsavingsAccount() with arguments=[accountinfo [accno=202200051, custid=202200005, branch_name=Bengaluru, ifsc=NATW000123, savingsamount=3128.0], accountinfo [accno=202200053, custid=202200005, branch_name=Bengaluru, ifsc=NATW000123, savingsamount=150000.0]]
2022-10-13 21:01:52 [http-nio-8082-exec-2] INFO  com.capstone.aspect.LoggerAspect - *************************************
2022-10-13 21:01:54 [http-nio-8082-exec-3] INFO  com.capstone.aspect.LoggerAspect - Method name: com.capstone.controller.accountinfoController
2022-10-13 21:01:54 [http-nio-8082-exec-3] INFO  com.capstone.aspect.LoggerAspect - Method arguments:[Ljava.lang.Object;@7461d984
2022-10-13 21:01:54 [http-nio-8082-exec-3] INFO  com.capstone.aspect.LoggerAspect - *************************************
2022-10-13 21:01:54 [http-nio-8082-exec-3] INFO  com.capstone.aspect.LoggerAspect - Method name: com.capstone.service.accountinfoServiceImpl
2022-10-13 21:01:54 [http-nio-8082-exec-3] INFO  com.capstone.aspect.LoggerAspect - Method arguments:[Ljava.lang.Object;@a84f9a
2022-10-13 21:01:54 [http-nio-8082-exec-3] INFO  com.capstone.aspect.LoggerAspect - *************************************
2022-10-13 21:01:54 [http-nio-8082-exec-3] INFO  com.capstone.aspect.LoggerAspect - During: class com.capstone.service.accountinfoServiceImpl.getAcountsByCustId() with arguments=[accountinfo [accno=202200051, custid=202200005, branch_name=Bengaluru, ifsc=NATW000123, savingsamount=3128.0], accountinfo [accno=202200053, custid=202200005, branch_name=Bengaluru, ifsc=NATW000123, savingsamount=150000.0]]
2022-10-13 21:01:54 [http-nio-8082-exec-3] INFO  com.capstone.aspect.LoggerAspect - *************************************
2022-10-13 21:01:54 [http-nio-8082-exec-3] INFO  com.capstone.aspect.LoggerAspect - During: class com.capstone.controller.accountinfoController.getsavingsAccount() with arguments=[accountinfo [accno=202200051, custid=202200005, branch_name=Bengaluru, ifsc=NATW000123, savingsamount=3128.0], accountinfo [accno=202200053, custid=202200005, branch_name=Bengaluru, ifsc=NATW000123, savingsamount=150000.0]]
2022-10-13 21:01:54 [http-nio-8082-exec-3] INFO  com.capstone.aspect.LoggerAspect - *************************************
2022-10-13 21:02:03 [http-nio-8082-exec-7] INFO  com.capstone.aspect.LoggerAspect - Method name: com.capstone.controller.accountinfoController
2022-10-13 21:02:03 [http-nio-8082-exec-7] INFO  com.capstone.aspect.LoggerAspect - Method arguments:[Ljava.lang.Object;@255c7ccd
2022-10-13 21:02:03 [http-nio-8082-exec-7] INFO  com.capstone.aspect.LoggerAspect - *************************************
2022-10-13 21:02:03 [http-nio-8082-exec-7] INFO  com.capstone.aspect.LoggerAspect - Method name: com.capstone.service.accountinfoServiceImpl
2022-10-13 21:02:03 [http-nio-8082-exec-7] INFO  com.capstone.aspect.LoggerAspect - Method arguments:[Ljava.lang.Object;@82ffa26
2022-10-13 21:02:03 [http-nio-8082-exec-7] INFO  com.capstone.aspect.LoggerAspect - *************************************
2022-10-13 21:02:03 [http-nio-8082-exec-7] INFO  com.capstone.aspect.LoggerAspect - During: class com.capstone.service.accountinfoServiceImpl.getAcountsByCustId() with arguments=[accountinfo [accno=202200051, custid=202200005, branch_name=Bengaluru, ifsc=NATW000123, savingsamount=3128.0], accountinfo [accno=202200053, custid=202200005, branch_name=Bengaluru, ifsc=NATW000123, savingsamount=150000.0]]
2022-10-13 21:02:03 [http-nio-8082-exec-7] INFO  com.capstone.aspect.LoggerAspect - *************************************
2022-10-13 21:02:03 [http-nio-8082-exec-7] INFO  com.capstone.aspect.LoggerAspect - During: class com.capstone.controller.accountinfoController.getsavingsAccount() with arguments=[accountinfo [accno=202200051, custid=202200005, branch_name=Bengaluru, ifsc=NATW000123, savingsamount=3128.0], accountinfo [accno=202200053, custid=202200005, branch_name=Bengaluru, ifsc=NATW000123, savingsamount=150000.0]]
2022-10-13 21:02:03 [http-nio-8082-exec-7] INFO  com.capstone.aspect.LoggerAspect - *************************************
2022-10-13 21:02:10 [http-nio-8082-exec-10] INFO  com.capstone.aspect.LoggerAspect - Method name: com.capstone.controller.accountinfoController
2022-10-13 21:02:10 [http-nio-8082-exec-10] INFO  com.capstone.aspect.LoggerAspect - Method arguments:[Ljava.lang.Object;@44f58f38
2022-10-13 21:02:10 [http-nio-8082-exec-10] INFO  com.capstone.aspect.LoggerAspect - *************************************
2022-10-13 21:02:10 [http-nio-8082-exec-10] INFO  com.capstone.aspect.LoggerAspect - Method name: com.capstone.service.accountinfoServiceImpl
2022-10-13 21:02:10 [http-nio-8082-exec-10] INFO  com.capstone.aspect.LoggerAspect - Method arguments:[Ljava.lang.Object;@33370073
2022-10-13 21:02:10 [http-nio-8082-exec-10] INFO  com.capstone.aspect.LoggerAspect - *************************************
2022-10-13 21:02:10 [http-nio-8082-exec-10] INFO  com.capstone.aspect.LoggerAspect - During: class com.capstone.service.accountinfoServiceImpl.getAcountsByCustId() with arguments=[accountinfo [accno=202200051, custid=202200005, branch_name=Bengaluru, ifsc=NATW000123, savingsamount=3128.0], accountinfo [accno=202200053, custid=202200005, branch_name=Bengaluru, ifsc=NATW000123, savingsamount=150000.0]]
2022-10-13 21:02:10 [http-nio-8082-exec-10] INFO  com.capstone.aspect.LoggerAspect - *************************************
2022-10-13 21:02:10 [http-nio-8082-exec-10] INFO  com.capstone.aspect.LoggerAspect - During: class com.capstone.controller.accountinfoController.getsavingsAccount() with arguments=[accountinfo [accno=202200051, custid=202200005, branch_name=Bengaluru, ifsc=NATW000123, savingsamount=3128.0], accountinfo [accno=202200053, custid=202200005, branch_name=Bengaluru, ifsc=NATW000123, savingsamount=150000.0]]
2022-10-13 21:02:10 [http-nio-8082-exec-10] INFO  com.capstone.aspect.LoggerAspect - *************************************
2022-10-13 21:02:16 [http-nio-8082-exec-4] INFO  com.capstone.aspect.LoggerAspect - Method name: com.capstone.controller.accountinfoController
2022-10-13 21:02:16 [http-nio-8082-exec-4] INFO  com.capstone.aspect.LoggerAspect - Method arguments:[Ljava.lang.Object;@34a0907b
2022-10-13 21:02:16 [http-nio-8082-exec-4] INFO  com.capstone.aspect.LoggerAspect - *************************************
2022-10-13 21:02:16 [http-nio-8082-exec-4] INFO  com.capstone.aspect.LoggerAspect - Method name: com.capstone.service.accountinfoServiceImpl
2022-10-13 21:02:16 [http-nio-8082-exec-4] INFO  com.capstone.aspect.LoggerAspect - Method arguments:[Ljava.lang.Object;@24de4119
2022-10-13 21:02:16 [http-nio-8082-exec-4] INFO  com.capstone.aspect.LoggerAspect - *************************************
2022-10-13 21:02:16 [http-nio-8082-exec-4] INFO  com.capstone.aspect.LoggerAspect - During: class com.capstone.service.accountinfoServiceImpl.getAcountsByCustId() with arguments=[accountinfo [accno=202200051, custid=202200005, branch_name=Bengaluru, ifsc=NATW000123, savingsamount=3128.0], accountinfo [accno=202200053, custid=202200005, branch_name=Bengaluru, ifsc=NATW000123, savingsamount=150000.0]]
2022-10-13 21:02:16 [http-nio-8082-exec-4] INFO  com.capstone.aspect.LoggerAspect - *************************************
2022-10-13 21:02:16 [http-nio-8082-exec-4] INFO  com.capstone.aspect.LoggerAspect - During: class com.capstone.controller.accountinfoController.getsavingsAccount() with arguments=[accountinfo [accno=202200051, custid=202200005, branch_name=Bengaluru, ifsc=NATW000123, savingsamount=3128.0], accountinfo [accno=202200053, custid=202200005, branch_name=Bengaluru, ifsc=NATW000123, savingsamount=150000.0]]
2022-10-13 21:02:16 [http-nio-8082-exec-4] INFO  com.capstone.aspect.LoggerAspect - *************************************
2022-10-13 21:02:24 [http-nio-8082-exec-5] INFO  com.capstone.aspect.LoggerAspect - Method name: com.capstone.controller.accountinfoController
2022-10-13 21:02:24 [http-nio-8082-exec-5] INFO  com.capstone.aspect.LoggerAspect - Method arguments:[Ljava.lang.Object;@4d7bba91
2022-10-13 21:02:24 [http-nio-8082-exec-5] INFO  com.capstone.aspect.LoggerAspect - *************************************
2022-10-13 21:02:24 [http-nio-8082-exec-5] INFO  com.capstone.aspect.LoggerAspect - Method name: com.capstone.service.accountinfoServiceImpl
2022-10-13 21:02:24 [http-nio-8082-exec-5] INFO  com.capstone.aspect.LoggerAspect - Method arguments:[Ljava.lang.Object;@4e5addaa
2022-10-13 21:02:24 [http-nio-8082-exec-5] INFO  com.capstone.aspect.LoggerAspect - *************************************
2022-10-13 21:02:24 [http-nio-8082-exec-5] INFO  com.capstone.aspect.LoggerAspect - During: class com.capstone.service.accountinfoServiceImpl.getAcountsByCustId() with arguments=[accountinfo [accno=202200051, custid=202200005, branch_name=Bengaluru, ifsc=NATW000123, savingsamount=3128.0], accountinfo [accno=202200053, custid=202200005, branch_name=Bengaluru, ifsc=NATW000123, savingsamount=150000.0]]
2022-10-13 21:02:24 [http-nio-8082-exec-5] INFO  com.capstone.aspect.LoggerAspect - *************************************
2022-10-13 21:02:24 [http-nio-8082-exec-5] INFO  com.capstone.aspect.LoggerAspect - During: class com.capstone.controller.accountinfoController.getsavingsAccount() with arguments=[accountinfo [accno=202200051, custid=202200005, branch_name=Bengaluru, ifsc=NATW000123, savingsamount=3128.0], accountinfo [accno=202200053, custid=202200005, branch_name=Bengaluru, ifsc=NATW000123, savingsamount=150000.0]]
2022-10-13 21:02:24 [http-nio-8082-exec-5] INFO  com.capstone.aspect.LoggerAspect - *************************************
2022-10-13 21:02:28 [http-nio-8082-exec-9] INFO  com.capstone.aspect.LoggerAspect - Method name: com.capstone.controller.accountinfoController
2022-10-13 21:02:28 [http-nio-8082-exec-9] INFO  com.capstone.aspect.LoggerAspect - Method arguments:[Ljava.lang.Object;@11c8c9df
2022-10-13 21:02:28 [http-nio-8082-exec-9] INFO  com.capstone.aspect.LoggerAspect - *************************************
2022-10-13 21:02:28 [http-nio-8082-exec-9] INFO  com.capstone.aspect.LoggerAspect - Method name: com.capstone.service.accountinfoServiceImpl
2022-10-13 21:02:28 [http-nio-8082-exec-9] INFO  com.capstone.aspect.LoggerAspect - Method arguments:[Ljava.lang.Object;@261a4e46
2022-10-13 21:02:28 [http-nio-8082-exec-9] INFO  com.capstone.aspect.LoggerAspect - *************************************
2022-10-13 21:02:28 [http-nio-8082-exec-9] INFO  com.capstone.aspect.LoggerAspect - During: class com.capstone.service.accountinfoServiceImpl.getAcountsByCustId() with arguments=[accountinfo [accno=202200051, custid=202200005, branch_name=Bengaluru, ifsc=NATW000123, savingsamount=3128.0], accountinfo [accno=202200053, custid=202200005, branch_name=Bengaluru, ifsc=NATW000123, savingsamount=150000.0]]
2022-10-13 21:02:28 [http-nio-8082-exec-9] INFO  com.capstone.aspect.LoggerAspect - *************************************
2022-10-13 21:02:28 [http-nio-8082-exec-9] INFO  com.capstone.aspect.LoggerAspect - During: class com.capstone.controller.accountinfoController.getsavingsAccount() with arguments=[accountinfo [accno=202200051, custid=202200005, branch_name=Bengaluru, ifsc=NATW000123, savingsamount=3128.0], accountinfo [accno=202200053, custid=202200005, branch_name=Bengaluru, ifsc=NATW000123, savingsamount=150000.0]]
2022-10-13 21:02:28 [http-nio-8082-exec-9] INFO  com.capstone.aspect.LoggerAspect - *************************************
2022-10-13 21:02:31 [http-nio-8082-exec-2] INFO  com.capstone.aspect.LoggerAspect - Method name: com.capstone.controller.accountinfoController
2022-10-13 21:02:31 [http-nio-8082-exec-2] INFO  com.capstone.aspect.LoggerAspect - Method arguments:[Ljava.lang.Object;@3b640ea4
2022-10-13 21:02:31 [http-nio-8082-exec-2] INFO  com.capstone.aspect.LoggerAspect - *************************************
2022-10-13 21:02:31 [http-nio-8082-exec-2] INFO  com.capstone.aspect.LoggerAspect - Method name: com.capstone.service.accountinfoServiceImpl
2022-10-13 21:02:31 [http-nio-8082-exec-2] INFO  com.capstone.aspect.LoggerAspect - Method arguments:[Ljava.lang.Object;@191a2a23
2022-10-13 21:02:31 [http-nio-8082-exec-2] INFO  com.capstone.aspect.LoggerAspect - *************************************
2022-10-13 21:02:31 [http-nio-8082-exec-2] INFO  com.capstone.aspect.LoggerAspect - During: class com.capstone.service.accountinfoServiceImpl.getAcountsByCustId() with arguments=[accountinfo [accno=202200051, custid=202200005, branch_name=Bengaluru, ifsc=NATW000123, savingsamount=3128.0], accountinfo [accno=202200053, custid=202200005, branch_name=Bengaluru, ifsc=NATW000123, savingsamount=150000.0]]
2022-10-13 21:02:31 [http-nio-8082-exec-2] INFO  com.capstone.aspect.LoggerAspect - *************************************
2022-10-13 21:02:31 [http-nio-8082-exec-2] INFO  com.capstone.aspect.LoggerAspect - During: class com.capstone.controller.accountinfoController.getsavingsAccount() with arguments=[accountinfo [accno=202200051, custid=202200005, branch_name=Bengaluru, ifsc=NATW000123, savingsamount=3128.0], accountinfo [accno=202200053, custid=202200005, branch_name=Bengaluru, ifsc=NATW000123, savingsamount=150000.0]]
2022-10-13 21:02:31 [http-nio-8082-exec-2] INFO  com.capstone.aspect.LoggerAspect - *************************************
2022-10-13 21:02:32 [http-nio-8082-exec-6] INFO  com.capstone.aspect.LoggerAspect - Method name: com.capstone.controller.accountinfoController
2022-10-13 21:02:32 [http-nio-8082-exec-6] INFO  com.capstone.aspect.LoggerAspect - Method arguments:[Ljava.lang.Object;@6884962c
2022-10-13 21:02:32 [http-nio-8082-exec-6] INFO  com.capstone.aspect.LoggerAspect - *************************************
2022-10-13 21:02:32 [http-nio-8082-exec-6] INFO  com.capstone.aspect.LoggerAspect - Method name: com.capstone.service.accountinfoServiceImpl
2022-10-13 21:02:32 [http-nio-8082-exec-6] INFO  com.capstone.aspect.LoggerAspect - Method arguments:[Ljava.lang.Object;@2f66e034
2022-10-13 21:02:32 [http-nio-8082-exec-6] INFO  com.capstone.aspect.LoggerAspect - *************************************
2022-10-13 21:02:32 [http-nio-8082-exec-6] INFO  com.capstone.aspect.LoggerAspect - During: class com.capstone.service.accountinfoServiceImpl.getAcountsByCustId() with arguments=[accountinfo [accno=202200051, custid=202200005, branch_name=Bengaluru, ifsc=NATW000123, savingsamount=3128.0], accountinfo [accno=202200053, custid=202200005, branch_name=Bengaluru, ifsc=NATW000123, savingsamount=150000.0]]
2022-10-13 21:02:32 [http-nio-8082-exec-6] INFO  com.capstone.aspect.LoggerAspect - *************************************
2022-10-13 21:02:32 [http-nio-8082-exec-6] INFO  com.capstone.aspect.LoggerAspect - During: class com.capstone.controller.accountinfoController.getsavingsAccount() with arguments=[accountinfo [accno=202200051, custid=202200005, branch_name=Bengaluru, ifsc=NATW000123, savingsamount=3128.0], accountinfo [accno=202200053, custid=202200005, branch_name=Bengaluru, ifsc=NATW000123, savingsamount=150000.0]]
2022-10-13 21:02:32 [http-nio-8082-exec-6] INFO  com.capstone.aspect.LoggerAspect - *************************************
2022-10-13 21:02:41 [http-nio-8082-exec-7] INFO  com.capstone.aspect.LoggerAspect - Method name: com.capstone.controller.accountinfoController
2022-10-13 21:02:41 [http-nio-8082-exec-7] INFO  com.capstone.aspect.LoggerAspect - Method arguments:[Ljava.lang.Object;@3caed1a1
2022-10-13 21:02:41 [http-nio-8082-exec-7] INFO  com.capstone.aspect.LoggerAspect - *************************************
2022-10-13 21:02:41 [http-nio-8082-exec-7] INFO  com.capstone.aspect.LoggerAspect - Method name: com.capstone.service.accountinfoServiceImpl
2022-10-13 21:02:41 [http-nio-8082-exec-7] INFO  com.capstone.aspect.LoggerAspect - Method arguments:[Ljava.lang.Object;@76e1a198
2022-10-13 21:02:41 [http-nio-8082-exec-7] INFO  com.capstone.aspect.LoggerAspect - *************************************
2022-10-13 21:02:41 [http-nio-8082-exec-7] INFO  com.capstone.aspect.LoggerAspect - During: class com.capstone.service.accountinfoServiceImpl.getAcountsByCustId() with arguments=[accountinfo [accno=202200051, custid=202200005, branch_name=Bengaluru, ifsc=NATW000123, savingsamount=3128.0], accountinfo [accno=202200053, custid=202200005, branch_name=Bengaluru, ifsc=NATW000123, savingsamount=150000.0]]
2022-10-13 21:02:41 [http-nio-8082-exec-7] INFO  com.capstone.aspect.LoggerAspect - *************************************
2022-10-13 21:02:41 [http-nio-8082-exec-7] INFO  com.capstone.aspect.LoggerAspect - During: class com.capstone.controller.accountinfoController.getsavingsAccount() with arguments=[accountinfo [accno=202200051, custid=202200005, branch_name=Bengaluru, ifsc=NATW000123, savingsamount=3128.0], accountinfo [accno=202200053, custid=202200005, branch_name=Bengaluru, ifsc=NATW000123, savingsamount=150000.0]]
2022-10-13 21:02:41 [http-nio-8082-exec-7] INFO  com.capstone.aspect.LoggerAspect - *************************************
2022-10-13 21:02:44 [http-nio-8082-exec-1] INFO  com.capstone.aspect.LoggerAspect - Method name: com.capstone.controller.accountinfoController
2022-10-13 21:02:44 [http-nio-8082-exec-1] INFO  com.capstone.aspect.LoggerAspect - Method arguments:[Ljava.lang.Object;@254fe56a
2022-10-13 21:02:44 [http-nio-8082-exec-1] INFO  com.capstone.aspect.LoggerAspect - *************************************
2022-10-13 21:02:44 [http-nio-8082-exec-1] INFO  com.capstone.aspect.LoggerAspect - Method name: com.capstone.service.accountinfoServiceImpl
2022-10-13 21:02:44 [http-nio-8082-exec-1] INFO  com.capstone.aspect.LoggerAspect - Method arguments:[Ljava.lang.Object;@359caf8b
2022-10-13 21:02:44 [http-nio-8082-exec-1] INFO  com.capstone.aspect.LoggerAspect - *************************************
2022-10-13 21:02:44 [http-nio-8082-exec-1] INFO  com.capstone.aspect.LoggerAspect - During: class com.capstone.service.accountinfoServiceImpl.getAcountsByCustId() with arguments=[accountinfo [accno=202200051, custid=202200005, branch_name=Bengaluru, ifsc=NATW000123, savingsamount=3128.0], accountinfo [accno=202200053, custid=202200005, branch_name=Bengaluru, ifsc=NATW000123, savingsamount=150000.0]]
2022-10-13 21:02:44 [http-nio-8082-exec-1] INFO  com.capstone.aspect.LoggerAspect - *************************************
2022-10-13 21:02:44 [http-nio-8082-exec-1] INFO  com.capstone.aspect.LoggerAspect - During: class com.capstone.controller.accountinfoController.getsavingsAccount() with arguments=[accountinfo [accno=202200051, custid=202200005, branch_name=Bengaluru, ifsc=NATW000123, savingsamount=3128.0], accountinfo [accno=202200053, custid=202200005, branch_name=Bengaluru, ifsc=NATW000123, savingsamount=150000.0]]
2022-10-13 21:02:44 [http-nio-8082-exec-1] INFO  com.capstone.aspect.LoggerAspect - *************************************
2022-10-13 21:02:46 [http-nio-8082-exec-4] INFO  com.capstone.aspect.LoggerAspect - Method name: com.capstone.controller.accountinfoController
2022-10-13 21:02:46 [http-nio-8082-exec-4] INFO  com.capstone.aspect.LoggerAspect - Method arguments:[Ljava.lang.Object;@222028b1
2022-10-13 21:02:46 [http-nio-8082-exec-4] INFO  com.capstone.aspect.LoggerAspect - *************************************
2022-10-13 21:02:46 [http-nio-8082-exec-4] INFO  com.capstone.aspect.LoggerAspect - Method name: com.capstone.service.accountinfoServiceImpl
2022-10-13 21:02:46 [http-nio-8082-exec-4] INFO  com.capstone.aspect.LoggerAspect - Method arguments:[Ljava.lang.Object;@3f659fff
2022-10-13 21:02:46 [http-nio-8082-exec-4] INFO  com.capstone.aspect.LoggerAspect - *************************************
2022-10-13 21:02:46 [http-nio-8082-exec-4] INFO  com.capstone.aspect.LoggerAspect - During: class com.capstone.service.accountinfoServiceImpl.getAcountsByCustId() with arguments=[accountinfo [accno=202200051, custid=202200005, branch_name=Bengaluru, ifsc=NATW000123, savingsamount=3128.0], accountinfo [accno=202200053, custid=202200005, branch_name=Bengaluru, ifsc=NATW000123, savingsamount=150000.0]]
2022-10-13 21:02:46 [http-nio-8082-exec-4] INFO  com.capstone.aspect.LoggerAspect - *************************************
2022-10-13 21:02:46 [http-nio-8082-exec-4] INFO  com.capstone.aspect.LoggerAspect - During: class com.capstone.controller.accountinfoController.getsavingsAccount() with arguments=[accountinfo [accno=202200051, custid=202200005, branch_name=Bengaluru, ifsc=NATW000123, savingsamount=3128.0], accountinfo [accno=202200053, custid=202200005, branch_name=Bengaluru, ifsc=NATW000123, savingsamount=150000.0]]
2022-10-13 21:02:46 [http-nio-8082-exec-4] INFO  com.capstone.aspect.LoggerAspect - *************************************
2022-10-13 21:02:55 [http-nio-8082-exec-5] INFO  com.capstone.aspect.LoggerAspect - Method name: com.capstone.controller.accountinfoController
2022-10-13 21:02:55 [http-nio-8082-exec-5] INFO  com.capstone.aspect.LoggerAspect - Method arguments:[Ljava.lang.Object;@6ac213f6
2022-10-13 21:02:55 [http-nio-8082-exec-5] INFO  com.capstone.aspect.LoggerAspect - *************************************
2022-10-13 21:02:55 [http-nio-8082-exec-5] INFO  com.capstone.aspect.LoggerAspect - Method name: com.capstone.service.accountinfoServiceImpl
2022-10-13 21:02:55 [http-nio-8082-exec-5] INFO  com.capstone.aspect.LoggerAspect - Method arguments:[Ljava.lang.Object;@13544fca
2022-10-13 21:02:55 [http-nio-8082-exec-5] INFO  com.capstone.aspect.LoggerAspect - *************************************
2022-10-13 21:02:55 [http-nio-8082-exec-5] INFO  com.capstone.aspect.LoggerAspect - During: class com.capstone.service.accountinfoServiceImpl.getAcountsByCustId() with arguments=[accountinfo [accno=202200051, custid=202200005, branch_name=Bengaluru, ifsc=NATW000123, savingsamount=3128.0], accountinfo [accno=202200053, custid=202200005, branch_name=Bengaluru, ifsc=NATW000123, savingsamount=150000.0]]
2022-10-13 21:02:55 [http-nio-8082-exec-5] INFO  com.capstone.aspect.LoggerAspect - *************************************
2022-10-13 21:02:55 [http-nio-8082-exec-5] INFO  com.capstone.aspect.LoggerAspect - During: class com.capstone.controller.accountinfoController.getsavingsAccount() with arguments=[accountinfo [accno=202200051, custid=202200005, branch_name=Bengaluru, ifsc=NATW000123, savingsamount=3128.0], accountinfo [accno=202200053, custid=202200005, branch_name=Bengaluru, ifsc=NATW000123, savingsamount=150000.0]]
2022-10-13 21:02:55 [http-nio-8082-exec-5] INFO  com.capstone.aspect.LoggerAspect - *************************************
2022-10-13 21:03:10 [http-nio-8082-exec-2] INFO  com.capstone.aspect.LoggerAspect - Method name: com.capstone.controller.accountinfoController
2022-10-13 21:03:10 [http-nio-8082-exec-2] INFO  com.capstone.aspect.LoggerAspect - Method arguments:[Ljava.lang.Object;@13143c4
2022-10-13 21:03:10 [http-nio-8082-exec-2] INFO  com.capstone.aspect.LoggerAspect - *************************************
2022-10-13 21:03:10 [http-nio-8082-exec-2] INFO  com.capstone.aspect.LoggerAspect - Method name: com.capstone.service.accountinfoServiceImpl
2022-10-13 21:03:10 [http-nio-8082-exec-2] INFO  com.capstone.aspect.LoggerAspect - Method arguments:[Ljava.lang.Object;@319f0f51
2022-10-13 21:03:10 [http-nio-8082-exec-2] INFO  com.capstone.aspect.LoggerAspect - *************************************
2022-10-13 21:03:10 [http-nio-8082-exec-2] INFO  com.capstone.aspect.LoggerAspect - During: class com.capstone.service.accountinfoServiceImpl.getAcountsByCustId() with arguments=[accountinfo [accno=202200051, custid=202200005, branch_name=Bengaluru, ifsc=NATW000123, savingsamount=3128.0], accountinfo [accno=202200053, custid=202200005, branch_name=Bengaluru, ifsc=NATW000123, savingsamount=150000.0]]
2022-10-13 21:03:10 [http-nio-8082-exec-2] INFO  com.capstone.aspect.LoggerAspect - *************************************
2022-10-13 21:03:10 [http-nio-8082-exec-2] INFO  com.capstone.aspect.LoggerAspect - During: class com.capstone.controller.accountinfoController.getsavingsAccount() with arguments=[accountinfo [accno=202200051, custid=202200005, branch_name=Bengaluru, ifsc=NATW000123, savingsamount=3128.0], accountinfo [accno=202200053, custid=202200005, branch_name=Bengaluru, ifsc=NATW000123, savingsamount=150000.0]]
2022-10-13 21:03:10 [http-nio-8082-exec-2] INFO  com.capstone.aspect.LoggerAspect - *************************************
2022-10-13 21:03:22 [http-nio-8082-exec-6] INFO  com.capstone.aspect.LoggerAspect - Method name: com.capstone.controller.accountinfoController
2022-10-13 21:03:22 [http-nio-8082-exec-6] INFO  com.capstone.aspect.LoggerAspect - Method arguments:[Ljava.lang.Object;@239ae1fa
2022-10-13 21:03:22 [http-nio-8082-exec-6] INFO  com.capstone.aspect.LoggerAspect - *************************************
2022-10-13 21:03:22 [http-nio-8082-exec-6] INFO  com.capstone.aspect.LoggerAspect - Method name: com.capstone.service.accountinfoServiceImpl
2022-10-13 21:03:22 [http-nio-8082-exec-6] INFO  com.capstone.aspect.LoggerAspect - Method arguments:[Ljava.lang.Object;@6f5424f4
2022-10-13 21:03:22 [http-nio-8082-exec-6] INFO  com.capstone.aspect.LoggerAspect - *************************************
2022-10-13 21:03:22 [http-nio-8082-exec-6] INFO  com.capstone.aspect.LoggerAspect - During: class com.capstone.service.accountinfoServiceImpl.getAcountsByCustId() with arguments=[accountinfo [accno=202200051, custid=202200005, branch_name=Bengaluru, ifsc=NATW000123, savingsamount=3128.0], accountinfo [accno=202200053, custid=202200005, branch_name=Bengaluru, ifsc=NATW000123, savingsamount=150000.0]]
2022-10-13 21:03:22 [http-nio-8082-exec-6] INFO  com.capstone.aspect.LoggerAspect - *************************************
2022-10-13 21:03:22 [http-nio-8082-exec-6] INFO  com.capstone.aspect.LoggerAspect - During: class com.capstone.controller.accountinfoController.getsavingsAccount() with arguments=[accountinfo [accno=202200051, custid=202200005, branch_name=Bengaluru, ifsc=NATW000123, savingsamount=3128.0], accountinfo [accno=202200053, custid=202200005, branch_name=Bengaluru, ifsc=NATW000123, savingsamount=150000.0]]
2022-10-13 21:03:22 [http-nio-8082-exec-6] INFO  com.capstone.aspect.LoggerAspect - *************************************
2022-10-13 21:03:33 [http-nio-8082-exec-10] INFO  com.capstone.aspect.LoggerAspect - Method name: com.capstone.controller.accountinfoController
2022-10-13 21:03:33 [http-nio-8082-exec-10] INFO  com.capstone.aspect.LoggerAspect - Method arguments:[Ljava.lang.Object;@363828c6
2022-10-13 21:03:33 [http-nio-8082-exec-10] INFO  com.capstone.aspect.LoggerAspect - *************************************
2022-10-13 21:03:33 [http-nio-8082-exec-10] INFO  com.capstone.aspect.LoggerAspect - Method name: com.capstone.service.accountinfoServiceImpl
2022-10-13 21:03:33 [http-nio-8082-exec-10] INFO  com.capstone.aspect.LoggerAspect - Method arguments:[Ljava.lang.Object;@3da3d978
2022-10-13 21:03:33 [http-nio-8082-exec-10] INFO  com.capstone.aspect.LoggerAspect - *************************************
2022-10-13 21:03:33 [http-nio-8082-exec-10] INFO  com.capstone.aspect.LoggerAspect - During: class com.capstone.service.accountinfoServiceImpl.getAcountsByCustId() with arguments=[accountinfo [accno=202200051, custid=202200005, branch_name=Bengaluru, ifsc=NATW000123, savingsamount=3128.0], accountinfo [accno=202200053, custid=202200005, branch_name=Bengaluru, ifsc=NATW000123, savingsamount=150000.0]]
2022-10-13 21:03:33 [http-nio-8082-exec-10] INFO  com.capstone.aspect.LoggerAspect - *************************************
2022-10-13 21:03:33 [http-nio-8082-exec-10] INFO  com.capstone.aspect.LoggerAspect - During: class com.capstone.controller.accountinfoController.getsavingsAccount() with arguments=[accountinfo [accno=202200051, custid=202200005, branch_name=Bengaluru, ifsc=NATW000123, savingsamount=3128.0], accountinfo [accno=202200053, custid=202200005, branch_name=Bengaluru, ifsc=NATW000123, savingsamount=150000.0]]
2022-10-13 21:03:33 [http-nio-8082-exec-10] INFO  com.capstone.aspect.LoggerAspect - *************************************
2022-10-13 21:03:53 [http-nio-8082-exec-4] INFO  com.capstone.aspect.LoggerAspect - Method name: com.capstone.controller.accountinfoController
2022-10-13 21:03:53 [http-nio-8082-exec-4] INFO  com.capstone.aspect.LoggerAspect - Method arguments:[Ljava.lang.Object;@70ea8e93
2022-10-13 21:03:53 [http-nio-8082-exec-4] INFO  com.capstone.aspect.LoggerAspect - *************************************
2022-10-13 21:03:53 [http-nio-8082-exec-4] INFO  com.capstone.aspect.LoggerAspect - Method name: com.capstone.service.accountinfoServiceImpl
2022-10-13 21:03:53 [http-nio-8082-exec-4] INFO  com.capstone.aspect.LoggerAspect - Method arguments:[Ljava.lang.Object;@51a409c8
2022-10-13 21:03:53 [http-nio-8082-exec-4] INFO  com.capstone.aspect.LoggerAspect - *************************************
2022-10-13 21:03:53 [http-nio-8082-exec-4] INFO  com.capstone.aspect.LoggerAspect - During: class com.capstone.service.accountinfoServiceImpl.getAcountsByCustId() with arguments=[accountinfo [accno=202200051, custid=202200005, branch_name=Bengaluru, ifsc=NATW000123, savingsamount=3128.0], accountinfo [accno=202200053, custid=202200005, branch_name=Bengaluru, ifsc=NATW000123, savingsamount=150000.0]]
2022-10-13 21:03:53 [http-nio-8082-exec-4] INFO  com.capstone.aspect.LoggerAspect - *************************************
2022-10-13 21:03:53 [http-nio-8082-exec-4] INFO  com.capstone.aspect.LoggerAspect - During: class com.capstone.controller.accountinfoController.getsavingsAccount() with arguments=[accountinfo [accno=202200051, custid=202200005, branch_name=Bengaluru, ifsc=NATW000123, savingsamount=3128.0], accountinfo [accno=202200053, custid=202200005, branch_name=Bengaluru, ifsc=NATW000123, savingsamount=150000.0]]
2022-10-13 21:03:53 [http-nio-8082-exec-4] INFO  com.capstone.aspect.LoggerAspect - *************************************
2022-10-13 21:04:29 [http-nio-8082-exec-5] INFO  com.capstone.aspect.LoggerAspect - Method name: com.capstone.controller.accountinfoController
2022-10-13 21:04:29 [http-nio-8082-exec-5] INFO  com.capstone.aspect.LoggerAspect - Method arguments:[Ljava.lang.Object;@73be45bf
2022-10-13 21:04:29 [http-nio-8082-exec-5] INFO  com.capstone.aspect.LoggerAspect - *************************************
2022-10-13 21:04:29 [http-nio-8082-exec-5] INFO  com.capstone.aspect.LoggerAspect - Method name: com.capstone.service.accountinfoServiceImpl
2022-10-13 21:04:29 [http-nio-8082-exec-5] INFO  com.capstone.aspect.LoggerAspect - Method arguments:[Ljava.lang.Object;@4fba9f62
2022-10-13 21:04:29 [http-nio-8082-exec-5] INFO  com.capstone.aspect.LoggerAspect - *************************************
2022-10-13 21:04:30 [http-nio-8082-exec-5] INFO  com.capstone.aspect.LoggerAspect - During: class com.capstone.service.accountinfoServiceImpl.getAcountsByCustId() with arguments=[accountinfo [accno=202200051, custid=202200005, branch_name=Bengaluru, ifsc=NATW000123, savingsamount=3128.0], accountinfo [accno=202200053, custid=202200005, branch_name=Bengaluru, ifsc=NATW000123, savingsamount=150000.0]]
2022-10-13 21:04:30 [http-nio-8082-exec-5] INFO  com.capstone.aspect.LoggerAspect - *************************************
2022-10-13 21:04:30 [http-nio-8082-exec-5] INFO  com.capstone.aspect.LoggerAspect - During: class com.capstone.controller.accountinfoController.getsavingsAccount() with arguments=[accountinfo [accno=202200051, custid=202200005, branch_name=Bengaluru, ifsc=NATW000123, savingsamount=3128.0], accountinfo [accno=202200053, custid=202200005, branch_name=Bengaluru, ifsc=NATW000123, savingsamount=150000.0]]
2022-10-13 21:04:30 [http-nio-8082-exec-5] INFO  com.capstone.aspect.LoggerAspect - *************************************
2022-10-13 21:04:43 [http-nio-8082-exec-2] INFO  com.capstone.aspect.LoggerAspect - Method name: com.capstone.controller.accountinfoController
2022-10-13 21:04:43 [http-nio-8082-exec-2] INFO  com.capstone.aspect.LoggerAspect - Method arguments:[Ljava.lang.Object;@58393c93
2022-10-13 21:04:43 [http-nio-8082-exec-2] INFO  com.capstone.aspect.LoggerAspect - *************************************
2022-10-13 21:04:43 [http-nio-8082-exec-2] INFO  com.capstone.aspect.LoggerAspect - Method name: com.capstone.service.accountinfoServiceImpl
2022-10-13 21:04:43 [http-nio-8082-exec-2] INFO  com.capstone.aspect.LoggerAspect - Method arguments:[Ljava.lang.Object;@1f28583e
2022-10-13 21:04:43 [http-nio-8082-exec-2] INFO  com.capstone.aspect.LoggerAspect - *************************************
2022-10-13 21:04:43 [http-nio-8082-exec-2] INFO  com.capstone.aspect.LoggerAspect - During: class com.capstone.service.accountinfoServiceImpl.getAcountsByCustId() with arguments=[accountinfo [accno=202200051, custid=202200005, branch_name=Bengaluru, ifsc=NATW000123, savingsamount=3128.0], accountinfo [accno=202200053, custid=202200005, branch_name=Bengaluru, ifsc=NATW000123, savingsamount=150000.0]]
2022-10-13 21:04:43 [http-nio-8082-exec-2] INFO  com.capstone.aspect.LoggerAspect - *************************************
2022-10-13 21:04:43 [http-nio-8082-exec-2] INFO  com.capstone.aspect.LoggerAspect - During: class com.capstone.controller.accountinfoController.getsavingsAccount() with arguments=[accountinfo [accno=202200051, custid=202200005, branch_name=Bengaluru, ifsc=NATW000123, savingsamount=3128.0], accountinfo [accno=202200053, custid=202200005, branch_name=Bengaluru, ifsc=NATW000123, savingsamount=150000.0]]
2022-10-13 21:04:43 [http-nio-8082-exec-2] INFO  com.capstone.aspect.LoggerAspect - *************************************
2022-10-13 21:04:58 [http-nio-8082-exec-6] INFO  com.capstone.aspect.LoggerAspect - Method name: com.capstone.controller.accountinfoController
2022-10-13 21:04:58 [http-nio-8082-exec-6] INFO  com.capstone.aspect.LoggerAspect - Method arguments:[Ljava.lang.Object;@2e3f955b
2022-10-13 21:04:58 [http-nio-8082-exec-6] INFO  com.capstone.aspect.LoggerAspect - *************************************
2022-10-13 21:04:58 [http-nio-8082-exec-6] INFO  com.capstone.aspect.LoggerAspect - Method name: com.capstone.service.accountinfoServiceImpl
2022-10-13 21:04:58 [http-nio-8082-exec-6] INFO  com.capstone.aspect.LoggerAspect - Method arguments:[Ljava.lang.Object;@3806a449
2022-10-13 21:04:58 [http-nio-8082-exec-6] INFO  com.capstone.aspect.LoggerAspect - *************************************
2022-10-13 21:04:58 [http-nio-8082-exec-6] INFO  com.capstone.aspect.LoggerAspect - During: class com.capstone.service.accountinfoServiceImpl.getAcountsByCustId() with arguments=[accountinfo [accno=202200051, custid=202200005, branch_name=Bengaluru, ifsc=NATW000123, savingsamount=3128.0], accountinfo [accno=202200053, custid=202200005, branch_name=Bengaluru, ifsc=NATW000123, savingsamount=150000.0]]
2022-10-13 21:04:58 [http-nio-8082-exec-6] INFO  com.capstone.aspect.LoggerAspect - *************************************
2022-10-13 21:04:58 [http-nio-8082-exec-6] INFO  com.capstone.aspect.LoggerAspect - During: class com.capstone.controller.accountinfoController.getsavingsAccount() with arguments=[accountinfo [accno=202200051, custid=202200005, branch_name=Bengaluru, ifsc=NATW000123, savingsamount=3128.0], accountinfo [accno=202200053, custid=202200005, branch_name=Bengaluru, ifsc=NATW000123, savingsamount=150000.0]]
2022-10-13 21:04:58 [http-nio-8082-exec-6] INFO  com.capstone.aspect.LoggerAspect - *************************************
2022-10-13 21:06:00 [AsyncResolver-bootstrap-executor-0] INFO  c.n.d.s.r.aws.ConfigClusterResolver - Resolving eureka endpoints via configuration
2022-10-13 21:06:02 [http-nio-8082-exec-10] INFO  com.capstone.aspect.LoggerAspect - Method name: com.capstone.controller.accountinfoController
2022-10-13 21:06:02 [http-nio-8082-exec-10] INFO  com.capstone.aspect.LoggerAspect - Method arguments:[Ljava.lang.Object;@73204119
2022-10-13 21:06:02 [http-nio-8082-exec-10] INFO  com.capstone.aspect.LoggerAspect - *************************************
2022-10-13 21:06:02 [http-nio-8082-exec-10] INFO  com.capstone.aspect.LoggerAspect - Method name: com.capstone.service.accountinfoServiceImpl
2022-10-13 21:06:02 [http-nio-8082-exec-10] INFO  com.capstone.aspect.LoggerAspect - Method arguments:[Ljava.lang.Object;@7917e456
2022-10-13 21:06:02 [http-nio-8082-exec-10] INFO  com.capstone.aspect.LoggerAspect - *************************************
2022-10-13 21:06:02 [http-nio-8082-exec-10] INFO  com.capstone.aspect.LoggerAspect - During: class com.capstone.service.accountinfoServiceImpl.getAcountsByCustId() with arguments=[accountinfo [accno=202200051, custid=202200005, branch_name=Bengaluru, ifsc=NATW000123, savingsamount=3128.0], accountinfo [accno=202200053, custid=202200005, branch_name=Bengaluru, ifsc=NATW000123, savingsamount=150000.0]]
2022-10-13 21:06:02 [http-nio-8082-exec-10] INFO  com.capstone.aspect.LoggerAspect - *************************************
2022-10-13 21:06:02 [http-nio-8082-exec-10] INFO  com.capstone.aspect.LoggerAspect - During: class com.capstone.controller.accountinfoController.getsavingsAccount() with arguments=[accountinfo [accno=202200051, custid=202200005, branch_name=Bengaluru, ifsc=NATW000123, savingsamount=3128.0], accountinfo [accno=202200053, custid=202200005, branch_name=Bengaluru, ifsc=NATW000123, savingsamount=150000.0]]
2022-10-13 21:06:02 [http-nio-8082-exec-10] INFO  com.capstone.aspect.LoggerAspect - *************************************
2022-10-13 21:06:09 [http-nio-8082-exec-4] INFO  com.capstone.aspect.LoggerAspect - Method name: com.capstone.controller.accountinfoController
2022-10-13 21:06:09 [http-nio-8082-exec-4] INFO  com.capstone.aspect.LoggerAspect - Method arguments:[Ljava.lang.Object;@77b5c5e2
2022-10-13 21:06:09 [http-nio-8082-exec-4] INFO  com.capstone.aspect.LoggerAspect - *************************************
2022-10-13 21:06:09 [http-nio-8082-exec-4] INFO  com.capstone.aspect.LoggerAspect - Method name: com.capstone.service.accountinfoServiceImpl
2022-10-13 21:06:09 [http-nio-8082-exec-4] INFO  com.capstone.aspect.LoggerAspect - Method arguments:[Ljava.lang.Object;@1d62d641
2022-10-13 21:06:09 [http-nio-8082-exec-4] INFO  com.capstone.aspect.LoggerAspect - *************************************
2022-10-13 21:06:09 [http-nio-8082-exec-4] INFO  com.capstone.aspect.LoggerAspect - During: class com.capstone.service.accountinfoServiceImpl.getAcountsByCustId() with arguments=[accountinfo [accno=202200051, custid=202200005, branch_name=Bengaluru, ifsc=NATW000123, savingsamount=3128.0], accountinfo [accno=202200053, custid=202200005, branch_name=Bengaluru, ifsc=NATW000123, savingsamount=150000.0]]
2022-10-13 21:06:09 [http-nio-8082-exec-4] INFO  com.capstone.aspect.LoggerAspect - *************************************
2022-10-13 21:06:09 [http-nio-8082-exec-4] INFO  com.capstone.aspect.LoggerAspect - During: class com.capstone.controller.accountinfoController.getsavingsAccount() with arguments=[accountinfo [accno=202200051, custid=202200005, branch_name=Bengaluru, ifsc=NATW000123, savingsamount=3128.0], accountinfo [accno=202200053, custid=202200005, branch_name=Bengaluru, ifsc=NATW000123, savingsamount=150000.0]]
2022-10-13 21:06:09 [http-nio-8082-exec-4] INFO  com.capstone.aspect.LoggerAspect - *************************************
2022-10-13 21:06:12 [http-nio-8082-exec-8] INFO  com.capstone.aspect.LoggerAspect - Method name: com.capstone.controller.accountinfoController
2022-10-13 21:06:12 [http-nio-8082-exec-8] INFO  com.capstone.aspect.LoggerAspect - Method arguments:[Ljava.lang.Object;@72e9e723
2022-10-13 21:06:12 [http-nio-8082-exec-8] INFO  com.capstone.aspect.LoggerAspect - *************************************
2022-10-13 21:06:12 [http-nio-8082-exec-8] INFO  com.capstone.aspect.LoggerAspect - Method name: com.capstone.service.accountinfoServiceImpl
2022-10-13 21:06:12 [http-nio-8082-exec-8] INFO  com.capstone.aspect.LoggerAspect - Method arguments:[Ljava.lang.Object;@29060c57
2022-10-13 21:06:12 [http-nio-8082-exec-8] INFO  com.capstone.aspect.LoggerAspect - *************************************
2022-10-13 21:06:12 [http-nio-8082-exec-8] INFO  com.capstone.aspect.LoggerAspect - During: class com.capstone.service.accountinfoServiceImpl.getAcountsByCustId() with arguments=[accountinfo [accno=202200051, custid=202200005, branch_name=Bengaluru, ifsc=NATW000123, savingsamount=3128.0], accountinfo [accno=202200053, custid=202200005, branch_name=Bengaluru, ifsc=NATW000123, savingsamount=150000.0]]
2022-10-13 21:06:12 [http-nio-8082-exec-8] INFO  com.capstone.aspect.LoggerAspect - *************************************
2022-10-13 21:06:12 [http-nio-8082-exec-8] INFO  com.capstone.aspect.LoggerAspect - During: class com.capstone.controller.accountinfoController.getsavingsAccount() with arguments=[accountinfo [accno=202200051, custid=202200005, branch_name=Bengaluru, ifsc=NATW000123, savingsamount=3128.0], accountinfo [accno=202200053, custid=202200005, branch_name=Bengaluru, ifsc=NATW000123, savingsamount=150000.0]]
2022-10-13 21:06:12 [http-nio-8082-exec-8] INFO  com.capstone.aspect.LoggerAspect - *************************************
2022-10-13 21:06:16 [http-nio-8082-exec-5] INFO  com.capstone.aspect.LoggerAspect - Method name: com.capstone.controller.accountinfoController
2022-10-13 21:06:16 [http-nio-8082-exec-5] INFO  com.capstone.aspect.LoggerAspect - Method arguments:[Ljava.lang.Object;@75848dd3
2022-10-13 21:06:16 [http-nio-8082-exec-5] INFO  com.capstone.aspect.LoggerAspect - *************************************
2022-10-13 21:06:16 [http-nio-8082-exec-5] INFO  com.capstone.aspect.LoggerAspect - Method name: com.capstone.service.accountinfoServiceImpl
2022-10-13 21:06:16 [http-nio-8082-exec-5] INFO  com.capstone.aspect.LoggerAspect - Method arguments:[Ljava.lang.Object;@1d8c3186
2022-10-13 21:06:16 [http-nio-8082-exec-5] INFO  com.capstone.aspect.LoggerAspect - *************************************
2022-10-13 21:06:16 [http-nio-8082-exec-5] INFO  com.capstone.aspect.LoggerAspect - During: class com.capstone.service.accountinfoServiceImpl.getAcountsByCustId() with arguments=[accountinfo [accno=202200051, custid=202200005, branch_name=Bengaluru, ifsc=NATW000123, savingsamount=3128.0], accountinfo [accno=202200053, custid=202200005, branch_name=Bengaluru, ifsc=NATW000123, savingsamount=150000.0]]
2022-10-13 21:06:16 [http-nio-8082-exec-5] INFO  com.capstone.aspect.LoggerAspect - *************************************
2022-10-13 21:06:16 [http-nio-8082-exec-5] INFO  com.capstone.aspect.LoggerAspect - During: class com.capstone.controller.accountinfoController.getsavingsAccount() with arguments=[accountinfo [accno=202200051, custid=202200005, branch_name=Bengaluru, ifsc=NATW000123, savingsamount=3128.0], accountinfo [accno=202200053, custid=202200005, branch_name=Bengaluru, ifsc=NATW000123, savingsamount=150000.0]]
2022-10-13 21:06:16 [http-nio-8082-exec-5] INFO  com.capstone.aspect.LoggerAspect - *************************************
2022-10-13 21:06:48 [http-nio-8082-exec-9] INFO  com.capstone.aspect.LoggerAspect - Method name: com.capstone.controller.accountinfoController
2022-10-13 21:06:48 [http-nio-8082-exec-9] INFO  com.capstone.aspect.LoggerAspect - Method arguments:[Ljava.lang.Object;@70c77762
2022-10-13 21:06:48 [http-nio-8082-exec-9] INFO  com.capstone.aspect.LoggerAspect - *************************************
2022-10-13 21:06:48 [http-nio-8082-exec-9] INFO  com.capstone.aspect.LoggerAspect - Method name: com.capstone.service.accountinfoServiceImpl
2022-10-13 21:06:48 [http-nio-8082-exec-9] INFO  com.capstone.aspect.LoggerAspect - Method arguments:[Ljava.lang.Object;@b7cc340
2022-10-13 21:06:48 [http-nio-8082-exec-9] INFO  com.capstone.aspect.LoggerAspect - *************************************
2022-10-13 21:06:48 [http-nio-8082-exec-9] INFO  com.capstone.aspect.LoggerAspect - During: class com.capstone.service.accountinfoServiceImpl.getAcountsByCustId() with arguments=[accountinfo [accno=202200051, custid=202200005, branch_name=Bengaluru, ifsc=NATW000123, savingsamount=3128.0], accountinfo [accno=202200053, custid=202200005, branch_name=Bengaluru, ifsc=NATW000123, savingsamount=150000.0]]
2022-10-13 21:06:48 [http-nio-8082-exec-9] INFO  com.capstone.aspect.LoggerAspect - *************************************
2022-10-13 21:06:48 [http-nio-8082-exec-9] INFO  com.capstone.aspect.LoggerAspect - During: class com.capstone.controller.accountinfoController.getsavingsAccount() with arguments=[accountinfo [accno=202200051, custid=202200005, branch_name=Bengaluru, ifsc=NATW000123, savingsamount=3128.0], accountinfo [accno=202200053, custid=202200005, branch_name=Bengaluru, ifsc=NATW000123, savingsamount=150000.0]]
2022-10-13 21:06:48 [http-nio-8082-exec-9] INFO  com.capstone.aspect.LoggerAspect - *************************************
2022-10-13 21:07:09 [http-nio-8082-exec-2] INFO  com.capstone.aspect.LoggerAspect - Method name: com.capstone.controller.accountinfoController
2022-10-13 21:07:09 [http-nio-8082-exec-2] INFO  com.capstone.aspect.LoggerAspect - Method arguments:[Ljava.lang.Object;@15c29f04
2022-10-13 21:07:09 [http-nio-8082-exec-2] INFO  com.capstone.aspect.LoggerAspect - *************************************
2022-10-13 21:07:09 [http-nio-8082-exec-2] INFO  com.capstone.aspect.LoggerAspect - Method name: com.capstone.service.accountinfoServiceImpl
2022-10-13 21:07:09 [http-nio-8082-exec-2] INFO  com.capstone.aspect.LoggerAspect - Method arguments:[Ljava.lang.Object;@183f2fa0
2022-10-13 21:07:09 [http-nio-8082-exec-2] INFO  com.capstone.aspect.LoggerAspect - *************************************
2022-10-13 21:07:09 [http-nio-8082-exec-2] INFO  com.capstone.aspect.LoggerAspect - During: class com.capstone.service.accountinfoServiceImpl.getAcountsByCustId() with arguments=[accountinfo [accno=202200051, custid=202200005, branch_name=Bengaluru, ifsc=NATW000123, savingsamount=3128.0], accountinfo [accno=202200053, custid=202200005, branch_name=Bengaluru, ifsc=NATW000123, savingsamount=150000.0]]
2022-10-13 21:07:09 [http-nio-8082-exec-2] INFO  com.capstone.aspect.LoggerAspect - *************************************
2022-10-13 21:07:09 [http-nio-8082-exec-2] INFO  com.capstone.aspect.LoggerAspect - During: class com.capstone.controller.accountinfoController.getsavingsAccount() with arguments=[accountinfo [accno=202200051, custid=202200005, branch_name=Bengaluru, ifsc=NATW000123, savingsamount=3128.0], accountinfo [accno=202200053, custid=202200005, branch_name=Bengaluru, ifsc=NATW000123, savingsamount=150000.0]]
2022-10-13 21:07:09 [http-nio-8082-exec-2] INFO  com.capstone.aspect.LoggerAspect - *************************************
2022-10-13 21:07:11 [http-nio-8082-exec-3] INFO  com.capstone.aspect.LoggerAspect - Method name: com.capstone.controller.accountinfoController
2022-10-13 21:07:11 [http-nio-8082-exec-3] INFO  com.capstone.aspect.LoggerAspect - Method arguments:[Ljava.lang.Object;@29e235e1
2022-10-13 21:07:11 [http-nio-8082-exec-3] INFO  com.capstone.aspect.LoggerAspect - *************************************
2022-10-13 21:07:11 [http-nio-8082-exec-3] INFO  com.capstone.aspect.LoggerAspect - Method name: com.capstone.service.accountinfoServiceImpl
2022-10-13 21:07:11 [http-nio-8082-exec-3] INFO  com.capstone.aspect.LoggerAspect - Method arguments:[Ljava.lang.Object;@66318f1a
2022-10-13 21:07:11 [http-nio-8082-exec-3] INFO  com.capstone.aspect.LoggerAspect - *************************************
2022-10-13 21:07:11 [http-nio-8082-exec-3] INFO  com.capstone.aspect.LoggerAspect - During: class com.capstone.service.accountinfoServiceImpl.getAcountsByCustId() with arguments=[accountinfo [accno=202200051, custid=202200005, branch_name=Bengaluru, ifsc=NATW000123, savingsamount=3128.0], accountinfo [accno=202200053, custid=202200005, branch_name=Bengaluru, ifsc=NATW000123, savingsamount=150000.0]]
2022-10-13 21:07:11 [http-nio-8082-exec-3] INFO  com.capstone.aspect.LoggerAspect - *************************************
2022-10-13 21:07:11 [http-nio-8082-exec-3] INFO  com.capstone.aspect.LoggerAspect - During: class com.capstone.controller.accountinfoController.getsavingsAccount() with arguments=[accountinfo [accno=202200051, custid=202200005, branch_name=Bengaluru, ifsc=NATW000123, savingsamount=3128.0], accountinfo [accno=202200053, custid=202200005, branch_name=Bengaluru, ifsc=NATW000123, savingsamount=150000.0]]
2022-10-13 21:07:11 [http-nio-8082-exec-3] INFO  com.capstone.aspect.LoggerAspect - *************************************
2022-10-13 21:07:31 [http-nio-8082-exec-6] INFO  com.capstone.aspect.LoggerAspect - Method name: com.capstone.controller.accountinfoController
2022-10-13 21:07:31 [http-nio-8082-exec-6] INFO  com.capstone.aspect.LoggerAspect - Method arguments:[Ljava.lang.Object;@26e946e2
2022-10-13 21:07:31 [http-nio-8082-exec-6] INFO  com.capstone.aspect.LoggerAspect - *************************************
2022-10-13 21:07:31 [http-nio-8082-exec-6] INFO  com.capstone.aspect.LoggerAspect - Method name: com.capstone.service.accountinfoServiceImpl
2022-10-13 21:07:31 [http-nio-8082-exec-6] INFO  com.capstone.aspect.LoggerAspect - Method arguments:[Ljava.lang.Object;@55af3457
2022-10-13 21:07:31 [http-nio-8082-exec-6] INFO  com.capstone.aspect.LoggerAspect - *************************************
2022-10-13 21:07:31 [http-nio-8082-exec-6] INFO  com.capstone.aspect.LoggerAspect - During: class com.capstone.service.accountinfoServiceImpl.getAcountsByCustId() with arguments=[accountinfo [accno=202200051, custid=202200005, branch_name=Bengaluru, ifsc=NATW000123, savingsamount=3128.0], accountinfo [accno=202200053, custid=202200005, branch_name=Bengaluru, ifsc=NATW000123, savingsamount=150000.0]]
2022-10-13 21:07:31 [http-nio-8082-exec-6] INFO  com.capstone.aspect.LoggerAspect - *************************************
2022-10-13 21:07:31 [http-nio-8082-exec-6] INFO  com.capstone.aspect.LoggerAspect - During: class com.capstone.controller.accountinfoController.getsavingsAccount() with arguments=[accountinfo [accno=202200051, custid=202200005, branch_name=Bengaluru, ifsc=NATW000123, savingsamount=3128.0], accountinfo [accno=202200053, custid=202200005, branch_name=Bengaluru, ifsc=NATW000123, savingsamount=150000.0]]
2022-10-13 21:07:31 [http-nio-8082-exec-6] INFO  com.capstone.aspect.LoggerAspect - *************************************
2022-10-13 21:07:34 [http-nio-8082-exec-7] INFO  com.capstone.aspect.LoggerAspect - Method name: com.capstone.controller.accountinfoController
2022-10-13 21:07:34 [http-nio-8082-exec-7] INFO  com.capstone.aspect.LoggerAspect - Method arguments:[Ljava.lang.Object;@68d34162
2022-10-13 21:07:34 [http-nio-8082-exec-7] INFO  com.capstone.aspect.LoggerAspect - *************************************
2022-10-13 21:07:34 [http-nio-8082-exec-7] INFO  com.capstone.aspect.LoggerAspect - Method name: com.capstone.service.accountinfoServiceImpl
2022-10-13 21:07:34 [http-nio-8082-exec-7] INFO  com.capstone.aspect.LoggerAspect - Method arguments:[Ljava.lang.Object;@675c37c0
2022-10-13 21:07:34 [http-nio-8082-exec-7] INFO  com.capstone.aspect.LoggerAspect - *************************************
2022-10-13 21:07:34 [http-nio-8082-exec-7] INFO  com.capstone.aspect.LoggerAspect - During: class com.capstone.service.accountinfoServiceImpl.getAcountsByCustId() with arguments=[accountinfo [accno=202200051, custid=202200005, branch_name=Bengaluru, ifsc=NATW000123, savingsamount=3128.0], accountinfo [accno=202200053, custid=202200005, branch_name=Bengaluru, ifsc=NATW000123, savingsamount=150000.0]]
2022-10-13 21:07:34 [http-nio-8082-exec-7] INFO  com.capstone.aspect.LoggerAspect - *************************************
2022-10-13 21:07:34 [http-nio-8082-exec-7] INFO  com.capstone.aspect.LoggerAspect - During: class com.capstone.controller.accountinfoController.getsavingsAccount() with arguments=[accountinfo [accno=202200051, custid=202200005, branch_name=Bengaluru, ifsc=NATW000123, savingsamount=3128.0], accountinfo [accno=202200053, custid=202200005, branch_name=Bengaluru, ifsc=NATW000123, savingsamount=150000.0]]
2022-10-13 21:07:34 [http-nio-8082-exec-7] INFO  com.capstone.aspect.LoggerAspect - *************************************
2022-10-13 21:07:38 [http-nio-8082-exec-1] INFO  com.capstone.aspect.LoggerAspect - Method name: com.capstone.controller.accountinfoController
2022-10-13 21:07:38 [http-nio-8082-exec-1] INFO  com.capstone.aspect.LoggerAspect - Method arguments:[Ljava.lang.Object;@33eed1ca
2022-10-13 21:07:38 [http-nio-8082-exec-1] INFO  com.capstone.aspect.LoggerAspect - *************************************
2022-10-13 21:07:38 [http-nio-8082-exec-1] INFO  com.capstone.aspect.LoggerAspect - Method name: com.capstone.service.accountinfoServiceImpl
2022-10-13 21:07:38 [http-nio-8082-exec-1] INFO  com.capstone.aspect.LoggerAspect - Method arguments:[Ljava.lang.Object;@428b517b
2022-10-13 21:07:38 [http-nio-8082-exec-1] INFO  com.capstone.aspect.LoggerAspect - *************************************
2022-10-13 21:07:38 [http-nio-8082-exec-1] INFO  com.capstone.aspect.LoggerAspect - During: class com.capstone.service.accountinfoServiceImpl.getAcountsByCustId() with arguments=[accountinfo [accno=202200051, custid=202200005, branch_name=Bengaluru, ifsc=NATW000123, savingsamount=3128.0], accountinfo [accno=202200053, custid=202200005, branch_name=Bengaluru, ifsc=NATW000123, savingsamount=150000.0]]
2022-10-13 21:07:38 [http-nio-8082-exec-1] INFO  com.capstone.aspect.LoggerAspect - *************************************
2022-10-13 21:07:38 [http-nio-8082-exec-1] INFO  com.capstone.aspect.LoggerAspect - During: class com.capstone.controller.accountinfoController.getsavingsAccount() with arguments=[accountinfo [accno=202200051, custid=202200005, branch_name=Bengaluru, ifsc=NATW000123, savingsamount=3128.0], accountinfo [accno=202200053, custid=202200005, branch_name=Bengaluru, ifsc=NATW000123, savingsamount=150000.0]]
2022-10-13 21:07:38 [http-nio-8082-exec-1] INFO  com.capstone.aspect.LoggerAspect - *************************************
2022-10-13 21:07:51 [http-nio-8082-exec-8] INFO  com.capstone.aspect.LoggerAspect - Method name: com.capstone.controller.accountinfoController
2022-10-13 21:07:51 [http-nio-8082-exec-8] INFO  com.capstone.aspect.LoggerAspect - Method arguments:[Ljava.lang.Object;@555e0dfd
2022-10-13 21:07:51 [http-nio-8082-exec-8] INFO  com.capstone.aspect.LoggerAspect - *************************************
2022-10-13 21:07:51 [http-nio-8082-exec-8] INFO  com.capstone.aspect.LoggerAspect - Method name: com.capstone.service.accountinfoServiceImpl
2022-10-13 21:07:51 [http-nio-8082-exec-8] INFO  com.capstone.aspect.LoggerAspect - Method arguments:[Ljava.lang.Object;@7f1c8f99
2022-10-13 21:07:51 [http-nio-8082-exec-8] INFO  com.capstone.aspect.LoggerAspect - *************************************
2022-10-13 21:07:51 [http-nio-8082-exec-8] INFO  com.capstone.aspect.LoggerAspect - During: class com.capstone.service.accountinfoServiceImpl.getAcountsByCustId() with arguments=[accountinfo [accno=202200051, custid=202200005, branch_name=Bengaluru, ifsc=NATW000123, savingsamount=3128.0], accountinfo [accno=202200053, custid=202200005, branch_name=Bengaluru, ifsc=NATW000123, savingsamount=150000.0]]
2022-10-13 21:07:51 [http-nio-8082-exec-8] INFO  com.capstone.aspect.LoggerAspect - *************************************
2022-10-13 21:07:51 [http-nio-8082-exec-8] INFO  com.capstone.aspect.LoggerAspect - During: class com.capstone.controller.accountinfoController.getsavingsAccount() with arguments=[accountinfo [accno=202200051, custid=202200005, branch_name=Bengaluru, ifsc=NATW000123, savingsamount=3128.0], accountinfo [accno=202200053, custid=202200005, branch_name=Bengaluru, ifsc=NATW000123, savingsamount=150000.0]]
2022-10-13 21:07:51 [http-nio-8082-exec-8] INFO  com.capstone.aspect.LoggerAspect - *************************************
2022-10-13 21:08:00 [http-nio-8082-exec-5] INFO  com.capstone.aspect.LoggerAspect - Method name: com.capstone.controller.accountinfoController
2022-10-13 21:08:00 [http-nio-8082-exec-5] INFO  com.capstone.aspect.LoggerAspect - Method arguments:[Ljava.lang.Object;@23f1f104
2022-10-13 21:08:00 [http-nio-8082-exec-5] INFO  com.capstone.aspect.LoggerAspect - *************************************
2022-10-13 21:08:00 [http-nio-8082-exec-5] INFO  com.capstone.aspect.LoggerAspect - Method name: com.capstone.service.accountinfoServiceImpl
2022-10-13 21:08:00 [http-nio-8082-exec-5] INFO  com.capstone.aspect.LoggerAspect - Method arguments:[Ljava.lang.Object;@756ac4f4
2022-10-13 21:08:00 [http-nio-8082-exec-5] INFO  com.capstone.aspect.LoggerAspect - *************************************
2022-10-13 21:08:00 [http-nio-8082-exec-5] INFO  com.capstone.aspect.LoggerAspect - During: class com.capstone.service.accountinfoServiceImpl.getAcountsByCustId() with arguments=[accountinfo [accno=202200051, custid=202200005, branch_name=Bengaluru, ifsc=NATW000123, savingsamount=3128.0], accountinfo [accno=202200053, custid=202200005, branch_name=Bengaluru, ifsc=NATW000123, savingsamount=150000.0]]
2022-10-13 21:08:00 [http-nio-8082-exec-5] INFO  com.capstone.aspect.LoggerAspect - *************************************
2022-10-13 21:08:00 [http-nio-8082-exec-5] INFO  com.capstone.aspect.LoggerAspect - During: class com.capstone.controller.accountinfoController.getsavingsAccount() with arguments=[accountinfo [accno=202200051, custid=202200005, branch_name=Bengaluru, ifsc=NATW000123, savingsamount=3128.0], accountinfo [accno=202200053, custid=202200005, branch_name=Bengaluru, ifsc=NATW000123, savingsamount=150000.0]]
2022-10-13 21:08:00 [http-nio-8082-exec-5] INFO  com.capstone.aspect.LoggerAspect - *************************************
2022-10-13 21:08:16 [http-nio-8082-exec-9] INFO  com.capstone.aspect.LoggerAspect - Method name: com.capstone.controller.accountinfoController
2022-10-13 21:08:16 [http-nio-8082-exec-9] INFO  com.capstone.aspect.LoggerAspect - Method arguments:[Ljava.lang.Object;@285ab594
2022-10-13 21:08:16 [http-nio-8082-exec-9] INFO  com.capstone.aspect.LoggerAspect - *************************************
2022-10-13 21:08:16 [http-nio-8082-exec-9] INFO  com.capstone.aspect.LoggerAspect - Method name: com.capstone.service.accountinfoServiceImpl
2022-10-13 21:08:16 [http-nio-8082-exec-9] INFO  com.capstone.aspect.LoggerAspect - Method arguments:[Ljava.lang.Object;@fe00f8f
2022-10-13 21:08:16 [http-nio-8082-exec-9] INFO  com.capstone.aspect.LoggerAspect - *************************************
2022-10-13 21:08:16 [http-nio-8082-exec-9] INFO  com.capstone.aspect.LoggerAspect - During: class com.capstone.service.accountinfoServiceImpl.getAcountsByCustId() with arguments=[accountinfo [accno=202200051, custid=202200005, branch_name=Bengaluru, ifsc=NATW000123, savingsamount=3128.0], accountinfo [accno=202200053, custid=202200005, branch_name=Bengaluru, ifsc=NATW000123, savingsamount=150000.0]]
2022-10-13 21:08:16 [http-nio-8082-exec-9] INFO  com.capstone.aspect.LoggerAspect - *************************************
2022-10-13 21:08:16 [http-nio-8082-exec-9] INFO  com.capstone.aspect.LoggerAspect - During: class com.capstone.controller.accountinfoController.getsavingsAccount() with arguments=[accountinfo [accno=202200051, custid=202200005, branch_name=Bengaluru, ifsc=NATW000123, savingsamount=3128.0], accountinfo [accno=202200053, custid=202200005, branch_name=Bengaluru, ifsc=NATW000123, savingsamount=150000.0]]
2022-10-13 21:08:16 [http-nio-8082-exec-9] INFO  com.capstone.aspect.LoggerAspect - *************************************
2022-10-13 21:08:29 [http-nio-8082-exec-3] INFO  com.capstone.aspect.LoggerAspect - Method name: com.capstone.controller.accountinfoController
2022-10-13 21:08:29 [http-nio-8082-exec-3] INFO  com.capstone.aspect.LoggerAspect - Method arguments:[Ljava.lang.Object;@47ebd92e
2022-10-13 21:08:29 [http-nio-8082-exec-3] INFO  com.capstone.aspect.LoggerAspect - *************************************
2022-10-13 21:08:29 [http-nio-8082-exec-3] INFO  com.capstone.aspect.LoggerAspect - Method name: com.capstone.service.accountinfoServiceImpl
2022-10-13 21:08:29 [http-nio-8082-exec-3] INFO  com.capstone.aspect.LoggerAspect - Method arguments:[Ljava.lang.Object;@785653e4
2022-10-13 21:08:29 [http-nio-8082-exec-3] INFO  com.capstone.aspect.LoggerAspect - *************************************
2022-10-13 21:08:29 [http-nio-8082-exec-3] INFO  com.capstone.aspect.LoggerAspect - During: class com.capstone.service.accountinfoServiceImpl.getAcountsByCustId() with arguments=[accountinfo [accno=202200051, custid=202200005, branch_name=Bengaluru, ifsc=NATW000123, savingsamount=3128.0], accountinfo [accno=202200053, custid=202200005, branch_name=Bengaluru, ifsc=NATW000123, savingsamount=150000.0]]
2022-10-13 21:08:29 [http-nio-8082-exec-3] INFO  com.capstone.aspect.LoggerAspect - *************************************
2022-10-13 21:08:29 [http-nio-8082-exec-3] INFO  com.capstone.aspect.LoggerAspect - During: class com.capstone.controller.accountinfoController.getsavingsAccount() with arguments=[accountinfo [accno=202200051, custid=202200005, branch_name=Bengaluru, ifsc=NATW000123, savingsamount=3128.0], accountinfo [accno=202200053, custid=202200005, branch_name=Bengaluru, ifsc=NATW000123, savingsamount=150000.0]]
2022-10-13 21:08:29 [http-nio-8082-exec-3] INFO  com.capstone.aspect.LoggerAspect - *************************************
2022-10-13 21:08:51 [http-nio-8082-exec-7] INFO  com.capstone.aspect.LoggerAspect - Method name: com.capstone.controller.accountinfoController
2022-10-13 21:08:51 [http-nio-8082-exec-7] INFO  com.capstone.aspect.LoggerAspect - Method arguments:[Ljava.lang.Object;@86c23f2
2022-10-13 21:08:51 [http-nio-8082-exec-7] INFO  com.capstone.aspect.LoggerAspect - *************************************
2022-10-13 21:08:51 [http-nio-8082-exec-7] INFO  com.capstone.aspect.LoggerAspect - Method name: com.capstone.service.accountinfoServiceImpl
2022-10-13 21:08:51 [http-nio-8082-exec-7] INFO  com.capstone.aspect.LoggerAspect - Method arguments:[Ljava.lang.Object;@13b43bd1
2022-10-13 21:08:51 [http-nio-8082-exec-7] INFO  com.capstone.aspect.LoggerAspect - *************************************
2022-10-13 21:08:51 [http-nio-8082-exec-7] INFO  com.capstone.aspect.LoggerAspect - During: class com.capstone.service.accountinfoServiceImpl.getAcountsByCustId() with arguments=[accountinfo [accno=202200051, custid=202200005, branch_name=Bengaluru, ifsc=NATW000123, savingsamount=3128.0], accountinfo [accno=202200053, custid=202200005, branch_name=Bengaluru, ifsc=NATW000123, savingsamount=150000.0]]
2022-10-13 21:08:51 [http-nio-8082-exec-7] INFO  com.capstone.aspect.LoggerAspect - *************************************
2022-10-13 21:08:51 [http-nio-8082-exec-7] INFO  com.capstone.aspect.LoggerAspect - During: class com.capstone.controller.accountinfoController.getsavingsAccount() with arguments=[accountinfo [accno=202200051, custid=202200005, branch_name=Bengaluru, ifsc=NATW000123, savingsamount=3128.0], accountinfo [accno=202200053, custid=202200005, branch_name=Bengaluru, ifsc=NATW000123, savingsamount=150000.0]]
2022-10-13 21:08:51 [http-nio-8082-exec-7] INFO  com.capstone.aspect.LoggerAspect - *************************************
2022-10-13 21:08:55 [http-nio-8082-exec-10] INFO  com.capstone.aspect.LoggerAspect - Method name: com.capstone.controller.accountinfoController
2022-10-13 21:08:55 [http-nio-8082-exec-10] INFO  com.capstone.aspect.LoggerAspect - Method arguments:[Ljava.lang.Object;@705fbb46
2022-10-13 21:08:55 [http-nio-8082-exec-10] INFO  com.capstone.aspect.LoggerAspect - *************************************
2022-10-13 21:08:55 [http-nio-8082-exec-10] INFO  com.capstone.aspect.LoggerAspect - Method name: com.capstone.service.accountinfoServiceImpl
2022-10-13 21:08:55 [http-nio-8082-exec-10] INFO  com.capstone.aspect.LoggerAspect - Method arguments:[Ljava.lang.Object;@1478ee99
2022-10-13 21:08:55 [http-nio-8082-exec-10] INFO  com.capstone.aspect.LoggerAspect - *************************************
2022-10-13 21:08:56 [http-nio-8082-exec-10] INFO  com.capstone.aspect.LoggerAspect - During: class com.capstone.service.accountinfoServiceImpl.getAcountsByCustId() with arguments=[accountinfo [accno=202200051, custid=202200005, branch_name=Bengaluru, ifsc=NATW000123, savingsamount=3128.0], accountinfo [accno=202200053, custid=202200005, branch_name=Bengaluru, ifsc=NATW000123, savingsamount=150000.0]]
2022-10-13 21:08:56 [http-nio-8082-exec-10] INFO  com.capstone.aspect.LoggerAspect - *************************************
2022-10-13 21:08:56 [http-nio-8082-exec-10] INFO  com.capstone.aspect.LoggerAspect - During: class com.capstone.controller.accountinfoController.getsavingsAccount() with arguments=[accountinfo [accno=202200051, custid=202200005, branch_name=Bengaluru, ifsc=NATW000123, savingsamount=3128.0], accountinfo [accno=202200053, custid=202200005, branch_name=Bengaluru, ifsc=NATW000123, savingsamount=150000.0]]
2022-10-13 21:08:56 [http-nio-8082-exec-10] INFO  com.capstone.aspect.LoggerAspect - *************************************
2022-10-13 21:09:03 [http-nio-8082-exec-4] INFO  com.capstone.aspect.LoggerAspect - Method name: com.capstone.controller.accountinfoController
2022-10-13 21:09:03 [http-nio-8082-exec-4] INFO  com.capstone.aspect.LoggerAspect - Method arguments:[Ljava.lang.Object;@619a1526
2022-10-13 21:09:03 [http-nio-8082-exec-4] INFO  com.capstone.aspect.LoggerAspect - *************************************
2022-10-13 21:09:03 [http-nio-8082-exec-4] INFO  com.capstone.aspect.LoggerAspect - Method name: com.capstone.service.accountinfoServiceImpl
2022-10-13 21:09:03 [http-nio-8082-exec-4] INFO  com.capstone.aspect.LoggerAspect - Method arguments:[Ljava.lang.Object;@4f2b023a
2022-10-13 21:09:03 [http-nio-8082-exec-4] INFO  com.capstone.aspect.LoggerAspect - *************************************
2022-10-13 21:09:03 [http-nio-8082-exec-4] INFO  com.capstone.aspect.LoggerAspect - During: class com.capstone.service.accountinfoServiceImpl.getAcountsByCustId() with arguments=[accountinfo [accno=202200051, custid=202200005, branch_name=Bengaluru, ifsc=NATW000123, savingsamount=3128.0], accountinfo [accno=202200053, custid=202200005, branch_name=Bengaluru, ifsc=NATW000123, savingsamount=150000.0]]
2022-10-13 21:09:03 [http-nio-8082-exec-4] INFO  com.capstone.aspect.LoggerAspect - *************************************
2022-10-13 21:09:03 [http-nio-8082-exec-4] INFO  com.capstone.aspect.LoggerAspect - During: class com.capstone.controller.accountinfoController.getsavingsAccount() with arguments=[accountinfo [accno=202200051, custid=202200005, branch_name=Bengaluru, ifsc=NATW000123, savingsamount=3128.0], accountinfo [accno=202200053, custid=202200005, branch_name=Bengaluru, ifsc=NATW000123, savingsamount=150000.0]]
2022-10-13 21:09:03 [http-nio-8082-exec-4] INFO  com.capstone.aspect.LoggerAspect - *************************************
2022-10-13 21:09:06 [http-nio-8082-exec-8] INFO  com.capstone.aspect.LoggerAspect - Method name: com.capstone.controller.accountinfoController
2022-10-13 21:09:06 [http-nio-8082-exec-8] INFO  com.capstone.aspect.LoggerAspect - Method arguments:[Ljava.lang.Object;@44546bdb
2022-10-13 21:09:06 [http-nio-8082-exec-8] INFO  com.capstone.aspect.LoggerAspect - *************************************
2022-10-13 21:09:06 [http-nio-8082-exec-8] INFO  com.capstone.aspect.LoggerAspect - Method name: com.capstone.service.accountinfoServiceImpl
2022-10-13 21:09:06 [http-nio-8082-exec-8] INFO  com.capstone.aspect.LoggerAspect - Method arguments:[Ljava.lang.Object;@3b72a823
2022-10-13 21:09:06 [http-nio-8082-exec-8] INFO  com.capstone.aspect.LoggerAspect - *************************************
2022-10-13 21:09:06 [http-nio-8082-exec-8] INFO  com.capstone.aspect.LoggerAspect - During: class com.capstone.service.accountinfoServiceImpl.getAcountsByCustId() with arguments=[accountinfo [accno=202200051, custid=202200005, branch_name=Bengaluru, ifsc=NATW000123, savingsamount=3128.0], accountinfo [accno=202200053, custid=202200005, branch_name=Bengaluru, ifsc=NATW000123, savingsamount=150000.0]]
2022-10-13 21:09:06 [http-nio-8082-exec-8] INFO  com.capstone.aspect.LoggerAspect - *************************************
2022-10-13 21:09:06 [http-nio-8082-exec-8] INFO  com.capstone.aspect.LoggerAspect - During: class com.capstone.controller.accountinfoController.getsavingsAccount() with arguments=[accountinfo [accno=202200051, custid=202200005, branch_name=Bengaluru, ifsc=NATW000123, savingsamount=3128.0], accountinfo [accno=202200053, custid=202200005, branch_name=Bengaluru, ifsc=NATW000123, savingsamount=150000.0]]
2022-10-13 21:09:06 [http-nio-8082-exec-8] INFO  com.capstone.aspect.LoggerAspect - *************************************
2022-10-13 21:10:05 [http-nio-8082-exec-9] INFO  com.capstone.aspect.LoggerAspect - Method name: com.capstone.controller.accountinfoController
2022-10-13 21:10:05 [http-nio-8082-exec-9] INFO  com.capstone.aspect.LoggerAspect - Method arguments:[Ljava.lang.Object;@11ad4fa6
2022-10-13 21:10:05 [http-nio-8082-exec-9] INFO  com.capstone.aspect.LoggerAspect - *************************************
2022-10-13 21:10:05 [http-nio-8082-exec-9] INFO  com.capstone.aspect.LoggerAspect - Method name: com.capstone.service.accountinfoServiceImpl
2022-10-13 21:10:05 [http-nio-8082-exec-9] INFO  com.capstone.aspect.LoggerAspect - Method arguments:[Ljava.lang.Object;@7c0606b1
2022-10-13 21:10:05 [http-nio-8082-exec-9] INFO  com.capstone.aspect.LoggerAspect - *************************************
2022-10-13 21:10:05 [http-nio-8082-exec-9] INFO  com.capstone.aspect.LoggerAspect - During: class com.capstone.service.accountinfoServiceImpl.getAcountsByCustId() with arguments=[accountinfo [accno=202200051, custid=202200005, branch_name=Bengaluru, ifsc=NATW000123, savingsamount=3128.0], accountinfo [accno=202200053, custid=202200005, branch_name=Bengaluru, ifsc=NATW000123, savingsamount=150000.0]]
2022-10-13 21:10:05 [http-nio-8082-exec-9] INFO  com.capstone.aspect.LoggerAspect - *************************************
2022-10-13 21:10:05 [http-nio-8082-exec-9] INFO  com.capstone.aspect.LoggerAspect - During: class com.capstone.controller.accountinfoController.getsavingsAccount() with arguments=[accountinfo [accno=202200051, custid=202200005, branch_name=Bengaluru, ifsc=NATW000123, savingsamount=3128.0], accountinfo [accno=202200053, custid=202200005, branch_name=Bengaluru, ifsc=NATW000123, savingsamount=150000.0]]
2022-10-13 21:10:05 [http-nio-8082-exec-9] INFO  com.capstone.aspect.LoggerAspect - *************************************
2022-10-13 21:10:06 [http-nio-8082-exec-2] INFO  com.capstone.aspect.LoggerAspect - Method name: com.capstone.controller.accountinfoController
2022-10-13 21:10:06 [http-nio-8082-exec-2] INFO  com.capstone.aspect.LoggerAspect - Method arguments:[Ljava.lang.Object;@20a053ca
2022-10-13 21:10:06 [http-nio-8082-exec-2] INFO  com.capstone.aspect.LoggerAspect - *************************************
2022-10-13 21:10:06 [http-nio-8082-exec-2] INFO  com.capstone.aspect.LoggerAspect - Method name: com.capstone.service.accountinfoServiceImpl
2022-10-13 21:10:06 [http-nio-8082-exec-2] INFO  com.capstone.aspect.LoggerAspect - Method arguments:[Ljava.lang.Object;@301e9c9d
2022-10-13 21:10:06 [http-nio-8082-exec-2] INFO  com.capstone.aspect.LoggerAspect - *************************************
2022-10-13 21:10:06 [http-nio-8082-exec-2] INFO  com.capstone.aspect.LoggerAspect - During: class com.capstone.service.accountinfoServiceImpl.getAcountsByCustId() with arguments=[accountinfo [accno=202200051, custid=202200005, branch_name=Bengaluru, ifsc=NATW000123, savingsamount=3128.0], accountinfo [accno=202200053, custid=202200005, branch_name=Bengaluru, ifsc=NATW000123, savingsamount=150000.0]]
2022-10-13 21:10:06 [http-nio-8082-exec-2] INFO  com.capstone.aspect.LoggerAspect - *************************************
2022-10-13 21:10:06 [http-nio-8082-exec-2] INFO  com.capstone.aspect.LoggerAspect - During: class com.capstone.controller.accountinfoController.getsavingsAccount() with arguments=[accountinfo [accno=202200051, custid=202200005, branch_name=Bengaluru, ifsc=NATW000123, savingsamount=3128.0], accountinfo [accno=202200053, custid=202200005, branch_name=Bengaluru, ifsc=NATW000123, savingsamount=150000.0]]
2022-10-13 21:10:06 [http-nio-8082-exec-2] INFO  com.capstone.aspect.LoggerAspect - *************************************
2022-10-13 21:11:00 [AsyncResolver-bootstrap-executor-0] INFO  c.n.d.s.r.aws.ConfigClusterResolver - Resolving eureka endpoints via configuration
2022-10-13 21:16:00 [AsyncResolver-bootstrap-executor-0] INFO  c.n.d.s.r.aws.ConfigClusterResolver - Resolving eureka endpoints via configuration
2022-10-13 21:21:00 [AsyncResolver-bootstrap-executor-0] INFO  c.n.d.s.r.aws.ConfigClusterResolver - Resolving eureka endpoints via configuration
2022-10-13 21:26:00 [AsyncResolver-bootstrap-executor-0] INFO  c.n.d.s.r.aws.ConfigClusterResolver - Resolving eureka endpoints via configuration
2022-10-13 21:31:00 [AsyncResolver-bootstrap-executor-0] INFO  c.n.d.s.r.aws.ConfigClusterResolver - Resolving eureka endpoints via configuration
2022-10-13 21:36:00 [AsyncResolver-bootstrap-executor-0] INFO  c.n.d.s.r.aws.ConfigClusterResolver - Resolving eureka endpoints via configuration
2022-10-13 21:41:00 [AsyncResolver-bootstrap-executor-0] INFO  c.n.d.s.r.aws.ConfigClusterResolver - Resolving eureka endpoints via configuration
2022-10-13 21:46:00 [AsyncResolver-bootstrap-executor-0] INFO  c.n.d.s.r.aws.ConfigClusterResolver - Resolving eureka endpoints via configuration
2022-10-13 21:46:41 [File Watcher] INFO  o.s.b.d.a.LocalDevToolsAutoConfiguration$RestartingClassPathChangeChangedEventListener - Restarting due to 2 class path changes (0 additions, 0 deletions, 2 modifications)
2022-10-13 21:46:41 [Thread-7] INFO  o.s.c.n.e.s.EurekaServiceRegistry - Unregistering application ACCOUNTINFO-API with eureka with status DOWN
2022-10-13 21:46:41 [Thread-7] INFO  c.netflix.discovery.DiscoveryClient - Saw local status change event StatusChangeEvent [timestamp=1665677801100, current=DOWN, previous=UP]
2022-10-13 21:46:41 [DiscoveryClient-InstanceInfoReplicator-0] INFO  c.netflix.discovery.DiscoveryClient - DiscoveryClient_ACCOUNTINFO-API/192.168.0.7:accountinfo-api:8082: registering service...
2022-10-13 21:46:41 [DiscoveryClient-InstanceInfoReplicator-0] INFO  c.netflix.discovery.DiscoveryClient - DiscoveryClient_ACCOUNTINFO-API/192.168.0.7:accountinfo-api:8082 - registration status: 204
2022-10-13 21:46:41 [Thread-7] INFO  o.a.coyote.http11.Http11NioProtocol - Pausing ProtocolHandler ["http-nio-8082"]
2022-10-13 21:46:41 [Thread-7] INFO  o.a.catalina.core.StandardService - Stopping service [Tomcat]
2022-10-13 21:46:41 [Thread-7] INFO  o.a.c.c.C.[Tomcat].[localhost].[/] - Destroying Spring FrameworkServlet 'dispatcherServlet'
2022-10-13 21:46:41 [Thread-7] INFO  o.a.coyote.http11.Http11NioProtocol - Stopping ProtocolHandler ["http-nio-8082"]
2022-10-13 21:46:41 [Thread-7] INFO  o.a.coyote.http11.Http11NioProtocol - Destroying ProtocolHandler ["http-nio-8082"]
2022-10-13 21:46:41 [Thread-7] INFO  o.s.o.j.LocalContainerEntityManagerFactoryBean - Closing JPA EntityManagerFactory for persistence unit 'default'
2022-10-13 21:46:41 [Thread-7] INFO  com.zaxxer.hikari.HikariDataSource - HikariPool-2 - Shutdown initiated...
2022-10-13 21:46:41 [Thread-7] INFO  com.zaxxer.hikari.HikariDataSource - HikariPool-2 - Shutdown completed.
2022-10-13 21:46:41 [Thread-7] INFO  c.netflix.discovery.DiscoveryClient - Shutting down DiscoveryClient ...
2022-10-13 21:46:44 [Thread-7] INFO  c.netflix.discovery.DiscoveryClient - Unregistering ...
2022-10-13 21:46:44 [Thread-7] INFO  c.netflix.discovery.DiscoveryClient - DiscoveryClient_ACCOUNTINFO-API/192.168.0.7:accountinfo-api:8082 - deregister  status: 200
2022-10-13 21:46:44 [Thread-7] INFO  c.netflix.discovery.DiscoveryClient - Completed shut down of DiscoveryClient
2022-10-13 21:46:45 [restartedMain] INFO  c.capstone.AccountinfoApiApplication - Starting AccountinfoApiApplication using Java 17.0.2 on MOHAN with PID 3236 (C:\Users\mohan\Downloads\Natwest Capstone\frontend\spring-master\accountinfo-api\target\classes started by mohan in C:\Users\mohan\Downloads\Natwest Capstone\frontend\spring-master\accountinfo-api)
2022-10-13 21:46:45 [restartedMain] INFO  c.capstone.AccountinfoApiApplication - No active profile set, falling back to 1 default profile: "default"
2022-10-13 21:46:46 [restartedMain] INFO  o.s.d.r.c.RepositoryConfigurationDelegate - Bootstrapping Spring Data JPA repositories in DEFAULT mode.
2022-10-13 21:46:46 [restartedMain] INFO  o.s.d.r.c.RepositoryConfigurationDelegate - Finished Spring Data repository scanning in 13 ms. Found 1 JPA repository interfaces.
2022-10-13 21:46:46 [restartedMain] INFO  o.s.cloud.context.scope.GenericScope - BeanFactory id=2057b36b-6c2f-343d-b55b-cba8c53b7bb5
2022-10-13 21:46:46 [restartedMain] INFO  o.s.b.w.e.tomcat.TomcatWebServer - Tomcat initialized with port(s): 8082 (http)
2022-10-13 21:46:46 [restartedMain] INFO  o.a.coyote.http11.Http11NioProtocol - Initializing ProtocolHandler ["http-nio-8082"]
2022-10-13 21:46:46 [restartedMain] INFO  o.a.catalina.core.StandardService - Starting service [Tomcat]
2022-10-13 21:46:46 [restartedMain] INFO  o.a.catalina.core.StandardEngine - Starting Servlet engine: [Apache Tomcat/9.0.65]
2022-10-13 21:46:46 [restartedMain] INFO  o.a.c.c.C.[Tomcat].[localhost].[/] - Initializing Spring embedded WebApplicationContext
2022-10-13 21:46:46 [restartedMain] INFO  o.s.b.w.s.c.ServletWebServerApplicationContext - Root WebApplicationContext: initialization completed in 642 ms
2022-10-13 21:46:46 [restartedMain] INFO  o.a.catalina.core.StandardContext - Suspicious URL pattern: [/api/**] in context [], see sections 12.1 and 12.2 of the Servlet specification
2022-10-13 21:46:46 [restartedMain] INFO  o.h.jpa.internal.util.LogHelper - HHH000204: Processing PersistenceUnitInfo [name: default]
2022-10-13 21:46:46 [restartedMain] INFO  com.zaxxer.hikari.HikariDataSource - HikariPool-3 - Starting...
2022-10-13 21:46:46 [restartedMain] INFO  com.zaxxer.hikari.HikariDataSource - HikariPool-3 - Start completed.
2022-10-13 21:46:46 [restartedMain] INFO  org.hibernate.dialect.Dialect - HHH000400: Using dialect: org.hibernate.dialect.MySQL8Dialect
2022-10-13 21:46:46 [restartedMain] INFO  o.h.e.t.j.p.i.JtaPlatformInitiator - HHH000490: Using JtaPlatform implementation: [org.hibernate.engine.transaction.jta.platform.internal.NoJtaPlatform]
2022-10-13 21:46:46 [restartedMain] INFO  o.s.o.j.LocalContainerEntityManagerFactoryBean - Initialized JPA EntityManagerFactory for persistence unit 'default'
2022-10-13 21:46:46 [restartedMain] WARN  o.s.b.a.o.j.JpaBaseConfiguration$JpaWebConfiguration - spring.jpa.open-in-view is enabled by default. Therefore, database queries may be performed during view rendering. Explicitly configure spring.jpa.open-in-view to disable this warning
2022-10-13 21:46:46 [restartedMain] WARN  o.s.b.d.a.OptionalLiveReloadServer - Unable to start LiveReload server
2022-10-13 21:46:47 [restartedMain] INFO  o.s.c.n.e.c.DiscoveryClientOptionalArgsConfiguration - Eureka HTTP Client uses RestTemplate.
2022-10-13 21:46:47 [restartedMain] WARN  o.s.c.l.c.LoadBalancerCacheAutoConfiguration$LoadBalancerCaffeineWarnLogger - Spring Cloud LoadBalancer is currently working with the default cache. While this cache implementation is useful for development and tests, it's recommended to use Caffeine cache in production.You can switch to using Caffeine cache, by adding it and org.springframework.cache.caffeine.CaffeineCacheManager to the classpath.
2022-10-13 21:46:47 [restartedMain] INFO  o.s.c.n.eureka.InstanceInfoFactory - Setting initial instance status as: STARTING
2022-10-13 21:46:47 [restartedMain] INFO  c.netflix.discovery.DiscoveryClient - Initializing Eureka in region us-east-1
2022-10-13 21:46:47 [restartedMain] INFO  c.n.d.s.r.aws.ConfigClusterResolver - Resolving eureka endpoints via configuration
2022-10-13 21:46:47 [restartedMain] INFO  c.netflix.discovery.DiscoveryClient - Disable delta property : false
2022-10-13 21:46:47 [restartedMain] INFO  c.netflix.discovery.DiscoveryClient - Single vip registry refresh property : null
2022-10-13 21:46:47 [restartedMain] INFO  c.netflix.discovery.DiscoveryClient - Force full registry fetch : false
2022-10-13 21:46:47 [restartedMain] INFO  c.netflix.discovery.DiscoveryClient - Application is null : false
2022-10-13 21:46:47 [restartedMain] INFO  c.netflix.discovery.DiscoveryClient - Registered Applications size is zero : true
2022-10-13 21:46:47 [restartedMain] INFO  c.netflix.discovery.DiscoveryClient - Application version is -1: true
2022-10-13 21:46:47 [restartedMain] INFO  c.netflix.discovery.DiscoveryClient - Getting all instance registry info from the eureka server
2022-10-13 21:46:47 [restartedMain] INFO  c.netflix.discovery.DiscoveryClient - The response status is 200
2022-10-13 21:46:47 [restartedMain] INFO  c.netflix.discovery.DiscoveryClient - Starting heartbeat executor: renew interval is: 30
2022-10-13 21:46:47 [restartedMain] INFO  c.n.discovery.InstanceInfoReplicator - InstanceInfoReplicator onDemand update allowed rate per min is 4
2022-10-13 21:46:47 [restartedMain] INFO  c.netflix.discovery.DiscoveryClient - Discovery Client initialized at timestamp 1665677807315 with initial instances count: 5
2022-10-13 21:46:47 [restartedMain] INFO  o.s.c.n.e.s.EurekaServiceRegistry - Registering application ACCOUNTINFO-API with eureka with status UP
2022-10-13 21:46:47 [restartedMain] INFO  c.netflix.discovery.DiscoveryClient - Saw local status change event StatusChangeEvent [timestamp=1665677807317, current=UP, previous=STARTING]
2022-10-13 21:46:47 [DiscoveryClient-InstanceInfoReplicator-0] INFO  c.netflix.discovery.DiscoveryClient - DiscoveryClient_ACCOUNTINFO-API/192.168.0.7:accountinfo-api:8082: registering service...
2022-10-13 21:46:47 [restartedMain] INFO  o.a.coyote.http11.Http11NioProtocol - Starting ProtocolHandler ["http-nio-8082"]
2022-10-13 21:46:47 [restartedMain] INFO  o.s.b.w.e.tomcat.TomcatWebServer - Tomcat started on port(s): 8082 (http) with context path ''
2022-10-13 21:46:47 [restartedMain] INFO  o.s.c.n.e.s.EurekaAutoServiceRegistration - Updating port to 8082
2022-10-13 21:46:47 [DiscoveryClient-InstanceInfoReplicator-0] INFO  c.netflix.discovery.DiscoveryClient - DiscoveryClient_ACCOUNTINFO-API/192.168.0.7:accountinfo-api:8082 - registration status: 204
2022-10-13 21:46:47 [restartedMain] INFO  c.capstone.AccountinfoApiApplication - Started AccountinfoApiApplication in 1.966 seconds (JVM running for 36455.206)
2022-10-13 21:46:47 [restartedMain] INFO  o.s.b.d.a.ConditionEvaluationDeltaLoggingListener - Condition evaluation unchanged
2022-10-13 21:47:05 [File Watcher] INFO  o.s.b.d.a.LocalDevToolsAutoConfiguration$RestartingClassPathChangeChangedEventListener - Restarting due to 1 class path change (0 additions, 0 deletions, 1 modification)
2022-10-13 21:47:05 [Thread-13] INFO  o.s.c.n.e.s.EurekaServiceRegistry - Unregistering application ACCOUNTINFO-API with eureka with status DOWN
2022-10-13 21:47:05 [Thread-13] INFO  c.netflix.discovery.DiscoveryClient - Saw local status change event StatusChangeEvent [timestamp=1665677825655, current=DOWN, previous=UP]
2022-10-13 21:47:05 [DiscoveryClient-InstanceInfoReplicator-0] INFO  c.netflix.discovery.DiscoveryClient - DiscoveryClient_ACCOUNTINFO-API/192.168.0.7:accountinfo-api:8082: registering service...
2022-10-13 21:47:05 [DiscoveryClient-InstanceInfoReplicator-0] INFO  c.netflix.discovery.DiscoveryClient - DiscoveryClient_ACCOUNTINFO-API/192.168.0.7:accountinfo-api:8082 - registration status: 204
2022-10-13 21:47:05 [Thread-13] INFO  o.a.coyote.http11.Http11NioProtocol - Pausing ProtocolHandler ["http-nio-8082"]
2022-10-13 21:47:05 [Thread-13] INFO  o.a.catalina.core.StandardService - Stopping service [Tomcat]
2022-10-13 21:47:05 [Thread-13] INFO  o.a.coyote.http11.Http11NioProtocol - Stopping ProtocolHandler ["http-nio-8082"]
2022-10-13 21:47:05 [Thread-13] INFO  o.a.coyote.http11.Http11NioProtocol - Destroying ProtocolHandler ["http-nio-8082"]
2022-10-13 21:47:05 [Thread-13] INFO  o.s.o.j.LocalContainerEntityManagerFactoryBean - Closing JPA EntityManagerFactory for persistence unit 'default'
2022-10-13 21:47:05 [Thread-13] INFO  com.zaxxer.hikari.HikariDataSource - HikariPool-3 - Shutdown initiated...
2022-10-13 21:47:05 [Thread-13] INFO  com.zaxxer.hikari.HikariDataSource - HikariPool-3 - Shutdown completed.
2022-10-13 21:47:05 [Thread-13] INFO  c.netflix.discovery.DiscoveryClient - Shutting down DiscoveryClient ...
2022-10-13 21:47:08 [Thread-13] INFO  c.netflix.discovery.DiscoveryClient - Unregistering ...
2022-10-13 21:47:08 [Thread-13] INFO  c.netflix.discovery.DiscoveryClient - DiscoveryClient_ACCOUNTINFO-API/192.168.0.7:accountinfo-api:8082 - deregister  status: 200
2022-10-13 21:47:08 [Thread-13] INFO  c.netflix.discovery.DiscoveryClient - Completed shut down of DiscoveryClient
2022-10-13 21:47:08 [restartedMain] INFO  c.capstone.AccountinfoApiApplication - Starting AccountinfoApiApplication using Java 17.0.2 on MOHAN with PID 3236 (C:\Users\mohan\Downloads\Natwest Capstone\frontend\spring-master\accountinfo-api\target\classes started by mohan in C:\Users\mohan\Downloads\Natwest Capstone\frontend\spring-master\accountinfo-api)
2022-10-13 21:47:08 [restartedMain] INFO  c.capstone.AccountinfoApiApplication - No active profile set, falling back to 1 default profile: "default"
2022-10-13 21:47:09 [restartedMain] INFO  o.s.d.r.c.RepositoryConfigurationDelegate - Bootstrapping Spring Data JPA repositories in DEFAULT mode.
2022-10-13 21:47:09 [restartedMain] INFO  o.s.d.r.c.RepositoryConfigurationDelegate - Finished Spring Data repository scanning in 13 ms. Found 1 JPA repository interfaces.
2022-10-13 21:47:09 [restartedMain] INFO  o.s.cloud.context.scope.GenericScope - BeanFactory id=2057b36b-6c2f-343d-b55b-cba8c53b7bb5
2022-10-13 21:47:09 [restartedMain] INFO  o.s.b.w.e.tomcat.TomcatWebServer - Tomcat initialized with port(s): 8082 (http)
2022-10-13 21:47:09 [restartedMain] INFO  o.a.coyote.http11.Http11NioProtocol - Initializing ProtocolHandler ["http-nio-8082"]
2022-10-13 21:47:09 [restartedMain] INFO  o.a.catalina.core.StandardService - Starting service [Tomcat]
2022-10-13 21:47:09 [restartedMain] INFO  o.a.catalina.core.StandardEngine - Starting Servlet engine: [Apache Tomcat/9.0.65]
2022-10-13 21:47:09 [restartedMain] INFO  o.a.c.c.C.[Tomcat].[localhost].[/] - Initializing Spring embedded WebApplicationContext
2022-10-13 21:47:09 [restartedMain] INFO  o.s.b.w.s.c.ServletWebServerApplicationContext - Root WebApplicationContext: initialization completed in 393 ms
2022-10-13 21:47:09 [restartedMain] INFO  o.a.catalina.core.StandardContext - Suspicious URL pattern: [/api/**] in context [], see sections 12.1 and 12.2 of the Servlet specification
2022-10-13 21:47:09 [restartedMain] INFO  o.h.jpa.internal.util.LogHelper - HHH000204: Processing PersistenceUnitInfo [name: default]
2022-10-13 21:47:09 [restartedMain] INFO  com.zaxxer.hikari.HikariDataSource - HikariPool-4 - Starting...
2022-10-13 21:47:09 [restartedMain] INFO  com.zaxxer.hikari.HikariDataSource - HikariPool-4 - Start completed.
2022-10-13 21:47:09 [restartedMain] INFO  org.hibernate.dialect.Dialect - HHH000400: Using dialect: org.hibernate.dialect.MySQL8Dialect
2022-10-13 21:47:09 [restartedMain] INFO  o.h.e.t.j.p.i.JtaPlatformInitiator - HHH000490: Using JtaPlatform implementation: [org.hibernate.engine.transaction.jta.platform.internal.NoJtaPlatform]
2022-10-13 21:47:09 [restartedMain] INFO  o.s.o.j.LocalContainerEntityManagerFactoryBean - Initialized JPA EntityManagerFactory for persistence unit 'default'
2022-10-13 21:47:09 [restartedMain] WARN  o.s.b.a.o.j.JpaBaseConfiguration$JpaWebConfiguration - spring.jpa.open-in-view is enabled by default. Therefore, database queries may be performed during view rendering. Explicitly configure spring.jpa.open-in-view to disable this warning
2022-10-13 21:47:09 [restartedMain] WARN  o.s.b.d.a.OptionalLiveReloadServer - Unable to start LiveReload server
2022-10-13 21:47:09 [restartedMain] INFO  o.s.c.n.e.c.DiscoveryClientOptionalArgsConfiguration - Eureka HTTP Client uses RestTemplate.
2022-10-13 21:47:09 [restartedMain] WARN  o.s.c.l.c.LoadBalancerCacheAutoConfiguration$LoadBalancerCaffeineWarnLogger - Spring Cloud LoadBalancer is currently working with the default cache. While this cache implementation is useful for development and tests, it's recommended to use Caffeine cache in production.You can switch to using Caffeine cache, by adding it and org.springframework.cache.caffeine.CaffeineCacheManager to the classpath.
2022-10-13 21:47:09 [restartedMain] INFO  o.s.c.n.eureka.InstanceInfoFactory - Setting initial instance status as: STARTING
2022-10-13 21:47:09 [restartedMain] INFO  c.netflix.discovery.DiscoveryClient - Initializing Eureka in region us-east-1
2022-10-13 21:47:09 [restartedMain] INFO  c.n.d.s.r.aws.ConfigClusterResolver - Resolving eureka endpoints via configuration
2022-10-13 21:47:09 [restartedMain] INFO  c.netflix.discovery.DiscoveryClient - Disable delta property : false
2022-10-13 21:47:09 [restartedMain] INFO  c.netflix.discovery.DiscoveryClient - Single vip registry refresh property : null
2022-10-13 21:47:09 [restartedMain] INFO  c.netflix.discovery.DiscoveryClient - Force full registry fetch : false
2022-10-13 21:47:09 [restartedMain] INFO  c.netflix.discovery.DiscoveryClient - Application is null : false
2022-10-13 21:47:09 [restartedMain] INFO  c.netflix.discovery.DiscoveryClient - Registered Applications size is zero : true
2022-10-13 21:47:09 [restartedMain] INFO  c.netflix.discovery.DiscoveryClient - Application version is -1: true
2022-10-13 21:47:09 [restartedMain] INFO  c.netflix.discovery.DiscoveryClient - Getting all instance registry info from the eureka server
2022-10-13 21:47:09 [restartedMain] INFO  c.netflix.discovery.DiscoveryClient - The response status is 200
2022-10-13 21:47:09 [restartedMain] INFO  c.netflix.discovery.DiscoveryClient - Starting heartbeat executor: renew interval is: 30
2022-10-13 21:47:09 [restartedMain] INFO  c.n.discovery.InstanceInfoReplicator - InstanceInfoReplicator onDemand update allowed rate per min is 4
2022-10-13 21:47:09 [restartedMain] INFO  c.netflix.discovery.DiscoveryClient - Discovery Client initialized at timestamp 1665677829845 with initial instances count: 5
2022-10-13 21:47:09 [restartedMain] INFO  o.s.c.n.e.s.EurekaServiceRegistry - Registering application ACCOUNTINFO-API with eureka with status UP
2022-10-13 21:47:09 [restartedMain] INFO  c.netflix.discovery.DiscoveryClient - Saw local status change event StatusChangeEvent [timestamp=1665677829846, current=UP, previous=STARTING]
2022-10-13 21:47:09 [DiscoveryClient-InstanceInfoReplicator-0] INFO  c.netflix.discovery.DiscoveryClient - DiscoveryClient_ACCOUNTINFO-API/192.168.0.7:accountinfo-api:8082: registering service...
2022-10-13 21:47:09 [restartedMain] INFO  o.a.coyote.http11.Http11NioProtocol - Starting ProtocolHandler ["http-nio-8082"]
2022-10-13 21:47:09 [restartedMain] INFO  o.s.b.w.e.tomcat.TomcatWebServer - Tomcat started on port(s): 8082 (http) with context path ''
2022-10-13 21:47:09 [restartedMain] INFO  o.s.c.n.e.s.EurekaAutoServiceRegistration - Updating port to 8082
2022-10-13 21:47:09 [DiscoveryClient-InstanceInfoReplicator-0] INFO  c.netflix.discovery.DiscoveryClient - DiscoveryClient_ACCOUNTINFO-API/192.168.0.7:accountinfo-api:8082 - registration status: 204
2022-10-13 21:47:09 [restartedMain] INFO  c.capstone.AccountinfoApiApplication - Started AccountinfoApiApplication in 1.143 seconds (JVM running for 36477.658)
2022-10-13 21:47:09 [restartedMain] INFO  o.s.b.d.a.ConditionEvaluationDeltaLoggingListener - Condition evaluation unchanged
2022-10-13 21:47:43 [File Watcher] INFO  o.s.b.d.a.LocalDevToolsAutoConfiguration$RestartingClassPathChangeChangedEventListener - Restarting due to 1 class path change (0 additions, 0 deletions, 1 modification)
2022-10-13 21:47:43 [Thread-19] INFO  o.s.c.n.e.s.EurekaServiceRegistry - Unregistering application ACCOUNTINFO-API with eureka with status DOWN
2022-10-13 21:47:43 [Thread-19] INFO  c.netflix.discovery.DiscoveryClient - Saw local status change event StatusChangeEvent [timestamp=1665677863834, current=DOWN, previous=UP]
2022-10-13 21:47:43 [DiscoveryClient-InstanceInfoReplicator-0] INFO  c.netflix.discovery.DiscoveryClient - DiscoveryClient_ACCOUNTINFO-API/192.168.0.7:accountinfo-api:8082: registering service...
2022-10-13 21:47:43 [DiscoveryClient-InstanceInfoReplicator-0] INFO  c.netflix.discovery.DiscoveryClient - DiscoveryClient_ACCOUNTINFO-API/192.168.0.7:accountinfo-api:8082 - registration status: 204
2022-10-13 21:47:43 [Thread-19] INFO  o.a.coyote.http11.Http11NioProtocol - Pausing ProtocolHandler ["http-nio-8082"]
2022-10-13 21:47:43 [Thread-19] INFO  o.a.catalina.core.StandardService - Stopping service [Tomcat]
2022-10-13 21:47:43 [Thread-19] INFO  o.a.coyote.http11.Http11NioProtocol - Stopping ProtocolHandler ["http-nio-8082"]
2022-10-13 21:47:43 [Thread-19] INFO  o.a.coyote.http11.Http11NioProtocol - Destroying ProtocolHandler ["http-nio-8082"]
2022-10-13 21:47:43 [Thread-19] INFO  o.s.o.j.LocalContainerEntityManagerFactoryBean - Closing JPA EntityManagerFactory for persistence unit 'default'
2022-10-13 21:47:43 [Thread-19] INFO  com.zaxxer.hikari.HikariDataSource - HikariPool-4 - Shutdown initiated...
2022-10-13 21:47:43 [Thread-19] INFO  com.zaxxer.hikari.HikariDataSource - HikariPool-4 - Shutdown completed.
2022-10-13 21:47:43 [Thread-19] INFO  c.netflix.discovery.DiscoveryClient - Shutting down DiscoveryClient ...
2022-10-13 21:47:46 [Thread-19] INFO  c.netflix.discovery.DiscoveryClient - Unregistering ...
2022-10-13 21:47:46 [Thread-19] INFO  c.netflix.discovery.DiscoveryClient - DiscoveryClient_ACCOUNTINFO-API/192.168.0.7:accountinfo-api:8082 - deregister  status: 200
2022-10-13 21:47:46 [Thread-19] INFO  c.netflix.discovery.DiscoveryClient - Completed shut down of DiscoveryClient
2022-10-13 21:47:47 [restartedMain] INFO  c.capstone.AccountinfoApiApplication - Starting AccountinfoApiApplication using Java 17.0.2 on MOHAN with PID 3236 (C:\Users\mohan\Downloads\Natwest Capstone\frontend\spring-master\accountinfo-api\target\classes started by mohan in C:\Users\mohan\Downloads\Natwest Capstone\frontend\spring-master\accountinfo-api)
2022-10-13 21:47:47 [restartedMain] INFO  c.capstone.AccountinfoApiApplication - No active profile set, falling back to 1 default profile: "default"
2022-10-13 21:47:47 [restartedMain] INFO  o.s.d.r.c.RepositoryConfigurationDelegate - Bootstrapping Spring Data JPA repositories in DEFAULT mode.
2022-10-13 21:47:47 [restartedMain] INFO  o.s.d.r.c.RepositoryConfigurationDelegate - Finished Spring Data repository scanning in 16 ms. Found 1 JPA repository interfaces.
2022-10-13 21:47:47 [restartedMain] INFO  o.s.cloud.context.scope.GenericScope - BeanFactory id=2057b36b-6c2f-343d-b55b-cba8c53b7bb5
2022-10-13 21:47:47 [restartedMain] INFO  o.s.b.w.e.tomcat.TomcatWebServer - Tomcat initialized with port(s): 8082 (http)
2022-10-13 21:47:47 [restartedMain] INFO  o.a.coyote.http11.Http11NioProtocol - Initializing ProtocolHandler ["http-nio-8082"]
2022-10-13 21:47:47 [restartedMain] INFO  o.a.catalina.core.StandardService - Starting service [Tomcat]
2022-10-13 21:47:47 [restartedMain] INFO  o.a.catalina.core.StandardEngine - Starting Servlet engine: [Apache Tomcat/9.0.65]
2022-10-13 21:47:47 [restartedMain] INFO  o.a.c.c.C.[Tomcat].[localhost].[/] - Initializing Spring embedded WebApplicationContext
2022-10-13 21:47:47 [restartedMain] INFO  o.s.b.w.s.c.ServletWebServerApplicationContext - Root WebApplicationContext: initialization completed in 478 ms
2022-10-13 21:47:47 [restartedMain] INFO  o.a.catalina.core.StandardContext - Suspicious URL pattern: [/api/**] in context [], see sections 12.1 and 12.2 of the Servlet specification
2022-10-13 21:47:47 [restartedMain] INFO  o.h.jpa.internal.util.LogHelper - HHH000204: Processing PersistenceUnitInfo [name: default]
2022-10-13 21:47:47 [restartedMain] INFO  com.zaxxer.hikari.HikariDataSource - HikariPool-5 - Starting...
2022-10-13 21:47:47 [restartedMain] INFO  com.zaxxer.hikari.HikariDataSource - HikariPool-5 - Start completed.
2022-10-13 21:47:47 [restartedMain] INFO  org.hibernate.dialect.Dialect - HHH000400: Using dialect: org.hibernate.dialect.MySQL8Dialect
2022-10-13 21:47:47 [restartedMain] INFO  o.h.e.t.j.p.i.JtaPlatformInitiator - HHH000490: Using JtaPlatform implementation: [org.hibernate.engine.transaction.jta.platform.internal.NoJtaPlatform]
2022-10-13 21:47:47 [restartedMain] INFO  o.s.o.j.LocalContainerEntityManagerFactoryBean - Initialized JPA EntityManagerFactory for persistence unit 'default'
2022-10-13 21:47:48 [restartedMain] WARN  o.s.b.a.o.j.JpaBaseConfiguration$JpaWebConfiguration - spring.jpa.open-in-view is enabled by default. Therefore, database queries may be performed during view rendering. Explicitly configure spring.jpa.open-in-view to disable this warning
2022-10-13 21:47:48 [restartedMain] WARN  o.s.b.d.a.OptionalLiveReloadServer - Unable to start LiveReload server
2022-10-13 21:47:48 [restartedMain] INFO  o.s.c.n.e.c.DiscoveryClientOptionalArgsConfiguration - Eureka HTTP Client uses RestTemplate.
2022-10-13 21:47:48 [restartedMain] WARN  o.s.c.l.c.LoadBalancerCacheAutoConfiguration$LoadBalancerCaffeineWarnLogger - Spring Cloud LoadBalancer is currently working with the default cache. While this cache implementation is useful for development and tests, it's recommended to use Caffeine cache in production.You can switch to using Caffeine cache, by adding it and org.springframework.cache.caffeine.CaffeineCacheManager to the classpath.
2022-10-13 21:47:48 [restartedMain] INFO  o.s.c.n.eureka.InstanceInfoFactory - Setting initial instance status as: STARTING
2022-10-13 21:47:48 [restartedMain] INFO  c.netflix.discovery.DiscoveryClient - Initializing Eureka in region us-east-1
2022-10-13 21:47:48 [restartedMain] INFO  c.n.d.s.r.aws.ConfigClusterResolver - Resolving eureka endpoints via configuration
2022-10-13 21:47:48 [restartedMain] INFO  c.netflix.discovery.DiscoveryClient - Disable delta property : false
2022-10-13 21:47:48 [restartedMain] INFO  c.netflix.discovery.DiscoveryClient - Single vip registry refresh property : null
2022-10-13 21:47:48 [restartedMain] INFO  c.netflix.discovery.DiscoveryClient - Force full registry fetch : false
2022-10-13 21:47:48 [restartedMain] INFO  c.netflix.discovery.DiscoveryClient - Application is null : false
2022-10-13 21:47:48 [restartedMain] INFO  c.netflix.discovery.DiscoveryClient - Registered Applications size is zero : true
2022-10-13 21:47:48 [restartedMain] INFO  c.netflix.discovery.DiscoveryClient - Application version is -1: true
2022-10-13 21:47:48 [restartedMain] INFO  c.netflix.discovery.DiscoveryClient - Getting all instance registry info from the eureka server
2022-10-13 21:47:48 [restartedMain] INFO  c.netflix.discovery.DiscoveryClient - The response status is 200
2022-10-13 21:47:48 [restartedMain] INFO  c.netflix.discovery.DiscoveryClient - Starting heartbeat executor: renew interval is: 30
2022-10-13 21:47:48 [restartedMain] INFO  c.n.discovery.InstanceInfoReplicator - InstanceInfoReplicator onDemand update allowed rate per min is 4
2022-10-13 21:47:48 [restartedMain] INFO  c.netflix.discovery.DiscoveryClient - Discovery Client initialized at timestamp 1665677868481 with initial instances count: 5
2022-10-13 21:47:48 [restartedMain] INFO  o.s.c.n.e.s.EurekaServiceRegistry - Registering application ACCOUNTINFO-API with eureka with status UP
2022-10-13 21:47:48 [restartedMain] INFO  c.netflix.discovery.DiscoveryClient - Saw local status change event StatusChangeEvent [timestamp=1665677868482, current=UP, previous=STARTING]
2022-10-13 21:47:48 [DiscoveryClient-InstanceInfoReplicator-0] INFO  c.netflix.discovery.DiscoveryClient - DiscoveryClient_ACCOUNTINFO-API/192.168.0.7:accountinfo-api:8082: registering service...
2022-10-13 21:47:48 [restartedMain] INFO  o.a.coyote.http11.Http11NioProtocol - Starting ProtocolHandler ["http-nio-8082"]
2022-10-13 21:47:48 [restartedMain] INFO  o.s.b.w.e.tomcat.TomcatWebServer - Tomcat started on port(s): 8082 (http) with context path ''
2022-10-13 21:47:48 [restartedMain] INFO  o.s.c.n.e.s.EurekaAutoServiceRegistration - Updating port to 8082
2022-10-13 21:47:48 [DiscoveryClient-InstanceInfoReplicator-0] INFO  c.netflix.discovery.DiscoveryClient - DiscoveryClient_ACCOUNTINFO-API/192.168.0.7:accountinfo-api:8082 - registration status: 204
2022-10-13 21:47:48 [restartedMain] INFO  c.capstone.AccountinfoApiApplication - Started AccountinfoApiApplication in 1.498 seconds (JVM running for 36516.294)
2022-10-13 21:47:48 [restartedMain] INFO  o.s.b.d.a.ConditionEvaluationDeltaLoggingListener - Condition evaluation unchanged
2022-10-13 21:47:49 [File Watcher] INFO  o.s.b.d.a.LocalDevToolsAutoConfiguration$RestartingClassPathChangeChangedEventListener - Restarting due to 1 class path change (0 additions, 0 deletions, 1 modification)
2022-10-13 21:47:49 [Thread-25] INFO  o.s.c.n.e.s.EurekaServiceRegistry - Unregistering application ACCOUNTINFO-API with eureka with status DOWN
2022-10-13 21:47:49 [Thread-25] INFO  c.netflix.discovery.DiscoveryClient - Saw local status change event StatusChangeEvent [timestamp=1665677869695, current=DOWN, previous=UP]
2022-10-13 21:47:49 [DiscoveryClient-InstanceInfoReplicator-0] INFO  c.netflix.discovery.DiscoveryClient - DiscoveryClient_ACCOUNTINFO-API/192.168.0.7:accountinfo-api:8082: registering service...
2022-10-13 21:47:49 [DiscoveryClient-InstanceInfoReplicator-0] INFO  c.netflix.discovery.DiscoveryClient - DiscoveryClient_ACCOUNTINFO-API/192.168.0.7:accountinfo-api:8082 - registration status: 204
2022-10-13 21:47:49 [Thread-25] INFO  o.a.coyote.http11.Http11NioProtocol - Pausing ProtocolHandler ["http-nio-8082"]
2022-10-13 21:47:49 [Thread-25] INFO  o.a.catalina.core.StandardService - Stopping service [Tomcat]
2022-10-13 21:47:49 [Thread-25] INFO  o.a.coyote.http11.Http11NioProtocol - Stopping ProtocolHandler ["http-nio-8082"]
2022-10-13 21:47:49 [Thread-25] INFO  o.a.coyote.http11.Http11NioProtocol - Destroying ProtocolHandler ["http-nio-8082"]
2022-10-13 21:47:49 [Thread-25] INFO  o.s.o.j.LocalContainerEntityManagerFactoryBean - Closing JPA EntityManagerFactory for persistence unit 'default'
2022-10-13 21:47:49 [Thread-25] INFO  com.zaxxer.hikari.HikariDataSource - HikariPool-5 - Shutdown initiated...
2022-10-13 21:47:49 [Thread-25] INFO  com.zaxxer.hikari.HikariDataSource - HikariPool-5 - Shutdown completed.
2022-10-13 21:47:49 [Thread-25] INFO  c.netflix.discovery.DiscoveryClient - Shutting down DiscoveryClient ...
2022-10-13 21:47:52 [Thread-25] INFO  c.netflix.discovery.DiscoveryClient - Unregistering ...
2022-10-13 21:47:52 [Thread-25] INFO  c.netflix.discovery.DiscoveryClient - DiscoveryClient_ACCOUNTINFO-API/192.168.0.7:accountinfo-api:8082 - deregister  status: 200
2022-10-13 21:47:52 [Thread-25] INFO  c.netflix.discovery.DiscoveryClient - Completed shut down of DiscoveryClient
2022-10-13 21:47:52 [restartedMain] INFO  c.capstone.AccountinfoApiApplication - Starting AccountinfoApiApplication using Java 17.0.2 on MOHAN with PID 3236 (C:\Users\mohan\Downloads\Natwest Capstone\frontend\spring-master\accountinfo-api\target\classes started by mohan in C:\Users\mohan\Downloads\Natwest Capstone\frontend\spring-master\accountinfo-api)
2022-10-13 21:47:52 [restartedMain] INFO  c.capstone.AccountinfoApiApplication - No active profile set, falling back to 1 default profile: "default"
2022-10-13 21:47:53 [restartedMain] INFO  o.s.d.r.c.RepositoryConfigurationDelegate - Bootstrapping Spring Data JPA repositories in DEFAULT mode.
2022-10-13 21:47:53 [restartedMain] INFO  o.s.d.r.c.RepositoryConfigurationDelegate - Finished Spring Data repository scanning in 5 ms. Found 1 JPA repository interfaces.
2022-10-13 21:47:53 [restartedMain] INFO  o.s.cloud.context.scope.GenericScope - BeanFactory id=2057b36b-6c2f-343d-b55b-cba8c53b7bb5
2022-10-13 21:47:53 [restartedMain] INFO  o.s.b.w.e.tomcat.TomcatWebServer - Tomcat initialized with port(s): 8082 (http)
2022-10-13 21:47:53 [restartedMain] INFO  o.a.coyote.http11.Http11NioProtocol - Initializing ProtocolHandler ["http-nio-8082"]
2022-10-13 21:47:53 [restartedMain] INFO  o.a.catalina.core.StandardService - Starting service [Tomcat]
2022-10-13 21:47:53 [restartedMain] INFO  o.a.catalina.core.StandardEngine - Starting Servlet engine: [Apache Tomcat/9.0.65]
2022-10-13 21:47:53 [restartedMain] INFO  o.a.c.c.C.[Tomcat].[localhost].[/] - Initializing Spring embedded WebApplicationContext
2022-10-13 21:47:53 [restartedMain] INFO  o.s.b.w.s.c.ServletWebServerApplicationContext - Root WebApplicationContext: initialization completed in 245 ms
2022-10-13 21:47:53 [restartedMain] INFO  o.a.catalina.core.StandardContext - Suspicious URL pattern: [/api/**] in context [], see sections 12.1 and 12.2 of the Servlet specification
2022-10-13 21:47:53 [restartedMain] INFO  o.h.jpa.internal.util.LogHelper - HHH000204: Processing PersistenceUnitInfo [name: default]
2022-10-13 21:47:53 [restartedMain] INFO  com.zaxxer.hikari.HikariDataSource - HikariPool-6 - Starting...
2022-10-13 21:47:53 [restartedMain] INFO  com.zaxxer.hikari.HikariDataSource - HikariPool-6 - Start completed.
2022-10-13 21:47:53 [restartedMain] INFO  org.hibernate.dialect.Dialect - HHH000400: Using dialect: org.hibernate.dialect.MySQL8Dialect
2022-10-13 21:47:53 [restartedMain] INFO  o.h.e.t.j.p.i.JtaPlatformInitiator - HHH000490: Using JtaPlatform implementation: [org.hibernate.engine.transaction.jta.platform.internal.NoJtaPlatform]
2022-10-13 21:47:53 [restartedMain] INFO  o.s.o.j.LocalContainerEntityManagerFactoryBean - Initialized JPA EntityManagerFactory for persistence unit 'default'
2022-10-13 21:47:53 [restartedMain] WARN  o.s.b.a.o.j.JpaBaseConfiguration$JpaWebConfiguration - spring.jpa.open-in-view is enabled by default. Therefore, database queries may be performed during view rendering. Explicitly configure spring.jpa.open-in-view to disable this warning
2022-10-13 21:47:53 [restartedMain] WARN  o.s.b.d.a.OptionalLiveReloadServer - Unable to start LiveReload server
2022-10-13 21:47:53 [restartedMain] INFO  o.s.c.n.e.c.DiscoveryClientOptionalArgsConfiguration - Eureka HTTP Client uses RestTemplate.
2022-10-13 21:47:53 [restartedMain] WARN  o.s.c.l.c.LoadBalancerCacheAutoConfiguration$LoadBalancerCaffeineWarnLogger - Spring Cloud LoadBalancer is currently working with the default cache. While this cache implementation is useful for development and tests, it's recommended to use Caffeine cache in production.You can switch to using Caffeine cache, by adding it and org.springframework.cache.caffeine.CaffeineCacheManager to the classpath.
2022-10-13 21:47:53 [restartedMain] INFO  o.s.c.n.eureka.InstanceInfoFactory - Setting initial instance status as: STARTING
2022-10-13 21:47:53 [restartedMain] INFO  c.netflix.discovery.DiscoveryClient - Initializing Eureka in region us-east-1
2022-10-13 21:47:53 [restartedMain] INFO  c.n.d.s.r.aws.ConfigClusterResolver - Resolving eureka endpoints via configuration
2022-10-13 21:47:53 [restartedMain] INFO  c.netflix.discovery.DiscoveryClient - Disable delta property : false
2022-10-13 21:47:53 [restartedMain] INFO  c.netflix.discovery.DiscoveryClient - Single vip registry refresh property : null
2022-10-13 21:47:53 [restartedMain] INFO  c.netflix.discovery.DiscoveryClient - Force full registry fetch : false
2022-10-13 21:47:53 [restartedMain] INFO  c.netflix.discovery.DiscoveryClient - Application is null : false
2022-10-13 21:47:53 [restartedMain] INFO  c.netflix.discovery.DiscoveryClient - Registered Applications size is zero : true
2022-10-13 21:47:53 [restartedMain] INFO  c.netflix.discovery.DiscoveryClient - Application version is -1: true
2022-10-13 21:47:53 [restartedMain] INFO  c.netflix.discovery.DiscoveryClient - Getting all instance registry info from the eureka server
2022-10-13 21:47:53 [restartedMain] INFO  c.netflix.discovery.DiscoveryClient - The response status is 200
2022-10-13 21:47:53 [restartedMain] INFO  c.netflix.discovery.DiscoveryClient - Starting heartbeat executor: renew interval is: 30
2022-10-13 21:47:53 [restartedMain] INFO  c.n.discovery.InstanceInfoReplicator - InstanceInfoReplicator onDemand update allowed rate per min is 4
2022-10-13 21:47:53 [restartedMain] INFO  c.netflix.discovery.DiscoveryClient - Discovery Client initialized at timestamp 1665677873579 with initial instances count: 5
2022-10-13 21:47:53 [restartedMain] INFO  o.s.c.n.e.s.EurekaServiceRegistry - Registering application ACCOUNTINFO-API with eureka with status UP
2022-10-13 21:47:53 [restartedMain] INFO  c.netflix.discovery.DiscoveryClient - Saw local status change event StatusChangeEvent [timestamp=1665677873580, current=UP, previous=STARTING]
2022-10-13 21:47:53 [DiscoveryClient-InstanceInfoReplicator-0] INFO  c.netflix.discovery.DiscoveryClient - DiscoveryClient_ACCOUNTINFO-API/192.168.0.7:accountinfo-api:8082: registering service...
2022-10-13 21:47:53 [restartedMain] INFO  o.a.coyote.http11.Http11NioProtocol - Starting ProtocolHandler ["http-nio-8082"]
2022-10-13 21:47:53 [restartedMain] INFO  o.s.b.w.e.tomcat.TomcatWebServer - Tomcat started on port(s): 8082 (http) with context path ''
2022-10-13 21:47:53 [restartedMain] INFO  o.s.c.n.e.s.EurekaAutoServiceRegistration - Updating port to 8082
2022-10-13 21:47:53 [DiscoveryClient-InstanceInfoReplicator-0] INFO  c.netflix.discovery.DiscoveryClient - DiscoveryClient_ACCOUNTINFO-API/192.168.0.7:accountinfo-api:8082 - registration status: 204
2022-10-13 21:47:53 [restartedMain] INFO  c.capstone.AccountinfoApiApplication - Started AccountinfoApiApplication in 0.854 seconds (JVM running for 36521.383)
2022-10-13 21:47:53 [restartedMain] INFO  o.s.b.d.a.ConditionEvaluationDeltaLoggingListener - Condition evaluation unchanged
2022-10-13 21:48:13 [http-nio-8082-exec-2] INFO  o.a.c.c.C.[Tomcat].[localhost].[/] - Initializing Spring DispatcherServlet 'dispatcherServlet'
2022-10-13 21:48:13 [http-nio-8082-exec-2] INFO  o.s.web.servlet.DispatcherServlet - Initializing Servlet 'dispatcherServlet'
2022-10-13 21:48:13 [http-nio-8082-exec-2] INFO  o.s.web.servlet.DispatcherServlet - Completed initialization in 3 ms
2022-10-13 21:48:13 [http-nio-8082-exec-2] INFO  com.capstone.aspect.LoggerAspect - Method name: com.capstone.controller.accountinfoController
2022-10-13 21:48:13 [http-nio-8082-exec-2] INFO  com.capstone.aspect.LoggerAspect - Method arguments:[Ljava.lang.Object;@1d5347fb
2022-10-13 21:48:13 [http-nio-8082-exec-2] INFO  com.capstone.aspect.LoggerAspect - *************************************
2022-10-13 21:48:13 [http-nio-8082-exec-2] INFO  com.capstone.aspect.LoggerAspect - Method name: com.capstone.service.accountinfoServiceImpl
2022-10-13 21:48:13 [http-nio-8082-exec-2] INFO  com.capstone.aspect.LoggerAspect - Method arguments:[Ljava.lang.Object;@3ac82fcb
2022-10-13 21:48:13 [http-nio-8082-exec-2] INFO  com.capstone.aspect.LoggerAspect - *************************************
2022-10-13 21:48:13 [http-nio-8082-exec-2] INFO  com.capstone.aspect.LoggerAspect - During: class com.capstone.service.accountinfoServiceImpl.getAcountsByCustId() with arguments=[accountinfo [accno=202200051, custid=202200005, branch_name=Bengaluru, ifsc=NATW000123, savingsamount=3128.0], accountinfo [accno=202200053, custid=202200005, branch_name=Bengaluru, ifsc=NATW000123, savingsamount=150000.0]]
2022-10-13 21:48:13 [http-nio-8082-exec-2] INFO  com.capstone.aspect.LoggerAspect - *************************************
2022-10-13 21:48:13 [http-nio-8082-exec-2] INFO  com.capstone.aspect.LoggerAspect - During: class com.capstone.controller.accountinfoController.getsavingsAccount() with arguments=[accountinfo [accno=202200051, custid=202200005, branch_name=Bengaluru, ifsc=NATW000123, savingsamount=3128.0], accountinfo [accno=202200053, custid=202200005, branch_name=Bengaluru, ifsc=NATW000123, savingsamount=150000.0]]
2022-10-13 21:48:13 [http-nio-8082-exec-2] INFO  com.capstone.aspect.LoggerAspect - *************************************
2022-10-13 21:49:33 [http-nio-8082-exec-5] WARN  o.s.w.s.m.s.DefaultHandlerExceptionResolver - Resolved [org.springframework.web.HttpRequestMethodNotSupportedException: Request method 'POST' not supported]
2022-10-13 21:50:27 [http-nio-8082-exec-6] WARN  o.s.w.s.m.s.DefaultHandlerExceptionResolver - Resolved [org.springframework.web.HttpRequestMethodNotSupportedException: Request method 'POST' not supported]
